Iteration	Replicate_ID	Posterior	Likelihood	Prior	alpha	p_th	sigma2	t_half	theta
0	0	-278.3667	0	-278.3667	0.05026295	0.5629632	0.1175538	13.79042	-6.487103
1	1	223.8489	0	223.8489	0.1677743	0.8480297	0.002086926	4.131427	3.039966
2	0	-277.9482	0	-277.9482	0.08623679	0.7140315	0.1792071	8.03772	-6.431372
3	1	225.2064	0	225.2064	0.1642502	0.8448013	0.002287506	4.22007	3.039966
4	0	-278.233	0	-278.233	0.1040181	0.7587135	0.1807881	6.663718	-6.406202
5	1	225.1378	0	225.1378	0.1215216	0.7916943	0.002037775	5.7039	3.039966
6	0	-279.7217	0	-279.7217	0.1138561	0.7783428	0.1792011	6.087922	-6.469973
7	1	224.1524	0	224.1524	0.1743075	0.8536794	0.002480385	3.976576	3.034486
8	0	-278.1737	0	-278.1737	0.101148	0.7523779	0.195575	6.852799	-6.434886
9	1	224.8327	0	224.8327	0.1941496	0.8685563	0.002890936	3.57017	3.043379
10	0	-277.958	0	-277.958	0.08130617	0.6989728	0.1572421	8.525148	-6.335548
11	1	225.3514	0	225.3514	0.1491514	0.8293123	0.002400611	4.647272	3.043379
12	0	-278.5542	0	-278.5542	0.09199139	0.7300089	0.1800639	7.534914	-6.322733
13	1	225.6153	0	225.6153	0.1223065	0.7929768	0.00178224	5.667297	3.048037
14	0	-278.6181	0	-278.6181	0.08861541	0.7208327	0.1881988	7.821971	-6.362601
15	1	225.2416	0	225.2416	0.1043019	0.7593241	0.001709407	6.645583	3.048037
16	0	-278.2632	0	-278.2632	0.0838624	0.7069477	0.1622397	8.265291	-6.318354
17	1	225.1914	0	225.1914	0.1060055	0.7629304	0.001702678	6.538787	3.038661
18	0	-278.2257	0	-278.2257	0.09761874	0.7441634	0.1740863	7.100554	-6.495703
19	1	222.2567	0	222.2567	0.08798333	0.7190534	0.001679986	7.878165	3.03124
20	0	-277.5011	0	-277.5011	0.08214528	0.7016318	0.1594395	8.438065	-6.386277
21	1	225.526	0	225.526	0.1618812	0.8425547	0.002415833	4.281827	3.045837
22	0	-277.6747	0	-277.6747	0.07858988	0.6900784	0.1588311	8.819802	-6.493274
23	1	224.8282	0	224.8282	0.1888459	0.8648803	0.002881182	3.670438	3.045837
24	0	-278.1566	0	-278.1566	0.06876043	0.6538039	0.1228575	10.08061	-6.420691
25	1	221.5527	0	221.5527	0.2443461	0.8955143	0.004259634	2.836744	3.045837
26	0	-279.0332	0	-279.0332	0.09059501	0.7262791	0.1918679	7.651052	-6.525249
27	1	222.3656	0	222.3656	0.2558391	0.9002055	0.003224378	2.709309	3.045837
28	0	-279.058	0	-279.058	0.09174008	0.7293443	0.1956869	7.555555	-6.344062
29	1	223.725	0	223.725	0.204344	0.8750933	0.003350836	3.392061	3.045837
30	0	-278.25	0	-278.25	0.08962685	0.7236391	0.1860258	7.7337	-6.385214
31	1	224.9695	0	224.9695	0.1783708	0.8569897	0.002772996	3.885991	3.045837
32	0	-278.7713	0	-278.7713	0.06405386	0.6338264	0.1542446	10.82132	-6.37566
33	1	224.581	0	224.581	0.1636659	0.8442531	0.00273571	4.235135	3.045837
34	0	-278.705	0	-278.705	0.1122207	0.7752867	0.2014711	6.176641	-6.469446
35	1	225.3952	0	225.3952	0.1664497	0.8468318	0.002534773	4.164304	3.044639
36	0	-278.5166	0	-278.5166	0.09459578	0.7367292	0.1907515	7.327464	-6.352699
37	1	225.2621	0	225.2621	0.1663223	0.8467155	0.002592818	4.167495	3.044639
38	0	-278.2267	0	-278.2267	0.09260605	0.7316223	0.1574957	7.484902	-6.47989
39	1	224.9369	0	224.9369	0.1261584	0.7990623	0.002175337	5.49426	3.044639
40	0	-277.8142	0	-277.8142	0.07222857	0.6673886	0.1360176	9.596579	-6.506375
41	1	222.3752	0	222.3752	0.1497594	0.8299935	0.001728722	4.628406	3.044639
42	0	-278.2257	0	-278.2257	0.06212816	0.6250964	0.1310128	11.15673	-6.543983
43	1	223.8224	0	223.8224	0.1276847	0.8013813	0.002336781	5.428584	3.048001
44	0	-278.343	0	-278.343	0.06822166	0.6516101	0.1422936	10.16022	-6.557988
45	1	224.5576	0	224.5576	0.198866	0.8716629	0.002799179	3.485499	3.048001
46	0	-280.1622	0	-280.1622	0.1055791	0.762037	0.2235081	6.565196	-6.526788
47	1	224.7939	0	224.7939	0.1759847	0.8550639	0.002363159	3.938679	3.048001
48	0	-278.0923	0	-278.0923	0.05923404	0.6113186	0.1337053	11.70184	-6.359647
49	1	225.4783	0	225.4783	0.1299583	0.8047434	0.002091232	5.333611	3.048001
50	0	-280.4774	0	-280.4774	0.04828072	0.5509821	0.1391088	14.3566	-6.377516
51	1	225.168	0	225.168	0.1691714	0.8492735	0.002607777	4.097306	3.047204
52	0	-277.9379	0	-277.9379	0.08749305	0.7176594	0.171529	7.922312	-6.501516
53	1	224.1112	0	224.1112	0.1992986	0.8719406	0.002600358	3.477933	3.047204
54	0	-279.0091	0	-279.0091	0.08322654	0.7049985	0.1689563	8.328439	-6.283649
55	1	225.7117	0	225.7117	0.1277035	0.8014095	0.0018509	5.427786	3.047204
56	0	-279.3946	0	-279.3946	0.104053	0.7587888	0.1850378	6.661482	-6.302566
57	1	225.7409	0	225.7409	0.1223538	0.7930537	0.001885001	5.665106	3.047204
58	0	-278.4828	0	-278.4828	0.1049826	0.7607769	0.2027765	6.602497	-6.462009
59	1	224.9179	0	224.9179	0.1321469	0.8078794	0.002253532	5.245278	3.047204
60	0	-277.6338	0	-277.6338	0.0826765	0.7032941	0.1585474	8.383848	-6.367567
61	1	225.7782	0	225.7782	0.131044	0.806311	0.001990821	5.289425	3.047204
62	0	-281.5917	0	-281.5917	0.05619179	0.595926	0.1194342	12.33538	-6.176754
63	1	224.7012	0	224.7012	0.0890786	0.7221241	0.001419023	7.781299	3.043937
64	0	-278.0181	0	-278.0181	0.0602844	0.6164131	0.1243216	11.49795	-6.513684
65	1	225.4051	0	225.4051	0.1038863	0.758429	0.001572999	6.672174	3.043937
66	0	-277.3879	0	-277.3879	0.07054963	0.6609263	0.136963	9.824959	-6.452424
67	1	222.9069	0	222.9069	0.07496435	0.6774825	0.001238367	9.246358	3.036479
68	0	-277.9239	0	-277.9239	0.07617032	0.681768	0.1598386	9.099964	-6.505512
69	1	224.4101	0	224.4101	0.1602401	0.8409609	0.002477824	4.325679	3.034597
70	0	-279.6374	0	-279.6374	0.09958686	0.7488038	0.185888	6.960227	-6.278365
71	1	222.9593	0	222.9593	0.1865369	0.8632157	0.003129289	3.715871	3.034597
72	0	-278.1116	0	-278.1116	0.0608829	0.6192675	0.1258665	11.38492	-6.340704
73	1	218.7341	0	218.7341	0.1716175	0.8514038	0.003547337	4.038908	3.034597
74	0	-277.6266	0	-277.6266	0.06090037	0.6193503	0.127423	11.38166	-6.462211
75	1	222.692	0	222.692	0.2239386	0.8860022	0.00347649	3.095256	3.034597
76	0	-278.8542	0	-278.8542	0.09202687	0.7301025	0.1969999	7.532008	-6.48237
77	1	223.1331	0	223.1331	0.2010488	0.8730519	0.003204097	3.447657	3.034597
78	0	-278.5876	0	-278.5876	0.07925074	0.6922837	0.1594384	8.746255	-6.296379
79	1	223.3364	0	223.3364	0.2096409	0.8782417	0.003039269	3.306355	3.034597
80	0	-277.4832	0	-277.4832	0.06607314	0.6426261	0.1386275	10.4906	-6.461936
81	1	224.2775	0	224.2775	0.1660893	0.8465026	0.002327937	4.173341	3.034597
82	0	-278.9875	0	-278.9875	0.1049086	0.7606198	0.168023	6.607153	-6.409675
83	1	224.4614	0	224.4614	0.1632443	0.8438551	0.002389628	4.246072	3.034597
84	0	-283.2672	0	-283.2672	0.09365969	0.7343483	0.219455	7.400699	-6.644827
85	1	225.1172	0	225.1172	0.1143151	0.7791866	0.001639983	6.06348	3.050298
86	0	-282.3989	0	-282.3989	0.09691945	0.7424774	0.1613122	7.151786	-6.20835
87	1	222.4285	0	222.4285	0.1181521	0.786015	0.002322853	5.866566	3.03937
88	0	-278.0731	0	-278.0731	0.05620337	0.5959864	0.1170221	12.33284	-6.389477
89	1	223.6453	0	223.6453	0.2219937	0.8850049	0.002981821	3.122373	3.03937
90	0	-280.7615	0	-280.7615	0.1135006	0.777685	0.2499427	6.10699	-6.429111
91	1	224.4736	0	224.4736	0.1590217	0.8397571	0.002660018	4.358823	3.03937
92	0	-278.3904	0	-278.3904	0.09520948	0.7382695	0.1809041	7.280233	-6.518786
93	1	225.6282	0	225.6282	0.1582169	0.8389523	0.002352148	4.380993	3.044643
94	0	-278.1638	0	-278.1638	0.05181827	0.5720142	0.1179838	13.3765	-6.468654
95	1	224.8134	0	224.8134	0.1876025	0.863989	0.002535735	3.694764	3.044643
96	0	-278.0449	0	-278.0449	0.0820201	0.7012377	0.1576344	8.450943	-6.329888
97	1	225.0039	0	225.0039	0.1285378	0.8026555	0.001701332	5.392554	3.044643
98	0	-279.3896	0	-279.3896	0.1090322	0.7690995	0.1731968	6.357271	-6.469436
99	1	225.2716	0	225.2716	0.1684363	0.8486216	0.002603398	4.115188	3.044643
100	0	-278.2814	0	-278.2814	0.09316343	0.7330705	0.1897651	7.440121	-6.381974
101	1	223.675	0	223.675	0.2218977	0.8849552	0.002885702	3.123725	3.044304
102	0	-280.1776	0	-280.1776	0.09892569	0.7472619	0.1522774	7.006746	-6.512135
103	1	221.1675	0	221.1675	0.1917183	0.8668961	0.002350815	3.615446	3.056597
104	0	-278.7641	0	-278.7641	0.06839577	0.6523216	0.1407236	10.13436	-6.280639
105	1	222.4463	0	222.4463	0.2097936	0.8783301	0.003167027	3.303948	3.056597
106	0	-278.2309	0	-278.2309	0.1062255	0.7633889	0.1937762	6.525245	-6.433531
107	1	223.1549	0	223.1549	0.1820981	0.8598994	0.002805216	3.806448	3.056597
108	0	-280.1861	0	-280.1861	0.09796405	0.7449887	0.1464463	7.075526	-6.405346
109	1	222.1101	0	222.1101	0.1875212	0.8639303	0.002409986	3.696366	3.056597
110	0	-278.605	0	-278.605	0.09080028	0.7268331	0.1912159	7.633756	-6.368089
111	1	222.2254	0	222.2254	0.1583947	0.8391307	0.001990478	4.376077	3.056597
112	0	-281.824	0	-281.824	0.1064702	0.7638971	0.204643	6.510246	-6.216694
113	1	223.4842	0	223.4842	0.1679072	0.8481489	0.002367517	4.128156	3.056597
114	0	-281.1693	0	-281.1693	0.1210715	0.7909519	0.2174631	5.725108	-6.268836
115	1	219.4866	0	219.4866	0.1701995	0.8501761	0.003367499	4.072558	3.056597
116	0	-279.1607	0	-279.1607	0.07609677	0.6815094	0.1699797	9.10876	-6.305123
117	1	222.2064	0	222.2064	0.2199863	0.8839572	0.003218419	3.150865	3.056597
118	0	-277.5932	0	-277.5932	0.07420766	0.6747431	0.1546333	9.340642	-6.387897
119	1	224.1817	0	224.1817	0.1343336	0.8109186	0.00208757	5.159894	3.056597
120	0	-277.4078	0	-277.4078	0.08040795	0.6960809	0.1492595	8.620381	-6.450352
121	1	224.4493	0	224.4493	0.1277943	0.8015458	0.002268374	5.42393	3.046172
122	0	-277.608	0	-277.608	0.07019906	0.6595502	0.1313074	9.874024	-6.407843
123	1	225.6847	0	225.6847	0.1143808	0.779307	0.001787554	6.059996	3.046172
124	0	-279.2206	0	-279.2206	0.07675788	0.6838208	0.1389044	9.030307	-6.583118
125	1	225.3701	0	225.3701	0.1089315	0.768899	0.001799208	6.363147	3.046172
126	0	-278.5587	0	-278.5587	0.06104045	0.6200132	0.1323513	11.35554	-6.564909
127	1	225.6356	0	225.6356	0.1451541	0.8246984	0.002063923	4.77525	3.047137
128	0	-278.2142	0	-278.2142	0.06603301	0.6424546	0.121141	10.49698	-6.480869
129	1	225.1429	0	225.1429	0.1489124	0.829043	0.002429101	4.65473	3.047137
130	0	-278.4126	0	-278.4126	0.05211655	0.573716	0.1142276	13.29994	-6.504681
131	1	225.7858	0	225.7858	0.1286521	0.8028251	0.001951952	5.387765	3.047137
132	0	-279.4119	0	-279.4119	0.05504035	0.5898419	0.1100234	12.59344	-6.562216
133	1	225.0581	0	225.0581	0.1056028	0.7620869	0.001739224	6.563718	3.038454
134	0	-277.8402	0	-277.8402	0.07276226	0.6693993	0.1593579	9.526191	-6.433254
135	1	224.9799	0	224.9799	0.1001072	0.7500053	0.00162209	6.92405	3.038454
136	0	-277.5594	0	-277.5594	0.09050506	0.7260357	0.1668687	7.658657	-6.424657
137	1	223.9869	0	223.9869	0.1017066	0.7536345	0.001857951	6.815163	3.038454
138	0	-281.7934	0	-281.7934	0.08770126	0.7182528	0.1639171	7.903503	-6.185508
139	1	224.8225	0	224.8225	0.1790895	0.85756	0.002654831	3.870395	3.038454
140	0	-278.9632	0	-278.9632	0.1096273	0.7702778	0.2004021	6.322763	-6.344014
141	1	224.6151	0	224.6151	0.1528411	0.8333676	0.002007804	4.535083	3.038454
142	0	-279.1429	0	-279.1429	0.1207433	0.7904077	0.209932	5.740666	-6.393864
143	1	225.5082	0	225.5082	0.1353152	0.8122534	0.002007804	5.122462	3.038454
144	0	-279.3637	0	-279.3637	0.1214408	0.7915613	0.2007207	5.707697	-6.413741
145	1	225.5386	0	225.5386	0.122747	0.7936903	0.001923049	5.646957	3.039318
146	0	-280.7192	0	-280.7192	0.1450538	0.8245795	0.2582701	4.778553	-6.461088
147	1	224.6141	0	224.6141	0.1009648	0.7519631	0.001419178	6.865238	3.042989
148	0	-280.8375	0	-280.8375	0.1158258	0.7819228	0.2505402	5.984393	-6.366469
149	1	225.5398	0	225.5398	0.10791	0.7668467	0.001717877	6.423385	3.042989
150	0	-279.2792	0	-279.2792	0.1165114	0.7831439	0.2035868	5.949177	-6.498043
151	1	225.2092	0	225.2092	0.1001201	0.7500349	0.001651422	6.92316	3.042989
152	0	-278.9055	0	-278.9055	0.1091766	0.7693864	0.2090482	6.348862	-6.489986
153	1	221.2947	0	221.2947	0.1607815	0.8414902	0.002618415	4.311113	3.062771
154	0	-277.9319	0	-277.9319	0.08333482	0.705332	0.1428866	8.317618	-6.429537
155	1	224.6591	0	224.6591	0.1472553	0.8271533	0.002025225	4.707112	3.035783
156	0	-278.5869	0	-278.5869	0.1079363	0.7669	0.2042113	6.42182	-6.469416
157	1	220.5017	0	220.5017	0.2143691	0.8809218	0.00407743	3.233428	3.042611
158	0	-280.3103	0	-280.3103	0.1063475	0.7636426	0.1839534	6.517756	-6.578658
159	1	224.8033	0	224.8033	0.131103	0.8063956	0.001883305	5.287043	3.034865
160	0	-278.278	0	-278.278	0.09741069	0.7436638	0.1625933	7.11572	-6.423096
161	1	224.4027	0	224.4027	0.1003698	0.7506078	0.0016728	6.905934	3.034865
162	0	-280.7073	0	-280.7073	0.05726355	0.6014595	0.101153	12.10451	-6.521744
163	1	223.818	0	223.818	0.0871686	0.7167302	0.001401138	7.951799	3.034918
164	0	-279.0476	0	-279.0476	0.04433248	0.5255293	0.1072448	15.6352	-6.504532
165	1	225.2044	0	225.2044	0.1169994	0.7840053	0.001734089	5.924365	3.037118
166	0	-277.5382	0	-277.5382	0.062966	0.6289363	0.1340567	11.00828	-6.45299
167	1	224.9653	0	224.9653	0.1365057	0.8138482	0.002217258	5.077788	3.037118
168	0	-277.4574	0	-277.4574	0.07862913	0.6902101	0.1555837	8.815399	-6.472396
169	1	223.6293	0	223.6293	0.1169107	0.7838492	0.002148209	5.92886	3.037118
170	0	-277.9002	0	-277.9002	0.07218326	0.6672169	0.1464437	9.602602	-6.527282
171	1	225.7254	0	225.7254	0.134768	0.8115115	0.001962519	5.143262	3.040897
172	0	-278.3608	0	-278.3608	0.04979189	0.560162	0.1184364	13.92088	-6.472529
173	1	224.7052	0	224.7052	0.1347622	0.8115036	0.00232308	5.143483	3.040897
174	0	-277.3885	0	-277.3885	0.07340312	0.6717869	0.15072	9.44302	-6.43995
175	1	225.7956	0	225.7956	0.1234294	0.7947863	0.001924962	5.615737	3.043437
176	0	-279.5798	0	-279.5798	0.09980138	0.7493004	0.15402	6.945266	-6.462265
177	1	224.5545	0	224.5545	0.2074291	0.8769464	0.00295716	3.34161	3.043437
178	0	-277.3632	0	-277.3632	0.07558446	0.6796983	0.145541	9.170499	-6.461529
179	1	225.3054	0	225.3054	0.1503723	0.8306751	0.00242658	4.609539	3.043437
180	0	-279.6002	0	-279.6002	0.05847385	0.6075624	0.1357434	11.85397	-6.257242
181	1	224.1401	0	224.1401	0.1539609	0.8345616	0.002694974	4.502098	3.043437
182	0	-277.6337	0	-277.6337	0.07739257	0.6860131	0.1489254	8.956249	-6.501139
183	1	224.9424	0	224.9424	0.1605759	0.8412896	0.002627799	4.316634	3.043437
184	0	-281.4886	0	-281.4886	0.09434432	0.7360933	0.2294529	7.346995	-6.393931
185	1	223.7384	0	223.7384	0.175944	0.8550305	0.00220321	3.939591	3.039024
186	0	-278.2924	0	-278.2924	0.07746253	0.6862531	0.1630266	8.948161	-6.532583
187	1	225.3944	0	225.3944	0.1539374	0.8345367	0.002252681	4.502787	3.039024
188	0	-278.646	0	-278.646	0.0747225	0.6766112	0.1272013	9.276285	-6.372632
189	1	224.7676	0	224.7676	0.161157	0.8418553	0.002262541	4.301067	3.051918
190	0	-277.9481	0	-277.9481	0.0902734	0.7254071	0.1576518	7.67831	-6.380092
191	1	225.4756	0	225.4756	0.1435438	0.8227712	0.002303694	4.828819	3.044852
192	0	-279.9809	0	-279.9809	0.09487171	0.7374237	0.216357	7.306152	-6.426268
193	1	223.9652	0	223.9652	0.1899223	0.8656427	0.002651493	3.649636	3.035503
194	0	-281.5808	0	-281.5808	0.06558638	0.6405372	0.134365	10.56846	-6.696548
195	1	224.1129	0	224.1129	0.1877323	0.8640825	0.002731269	3.69221	3.035503
196	0	-278.6034	0	-278.6034	0.09778106	0.7445519	0.1806267	7.088767	-6.327345
197	1	224.8564	0	224.8564	0.1450235	0.8245436	0.002254019	4.779551	3.035503
198	0	-278.7639	0	-278.7639	0.0961619	0.7406282	0.2014328	7.208127	-6.469648
199	1	224.1893	0	224.1893	0.1096559	0.7703342	0.00152538	6.321111	3.035503
200	0	-280.3403	0	-280.3403	0.110454	0.7718966	0.2129562	6.27544	-6.570087
201	1	224.6601	0	224.6601	0.126185	0.7991031	0.001756252	5.493103	3.035503
202	0	-278.7794	0	-278.7794	0.1087677	0.7685721	0.2076919	6.37273	-6.370632
203	1	223.6103	0	223.6103	0.1239528	0.7956196	0.001605503	5.592025	3.035503
204	0	-278.2084	0	-278.2084	0.0998747	0.7494697	0.1774672	6.940168	-6.370632
205	1	223.9313	0	223.9313	0.08902819	0.7219841	0.001390539	7.785704	3.035503
206	0	-279.5498	0	-279.5498	0.08297646	0.7042257	0.192423	8.35354	-6.489391
207	1	224.7352	0	224.7352	0.1134224	0.7775398	0.001872442	6.111201	3.035503
208	0	-281.5071	0	-281.5071	0.09903012	0.7475066	0.1733772	6.999357	-6.219516
209	1	224.9851	0	224.9851	0.1314785	0.8069318	0.001909339	5.271944	3.035503
210	0	-277.412	0	-277.412	0.08123393	0.698742	0.1497032	8.53273	-6.421271
211	1	225.6635	0	225.6635	0.1521684	0.8326421	0.002160562	4.555133	3.044999
212	0	-279.9448	0	-279.9448	0.0982125	0.7455795	0.2183255	7.057627	-6.371707
213	1	225.0211	0	225.0211	0.179678	0.8580237	0.002722252	3.857718	3.041198
214	0	-279.2829	0	-279.2829	0.1189247	0.7873426	0.2030229	5.828453	-6.370519
215	1	222.2778	0	222.2778	0.1147686	0.7800147	0.002288304	6.039521	3.047563
216	0	-278.522	0	-278.522	0.07573697	0.6802393	0.1695994	9.152032	-6.498911
217	1	224.9401	0	224.9401	0.09558818	0.7392119	0.001592662	7.25139	3.047563
218	0	-277.3813	0	-277.3813	0.08215413	0.7016596	0.1534825	8.437156	-6.417882
219	1	223.8052	0	223.8052	0.1658492	0.8462826	0.002887961	4.179383	3.047563
220	0	-277.4024	0	-277.4024	0.07889117	0.6910871	0.1533978	8.786118	-6.466826
221	1	222.69	0	222.69	0.1456977	0.8253399	0.002040179	4.757435	3.059905
222	0	-279.194	0	-279.194	0.05638568	0.5969362	0.1247632	12.29297	-6.595544
223	1	222.776	0	222.776	0.1177489	0.7853159	0.001491695	5.886657	3.034815
224	0	-277.718	0	-277.718	0.09335522	0.7335657	0.173203	7.424836	-6.457595
225	1	225.1411	0	225.1411	0.1073006	0.7656066	0.001562501	6.459864	3.048808
226	0	-281.5385	0	-281.5385	0.1354625	0.8124521	0.2196768	5.116892	-6.312608
227	1	225.3969	0	225.3969	0.1175898	0.785039	0.001910616	5.894618	3.048661
228	0	-284.1208	0	-284.1208	0.1206254	0.7902114	0.2882233	5.746278	-6.538747
229	1	224.8627	0	224.8627	0.1229269	0.7939803	0.002108808	5.638692	3.048661
230	0	-279.9807	0	-279.9807	0.1303806	0.805356	0.249296	5.316338	-6.437445
231	1	224.9676	0	224.9676	0.1779966	0.8566911	0.002507548	3.894159	3.048661
232	0	-280.4978	0	-280.4978	0.1391752	0.817332	0.2639523	4.980392	-6.432843
233	1	225.3579	0	225.3579	0.1705233	0.8504582	0.002421816	4.064825	3.045888
234	0	-280.5247	0	-280.5247	0.1055734	0.7620252	0.1574541	6.565545	-6.478364
235	1	222.3974	0	222.3974	0.1981765	0.8712179	0.002327158	3.497625	3.045888
236	0	-282.2209	0	-282.2209	0.08076299	0.6972297	0.2109561	8.582485	-6.50037
237	1	224.5047	0	224.5047	0.2050785	0.8755395	0.003064118	3.379911	3.045888
238	0	-277.885	0	-277.885	0.07428607	0.6750288	0.1316227	9.330782	-6.447696
239	1	225.1339	0	225.1339	0.1625614	0.8432063	0.002177563	4.26391	3.045888
240	0	-278.5616	0	-278.5616	0.09733554	0.743483	0.1967737	7.121214	-6.487448
241	1	224.8933	0	224.8933	0.1682234	0.8484317	0.002713029	4.120398	3.045888
242	0	-277.7876	0	-277.7876	0.08400217	0.7073731	0.1473481	8.251539	-6.463489
243	1	222.3344	0	222.3344	0.1538032	0.8343945	0.002353116	4.506714	3.061284
244	0	-277.5816	0	-277.5816	0.06142898	0.6218418	0.1297241	11.28372	-6.41146
245	1	223.8539	0	223.8539	0.1065452	0.7640523	0.001817854	6.505666	3.032265
246	0	-278.6634	0	-278.6634	0.06824903	0.651722	0.1621231	10.15615	-6.433132
247	1	220.9326	0	220.9326	0.1078546	0.7667345	0.001401361	6.426684	3.028451
248	0	-277.3636	0	-277.3636	0.08130531	0.6989701	0.15267	8.525239	-6.418201
249	1	222.6975	0	222.6975	0.09602274	0.740286	0.001509899	7.218573	3.060776
250	0	-279.5706	0	-279.5706	0.06566822	0.6408898	0.1655957	10.55529	-6.402472
251	1	223.0401	0	223.0401	0.1133799	0.7774607	0.001818753	6.113495	3.060776
252	0	-284.3653	0	-284.3653	0.0889326	0.7217182	0.1231655	7.794073	-6.300251
253	1	225.6948	0	225.6948	0.1244517	0.796408	0.001981039	5.569607	3.042905
254	0	-279.7054	0	-279.7054	0.05624338	0.5961952	0.1188496	12.32407	-6.615044
255	1	224.7278	0	224.7278	0.1574384	0.8381661	0.002088963	4.402656	3.049729
256	0	-278.9417	0	-278.9417	0.0458431	0.5355273	0.1040065	15.11999	-6.463711
257	1	225.0351	0	225.0351	0.1117238	0.7743426	0.001742635	6.204115	3.052434
258	0	-279.958	0	-279.958	0.04843101	0.5519085	0.1144931	14.31205	-6.614656
259	1	220.7305	0	220.7305	0.066473	0.6443271	0.001434663	10.4275	3.052759
260	0	-280.7803	0	-280.7803	0.05070567	0.5655701	0.1452133	13.67001	-6.355784
261	1	223.6744	0	223.6744	0.09442909	0.736308	0.001355071	7.340399	3.052759
262	0	-280.3838	0	-280.3838	0.08396345	0.7072553	0.1281756	8.255344	-6.36572
263	1	225.0022	0	225.0022	0.09464022	0.7368412	0.001570441	7.324024	3.043832
264	0	-277.7998	0	-277.7998	0.09199085	0.7300075	0.1810919	7.534958	-6.421565
265	1	225.7605	0	225.7605	0.1371436	0.8146921	0.001949738	5.054171	3.043832
266	0	-279.4453	0	-279.4453	0.1129995	0.7767517	0.2152018	6.134072	-6.51607
267	1	224.3628	0	224.3628	0.2066902	0.8765076	0.003167673	3.353556	3.043832
268	0	-281.5393	0	-281.5393	0.1093636	0.7697571	0.1690305	6.338007	-6.28611
269	1	225.7331	0	225.7331	0.1515872	0.8320105	0.002243547	4.572597	3.044792
270	0	-277.6018	0	-277.6018	0.06118009	0.620672	0.1324196	11.32962	-6.423358
271	1	224.1227	0	224.1227	0.2197787	0.8838477	0.003008742	3.153842	3.044792
272	0	-277.6165	0	-277.6165	0.06339287	0.6308679	0.1372771	10.93415	-6.403115
273	1	221.8775	0	221.8775	0.2901993	0.9120185	0.003869219	2.388521	3.047594
274	0	-278.8727	0	-278.8727	0.05079171	0.566074	0.1304841	13.64686	-6.476939
275	1	223.5758	0	223.5758	0.1926374	0.8675285	0.002400519	3.598197	3.047594
276	0	-279.2863	0	-279.2863	0.05162	0.570877	0.1313189	13.42788	-6.54721
277	1	224.5878	0	224.5878	0.2010758	0.8730689	0.002801288	3.447194	3.046624
278	0	-280.6425	0	-280.6425	0.07048676	0.6606802	0.1353215	9.833722	-6.209648
279	1	225.3142	0	225.3142	0.1672802	0.847585	0.002545216	4.14363	3.046624
280	0	-277.8643	0	-277.8643	0.0734528	0.6719708	0.1574202	9.436633	-6.373103
281	1	224.3829	0	224.3829	0.2070918	0.8767465	0.002846069	3.347052	3.046624
282	0	-278.1847	0	-278.1847	0.0944608	0.7363882	0.1856654	7.337934	-6.366106
283	1	225.1109	0	225.1109	0.1718692	0.8516196	0.002346815	4.032993	3.046624
284	0	-277.4515	0	-277.4515	0.06815469	0.6513357	0.1346832	10.17021	-6.399708
285	1	225.48	0	225.48	0.1636351	0.844224	0.002377901	4.235933	3.046624
286	0	-278.2683	0	-278.2683	0.09691827	0.7424745	0.1820265	7.151873	-6.504509
287	1	224.2266	0	224.2266	0.2047868	0.8753627	0.002726227	3.384727	3.046624
288	0	-278.0461	0	-278.0461	0.05351425	0.5815489	0.122535	12.95257	-6.40752
289	1	224.6383	0	224.6383	0.1709091	0.850793	0.002219687	4.055648	3.046624
290	0	-279.6558	0	-279.6558	0.04802275	0.5493849	0.1266268	14.43373	-6.314884
291	1	225.7869	0	225.7869	0.1231247	0.7942983	0.001884381	5.629634	3.046624
292	0	-278.0101	0	-278.0101	0.1003839	0.75064	0.1767723	6.904966	-6.415027
293	1	225.2477	0	225.2477	0.1460859	0.8257953	0.002377658	4.744791	3.046624
294	0	-277.7792	0	-277.7792	0.0675703	0.6489265	0.1261276	10.25816	-6.410018
295	1	225.5893	0	225.5893	0.1420671	0.8209676	0.002233586	4.879014	3.046624
296	0	-278.3873	0	-278.3873	0.06572813	0.6411476	0.1533536	10.54567	-6.383467
297	1	224.1078	0	224.1078	0.1649242	0.8454291	0.002603663	4.202823	3.054076
298	0	-278.0331	0	-278.0331	0.092605	0.7316195	0.1767933	7.484986	-6.498075
299	1	222.0835	0	222.0835	0.2484952	0.8972578	0.003692402	2.789379	3.054076
300	0	-277.8485	0	-277.8485	0.09424347	0.7358376	0.1703689	7.354857	-6.4712
301	1	221.8057	0	221.8057	0.1771836	0.8560379	0.003255874	3.912028	3.052723
302	0	-280.9895	0	-280.9895	0.04875668	0.5539057	0.1442086	14.21645	-6.39821
303	1	224.9929	0	224.9929	0.1448198	0.8243016	0.002151544	4.786273	3.052723
304	0	-278.2989	0	-278.2989	0.06819837	0.6515147	0.1212196	10.16369	-6.451847
305	1	223.5257	0	223.5257	0.1075141	0.7660424	0.001983004	6.447037	3.052723
306	0	-278.1646	0	-278.1646	0.06695547	0.6463617	0.1431932	10.35236	-6.326117
307	1	224.393	0	224.393	0.1323521	0.8081686	0.00224197	5.237144	3.052723
308	0	-277.3392	0	-277.3392	0.07631173	0.6822641	0.1459898	9.083102	-6.409886
309	1	224.4222	0	224.4222	0.1526865	0.8332014	0.002062205	4.539674	3.052723
310	0	-277.8344	0	-277.8344	0.06767258	0.6493501	0.1251089	10.24266	-6.439568
311	1	225.0033	0	225.0033	0.1419839	0.820865	0.00216292	4.881872	3.052723
312	0	-277.4143	0	-277.4143	0.07264549	0.6689611	0.1388673	9.541503	-6.460308
313	1	224.813	0	224.813	0.1841036	0.8614172	0.002864557	3.764983	3.045994
314	0	-277.9339	0	-277.9339	0.08487504	0.7100059	0.1636585	8.166679	-6.34423
315	1	224.6766	0	224.6766	0.1932997	0.8679806	0.002969958	3.585867	3.0426
316	0	-277.6459	0	-277.6459	0.06180497	0.6235977	0.1244141	11.21507	-6.422571
317	1	221.1313	0	221.1313	0.2454828	0.8959978	0.003084575	2.823608	3.034105
318	0	-277.8635	0	-277.8635	0.05843455	0.6073666	0.130852	11.86194	-6.476637
319	1	221.6738	0	221.6738	0.2523355	0.8988206	0.003956386	2.746927	3.034105
320	0	-278.8073	0	-278.8073	0.06725303	0.6476068	0.1576926	10.30656	-6.51984
321	1	220.2609	0	220.2609	0.3098499	0.9175978	0.00468917	2.237042	3.034105
322	0	-277.8683	0	-277.8683	0.06202565	0.6246221	0.1276792	11.17517	-6.507362
323	1	220.9186	0	220.9186	0.2403622	0.8937837	0.00310891	2.883761	3.031789
324	0	-277.5497	0	-277.5497	0.0903447	0.7256008	0.1677635	7.67225	-6.427859
325	1	222.0593	0	222.0593	0.1763356	0.8553503	0.003064647	3.93084	3.031684
326	0	-277.8066	0	-277.8066	0.0941023	0.7354788	0.1801115	7.36589	-6.400928
327	1	222.3449	0	222.3449	0.1670723	0.8473972	0.002902527	4.148785	3.031684
328	0	-278.7743	0	-278.7743	0.08984713	0.7242437	0.1527399	7.714739	-6.52739
329	1	224.2137	0	224.2137	0.2105093	0.8787429	0.002837601	3.292715	3.042069
330	0	-281.4982	0	-281.4982	0.07130243	0.6638497	0.1641743	9.721229	-6.670404
331	1	225.7514	0	225.7514	0.1454557	0.8250549	0.002124013	4.765349	3.042069
332	0	-278.2153	0	-278.2153	0.08925638	0.722617	0.1825699	7.7658	-6.366632
333	1	225.4794	0	225.4794	0.1521119	0.832581	0.002102903	4.556823	3.042069
334	0	-279.9773	0	-279.9773	0.1262846	0.7992558	0.2461277	5.488772	-6.385401
335	1	223.7961	0	223.7961	0.2090957	0.8779249	0.002756765	3.314976	3.039286
336	0	-278.6105	0	-278.6105	0.05978679	0.6140132	0.1116762	11.59365	-6.417743
337	1	223.7648	0	223.7648	0.1991037	0.8718156	0.00256477	3.481338	3.039286
338	0	-277.5488	0	-277.5488	0.08244388	0.7025682	0.1658744	8.407503	-6.408846
339	1	224.5586	0	224.5586	0.1949608	0.8691012	0.002870502	3.555316	3.039286
340	0	-278.0328	0	-278.0328	0.07766188	0.6869354	0.1680461	8.925192	-6.470961
341	1	223.5143	0	223.5143	0.2286262	0.8883367	0.003094596	3.031792	3.039286
342	0	-278.1985	0	-278.1985	0.07994536	0.6945727	0.1401996	8.670262	-6.506672
343	1	222.4723	0	222.4723	0.2603181	0.9019219	0.003435004	2.662693	3.039286
344	0	-278.0419	0	-278.0419	0.09118915	0.7278771	0.1547927	7.601203	-6.448097
345	1	223.73	0	223.73	0.2070828	0.8767411	0.002700527	3.347199	3.039286
346	0	-280.1077	0	-280.1077	0.1033035	0.7571638	0.1571487	6.709812	-6.369629
347	1	224.2017	0	224.2017	0.1955468	0.869492	0.003071168	3.544662	3.039286
348	0	-278.7573	0	-278.7573	0.07191409	0.666194	0.1223103	9.638544	-6.473442
349	1	225.5925	0	225.5925	0.1398746	0.8182241	0.002116785	4.955491	3.039525
350	0	-281.0367	0	-281.0367	0.07103752	0.6628258	0.1130575	9.75748	-6.534868
351	1	225.4647	0	225.4647	0.1680866	0.8483095	0.002468646	4.123751	3.044555
352	0	-278.8548	0	-278.8548	0.0937414	0.7345577	0.1736705	7.394248	-6.55347
353	1	224.6997	0	224.6997	0.1423952	0.8213714	0.002432796	4.867771	3.047304
354	0	-278.3957	0	-278.3957	0.1075352	0.7660855	0.2024759	6.44577	-6.418425
355	1	225.5711	0	225.5711	0.1509046	0.8312627	0.002300413	4.593281	3.047304
356	0	-278.2835	0	-278.2835	0.09159341	0.7289551	0.1581389	7.567653	-6.356256
357	1	224.1711	0	224.1711	0.1662294	0.8466307	0.002831293	4.169824	3.047304
358	0	-278.141	0	-278.141	0.07805707	0.6882805	0.1341359	8.880006	-6.463034
359	1	224.2864	0	224.2864	0.1886028	0.8647069	0.003041701	3.675169	3.047304
360	0	-278.6674	0	-278.6674	0.1131932	0.7771132	0.2052443	6.123578	-6.452539
361	1	225.4538	0	225.4538	0.1609959	0.8416988	0.002300381	4.305372	3.047304
362	0	-277.886	0	-277.886	0.07709924	0.6850031	0.1464722	8.990324	-6.339763
363	1	225.0472	0	225.0472	0.1101884	0.771379	0.001882768	6.290562	3.047304
364	0	-278.5912	0	-278.5912	0.09623949	0.7408187	0.1901894	7.202316	-6.514956
365	1	223.3648	0	223.3648	0.1429458	0.8220451	0.0026338	4.84902	3.047304
366	0	-277.662	0	-277.662	0.08303303	0.7044008	0.1542019	8.347849	-6.49113
367	1	224.3579	0	224.3579	0.2088659	0.8777909	0.003082446	3.318624	3.047304
368	0	-278.3101	0	-278.3101	0.07162054	0.6650724	0.1333131	9.67805	-6.325163
369	1	224.4297	0	224.4297	0.2042197	0.8750175	0.003059423	3.394126	3.047304
370	0	-282.1056	0	-282.1056	0.1364254	0.8137414	0.1995705	5.080778	-6.38288
371	1	223.1339	0	223.1339	0.16288	0.8435096	0.002954302	4.25557	3.047304
372	0	-277.8482	0	-277.8482	0.07028642	0.659894	0.1527653	9.86175	-6.486359
373	1	224.4763	0	224.4763	0.1437056	0.8229666	0.002487906	4.823383	3.047304
374	0	-280.7855	0	-280.7855	0.05227256	0.5746019	0.150091	13.26025	-6.446786
375	1	225.2652	0	225.2652	0.1581498	0.8388848	0.002487906	4.382851	3.047304
376	0	-278.679	0	-278.679	0.1145473	0.7796113	0.2069739	6.05119	-6.425143
377	1	221.966	0	221.966	0.2246347	0.886355	0.002665977	3.085664	3.047304
378	0	-279.1287	0	-279.1287	0.1062371	0.7634131	0.1768907	6.524531	-6.346996
379	1	224.5374	0	224.5374	0.163294	0.8439021	0.002098454	4.24478	3.047304
380	0	-285.2262	0	-285.2262	0.09191037	0.729795	0.2536752	7.541556	-6.362661
381	1	224.9944	0	224.9944	0.180485	0.8586546	0.002507156	3.840469	3.047304
382	0	-277.6924	0	-277.6924	0.08603741	0.7134483	0.159345	8.056346	-6.370863
383	1	223.7312	0	223.7312	0.1614426	0.8421319	0.002845244	4.293459	3.047304
384	0	-277.9055	0	-277.9055	0.06652758	0.6445582	0.149931	10.41894	-6.418781
385	1	224.9601	0	224.9601	0.1347718	0.8115167	0.002282224	5.143116	3.047304
386	0	-278.5676	0	-278.5676	0.05006965	0.5618171	0.1225274	13.84366	-6.376066
387	1	225.3137	0	225.3137	0.1025435	0.7554956	0.001644729	6.759545	3.047304
388	0	-277.6059	0	-277.6059	0.081669	0.7001276	0.1493237	8.487274	-6.478008
389	1	224.9962	0	224.9962	0.09550709	0.7390106	0.001489229	7.257547	3.047304
390	0	-279.505	0	-279.505	0.1220042	0.7924847	0.2031347	5.681337	-6.467189
391	1	224.8603	0	224.8603	0.1490083	0.8291512	0.002489095	4.651735	3.047304
392	0	-278.5969	0	-278.5969	0.1120583	0.774979	0.1977057	6.185593	-6.400478
393	1	224.9063	0	224.9063	0.1900961	0.865765	0.002702717	3.646298	3.041704
394	0	-278.2051	0	-278.2051	0.1020768	0.7544609	0.191997	6.790447	-6.386873
395	1	225.3652	0	225.3652	0.1406504	0.8192041	0.002281778	4.928156	3.041704
396	0	-279.9133	0	-279.9133	0.09224078	0.7306656	0.1951467	7.514541	-6.28257
397	1	225.4929	0	225.4929	0.1391041	0.8172408	0.002018407	4.982937	3.049676
398	0	-278.8983	0	-278.8983	0.1054588	0.7617839	0.2138391	6.572683	-6.404688
399	1	223.1711	0	223.1711	0.09651714	0.7414983	0.001860178	7.181597	3.049676
400	0	-279.7228	0	-279.7228	0.05164109	0.5709982	0.1127452	13.4224	-6.602347
401	1	223.4464	0	223.4464	0.2259072	0.8869943	0.003463257	3.068283	3.049676
402	0	-278.8193	0	-278.8193	0.09644232	0.7413155	0.1893051	7.187168	-6.321633
403	1	222.6916	0	222.6916	0.2291166	0.8885754	0.003630493	3.025303	3.036122
404	0	-277.7462	0	-277.7462	0.07934946	0.6926108	0.1458671	8.735374	-6.497845
405	1	218.7861	0	218.7861	0.216829	0.8822702	0.004284785	3.196746	3.036122
406	0	-278.8351	0	-278.8351	0.1076936	0.7664078	0.1846164	6.43629	-6.357358
407	1	223.387	0	223.387	0.2455005	0.8960053	0.003570009	2.823404	3.040888
408	0	-277.9995	0	-277.9995	0.0629185	0.6287203	0.1448537	11.01659	-6.422628
409	1	223.4087	0	223.4087	0.2407596	0.8939589	0.00361525	2.879002	3.040888
410	0	-277.7273	0	-277.7273	0.08115067	0.6984756	0.1462078	8.541484	-6.377338
411	1	225.6262	0	225.6262	0.1432139	0.8223713	0.002254609	4.839943	3.044516
412	0	-279.4527	0	-279.4527	0.0755116	0.6794393	0.170302	9.179347	-6.57067
413	1	225.754	0	225.754	0.1211636	0.7911042	0.001910156	5.720756	3.044516
414	0	-277.9961	0	-277.9961	0.0549704	0.5894676	0.1172829	12.60946	-6.41093
415	1	225.0732	0	225.0732	0.1337226	0.8100787	0.002263362	5.18347	3.044516
416	0	-277.836	0	-277.836	0.08107694	0.6982393	0.1517735	8.549252	-6.347844
417	1	221.6686	0	221.6686	0.07067445	0.6614139	0.001269257	9.807607	3.030481
418	0	-278.5615	0	-278.5615	0.0903278	0.7255549	0.1919416	7.673686	-6.38735
419	1	223.8598	0	223.8598	0.1293117	0.8037981	0.001999566	5.360284	3.030481
420	0	-277.7255	0	-277.7255	0.09524698	0.7383631	0.1746115	7.277366	-6.433909
421	1	224.695	0	224.695	0.1249541	0.7971962	0.001933391	5.547212	3.054773
422	0	-280.3741	0	-280.3741	0.09850309	0.7462674	0.1524332	7.036807	-6.529938
423	1	223.6569	0	223.6569	0.1528017	0.8333252	0.002624441	4.536254	3.053288
424	0	-281.2843	0	-281.2843	0.07970911	0.6937975	0.130185	8.695959	-6.254054
425	1	224.6641	0	224.6641	0.1498618	0.8301078	0.002112121	4.625242	3.053288
426	0	-281.5266	0	-281.5266	0.1469261	0.826773	0.2858582	4.717658	-6.479103
427	1	224.417	0	224.417	0.1005577	0.7510372	0.001504965	6.893032	3.053288
428	0	-282.5067	0	-282.5067	0.1534852	0.8340564	0.3159339	4.516052	-6.388062
429	1	223.5189	0	223.5189	0.0865264	0.7148751	0.001264347	8.010818	3.039331
430	0	-278.2578	0	-278.2578	0.1043006	0.7593212	0.1829819	6.645669	-6.39491
431	1	225.1975	0	225.1975	0.1086864	0.7684096	0.001788414	6.377496	3.039331
432	0	-280.2016	0	-280.2016	0.1030018	0.7565041	0.1578649	6.729465	-6.503311
433	1	223.7322	0	223.7322	0.1063447	0.7636366	0.001981578	6.517932	3.039331
434	0	-277.5405	0	-277.5405	0.08584425	0.7128812	0.1555957	8.074474	-6.406645
435	1	224.8199	0	224.8199	0.101389	0.7529215	0.001731826	6.83651	3.039331
436	0	-279.3405	0	-279.3405	0.09982223	0.7493486	0.1712888	6.943816	-6.548269
437	1	224.3565	0	224.3565	0.1487652	0.8288767	0.002306041	4.659337	3.033396
438	0	-279.2684	0	-279.2684	0.08916048	0.7223513	0.1884932	7.774153	-6.550317
439	1	224.4661	0	224.4661	0.2074915	0.8769833	0.002947332	3.340606	3.041506
440	0	-278.7542	0	-278.7542	0.09259297	0.7315881	0.1700277	7.485959	-6.550163
441	1	223.5629	0	223.5629	0.1608466	0.8415536	0.002867101	4.309367	3.041506
442	0	-277.7389	0	-277.7389	0.06760949	0.6490889	0.1427385	10.25222	-6.502853
443	1	225.4599	0	225.4599	0.1324321	0.8082811	0.00194253	5.23398	3.050281
444	0	-279.2499	0	-279.2499	0.1200488	0.7892468	0.2046094	5.77388	-6.382243
445	1	225.1425	0	225.1425	0.1041457	0.7589884	0.001636926	6.655554	3.050281
446	0	-281.3737	0	-281.3737	0.134087	0.8105804	0.2747573	5.169384	-6.356309
447	1	223.7297	0	223.7297	0.1065717	0.7641072	0.001559309	6.504046	3.031674
448	0	-277.9633	0	-277.9633	0.06395081	0.6333677	0.138524	10.83876	-6.517644
449	1	224.9328	0	224.9328	0.1719081	0.851653	0.002300943	4.03208	3.046889
450	0	-278.3299	0	-278.3299	0.08474352	0.7096118	0.1737956	8.179353	-6.523611
451	1	224.7799	0	224.7799	0.1263115	0.7992971	0.00219265	5.487603	3.046889
452	0	-280.0023	0	-280.0023	0.08923084	0.7225463	0.1989931	7.768023	-6.54899
453	1	225.0144	0	225.0144	0.102939	0.7563663	0.001490154	6.733574	3.046889
454	0	-277.4167	0	-277.4167	0.07442124	0.6755203	0.1524823	9.313836	-6.451425
455	1	225.3944	0	225.3944	0.1673662	0.8476626	0.002430052	4.1415	3.046889
456	0	-277.611	0	-277.611	0.07342934	0.6718839	0.1523006	9.439649	-6.485435
457	1	224.5806	0	224.5806	0.195306	0.8693317	0.002653513	3.549032	3.046889
458	0	-277.8811	0	-277.8811	0.08721612	0.7168666	0.1523006	7.947467	-6.472593
459	1	224.8954	0	224.8954	0.1533408	0.8339024	0.002539655	4.520305	3.046889
460	0	-278.7111	0	-278.7111	0.06379813	0.6326864	0.1374105	10.86469	-6.289665
461	1	225.6478	0	225.6478	0.1155648	0.7814546	0.001847733	5.997911	3.043298
462	0	-278.9486	0	-278.9486	0.06642913	0.6441411	0.1216785	10.43439	-6.548953
463	1	224.631	0	224.631	0.1316091	0.8071177	0.001695428	5.266712	3.043298
464	0	-278.7949	0	-278.7949	0.05834289	0.6069094	0.1149316	11.88058	-6.538729
465	1	224.8352	0	224.8352	0.1885442	0.8646651	0.002889517	3.676312	3.043298
466	0	-279.2094	0	-279.2094	0.04253987	0.5132258	0.1081182	16.29406	-6.370256
467	1	223.4425	0	223.4425	0.1669685	0.8473031	0.002968397	4.151366	3.046808
468	0	-281.0437	0	-281.0437	0.1320801	0.8077851	0.2525358	5.247932	-6.529595
469	1	225.3364	0	225.3364	0.1517284	0.8321644	0.002414056	4.568341	3.046808
470	0	-281.4289	0	-281.4289	0.1339957	0.810455	0.2246953	5.172905	-6.301091
471	1	224.2927	0	224.2927	0.1965779	0.8701741	0.003111754	3.526069	3.046808
472	0	-281.0144	0	-281.0144	0.08865439	0.7209418	0.2097933	7.818532	-6.313629
473	1	225.0184	0	225.0184	0.1826221	0.8602991	0.002734253	3.795528	3.046808
474	0	-279.3718	0	-279.3718	0.06624171	0.6433448	0.1628927	10.46391	-6.506588
475	1	224.0483	0	224.0483	0.1876244	0.8640048	0.002384255	3.694333	3.046808
476	0	-277.7119	0	-277.7119	0.07356744	0.6723944	0.1565011	9.421928	-6.474008
477	1	221.4728	0	221.4728	0.2544562	0.8996634	0.003049175	2.724033	3.046808
478	0	-278.312	0	-278.312	0.1078691	0.7667639	0.1933769	6.425821	-6.434357
479	1	221.7569	0	221.7569	0.2998894	0.9148611	0.004047024	2.311343	3.046808
480	0	-279.461	0	-279.461	0.1102011	0.7714038	0.2278611	6.289837	-6.409915
481	1	223.0851	0	223.0851	0.2546762	0.8997501	0.003796146	2.72168	3.046808
482	0	-279.1962	0	-279.1962	0.0991158	0.747707	0.1874681	6.993307	-6.299031
483	1	223.765	0	223.765	0.2173088	0.8825297	0.003420965	3.189688	3.046808
484	0	-278.4538	0	-278.4538	0.1066175	0.764202	0.1833567	6.50125	-6.458952
485	1	220.3752	0	220.3752	0.2824017	0.9095896	0.004603624	2.454472	3.034024
486	0	-277.5331	0	-277.5331	0.07230027	0.6676599	0.1390773	9.587063	-6.378574
487	1	222.2252	0	222.2252	0.2353517	0.8915244	0.003179721	2.945154	3.034024
488	0	-277.8624	0	-277.8624	0.06838816	0.6522905	0.1363193	10.13549	-6.342817
489	1	223.483	0	223.483	0.1982978	0.8712964	0.002845669	3.495486	3.034024
490	0	-278.5224	0	-278.5224	0.06529576	0.6392802	0.1420327	10.6155	-6.304471
491	1	223.7989	0	223.7989	0.1863889	0.8631076	0.002710019	3.718823	3.034024
492	0	-278.8935	0	-278.8935	0.0623237	0.6259984	0.1126256	11.12173	-6.384765
493	1	223.2904	0	223.2904	0.1858129	0.8626854	0.003006142	3.73035	3.034024
494	0	-277.9296	0	-277.9296	0.06875587	0.6537855	0.1359483	10.08128	-6.527167
495	1	223.5511	0	223.5511	0.1951166	0.8692054	0.002910557	3.552476	3.034024
496	0	-278.1964	0	-278.1964	0.05476942	0.588389	0.1132939	12.65573	-6.413137
497	1	221.4043	0	221.4043	0.168628	0.8487921	0.003153919	4.11051	3.034024
498	0	-282.2383	0	-282.2383	0.1410731	0.8197338	0.3007918	4.91339	-6.448648
499	1	219.5185	0	219.5185	0.3077766	0.9170427	0.005066602	2.252111	3.034024
500	0	-282.9202	0	-282.9202	0.1268312	0.8000907	0.233045	5.465116	-6.224819
501	1	224.8116	0	224.8116	0.1926933	0.8675668	0.00274399	3.597153	3.041183
502	0	-279.4552	0	-279.4552	0.1198793	0.7889617	0.2126269	5.782044	-6.497589
503	1	224.0951	0	224.0951	0.2188689	0.8833657	0.003244049	3.166952	3.041183
504	0	-285.3278	0	-285.3278	0.2240291	0.8860482	0.3587781	3.094005	-6.411766
505	1	223.4628	0	223.4628	0.2222514	0.8851381	0.002869681	3.118752	3.041183
506	0	-278.3801	0	-278.3801	0.07720559	0.6853699	0.1452512	8.977941	-6.308326
507	1	223.94	0	223.94	0.1433747	0.8225664	0.002564213	4.834514	3.041183
508	0	-278.0144	0	-278.0144	0.08312034	0.7046707	0.1749083	8.339081	-6.389668
509	1	225.6802	0	225.6802	0.1376882	0.8154068	0.002132598	5.034181	3.041183
510	0	-279.423	0	-279.423	0.1165931	0.7832886	0.1974712	5.945009	-6.498371
511	1	225.5864	0	225.5864	0.1454944	0.8251005	0.002254761	4.764083	3.041183
512	0	-277.9462	0	-277.9462	0.07871613	0.6905018	0.1680191	8.805656	-6.389097
513	1	225.0818	0	225.0818	0.1448808	0.8243741	0.002155422	4.784259	3.036169
514	0	-277.4226	0	-277.4226	0.08175943	0.7004142	0.161017	8.477886	-6.411704
515	1	224.4543	0	224.4543	0.178897	0.8574077	0.002371475	3.874559	3.038949
516	0	-278.6771	0	-278.6771	0.1142288	0.7790286	0.2057535	6.068057	-6.409787
517	1	225.8209	0	225.8209	0.1379911	0.8158022	0.002068627	5.023128	3.046159
518	0	-280.8379	0	-280.8379	0.1185893	0.7867682	0.2441878	5.844936	-6.530863
519	1	225.8125	0	225.8125	0.1298776	0.8046259	0.001994833	5.336927	3.046159
520	0	-278.2148	0	-278.2148	0.09872225	0.746784	0.1664253	7.021185	-6.423494
521	1	225.3618	0	225.3618	0.1526486	0.8331606	0.002168196	4.540802	3.049223
522	0	-278.5161	0	-278.5161	0.08294326	0.7041228	0.1703923	8.356884	-6.316469
523	1	225.7614	0	225.7614	0.1341943	0.8107277	0.002099387	5.16525	3.044234
524	0	-278.9348	0	-278.9348	0.1057594	0.7624156	0.2050759	6.553999	-6.505182
525	1	225.5051	0	225.5051	0.1116127	0.7741305	0.001643165	6.21029	3.046889
526	0	-278.418	0	-278.418	0.04932713	0.5573704	0.1169598	14.05205	-6.391993
527	1	224.7571	0	224.7571	0.1841176	0.8614277	0.002478762	3.764698	3.046889
528	0	-278.6226	0	-278.6226	0.05521775	0.5907889	0.1091469	12.55298	-6.402931
529	1	225.7383	0	225.7383	0.1403753	0.8188578	0.002136196	4.937813	3.046889
530	0	-278.771	0	-278.771	0.06483544	0.6372745	0.1414461	10.69087	-6.288968
531	1	223.777	0	223.777	0.1085453	0.768127	0.001984664	6.385788	3.03684
532	0	-277.5093	0	-277.5093	0.06744895	0.6484227	0.1346568	10.27662	-6.477605
533	1	225.0746	0	225.0746	0.116652	0.7833926	0.001699433	5.94201	3.03684
534	0	-278.2195	0	-278.2195	0.09754014	0.7439749	0.1835551	7.106276	-6.358109
535	1	224.8309	0	224.8309	0.1079623	0.7669527	0.001577845	6.420271	3.03684
536	0	-278.3593	0	-278.3593	0.101171	0.7524298	0.1798799	6.851245	-6.360633
537	1	221.7205	0	221.7205	0.181671	0.8595719	0.002119426	3.815398	3.03684
538	0	-282	0	-282	0.09719941	0.7431548	0.2314017	7.131187	-6.547077
539	1	224.5837	0	224.5837	0.1738715	0.8533152	0.002399203	3.986548	3.037152
540	0	-277.9586	0	-277.9586	0.08042446	0.6961345	0.1714385	8.618611	-6.458134
541	1	223.8128	0	223.8128	0.1628488	0.8434799	0.002246857	4.256386	3.055351
542	0	-280.2062	0	-280.2062	0.07808799	0.6883853	0.1528223	8.876489	-6.222044
543	1	224.1593	0	224.1593	0.1564376	0.8371445	0.002396239	4.430823	3.055351
544	0	-278.0297	0	-278.0297	0.08518571	0.710933	0.1524133	8.136895	-6.508508
545	1	223.0323	0	223.0323	0.1466198	0.8264178	0.001875575	4.727514	3.055351
546	0	-280.6655	0	-280.6655	0.1422962	0.8212497	0.2491563	4.871158	-6.367673
547	1	223.6476	0	223.6476	0.09235564	0.7309671	0.001405953	7.505196	3.055351
548	0	-280.3979	0	-280.3979	0.1084358	0.7679072	0.2206205	6.392238	-6.293274
549	1	224.7308	0	224.7308	0.1268913	0.8001821	0.001655182	5.462528	3.045405
550	0	-281.5707	0	-281.5707	0.1524016	0.8328943	0.2581684	4.548162	-6.351262
551	1	225.7674	0	225.7674	0.1210049	0.7908418	0.001778209	5.728255	3.045405
552	0	-279.7521	0	-279.7521	0.1137022	0.7780585	0.1958075	6.096161	-6.534266
553	1	225.4169	0	225.4169	0.1599226	0.840649	0.00220577	4.334266	3.045405
554	0	-278.86	0	-278.86	0.09297153	0.7325735	0.1865003	7.455478	-6.540367
555	1	225.5686	0	225.5686	0.1142839	0.7791296	0.001832912	6.065132	3.041741
556	0	-277.6377	0	-277.6377	0.09234396	0.7309365	0.1735092	7.506145	-6.416723
557	1	225.2293	0	225.2293	0.1117959	0.7744801	0.001581905	6.20011	3.041741
558	0	-278.9429	0	-278.9429	0.09835645	0.7459207	0.1753695	7.047298	-6.542397
559	1	225.4025	0	225.4025	0.1421014	0.82101	0.002290339	4.877834	3.041741
560	0	-277.942	0	-277.942	0.05908134	0.6105688	0.1352384	11.73208	-6.400409
561	1	224.3038	0	224.3038	0.140009	0.8183946	0.002467526	4.950734	3.041741
562	0	-278.7985	0	-278.7985	0.08444109	0.7087022	0.1461049	8.208648	-6.317321
563	1	225.1474	0	225.1474	0.1577833	0.8385154	0.002545688	4.393031	3.045338
564	0	-278.1344	0	-278.1344	0.08384375	0.7068908	0.1466537	8.26713	-6.356599
565	1	223.6159	0	223.6159	0.2377425	0.8926142	0.003242392	2.915538	3.045338
566	0	-277.406	0	-277.406	0.06637315	0.6439036	0.1371358	10.44319	-6.423196
567	1	223.1928	0	223.1928	0.2483228	0.8971865	0.003307508	2.791315	3.043151
568	0	-277.5776	0	-277.5776	0.07958967	0.6934042	0.155094	8.70901	-6.369413
569	1	224.2203	0	224.2203	0.2122833	0.879754	0.003243181	3.265199	3.043151
570	0	-279.3389	0	-279.3389	0.07096391	0.6625404	0.1640467	9.767601	-6.302336
571	1	224.9382	0	224.9382	0.1914741	0.866727	0.002800356	3.620057	3.043151
572	0	-279.6659	0	-279.6659	0.09446091	0.7363885	0.2087435	7.337926	-6.357277
573	1	225.7456	0	225.7456	0.1463917	0.8261523	0.002228175	4.734881	3.04474
574	0	-278.1383	0	-278.1383	0.06127666	0.6211266	0.1169296	11.31177	-6.413021
575	1	224.9682	0	224.9682	0.1565691	0.8372794	0.00257744	4.427102	3.04474
576	0	-278.1543	0	-278.1543	0.07956678	0.6933288	0.1513925	8.711515	-6.540449
577	1	225.6314	0	225.6314	0.1485773	0.8286641	0.002173963	4.66523	3.040685
578	0	-279.5506	0	-279.5506	0.08532801	0.7113559	0.1959229	8.123325	-6.370161
579	1	222.3167	0	222.3167	0.1710164	0.8508858	0.001983203	4.053104	3.040685
580	0	-278.5572	0	-278.5572	0.05430512	0.5858798	0.1305116	12.76394	-6.517352
581	1	223.4057	0	223.4057	0.1235814	0.7950289	0.002315889	5.608833	3.048562
582	0	-278.7065	0	-278.7065	0.07484295	0.6770456	0.1332605	9.261356	-6.318141
583	1	225.1346	0	225.1346	0.155201	0.8358647	0.002518572	4.466126	3.042679
584	0	-277.801	0	-277.801	0.07735626	0.6858883	0.1471937	8.960454	-6.346467
585	1	224.55	0	224.55	0.1671933	0.8475066	0.002141365	4.145783	3.042679
586	0	-279.3832	0	-279.3832	0.09562578	0.7393052	0.1499727	7.248539	-6.479924
587	1	225.2766	0	225.2766	0.1473622	0.8272763	0.002394665	4.703698	3.042679
588	0	-280.7429	0	-280.7429	0.08334566	0.7053653	0.1844488	8.316536	-6.239912
589	1	222.4891	0	222.4891	0.1867686	0.8633845	0.002182909	3.711263	3.042679
590	0	-278.91	0	-278.91	0.07982615	0.6941819	0.1409493	8.68321	-6.558031
591	1	225.8394	0	225.8394	0.135529	0.8125416	0.002048497	5.114383	3.042679
592	0	-278.5599	0	-278.5599	0.07543659	0.6791723	0.1648076	9.188475	-6.534337
593	1	225.646	0	225.646	0.1459154	0.8255955	0.002265037	4.750337	3.042679
594	0	-278.7188	0	-278.7188	0.05789821	0.6046787	0.1226429	11.97182	-6.302858
595	1	225.4764	0	225.4764	0.1618219	0.8424977	0.002458229	4.283396	3.042679
596	0	-277.7737	0	-277.7737	0.09290186	0.7323926	0.1719621	7.461069	-6.385351
597	1	223.3813	0	223.3813	0.2441401	0.8954262	0.003690327	2.839137	3.042679
598	0	-278.8985	0	-278.8985	0.05940404	0.6121506	0.1372042	11.66835	-6.299189
599	1	222.7816	0	222.7816	0.2463284	0.8963546	0.003955929	2.813915	3.042679
600	0	-279.8634	0	-279.8634	0.1264335	0.799484	0.2296542	5.482306	-6.352624
601	1	224.9956	0	224.9956	0.1868863	0.8634702	0.002781283	3.708925	3.042679
602	0	-278.8979	0	-278.8979	0.1061862	0.7633071	0.1759258	6.527661	-6.482519
603	1	222.8738	0	222.8738	0.1613735	0.842065	0.002978917	4.295297	3.042679
604	0	-280.479	0	-280.479	0.07522668	0.678423	0.1207248	9.214114	-6.32033
605	1	225.8281	0	225.8281	0.1386693	0.8166814	0.002085451	4.998561	3.042679
606	0	-277.738	0	-277.738	0.05807057	0.6055458	0.1262466	11.93629	-6.457071
607	1	224.8026	0	224.8026	0.1340647	0.8105498	0.00231395	5.170244	3.044735
608	0	-277.595	0	-277.595	0.0671898	0.6473429	0.1456438	10.31626	-6.421354
609	1	225.0016	0	225.0016	0.1660766	0.846491	0.002562156	4.173661	3.04959
610	0	-281.3951	0	-281.3951	0.08436103	0.7084605	0.2012815	8.216438	-6.274861
611	1	223.3065	0	223.3065	0.218069	0.8829385	0.002828444	3.178568	3.04959
612	0	-277.6869	0	-277.6869	0.09000373	0.7246721	0.1670321	7.701316	-6.384079
613	1	224.8947	0	224.8947	0.164785	0.8452998	0.002595365	4.206374	3.04959
614	0	-277.6282	0	-277.6282	0.07478961	0.6768534	0.1587696	9.267961	-6.428811
615	1	224.2222	0	224.2222	0.1933464	0.8680124	0.002973566	3.585002	3.050445
616	0	-280.0222	0	-280.0222	0.1268923	0.8001836	0.2097871	5.462486	-6.485124
617	1	221.852	0	221.852	0.2127271	0.8800044	0.003758292	3.258387	3.050445
618	0	-278.5218	0	-278.5218	0.1098685	0.7707523	0.1894589	6.308881	-6.409678
619	1	222.5747	0	222.5747	0.2137557	0.8805807	0.002633705	3.242707	3.038153
620	0	-278.1267	0	-278.1267	0.09357553	0.7341324	0.1851903	7.407355	-6.373044
621	1	224.1355	0	224.1355	0.2230906	0.8855695	0.003249189	3.10702	3.044141
622	0	-278.251	0	-278.251	0.07982148	0.6941666	0.1746809	8.683717	-6.398518
623	1	224.618	0	224.618	0.167434	0.8477237	0.002374862	4.139823	3.05233
624	0	-281.7333	0	-281.7333	0.09098176	0.7273212	0.198056	7.618529	-6.215205
625	1	224.5639	0	224.5639	0.1115299	0.7739723	0.001565005	6.2149	3.052018
626	0	-277.7177	0	-277.7177	0.07101311	0.6627312	0.1544688	9.760834	-6.444643
627	1	224.1908	0	224.1908	0.1270448	0.8004152	0.0016756	5.455926	3.052018
628	0	-278.1041	0	-278.1041	0.09977116	0.7492305	0.1899227	6.94737	-6.391726
629	1	224.2295	0	224.2295	0.1878061	0.8641357	0.002806169	3.69076	3.052018
630	0	-279.0208	0	-279.0208	0.1173001	0.784533	0.2116727	5.909176	-6.470664
631	1	223.1493	0	223.1493	0.2295352	0.8887784	0.003323116	3.019786	3.052018
632	0	-278.2207	0	-278.2207	0.05605778	0.5952254	0.1276308	12.36487	-6.51452
633	1	222.43	0	222.43	0.2227866	0.8854136	0.003674717	3.111261	3.052018
634	0	-277.6506	0	-277.6506	0.08561488	0.7122052	0.1609092	8.096107	-6.372734
635	1	222.0473	0	222.0473	0.2701135	0.9054775	0.003414185	2.566133	3.045256
636	0	-279.8832	0	-279.8832	0.07267011	0.6690536	0.1462944	9.538271	-6.633556
637	1	224.8342	0	224.8342	0.1851205	0.8621744	0.002871945	3.744302	3.045256
638	0	-277.7879	0	-277.7879	0.07455251	0.6759964	0.152703	9.297436	-6.510919
639	1	225.5769	0	225.5769	0.1320176	0.8076968	0.002128824	5.250416	3.045256
640	0	-283.4379	0	-283.4379	0.07409032	0.6743148	0.1192938	9.355435	-6.209571
641	1	223.3327	0	223.3327	0.1798533	0.8581612	0.002224845	3.853958	3.050083
642	0	-280.446	0	-280.446	0.05925774	0.6114347	0.1196215	11.69716	-6.643925
643	1	224.2674	0	224.2674	0.2011632	0.8731239	0.00290853	3.445696	3.050083
644	0	-277.4186	0	-277.4186	0.07108025	0.6629914	0.1460118	9.751614	-6.462473
645	1	222.3058	0	222.3058	0.2552804	0.8999872	0.003330261	2.715239	3.050083
646	0	-278.3934	0	-278.3934	0.06151332	0.6222368	0.1316399	11.26824	-6.555085
647	1	224.4318	0	224.4318	0.1862328	0.8629935	0.002878444	3.721939	3.050083
648	0	-277.6585	0	-277.6585	0.08347736	0.70577	0.1512178	8.303415	-6.47805
649	1	225.3536	0	225.3536	0.1646554	0.8451793	0.002436506	4.209683	3.040394
650	0	-278.4659	0	-278.4659	0.07336985	0.6716636	0.1322926	9.447303	-6.533957
651	1	225.201	0	225.201	0.1443831	0.8237807	0.002346832	4.800751	3.040394
652	0	-278.1147	0	-278.1147	0.07343416	0.6719018	0.1391317	9.43903	-6.326775
653	1	224.4427	0	224.4427	0.1720891	0.8518078	0.002832594	4.027839	3.040394
654	0	-278.1316	0	-278.1316	0.05511114	0.5902202	0.1275534	12.57726	-6.381525
655	1	225.4713	0	225.4713	0.119504	0.788328	0.001941726	5.800199	3.040833
656	0	-279.817	0	-279.817	0.0589463	0.6099037	0.1386289	11.75896	-6.618039
657	1	225.4122	0	225.4122	0.1400003	0.8183836	0.001926404	4.95104	3.040833
658	0	-283.0537	0	-283.0537	0.05419049	0.5852565	0.1344471	12.79094	-6.126785
659	1	223.3789	0	223.3789	0.1112018	0.773343	0.002116446	6.233238	3.040833
660	0	-277.7422	0	-277.7422	0.07715482	0.6851949	0.1500782	8.983848	-6.512605
661	1	224.9629	0	224.9629	0.1502078	0.8304927	0.001981689	4.614587	3.040833
662	0	-279.5491	0	-279.5491	0.05047246	0.5641999	0.1282106	13.73318	-6.298372
663	1	224.5555	0	224.5555	0.1847857	0.861926	0.002448194	3.751086	3.040833
664	0	-281.2271	0	-281.2271	0.04443151	0.5261949	0.1343505	15.60035	-6.546926
665	1	223.7021	0	223.7021	0.2323716	0.8901345	0.003437989	2.982925	3.040833
666	0	-278.5672	0	-278.5672	0.04958972	0.5589511	0.1244145	13.97764	-6.427712
667	1	224.6163	0	224.6163	0.1673492	0.8476473	0.002173222	4.141921	3.040833
668	0	-277.8031	0	-277.8031	0.06106842	0.6201453	0.1344651	11.35034	-6.382317
669	1	225.475	0	225.475	0.1512765	0.8316709	0.002343235	4.581989	3.040833
670	0	-277.5639	0	-277.5639	0.06353822	0.6315218	0.127207	10.90914	-6.418174
671	1	225.4577	0	225.4577	0.1194216	0.7881883	0.001944211	5.804203	3.040833
672	0	-278.834	0	-278.834	0.0630685	0.6294016	0.1164067	10.99039	-6.522885
673	1	224.2694	0	224.2694	0.1077657	0.7665542	0.001445591	6.431983	3.040833
674	0	-281.948	0	-281.948	0.1152407	0.7808705	0.2422554	6.014779	-6.58599
675	1	225.4289	0	225.4289	0.1272329	0.8007001	0.001772951	5.44786	3.040833
676	0	-278.7784	0	-278.7784	0.07765769	0.6869211	0.1704233	8.925673	-6.537662
677	1	224.4708	0	224.4708	0.1043723	0.7594751	0.001865998	6.641103	3.040833
678	0	-278.253	0	-278.253	0.078244	0.6889133	0.1363007	8.85879	-6.360653
679	1	224.5122	0	224.5122	0.1533269	0.8338876	0.002606233	4.520715	3.040833
680	0	-278.6926	0	-278.6926	0.09449977	0.7364867	0.1675306	7.334908	-6.320176
681	1	224.904	0	224.904	0.09367946	0.734399	0.001504765	7.399137	3.040833
682	0	-278.5215	0	-278.5215	0.08230008	0.7021179	0.1618116	8.422193	-6.558364
683	1	225.451	0	225.451	0.125012	0.7972867	0.002055523	5.544643	3.045945
684	0	-278.759	0	-278.759	0.1017944	0.753831	0.1813947	6.809284	-6.521907
685	1	225.158	0	225.158	0.09860277	0.7465026	0.001625178	7.029693	3.045945
686	0	-277.3805	0	-277.3805	0.07698685	0.6846147	0.1435992	9.003449	-6.432387
687	1	225.5518	0	225.5518	0.1268469	0.8001146	0.002057584	5.464439	3.045945
688	0	-284.7767	0	-284.7767	0.09982637	0.7493581	0.1348032	6.943528	-6.305279
689	1	223.7372	0	223.7372	0.119525	0.7883635	0.001505925	5.799182	3.047078
690	0	-278.6582	0	-278.6582	0.09998983	0.7497352	0.1926197	6.932177	-6.514905
691	1	223.9483	0	223.9483	0.1435397	0.8227661	0.001777276	4.828959	3.047078
692	0	-277.6841	0	-277.6841	0.06827959	0.6518471	0.1417303	10.1516	-6.502566
693	1	224.4952	0	224.4952	0.1954095	0.8694007	0.003024357	3.547152	3.047078
694	0	-277.5186	0	-277.5186	0.0859906	0.713311	0.1666286	8.060732	-6.404104
695	1	223.6155	0	223.6155	0.164019	0.8445848	0.002533839	4.226017	3.05661
696	0	-279.1256	0	-279.1256	0.1125002	0.7758144	0.1906567	6.161298	-6.492835
697	1	223.4324	0	223.4324	0.1967609	0.8702945	0.00283034	3.522789	3.033667
698	0	-278.5893	0	-278.5893	0.07376818	0.6731339	0.1703771	9.39629	-6.432036
699	1	224.244	0	224.244	0.1267753	0.8000057	0.002117125	5.467523	3.033667
700	0	-277.8132	0	-277.8132	0.07345784	0.6719894	0.1599693	9.435987	-6.425284
701	1	223.2299	0	223.2299	0.1180087	0.7857669	0.00215103	5.873695	3.033667
702	0	-277.8921	0	-277.8921	0.08161856	0.6999675	0.1636245	8.492519	-6.350253
703	1	225.2015	0	225.2015	0.1150945	0.7806063	0.001630403	6.022416	3.04885
704	0	-278.2101	0	-278.2101	0.105466	0.7617991	0.1947771	6.572234	-6.420971
705	1	225.4999	0	225.4999	0.1399608	0.8183336	0.001986302	4.952437	3.04885
706	0	-278.1583	0	-278.1583	0.09727327	0.7433329	0.1935378	7.125772	-6.426041
707	1	223.9039	0	223.9039	0.1620694	0.8427355	0.00280532	4.276854	3.04885
708	0	-280.0017	0	-280.0017	0.1312449	0.8065985	0.2352885	5.281328	-6.365113
709	1	223.7052	0	223.7052	0.1654271	0.8458943	0.002675281	4.190045	3.033414
710	0	-278.9531	0	-278.9531	0.06770357	0.6494784	0.1610844	10.23797	-6.356693
711	1	224.6068	0	224.6068	0.121427	0.7915386	0.001826488	5.708345	3.033414
712	0	-281.6896	0	-281.6896	0.06666496	0.6451389	0.1393297	10.39747	-6.164038
713	1	225.6708	0	225.6708	0.1157958	0.7818691	0.001707471	5.985944	3.042772
714	0	-277.435	0	-277.435	0.06995918	0.6586032	0.1452712	9.90788	-6.405954
715	1	223.8498	0	223.8498	0.1478061	0.8277858	0.002260981	4.689571	3.031241
716	0	-278.8385	0	-278.8385	0.06230776	0.625925	0.1512381	11.12457	-6.500797
717	1	223.888	0	223.888	0.1455429	0.8251577	0.002227878	4.762494	3.031241
718	0	-278.9951	0	-278.9951	0.1078316	0.766688	0.1923839	6.428051	-6.516738
719	1	223.7879	0	223.7879	0.1157759	0.7818334	0.001799711	5.986974	3.030198
720	0	-280.5354	0	-280.5354	0.08586644	0.7129464	0.2069663	8.072388	-6.475673
721	1	223.7639	0	223.7639	0.131086	0.8063713	0.001977639	5.287728	3.030198
722	0	-279.6802	0	-279.6802	0.09313016	0.7329845	0.1910079	7.442779	-6.2809
723	1	225.2233	0	225.2233	0.1554876	0.8361631	0.002227588	4.457893	3.0502
724	0	-277.7727	0	-277.7727	0.06883976	0.654125	0.1519693	10.069	-6.428232
725	1	224.5938	0	224.5938	0.1799172	0.8582112	0.002773831	3.85259	3.0502
726	0	-277.5647	0	-277.5647	0.06380018	0.6326956	0.1303402	10.86434	-6.471279
727	1	225.2069	0	225.2069	0.1761417	0.8551922	0.002630665	3.935167	3.042004
728	0	-280.3497	0	-280.3497	0.05562847	0.5929678	0.1173592	12.46029	-6.228364
729	1	225.5659	0	225.5659	0.148167	0.8281979	0.002307999	4.678149	3.042004
730	0	-277.8525	0	-277.8525	0.07892071	0.6911857	0.137983	8.78283	-6.410708
731	1	224.3788	0	224.3788	0.1964176	0.8700686	0.002596482	3.528946	3.042004
732	0	-281.3862	0	-281.3862	0.1272845	0.800778	0.2742493	5.445654	-6.417604
733	1	224.9301	0	224.9301	0.1878881	0.8641947	0.002626043	3.689149	3.042004
734	0	-279.395	0	-279.395	0.1014898	0.7531482	0.1574316	6.829721	-6.433307
735	1	225.1717	0	225.1717	0.1128999	0.7765652	0.001629155	6.139486	3.049858
736	0	-279.7313	0	-279.7313	0.1016131	0.7534249	0.1557661	6.821435	-6.461622
737	1	224.0447	0	224.0447	0.13332	0.8095214	0.002296779	5.199122	3.035041
738	0	-279.1974	0	-279.1974	0.07003825	0.6589159	0.1445698	9.896694	-6.605538
739	1	223.9334	0	223.9334	0.1031425	0.7568122	0.001455145	6.720286	3.035041
740	0	-279.2056	0	-279.2056	0.06587721	0.6417877	0.1560718	10.5218	-6.551665
741	1	222.968	0	222.968	0.1550134	0.8356689	0.002765308	4.47153	3.035041
742	0	-278.0987	0	-278.0987	0.09662736	0.7417672	0.1698458	7.173405	-6.4805
743	1	224.8893	0	224.8893	0.1422249	0.8211621	0.002106471	4.873598	3.035041
744	0	-278.1618	0	-278.1618	0.05736465	0.6019751	0.116122	12.08318	-6.384597
745	1	224.5698	0	224.5698	0.1349452	0.8117523	0.00221173	5.136508	3.035041
746	0	-277.4815	0	-277.4815	0.08359987	0.7061456	0.1518682	8.291247	-6.419566
747	1	222.2917	0	222.2917	0.1333156	0.8095152	0.002296706	5.199296	3.060656
748	0	-280.8364	0	-280.8364	0.05842977	0.6073428	0.1090596	11.86291	-6.611408
749	1	222.7757	0	222.7757	0.1219757	0.7924381	0.002049049	5.682665	3.060656
750	0	-277.9325	0	-277.9325	0.08299101	0.7042708	0.1464006	8.352075	-6.489834
751	1	221.517	0	221.517	0.09989547	0.7495177	0.002022085	6.938725	3.033699
752	0	-278.627	0	-278.627	0.06823563	0.6516672	0.1568509	10.15814	-6.34295
753	1	223.1168	0	223.1168	0.2060364	0.8761167	0.002880011	3.364197	3.033699
754	0	-277.4756	0	-277.4756	0.07808331	0.6883695	0.1499897	8.877021	-6.480953
755	1	221.5827	0	221.5827	0.2201318	0.8840337	0.003737474	3.148783	3.033699
756	0	-277.4926	0	-277.4926	0.08023817	0.6955288	0.1531395	8.638621	-6.479679
757	1	222.3156	0	222.3156	0.1853017	0.8623085	0.003210837	3.740641	3.033699
758	0	-278.1965	0	-278.1965	0.1007613	0.7515011	0.177743	6.879102	-6.475085
759	1	222.9171	0	222.9171	0.1936761	0.8682362	0.002543686	3.578899	3.033699
760	0	-277.9339	0	-277.9339	0.06968225	0.6575045	0.1415079	9.947256	-6.33391
761	1	225.3565	0	225.3565	0.1607303	0.8414403	0.002250676	4.312486	3.047657
762	0	-279.8667	0	-279.8667	0.1303154	0.8052616	0.232009	5.318999	-6.372073
763	1	221.9512	0	221.9512	0.2790357	0.9084992	0.003624058	2.48408	3.047657
764	0	-281.3649	0	-281.3649	0.1000996	0.7499878	0.2349006	6.924576	-6.356001
765	1	223.3972	0	223.3972	0.2366068	0.8920993	0.003177603	2.929531	3.047657
766	0	-278.5447	0	-278.5447	0.1048685	0.7605346	0.2061192	6.609678	-6.405744
767	1	223.3493	0	223.3493	0.1522163	0.832694	0.00276972	4.553698	3.047657
768	0	-280.1452	0	-280.1452	0.1347631	0.8115049	0.2415896	5.143448	-6.373419
769	1	225.447	0	225.447	0.1585994	0.8393358	0.002254297	4.370426	3.047657
770	0	-279.4279	0	-279.4279	0.07806533	0.6883085	0.1244747	8.879066	-6.409693
771	1	225.4673	0	225.4673	0.147152	0.8270341	0.002047309	4.710418	3.047657
772	0	-281.4062	0	-281.4062	0.07003762	0.6589134	0.1848056	9.896784	-6.34121
773	1	225.4679	0	225.4679	0.1543186	0.8349396	0.00225274	4.491662	3.039735
774	0	-278.1768	0	-278.1768	0.08181625	0.700594	0.1396616	8.471999	-6.47542
775	1	225.6562	0	225.6562	0.1264953	0.7995784	0.001899194	5.479629	3.039735
776	0	-277.599	0	-277.599	0.0685423	0.6529185	0.1414379	10.11269	-6.371435
777	1	224.9313	0	224.9313	0.1357035	0.8127764	0.001805808	5.107805	3.039735
778	0	-278.4872	0	-278.4872	0.07446835	0.6756913	0.1699678	9.307944	-6.455941
779	1	225.1758	0	225.1758	0.133919	0.8103494	0.001822241	5.175869	3.039735
780	0	-279.3736	0	-279.3736	0.1177655	0.7853448	0.1920838	5.885826	-6.456434
781	1	225.3545	0	225.3545	0.1614103	0.8421006	0.002348954	4.294317	3.039735
782	0	-279.9007	0	-279.9007	0.05681673	0.5991675	0.1298439	12.1997	-6.238347
783	1	224.8091	0	224.8091	0.1606572	0.841369	0.002611474	4.314448	3.039735
784	0	-277.6453	0	-277.6453	0.0722702	0.6675461	0.132521	9.591051	-6.448993
785	1	222.5339	0	222.5339	0.2319067	0.8899145	0.002882236	2.988906	3.039735
786	0	-278.8696	0	-278.8696	0.06542433	0.6398372	0.1322281	10.59464	-6.586868
787	1	224.5	0	224.5	0.1998935	0.8723205	0.002848365	3.467583	3.039735
788	0	-279.031	0	-279.031	0.06259992	0.6272665	0.1424895	11.07265	-6.580525
789	1	224.6009	0	224.6009	0.1575534	0.8382827	0.002566015	4.399444	3.037545
790	0	-280.2053	0	-280.2053	0.1178117	0.7854251	0.2423841	5.883519	-6.362841
791	1	224.485	0	224.485	0.1852279	0.8622539	0.002944637	3.742132	3.047819
792	0	-278.5322	0	-278.5322	0.08970225	0.7238463	0.1774978	7.727199	-6.53689
793	1	221.845	0	221.845	0.2717401	0.9060431	0.004383412	2.550772	3.047819
794	0	-278.2604	0	-278.2604	0.104705	0.7601864	0.1832594	6.620001	-6.39969
795	1	221.948	0	221.948	0.2750275	0.9071659	0.00348552	2.520284	3.042833
796	0	-277.8443	0	-277.8443	0.08702342	0.7163127	0.1679203	7.965065	-6.499544
797	1	222.1359	0	222.1359	0.2050421	0.8755175	0.003685753	3.380511	3.042833
798	0	-278.3773	0	-278.3773	0.07518337	0.6782681	0.1551592	9.219421	-6.553751
799	1	223.0731	0	223.0731	0.1845852	0.8617768	0.002516701	3.755161	3.055988
800	0	-278.0293	0	-278.0293	0.06871857	0.6536343	0.143512	10.08675	-6.534359
801	1	224.759	0	224.759	0.1140939	0.7787807	0.00199663	6.075234	3.047463
802	0	-279.9809	0	-279.9809	0.06073977	0.6185881	0.158103	11.41175	-6.513061
803	1	224.661	0	224.661	0.1011514	0.7523855	0.001536325	6.852573	3.052475
804	0	-277.67	0	-277.67	0.09253706	0.7314421	0.1750005	7.490482	-6.445543
805	1	224.6224	0	224.6224	0.1232077	0.7944313	0.002074941	5.625845	3.052475
806	0	-282.6163	0	-282.6163	0.1571707	0.8378941	0.309822	4.410154	-6.340393
807	1	224.9665	0	224.9665	0.1397607	0.8180794	0.002194507	4.959527	3.052475
808	0	-281.8717	0	-281.8717	0.1426463	0.8216792	0.2871696	4.859201	-6.500138
809	1	224.4225	0	224.4225	0.1365766	0.8139424	0.002300788	5.075152	3.052475
810	0	-282.9716	0	-282.9716	0.1688024	0.8489469	0.3351456	4.106264	-6.38536
811	1	223.0618	0	223.0618	0.2291269	0.8885804	0.003283982	3.025167	3.052475
812	0	-282.2731	0	-282.2731	0.1636595	0.844247	0.2974325	4.2353	-6.489983
813	1	221.6908	0	221.6908	0.2538831	0.899437	0.003384206	2.730182	3.034313
814	0	-278.8733	0	-278.8733	0.09234619	0.7309423	0.1998134	7.505964	-6.449009
815	1	222.4196	0	222.4196	0.2449684	0.8957795	0.003896491	2.829537	3.050751
816	0	-285.8984	0	-285.8984	0.09071053	0.7265911	0.2519283	7.641309	-6.300733
817	1	223.6014	0	223.6014	0.1264987	0.7995837	0.002302769	5.47948	3.036951
818	0	-278.7425	0	-278.7425	0.07366731	0.6727626	0.1674167	9.409155	-6.346912
819	1	224.4239	0	224.4239	0.1319348	0.8075797	0.002263237	5.253709	3.036951
820	0	-277.6725	0	-277.6725	0.09344908	0.7338074	0.1753124	7.417378	-6.420784
821	1	224.8085	0	224.8085	0.1407401	0.8193167	0.002303088	4.925015	3.036951
822	0	-279.6728	0	-279.6728	0.1267507	0.7999682	0.2098819	5.468587	-6.443039
823	1	225.5907	0	225.5907	0.1390756	0.8172041	0.002153314	4.983961	3.048279
824	0	-277.74	0	-277.74	0.08347469	0.7057618	0.1721298	8.303681	-6.435514
825	1	225.4512	0	225.4512	0.1251383	0.7974836	0.002023864	5.539049	3.048279
826	0	-277.4354	0	-277.4354	0.08448955	0.7088483	0.1554241	8.20394	-6.433559
827	1	224.8203	0	224.8203	0.1072911	0.7655872	0.001860593	6.460434	3.048279
828	0	-279.9721	0	-279.9721	0.07634758	0.6823897	0.1531821	9.078836	-6.22886
829	1	223.9633	0	223.9633	0.1049132	0.7606295	0.001496045	6.606865	3.054582
830	0	-278.1014	0	-278.1014	0.09297499	0.7325825	0.1703146	7.4552	-6.505877
831	1	224.3262	0	224.3262	0.09640818	0.741232	0.001604386	7.189714	3.053658
832	0	-278.9067	0	-278.9067	0.1144773	0.7794835	0.2078605	6.054887	-6.476738
833	1	224.0549	0	224.0549	0.1204965	0.7899965	0.002101719	5.752426	3.053658
834	0	-279.3104	0	-279.3104	0.09886561	0.7471209	0.1969499	7.011004	-6.54797
835	1	221.7739	0	221.7739	0.1707535	0.8506581	0.002029216	4.059345	3.053658
836	0	-277.5635	0	-277.5635	0.07699103	0.6846292	0.1494059	9.00296	-6.494221
837	1	223.6166	0	223.6166	0.1609286	0.8416334	0.00206553	4.307173	3.035353
838	0	-279.8091	0	-279.8091	0.06970335	0.6575884	0.1742452	9.944245	-6.474582
839	1	223.7278	0	223.7278	0.2272915	0.8876817	0.003042487	3.049596	3.046333
840	0	-277.9631	0	-277.9631	0.06614892	0.6429495	0.1408939	10.47859	-6.523851
841	1	224.8054	0	224.8054	0.1667206	0.8470783	0.002715361	4.157538	3.046333
842	0	-277.5049	0	-277.5049	0.07333611	0.6715386	0.1445518	9.45165	-6.37463
843	1	225.4541	0	225.4541	0.1608641	0.8415706	0.002451387	4.3089	3.046333
844	0	-277.703	0	-277.703	0.0658	0.6414564	0.1271223	10.53415	-6.47393
845	1	225.5151	0	225.5151	0.1606856	0.8413967	0.002408627	4.313687	3.046333
846	0	-278.1558	0	-278.1558	0.05792129	0.604795	0.1235499	11.96705	-6.522237
847	1	225.5747	0	225.5747	0.1493781	0.8295669	0.002089918	4.640221	3.046333
848	0	-278.3662	0	-278.3662	0.09149336	0.728689	0.1704753	7.575929	-6.32615
849	1	223.4972	0	223.4972	0.2376892	0.8925902	0.003201747	2.916192	3.046333
850	0	-277.9036	0	-277.9036	0.08398838	0.7073312	0.1608481	8.252894	-6.51528
851	1	222.6717	0	222.6717	0.1783019	0.8569349	0.003242332	3.887492	3.046333
852	0	-279.3582	0	-279.3582	0.091042	0.7274829	0.1954719	7.613488	-6.534044
853	1	225.0988	0	225.0988	0.1776072	0.856379	0.002454716	3.902697	3.04204
854	0	-279.1969	0	-279.1969	0.1164955	0.7831157	0.2033253	5.94999	-6.358449
855	1	225.1946	0	225.1946	0.1161846	0.7825634	0.001965032	5.965913	3.04204
856	0	-278.0941	0	-278.0941	0.0723443	0.6678263	0.1396288	9.581227	-6.539265
857	1	224.1811	0	224.1811	0.08324116	0.7050435	0.001447057	8.326976	3.04204
858	0	-278.0048	0	-278.0048	0.08675967	0.7155514	0.148528	7.989279	-6.463235
859	1	222.4427	0	222.4427	0.06652763	0.6445584	0.001186229	10.41894	3.04204
860	0	-280.1545	0	-280.1545	0.0379847	0.4796614	0.0980297	18.24806	-6.342586
861	1	225.0812	0	225.0812	0.1323245	0.8081297	0.001914561	5.238237	3.036086
862	0	-278.6207	0	-278.6207	0.08678453	0.7156233	0.1889673	7.98699	-6.397616
863	1	224.12	0	224.12	0.1132521	0.777223	0.002004191	6.120393	3.036086
864	0	-279.9278	0	-279.9278	0.09875487	0.7468608	0.2210666	7.018866	-6.417688
865	1	225.1041	0	225.1041	0.1202905	0.7896522	0.001630077	5.762277	3.043161
866	0	-282.021	0	-282.021	0.15612	0.8368177	0.243021	4.439836	-6.407308
867	1	225.487	0	225.487	0.124178	0.7959762	0.001994849	5.581883	3.048433
868	0	-279.3395	0	-279.3395	0.1240045	0.7957015	0.2193631	5.589695	-6.458274
869	1	224.6259	0	224.6259	0.1833331	0.8608379	0.00247904	3.780807	3.03956
870	0	-277.6517	0	-277.6517	0.0795735	0.6933509	0.144071	8.710779	-6.385825
871	1	225.4563	0	225.4563	0.1670696	0.8473947	0.002466664	4.148852	3.042758
872	0	-278.7202	0	-278.7202	0.04811708	0.54997	0.1145214	14.40543	-6.514848
873	1	223.2472	0	223.2472	0.2389261	0.8931458	0.003401299	2.901094	3.050036
874	0	-279.5662	0	-279.5662	0.1034746	0.7575365	0.1798076	6.698718	-6.555118
875	1	222.6292	0	222.6292	0.266515	0.9042016	0.004041376	2.600781	3.047144
876	0	-278.9149	0	-278.9149	0.06328268	0.6303709	0.1530465	10.95319	-6.510165
877	1	223.1945	0	223.1945	0.2103382	0.8786444	0.003481419	3.295393	3.048961
878	0	-278.5815	0	-278.5815	0.09460549	0.7367537	0.1779761	7.326712	-6.320694
879	1	224.161	0	224.161	0.1062202	0.763378	0.00193061	6.525567	3.048961
880	0	-279.6577	0	-279.6577	0.1155815	0.7814846	0.2359804	5.997042	-6.416627
881	1	225.6397	0	225.6397	0.127146	0.8005686	0.001911112	5.451583	3.048961
882	0	-279.5637	0	-279.5637	0.1287302	0.8029407	0.229257	5.384496	-6.442667
883	1	225.6835	0	225.6835	0.1259272	0.7987065	0.001793057	5.504347	3.042995
884	0	-278.3722	0	-278.3722	0.07815467	0.6886111	0.1739495	8.868916	-6.40053
885	1	225.143	0	225.143	0.1340198	0.8104881	0.002233803	5.171975	3.04756
886	0	-278.4464	0	-278.4464	0.09456778	0.7366585	0.1713724	7.329633	-6.525394
887	1	225.2102	0	225.2102	0.1711086	0.8509655	0.002407227	4.050921	3.04756
888	0	-278.7877	0	-278.7877	0.07592	0.6808864	0.1419179	9.129969	-6.288479
889	1	225.0169	0	225.0169	0.1561072	0.8368044	0.00253359	4.440201	3.04756
890	0	-279.0523	0	-279.0523	0.08678502	0.7156247	0.1569159	7.986945	-6.571991
891	1	225.5665	0	225.5665	0.1346733	0.8113826	0.002169986	5.146879	3.044337
892	0	-277.4584	0	-277.4584	0.08174528	0.7003694	0.1620114	8.479354	-6.453135
893	1	225.2549	0	225.2549	0.1371948	0.8147595	0.002199405	5.052285	3.049822
894	0	-279.1433	0	-279.1433	0.09713172	0.7429912	0.1819496	7.136157	-6.559379
895	1	224.0216	0	224.0216	0.08540913	0.7115965	0.001553789	8.11561	3.044406
896	0	-278.1502	0	-278.1502	0.0580919	0.6056529	0.1314884	11.93191	-6.51335
897	1	223.7526	0	223.7526	0.1636908	0.8442765	0.001996491	4.234491	3.044406
898	0	-279.3653	0	-279.3653	0.05743379	0.6023272	0.1287709	12.06863	-6.606372
899	1	225.2855	0	225.2855	0.1009132	0.7518462	0.001534798	6.868746	3.044406
900	0	-278.2368	0	-278.2368	0.05616981	0.5958112	0.1231086	12.34021	-6.523287
901	1	225.4729	0	225.4729	0.1347351	0.8114667	0.002194858	5.144519	3.044406
902	0	-278.5651	0	-278.5651	0.07332835	0.6715098	0.1691474	9.452649	-6.41049
903	1	222.6916	0	222.6916	0.1257259	0.7983958	0.001496805	5.513162	3.044406
904	0	-278.359	0	-278.359	0.0907883	0.7268008	0.1755266	7.634763	-6.328752
905	1	225.7615	0	225.7615	0.1269024	0.8001989	0.00199969	5.46205	3.044406
906	0	-280.2642	0	-280.2642	0.08239144	0.7024041	0.17209	8.412855	-6.626778
907	1	225.7232	0	225.7232	0.1280397	0.8019134	0.001850425	5.413534	3.046869
908	0	-280.7935	0	-280.7935	0.04752371	0.5462698	0.1182333	14.58529	-6.218851
909	1	224.6977	0	224.6977	0.1045837	0.7599275	0.001457439	6.627678	3.046869
910	0	-280.0298	0	-280.0298	0.0405531	0.499006	0.1088642	17.09234	-6.569518
911	1	219.615	0	219.615	0.05978252	0.6139925	0.001394741	11.59448	3.046869
912	0	-278.5201	0	-278.5201	0.04891815	0.5548908	0.109549	14.16953	-6.405467
913	1	224.5763	0	224.5763	0.1456062	0.8252322	0.0025013	4.760424	3.046869
914	0	-278.9878	0	-278.9878	0.07285813	0.6697584	0.1641232	9.513656	-6.311543
915	1	224.0924	0	224.0924	0.1610308	0.8417327	0.002007172	4.30444	3.046869
916	0	-277.5445	0	-277.5445	0.06381498	0.6327617	0.1366071	10.86183	-6.41173
917	1	225.2889	0	225.2889	0.1654262	0.8458934	0.002290792	4.190069	3.046869
918	0	-277.6138	0	-277.6138	0.08907792	0.7221222	0.1601706	7.781358	-6.409048
919	1	225.4223	0	225.4223	0.1529232	0.8334556	0.002396303	4.532649	3.046869
920	0	-278.77	0	-278.77	0.114281	0.7791242	0.2046931	6.065289	-6.388726
921	1	224.4368	0	224.4368	0.1935188	0.8681295	0.003041635	3.581808	3.046869
922	0	-278.3541	0	-278.3541	0.09645099	0.7413367	0.1598027	7.186522	-6.441529
923	1	225.5126	0	225.5126	0.1527675	0.8332885	0.002137597	4.537268	3.046869
924	0	-278.4462	0	-278.4462	0.0945425	0.7365947	0.1653755	7.331594	-6.340947
925	1	225.3742	0	225.3742	0.1214192	0.7915258	0.001918896	5.708711	3.038152
926	0	-277.5879	0	-277.5879	0.0847279	0.709565	0.1529126	8.180861	-6.461643
927	1	224.1676	0	224.1676	0.2115083	0.8793143	0.002829757	3.277163	3.045452
928	0	-277.3211	0	-277.3211	0.0759181	0.6808797	0.1511356	9.130197	-6.422526
929	1	224.4789	0	224.4789	0.1567727	0.837488	0.002673505	4.42135	3.045452
930	0	-277.6719	0	-277.6719	0.07710973	0.6850393	0.1615332	8.989102	-6.464214
931	1	221.3874	0	221.3874	0.3009529	0.9151619	0.004767108	2.303175	3.043974
932	0	-280.2622	0	-280.2622	0.1365106	0.8138546	0.2571822	5.077608	-6.418939
933	1	222.5881	0	222.5881	0.2723289	0.9062462	0.00364722	2.545258	3.043974
934	0	-278.5117	0	-278.5117	0.08378913	0.7067242	0.1437244	8.272519	-6.516877
935	1	225.6081	0	225.6081	0.1376249	0.815324	0.002195529	5.036497	3.043974
936	0	-277.3497	0	-277.3497	0.07717969	0.6852807	0.1451648	8.980954	-6.437312
937	1	225.5348	0	225.5348	0.124354	0.796254	0.002031771	5.573986	3.043974
938	0	-280.4587	0	-280.4587	0.05679419	0.5990513	0.1483776	12.20454	-6.587241
939	1	225.8138	0	225.8138	0.1445245	0.8239497	0.002114796	4.796054	3.043974
940	0	-278.7126	0	-278.7126	0.06752285	0.6487296	0.151537	10.26537	-6.31043
941	1	225.865	0	225.865	0.1374037	0.8150341	0.002059716	5.044605	3.043974
942	0	-277.7956	0	-277.7956	0.08876113	0.7212402	0.1552606	7.809129	-6.45725
943	1	225.8122	0	225.8122	0.1216864	0.7919647	0.00188557	5.696177	3.043974
944	0	-278.9301	0	-278.9301	0.08461502	0.7092259	0.1378808	8.191774	-6.491233
945	1	225.7473	0	225.7473	0.116004	0.7822414	0.001807207	5.9752	3.043974
946	0	-277.6796	0	-277.6796	0.09160842	0.728995	0.1728772	7.566413	-6.459797
947	1	223.923	0	223.923	0.2047332	0.8753302	0.002626334	3.385611	3.04389
948	0	-281.9976	0	-281.9976	0.09439735	0.7362277	0.2234405	7.342867	-6.283514
949	1	225.7433	0	225.7433	0.1473618	0.8272759	0.002108985	4.703711	3.04389
950	0	-278.7167	0	-278.7167	0.08971128	0.7238711	0.1509047	7.726422	-6.515639
951	1	223.5405	0	223.5405	0.1385796	0.8165655	0.002556097	5.001799	3.04389
952	0	-278.4769	0	-278.4769	0.1054383	0.7617407	0.1865663	6.573961	-6.48367
953	1	225.469	0	225.469	0.1508844	0.8312405	0.002237717	4.593896	3.0393
954	0	-279.942	0	-279.942	0.05288583	0.5780558	0.1097281	13.10648	-6.271701
955	1	225.7674	0	225.7674	0.146999	0.8268573	0.002148124	4.71532	3.042793
956	0	-278.5519	0	-278.5519	0.06363841	0.6319715	0.1358826	10.89196	-6.568346
957	1	225.1242	0	225.1242	0.1356127	0.8126543	0.002276806	5.111226	3.042793
958	0	-278.6578	0	-278.6578	0.08278763	0.7036398	0.1709382	8.372594	-6.309091
959	1	224.2665	0	224.2665	0.08484453	0.7099146	0.001484998	8.169615	3.042793
960	0	-280.4383	0	-280.4383	0.1045302	0.7598132	0.1818153	6.631071	-6.588638
961	1	225.2538	0	225.2538	0.1080821	0.7671949	0.001813909	6.413156	3.042793
962	0	-280.4661	0	-280.4661	0.09635245	0.7410956	0.1960918	7.193872	-6.603356
963	1	224.2146	0	224.2146	0.1092192	0.769471	0.001870105	6.346384	3.034243
964	0	-277.4419	0	-277.4419	0.07133141	0.6639614	0.1482705	9.717279	-6.454996
965	1	224.1877	0	224.1877	0.1104154	0.7718216	0.002021983	6.27763	3.043446
966	0	-277.3805	0	-277.3805	0.08112263	0.6983858	0.1506569	8.544437	-6.434333
967	1	225.3322	0	225.3322	0.1433463	0.822532	0.002032395	4.835472	3.050047
968	0	-277.8271	0	-277.8271	0.08920665	0.7224793	0.1693588	7.770129	-6.364848
969	1	225.0758	0	225.0758	0.1615602	0.8422455	0.002475061	4.290333	3.050047
970	0	-280.0992	0	-280.0992	0.1055489	0.7619736	0.2001531	6.567071	-6.274664
971	1	224.5543	0	224.5543	0.1899841	0.8656862	0.002764652	3.648449	3.050047
972	0	-284.0361	0	-284.0361	0.1653414	0.8458151	0.2694079	4.192219	-6.285205
973	1	225.49	0	225.49	0.1369527	0.8144403	0.002066557	5.061217	3.050047
974	0	-283.4387	0	-283.4387	0.1363766	0.8136764	0.2257883	5.082597	-6.602829
975	1	225.3178	0	225.3178	0.1135366	0.7777517	0.001816457	6.105055	3.050047
976	0	-277.9701	0	-277.9701	0.09926194	0.7480482	0.1795943	6.983011	-6.39588
977	1	224.4718	0	224.4718	0.09909196	0.7476512	0.001739604	6.994989	3.050047
978	0	-280.6913	0	-280.6913	0.1120575	0.7749775	0.2391833	6.185637	-6.518773
979	1	224.8005	0	224.8005	0.1005331	0.7509811	0.001488222	6.894716	3.050047
980	0	-279.5192	0	-279.5192	0.08645076	0.7146552	0.1990622	8.017826	-6.452131
981	1	225.3871	0	225.3871	0.1482147	0.8282522	0.002199144	4.676642	3.050047
982	0	-277.8507	0	-277.8507	0.08454656	0.70902	0.148419	8.198408	-6.475277
983	1	225.1775	0	225.1775	0.1607948	0.8415031	0.002319666	4.310757	3.050047
984	0	-278.3946	0	-278.3946	0.07837979	0.6893716	0.1498608	8.843443	-6.304492
985	1	225.0052	0	225.0052	0.1364889	0.8138259	0.002248106	5.078413	3.050047
986	0	-277.7755	0	-277.7755	0.08405916	0.7075463	0.1586129	8.245944	-6.355637
987	1	225.2044	0	225.2044	0.1128455	0.7764633	0.001844397	6.142445	3.050047
988	0	-281.8842	0	-281.8842	0.1012017	0.7524992	0.2034967	6.849164	-6.21
989	1	225.2763	0	225.2763	0.1356206	0.8126649	0.001851662	5.110928	3.040265
990	0	-277.7891	0	-277.7891	0.07967754	0.6936936	0.1652781	8.699404	-6.379231
991	1	224.5466	0	224.5466	0.1721831	0.851888	0.002210025	4.02564	3.044299
992	0	-278.7123	0	-278.7123	0.0961718	0.7406525	0.2019645	7.207385	-6.405529
993	1	225.493	0	225.493	0.1668533	0.8471987	0.00244114	4.154232	3.044299
994	0	-281.2952	0	-281.2952	0.07688277	0.6842543	0.1990155	9.015637	-6.422072
995	1	224.9615	0	224.9615	0.1306901	0.8058028	0.001719727	5.303745	3.044299
996	0	-278.7061	0	-278.7061	0.1147854	0.7800453	0.2018449	6.038635	-6.434692
997	1	225.0463	0	225.0463	0.0969575	0.7425696	0.001625492	7.14898	3.044299
998	0	-279.6976	0	-279.6976	0.08810976	0.7194109	0.1798344	7.866861	-6.594099
999	1	225.0736	0	225.0736	0.1199413	0.7890661	0.001991448	5.779054	3.050273
1000	0	-279.4282	0	-279.4282	0.1072934	0.765592	0.1695712	6.460294	-6.379526
1001	1	224.8516	0	224.8516	0.1638178	0.8443959	0.002572241	4.231209	3.050273
1002	0	-278.1588	0	-278.1588	0.07893349	0.6912284	0.1571171	8.781408	-6.320712
1003	1	224.9992	0	224.9992	0.1592168	0.8399511	0.002203449	4.353479	3.050273
1004	0	-277.6563	0	-277.6563	0.08260667	0.7030765	0.1521218	8.390934	-6.487889
1005	1	224.4761	0	224.4761	0.1577291	0.8384606	0.002064504	4.394541	3.050273
1006	0	-277.9703	0	-277.9703	0.06953912	0.6569342	0.1481968	9.96773	-6.520178
1007	1	225.4255	0	225.4255	0.1222902	0.7929504	0.0019127	5.66805	3.050273
1008	0	-278.18	0	-278.18	0.07749681	0.6863706	0.1330891	8.944203	-6.464218
1009	1	223.8242	0	223.8242	0.106352	0.7636518	0.001405967	6.517483	3.048813
1010	0	-279.7921	0	-279.7921	0.1046333	0.7600334	0.1689917	6.624538	-6.52855
1011	1	225.5102	0	225.5102	0.131634	0.8071531	0.001872596	5.265715	3.048813
1012	0	-282.4952	0	-282.4952	0.1328569	0.8088763	0.193456	5.217248	-6.499382
1013	1	224.2065	0	224.2065	0.1392212	0.8173909	0.002449722	4.978747	3.048813
1014	0	-278.5722	0	-278.5722	0.08441016	0.7086089	0.1852406	8.211656	-6.399136
1015	1	225.5234	0	225.5234	0.1138113	0.77826	0.001761132	6.09032	3.048813
1016	0	-279.4051	0	-279.4051	0.08255727	0.7029224	0.1453147	8.395956	-6.58096
1017	1	225.5866	0	225.5866	0.1249581	0.7972024	0.002020858	5.547036	3.04267
1018	0	-277.4797	0	-277.4797	0.07532019	0.6787571	0.1471056	9.202675	-6.377755
1019	1	225.6794	0	225.6794	0.1539035	0.8345008	0.002243477	4.503779	3.04267
1020	0	-278.4829	0	-278.4829	0.08101253	0.6980327	0.1633716	8.556049	-6.553853
1021	1	224.8487	0	224.8487	0.1460198	0.8257179	0.002467189	4.746941	3.04267
1022	0	-278.0557	0	-278.0557	0.05612893	0.5955976	0.1180284	12.3492	-6.384584
1023	1	225.5149	0	225.5149	0.162913	0.843541	0.00232776	4.254707	3.04267
1024	0	-279.0094	0	-279.0094	0.07974168	0.6939045	0.1695419	8.692407	-6.567571
1025	1	224.9775	0	224.9775	0.09513941	0.7380944	0.001463642	7.285594	3.04267
1026	0	-280.2828	0	-280.2828	0.1079869	0.7670024	0.2153881	6.41881	-6.287585
1027	1	222.5648	0	222.5648	0.07032019	0.6600267	0.001371979	9.857015	3.04267
1028	0	-279.6425	0	-279.6425	0.1154459	0.7812406	0.2189642	6.004089	-6.519665
1029	1	224.9584	0	224.9584	0.1685178	0.8486941	0.002233564	4.113198	3.04267
1030	0	-278.9271	0	-278.9271	0.1187067	0.7869695	0.2142513	5.839159	-6.429386
1031	1	225.1186	0	225.1186	0.1063936	0.7637382	0.001809562	6.514933	3.04267
1032	0	-278.1536	0	-278.1536	0.09745041	0.7437593	0.1875451	7.11282	-6.373929
1033	1	224.532	0	224.532	0.1498177	0.8300586	0.002572945	4.626605	3.04267
1034	0	-278.2656	0	-278.2656	0.08940973	0.7230409	0.1483756	7.752481	-6.426802
1035	1	225.0594	0	225.0594	0.180902	0.8589784	0.002572945	3.831618	3.04095
1036	0	-278.6295	0	-278.6295	0.09682085	0.742238	0.1725764	7.159069	-6.527982
1037	1	224.595	0	224.595	0.1942876	0.8686493	0.002967238	3.567634	3.04095
1038	0	-279.4964	0	-279.4964	0.1073369	0.7656808	0.1958061	6.45768	-6.304157
1039	1	225.1357	0	225.1357	0.1563381	0.8370422	0.00250758	4.433643	3.04095
1040	0	-280.4163	0	-280.4163	0.1061031	0.763134	0.1857356	6.53277	-6.266579
1041	1	224.612	0	224.612	0.1378392	0.8156041	0.001881582	5.028666	3.052665
1042	0	-279.2907	0	-279.2907	0.09893358	0.7472804	0.1749108	7.006187	-6.297697
1043	1	224.3063	0	224.3063	0.1513444	0.8317452	0.002581577	4.579932	3.038589
1044	0	-278.3343	0	-278.3343	0.1078159	0.7666561	0.1989322	6.428989	-6.425444
1045	1	224.2347	0	224.2347	0.1986737	0.8715391	0.002718479	3.488872	3.038589
1046	0	-279.1117	0	-279.1117	0.09783174	0.744673	0.1886398	7.085095	-6.551599
1047	1	224.2119	0	224.2119	0.2049597	0.8754676	0.00286239	3.381871	3.049409
1048	0	-278.2229	0	-278.2229	0.05146639	0.5699926	0.1131256	13.46796	-6.431822
1049	1	225.1998	0	225.1998	0.1458132	0.8254756	0.002327989	4.753665	3.049409
1050	0	-277.956	0	-277.956	0.06423652	0.6346371	0.1218615	10.79055	-6.395388
1051	1	225.0637	0	225.0637	0.1137316	0.7781128	0.001604944	6.094587	3.049409
1052	0	-278.4862	0	-278.4862	0.07910974	0.6918154	0.1677065	8.761844	-6.536756
1053	1	223.6762	0	223.6762	0.1566057	0.837317	0.002777162	4.426066	3.048344
1054	0	-280.3854	0	-280.3854	0.06498048	0.6379085	0.1273367	10.66701	-6.220874
1055	1	224.4873	0	224.4873	0.1885524	0.8646709	0.002950535	3.676152	3.048344
1056	0	-277.508	0	-277.508	0.08690626	0.7159749	0.1666797	7.975803	-6.450372
1057	1	223.7687	0	223.7687	0.1630346	0.8436564	0.002846354	4.251533	3.039891
1058	0	-277.8006	0	-277.8006	0.07949114	0.6930792	0.1401467	8.719804	-6.462954
1059	1	224.3909	0	224.3909	0.1185909	0.7867709	0.002112348	5.844857	3.039891
1060	0	-277.6877	0	-277.6877	0.07789144	0.687718	0.1439514	8.898887	-6.368111
1061	1	224.3053	0	224.3053	0.189702	0.8654874	0.002500118	3.653873	3.039891
1062	0	-280.37	0	-280.37	0.09390491	0.7349757	0.2166846	7.381373	-6.367356
1063	1	225.3565	0	225.3565	0.1444686	0.8238829	0.002111193	4.797909	3.037906
1064	0	-277.4798	0	-277.4798	0.0724571	0.6682521	0.144582	9.566312	-6.379142
1065	1	225.2846	0	225.2846	0.1298201	0.8045421	0.001847845	5.33929	3.037906
1066	0	-277.7711	0	-277.7711	0.08637422	0.7144324	0.1541545	8.024932	-6.479174
1067	1	225.3544	0	225.3544	0.1235855	0.7950354	0.001949267	5.608646	3.037906
1068	0	-278.6979	0	-278.6979	0.08923051	0.7225453	0.1494702	7.768052	-6.346887
1069	1	225.6033	0	225.6033	0.1287832	0.8030192	0.00181991	5.38228	3.046946
1070	0	-278.1072	0	-278.1072	0.07493725	0.677385	0.1551392	9.249701	-6.328754
1071	1	224.0794	0	224.0794	0.08299345	0.7042783	0.001466934	8.35183	3.046946
1072	0	-277.6882	0	-277.6882	0.05963707	0.6132863	0.1254423	11.62276	-6.46275
1073	1	225.6292	0	225.6292	0.1210546	0.790924	0.001930872	5.725905	3.046946
1074	0	-278.5775	0	-278.5775	0.07812408	0.6885076	0.1471962	8.872388	-6.296674
1075	1	224.5643	0	224.5643	0.1307613	0.8059052	0.002246117	5.300858	3.050437
1076	0	-281.0105	0	-281.0105	0.03580766	0.462362	0.1135365	19.35751	-6.331093
1077	1	225.2843	0	225.2843	0.1236612	0.7951561	0.001986485	5.605213	3.050437
1078	0	-278.4082	0	-278.4082	0.0509118	0.5667756	0.1114757	13.61467	-6.39353
1079	1	225.3369	0	225.3369	0.1432403	0.8224034	0.002059765	4.83905	3.050437
1080	0	-277.5804	0	-277.5804	0.07658356	0.6832141	0.159186	9.050861	-6.460024
1081	1	225.5454	0	225.5454	0.1301639	0.805042	0.002077194	5.325189	3.047833
1082	0	-278.2544	0	-278.2544	0.09434691	0.7360999	0.1899052	7.346793	-6.3796
1083	1	225.3145	0	225.3145	0.1519842	0.8324424	0.002084405	4.560654	3.047833
1084	0	-279.1099	0	-279.1099	0.08815007	0.7195247	0.1973003	7.863263	-6.443685
1085	1	225.1824	0	225.1824	0.1692775	0.8493672	0.002576963	4.094738	3.047833
1086	0	-280.8282	0	-280.8282	0.1248135	0.7969761	0.2630802	5.553465	-6.406434
1087	1	225.5246	0	225.5246	0.1101663	0.7713357	0.001688465	6.291826	3.047833
1088	0	-277.4829	0	-277.4829	0.06884104	0.6541302	0.1431671	10.06881	-6.470661
1089	1	225.4247	0	225.4247	0.1321355	0.8078633	0.00183199	5.245731	3.047833
1090	0	-278.3353	0	-278.3353	0.09901506	0.7474713	0.1933428	7.000422	-6.482215
1091	1	223.9235	0	223.9235	0.09256348	0.7315111	0.001698442	7.488344	3.039322
1092	0	-278.7917	0	-278.7917	0.09712407	0.7429728	0.2046809	7.136719	-6.425772
1093	1	225.0373	0	225.0373	0.09990189	0.7495325	0.001536445	6.938279	3.039322
1094	0	-278.3606	0	-278.3606	0.0736426	0.6726716	0.1631301	9.412313	-6.35306
1095	1	225.7528	0	225.7528	0.1302974	0.8052356	0.00197892	5.31973	3.047605
1096	0	-278.5327	0	-278.5327	0.06406449	0.6338737	0.1325623	10.81952	-6.298472
1097	1	225.4414	0	225.4414	0.1068863	0.7647565	0.001634043	6.484903	3.047605
1098	0	-282.5599	0	-282.5599	0.09469381	0.7369763	0.1602444	7.319878	-6.659894
1099	1	224.818	0	224.818	0.1437417	0.8230102	0.002426114	4.822171	3.047605
1100	0	-278.4913	0	-278.4913	0.08459813	0.7091752	0.1795692	8.19341	-6.349721
1101	1	225.3166	0	225.3166	0.1040674	0.7588199	0.001683244	6.660559	3.047605
1102	0	-278.358	0	-278.358	0.08510961	0.7107064	0.1518203	8.14417	-6.531236
1103	1	225.4076	0	225.4076	0.1081163	0.767264	0.001607388	6.411125	3.047362
1104	0	-280.2522	0	-280.2522	0.09788738	0.7448058	0.1969497	7.081068	-6.261339
1105	1	224.6501	0	224.6501	0.1187824	0.7870992	0.002074235	5.835435	3.039594
1106	0	-277.4796	0	-277.4796	0.08543185	0.7116638	0.1580604	8.113452	-6.404415
1107	1	225.0003	0	225.0003	0.1660984	0.846511	0.002601517	4.173112	3.039594
1108	0	-278.3237	0	-278.3237	0.08799605	0.7190893	0.1583466	7.877026	-6.32874
1109	1	224.3375	0	224.3375	0.1798034	0.858122	0.002313706	3.855028	3.041154
1110	0	-278.2149	0	-278.2149	0.07621336	0.6819191	0.1656007	9.094825	-6.502601
1111	1	224.7806	0	224.7806	0.1672267	0.8475367	0.002714894	4.144955	3.041154
1112	0	-278.1168	0	-278.1168	0.08158065	0.6998471	0.1657343	8.496466	-6.336553
1113	1	224.1534	0	224.1534	0.2157073	0.8816591	0.003219071	3.213368	3.041154
1114	0	-277.8739	0	-277.8739	0.09789078	0.744814	0.1818686	7.080822	-6.447731
1115	1	224.5067	0	224.5067	0.195741	0.8696211	0.00301992	3.541144	3.041154
1116	0	-278.3422	0	-278.3422	0.09212071	0.7303498	0.1876495	7.524336	-6.365827
1117	1	225.5323	0	225.5323	0.1541258	0.834736	0.00234424	4.497282	3.041154
1118	0	-277.6742	0	-277.6742	0.09305528	0.7327906	0.1703941	7.448768	-6.408582
1119	1	222.8847	0	222.8847	0.1364278	0.8137446	0.002590283	5.080689	3.041154
1120	0	-277.5192	0	-277.5192	0.08233705	0.7022337	0.1577023	8.418411	-6.478411
1121	1	225.1128	0	225.1128	0.1800116	0.8582851	0.00261596	3.850569	3.041154
1122	0	-278.3063	0	-278.3063	0.05323655	0.580011	0.1272149	13.02014	-6.387514
1123	1	224.0926	0	224.0926	0.1178281	0.7854536	0.002149446	5.882699	3.041154
1124	0	-277.5092	0	-277.5092	0.08763875	0.7180749	0.1648953	7.90914	-6.406331
1125	1	221.3636	0	221.3636	0.1218314	0.7922023	0.002497437	5.689396	3.041154
1126	0	-277.5051	0	-277.5051	0.07537453	0.6789511	0.1397627	9.19604	-6.400128
1127	1	225.3492	0	225.3492	0.1605954	0.8413086	0.002476819	4.316109	3.041154
1128	0	-280.3764	0	-280.3764	0.06184021	0.6237616	0.1456567	11.20868	-6.228124
1129	1	224.9727	0	224.9727	0.1635632	0.8441562	0.002176068	4.237795	3.041154
1130	0	-279.4018	0	-279.4018	0.08781635	0.71858	0.1853868	7.893145	-6.564845
1131	1	225.3664	0	225.3664	0.1118595	0.7746012	0.00161586	6.196586	3.041154
1132	0	-277.8001	0	-277.8001	0.08223713	0.7019203	0.1441229	8.428641	-6.461319
1133	1	225.4674	0	225.4674	0.1072315	0.7654652	0.001646045	6.464027	3.041154
1134	0	-279.5997	0	-279.5997	0.07051647	0.6607965	0.120538	9.829579	-6.544303
1135	1	224.2679	0	224.2679	0.09486391	0.7374041	0.001357686	7.306753	3.041154
1136	0	-277.8238	0	-277.8238	0.05870728	0.608722	0.1214795	11.80684	-6.399335
1137	1	224.0848	0	224.0848	0.08357361	0.7060652	0.0013199	8.293852	3.041154
1138	0	-277.5007	0	-277.5007	0.07128612	0.6637869	0.1501979	9.723452	-6.450681
1139	1	224.8106	0	224.8106	0.1001196	0.7500337	0.001567999	6.923194	3.036913
1140	0	-278.2552	0	-278.2552	0.08093982	0.6977991	0.176825	8.563735	-6.449133
1141	1	223.7753	0	223.7753	0.1365769	0.8139427	0.001734128	5.075143	3.036913
1142	0	-277.762	0	-277.762	0.07161831	0.6650638	0.143988	9.678351	-6.516347
1143	1	224.7461	0	224.7461	0.1020127	0.7543182	0.001530541	6.794712	3.036913
1144	0	-278.4658	0	-278.4658	0.09689215	0.7424111	0.1590229	7.153801	-6.437531
1145	1	223.5983	0	223.5983	0.08117062	0.6985395	0.001490964	8.539385	3.049047
1146	0	-277.4959	0	-277.4959	0.08034715	0.6958834	0.1629498	8.626905	-6.423777
1147	1	223.4406	0	223.4406	0.2055083	0.8757991	0.003252794	3.372843	3.051792
1148	0	-279.5535	0	-279.5535	0.08930297	0.7227459	0.202257	7.761749	-6.479351
1149	1	221.6155	0	221.6155	0.283597	0.9099706	0.004184886	2.444127	3.051792
1150	0	-277.4781	0	-277.4781	0.07951969	0.6931735	0.149056	8.716673	-6.473441
1151	1	224.1697	0	224.1697	0.19001	0.8657044	0.002875485	3.647951	3.051792
1152	0	-277.9852	0	-277.9852	0.06980174	0.6579793	0.1256748	9.930228	-6.414458
1153	1	224.1431	0	224.1431	0.151177	0.8315619	0.002560749	4.585004	3.051792
1154	0	-279.3396	0	-279.3396	0.06580605	0.6414824	0.1122877	10.53318	-6.409687
1155	1	223.995	0	223.995	0.1104924	0.7719713	0.001989163	6.273258	3.051792
1156	0	-279.3079	0	-279.3079	0.04110672	0.5030318	0.1119889	16.86214	-6.426071
1157	1	224.4743	0	224.4743	0.1134854	0.7776567	0.001565335	6.107811	3.051792
1158	0	-280.5565	0	-280.5565	0.1056005	0.7620821	0.1620078	6.563861	-6.330651
1159	1	224.6698	0	224.6698	0.1480819	0.8281009	0.002004243	4.680838	3.051792
1160	0	-277.6732	0	-277.6732	0.06931644	0.6560439	0.1326936	9.999752	-6.375587
1161	1	225.2707	0	225.2707	0.111302	0.7735354	0.001820543	6.227628	3.049196
1162	0	-277.5555	0	-277.5555	0.08434256	0.7084047	0.1561754	8.218237	-6.385634
1163	1	223.8678	0	223.8678	0.1705705	0.8504992	0.002688699	4.063699	3.033777
1164	0	-282.4906	0	-282.4906	0.07025508	0.6597707	0.1109962	9.866151	-6.589812
1165	1	223.9942	0	223.9942	0.08586979	0.7129562	0.001527059	8.072073	3.050036
1166	0	-278.4025	0	-278.4025	0.06717836	0.6472951	0.1395199	10.31801	-6.562533
1167	1	223.3202	0	223.3202	0.1321463	0.8078785	0.002447175	5.245303	3.050036
1168	0	-277.4877	0	-277.4877	0.08383415	0.7068615	0.1645818	8.268077	-6.453452
1169	1	225.7805	0	225.7805	0.1400521	0.8184493	0.002032917	4.949208	3.046302
1170	0	-277.6479	0	-277.6479	0.07990485	0.69444	0.1660655	8.674657	-6.432184
1171	1	225.1196	0	225.1196	0.1103532	0.7717004	0.001549583	6.28117	3.046302
1172	0	-278.3224	0	-278.3224	0.08049684	0.6963692	0.1399955	8.610862	-6.350093
1173	1	224.3023	0	224.3023	0.09603476	0.7403156	0.001360457	7.217669	3.046302
1174	0	-277.5217	0	-277.5217	0.08860218	0.7207957	0.1635615	7.823139	-6.413781
1175	1	224.5447	0	224.5447	0.08644786	0.7146468	0.001443211	8.018096	3.044901
1176	0	-277.9477	0	-277.9477	0.09201388	0.7300682	0.1846214	7.533072	-6.44181
1177	1	224.013	0	224.013	0.08310415	0.7046207	0.001292026	8.340705	3.044901
1178	0	-281.1493	0	-281.1493	0.1500872	0.8303588	0.2752298	4.618296	-6.462696
1179	1	223.8551	0	223.8551	0.09012396	0.7250002	0.001681465	7.691042	3.044901
1180	0	-278.6744	0	-278.6744	0.1136583	0.7779773	0.2095562	6.098516	-6.419022
1181	1	224.6278	0	224.6278	0.1756545	0.8547933	0.002278695	3.946084	3.044901
1182	0	-278.599	0	-278.599	0.1094044	0.7698378	0.1968642	6.335641	-6.476232
1183	1	225.6598	0	225.6598	0.156786	0.8375015	0.002303827	4.420977	3.044901
1184	0	-281.5076	0	-281.5076	0.1149801	0.780399	0.1682029	6.028408	-6.498268
1185	1	225.4543	0	225.4543	0.1125939	0.7759908	0.001657313	6.156172	3.048093
1186	0	-280.2247	0	-280.2247	0.1237715	0.7953316	0.2461434	5.600217	-6.487832
1187	1	225.0809	0	225.0809	0.1403593	0.8188376	0.001876655	4.938376	3.048093
1188	0	-278.828	0	-278.828	0.09741456	0.7436731	0.156182	7.115437	-6.449413
1189	1	225.3263	0	225.3263	0.1632102	0.8438228	0.002313159	4.246961	3.048093
1190	0	-277.9621	0	-277.9621	0.08398975	0.7073353	0.1610826	8.252759	-6.519953
1191	1	225.7057	0	225.7057	0.1365094	0.813853	0.002020913	5.077653	3.048093
1192	0	-277.701	0	-277.701	0.08538588	0.7115276	0.1640198	8.11782	-6.367687
1193	1	224.8092	0	224.8092	0.1297585	0.8044522	0.002227644	5.341826	3.048093
1194	0	-279.0181	0	-279.0181	0.05306985	0.5790835	0.137483	13.06103	-6.455454
1195	1	223.7536	0	223.7536	0.1988192	0.8716328	0.003256439	3.486319	3.048093
1196	0	-278.3702	0	-278.3702	0.08638302	0.714458	0.1580201	8.024114	-6.539149
1197	1	225.531	0	225.531	0.1518056	0.8322483	0.002287065	4.56602	3.048093
1198	0	-279.3007	0	-279.3007	0.1092213	0.769475	0.1756929	6.346266	-6.374062
1199	1	225.5381	0	225.5381	0.1460305	0.8257304	0.002069736	4.746592	3.048093
1200	0	-277.9858	0	-277.9858	0.08008315	0.6950233	0.1441209	8.655343	-6.508396
1201	1	225.6996	0	225.6996	0.1339241	0.8103564	0.001964056	5.175672	3.048093
1202	0	-278.9799	0	-278.9799	0.05248172	0.5757849	0.1360698	13.2074	-6.430991
1203	1	224.0654	0	224.0654	0.1715	0.8513028	0.002902807	4.041676	3.048093
1204	0	-278.7304	0	-278.7304	0.0903919	0.7257289	0.1454743	7.668244	-6.41368
1205	1	224.6024	0	224.6024	0.1739436	0.8533756	0.002823188	3.984895	3.047357
1206	0	-279.7636	0	-279.7636	0.09785767	0.7447349	0.1709258	7.083218	-6.576743
1207	1	224.3908	0	224.3908	0.2074423	0.8769542	0.003062259	3.341398	3.047357
1208	0	-279.6624	0	-279.6624	0.09434076	0.7360843	0.208662	7.347271	-6.497608
1209	1	224.2434	0	224.2434	0.2143952	0.8809362	0.0030634	3.233034	3.047357
1210	0	-278.1812	0	-278.1812	0.05104927	0.5675766	0.11754	13.578	-6.42006
1211	1	224.0297	0	224.0297	0.1378881	0.8156679	0.002470626	5.026882	3.047357
1212	0	-279.1423	0	-279.1423	0.04342868	0.5193869	0.1029746	15.96059	-6.399597
1213	1	222.8072	0	222.8072	0.132574	0.8084802	0.002364287	5.228381	3.031375
1214	0	-278.7147	0	-278.7147	0.04625923	0.5382239	0.1074166	14.98398	-6.458737
1215	1	223.0744	0	223.0744	0.1765603	0.8555331	0.002785795	3.925838	3.031375
1216	0	-279.0208	0	-279.0208	0.0609879	0.6197647	0.1499875	11.36532	-6.3565
1217	1	222.3161	0	222.3161	0.1460451	0.8257475	0.002625743	4.746117	3.031375
1218	0	-277.7596	0	-277.7596	0.08188082	0.7007982	0.1571548	8.465318	-6.507138
1219	1	224.2803	0	224.2803	0.1791679	0.8576219	0.002720259	3.868702	3.052601
1220	0	-282.9419	0	-282.9419	0.1625327	0.8431789	0.2993507	4.264663	-6.310155
1221	1	225.0896	0	225.0896	0.1369815	0.8144783	0.002240573	5.060152	3.049828
1222	0	-279.1532	0	-279.1532	0.04744215	0.5457575	0.1236006	14.61037	-6.357602
1223	1	225.5866	0	225.5866	0.135367	0.8123233	0.00208246	5.120502	3.03952
1224	0	-279.224	0	-279.224	0.04856699	0.5527441	0.129961	14.27198	-6.464229
1225	1	223.9522	0	223.9522	0.2008865	0.8729497	0.003199026	3.450441	3.03952
1226	0	-278.8208	0	-278.8208	0.05868728	0.6086229	0.1287438	11.81086	-6.577822
1227	1	224.8828	0	224.8828	0.1614822	0.8421701	0.002595208	4.292406	3.03952
1228	0	-279.8402	0	-279.8402	0.1234125	0.7947594	0.1970209	5.616505	-6.445
1229	1	225.0897	0	225.0897	0.104557	0.7598704	0.00173726	6.629372	3.03952
1230	0	-279.3361	0	-279.3361	0.10464	0.7600477	0.1950518	6.624114	-6.547073
1231	1	223.9941	0	223.9941	0.08772145	0.7183103	0.001584421	7.901684	3.03952
1232	0	-279.6861	0	-279.6861	0.08430092	0.7082789	0.1351327	8.222297	-6.334079
1233	1	224.9657	0	224.9657	0.1721874	0.8518917	0.002373703	4.025539	3.03952
1234	0	-278.4538	0	-278.4538	0.06383683	0.6328593	0.1501406	10.85811	-6.493197
1235	1	225.303	0	225.303	0.1450562	0.8245824	0.002002918	4.778473	3.03952
1236	0	-280.1117	0	-280.1117	0.08517682	0.7109065	0.141474	8.137744	-6.57888
1237	1	225.1924	0	225.1924	0.1618307	0.8425062	0.002253448	4.283162	3.03952
1238	0	-277.4587	0	-277.4587	0.0746511	0.6763532	0.1475288	9.285157	-6.481518
1239	1	225.0167	0	225.0167	0.1629588	0.8435844	0.002568269	4.253513	3.03952
1240	0	-278.6875	0	-278.6875	0.06777876	0.6497891	0.1520326	10.22661	-6.552636
1241	1	222.9147	0	222.9147	0.0806795	0.6969602	0.001480928	8.591367	3.033762
1242	0	-277.6176	0	-277.6176	0.07951939	0.6931725	0.152527	8.716706	-6.496925
1243	1	224.4029	0	224.4029	0.1145369	0.7795924	0.001502936	6.051735	3.044278
1244	0	-278.5096	0	-278.5096	0.08862124	0.7208491	0.1544918	7.821457	-6.330912
1245	1	225.3293	0	225.3293	0.1023525	0.7550732	0.001546623	6.772155	3.044278
1246	0	-279.8052	0	-279.8052	0.07074016	0.6616702	0.1625363	9.798496	-6.267495
1247	1	225.784	0	225.784	0.1170481	0.7840908	0.001784618	5.921902	3.044278
1248	0	-278.8151	0	-278.8151	0.05348105	0.5813655	0.1266508	12.96061	-6.318715
1249	1	221.7322	0	221.7322	0.1007482	0.7514714	0.001742651	6.879994	3.024836
1250	0	-279.41	0	-279.41	0.04401049	0.5233549	0.1132036	15.74959	-6.330184
1251	1	221.2392	0	221.2392	0.08463249	0.7092784	0.001519373	8.190084	3.024836
1252	0	-279.4816	0	-279.4816	0.09254772	0.7314699	0.1427662	7.489619	-6.431056
1253	1	216.1131	0	216.1131	0.09964445	0.7489373	0.00148505	6.956205	3.074881
1254	0	-277.6591	0	-277.6591	0.06453835	0.6359702	0.1368506	10.74008	-6.37758
1255	1	224.4634	0	224.4634	0.09797706	0.7450197	0.001644161	7.074587	3.035884
1256	0	-278.682	0	-278.682	0.09715068	0.7430371	0.1985561	7.134764	-6.365257
1257	1	220.3424	0	220.3424	0.1616246	0.8423076	0.002380043	4.288625	3.023157
1258	0	-280.8815	0	-280.8815	0.04165838	0.5069943	0.1082	16.63884	-6.239462
1259	1	219.9597	0	219.9597	0.1520295	0.8324916	0.002085907	4.559293	3.023157
1260	0	-281.4758	0	-281.4758	0.04833984	0.5513469	0.1397299	14.33904	-6.599361
1261	1	221.5505	0	221.5505	0.1235233	0.7949363	0.002200617	5.611468	3.026051
1262	0	-279.3679	0	-279.3679	0.07302445	0.6703797	0.1190772	9.491987	-6.420571
1263	1	219.5858	0	219.5858	0.2007496	0.8728633	0.003462785	3.452795	3.026051
1264	0	-278.2837	0	-278.2837	0.1021909	0.7547146	0.1876159	6.782867	-6.370043
1265	1	220.8801	0	220.8801	0.2683873	0.9048697	0.003839709	2.582638	3.031819
1266	0	-280.1726	0	-280.1726	0.1146321	0.779766	0.1946508	6.046713	-6.30227
1267	1	222.6707	0	222.6707	0.1206957	0.7903285	0.002219101	5.742931	3.031819
1268	0	-278.5689	0	-278.5689	0.08977221	0.7240383	0.1926909	7.721178	-6.412409
1269	1	224.1545	0	224.1545	0.1836144	0.86105	0.002423597	3.775014	3.0504
1270	0	-277.6001	0	-277.6001	0.08826034	0.7198356	0.1606663	7.853439	-6.397506
1271	1	222.994	0	222.994	0.2265005	0.8872899	0.003336782	3.060246	3.053023
1272	0	-277.9245	0	-277.9245	0.09689319	0.7424136	0.1711562	7.153725	-6.399381
1273	1	224.5321	0	224.5321	0.1599851	0.8407105	0.002491071	4.332573	3.053023
1274	0	-282.7867	0	-282.7867	0.1348019	0.8115576	0.2259637	5.14197	-6.25493
1275	1	223.8536	0	223.8536	0.1408351	0.8194359	0.002448288	4.921693	3.03559
1276	0	-279.7054	0	-279.7054	0.0938164	0.7347496	0.2118618	7.388337	-6.418674
1277	1	223.0499	0	223.0499	0.2309211	0.8894451	0.003363431	3.001663	3.052284
1278	0	-279.7239	0	-279.7239	0.1102469	0.7714932	0.1862428	6.287225	-6.536485
1279	1	223.8827	0	223.8827	0.1860236	0.8628402	0.002657915	3.726125	3.034426
1280	0	-279.3429	0	-279.3429	0.07770221	0.6870731	0.1473264	8.92056	-6.602564
1281	1	223.193	0	223.193	0.2133858	0.8803741	0.003092596	3.248329	3.034426
1282	0	-277.6419	0	-277.6419	0.08082099	0.6974167	0.1664797	8.576326	-6.409642
1283	1	223.2278	0	223.2278	0.2259578	0.8870196	0.003474484	3.067595	3.037234
1284	0	-277.7678	0	-277.7678	0.06907569	0.655077	0.1483915	10.0346	-6.492162
1285	1	225.2044	0	225.2044	0.1139763	0.7785644	0.001800927	6.081502	3.037234
1286	0	-278.8356	0	-278.8356	0.04607103	0.5370074	0.1083923	15.04519	-6.495345
1287	1	224.2069	0	224.2069	0.1338749	0.8102887	0.002332997	5.177573	3.037234
1288	0	-278.5942	0	-278.5942	0.05700602	0.600141	0.1280332	12.15919	-6.555969
1289	1	224.4807	0	224.4807	0.1695478	0.8496052	0.002338213	4.088211	3.052107
1290	0	-277.626	0	-277.626	0.06120576	0.6207929	0.1253133	11.32487	-6.449749
1291	1	223.3165	0	223.3165	0.1472908	0.8271941	0.001957174	4.705979	3.032039
1292	0	-279.1527	0	-279.1527	0.08429218	0.7082524	0.1398123	8.22315	-6.329611
1293	1	224.2689	0	224.2689	0.1194701	0.7882706	0.001882167	5.801845	3.032039
1294	0	-277.7474	0	-277.7474	0.09477989	0.737193	0.1752809	7.31323	-6.451412
1295	1	224.2374	0	224.2374	0.1334307	0.8096749	0.002072742	5.19481	3.032039
1296	0	-279.0129	0	-279.0129	0.06034961	0.6167258	0.1437694	11.48553	-6.555023
1297	1	224.078	0	224.078	0.1078501	0.7667255	0.001633938	6.426949	3.032039
1298	0	-277.6569	0	-277.6569	0.06705599	0.6467831	0.1272213	10.33684	-6.447393
1299	1	223.7398	0	223.7398	0.1554162	0.8360888	0.002472147	4.459943	3.032039
1300	0	-278.4653	0	-278.4653	0.0642721	0.6347947	0.1413475	10.78457	-6.554672
1301	1	224.8028	0	224.8028	0.1621589	0.8428214	0.002302392	4.274493	3.036448
1302	0	-277.7665	0	-277.7665	0.05863436	0.6083604	0.1271244	11.82152	-6.473445
1303	1	223.3805	0	223.3805	0.177885	0.8566018	0.003107717	3.896602	3.04791
1304	0	-278.9489	0	-278.9489	0.05753702	0.6028518	0.1454272	12.04698	-6.460593
1305	1	223.7786	0	223.7786	0.213114	0.8802218	0.002796595	3.252472	3.04791
1306	0	-277.6156	0	-277.6156	0.09144369	0.7285567	0.1663002	7.580044	-6.417007
1307	1	223.8725	0	223.8725	0.1368571	0.814314	0.00247185	5.064751	3.04791
1308	0	-279.0288	0	-279.0288	0.08913843	0.7222901	0.1651914	7.776076	-6.571883
1309	1	224.2049	0	224.2049	0.2119187	0.8795476	0.003145457	3.270816	3.04791
1310	0	-278.1094	0	-278.1094	0.08602516	0.7134123	0.1815154	8.057494	-6.440929
1311	1	224.7608	0	224.7608	0.1084126	0.7678606	0.001894435	6.393606	3.04791
1312	0	-277.4323	0	-277.4323	0.07295684	0.6701273	0.1476717	9.500785	-6.391249
1313	1	225.2279	0	225.2279	0.1053073	0.7614643	0.001579657	6.582141	3.048856
1314	0	-277.3791	0	-277.3791	0.07765729	0.6869197	0.1470286	8.92572	-6.402939
1315	1	223.4662	0	223.4662	0.1431912	0.8223437	0.002630644	4.84071	3.046297
1316	0	-277.881	0	-277.881	0.06497731	0.6378946	0.13167	10.66753	-6.348275
1317	1	225.3606	0	225.3606	0.1257822	0.7984827	0.00172832	5.510695	3.046297
1318	0	-278.33	0	-278.33	0.09873971	0.7468251	0.1658598	7.019943	-6.395987
1319	1	223.8338	0	223.8338	0.09395541	0.7351046	0.001758344	7.377405	3.046297
1320	0	-279.1635	0	-279.1635	0.1123258	0.7754854	0.202088	6.170863	-6.510835
1321	1	225.4287	0	225.4287	0.1128396	0.7764524	0.001632841	6.142763	3.047153
1322	0	-277.7237	0	-277.7237	0.08905292	0.7220528	0.1765305	7.783542	-6.410757
1323	1	224.9523	0	224.9523	0.09740003	0.7436382	0.001463974	7.116499	3.047153
1324	0	-278.4551	0	-278.4551	0.1092164	0.7694654	0.2010254	6.34655	-6.450137
1325	1	222.8015	0	222.8015	0.08619122	0.7138984	0.001366371	8.04197	3.030512
1326	0	-278.2995	0	-278.2995	0.1057937	0.7624875	0.185292	6.551873	-6.401376
1327	1	223.1949	0	223.1949	0.1305047	0.8055354	0.00178321	5.31128	3.030512
1328	0	-279.6799	0	-279.6799	0.1090805	0.7691956	0.2256865	6.354454	-6.491032
1329	1	224.75	0	224.75	0.1995198	0.8720821	0.002909352	3.474078	3.043535
1330	0	-280.0843	0	-280.0843	0.09322357	0.733226	0.1864264	7.435321	-6.254319
1331	1	224.7221	0	224.7221	0.1623902	0.8430428	0.002093895	4.268404	3.043535
1332	0	-278.7066	0	-278.7066	0.05244171	0.575559	0.1293476	13.21748	-6.359447
1333	1	225.2496	0	225.2496	0.1062121	0.763361	0.001759487	6.526069	3.041095
1334	0	-277.6751	0	-277.6751	0.07741155	0.6860782	0.143092	8.954053	-6.491503
1335	1	224.7389	0	224.7389	0.128823	0.8030781	0.002230819	5.380617	3.040902
1336	0	-278.7579	0	-278.7579	0.04632719	0.538662	0.1178219	14.962	-6.465619
1337	1	224.9086	0	224.9086	0.1784028	0.8570153	0.002456296	3.885292	3.040119
1338	0	-278.4426	0	-278.4426	0.05555577	0.5925834	0.1249824	12.4766	-6.331116
1339	1	223.4612	0	223.4612	0.1386895	0.8167073	0.002548897	4.997836	3.040119
1340	0	-279.0367	0	-279.0367	0.1047761	0.7603378	0.1668908	6.61551	-6.421874
1341	1	225.0275	0	225.0275	0.1536014	0.83418	0.002437298	4.512637	3.038356
1342	0	-278.244	0	-278.244	0.0944104	0.7362607	0.1668908	7.341852	-6.504261
1343	1	224.3365	0	224.3365	0.08793194	0.7189078	0.001418671	7.882769	3.038356
1344	0	-278.7336	0	-278.7336	0.08166904	0.7001277	0.152192	8.48727	-6.29164
1345	1	224.866	0	224.866	0.0973784	0.7435862	0.001579866	7.118079	3.038356
1346	0	-279.866	0	-279.866	0.1304541	0.8054623	0.2299745	5.31334	-6.372876
1347	1	223.9406	0	223.9406	0.09342839	0.7337541	0.001343061	7.419021	3.038356
1348	0	-278.2883	0	-278.2883	0.0954601	0.7388939	0.1946598	7.261119	-6.436535
1349	1	224.8321	0	224.8321	0.1722176	0.8519175	0.00238383	4.024833	3.038356
1350	0	-278.3002	0	-278.3002	0.08923726	0.722564	0.1852604	7.767464	-6.374392
1351	1	225.1024	0	225.1024	0.1603814	0.8410994	0.002459135	4.321867	3.038356
1352	0	-278.2144	0	-278.2144	0.1041371	0.75897	0.1805758	6.6561	-6.429543
1353	1	223.558	0	223.558	0.2237431	0.8859028	0.003055033	3.09796	3.038356
1354	0	-279.5297	0	-279.5297	0.1199645	0.7891052	0.2023999	5.777935	-6.489773
1355	1	224.4737	0	224.4737	0.1813141	0.8592971	0.00284416	3.822909	3.038356
1356	0	-277.3512	0	-277.3512	0.07920393	0.6921284	0.1484663	8.751424	-6.424907
1357	1	225.2296	0	225.2296	0.111038	0.7730277	0.001874434	6.24243	3.045735
1358	0	-278.9411	0	-278.9411	0.09564745	0.7393589	0.1817348	7.246896	-6.303732
1359	1	225.4113	0	225.4113	0.1314575	0.806902	0.002159439	5.272784	3.045735
1360	0	-277.7754	0	-277.7754	0.06529521	0.6392779	0.1247697	10.61559	-6.464727
1361	1	225.7778	0	225.7778	0.1369933	0.8144939	0.001966398	5.059717	3.045735
1362	0	-281.0165	0	-281.0165	0.06206085	0.624785	0.1051307	11.16883	-6.323071
1363	1	225.0933	0	225.0933	0.1307652	0.8059108	0.001740331	5.3007	3.045735
1364	0	-277.4963	0	-277.4963	0.06780582	0.6499008	0.1372893	10.22253	-6.385803
1365	1	225.1072	0	225.1072	0.1809404	0.8590082	0.002529167	3.830803	3.045735
1366	0	-278.5447	0	-278.5447	0.09338791	0.7336499	0.1965214	7.422237	-6.44669
1367	1	224.798	0	224.798	0.1853869	0.8623715	0.002495655	3.738922	3.045735
1368	0	-277.7742	0	-277.7742	0.09317107	0.7330903	0.1771194	7.439511	-6.462398
1369	1	224.4708	0	224.4708	0.1555623	0.8362407	0.002209139	4.455752	3.053963
1370	0	-277.5183	0	-277.5183	0.07624167	0.6820185	0.1520377	9.091448	-6.485833
1371	1	224.5987	0	224.5987	0.1667593	0.8471134	0.0021667	4.156574	3.040498
1372	0	-277.9566	0	-277.9566	0.06361795	0.6318797	0.1422082	10.89547	-6.494794
1373	1	225.6752	0	225.6752	0.1326409	0.8085741	0.002050342	5.225742	3.040498
1374	0	-278.3265	0	-278.3265	0.07962904	0.693534	0.1637854	8.704703	-6.540233
1375	1	225.3506	0	225.3506	0.1108476	0.7726601	0.001617439	6.253154	3.040498
1376	0	-280.7379	0	-280.7379	0.04484242	0.5289414	0.1317273	15.4574	-6.331172
1377	1	224.7668	0	224.7668	0.1196799	0.7886255	0.002081091	5.791674	3.040498
1378	0	-281.2618	0	-281.2618	0.09145222	0.7285795	0.1508899	7.579337	-6.241886
1379	1	224.0105	0	224.0105	0.1184892	0.7865962	0.00210821	5.849874	3.05233
1380	0	-277.969	0	-277.969	0.1005239	0.75096	0.1838179	6.89535	-6.444185
1381	1	224.2778	0	224.2778	0.1657296	0.8461727	0.002080516	4.182399	3.043708
1382	0	-279.1577	0	-279.1577	0.07572925	0.6802119	0.1723483	9.152965	-6.539749
1383	1	225.5777	0	225.5777	0.140782	0.8193693	0.002242248	4.923548	3.043708
1384	0	-279.7642	0	-279.7642	0.07031462	0.6600048	0.1143035	9.857797	-6.440414
1385	1	225.5965	0	225.5965	0.1602713	0.8409915	0.002307172	4.324837	3.043708
1386	0	-280.2365	0	-280.2365	0.1318963	0.8075251	0.251463	5.255245	-6.375191
1387	1	225.7228	0	225.7228	0.1515338	0.8319523	0.002189148	4.574207	3.043708
1388	0	-279.6549	0	-279.6549	0.102023	0.7543411	0.1635558	6.794028	-6.333842
1389	1	224.6966	0	224.6966	0.1629743	0.8435991	0.002098072	4.253109	3.043708
1390	0	-277.5763	0	-277.5763	0.06917676	0.6554835	0.1338643	10.01994	-6.382765
1391	1	225.8644	0	225.8644	0.1293015	0.8037832	0.001971598	5.360705	3.043708
1392	0	-280.4462	0	-280.4462	0.1229256	0.7939781	0.2488924	5.638755	-6.494179
1393	1	224.76	0	224.76	0.108607	0.7682507	0.001497233	6.382159	3.041286
1394	0	-284.0207	0	-284.0207	0.1519733	0.8324307	0.338978	4.560979	-6.377303
1395	1	225.2264	0	225.2264	0.1039883	0.7586493	0.001742518	6.665625	3.044525
1396	0	-283.4314	0	-283.4314	0.1915966	0.8668119	0.3491243	3.617742	-6.407302
1397	1	224.3301	0	224.3301	0.1285384	0.8026564	0.002300637	5.39253	3.044525
1398	0	-280.8511	0	-280.8511	0.1305204	0.805558	0.2633982	5.310644	-6.483932
1399	1	225.8009	0	225.8009	0.136834	0.8142835	0.00197374	5.065605	3.042882
1400	0	-280.8696	0	-280.8696	0.1065805	0.7641254	0.2342372	6.503509	-6.52713
1401	1	223.6697	0	223.6697	0.148663	0.8287612	0.001806678	4.662539	3.042882
1402	0	-279.5281	0	-279.5281	0.05979179	0.6140374	0.1439254	11.59268	-6.28219
1403	1	224.8135	0	224.8135	0.1447297	0.8241944	0.002457632	4.789253	3.042882
1404	0	-278.8966	0	-278.8966	0.08983902	0.7242215	0.1443144	7.715436	-6.4703
1405	1	221.1285	0	221.1285	0.1335772	0.8098777	0.00272974	5.189113	3.046006
1406	0	-283.2619	0	-283.2619	0.07404369	0.6741443	0.2066644	9.361327	-6.486244
1407	1	225.5095	0	225.5095	0.1610199	0.8417222	0.002425665	4.304729	3.046006
1408	0	-282.276	0	-282.276	0.09856532	0.7464143	0.1801564	7.032364	-6.664855
1409	1	225.4308	0	225.4308	0.1679277	0.8481673	0.002428706	4.127652	3.046006
1410	0	-279.4074	0	-279.4074	0.1219787	0.792443	0.2246368	5.682527	-6.475412
1411	1	225.6664	0	225.6664	0.1431471	0.8222901	0.002016703	4.842201	3.046006
1412	0	-281.4015	0	-281.4015	0.1309736	0.8062102	0.2432751	5.292265	-6.287818
1413	1	225.163	0	225.163	0.1730189	0.8525979	0.002660123	4.006193	3.046006
1414	0	-280.2531	0	-280.2531	0.1275054	0.8011114	0.2545172	5.436219	-6.39888
1415	1	223.6853	0	223.6853	0.2280538	0.8880567	0.003514701	3.039402	3.046006
1416	0	-277.7571	0	-277.7571	0.09325589	0.7333094	0.1647186	7.432744	-6.422545
1417	1	224.1852	0	224.1852	0.2103856	0.8786717	0.003240187	3.294652	3.046006
1418	0	-278.1111	0	-278.1111	0.09408241	0.7354282	0.1857599	7.367447	-6.376471
1419	1	225.3877	0	225.3877	0.1029825	0.7564618	0.001584893	6.730727	3.046006
1420	0	-278.5701	0	-278.5701	0.04834399	0.5513725	0.1189342	14.33781	-6.393372
1421	1	225.7427	0	225.7427	0.1252691	0.7976873	0.001812053	5.533266	3.046006
1422	0	-278.3859	0	-278.3859	0.09848628	0.7462277	0.1779129	7.038008	-6.508712
1423	1	224.817	0	224.817	0.1523555	0.8328445	0.002451001	4.549539	3.037446
1424	0	-280.3871	0	-280.3871	0.08641642	0.7145553	0.1902212	8.021013	-6.595078
1425	1	225.1209	0	225.1209	0.147386	0.8273037	0.00207213	4.702939	3.037446
1426	0	-278.6984	0	-278.6984	0.1093409	0.7697122	0.1950556	6.33932	-6.486759
1427	1	225.3798	0	225.3798	0.1267379	0.7999487	0.001898653	5.46914	3.037446
1428	0	-277.6714	0	-277.6714	0.08838533	0.7201873	0.1744199	7.842333	-6.409361
1429	1	224.2727	0	224.2727	0.1051705	0.7611751	0.001462338	6.590702	3.037446
1430	0	-277.6483	0	-277.6483	0.06116198	0.6205867	0.1335444	11.33297	-6.412435
1431	1	223.5084	0	223.5084	0.1469005	0.8267434	0.002574542	4.71848	3.053249
1432	0	-278.1452	0	-278.1452	0.05257436	0.5763072	0.1143786	13.18413	-6.423145
1433	1	224.6382	0	224.6382	0.1532599	0.833816	0.002163318	4.522691	3.053249
1434	0	-277.5108	0	-277.5108	0.07524085	0.6784737	0.1553414	9.212378	-6.399444
1435	1	223.2994	0	223.2994	0.2443322	0.8955083	0.003329267	2.836905	3.047424
1436	0	-279.8377	0	-279.8377	0.1122319	0.7753079	0.2320618	6.176025	-6.36706
1437	1	224.0735	0	224.0735	0.139471	0.8177103	0.002456632	4.96983	3.038487
1438	0	-280.1821	0	-280.1821	0.1040338	0.7587473	0.1585185	6.662713	-6.491532
1439	1	224.9448	0	224.9448	0.1620189	0.8426871	0.002544386	4.278187	3.038487
1440	0	-277.8321	0	-277.8321	0.06207604	0.6248553	0.1377705	11.1661	-6.383014
1441	1	225.4716	0	225.4716	0.1320204	0.8077007	0.001918579	5.250304	3.038487
1442	0	-278.8657	0	-278.8657	0.09725177	0.7432811	0.1586804	7.127348	-6.488901
1443	1	225.304	0	225.304	0.1253774	0.7978558	0.001753786	5.528485	3.049056
1444	0	-280.1791	0	-280.1791	0.1017521	0.7537364	0.1763009	6.812114	-6.270143
1445	1	225.5204	0	225.5204	0.1200721	0.789286	0.001763266	5.772759	3.049056
1446	0	-278.2718	0	-278.2718	0.09100273	0.7273775	0.1548409	7.616773	-6.48784
1447	1	225.3071	0	225.3071	0.1648627	0.845372	0.002435791	4.204391	3.048415
1448	0	-278.8678	0	-278.8678	0.1126378	0.7760734	0.2139247	6.153772	-6.386486
1449	1	225.1484	0	225.1484	0.1272216	0.800683	0.001734426	5.448346	3.048415
1450	0	-278.2214	0	-278.2214	0.07757211	0.6866285	0.1707018	8.935521	-6.392062
1451	1	224.2783	0	224.2783	0.08588987	0.7130153	0.001486169	8.070186	3.048415
1452	0	-277.9279	0	-277.9279	0.05903456	0.6103386	0.1299842	11.74138	-6.499555
1453	1	224.8145	0	224.8145	0.1271954	0.8006433	0.002199728	5.449468	3.041504
1454	0	-281.09	0	-281.09	0.1178354	0.7854663	0.2547616	5.882334	-6.49472
1455	1	223.7798	0	223.7798	0.1181436	0.7860002	0.002198659	5.866989	3.04258
1456	0	-279.2842	0	-279.2842	0.1060319	0.7629855	0.1810426	6.537157	-6.528661
1457	1	225.0461	0	225.0461	0.1808452	0.8589344	0.00275187	3.832821	3.04258
1458	0	-279.8084	0	-279.8084	0.073981	0.6739148	0.1630161	9.369259	-6.610063
1459	1	223.6435	0	223.6435	0.185801	0.8626767	0.002330317	3.730588	3.048986
1460	0	-279.1898	0	-279.1898	0.06711889	0.6470465	0.1247065	10.32715	-6.575982
1461	1	225.6303	0	225.6303	0.1349012	0.8116925	0.002012571	5.138185	3.048986
1462	0	-277.5207	0	-277.5207	0.0695329	0.6569094	0.1373535	9.968622	-6.379745
1463	1	224.3407	0	224.3407	0.1335819	0.8098842	0.002345967	5.18893	3.048986
1464	0	-279.0208	0	-279.0208	0.0786449	0.690263	0.1661475	8.813631	-6.286424
1465	1	222.7246	0	222.7246	0.2454693	0.8959921	0.003876208	2.823763	3.048986
1466	0	-280.172	0	-280.172	0.1319456	0.807595	0.2461947	5.253278	-6.479294
1467	1	223.1484	0	223.1484	0.2265556	0.8873173	0.002954438	3.059502	3.049606
1468	0	-280.2464	0	-280.2464	0.1347846	0.8115341	0.219263	5.142628	-6.421654
1469	1	224.2946	0	224.2946	0.192242	0.8672571	0.002707571	3.605598	3.051034
1470	0	-280.1297	0	-280.1297	0.1285502	0.8026739	0.2429259	5.392035	-6.490014
1471	1	223.8401	0	223.8401	0.1954861	0.8694517	0.00309878	3.545762	3.051034
1472	0	-280.7677	0	-280.7677	0.1480091	0.8280178	0.2542907	4.68314	-6.418438
1473	1	223.6373	0	223.6373	0.1324106	0.8082509	0.002447627	5.234831	3.043229
1474	0	-277.9428	0	-277.9428	0.08399348	0.7073467	0.1491823	8.252393	-6.496688
1475	1	224.9091	0	224.9091	0.1713332	0.8511592	0.002265226	4.04561	3.043229
1476	0	-278.5238	0	-278.5238	0.05143366	0.5698038	0.1141951	13.47653	-6.35619
1477	1	225.0286	0	225.0286	0.1864554	0.8631562	0.002768795	3.717496	3.043229
1478	0	-278.8751	0	-278.8751	0.06834949	0.6521327	0.1202236	10.14122	-6.352007
1479	1	225.3592	0	225.3592	0.1730515	0.8526255	0.002531404	4.005439	3.043229
1480	0	-278.6446	0	-278.6446	0.08307283	0.7045239	0.1715359	8.34385	-6.548859
1481	1	224.6251	0	224.6251	0.1317459	0.8073119	0.001696517	5.261244	3.043229
1482	0	-278.862	0	-278.862	0.07355372	0.6723437	0.1696902	9.423686	-6.357277
1483	1	225.0951	0	225.0951	0.1836886	0.8611057	0.002727377	3.773491	3.043229
1484	0	-278.2418	0	-278.2418	0.06534334	0.6394865	0.1212735	10.60777	-6.494823
1485	1	221.4081	0	221.4081	0.2497328	0.8977666	0.004355753	2.775556	3.043229
1486	0	-278.3584	0	-278.3584	0.07964285	0.6935794	0.1521292	8.703194	-6.30735
1487	1	222.0407	0	222.0407	0.2291837	0.888608	0.002723834	3.024418	3.043229
1488	0	-277.3652	0	-277.3652	0.06825312	0.6517388	0.1391412	10.15554	-6.444093
1489	1	225.8249	0	225.8249	0.1275505	0.8011793	0.001864374	5.434297	3.043229
1490	0	-277.7938	0	-277.7938	0.09580172	0.7397407	0.1713906	7.235227	-6.415009
1491	1	225.5277	0	225.5277	0.1106705	0.7723171	0.001628031	6.263162	3.043229
1492	0	-277.8576	0	-277.8576	0.06727484	0.6476978	0.1499651	10.30322	-6.461155
1493	1	225.2094	0	225.2094	0.09911756	0.7477111	0.0016238	6.993182	3.043229
1494	0	-279.4359	0	-279.4359	0.1003554	0.7505747	0.207079	6.906927	-6.527367
1495	1	219.9829	0	219.9829	0.169766	0.8497969	0.001829306	4.082956	3.040807
1496	0	-277.7808	0	-277.7808	0.09051346	0.7260584	0.1707813	7.657946	-6.482709
1497	1	224.8482	0	224.8482	0.09175667	0.7293883	0.001527342	7.554188	3.045682
1498	0	-280.9628	0	-280.9628	0.1059345	0.7627821	0.2302261	6.543167	-6.549773
1499	1	221.9968	0	221.9968	0.1119186	0.7747135	0.001338884	6.193317	3.045682
1500	0	-277.5804	0	-277.5804	0.08420346	0.7079839	0.1664411	8.231813	-6.3931
1501	1	225.3118	0	225.3118	0.1420511	0.8209479	0.002322314	4.879564	3.045682
1502	0	-280.144	0	-280.144	0.08026859	0.6956278	0.1684091	8.635348	-6.234651
1503	1	223.9592	0	223.9592	0.1680434	0.8482709	0.002905504	4.12481	3.045682
1504	0	-277.6251	0	-277.6251	0.0859023	0.7130518	0.1708644	8.069017	-6.453438
1505	1	225.0937	0	225.0937	0.1785896	0.8571638	0.002721675	3.88123	3.045682
1506	0	-277.6507	0	-277.6507	0.0818782	0.7007899	0.1476655	8.465589	-6.386605
1507	1	224.7663	0	224.7663	0.1503578	0.830659	0.002538661	4.609986	3.045682
1508	0	-278.6721	0	-278.6721	0.08270848	0.7033937	0.1818448	8.380606	-6.492987
1509	1	225.4488	0	225.4488	0.1490846	0.829237	0.002367636	4.649356	3.045682
1510	0	-277.4975	0	-277.4975	0.07134236	0.6640036	0.1402809	9.715787	-6.485043
1511	1	225.7668	0	225.7668	0.1190613	0.7875757	0.001850293	5.821768	3.045682
1512	0	-278.4129	0	-278.4129	0.06017384	0.615882	0.1153015	11.51908	-6.375832
1513	1	224.5709	0	224.5709	0.1009425	0.7519126	0.001799685	6.866753	3.045682
1514	0	-278.297	0	-278.297	0.07843667	0.6895632	0.1510526	8.837029	-6.30963
1515	1	225.7117	0	225.7117	0.1481201	0.8281445	0.002247192	4.679628	3.045682
1516	0	-277.6043	0	-277.6043	0.06537897	0.6396409	0.1304431	10.60199	-6.480618
1517	1	224.5427	0	224.5427	0.1981025	0.8711699	0.002673885	3.498932	3.045682
1518	0	-279.1924	0	-279.1924	0.1067044	0.7643815	0.2205767	6.495956	-6.424264
1519	1	225.075	0	225.075	0.1830436	0.860619	0.002565892	3.786788	3.045682
1520	0	-277.5345	0	-277.5345	0.07812942	0.6885257	0.1599837	8.871782	-6.460157
1521	1	224.5882	0	224.5882	0.1717962	0.8515571	0.002825599	4.034706	3.045682
1522	0	-277.8651	0	-277.8651	0.07406398	0.6742185	0.141516	9.358762	-6.342307
1523	1	223.3605	0	223.3605	0.1823575	0.8600975	0.002754135	3.801035	3.032178
1524	0	-278.3275	0	-278.3275	0.05238706	0.5752501	0.1254918	13.23127	-6.389223
1525	1	223.3087	0	223.3087	0.1285321	0.8026471	0.002257024	5.392793	3.032178
1526	0	-277.4389	0	-277.4389	0.08188267	0.700804	0.1624332	8.465127	-6.441154
1527	1	224.2732	0	224.2732	0.1133737	0.7774494	0.001774534	6.113825	3.032178
1528	0	-278.1387	0	-278.1387	0.05684456	0.5993109	0.1152989	12.19373	-6.471433
1529	1	222.2391	0	222.2391	0.221053	0.8845163	0.002693615	3.135661	3.038374
1530	0	-281.146	0	-281.146	0.05632785	0.5966353	0.1478856	12.30559	-6.241189
1531	1	224.8647	0	224.8647	0.1926923	0.8675661	0.00268932	3.597171	3.045045
1532	0	-278.602	0	-278.602	0.05478913	0.588495	0.1292153	12.65118	-6.535989
1533	1	225.5696	0	225.5696	0.1413294	0.8200535	0.002249754	4.904479	3.045045
1534	0	-277.439	0	-277.439	0.07095072	0.6624892	0.1453029	9.769417	-6.469672
1535	1	225.3251	0	225.3251	0.1195304	0.7883727	0.002002088	5.798919	3.045045
1536	0	-280.2456	0	-280.2456	0.1183438	0.7863457	0.1804324	5.857066	-6.438023
1537	1	225.4476	0	225.4476	0.1540891	0.8346973	0.00211185	4.498352	3.045045
1538	0	-278.5843	0	-278.5843	0.07757911	0.6866524	0.1708848	8.934715	-6.344537
1539	1	225.1196	0	225.1196	0.1262619	0.7992212	0.002145236	5.489755	3.045045
1540	0	-279.8116	0	-279.8116	0.05910878	0.6107037	0.1434187	11.72664	-6.600811
1541	1	221.1574	0	221.1574	0.1908771	0.8663119	0.00300417	3.631379	3.026961
1542	0	-279.2506	0	-279.2506	0.06842227	0.6524297	0.1620037	10.13043	-6.541742
1543	1	220.6784	0	220.6784	0.1982119	0.8712408	0.002708834	3.497001	3.026961
1544	0	-277.6352	0	-277.6352	0.07168912	0.665335	0.1319292	9.668792	-6.445518
1545	1	221.8114	0	221.8114	0.1492097	0.8293778	0.002521278	4.645456	3.026961
1546	0	-278.8427	0	-278.8427	0.04432247	0.5254619	0.1111673	15.63873	-6.465699
1547	1	222.7403	0	222.7403	0.1272564	0.8007355	0.001982326	5.446857	3.026961
1548	0	-277.8232	0	-277.8232	0.09122905	0.7279839	0.1785938	7.597878	-6.465303
1549	1	222.5196	0	222.5196	0.1236206	0.7950915	0.00179609	5.60705	3.026961
1550	0	-279.7809	0	-279.7809	0.08704999	0.7163892	0.1587429	7.962633	-6.604311
1551	1	224.2167	0	224.2167	0.09730737	0.7434151	0.001652645	7.123275	3.053898
1552	0	-277.657	0	-277.657	0.09219738	0.7305515	0.1662737	7.518079	-6.4396
1553	1	223.7952	0	223.7952	0.1403044	0.8187682	0.002062195	4.94031	3.030746
1554	0	-278.1981	0	-278.1981	0.08810957	0.7194103	0.1623918	7.866878	-6.526462
1555	1	225.3284	0	225.3284	0.1393337	0.8175348	0.002112987	4.974729	3.051018
1556	0	-277.6571	0	-277.6571	0.07635225	0.682406	0.1610663	9.078281	-6.451372
1557	1	223.0691	0	223.0691	0.09091146	0.7271323	0.001772636	7.62442	3.04822
1558	0	-278.4169	0	-278.4169	0.05148193	0.5700822	0.1265428	13.46389	-6.454524
1559	1	223.6742	0	223.6742	0.1381838	0.8160527	0.002514962	5.016126	3.04822
1560	0	-279.5112	0	-279.5112	0.06182718	0.623701	0.156945	11.21104	-6.49827
1561	1	225.3666	0	225.3666	0.1253088	0.7977491	0.002050236	5.531512	3.04822
1562	0	-277.8922	0	-277.8922	0.06183856	0.6237539	0.1405801	11.20898	-6.460109
1563	1	224.9431	0	224.9431	0.1037939	0.7582293	0.001772646	6.678111	3.04822
1564	0	-281.0849	0	-281.0849	0.0818642	0.7007457	0.124906	8.467036	-6.532286
1565	1	225.1194	0	225.1194	0.1172197	0.7843921	0.001625647	5.913229	3.04822
1566	0	-277.965	0	-277.965	0.08584008	0.7128689	0.1501429	8.074867	-6.372832
1567	1	221.7669	0	221.7669	0.1191046	0.7876494	0.001399783	5.819652	3.04822
1568	0	-280.7401	0	-280.7401	0.07845574	0.6896274	0.1472165	8.834882	-6.651692
1569	1	225.4486	0	225.4486	0.1299679	0.8047573	0.002095055	5.333219	3.04822
1570	0	-277.4218	0	-277.4218	0.08322514	0.7049942	0.1581246	8.328579	-6.456964
1571	1	223.3391	0	223.3391	0.1225465	0.7933661	0.001515241	5.656197	3.04822
1572	0	-280.7187	0	-280.7187	0.1329125	0.808954	0.2178883	5.215063	-6.342164
1573	1	225.4624	0	225.4624	0.1574553	0.8381833	0.002319265	4.402184	3.04822
1574	0	-278.0064	0	-278.0064	0.09983224	0.7493717	0.1816741	6.94312	-6.392923
1575	1	224.6023	0	224.6023	0.08908528	0.7221427	0.001435284	7.780715	3.04822
1576	0	-280.1587	0	-280.1587	0.1290613	0.8034298	0.2541687	5.370683	-6.428449
1577	1	225.7051	0	225.7051	0.1323472	0.8081617	0.002001973	5.237337	3.04822
1578	0	-277.8929	0	-277.8929	0.0880959	0.7193717	0.1756016	7.868098	-6.48306
1579	1	225.5159	0	225.5159	0.1134131	0.7775225	0.001799457	6.111702	3.04822
1580	0	-277.7674	0	-277.7674	0.08449329	0.7088595	0.173845	8.203577	-6.425964
1581	1	221.0949	0	221.0949	0.1033387	0.7572405	0.001238997	6.707529	3.04822
1582	0	-277.9825	0	-277.9825	0.05551521	0.5923688	0.1210471	12.48572	-6.38762
1583	1	225.2261	0	225.2261	0.1357073	0.8127815	0.001844076	5.107663	3.04822
1584	0	-277.5775	0	-277.5775	0.0680352	0.6508454	0.1438794	10.18807	-6.38762
1585	1	223.777	0	223.777	0.08845543	0.7203843	0.001642739	7.836118	3.04822
1586	0	-278.2354	0	-278.2354	0.07205221	0.6667195	0.1546571	9.620068	-6.533325
1587	1	224.4752	0	224.4752	0.08722598	0.7168949	0.001460075	7.946568	3.04822
1588	0	-280.3952	0	-280.3952	0.04661059	0.5404819	0.1160975	14.87102	-6.631797
1589	1	224.891	0	224.891	0.1057266	0.7623467	0.001819933	6.556036	3.04822
1590	0	-278.4741	0	-278.4741	0.08460167	0.7091858	0.1843036	8.193067	-6.458546
1591	1	225.8061	0	225.8061	0.1363563	0.8136494	0.0020932	5.083354	3.042961
1592	0	-282.1949	0	-282.1949	0.06037738	0.6168588	0.1610652	11.48025	-6.221967
1593	1	224.9435	0	224.9435	0.1102776	0.771553	0.001668402	6.285477	3.035991
1594	0	-278.1191	0	-278.1191	0.08674339	0.7155043	0.179983	7.990778	-6.478634
1595	1	224.7999	0	224.7999	0.1059174	0.7627462	0.001598934	6.544227	3.035991
1596	0	-278.1652	0	-278.1652	0.08639816	0.7145021	0.1450687	8.022708	-6.447735
1597	1	224.9608	0	224.9608	0.1299396	0.8047162	0.002083325	5.334378	3.035991
1598	0	-278.4642	0	-278.4642	0.07591464	0.6808675	0.1405871	9.130613	-6.552881
1599	1	224.7068	0	224.7068	0.1012094	0.7525164	0.001636662	6.848648	3.035991
1600	0	-279.173	0	-279.173	0.05401049	0.5842748	0.1405488	12.83357	-6.468583
1601	1	224.8778	0	224.8778	0.1211517	0.7910846	0.001817388	5.721317	3.034723
1602	0	-277.4926	0	-277.4926	0.06631859	0.6436719	0.1298609	10.45178	-6.435546
1603	1	224.7265	0	224.7265	0.1355866	0.8126192	0.0021541	5.11221	3.034723
1604	0	-278.238	0	-278.238	0.1052755	0.7613973	0.1969829	6.584125	-6.422053
1605	1	222.534	0	222.534	0.2177766	0.8827816	0.003118725	3.182837	3.055695
1606	0	-280.8649	0	-280.8649	0.1308822	0.806079	0.2040789	5.295961	-6.363865
1607	1	222.1095	0	222.1095	0.2315759	0.8897574	0.003271209	2.993175	3.055695
1608	0	-278.1318	0	-278.1318	0.08202785	0.7012621	0.176001	8.450145	-6.461611
1609	1	225.3586	0	225.3586	0.1543055	0.8349257	0.002144959	4.492045	3.040272
1610	0	-280.1428	0	-280.1428	0.1064316	0.7638171	0.179592	6.512607	-6.564193
1611	1	225.0845	0	225.0845	0.1716213	0.8514071	0.002323951	4.038817	3.046098
1612	0	-280.4502	0	-280.4502	0.1399713	0.8183468	0.2394252	4.952066	-6.464674
1613	1	225.7081	0	225.7081	0.1219288	0.7923616	0.001929188	5.68485	3.046098
1614	0	-278.5409	0	-278.5409	0.1108536	0.7726717	0.1918888	6.252815	-6.415717
1615	1	224.4161	0	224.4161	0.09422966	0.7358025	0.001363358	7.355934	3.046098
1616	0	-278.8131	0	-278.8131	0.1022323	0.7548066	0.1847283	6.780118	-6.327833
1617	1	225.3645	0	225.3645	0.1020309	0.7543588	0.001588748	6.7935	3.046098
1618	0	-278.8859	0	-278.8859	0.1179311	0.7856324	0.2119319	5.877559	-6.412392
1619	1	225.1881	0	225.1881	0.1271741	0.8006111	0.002075395	5.45038	3.038346
1620	0	-280.2389	0	-280.2389	0.09590237	0.7399893	0.1503308	7.227633	-6.537699
1621	1	225.2803	0	225.2803	0.1355507	0.8125709	0.002236144	5.113563	3.041759
1622	0	-280.4069	0	-280.4069	0.05979748	0.614065	0.1098936	11.59158	-6.588403
1623	1	225.0967	0	225.0967	0.1641138	0.8446737	0.002203142	4.223576	3.041759
1624	0	-279.0061	0	-279.0061	0.08357958	0.7060835	0.1541398	8.29326	-6.577924
1625	1	225.1328	0	225.1328	0.1629665	0.8435917	0.002192857	4.253312	3.041759
1626	0	-277.8795	0	-277.8795	0.06688402	0.6460616	0.1288879	10.36342	-6.504826
1627	1	225.2621	0	225.2621	0.1403522	0.8188286	0.002303182	4.938627	3.041759
1628	0	-278.4705	0	-278.4705	0.0525744	0.5763074	0.1301301	13.18412	-6.449603
1629	1	223.6087	0	223.6087	0.1655696	0.8460256	0.002925573	4.18644	3.041759
1630	0	-279.4222	0	-279.4222	0.1051114	0.76105	0.2214375	6.594406	-6.458532
1631	1	225.6266	0	225.6266	0.153989	0.8345913	0.002226863	4.501279	3.041759
1632	0	-280.1891	0	-280.1891	0.1244789	0.7964507	0.1969042	5.568392	-6.376485
1633	1	225.0028	0	225.0028	0.1538656	0.8344606	0.00252549	4.504887	3.041759
1634	0	-278.264	0	-278.264	0.1057041	0.7622996	0.1896922	6.557428	-6.455117
1635	1	225.2827	0	225.2827	0.1581466	0.8388816	0.00249624	4.38294	3.041759
1636	0	-277.4863	0	-277.4863	0.07658783	0.683229	0.15262	9.050357	-6.381475
1637	1	223.5374	0	223.5374	0.2096004	0.8782182	0.003438875	3.306993	3.041759
1638	0	-278.1836	0	-278.1836	0.06608635	0.6426825	0.1528521	10.48851	-6.414643
1639	1	224.9714	0	224.9714	0.1840575	0.8613826	0.002554733	3.765928	3.041759
1640	0	-279.2512	0	-279.2512	0.1221744	0.792762	0.2195613	5.673424	-6.461178
1641	1	223.8648	0	223.8648	0.2244057	0.8862392	0.00340824	3.088813	3.041759
1642	0	-278.5713	0	-278.5713	0.1070879	0.765171	0.1797248	6.472691	-6.44516
1643	1	225.199	0	225.199	0.1767121	0.8556563	0.00262133	3.922467	3.041759
1644	0	-277.3735	0	-277.3735	0.07854988	0.689944	0.1565844	8.824294	-6.418356
1645	1	225.241	0	225.241	0.1741368	0.853537	0.002598167	3.980475	3.041759
1646	0	-277.9861	0	-277.9861	0.06774422	0.6496464	0.1461473	10.23183	-6.518203
1647	1	225.6515	0	225.6515	0.1385429	0.8165181	0.002154769	5.003123	3.047289
1648	0	-280.3614	0	-280.3614	0.1128994	0.7765643	0.2423402	6.139512	-6.467771
1649	1	225.2395	0	225.2395	0.1035076	0.7576083	0.001544742	6.696583	3.047289
1650	0	-279.185	0	-279.185	0.08724517	0.7169499	0.1681454	7.94482	-6.583746
1651	1	224.6698	0	224.6698	0.1174026	0.7847122	0.001954195	5.904021	3.035457
1652	0	-277.6052	0	-277.6052	0.08976547	0.7240198	0.1615754	7.721757	-6.440954
1653	1	224.5772	0	224.5772	0.1121848	0.7752186	0.001604171	6.178621	3.035457
1654	0	-277.6741	0	-277.6741	0.08037144	0.6959623	0.1610898	8.624297	-6.369552
1655	1	224.728	0	224.728	0.103843	0.7583355	0.001625483	6.674953	3.035457
1656	0	-278.6819	0	-278.6819	0.1090105	0.7690562	0.1964671	6.358537	-6.364144
1657	1	224.8957	0	224.8957	0.1332113	0.8093702	0.002114776	5.203367	3.035457
1658	0	-279.9401	0	-279.9401	0.1196635	0.7885978	0.216793	5.792467	-6.529501
1659	1	223.5758	0	223.5758	0.2044428	0.8751536	0.003097141	3.39042	3.035457
1660	0	-278.5261	0	-278.5261	0.07158358	0.6649307	0.1656952	9.683047	-6.460738
1661	1	220.0979	0	220.0979	0.2325186	0.8902039	0.002687218	2.98104	3.035457
1662	0	-280.1451	0	-280.1451	0.1179889	0.7857325	0.1895338	5.874683	-6.339763
1663	1	224.8013	0	224.8013	0.1071801	0.76536	0.001542995	6.467125	3.037696
1664	0	-284.4672	0	-284.4672	0.06889667	0.6543551	0.200308	10.06068	-6.297042
1665	1	224.7972	0	224.7972	0.1136735	0.7780053	0.001939359	6.097704	3.050577
1666	0	-278.6414	0	-278.6414	0.05492007	0.589198	0.1366256	12.62102	-6.473503
1667	1	225.3588	0	225.3588	0.1411757	0.8198618	0.002048438	4.909821	3.050577
1668	0	-278.2467	0	-278.2467	0.06000514	0.6150693	0.1358038	11.55146	-6.343408
1669	1	225.3852	0	225.3852	0.1401523	0.8185761	0.002123705	4.94567	3.050577
1670	0	-281.3506	0	-281.3506	0.1329765	0.8090433	0.2635264	5.212554	-6.524698
1671	1	225.1461	0	225.1461	0.1064511	0.7638576	0.001623396	6.511411	3.050577
1672	0	-280.0164	0	-280.0164	0.1013898	0.7529232	0.1632625	6.836458	-6.543407
1673	1	225.4404	0	225.4404	0.1248646	0.7970561	0.001873117	5.551191	3.050577
1674	0	-277.59	0	-277.59	0.07449686	0.6757947	0.1568888	9.304381	-6.4078
1675	1	225.3843	0	225.3843	0.1305747	0.8056363	0.001895243	5.308435	3.050577
1676	0	-278.6078	0	-278.6078	0.1032945	0.7571442	0.1882301	6.710397	-6.508052
1677	1	222.6804	0	222.6804	0.1581781	0.8389132	0.002909555	4.382069	3.050577
1678	0	-278.9551	0	-278.9551	0.06080023	0.6188753	0.1517897	11.4004	-6.447295
1679	1	222.9545	0	222.9545	0.1503631	0.8306649	0.002759849	4.609823	3.050577
1680	0	-278.1574	0	-278.1574	0.06944587	0.6565619	0.1249301	9.981114	-6.479787
1681	1	224.8443	0	224.8443	0.174143	0.8535422	0.002536103	3.980333	3.050577
1682	0	-277.3513	0	-277.3513	0.07409477	0.674331	0.1408468	9.354873	-6.435222
1683	1	224.4614	0	224.4614	0.1258949	0.7986567	0.002188757	5.50576	3.050577
1684	0	-279.5329	0	-279.5329	0.08254487	0.7028837	0.1864089	8.397217	-6.538731
1685	1	224.4463	0	224.4463	0.09897059	0.7473671	0.001732575	7.003567	3.050577
1686	0	-278.6805	0	-278.6805	0.0883336	0.7200419	0.1919308	7.846926	-6.456901
1687	1	225.0566	0	225.0566	0.1202235	0.78954	0.001833014	5.765488	3.052925
1688	0	-278.56	0	-278.56	0.08102443	0.6980709	0.1712069	8.554793	-6.536919
1689	1	225.3604	0	225.3604	0.1435414	0.8227682	0.002130327	4.828902	3.050635
1690	0	-278.1707	0	-278.1707	0.06935979	0.6562176	0.1256363	9.993502	-6.372699
1691	1	224.3434	0	224.3434	0.1022872	0.7549283	0.001812845	6.776482	3.050635
1692	0	-278.5924	0	-278.5924	0.05149892	0.5701801	0.1270788	13.45945	-6.494378
1693	1	224.8138	0	224.8138	0.1076538	0.7663269	0.001829134	6.438669	3.050635
1694	0	-277.8566	0	-277.8566	0.07468434	0.6764734	0.1331174	9.281025	-6.398929
1695	1	225.2268	0	225.2268	0.1399197	0.8182814	0.002205975	4.953892	3.050635
1696	0	-277.6183	0	-277.6183	0.08951891	0.723342	0.1712046	7.743026	-6.400169
1697	1	225.4288	0	225.4288	0.123258	0.7945121	0.001861537	5.623545	3.050635
1698	0	-277.9893	0	-277.9893	0.09554758	0.7391112	0.167607	7.254471	-6.469354
1699	1	222.5037	0	222.5037	0.195626	0.8695447	0.003428327	3.543227	3.050635
1700	0	-279.7233	0	-279.7233	0.05352755	0.5816223	0.1035251	12.94935	-6.344152
1701	1	224.7345	0	224.7345	0.1785206	0.857109	0.002616261	3.882729	3.050635
1702	0	-277.4508	0	-277.4508	0.07890384	0.6911294	0.1550251	8.784707	-6.388011
1703	1	222.8663	0	222.8663	0.2120877	0.8796434	0.003443467	3.268211	3.052436
1704	0	-278.1998	0	-278.1998	0.07210467	0.6669188	0.1281953	9.613069	-6.490676
1705	1	224.4324	0	224.4324	0.1544795	0.835109	0.002512058	4.486986	3.052436
1706	0	-278.3485	0	-278.3485	0.05629008	0.5964386	0.1335764	12.31384	-6.500009
1707	1	222.9317	0	222.9317	0.1317915	0.8073766	0.002298431	5.259424	3.030487
1708	0	-278.2635	0	-278.2635	0.08302267	0.7043688	0.1757089	8.34889	-6.361348
1709	1	223.1745	0	223.1745	0.136974	0.8144684	0.002334764	5.060429	3.030756
1710	0	-281.0757	0	-281.0757	0.08491785	0.710134	0.1655406	8.162561	-6.65861
1711	1	222.8213	0	222.8213	0.1485647	0.8286498	0.002546601	4.665624	3.030756
1712	0	-279.8208	0	-279.8208	0.1066618	0.7642935	0.2123197	6.498551	-6.305925
1713	1	222.9635	0	222.9635	0.158486	0.8392222	0.002625188	4.373555	3.030756
1714	0	-279.3341	0	-279.3341	0.0756356	0.6798799	0.1729975	9.164298	-6.548383
1715	1	223.8907	0	223.8907	0.1612884	0.8419826	0.002318411	4.297563	3.032381
1716	0	-278.8644	0	-278.8644	0.1089694	0.7689745	0.2076553	6.360933	-6.361609
1717	1	225.2629	0	225.2629	0.1439451	0.8232552	0.002028172	4.815358	3.050278
1718	0	-277.8061	0	-277.8061	0.09109643	0.7276288	0.1602994	7.608939	-6.460143
1719	1	223.5825	0	223.5825	0.205776	0.8759603	0.003330137	3.368455	3.049233
1720	0	-280.58	0	-280.58	0.1389767	0.8170772	0.2648467	4.987506	-6.449931
1721	1	222.6029	0	222.6029	0.1560755	0.8367717	0.002345219	4.441103	3.060447
1722	0	-279.6144	0	-279.6144	0.1256107	0.7982175	0.2116773	5.518219	-6.464032
1723	1	222.1372	0	222.1372	0.144131	0.8234787	0.002468074	4.809146	3.060447
1724	0	-278.4199	0	-278.4199	0.07999192	0.6947251	0.1502297	8.665215	-6.306391
1725	1	222.2033	0	222.2033	0.120966	0.7907773	0.002158562	5.730099	3.060447
1726	0	-278.2331	0	-278.2331	0.06754646	0.6488276	0.1454621	10.26178	-6.541521
1727	1	222.8007	0	222.8007	0.1004321	0.7507504	0.001527665	6.901647	3.060447
1728	0	-278.422	0	-278.422	0.05273583	0.5772151	0.1238055	13.14376	-6.513918
1729	1	225.0384	0	225.0384	0.1139756	0.7785631	0.001805616	6.081538	3.03615
1730	0	-278.8594	0	-278.8594	0.09214155	0.7304046	0.1761495	7.522635	-6.300028
1731	1	223.2042	0	223.2042	0.2190278	0.8834501	0.003379754	3.164655	3.03615
1732	0	-278.8628	0	-278.8628	0.1136315	0.7779276	0.2107488	6.099956	-6.379401
1733	1	225.7154	0	225.7154	0.1344326	0.811054	0.001980219	5.156095	3.047988
1734	0	-278.2219	0	-278.2219	0.1029631	0.7564192	0.1795587	6.731996	-6.458036
1735	1	224.4492	0	224.4492	0.1053917	0.7616425	0.001886103	6.576866	3.047988
1736	0	-279.0827	0	-279.0827	0.09671836	0.7419888	0.1816014	7.166655	-6.297906
1737	1	225.372	0	225.372	0.1148439	0.7801516	0.001884519	6.03556	3.047988
1738	0	-280.5038	0	-280.5038	0.1289762	0.8033044	0.2469576	5.374224	-6.509448
1739	1	223.8547	0	223.8547	0.08411128	0.7077045	0.001279782	8.240835	3.047531
1740	0	-280.8286	0	-280.8286	0.1120811	0.7750222	0.2282114	6.184334	-6.565413
1741	1	225.8181	0	225.8181	0.1394257	0.8176524	0.00203642	4.971445	3.04267
1742	0	-283.3916	0	-283.3916	0.1589787	0.8397143	0.3018877	4.360001	-6.287874
1743	1	225.8516	0	225.8516	0.1307086	0.8058294	0.001937581	5.302995	3.04267
1744	0	-281.9431	0	-281.9431	0.161711	0.8423909	0.2630987	4.286332	-6.445331
1745	1	225.6339	0	225.6339	0.1509952	0.8313623	0.002132496	4.590526	3.04267
1746	0	-280.7591	0	-280.7591	0.1316997	0.8072464	0.2498415	5.26309	-6.51782
1747	1	225.0753	0	225.0753	0.1208038	0.7905082	0.001727271	5.737792	3.051472
1748	0	-281.8436	0	-281.8436	0.1274993	0.8011023	0.2637778	5.436477	-6.545122
1749	1	223.1832	0	223.1832	0.1159995	0.7822334	0.002184773	5.975431	3.051472
1750	0	-277.5799	0	-277.5799	0.08328464	0.7051775	0.1573772	8.322629	-6.484092
1751	1	223.9167	0	223.9167	0.1444988	0.823919	0.001842323	4.796907	3.051472
1752	0	-280.5581	0	-280.5581	0.1142987	0.7791567	0.1748515	6.064348	-6.350504
1753	1	221.175	0	221.175	0.09019123	0.7251835	0.001912524	7.685306	3.038558
1754	0	-280.0155	0	-280.0155	0.1102919	0.7715809	0.2195519	6.284662	-6.308871
1755	1	222.0415	0	222.0415	0.0795321	0.6932144	0.001138535	8.715313	3.038558
1756	0	-281.1044	0	-281.1044	0.1282041	0.802159	0.2155977	5.406589	-6.298858
1757	1	224.7599	0	224.7599	0.09020217	0.7252133	0.00150932	7.684374	3.043451
1758	0	-279.5511	0	-279.5511	0.06665712	0.6451058	0.1592272	10.3987	-6.565207
1759	1	223.7446	0	223.7446	0.1155933	0.7815059	0.001463944	5.996428	3.043451
1760	0	-277.6511	0	-277.6511	0.07288382	0.6698545	0.1477917	9.510302	-6.360532
1761	1	225.262	0	225.262	0.1033921	0.757357	0.001533914	6.704061	3.045904
1762	0	-280.7908	0	-280.7908	0.03141129	0.4246854	0.1003047	22.06682	-6.497466
1763	1	225.5296	0	225.5296	0.1185541	0.7867076	0.001934082	5.846676	3.045904
1764	0	-277.5701	0	-277.5701	0.08488811	0.710045	0.1600566	8.165422	-6.3812
1765	1	224.8502	0	224.8502	0.1621144	0.8427787	0.002115686	4.275667	3.045904
1766	0	-277.816	0	-277.816	0.06573342	0.6411703	0.1423303	10.54482	-6.366527
1767	1	224.6157	0	224.6157	0.1969001	0.8703859	0.003004404	3.520299	3.045904
1768	0	-278.1504	0	-278.1504	0.06913727	0.6553248	0.149347	10.02567	-6.334807
1769	1	224.48	0	224.48	0.1823501	0.8600919	0.002582703	3.801189	3.036905
1770	0	-278.3685	0	-278.3685	0.04898175	0.5552778	0.1164137	14.15113	-6.416623
1771	1	225.2854	0	225.2854	0.1577167	0.8384481	0.002480352	4.394886	3.047168
1772	0	-278.8568	0	-278.8568	0.0624516	0.6265864	0.1465183	11.09895	-6.319246
1773	1	225.509	0	225.509	0.1153515	0.7810705	0.00170984	6.009003	3.03995
1774	0	-278.7305	0	-278.7305	0.08181861	0.7006015	0.134427	8.471754	-6.473557
1775	1	225.2569	0	225.2569	0.1369963	0.8144979	0.00187134	5.059604	3.03995
1776	0	-277.7657	0	-277.7657	0.05861796	0.608279	0.1211687	11.82483	-6.439571
1777	1	225.5921	0	225.5921	0.1335579	0.809851	0.002081357	5.189864	3.03995
1778	0	-278.327	0	-278.327	0.05414379	0.5850022	0.1153268	12.80197	-6.504984
1779	1	224.6074	0	224.6074	0.1179227	0.7856179	0.001995344	5.877977	3.052536
1780	0	-279.0281	0	-279.0281	0.04774686	0.5476669	0.1050199	14.51713	-6.503573
1781	1	225.0878	0	225.0878	0.1271521	0.8005777	0.001861521	5.451325	3.052536
1782	0	-278.4104	0	-278.4104	0.0678902	0.6502487	0.1269495	10.20983	-6.329691
1783	1	225.7617	0	225.7617	0.1225207	0.7933243	0.001791729	5.65739	3.045763
1784	0	-278.8352	0	-278.8352	0.06825939	0.6517644	0.1626551	10.15461	-6.480748
1785	1	225.6979	0	225.6979	0.1505603	0.830883	0.00226474	4.603785	3.045763
1786	0	-277.9833	0	-277.9833	0.06214608	0.6251792	0.1431675	11.15351	-6.423684
1787	1	224.7576	0	224.7576	0.1384217	0.8163613	0.001788578	5.007504	3.045763
1788	0	-277.8315	0	-277.8315	0.05814495	0.605919	0.1314039	11.92102	-6.452747
1789	1	224.8149	0	224.8149	0.1771692	0.8560262	0.002825257	3.912346	3.043688
1790	0	-278.63	0	-278.63	0.06493346	0.6377032	0.1422997	10.67473	-6.299524
1791	1	223.2548	0	223.2548	0.1486028	0.828693	0.002475945	4.664428	3.031121
1792	0	-277.6741	0	-277.6741	0.08517014	0.7108867	0.1498138	8.138382	-6.429616
1793	1	223.5194	0	223.5194	0.159712	0.8404413	0.002479449	4.339982	3.031121
1794	0	-278.053	0	-278.053	0.05726999	0.6014923	0.1341243	12.10315	-6.451128
1795	1	222.3664	0	222.3664	0.1639088	0.8444814	0.002833816	4.228858	3.031121
1796	0	-278.7986	0	-278.7986	0.07026285	0.6598013	0.140293	9.86506	-6.585464
1797	1	219.1119	0	219.1119	0.3147994	0.9188933	0.004877355	2.20187	3.031121
1798	0	-279.0571	0	-279.0571	0.05213448	0.573818	0.1221878	13.29537	-6.300065
1799	1	220.788	0	220.788	0.263673	0.9031694	0.003874906	2.628814	3.031121
1800	0	-278.971	0	-278.971	0.07452946	0.6759129	0.1701321	9.300312	-6.335829
1801	1	223.0233	0	223.0233	0.2515278	0.8984958	0.003351612	2.755748	3.046692
1802	0	-278.2842	0	-278.2842	0.07487263	0.6771525	0.135012	9.257685	-6.525085
1803	1	224.7143	0	224.7143	0.197436	0.8707365	0.002896598	3.510743	3.046692
1804	0	-278.6881	0	-278.6881	0.08624702	0.7140614	0.1542918	8.036766	-6.551026
1805	1	221.6591	0	221.6591	0.2815967	0.9093312	0.004537508	2.461489	3.046692
1806	0	-277.8	0	-277.8	0.07969754	0.6937594	0.1410153	8.697222	-6.390877
1807	1	220.988	0	220.988	0.3282001	0.9222048	0.004442436	2.111965	3.046692
1808	0	-279.7039	0	-279.7039	0.08879839	0.7213442	0.1684629	7.805853	-6.254742
1809	1	224.7082	0	224.7082	0.1247114	0.796816	0.002188219	5.558012	3.043789
1810	0	-281.6607	0	-281.6607	0.09751917	0.7439245	0.1438712	7.107805	-6.538713
1811	1	225.5506	0	225.5506	0.1258722	0.7986217	0.002050314	5.506753	3.043789
1812	0	-280.0003	0	-280.0003	0.04252671	0.5131336	0.1092241	16.2991	-6.289977
1813	1	224.9023	0	224.9023	0.1663359	0.846728	0.002699709	4.167152	3.043789
1814	0	-277.4801	0	-277.4801	0.08512054	0.7107389	0.166253	8.143124	-6.418675
1815	1	221.7507	0	221.7507	0.3076695	0.9170138	0.004502443	2.252895	3.043789
1816	0	-277.9904	0	-277.9904	0.09942123	0.7484191	0.1741043	6.971823	-6.418675
1817	1	221.0288	0	221.0288	0.2305763	0.88928	0.004209152	3.006151	3.043789
1818	0	-278.3798	0	-278.3798	0.05303395	0.5788833	0.1280841	13.06988	-6.484129
1819	1	223.2839	0	223.2839	0.2265077	0.8872936	0.00349557	3.060148	3.037838
1820	0	-278.3684	0	-278.3684	0.06723628	0.6475369	0.1258182	10.30912	-6.335794
1821	1	222.3448	0	222.3448	0.2179907	0.8828966	0.002884762	3.17971	3.054723
1822	0	-278.5614	0	-278.5614	0.1114527	0.7738245	0.2005826	6.219204	-6.398252
1823	1	224.8298	0	224.8298	0.09256284	0.7315094	0.001487975	7.488396	3.048096
1824	0	-279.6205	0	-279.6205	0.0892966	0.7227283	0.1805198	7.762302	-6.267488
1825	1	225.0196	0	225.0196	0.1245958	0.7966346	0.001772856	5.563166	3.051944
1826	0	-278.7429	0	-278.7429	0.1094425	0.7699132	0.188536	6.333434	-6.371135
1827	1	223.4963	0	223.4963	0.1516777	0.8321091	0.002674028	4.569869	3.051944
1828	0	-277.5448	0	-277.5448	0.0755409	0.6795435	0.1492658	9.175787	-6.492561
1829	1	222.4897	0	222.4897	0.08605018	0.7134857	0.001207268	8.055151	3.051944
1830	0	-282.0521	0	-282.0521	0.1366299	0.8140131	0.1999841	5.073173	-6.455706
1831	1	221.8578	0	221.8578	0.07774721	0.6872267	0.001322102	8.915397	3.060474
1832	0	-279.5929	0	-279.5929	0.1165755	0.7832574	0.1844137	5.945906	-6.43843
1833	1	225.348	0	225.348	0.1207833	0.7904741	0.001752349	5.738767	3.038354
1834	0	-281.1979	0	-281.1979	0.1014291	0.7530116	0.234415	6.83381	-6.50511
1835	1	225.3027	0	225.3027	0.1281408	0.8020644	0.002056702	5.409263	3.038354
1836	0	-281.1259	0	-281.1259	0.1234223	0.7947749	0.2661977	5.616062	-6.436338
1837	1	224.963	0	224.963	0.1108713	0.7727058	0.001864777	6.25182	3.038354
1838	0	-280.3415	0	-280.3415	0.1204794	0.7899679	0.2500009	5.753243	-6.461609
1839	1	224.4384	0	224.4384	0.1677547	0.8480121	0.002738635	4.131909	3.038354
1840	0	-280.3831	0	-280.3831	0.126149	0.7990479	0.2454884	5.494668	-6.341739
1841	1	222.9762	0	222.9762	0.2499946	0.8978736	0.003572137	2.772649	3.038354
1842	0	-280.7361	0	-280.7361	0.09681626	0.7422269	0.2258083	7.159409	-6.385643
1843	1	225.4714	0	225.4714	0.1216863	0.7919645	0.001871376	5.696183	3.038354
1844	0	-279.1217	0	-279.1217	0.1203894	0.7898177	0.220606	5.757542	-6.450143
1845	1	225.2045	0	225.2045	0.1217093	0.7920023	0.001989504	5.695104	3.038354
1846	0	-278.5247	0	-278.5247	0.09395102	0.7350934	0.1667508	7.377751	-6.527003
1847	1	224.0555	0	224.0555	0.1569096	0.8376279	0.001990195	4.417495	3.038354
1848	0	-279.1843	0	-279.1843	0.05455371	0.5872263	0.1218377	12.70578	-6.280511
1849	1	225.4824	0	225.4824	0.1351888	0.8120825	0.002057473	5.127251	3.038354
1850	0	-277.4945	0	-277.4945	0.07990601	0.6944438	0.1474565	8.674531	-6.466352
1851	1	222.0372	0	222.0372	0.1058654	0.7626376	0.002134345	6.547437	3.038354
1852	0	-277.6425	0	-277.6425	0.06496316	0.6378329	0.1401954	10.66985	-6.391623
1853	1	224.9663	0	224.9663	0.1608623	0.8415689	0.002209647	4.308949	3.038354
1854	0	-279.5494	0	-279.5494	0.07178934	0.6657181	0.1477909	9.655294	-6.620132
1855	1	224.9215	0	224.9215	0.148929	0.8290617	0.00200804	4.654212	3.038354
1856	0	-277.563	0	-277.563	0.06333422	0.6306035	0.1370053	10.94428	-6.439991
1857	1	225.3795	0	225.3795	0.1203852	0.7898106	0.001731011	5.757745	3.049438
1858	0	-278.2965	0	-278.2965	0.06534316	0.6394858	0.1184133	10.6078	-6.438106
1859	1	225.4427	0	225.4427	0.1428074	0.8218762	0.00203711	4.853719	3.049438
1860	0	-279.4076	0	-279.4076	0.1189042	0.7873074	0.1998865	5.829462	-6.366637
1861	1	225.6181	0	225.6181	0.1317823	0.8073636	0.001839563	5.25979	3.045122
1862	0	-281.1001	0	-281.1001	0.05428968	0.5857959	0.15532	12.76757	-6.489326
1863	1	224.5732	0	224.5732	0.1459889	0.8256817	0.001857526	4.747945	3.045122
1864	0	-279.7616	0	-279.7616	0.1323564	0.8081747	0.2321523	5.236973	-6.414632
1865	1	225.8576	0	225.8576	0.128169	0.8021066	0.001886526	5.40807	3.044434
1866	0	-277.6598	0	-277.6598	0.08783066	0.7186206	0.1656339	7.891859	-6.378979
1867	1	224.8674	0	224.8674	0.1085619	0.7681602	0.00151405	6.384814	3.047838
1868	0	-277.9035	0	-277.9035	0.09521953	0.7382946	0.1656884	7.279464	-6.442536
1869	1	225.6428	0	225.6428	0.1218356	0.7922092	0.001783465	5.689199	3.047838
1870	0	-281.3842	0	-281.3842	0.09449434	0.736473	0.2282233	7.33533	-6.381466
1871	1	224.6618	0	224.6618	0.09355989	0.7340923	0.001394487	7.408593	3.045997
1872	0	-279.8225	0	-279.8225	0.08798652	0.7190624	0.184957	7.87788	-6.588567
1873	1	225.4613	0	225.4613	0.1046637	0.7600982	0.001620941	6.622615	3.045997
1874	0	-278.6815	0	-278.6815	0.07450186	0.6758129	0.1301633	9.303756	-6.336706
1875	1	225.808	0	225.808	0.1224572	0.7932214	0.001876175	5.660323	3.045997
1876	0	-277.8598	0	-277.8598	0.0663505	0.6438074	0.1488015	10.44675	-6.414592
1877	1	224.9035	0	224.9035	0.126921	0.8002273	0.002187948	5.461249	3.045997
1878	0	-277.8183	0	-277.8183	0.06376736	0.6325489	0.1368791	10.86994	-6.36191
1879	1	225.554	0	225.554	0.1324792	0.8083473	0.001839269	5.232119	3.045997
1880	0	-280.1212	0	-280.1212	0.07189497	0.6661211	0.1185344	9.641108	-6.324663
1881	1	225.7687	0	225.7687	0.1456865	0.8253267	0.002135695	4.7578	3.045997
1882	0	-278.9384	0	-278.9384	0.07139433	0.6642037	0.1586239	9.708715	-6.299016
1883	1	225.7404	0	225.7404	0.1463494	0.8261031	0.002205949	4.736248	3.045997
1884	0	-280.1559	0	-280.1559	0.06078607	0.6188081	0.1612384	11.40306	-6.394455
1885	1	224.0252	0	224.0252	0.1013711	0.7528812	0.001880159	6.837718	3.044968
1886	0	-279.9126	0	-279.9126	0.06949131	0.6567434	0.1579007	9.974588	-6.613308
1887	1	225.8814	0	225.8814	0.1313401	0.8067346	0.001977588	5.277498	3.044411
1888	0	-277.8036	0	-277.8036	0.06071509	0.6184707	0.1352001	11.41639	-6.393203
1889	1	225.2854	0	225.2854	0.1020215	0.7543377	0.001532328	6.794129	3.044411
1890	0	-277.746	0	-277.746	0.07496812	0.677496	0.1407511	9.245892	-6.504143
1891	1	225.1743	0	225.1743	0.1379235	0.815714	0.002302496	5.025593	3.044411
1892	0	-277.894	0	-277.894	0.09239918	0.7310812	0.1592119	7.50166	-6.425545
1893	1	224.1684	0	224.1684	0.2019794	0.8736352	0.002961447	3.431771	3.037742
1894	0	-277.7321	0	-277.7321	0.06885877	0.6542019	0.1430399	10.06621	-6.357125
1895	1	221.7387	0	221.7387	0.2904738	0.9121016	0.004135839	2.386264	3.037742
1896	0	-279.1849	0	-279.1849	0.08909544	0.7221709	0.1506175	7.779828	-6.310158
1897	1	224.7616	0	224.7616	0.1722613	0.8519547	0.00239614	4.023812	3.037742
1898	0	-280.6319	0	-280.6319	0.1336351	0.8099578	0.2642761	5.186864	-6.459757
1899	1	224.1875	0	224.1875	0.1900524	0.8657343	0.00256076	3.647138	3.037742
1900	0	-280.2913	0	-280.2913	0.1270791	0.8004671	0.2560209	5.454456	-6.421176
1901	1	224.476	0	224.476	0.1842073	0.8614948	0.002541588	3.762864	3.037742
1902	0	-278.3966	0	-278.3966	0.09175881	0.7293939	0.1554766	7.554013	-6.494941
1903	1	224.5894	0	224.5894	0.179874	0.8581774	0.00249178	3.853515	3.037742
1904	0	-277.9011	0	-277.9011	0.09532798	0.738565	0.181609	7.271183	-6.389397
1905	1	224.7418	0	224.7418	0.1525888	0.8330962	0.002045349	4.542582	3.037742
1906	0	-278.8491	0	-278.8491	0.07618258	0.681811	0.1707829	9.0985	-6.528803
1907	1	225.7062	0	225.7062	0.1432882	0.8224614	0.002045349	4.837435	3.041999
1908	0	-278.214	0	-278.214	0.05882445	0.609302	0.1399319	11.78332	-6.446627
1909	1	225.077	0	225.077	0.1310479	0.8063167	0.002215873	5.289266	3.041999
1910	0	-281.1478	0	-281.1478	0.1131712	0.7770722	0.2540937	6.124767	-6.43817
1911	1	225.5417	0	225.5417	0.1609233	0.8416282	0.002338299	4.307315	3.041999
1912	0	-281.0843	0	-281.0843	0.1506426	0.830974	0.2696813	4.601268	-6.381978
1913	1	225.3872	0	225.3872	0.1614056	0.842096	0.002476829	4.294444	3.041588
1914	0	-278.2144	0	-278.2144	0.05790601	0.604718	0.137989	11.97021	-6.417763
1915	1	223.4503	0	223.4503	0.08948632	0.7232522	0.001643643	7.745845	3.053297
1916	0	-278.7342	0	-278.7342	0.07539686	0.6790307	0.1695104	9.193316	-6.519091
1917	1	224.5913	0	224.5913	0.1397963	0.8181247	0.002269918	4.958264	3.053297
1918	0	-277.3032	0	-277.3032	0.07330318	0.6714165	0.1433005	9.455895	-6.439412
1919	1	225.1626	0	225.1626	0.167441	0.84773	0.002630589	4.13965	3.045489
1920	0	-279.3155	0	-279.3155	0.07914542	0.691934	0.1823806	8.757894	-6.348465
1921	1	224.1879	0	224.1879	0.1513022	0.831699	0.001884492	4.581211	3.045489
1922	0	-278.5907	0	-278.5907	0.07751069	0.6864182	0.1297421	8.942602	-6.393331
1923	1	224.7615	0	224.7615	0.1404831	0.8189935	0.002409295	4.934027	3.045489
1924	0	-278.4402	0	-278.4402	0.08386538	0.7069567	0.1734968	8.264998	-6.328986
1925	1	225.6248	0	225.6248	0.1304369	0.8054374	0.001827475	5.314042	3.045489
1926	0	-278.0693	0	-278.0693	0.05574063	0.5935595	0.1149371	12.43522	-6.43468
1927	1	225.6957	0	225.6957	0.148956	0.8290922	0.002266964	4.653367	3.045489
1928	0	-277.6719	0	-277.6719	0.0710612	0.6629176	0.1309662	9.754229	-6.45295
1929	1	224.2298	0	224.2298	0.2039156	0.8748316	0.002798127	3.399187	3.048898
1930	0	-278.0709	0	-278.0709	0.05844383	0.6074129	0.1317584	11.86006	-6.506173
1931	1	221.4653	0	221.4653	0.2896433	0.9118496	0.004568488	2.393106	3.048898
1932	0	-279.8152	0	-279.8152	0.03948177	0.4910725	0.09596333	17.55613	-6.428106
1933	1	221.0599	0	221.0599	0.2979745	0.914314	0.003800973	2.326196	3.048898
1934	0	-280.5863	0	-280.5863	0.07298523	0.6702334	0.1134902	9.497088	-6.417806
1935	1	223.7488	0	223.7488	0.237407	0.8924626	0.00335846	2.919657	3.04329
1936	0	-281.1446	0	-281.1446	0.0601659	0.6158438	0.1040187	11.5206	-6.560105
1937	1	221.4616	0	221.4616	0.2344977	0.8911297	0.004174538	2.95588	3.043975
1938	0	-279.1258	0	-279.1258	0.07789896	0.6877435	0.1366955	8.898029	-6.563686
1939	1	218.647	0	218.647	0.3554313	0.9281649	0.006111741	1.950158	3.043975
1940	0	-278.0096	0	-278.0096	0.09576427	0.7396481	0.165113	7.238056	-6.403028
1941	1	224.6103	0	224.6103	0.2048792	0.8754188	0.002890189	3.383199	3.043975
1942	0	-278.5212	0	-278.5212	0.09946686	0.7485252	0.171415	6.968624	-6.353696
1943	1	225.2257	0	225.2257	0.1374724	0.8151243	0.002286078	5.042083	3.043975
1944	0	-277.6821	0	-277.6821	0.0828015	0.703683	0.1590696	8.371191	-6.362625
1945	1	225.3579	0	225.3579	0.115948	0.7821414	0.001937081	5.978086	3.043975
1946	0	-278.8687	0	-278.8687	0.06573519	0.6411779	0.1171927	10.54454	-6.359473
1947	1	225.4652	0	225.4652	0.1681512	0.8483673	0.002425035	4.122165	3.043975
1948	0	-278.0782	0	-278.0782	0.06665682	0.6451046	0.1480351	10.39874	-6.508323
1949	1	225.709	0	225.709	0.116908	0.7838444	0.001842549	5.928997	3.045638
1950	0	-278.6786	0	-278.6786	0.09582788	0.7398053	0.1749179	7.233252	-6.318083
1951	1	224.5385	0	224.5385	0.1560349	0.8367298	0.002069536	4.442258	3.050964
1952	0	-278.5429	0	-278.5429	0.07385769	0.6734627	0.1694167	9.384902	-6.400433
1953	1	224.6218	0	224.6218	0.1131851	0.7770982	0.0019547	6.124013	3.050964
1954	0	-277.8576	0	-277.8576	0.09516215	0.7381512	0.1666184	7.283854	-6.417682
1955	1	225.0876	0	225.0876	0.1768259	0.8557486	0.002515213	3.919942	3.048009
1956	0	-277.6659	0	-277.6659	0.07667544	0.6835342	0.1544972	9.040016	-6.499562
1957	1	225.4457	0	225.4457	0.1546261	0.8352631	0.002184054	4.482731	3.048009
1958	0	-279.8724	0	-279.8724	0.1290528	0.8034174	0.2132653	5.371035	-6.393166
1959	1	225.6714	0	225.6714	0.1392184	0.8173872	0.002022372	4.978848	3.048009
1960	0	-277.7939	0	-277.7939	0.08552943	0.7119527	0.173284	8.104195	-6.468827
1961	1	223.625	0	223.625	0.1738437	0.853292	0.002263593	3.987185	3.053053
1962	0	-278.3795	0	-278.3795	0.09816519	0.7454672	0.1710889	7.061028	-6.356197
1963	1	222.9483	0	222.9483	0.2219494	0.884982	0.003407525	3.122997	3.053053
1964	0	-279.7854	0	-279.7854	0.122857	0.7938677	0.2329776	5.641901	-6.492291
1965	1	224.6786	0	224.6786	0.1979808	0.871091	0.002953599	3.501083	3.041991
1966	0	-280.2206	0	-280.2206	0.1231492	0.7943376	0.2477926	5.628515	-6.370732
1967	1	225.7592	0	225.7592	0.1448475	0.8243345	0.002082036	4.785359	3.045447
1968	0	-282.0373	0	-282.0373	0.1350455	0.8118883	0.2322973	5.132695	-6.274716
1969	1	225.5596	0	225.5596	0.1505488	0.8308704	0.002346344	4.604135	3.045447
1970	0	-279.0159	0	-279.0159	0.0634564	0.6311539	0.1209488	10.9232	-6.56612
1971	1	223.9958	0	223.9958	0.201971	0.8736299	0.002598235	3.431914	3.045447
1972	0	-280.3376	0	-280.3376	0.05953804	0.6128043	0.1604294	11.64209	-6.400458
1973	1	225.533	0	225.533	0.1447485	0.8242167	0.001993326	4.788632	3.045447
1974	0	-279.2161	0	-279.2161	0.08626608	0.714117	0.1515792	8.034991	-6.570424
1975	1	225.2214	0	225.2214	0.1328358	0.8088469	0.002220451	5.218075	3.045447
1976	0	-277.5927	0	-277.5927	0.08073046	0.6971248	0.1652797	8.585943	-6.450245
1977	1	224.6902	0	224.6902	0.09880994	0.7469902	0.001740097	7.014954	3.045447
1978	0	-277.8818	0	-277.8818	0.09802415	0.7451318	0.1781109	7.071188	-6.403588
1979	1	223.4177	0	223.4177	0.2299571	0.8889822	0.003385764	3.014245	3.050355
1980	0	-280.8844	0	-280.8844	0.103284	0.7571214	0.1645277	6.711077	-6.570212
1981	1	222.4331	0	222.4331	0.2506484	0.8981399	0.003285896	2.765417	3.050355
1982	0	-278.0913	0	-278.0913	0.1013617	0.7528599	0.1772818	6.838356	-6.445431
1983	1	225.4094	0	225.4094	0.1554177	0.8360904	0.002408066	4.459898	3.047417
1984	0	-278.4976	0	-278.4976	0.1049984	0.7608106	0.1794692	6.601501	-6.47097
1985	1	225.1345	0	225.1345	0.1665974	0.8469663	0.002598872	4.160611	3.047417
1986	0	-277.5308	0	-277.5308	0.07232566	0.6677559	0.136342	9.583697	-6.470222
1987	1	225.0438	0	225.0438	0.1814726	0.8594193	0.002674375	3.819569	3.047417
1988	0	-277.4518	0	-277.4518	0.08493348	0.7101807	0.1558602	8.161059	-6.437571
1989	1	224.9687	0	224.9687	0.179317	0.8577396	0.002737617	3.865485	3.047417
1990	0	-279.3105	0	-279.3105	0.1101301	0.771265	0.1766319	6.293891	-6.380989
1991	1	225.5722	0	225.5722	0.1166756	0.7834345	0.001853996	5.940805	3.047824
1992	0	-278.8314	0	-278.8314	0.07607671	0.6814388	0.1725756	9.111161	-6.511476
1993	1	225.2888	0	225.2888	0.1587367	0.839473	0.002469757	4.366648	3.047824
1994	0	-281.6681	0	-281.6681	0.06099689	0.6198072	0.09886526	11.36365	-6.423951
1995	1	225.1968	0	225.1968	0.1735059	0.8530085	0.002536709	3.994949	3.047824
1996	0	-277.4495	0	-277.4495	0.06454367	0.6359936	0.13199	10.7392	-6.428618
1997	1	224.5564	0	224.5564	0.1852594	0.8622772	0.002466295	3.741495	3.047824
1998	0	-278.0714	0	-278.0714	0.08303681	0.7044125	0.1490883	8.347469	-6.344853
1999	1	224.9589	0	224.9589	0.1495251	0.8297317	0.001975439	4.635657	3.047824
2000	0	-278.6321	0	-278.6321	0.09125944	0.7280651	0.1795592	7.595348	-6.539936
2001	1	224.8719	0	224.8719	0.1101746	0.7713519	0.001527018	6.291353	3.047824
2002	0	-277.7508	0	-277.7508	0.09254866	0.7314724	0.1798666	7.489543	-6.431324
2003	1	223.8716	0	223.8716	0.07943095	0.6928804	0.00132446	8.726412	3.047824
2004	0	-277.9398	0	-277.9398	0.07551391	0.6794475	0.1392878	9.179066	-6.513655
2005	1	225.4158	0	225.4158	0.111411	0.7737446	0.001703675	6.221533	3.039166
2006	0	-279.946	0	-279.946	0.07024995	0.6597506	0.1295508	9.86687	-6.249734
2007	1	225.3828	0	225.3828	0.1128695	0.7765084	0.001609804	6.141136	3.045855
2008	0	-278.8951	0	-278.8951	0.116684	0.7834492	0.1991925	5.940381	-6.425937
2009	1	225.1561	0	225.1561	0.1044163	0.7595694	0.001561506	6.638303	3.039575
2010	0	-278.6391	0	-278.6391	0.08390245	0.7070697	0.1517819	8.261347	-6.305302
2011	1	225.6385	0	225.6385	0.1104167	0.7718241	0.001684131	6.277559	3.043306
2012	0	-279.7787	0	-279.7787	0.0712222	0.6635402	0.1768505	9.732178	-6.397912
2013	1	222.4461	0	222.4461	0.08964173	0.72368	0.001814823	7.732416	3.043306
2014	0	-277.955	0	-277.955	0.07353243	0.6722651	0.1317562	9.426415	-6.480891
2015	1	224.6422	0	224.6422	0.1097624	0.7705439	0.001484672	6.314977	3.043306
2016	0	-278.1207	0	-278.1207	0.05911927	0.6107552	0.1382467	11.72456	-6.47174
2017	1	225.7956	0	225.7956	0.1204467	0.7899133	0.001866087	5.754806	3.043306
2018	0	-277.5167	0	-277.5167	0.07427102	0.674974	0.1451715	9.332673	-6.372974
2019	1	223.9682	0	223.9682	0.1756324	0.8547752	0.002181441	3.946579	3.043306
2020	0	-281.0123	0	-281.0123	0.1279731	0.8018138	0.255801	5.41635	-6.326211
2021	1	223.7659	0	223.7659	0.1767028	0.8556488	0.002172436	3.922673	3.043306
2022	0	-279.3187	0	-279.3187	0.1239528	0.7956196	0.2279873	5.592024	-6.436888
2023	1	224.4752	0	224.4752	0.1922188	0.8672412	0.002982049	3.606032	3.048145
2024	0	-279.1143	0	-279.1143	0.0758244	0.6805487	0.1787109	9.14148	-6.454778
2025	1	223.9106	0	223.9106	0.2235566	0.8858077	0.003156962	3.100545	3.048145
2026	0	-278.4791	0	-278.4791	0.07922846	0.6922098	0.1681224	8.748714	-6.325993
2027	1	222.7282	0	222.7282	0.2247821	0.8864295	0.00378889	3.08364	3.045826
2028	0	-278.6481	0	-278.6481	0.08067518	0.6969463	0.1568786	8.591826	-6.291438
2029	1	223.6014	0	223.6014	0.230614	0.8892981	0.003060009	3.00566	3.045826
2030	0	-277.7169	0	-277.7169	0.06064702	0.6181467	0.1289265	11.4292	-6.385964
2031	1	224.7498	0	224.7498	0.1465372	0.8263218	0.001939363	4.730179	3.038566
2032	0	-280.9149	0	-280.9149	0.04206384	0.5098757	0.09282173	16.47846	-6.326878
2033	1	224.098	0	224.098	0.1381443	0.8160015	0.002435212	5.017559	3.038566
2034	0	-277.5442	0	-277.5442	0.06455509	0.6360439	0.1276384	10.7373	-6.432307
2035	1	224.989	0	224.989	0.1824618	0.8601771	0.002768472	3.798862	3.041869
2036	0	-277.6824	0	-277.6824	0.07775532	0.6872543	0.139471	8.914466	-6.462032
2037	1	225.6231	0	225.6231	0.1248404	0.7970182	0.001998426	5.552268	3.041869
2038	0	-280.6535	0	-280.6535	0.07516182	0.6781909	0.1885438	9.222065	-6.511274
2039	1	225.7129	0	225.7129	0.1255178	0.7980737	0.001974966	5.522301	3.041869
2040	0	-278.5587	0	-278.5587	0.1018404	0.7539338	0.1701763	6.806209	-6.471648
2041	1	224.5503	0	224.5503	0.1547183	0.8353598	0.002627766	4.480061	3.041869
2042	0	-278.4374	0	-278.4374	0.1052397	0.7613216	0.2017098	6.586365	-6.459755
2043	1	221.7623	0	221.7623	0.3058018	0.916507	0.004440048	2.266655	3.041869
2044	0	-279.276	0	-279.276	0.1239065	0.7955461	0.2152756	5.594114	-6.441481
2045	1	223.3251	0	223.3251	0.1896561	0.865455	0.003277263	3.654758	3.041869
2046	0	-277.7839	0	-277.7839	0.07737397	0.6859492	0.1632736	8.958402	-6.388499
2047	1	221.7221	0	221.7221	0.2679417	0.9047115	0.00396502	2.586933	3.034812
2048	0	-278.0137	0	-278.0137	0.09028412	0.7254362	0.1845164	7.677399	-6.440471
2049	1	220.3366	0	220.3366	0.1867814	0.8633939	0.00263022	3.711008	3.02506
2050	0	-281.1818	0	-281.1818	0.05205073	0.5733414	0.1316586	13.31676	-6.203101
2051	1	220.8406	0	220.8406	0.09385892	0.7348583	0.001787772	7.38499	3.02506
2052	0	-278.7575	0	-278.7575	0.07456265	0.6760332	0.1626462	9.296171	-6.308809
2053	1	221.7768	0	221.7768	0.1213806	0.7914622	0.002059057	5.710527	3.02506
2054	0	-279.3817	0	-279.3817	0.05607574	0.5953194	0.1331796	12.36091	-6.277508
2055	1	219.8921	0	219.8921	0.1582167	0.8389521	0.002045456	4.380998	3.02506
2056	0	-279.2838	0	-279.2838	0.09859994	0.7464959	0.213059	7.029895	-6.415977
2057	1	222.1117	0	222.1117	0.1148994	0.7802525	0.001807916	6.032642	3.02506
2058	0	-277.8796	0	-277.8796	0.08463137	0.7092751	0.1647846	8.190192	-6.50892
2059	1	221.9135	0	221.9135	0.1069146	0.7648147	0.00162435	6.483188	3.02506
2060	0	-278.4708	0	-278.4708	0.0673787	0.6481305	0.1211568	10.28733	-6.368814
2061	1	221.7853	0	221.7853	0.09274481	0.7319841	0.001545616	7.473703	3.02506
2062	0	-279.1434	0	-279.1434	0.04880904	0.5542255	0.1094825	14.2012	-6.32343
2063	1	224.5702	0	224.5702	0.08875469	0.7212222	0.001381802	7.809697	3.045704
2064	0	-278.4084	0	-278.4084	0.1032223	0.7569865	0.1931151	6.715093	-6.366305
2065	1	225.4882	0	225.4882	0.1067262	0.7644265	0.001610158	6.494632	3.045704
2066	0	-279.6262	0	-279.6262	0.03921971	0.4891027	0.1103496	17.67344	-6.399531
2067	1	223.1432	0	223.1432	0.09845027	0.7461426	0.001289123	7.040582	3.045704
2068	0	-279.0076	0	-279.0076	0.05795106	0.6049449	0.1076406	11.96091	-6.446713
2069	1	225.1233	0	225.1233	0.1061277	0.7631853	0.001804908	6.531255	3.045704
2070	0	-281.1407	0	-281.1407	0.0565823	0.5979565	0.1078152	12.25025	-6.627096
2071	1	224.9187	0	224.9187	0.1032984	0.7571526	0.001470584	6.710148	3.045704
2072	0	-279.3987	0	-279.3987	0.06681708	0.6457801	0.1644274	10.3738	-6.501896
2073	1	225.8376	0	225.8376	0.1240942	0.7958436	0.001869389	5.585653	3.045704
2074	0	-278.7895	0	-278.7895	0.05400691	0.5842552	0.1367455	12.83442	-6.465616
2075	1	225.4747	0	225.4747	0.1284383	0.8025077	0.002102076	5.396733	3.045704
2076	0	-278.1685	0	-278.1685	0.0626645	0.6275619	0.1197409	11.06124	-6.493071
2077	1	222.3991	0	222.3991	0.2274159	0.8877431	0.003150441	3.047927	3.054863
2078	0	-278.5682	0	-278.5682	0.08081815	0.6974075	0.1793155	8.576627	-6.4764
2079	1	224.0424	0	224.0424	0.1328054	0.8088043	0.00223957	5.219271	3.054863
2080	0	-277.5692	0	-277.5692	0.06733633	0.6479541	0.143407	10.29381	-6.39535
2081	1	222.9852	0	222.9852	0.197363	0.8706888	0.002548706	3.512042	3.053239
2082	0	-279.1345	0	-279.1345	0.07202415	0.6666129	0.1727458	9.623816	-6.408361
2083	1	224.9372	0	224.9372	0.114913	0.7802772	0.001744909	6.03193	3.053239
2084	0	-278.9993	0	-278.9993	0.04279829	0.5150296	0.1069551	16.19568	-6.416557
2085	1	223.592	0	223.592	0.1669909	0.8473235	0.002159171	4.150807	3.053239
2086	0	-277.921	0	-277.921	0.06661238	0.6449169	0.1473221	10.40568	-6.373667
2087	1	225.0021	0	225.0021	0.1212573	0.791259	0.001835575	5.716332	3.053239
2088	0	-277.995	0	-277.995	0.0957361	0.7395784	0.1721923	7.240186	-6.373667
2089	1	220.3194	0	220.3194	0.05613467	0.5956276	0.001068225	12.34793	3.053239
2090	0	-277.9968	0	-277.9968	0.05566183	0.5931439	0.1248969	12.45283	-6.485409
2091	1	222.7875	0	222.7875	0.07714349	0.6851558	0.00116039	8.985168	3.043895
2092	0	-277.7873	0	-277.7873	0.09359019	0.73417	0.1646038	7.406195	-6.434124
2093	1	225.8428	0	225.8428	0.1225367	0.7933503	0.001869365	5.656649	3.043895
2094	0	-277.7396	0	-277.7396	0.07809102	0.6883956	0.1592745	8.876145	-6.363979
2095	1	225.4437	0	225.4437	0.152854	0.8333814	0.002414674	4.534701	3.043895
2096	0	-279.8485	0	-279.8485	0.05243064	0.5754964	0.1294761	13.22027	-6.263759
2097	1	223.7692	0	223.7692	0.1806841	0.8588094	0.00309807	3.836238	3.043895
2098	0	-278.0855	0	-278.0855	0.06984306	0.6581432	0.1430488	9.924353	-6.322714
2099	1	221.9872	0	221.9872	0.2189763	0.8834228	0.00256802	3.165398	3.043895
2100	0	-277.506	0	-277.506	0.08215633	0.7016665	0.1560041	8.436929	-6.383033
2101	1	221.1266	0	221.1266	0.3260139	0.9216831	0.004476505	2.126128	3.046536
2102	0	-280.8975	0	-280.8975	0.08528736	0.7112352	0.1364557	8.127197	-6.276276
2103	1	224.9823	0	224.9823	0.1860678	0.8628726	0.002758688	3.725239	3.046536
2104	0	-278.894	0	-278.894	0.05246907	0.5757135	0.125834	13.21059	-6.552356
2105	1	225.0097	0	225.0097	0.1282093	0.8021666	0.001703049	5.406373	3.042435
2106	0	-282.656	0	-282.656	0.06929434	0.6559554	0.1630091	10.00294	-6.709381
2107	1	224.6396	0	224.6396	0.2029482	0.8742366	0.002933612	3.41539	3.042435
2108	0	-277.5617	0	-277.5617	0.07075278	0.6617194	0.1324552	9.796748	-6.412347
2109	1	225.2035	0	225.2035	0.1744652	0.8538107	0.002423457	3.972982	3.042435
2110	0	-278.0127	0	-278.0127	0.07729174	0.6856665	0.1473825	8.967933	-6.329334
2111	1	225.546	0	225.546	0.1595261	0.8402576	0.002268987	4.34504	3.042435
2112	0	-278.4094	0	-278.4094	0.07610791	0.6815486	0.1437583	9.107427	-6.556106
2113	1	224.9224	0	224.9224	0.1785002	0.8570928	0.00240161	3.883173	3.042435
2114	0	-278.0869	0	-278.0869	0.06493996	0.6377315	0.1434128	10.67366	-6.51859
2115	1	225.1434	0	225.1434	0.1514155	0.831823	0.002011185	4.577782	3.042435
2116	0	-277.6444	0	-277.6444	0.06218822	0.6253738	0.1321656	11.14596	-6.477969
2117	1	225.338	0	225.338	0.165092	0.8455846	0.002487467	4.198552	3.047519
2118	0	-280.0591	0	-280.0591	0.09532896	0.7385675	0.1611119	7.271108	-6.580582
2119	1	225.5886	0	225.5886	0.1520049	0.8324649	0.002195637	4.560032	3.047519
2120	0	-277.9211	0	-277.9211	0.07614164	0.6816672	0.1603824	9.103392	-6.502153
2121	1	224.1718	0	224.1718	0.1634492	0.8440488	0.002055045	4.240749	3.047519
2122	0	-278.7868	0	-278.7868	0.08730542	0.7171227	0.1648546	7.939337	-6.564678
2123	1	225.3952	0	225.3952	0.1599887	0.840714	0.002248311	4.332476	3.047519
2124	0	-280.2388	0	-280.2388	0.1373241	0.8149295	0.255498	5.047529	-6.415471
2125	1	224.8788	0	224.8788	0.176845	0.8557641	0.002760727	3.919517	3.047519
2126	0	-278.246	0	-278.246	0.1017613	0.753757	0.1731146	6.811498	-6.415471
2127	1	224.7152	0	224.7152	0.1853531	0.8623465	0.002506949	3.739604	3.047519
2128	0	-279.0719	0	-279.0719	0.1183926	0.7864299	0.2232958	5.854649	-6.427157
2129	1	224.9789	0	224.9789	0.1677574	0.8480146	0.002253177	4.131842	3.047519
2130	0	-277.7603	0	-277.7603	0.07741659	0.6860955	0.1374719	8.953471	-6.405101
2131	1	225.2172	0	225.2172	0.1432864	0.8224593	0.002338653	4.837494	3.047519
2132	0	-278.6978	0	-278.6978	0.1056627	0.7622127	0.2004283	6.559998	-6.49613
2133	1	225.551	0	225.551	0.1114165	0.7737551	0.001779143	6.221227	3.041756
2134	0	-279.0075	0	-279.0075	0.1189523	0.7873896	0.2130853	5.827103	-6.454134
2135	1	224.5785	0	224.5785	0.151295	0.8316912	0.002577944	4.581427	3.041756
2136	0	-278.284	0	-278.284	0.08158434	0.6998588	0.1545487	8.496081	-6.314142
2137	1	224.0061	0	224.0061	0.225532	0.8868066	0.003192904	3.073387	3.041756
2138	0	-277.9322	0	-277.9322	0.09746346	0.7437907	0.1703145	7.111867	-6.434913
2139	1	222.8666	0	222.8666	0.1869641	0.8635267	0.002225452	3.707382	3.041756
2140	0	-277.8054	0	-277.8054	0.08415219	0.7078286	0.1704065	8.236829	-6.481604
2141	1	225.0409	0	225.0409	0.1638299	0.8444073	0.002622041	4.230896	3.041756
2142	0	-280.5017	0	-280.5017	0.05082559	0.5662721	0.1263856	13.63776	-6.642547
2143	1	225.4154	0	225.4154	0.1665392	0.8469133	0.002467408	4.162066	3.041756
2144	0	-278.9114	0	-278.9114	0.08870723	0.7210896	0.1738355	7.813875	-6.292959
2145	1	225.3841	0	225.3841	0.1688491	0.8489884	0.00247183	4.105127	3.041756
2146	0	-279.3472	0	-279.3472	0.1032663	0.7570827	0.1961399	6.712229	-6.549367
2147	1	225.489	0	225.489	0.108969	0.7689737	0.001749778	6.360955	3.041756
2148	0	-282.1079	0	-282.1079	0.05628844	0.5964301	0.1351913	12.3142	-6.155443
2149	1	224.5219	0	224.5219	0.1068116	0.7646026	0.001909409	6.489438	3.041756
2150	0	-277.9939	0	-277.9939	0.07612164	0.6815969	0.1616002	9.105784	-6.503332
2151	1	225.2223	0	225.2223	0.1417765	0.8206086	0.002330216	4.889012	3.041756
2152	0	-278.3754	0	-278.3754	0.05517678	0.5905705	0.1205373	12.5623	-6.530494
2153	1	224.9194	0	224.9194	0.1644951	0.84503	0.002575233	4.213786	3.049797
2154	0	-278.5866	0	-278.5866	0.1073839	0.7657769	0.2088838	6.454851	-6.421696
2155	1	224.223	0	224.223	0.139921	0.818283	0.00178882	4.953848	3.049797
2156	0	-277.4737	0	-277.4737	0.07260469	0.6688078	0.1363684	9.546866	-6.453217
2157	1	225.5384	0	225.5384	0.1250975	0.7974201	0.001874258	5.540855	3.049797
2158	0	-278.3115	0	-278.3115	0.0507183	0.5656442	0.1124099	13.66661	-6.461343
2159	1	222.7949	0	222.7949	0.1315773	0.8070725	0.002502064	5.267984	3.049797
2160	0	-278.2249	0	-278.2249	0.05907052	0.6105155	0.1381263	11.73423	-6.493134
2161	1	224.9926	0	224.9926	0.1197221	0.7886968	0.002016148	5.789633	3.049797
2162	0	-278.3	0	-278.3	0.07320918	0.6710674	0.1307444	9.468037	-6.512455
2163	1	225.3947	0	225.3947	0.1488647	0.8289891	0.00215935	4.656223	3.049797
2164	0	-277.5755	0	-277.5755	0.07204835	0.6667049	0.1330949	9.620584	-6.434587
2165	1	225.1783	0	225.1783	0.1560176	0.836712	0.002183912	4.44275	3.049797
2166	0	-277.5621	0	-277.5621	0.08983061	0.7241984	0.1700465	7.716158	-6.41478
2167	1	225.1019	0	225.1019	0.1434037	0.8226015	0.001958203	4.833538	3.049797
2168	0	-278.0651	0	-278.0651	0.07844084	0.6895772	0.1676389	8.83656	-6.369975
2169	1	222.321	0	222.321	0.1825789	0.8602662	0.002342317	3.796426	3.032075
2170	0	-280.3142	0	-280.3142	0.0977789	0.7445468	0.1835246	7.088924	-6.607199
2171	1	220.4771	0	220.4771	0.1881758	0.8644014	0.002312309	3.683509	3.029654
2172	0	-279.7189	0	-279.7189	0.09856437	0.746412	0.2031901	7.032432	-6.300509
2173	1	223.5368	0	223.5368	0.1078785	0.766783	0.001682549	6.42526	3.029654
2174	0	-280.1424	0	-280.1424	0.1303589	0.8053246	0.2251352	5.317223	-6.495509
2175	1	224.7332	0	224.7332	0.112814	0.7764043	0.001596497	6.144159	3.051807
2176	0	-277.7996	0	-277.7996	0.07879466	0.6907646	0.1390489	8.79688	-6.400202
2177	1	225.1726	0	225.1726	0.115266	0.7809163	0.001741524	6.013458	3.051807
2178	0	-277.5938	0	-277.5938	0.06065991	0.6182081	0.1268863	11.42678	-6.436694
2179	1	225.2627	0	225.2627	0.1139865	0.7785831	0.001841882	6.08096	3.038405
2180	0	-277.8531	0	-277.8531	0.06293865	0.628812	0.1269113	11.01306	-6.363599
2181	1	222.4228	0	222.4228	0.1414585	0.8202141	0.00166825	4.900004	3.038565
2182	0	-280.8911	0	-280.8911	0.05771213	0.6037392	0.1103817	12.01043	-6.627001
2183	1	224.9497	0	224.9497	0.1697886	0.8498166	0.002369562	4.082414	3.038565
2184	0	-277.7669	0	-277.7669	0.06791361	0.6503452	0.1477126	10.20631	-6.482641
2185	1	224.5607	0	224.5607	0.1805387	0.8586963	0.002904705	3.839328	3.041483
2186	0	-277.7455	0	-277.7455	0.09055406	0.7261683	0.1775444	7.654512	-6.404572
2187	1	222.6294	0	222.6294	0.2732059	0.9065471	0.00402691	2.537088	3.041691
2188	0	-279.4992	0	-279.4992	0.1014811	0.7531285	0.2022746	6.830311	-6.30549
2189	1	224.8686	0	224.8686	0.1809968	0.8590519	0.002446059	3.829609	3.041691
2190	0	-278.2149	0	-278.2149	0.1003106	0.7504722	0.1958558	6.91001	-6.446615
2191	1	224.7951	0	224.7951	0.1942642	0.8686335	0.002744116	3.568065	3.041691
2192	0	-277.6624	0	-277.6624	0.08884602	0.721477	0.1694839	7.801668	-6.385755
2193	1	225.0067	0	225.0067	0.1124376	0.7756964	0.001784861	6.164728	3.0361
2194	0	-277.6554	0	-277.6554	0.0770336	0.6847764	0.1563526	8.997985	-6.367964
2195	1	224.8042	0	224.8042	0.1143884	0.779321	0.001653963	6.059592	3.052729
2196	0	-278.5382	0	-278.5382	0.0791871	0.6920725	0.1436515	8.753284	-6.310523
2197	1	225.5478	0	225.5478	0.1512608	0.8316537	0.002296568	4.582464	3.040659
2198	0	-278.9531	0	-278.9531	0.1181096	0.7859414	0.2084589	5.86868	-6.452975
2199	1	224.7813	0	224.7813	0.1438504	0.8231413	0.002372125	4.818527	3.037706
2200	0	-277.3862	0	-277.3862	0.07520244	0.6783363	0.1481608	9.217083	-6.468685
2201	1	224.7854	0	224.7854	0.1502209	0.8305073	0.002020027	4.614185	3.037706
2202	0	-277.9605	0	-277.9605	0.06059088	0.6178792	0.118701	11.43979	-6.410357
2203	1	221.1688	0	221.1688	0.1093816	0.7697927	0.00146631	6.336962	3.027068
2204	0	-279.3279	0	-279.3279	0.1169084	0.7838451	0.2063388	5.928976	-6.501503
2205	1	222.4789	0	222.4789	0.1354605	0.8124493	0.002213483	5.11697	3.027068
2206	0	-279.0203	0	-279.0203	0.1079558	0.7669396	0.1968392	6.420656	-6.518629
2207	1	222.6617	0	222.6617	0.117865	0.7855176	0.001747118	5.880859	3.027068
2208	0	-280.1705	0	-280.1705	0.1248856	0.797089	0.2461456	5.550256	-6.36343
2209	1	222.7054	0	222.7054	0.130137	0.805003	0.001950159	5.32629	3.027068
2210	0	-280.5383	0	-280.5383	0.09127041	0.7280944	0.1987996	7.594435	-6.266597
2211	1	221.9047	0	221.9047	0.1273609	0.8008934	0.00147437	5.442387	3.045444
2212	0	-278.9556	0	-278.9556	0.09780269	0.7446036	0.2060822	7.0872	-6.46946
2213	1	225.2409	0	225.2409	0.1406738	0.8192335	0.002322088	4.927335	3.045444
2214	0	-278.7778	0	-278.7778	0.08786231	0.7187104	0.180692	7.889016	-6.541997
2215	1	225.1075	0	225.1075	0.1329001	0.8089367	0.001765294	5.21555	3.045444
2216	0	-278.3855	0	-278.3855	0.08223062	0.7018999	0.1782433	8.429308	-6.37617
2217	1	225.6177	0	225.6177	0.1469234	0.82677	0.002289884	4.717744	3.045444
2218	0	-280.0316	0	-280.0316	0.1362212	0.8134693	0.2454412	5.088396	-6.416779
2219	1	222.7655	0	222.7655	0.1382359	0.8161204	0.002611482	5.014235	3.049739
2220	0	-278.692	0	-278.692	0.1031147	0.7567513	0.1992702	6.722099	-6.35271
2221	1	223.5918	0	223.5918	0.1906501	0.8661534	0.00241469	3.635703	3.049739
2222	0	-279.1244	0	-279.1244	0.0887896	0.7213196	0.188278	7.806625	-6.317668
2223	1	223.263	0	223.263	0.228566	0.8883073	0.003551327	3.032591	3.049739
2224	0	-278.8892	0	-278.8892	0.05225498	0.5745022	0.1143052	13.26471	-6.552991
2225	1	223.9284	0	223.9284	0.1824765	0.8601882	0.00233978	3.798556	3.049739
2226	0	-277.3886	0	-277.3886	0.07447722	0.6757235	0.1523868	9.306834	-6.437303
2227	1	224.8274	0	224.8274	0.1477858	0.8277626	0.001966699	4.690216	3.049739
2228	0	-277.5247	0	-277.5247	0.08505909	0.7105558	0.1555668	8.149007	-6.399685
2229	1	224.8819	0	224.8819	0.1351736	0.8120619	0.002303206	5.127829	3.041296
2230	0	-277.5739	0	-277.5739	0.08872799	0.7211476	0.1695719	7.812047	-6.453885
2231	1	223.522	0	223.522	0.2393933	0.8933542	0.003560659	2.895432	3.041296
2232	0	-280.0012	0	-280.0012	0.04170987	0.5073616	0.1224053	16.6183	-6.450975
2233	1	224.3746	0	224.3746	0.2070999	0.8767512	0.003130064	3.346923	3.041886
2234	0	-279.1868	0	-279.1868	0.0422055	0.5108763	0.108982	16.42315	-6.493573
2235	1	224.0241	0	224.0241	0.1914285	0.8666954	0.003149438	3.620919	3.041886
2236	0	-280.0374	0	-280.0374	0.05710727	0.6006602	0.132619	12.13764	-6.234476
2237	1	222.5158	0	222.5158	0.2480847	0.8970879	0.00404713	2.793994	3.045952
2238	0	-278.521	0	-278.521	0.1061183	0.7631658	0.2020826	6.531832	-6.381517
2239	1	223.9822	0	223.9822	0.2236221	0.8858411	0.003061152	3.099637	3.045952
2240	0	-277.9557	0	-277.9557	0.09457727	0.7366825	0.1802429	7.328898	-6.479666
2241	1	223.1458	0	223.1458	0.2564872	0.9004576	0.003558495	2.702463	3.045952
2242	0	-277.46	0	-277.46	0.08468183	0.7094267	0.1559025	8.185311	-6.448294
2243	1	224.265	0	224.265	0.1819387	0.8597773	0.002321529	3.809785	3.045952
2244	0	-277.3645	0	-277.3645	0.07186817	0.6660189	0.146479	9.644704	-6.412926
2245	1	224.11	0	224.11	0.1880275	0.8642949	0.002848015	3.686414	3.052358
2246	0	-281.1725	0	-281.1725	0.04775063	0.5476905	0.1435253	14.51598	-6.469166
2247	1	224.8339	0	224.8339	0.1573799	0.8381068	0.002615728	4.404293	3.044658
2248	0	-278.018	0	-278.018	0.06815067	0.6513192	0.1249363	10.17081	-6.477142
2249	1	224.4792	0	224.4792	0.1509123	0.8312711	0.002599877	4.593047	3.044658
2250	0	-279.49	0	-279.49	0.07889898	0.6911132	0.1254866	8.785249	-6.466428
2251	1	224.1184	0	224.1184	0.1405736	0.8191075	0.002490063	4.930849	3.040297
2252	0	-277.8564	0	-277.8564	0.08470262	0.7094891	0.1486419	8.183303	-6.475706
2253	1	222.4339	0	222.4339	0.213754	0.8805798	0.003708999	3.242732	3.040297
2254	0	-279.5004	0	-279.5004	0.08478818	0.7097458	0.1965648	8.175045	-6.444827
2255	1	223.6403	0	223.6403	0.1961336	0.8698811	0.003261264	3.534056	3.040297
2256	0	-277.6637	0	-277.6637	0.0785683	0.6900059	0.1589147	8.822225	-6.491509
2257	1	224.0607	0	224.0607	0.184764	0.8619099	0.003049439	3.751528	3.040297
2258	0	-278.201	0	-278.201	0.07293645	0.6700512	0.1639608	9.50344	-6.461168
2259	1	224.2684	0	224.2684	0.2029722	0.8742515	0.002742267	3.414986	3.040297
2260	0	-280.6281	0	-280.6281	0.08397021	0.7072759	0.1985516	8.25468	-6.310269
2261	1	225.3255	0	225.3255	0.1573394	0.8380656	0.002495447	4.405427	3.044195
2262	0	-278.0609	0	-278.0609	0.09712242	0.7429688	0.1844331	7.13684	-6.376433
2263	1	224.5338	0	224.5338	0.1737387	0.853204	0.002394806	3.989595	3.051413
2264	0	-277.5508	0	-277.5508	0.07109433	0.6630459	0.146204	9.749682	-6.487029
2265	1	225.2755	0	225.2755	0.1212832	0.7913018	0.0018947	5.715111	3.051413
2266	0	-278.1735	0	-278.1735	0.09295251	0.7325241	0.1556064	7.457003	-6.425421
2267	1	223.4702	0	223.4702	0.07794573	0.6879025	0.001331126	8.89269	3.051413
2268	0	-279.0942	0	-279.0942	0.08027497	0.6956486	0.1292585	8.634662	-6.402375
2269	1	224.9124	0	224.9124	0.1284317	0.8024978	0.002121163	5.397011	3.051413
2270	0	-277.6926	0	-277.6926	0.0637946	0.6326707	0.1274972	10.86529	-6.383711
2271	1	224.293	0	224.293	0.1203262	0.7897119	0.001632662	5.760568	3.035715
2272	0	-278.2569	0	-278.2569	0.07005336	0.6589756	0.1234963	9.89456	-6.409793
2273	1	225.0061	0	225.0061	0.1127156	0.7762197	0.001714067	6.149521	3.052636
2274	0	-279.4547	0	-279.4547	0.05456161	0.587269	0.1379192	12.70394	-6.312665
2275	1	224.9343	0	224.9343	0.128368	0.8024031	0.002063644	5.399689	3.052636
2276	0	-278.8361	0	-278.8361	0.06770209	0.6494722	0.1432695	10.23819	-6.58586
2277	1	224.8005	0	224.8005	0.1480332	0.8280453	0.002234694	4.682377	3.053399
2278	0	-279.5652	0	-279.5652	0.1100653	0.7711382	0.1885633	6.297598	-6.533794
2279	1	223.262	0	223.262	0.09917822	0.7478528	0.001899082	6.988905	3.038868
2280	0	-279.7953	0	-279.7953	0.07450086	0.6758092	0.1303627	9.303882	-6.274904
2281	1	223.9486	0	223.9486	0.2172157	0.8824795	0.00313288	3.191054	3.038868
2282	0	-278.0916	0	-278.0916	0.0892432	0.7225805	0.1528706	7.766947	-6.476517
2283	1	224.6202	0	224.6202	0.1566555	0.837368	0.00259049	4.424659	3.038868
2284	0	-278.35	0	-278.35	0.08818262	0.7196165	0.1739834	7.860361	-6.530662
2285	1	225.515	0	225.515	0.157484	0.8382123	0.002204072	4.401383	3.042545
2286	0	-280.1517	0	-280.1517	0.07402081	0.6740606	0.1846134	9.364221	-6.468526
2287	1	222.5482	0	222.5482	0.2200139	0.8839717	0.003781538	3.150469	3.042545
2288	0	-278.0645	0	-278.0645	0.07057814	0.6610378	0.1523454	9.820989	-6.518458
2289	1	225.0879	0	225.0879	0.142034	0.8209269	0.001908543	4.880149	3.03982
2290	0	-277.7871	0	-277.7871	0.07301721	0.6703527	0.145507	9.492929	-6.344402
2291	1	224.7238	0	224.7238	0.1417264	0.8205465	0.002402614	4.890742	3.03982
2292	0	-281.3461	0	-281.3461	0.1514779	0.8318911	0.2882933	4.575897	-6.436082
2293	1	224.4892	0	224.4892	0.188324	0.8645075	0.002525891	3.680611	3.03982
2294	0	-277.8377	0	-277.8377	0.09355011	0.7340671	0.1789186	7.409368	-6.467357
2295	1	222.456	0	222.456	0.2114698	0.8792924	0.00367031	3.27776	3.03982
2296	0	-277.5907	0	-277.5907	0.08352612	0.7059196	0.1641991	8.298568	-6.383409
2297	1	221.3675	0	221.3675	0.2816174	0.9093378	0.004595141	2.461308	3.03982
2298	0	-278.5555	0	-278.5555	0.08975436	0.7239893	0.1510366	7.722714	-6.353659
2299	1	221.004	0	221.004	0.232967	0.890415	0.004207995	2.975302	3.03982
2300	0	-280.1813	0	-280.1813	0.03780108	0.4782351	0.1009463	18.3367	-6.327253
2301	1	223.7457	0	223.7457	0.2123013	0.8797642	0.002787117	3.264923	3.03982
2302	0	-279.5859	0	-279.5859	0.03835413	0.4825132	0.1015454	18.0723	-6.465118
2303	1	225.671	0	225.671	0.131586	0.8070848	0.001961632	5.267637	3.03982
2304	0	-277.4542	0	-277.4542	0.07906164	0.6916554	0.160122	8.767174	-6.4189
2305	1	225.055	0	225.055	0.1081944	0.7674215	0.001825048	6.406499	3.03982
2306	0	-278.9216	0	-278.9216	0.07061348	0.6611759	0.1476954	9.816074	-6.589658
2307	1	225.1257	0	225.1257	0.09782847	0.7446652	0.001602987	7.085332	3.042006
2308	0	-277.7273	0	-277.7273	0.07281065	0.6695806	0.1505733	9.51986	-6.35946
2309	1	225.4405	0	225.4405	0.1069061	0.7647972	0.001725267	6.483703	3.042006
2310	0	-278.3022	0	-278.3022	0.07511149	0.6780106	0.1289103	9.228244	-6.401427
2311	1	225.177	0	225.177	0.1363475	0.8136377	0.002270991	5.08368	3.042006
2312	0	-280.3642	0	-280.3642	0.05128747	0.5689589	0.1302478	13.51494	-6.245483
2313	1	223.4064	0	223.4064	0.2105225	0.8787505	0.002860194	3.292508	3.035948
2314	0	-278.1663	0	-278.1663	0.05330623	0.5803977	0.1185154	13.00312	-6.380535
2315	1	224.9053	0	224.9053	0.1788831	0.8573967	0.002666129	3.87486	3.039156
2316	0	-278.9089	0	-278.9089	0.0506693	0.5653569	0.1208319	13.67983	-6.55125
2317	1	225.4231	0	225.4231	0.1443554	0.8237476	0.002044931	4.801671	3.039156
2318	0	-280.0064	0	-280.0064	0.03855304	0.4840389	0.09873224	17.97905	-6.34996
2319	1	225.5287	0	225.5287	0.1276442	0.8013204	0.001996235	5.430307	3.039156
2320	0	-278.0022	0	-278.0022	0.05397502	0.5840809	0.121228	12.842	-6.465607
2321	1	224.93	0	224.93	0.1363049	0.813581	0.001822781	5.08527	3.039156
2322	0	-280.468	0	-280.468	0.08816848	0.7195767	0.1475668	7.861621	-6.597145
2323	1	225.3933	0	225.3933	0.1055233	0.7619197	0.001570352	6.568664	3.043387
2324	0	-278.2391	0	-278.2391	0.08961456	0.7236053	0.1783331	7.734761	-6.512703
2325	1	225.4988	0	225.4988	0.135203	0.8121016	0.002192931	5.126715	3.043387
2326	0	-277.418	0	-277.418	0.06791744	0.6503609	0.1421109	10.20573	-6.426733
2327	1	224.7718	0	224.7718	0.1287722	0.803003	0.002188908	5.382738	3.050046
2328	0	-280.5038	0	-280.5038	0.07690039	0.6843153	0.1812898	9.013572	-6.586679
2329	1	224.8585	0	224.8585	0.1568781	0.8375957	0.002518493	4.418381	3.050046
2330	0	-279.2231	0	-279.2231	0.05887902	0.6095717	0.1266466	11.7724	-6.601493
2331	1	224.203	0	224.203	0.151728	0.8321639	0.002599807	4.568353	3.050046
2332	0	-279.7691	0	-279.7691	0.06194288	0.6242384	0.1268878	11.1901	-6.626773
2333	1	223.3715	0	223.3715	0.219644	0.8837766	0.003011188	3.155775	3.036619
2334	0	-278.1572	0	-278.1572	0.05392519	0.5838083	0.1136387	12.85387	-6.44974
2335	1	222.7558	0	222.7558	0.23543	0.8915604	0.003136876	2.944175	3.036619
2336	0	-279.4573	0	-279.4573	0.04439175	0.5259278	0.09903313	15.61433	-6.471423
2337	1	224.5539	0	224.5539	0.1866984	0.8633335	0.002716577	3.712657	3.037711
2338	0	-278.9361	0	-278.9361	0.05071388	0.5656183	0.1114374	13.6678	-6.543617
2339	1	223.705	0	223.705	0.1878742	0.8641847	0.002596912	3.689422	3.034439
2340	0	-278.2409	0	-278.2409	0.06913743	0.6553254	0.1573294	10.02564	-6.481069
2341	1	222.7666	0	222.7666	0.1733333	0.8528632	0.002769227	3.998926	3.057967
2342	0	-282.0463	0	-282.0463	0.0383706	0.4826398	0.1238676	18.06454	-6.277453
2343	1	222.6001	0	222.6001	0.1710285	0.8508963	0.002922425	4.052817	3.032176
2344	0	-279.9616	0	-279.9616	0.05738896	0.602099	0.106594	12.07806	-6.550079
2345	1	224.3344	0	224.3344	0.1217113	0.7920056	0.001859324	5.695011	3.032176
2346	0	-280.3021	0	-280.3021	0.04294554	0.5160529	0.09983916	16.14014	-6.577155
2347	1	223.918	0	223.918	0.1044946	0.7597369	0.001559316	6.633333	3.032176
2348	0	-278.0791	0	-278.0791	0.07226843	0.6675394	0.1274757	9.591287	-6.454586
2349	1	224.4198	0	224.4198	0.1793326	0.8577519	0.002551451	3.865148	3.036181
2350	0	-277.8897	0	-277.8897	0.09296746	0.7325629	0.1771364	7.455804	-6.480875
2351	1	223.2022	0	223.2022	0.2013264	0.8732265	0.002829052	3.442903	3.054759
2352	0	-277.8797	0	-277.8797	0.07138753	0.6641776	0.1473294	9.70964	-6.341564
2353	1	225.0412	0	225.0412	0.1611318	0.8418308	0.002530961	4.30174	3.039148
2354	0	-279.5292	0	-279.5292	0.0485545	0.5526675	0.1088695	14.27565	-6.297169
2355	1	225.4584	0	225.4584	0.1457634	0.8254172	0.002026896	4.755289	3.040595
2356	0	-278.8764	0	-278.8764	0.1049828	0.7607773	0.2046803	6.602485	-6.501186
2357	1	224.6024	0	224.6024	0.1249822	0.79724	0.002190408	5.545967	3.040595
2358	0	-279.784	0	-279.784	0.1156316	0.7815747	0.2131954	5.994442	-6.315746
2359	1	224.3438	0	224.3438	0.1617765	0.842454	0.00205629	4.284598	3.040595
2360	0	-279.4986	0	-279.4986	0.1234329	0.7947919	0.203269	5.615578	-6.41519
2361	1	225.0676	0	225.0676	0.1787214	0.8572685	0.002533197	3.878368	3.040595
2362	0	-278.0838	0	-278.0838	0.09909625	0.7476613	0.1919268	6.994687	-6.411227
2363	1	225.3854	0	225.3854	0.1375657	0.8152466	0.00221986	5.038662	3.040595
2364	0	-283.0981	0	-283.0981	0.02941201	0.4062405	0.1169779	23.5668	-6.431908
2365	1	224.8849	0	224.8849	0.1433795	0.8225722	0.002405828	4.834354	3.040595
2366	0	-278.8021	0	-278.8021	0.07286617	0.6697885	0.1529051	9.512606	-6.579048
2367	1	225.4953	0	225.4953	0.1419676	0.8208449	0.001980936	4.882431	3.040595
2368	0	-277.3728	0	-277.3728	0.07114595	0.6632456	0.1371185	9.742609	-6.424202
2369	1	225.2961	0	225.2961	0.1662656	0.8466638	0.002348729	4.168915	3.040595
2370	0	-278.9321	0	-278.9321	0.1137469	0.7781411	0.1997979	6.093766	-6.367452
2371	1	225.4338	0	225.4338	0.1514929	0.8319075	0.002223583	4.575444	3.04933
2372	0	-278.4874	0	-278.4874	0.09914946	0.7477856	0.1900034	6.990932	-6.347258
2373	1	225.3918	0	225.3918	0.1407733	0.8193584	0.001979595	4.923853	3.04933
2374	0	-281.7358	0	-281.7358	0.1206948	0.790327	0.1855898	5.742973	-6.300949
2375	1	225.5648	0	225.5648	0.1138398	0.7783127	0.001825157	6.088794	3.046853
2376	0	-277.6291	0	-277.6291	0.08552676	0.7119448	0.1515528	8.104448	-6.419526
2377	1	224.4247	0	224.4247	0.1308761	0.8060701	0.001674837	5.296211	3.046853
2378	0	-281.7085	0	-281.7085	0.1134931	0.7776711	0.2542408	6.107393	-6.331681
2379	1	225.7389	0	225.7389	0.138504	0.8164678	0.002121244	5.004527	3.046853
2380	0	-280.3085	0	-280.3085	0.1280815	0.8019759	0.2174368	5.411765	-6.335082
2381	1	224.0516	0	224.0516	0.08621059	0.713955	0.001301756	8.040163	3.046853
2382	0	-279.6567	0	-279.6567	0.07779414	0.6873867	0.1724116	8.910017	-6.275244
2383	1	221.6405	0	221.6405	0.1325306	0.8084194	0.001891688	5.23009	3.063272
2384	0	-279.563	0	-279.563	0.108093	0.767217	0.2140869	6.412505	-6.324514
2385	1	225.1456	0	225.1456	0.1114374	0.7737951	0.001779119	6.22006	3.03727
2386	0	-279.1723	0	-279.1723	0.08768346	0.7182022	0.1516377	7.905107	-6.560308
2387	1	223.3881	0	223.3881	0.09989221	0.7495101	0.001636583	6.938952	3.029804
2388	0	-281.8549	0	-281.8549	0.1171417	0.7842553	0.2648452	5.917169	-6.364391
2389	1	225.0249	0	225.0249	0.1108155	0.7725981	0.001823374	6.254964	3.037497
2390	0	-285.8456	0	-285.8456	0.1083559	0.7677467	0.2858772	6.39695	-6.532866
2391	1	225.25	0	225.25	0.1337486	0.8101145	0.002110267	5.182463	3.037497
2392	0	-278.6959	0	-278.6959	0.07845831	0.6896361	0.1718571	8.834592	-6.528714
2393	1	224.059	0	224.059	0.1067021	0.7643768	0.001925721	6.496097	3.037497
2394	0	-277.9316	0	-277.9316	0.0855709	0.7120753	0.1499679	8.100268	-6.374848
2395	1	225.3477	0	225.3477	0.1069436	0.7648745	0.001752975	6.481426	3.047091
2396	0	-278.0432	0	-278.0432	0.08223982	0.7019288	0.1689165	8.428365	-6.352081
2397	1	225.0532	0	225.0532	0.1826891	0.86035	0.002666966	3.794136	3.047091
2398	0	-277.9279	0	-277.9279	0.0860598	0.7135139	0.1747246	8.054251	-6.483744
2399	1	220.8182	0	220.8182	0.3363479	0.9240893	0.004920304	2.060804	3.047091
2400	0	-279.894	0	-279.894	0.09569328	0.7394724	0.1573571	7.243426	-6.296587
2401	1	219.5037	0	219.5037	0.3376426	0.9243803	0.005647982	2.052902	3.047091
2402	0	-277.5064	0	-277.5064	0.08823316	0.719759	0.1681753	7.855858	-6.430281
2403	1	221.9114	0	221.9114	0.2607492	0.902084	0.004305793	2.658291	3.047091
2404	0	-278.0617	0	-278.0617	0.07173249	0.6655009	0.1330312	9.662946	-6.345995
2405	1	223.5077	0	223.5077	0.2318382	0.889882	0.003575283	2.989789	3.047091
2406	0	-277.5956	0	-277.5956	0.06578591	0.6413959	0.1299524	10.53641	-6.390212
2407	1	224.489	0	224.489	0.2057634	0.8759528	0.002981411	3.36866	3.047091
2408	0	-277.9911	0	-277.9911	0.05915638	0.6109375	0.1172067	11.7172	-6.423562
2409	1	224.5383	0	224.5383	0.1979172	0.8710497	0.003010771	3.502207	3.047091
2410	0	-278.9021	0	-278.9021	0.1011623	0.7524103	0.2000585	6.85183	-6.514793
2411	1	222.0803	0	222.0803	0.2635443	0.9031221	0.003324638	2.630098	3.047091
2412	0	-278.1486	0	-278.1486	0.08444472	0.7087131	0.1668909	8.208295	-6.527584
2413	1	223.2257	0	223.2257	0.2413277	0.8942084	0.003163168	2.872223	3.04551
2414	0	-277.9809	0	-277.9809	0.08535604	0.7114391	0.1736713	8.120658	-6.366094
2415	1	225.367	0	225.367	0.1627126	0.8433504	0.002519074	4.259948	3.04551
2416	0	-278.6056	0	-278.6056	0.08363749	0.7062608	0.1847168	8.287518	-6.457597
2417	1	224.21	0	224.21	0.1589428	0.8396786	0.0027476	4.360984	3.04551
2418	0	-279.634	0	-279.634	0.05186011	0.5722536	0.1407893	13.36571	-6.436573
2419	1	225.5476	0	225.5476	0.1609659	0.8416697	0.002295874	4.306174	3.04551
2420	0	-279.8511	0	-279.8511	0.06779359	0.6498503	0.1628735	10.22438	-6.29104
2421	1	223.023	0	223.023	0.189895	0.8656235	0.002597756	3.65016	3.055825
2422	0	-279.9448	0	-279.9448	0.05105284	0.5675973	0.1180529	13.57705	-6.248984
2423	1	224.2556	0	224.2556	0.1466226	0.826421	0.002215811	4.727425	3.055825
2424	0	-277.7454	0	-277.7454	0.0635148	0.6314166	0.1384566	10.91316	-6.48545
2425	1	223.1562	0	223.1562	0.1703368	0.8502958	0.002260657	4.069275	3.055825
2426	0	-278.6606	0	-278.6606	0.04681136	0.5417644	0.1176738	14.80724	-6.41787
2427	1	224.1492	0	224.1492	0.1063799	0.7637097	0.001766328	6.515774	3.055825
2428	0	-279.5648	0	-279.5648	0.04050872	0.4986811	0.1138982	17.11106	-6.471308
2429	1	224.8236	0	224.8236	0.1054473	0.7617596	0.001652724	6.573401	3.052901
2430	0	-280.6741	0	-280.6741	0.06983785	0.6581226	0.1444158	9.925093	-6.198973
2431	1	224.513	0	224.513	0.1502467	0.8305359	0.002404286	4.613393	3.035128
2432	0	-280.4804	0	-280.4804	0.06180136	0.6235809	0.1604648	11.21573	-6.559385
2433	1	224.6254	0	224.6254	0.1093948	0.7698188	0.001812096	6.3362	3.035128
2434	0	-279.7702	0	-279.7702	0.08096966	0.697895	0.1314847	8.560579	-6.322441
2435	1	224.2297	0	224.2297	0.113984	0.7785784	0.001577539	6.081094	3.035128
2436	0	-278.7488	0	-278.7488	0.06506026	0.6382564	0.1529954	10.65393	-6.523133
2437	1	223.7288	0	223.7288	0.1413619	0.820094	0.002256021	4.903351	3.05744
2438	0	-282.0585	0	-282.0585	0.07819547	0.6887492	0.1751399	8.864288	-6.681232
2439	1	224.4345	0	224.4345	0.1436445	0.8228929	0.002205207	4.825435	3.033231
2440	0	-278.8189	0	-278.8189	0.10345	0.757483	0.1757224	6.70031	-6.503746
2441	1	220.9943	0	220.9943	0.2187703	0.8833132	0.003832078	3.168379	3.033231
2442	0	-277.549	0	-277.549	0.07312047	0.6707375	0.1465397	9.479523	-6.370168
2443	1	223.1446	0	223.1446	0.1971855	0.8705728	0.003048694	3.515204	3.033231
2444	0	-279.2397	0	-279.2397	0.07928754	0.6924057	0.126936	8.742196	-6.448593
2445	1	221.9771	0	221.9771	0.2884219	0.9114764	0.003926854	2.403241	3.039792
2446	0	-278.8177	0	-278.8177	0.06823859	0.6516793	0.1636487	10.1577	-6.429272
2447	1	224.3388	0	224.3388	0.2050923	0.8755479	0.003039004	3.379685	3.039792
2448	0	-279.003	0	-279.003	0.0757433	0.6802617	0.1739896	9.151267	-6.350281
2449	1	224.8794	0	224.8794	0.1482594	0.8283031	0.001958295	4.675234	3.039792
2450	0	-281.4161	0	-281.4161	0.0892601	0.7226273	0.1384877	7.765476	-6.578931
2451	1	225.3579	0	225.3579	0.1667264	0.8470835	0.002450499	4.157393	3.040823
2452	0	-282.6295	0	-282.6295	0.09209349	0.7302781	0.1287899	7.52656	-6.493759
2453	1	222.8544	0	222.8544	0.2089924	0.8778647	0.002546847	3.316615	3.040823
2454	0	-278.9249	0	-278.9249	0.1018565	0.7539696	0.168904	6.805137	-6.499802
2455	1	225.0384	0	225.0384	0.117554	0.7849765	0.002004936	5.896417	3.040823
2456	0	-277.4251	0	-277.4251	0.07104201	0.6628432	0.1354169	9.756863	-6.421544
2457	1	224.8679	0	224.8679	0.1238677	0.7954845	0.00165225	5.595868	3.040823
2458	0	-277.8176	0	-277.8176	0.06539722	0.6397199	0.1260523	10.59903	-6.380144
2459	1	223.3736	0	223.3736	0.2300531	0.8890285	0.003009012	3.012987	3.040823
2460	0	-277.6515	0	-277.6515	0.0912446	0.7280254	0.1696059	7.596583	-6.459751
2461	1	223.7892	0	223.7892	0.2051495	0.8755825	0.003316115	3.378742	3.040823
2462	0	-277.7272	0	-277.7272	0.07641601	0.6826292	0.1621922	9.070706	-6.456838
2463	1	224.561	0	224.561	0.1949009	0.8690611	0.002654789	3.556409	3.040823
2464	0	-277.8798	0	-277.8798	0.0704518	0.6605432	0.1491396	9.838601	-6.51294
2465	1	225.7145	0	225.7145	0.1278832	0.8016791	0.001976436	5.420159	3.040823
2466	0	-279.8014	0	-279.8014	0.09209276	0.7302762	0.1414588	7.52662	-6.477858
2467	1	223.9589	0	223.9589	0.1254245	0.797929	0.002286594	5.526408	3.040823
2468	0	-277.8371	0	-277.8371	0.08486057	0.7099626	0.148228	8.168071	-6.466564
2469	1	222.9845	0	222.9845	0.1620836	0.8427492	0.002902358	4.276479	3.036841
2470	0	-277.9497	0	-277.9497	0.096997	0.7426653	0.1876865	7.146068	-6.433677
2471	1	225.5607	0	225.5607	0.1559728	0.8366657	0.002258265	4.444026	3.041139
2472	0	-278.9311	0	-278.9311	0.1160832	0.7823827	0.198585	5.971124	-6.395428
2473	1	223.2973	0	223.2973	0.1675106	0.8477927	0.002110352	4.137931	3.035618
2474	0	-278.0538	0	-278.0538	0.09106979	0.7275574	0.1570787	7.611164	-6.380099
2475	1	222.9202	0	222.9202	0.1401639	0.8185907	0.001726828	4.945263	3.035618
2476	0	-279.4778	0	-279.4778	0.07506745	0.6778527	0.1799182	9.233659	-6.380466
2477	1	224.0085	0	224.0085	0.1965865	0.8701798	0.002537085	3.525914	3.047572
2478	0	-277.7825	0	-277.7825	0.08332521	0.7053024	0.1636443	8.318577	-6.501344
2479	1	225.4787	0	225.4787	0.1244488	0.7964034	0.001752224	5.569737	3.047572
2480	0	-278.6879	0	-278.6879	0.06738935	0.6481749	0.119797	10.28571	-6.363428
2481	1	225.3388	0	225.3388	0.1585125	0.8392488	0.002196795	4.372822	3.047572
2482	0	-279.7031	0	-279.7031	0.0387607	0.4856243	0.1067928	17.88273	-6.506184
2483	1	224.5605	0	224.5605	0.1632604	0.8438703	0.002624654	4.245655	3.051042
2484	0	-278.9166	0	-278.9166	0.08720617	0.7168381	0.1604405	7.948373	-6.568719
2485	1	225.3147	0	225.3147	0.1262782	0.7992461	0.001841743	5.489049	3.051042
2486	0	-279.2532	0	-279.2532	0.06199728	0.6244906	0.1565665	11.18028	-6.453848
2487	1	225.6886	0	225.6886	0.1293074	0.8037919	0.002022532	5.36046	3.04737
2488	0	-278.48	0	-278.48	0.07243299	0.6681612	0.1242953	9.569495	-6.457161
2489	1	224.5753	0	224.5753	0.159568	0.840299	0.002051819	4.3439	3.04737
2490	0	-277.634	0	-277.634	0.06070257	0.6184112	0.1316093	11.41874	-6.454174
2491	1	224.8052	0	224.8052	0.09425706	0.7358721	0.001612789	7.353796	3.046298
2492	0	-279.462	0	-279.462	0.06907612	0.6550788	0.1145431	10.03454	-6.426884
2493	1	223.1359	0	223.1359	0.1190059	0.7874811	0.001460404	5.824479	3.046298
2494	0	-278.1386	0	-278.1386	0.06881009	0.654005	0.1514585	10.07334	-6.515912
2495	1	224.1668	0	224.1668	0.1184899	0.7865973	0.001804295	5.849842	3.056948
2496	0	-277.6746	0	-277.6746	0.08701384	0.7162851	0.1670787	7.965942	-6.481307
2497	1	223.7943	0	223.7943	0.1546048	0.8352407	0.002338239	4.48335	3.056948
2498	0	-279.4454	0	-279.4454	0.109357	0.769744	0.2100059	6.33839	-6.528994
2499	1	224.7061	0	224.7061	0.2013281	0.8732275	0.002938952	3.442874	3.043888
2500	0	-277.8419	0	-277.8419	0.07882562	0.6908681	0.1617846	8.793425	-6.359035
2501	1	225.1234	0	225.1234	0.1830961	0.8606588	0.002607075	3.785701	3.042893
2502	0	-279.6261	0	-279.6261	0.08894076	0.7217409	0.1803938	7.793358	-6.267312
2503	1	225.6755	0	225.6755	0.136169	0.8133998	0.002135825	5.090344	3.041918
2504	0	-281.1937	0	-281.1937	0.1233418	0.7946462	0.2216917	5.619725	-6.574477
2505	1	224.9589	0	224.9589	0.1821851	0.8599659	0.002785068	3.804632	3.041918
2506	0	-278.0314	0	-278.0314	0.09239224	0.731063	0.1603897	7.502223	-6.477396
2507	1	223.3241	0	223.3241	0.1907648	0.8662335	0.002619009	3.633517	3.054832
2508	0	-278.4769	0	-278.4769	0.07106877	0.6629469	0.1348742	9.75319	-6.306951
2509	1	224.7379	0	224.7379	0.1493916	0.829582	0.002121728	4.639801	3.035238
2510	0	-281.4194	0	-281.4194	0.07305782	0.6705041	0.1728569	9.487652	-6.216815
2511	1	224.329	0	224.329	0.1251371	0.7974817	0.001969345	5.539104	3.032309
2512	0	-280.7461	0	-280.7461	0.04398082	0.5231539	0.1171432	15.76021	-6.24169
2513	1	224.6452	0	224.6452	0.1216361	0.7918822	0.002146704	5.698533	3.045687
2514	0	-277.9353	0	-277.9353	0.07171458	0.6654324	0.1330395	9.665359	-6.50638
2515	1	225.542	0	225.542	0.1553261	0.8359951	0.002171994	4.462528	3.045687
2516	0	-279.4713	0	-279.4713	0.07065179	0.6613255	0.1347491	9.810751	-6.256055
2517	1	224.8175	0	224.8175	0.1485666	0.8286519	0.001921557	4.665566	3.045687
2518	0	-279.5444	0	-279.5444	0.04789759	0.5486068	0.1301165	14.47144	-6.369522
2519	1	225.1151	0	225.1151	0.1834981	0.8609623	0.002670492	3.777407	3.045687
2520	0	-278.2574	0	-278.2574	0.06169726	0.623096	0.1332104	11.23465	-6.543924
2521	1	225.0157	0	225.0157	0.1823195	0.8600685	0.00256787	3.801826	3.047205
2522	0	-277.876	0	-277.876	0.08230683	0.702139	0.1421189	8.421502	-6.436198
2523	1	223.6928	0	223.6928	0.1531802	0.8337309	0.002739121	4.525044	3.047205
2524	0	-279.3119	0	-279.3119	0.06219892	0.6254232	0.1100586	11.14404	-6.383095
2525	1	225.2985	0	225.2985	0.1576105	0.8383406	0.002158132	4.397848	3.047205
2526	0	-277.3511	0	-277.3511	0.07893095	0.6912199	0.1519107	8.78169	-6.405976
2527	1	221.8508	0	221.8508	0.1844536	0.8616787	0.003379116	3.75784	3.051382
2528	0	-279.8114	0	-279.8114	0.09176187	0.7294021	0.2091223	7.55376	-6.468337
2529	1	225.3515	0	225.3515	0.1691196	0.8492277	0.002471635	4.098563	3.041315
2530	0	-278.5138	0	-278.5138	0.09207168	0.7302207	0.192313	7.528343	-6.478799
2531	1	225.7028	0	225.7028	0.1470616	0.8269297	0.002083064	4.713312	3.044879
2532	0	-277.6874	0	-277.6874	0.05860619	0.6082205	0.1252877	11.8272	-6.424946
2533	1	225.469	0	225.469	0.1668454	0.8471916	0.002383383	4.154427	3.044879
2534	0	-278.2374	0	-278.2374	0.06807531	0.6510101	0.1214181	10.18206	-6.427156
2535	1	224.5489	0	224.5489	0.1824586	0.8601746	0.002945089	3.798929	3.044879
2536	0	-281.4733	0	-281.4733	0.1540207	0.8346249	0.2750928	4.500351	-6.479022
2537	1	224.6947	0	224.6947	0.1707009	0.8506125	0.002213086	4.060596	3.044879
2538	0	-277.7309	0	-277.7309	0.09457134	0.7366675	0.1722712	7.329358	-6.44709
2539	1	224.4007	0	224.4007	0.1281152	0.8020262	0.002110177	5.410342	3.033914
2540	0	-278.1456	0	-278.1456	0.05737419	0.6020237	0.1172568	12.08117	-6.493446
2541	1	223.9604	0	223.9604	0.1392808	0.8174672	0.002353439	4.976617	3.033914
2542	0	-279.3341	0	-279.3341	0.06534364	0.6394878	0.1511496	10.60772	-6.583463
2543	1	223.9283	0	223.9283	0.1087149	0.7684666	0.0019031	6.375823	3.033914
2544	0	-277.2919	0	-277.2919	0.07544776	0.6792121	0.1473933	9.187114	-6.43013
2545	1	224.4293	0	224.4293	0.1064897	0.7639376	0.001746428	6.509051	3.033914
2546	0	-278.6367	0	-278.6367	0.1043125	0.7593468	0.2034656	6.644911	-6.480567
2547	1	222.9827	0	222.9827	0.2329142	0.8903902	0.003084179	2.975977	3.037703
2548	0	-278.4867	0	-278.4867	0.09214461	0.7304127	0.1924922	7.522384	-6.383125
2549	1	224.125	0	224.125	0.1580475	0.8387818	0.002678711	4.38569	3.037703
2550	0	-281.5158	0	-281.5158	0.12356	0.7949948	0.1921618	5.609803	-6.30801
2551	1	224.619	0	224.619	0.1813393	0.8593165	0.002727058	3.822376	3.037703
2552	0	-278.7487	0	-278.7487	0.09704554	0.7427828	0.2027851	7.142494	-6.461201
2553	1	223.5279	0	223.5279	0.2198507	0.8838857	0.003353369	3.152808	3.037703
2554	0	-281.4156	0	-281.4156	0.1359486	0.813105	0.2421516	5.098598	-6.546886
2555	1	221.3838	0	221.3838	0.3010679	0.9151943	0.004438058	2.302295	3.037703
2556	0	-278.0999	0	-278.0999	0.08141695	0.6993262	0.1605969	8.513549	-6.532626
2557	1	220.8681	0	220.8681	0.2888617	0.9116112	0.004583039	2.399581	3.035722
2558	0	-277.9757	0	-277.9757	0.09639017	0.7411879	0.1847733	7.191057	-6.465766
2559	1	223.2915	0	223.2915	0.2208831	0.8844276	0.003196735	3.138072	3.035722
2560	0	-278.913	0	-278.913	0.0662842	0.6435256	0.1597099	10.4572	-6.488166
2561	1	223.6014	0	223.6014	0.1856374	0.8625562	0.003016514	3.733877	3.035722
2562	0	-279.0168	0	-279.0168	0.08637259	0.7144276	0.1376705	8.025082	-6.455103
2563	1	225.3506	0	225.3506	0.1598209	0.8405488	0.002461187	4.337024	3.047511
2564	0	-279.2838	0	-279.2838	0.09007589	0.7248691	0.1790345	7.695146	-6.576681
2565	1	223.9438	0	223.9438	0.1593242	0.8400577	0.002079712	4.350545	3.035622
2566	0	-277.9256	0	-277.9256	0.07654911	0.683094	0.1560399	9.054935	-6.521045
2567	1	224.8667	0	224.8667	0.1503571	0.8306583	0.002168936	4.610005	3.035622
2568	0	-278.7773	0	-278.7773	0.09573278	0.7395702	0.202906	7.240437	-6.431747
2569	1	224.8485	0	224.8485	0.1361386	0.8133592	0.001918182	5.09148	3.035622
2570	0	-278.0172	0	-278.0172	0.06508713	0.6383735	0.1254123	10.64953	-6.507734
2571	1	223.963	0	223.963	0.104746	0.7602737	0.00145818	6.617411	3.035622
2572	0	-278.5525	0	-278.5525	0.06319507	0.6299749	0.1268177	10.96838	-6.561374
2573	1	222.9125	0	222.9125	0.0849351	0.7101855	0.001246994	8.160904	3.035622
2574	0	-278.0279	0	-278.0279	0.07472314	0.6766135	0.1396996	9.276206	-6.526396
2575	1	223.4309	0	223.4309	0.08468618	0.7094397	0.001539159	8.184891	3.035622
2576	0	-281.3252	0	-281.3252	0.09919253	0.7478862	0.1891006	6.987897	-6.216627
2577	1	225.248	0	225.248	0.1417626	0.8205914	0.002041468	4.889491	3.051121
2578	0	-279.2254	0	-279.2254	0.120803	0.7905068	0.2190602	5.73783	-6.380812
2579	1	223.2235	0	223.2235	0.2113984	0.8792517	0.003400565	3.278867	3.051121
2580	0	-278.1667	0	-278.1667	0.1038638	0.7583805	0.1939447	6.673617	-6.413017
2581	1	224.362	0	224.362	0.1750225	0.8542727	0.002350222	3.960333	3.051121
2582	0	-277.5284	0	-277.5284	0.06751474	0.648696	0.1338822	10.2666	-6.478653
2583	1	223.0313	0	223.0313	0.2365804	0.8920872	0.003258601	2.929859	3.051121
2584	0	-278.6004	0	-278.6004	0.0745747	0.6760768	0.1649649	9.29467	-6.530081
2585	1	221.3625	0	221.3625	0.2962518	0.9138158	0.004397372	2.339723	3.051121
2586	0	-279.9185	0	-279.9185	0.07240675	0.6680622	0.116517	9.572963	-6.47965
2587	1	222.1795	0	222.1795	0.2608975	0.9021396	0.00420083	2.65678	3.040277
2588	0	-279.2774	0	-279.2774	0.05400988	0.5842714	0.1046425	12.83371	-6.492369
2589	1	225.5503	0	225.5503	0.1188534	0.7872207	0.001889869	5.831948	3.040277
2590	0	-280.2278	0	-280.2278	0.1396513	0.8179402	0.2472677	4.963413	-6.412858
2591	1	225.0175	0	225.0175	0.1674689	0.8477551	0.002272048	4.138961	3.040277
2592	0	-281.9215	0	-281.9215	0.1378548	0.8156244	0.2926206	5.028097	-6.397379
2593	1	223.6768	0	223.6768	0.2007945	0.8728917	0.003313615	3.452022	3.041165
2594	0	-280.4911	0	-280.4911	0.1297764	0.8044784	0.2248141	5.341088	-6.325959
2595	1	225.5472	0	225.5472	0.1460346	0.8257352	0.002206196	4.746458	3.039691
2596	0	-278.4982	0	-278.4982	0.1091308	0.7692956	0.1890545	6.351524	-6.450748
2597	1	225.699	0	225.699	0.1298954	0.8046518	0.001909966	5.336196	3.040367
2598	0	-279.164	0	-279.164	0.1144921	0.7795106	0.2005781	6.054104	-6.498867
2599	1	225.3985	0	225.3985	0.1518033	0.8322459	0.002112298	4.566088	3.040367
2600	0	-277.9755	0	-277.9755	0.09451149	0.7365164	0.165215	7.333999	-6.468893
2601	1	225.1807	0	225.1807	0.1230567	0.794189	0.001691144	5.632747	3.040367
2602	0	-277.4571	0	-277.4571	0.07108381	0.6630051	0.1369552	9.751125	-6.395876
2603	1	224.4585	0	224.4585	0.1260208	0.7988506	0.002164171	5.500262	3.036658
2604	0	-278.3794	0	-278.3794	0.08046262	0.6962582	0.1342959	8.614524	-6.427035
2605	1	225.1691	0	225.1691	0.1367329	0.8141496	0.002261801	5.06935	3.040662
2606	0	-277.6773	0	-277.6773	0.08377949	0.7066948	0.1605225	8.273471	-6.494181
2607	1	225.6263	0	225.6263	0.117519	0.7849155	0.001750255	5.898173	3.040662
2608	0	-279.7143	0	-279.7143	0.0377324	0.4777	0.1069294	18.37008	-6.464692
2609	1	225.5796	0	225.5796	0.1241748	0.795971	0.001781821	5.582029	3.040662
2610	0	-278.2805	0	-278.2805	0.07460967	0.6762034	0.128272	9.290313	-6.408635
2611	1	225.4433	0	225.4433	0.1176353	0.7851183	0.001685042	5.892339	3.040662
2612	0	-281.4239	0	-281.4239	0.05503511	0.5898139	0.1182251	12.59464	-6.686819
2613	1	225.0632	0	225.0632	0.1095984	0.770221	0.001550379	6.324427	3.040662
2614	0	-277.6048	0	-277.6048	0.07082934	0.6620175	0.1501828	9.786158	-6.391973
2615	1	225.6196	0	225.6196	0.1197323	0.7887139	0.00188716	5.789143	3.040662
2616	0	-277.9778	0	-277.9778	0.06146689	0.6220194	0.1416574	11.27676	-6.418431
2617	1	225.2624	0	225.2624	0.135739	0.812824	0.001843993	5.106471	3.040662
2618	0	-278.1275	0	-278.1275	0.06231379	0.6259527	0.124925	11.1235	-6.342338
2619	1	224.2743	0	224.2743	0.1748684	0.8541452	0.00223453	3.963823	3.040662
2620	0	-279.2945	0	-279.2945	0.06303031	0.6292283	0.1223512	10.99705	-6.277621
2621	1	224.4702	0	224.4702	0.1518573	0.8323046	0.002592797	4.564465	3.040662
2622	0	-277.5165	0	-277.5165	0.08722712	0.7168982	0.162203	7.946464	-6.45612
2623	1	225.3854	0	225.3854	0.1360578	0.8132512	0.002201963	5.094504	3.040662
2624	0	-277.4301	0	-277.4301	0.07916134	0.6919869	0.1489456	8.756132	-6.394373
2625	1	224.0424	0	224.0424	0.1864422	0.8631466	0.002407341	3.717759	3.039187
2626	0	-279.5379	0	-279.5379	0.1053551	0.7615652	0.224108	6.579153	-6.409298
2627	1	225.8317	0	225.8317	0.1248935	0.7971013	0.001906421	5.549906	3.042693
2628	0	-279.6212	0	-279.6212	0.1286965	0.8028908	0.2180171	5.385906	-6.429805
2629	1	223.6071	0	223.6071	0.08457633	0.7091096	0.001247309	8.195522	3.042693
2630	0	-277.8202	0	-277.8202	0.06557512	0.6404886	0.1458673	10.57028	-6.468973
2631	1	225.6725	0	225.6725	0.1448604	0.8243499	0.002042041	4.784932	3.042693
2632	0	-277.5668	0	-277.5668	0.08081546	0.6973988	0.1491571	8.576913	-6.47854
2633	1	225.6324	0	225.6324	0.1126662	0.7761268	0.001680889	6.15222	3.042693
2634	0	-278.084	0	-278.084	0.09710696	0.7429314	0.1734361	7.137976	-6.371184
2635	1	224.723	0	224.723	0.120142	0.7894033	0.001838432	5.7694	3.033897
2636	0	-280.4867	0	-280.4867	0.1063849	0.7637202	0.1577858	6.515466	-6.456107
2637	1	223.2758	0	223.2758	0.08927731	0.7226749	0.001630582	7.76398	3.033897
2638	0	-279.2098	0	-279.2098	0.06497431	0.6378815	0.1614094	10.66802	-6.457226
2639	1	225.8638	0	225.8638	0.1376649	0.8153763	0.002027955	5.035034	3.044378
2640	0	-280.2636	0	-280.2636	0.042184	0.5107247	0.1200901	16.43152	-6.560128
2641	1	223.9227	0	223.9227	0.1850601	0.8621297	0.002317704	3.745525	3.046006
2642	0	-281.4258	0	-281.4258	0.05482638	0.5886951	0.1077121	12.64259	-6.22293
2643	1	225.3883	0	225.3883	0.1627448	0.843381	0.002295503	4.259105	3.041078
2644	0	-279.9231	0	-279.9231	0.1160563	0.7823347	0.2119429	5.972508	-6.308814
2645	1	224.9109	0	224.9109	0.1621691	0.8428312	0.002192163	4.274224	3.04936
2646	0	-279.1484	0	-279.1484	0.1208535	0.7905907	0.2217322	5.735433	-6.448524
2647	1	223.0896	0	223.0896	0.2419302	0.8944716	0.003674825	2.865071	3.04936
2648	0	-281.4422	0	-281.4422	0.1235506	0.7949799	0.2051713	5.610227	-6.278693
2649	1	223.1822	0	223.1822	0.2552262	0.899966	0.003498335	2.715815	3.044601
2650	0	-278.6781	0	-278.6781	0.06482606	0.6372335	0.1470025	10.69242	-6.553084
2651	1	222.8139	0	222.8139	0.2689864	0.9050815	0.003703894	2.576886	3.044897
2652	0	-280.104	0	-280.104	0.04220275	0.5108569	0.1056844	16.42422	-6.587713
2653	1	223.6969	0	223.6969	0.2191265	0.8835025	0.002839775	3.163229	3.044897
2654	0	-277.8129	0	-277.8129	0.05807279	0.6055569	0.1311752	11.93583	-6.436092
2655	1	223.8778	0	223.8778	0.1537523	0.8343404	0.002702952	4.508207	3.039686
2656	0	-277.6686	0	-277.6686	0.07318308	0.6709704	0.1340605	9.471413	-6.398522
2657	1	225.2153	0	225.2153	0.159325	0.8400584	0.00220669	4.350525	3.039686
2658	0	-277.414	0	-277.414	0.07471241	0.6765748	0.1501717	9.277538	-6.394287
2659	1	225.4105	0	225.4105	0.1497152	0.8299442	0.002106621	4.629771	3.039686
2660	0	-278.8609	0	-278.8609	0.05286775	0.5779546	0.1213998	13.11096	-6.561712
2661	1	225.1268	0	225.1268	0.1042353	0.7591811	0.001531035	6.649831	3.048035
2662	0	-279.1466	0	-279.1466	0.06789995	0.6502889	0.1529513	10.20836	-6.284662
2663	1	223.2032	0	223.2032	0.07951151	0.6931464	0.001516901	8.717571	3.048035
2664	0	-278.4766	0	-278.4766	0.1069824	0.7649542	0.2020709	6.479078	-6.462273
2665	1	224.507	0	224.507	0.1445999	0.8240397	0.001841157	4.793552	3.046726
2666	0	-277.9205	0	-277.9205	0.08881958	0.7214033	0.1687168	7.803991	-6.503485
2667	1	225.2382	0	225.2382	0.1633716	0.8439755	0.002318976	4.242764	3.039411
2668	0	-278.6612	0	-278.6612	0.08496796	0.7102837	0.1430887	8.157747	-6.511832
2669	1	222.1678	0	222.1678	0.1119199	0.774716	0.002114821	6.193246	3.057697
2670	0	-278.4904	0	-278.4904	0.05061507	0.5650386	0.1252865	13.69448	-6.409645
2671	1	222.8259	0	222.8259	0.1716822	0.8514594	0.002349345	4.037385	3.057697
2672	0	-279.0465	0	-279.0465	0.0519753	0.5729114	0.1355345	13.33609	-6.455594
2673	1	223.7843	0	223.7843	0.1434803	0.8226943	0.002164692	4.830957	3.057697
2674	0	-281.0955	0	-281.0955	0.08405255	0.7075262	0.1589039	8.246593	-6.658604
2675	1	222.5842	0	222.5842	0.1923643	0.8673412	0.00291852	3.603305	3.057697
2676	0	-277.4445	0	-277.4445	0.0835996	0.7061448	0.1602058	8.291274	-6.400189
2677	1	222.769	0	222.769	0.1850955	0.8621559	0.002643055	3.744809	3.057697
2678	0	-279.2385	0	-279.2385	0.1016693	0.7535509	0.1613447	6.817665	-6.47659
2679	1	224.0251	0	224.0251	0.1649644	0.8454663	0.002830755	4.201799	3.048176
2680	0	-278.6721	0	-278.6721	0.08469439	0.7094644	0.1645577	8.184098	-6.563052
2681	1	225.5781	0	225.5781	0.1433295	0.8225116	0.00214864	4.836039	3.039561
2682	0	-277.5314	0	-277.5314	0.08656363	0.7149832	0.1562751	8.007372	-6.436473
2683	1	222.9468	0	222.9468	0.1833786	0.8608722	0.002385719	3.779871	3.033454
2684	0	-277.8378	0	-277.8378	0.07970537	0.6937852	0.1533799	8.696368	-6.517785
2685	1	222.5564	0	222.5564	0.2252405	0.8866603	0.003167047	3.077365	3.033454
2686	0	-277.5458	0	-277.5458	0.08775055	0.718393	0.1616735	7.899063	-6.40094
2687	1	222.429	0	222.429	0.2342076	0.8909949	0.003922765	2.959542	3.040398
2688	0	-279.0823	0	-279.0823	0.04253684	0.5132045	0.1066997	16.29522	-6.477649
2689	1	225.1307	0	225.1307	0.142134	0.8210502	0.001907058	4.876714	3.040398
2690	0	-277.584	0	-277.584	0.08886764	0.7215373	0.1724573	7.79977	-6.429987
2691	1	225.7458	0	225.7458	0.1242405	0.796075	0.001964168	5.579074	3.043737
2692	0	-277.8017	0	-277.8017	0.06171405	0.6231743	0.1227059	11.2316	-6.472224
2693	1	225.1096	0	225.1096	0.1031829	0.7569006	0.001735332	6.717653	3.047296
2694	0	-278.452	0	-278.452	0.07755717	0.6865774	0.1524329	8.937241	-6.29937
2695	1	225.5118	0	225.5118	0.1191117	0.7876616	0.00170402	5.819304	3.047296
2696	0	-277.625	0	-277.625	0.06879766	0.6539547	0.1363065	10.07516	-6.367432
2697	1	225.3212	0	225.3212	0.1331834	0.8093315	0.002187696	5.204455	3.047296
2698	0	-277.823	0	-277.823	0.06711753	0.6470407	0.1400788	10.32737	-6.349437
2699	1	225.6665	0	225.6665	0.1387374	0.8167692	0.002149432	4.996108	3.047296
2700	0	-279.6043	0	-279.6043	0.05819793	0.6061845	0.1422028	11.91017	-6.585522
2701	1	225.1286	0	225.1286	0.156159	0.8368579	0.002312273	4.438726	3.050996
2702	0	-281.6963	0	-281.6963	0.03587071	0.4628751	0.1183321	19.32349	-6.566917
2703	1	224.4187	0	224.4187	0.09890232	0.7472071	0.001436423	7.008402	3.050996
2704	0	-278.3007	0	-278.3007	0.05887448	0.6095492	0.129283	11.77331	-6.539798
2705	1	224.3656	0	224.3656	0.09210095	0.7302978	0.001409969	7.52595	3.050996
2706	0	-279.205	0	-279.205	0.1081574	0.767347	0.1852991	6.408686	-6.332821
2707	1	225.2657	0	225.2657	0.1203739	0.7897917	0.001915267	5.758285	3.050996
2708	0	-277.4295	0	-277.4295	0.07003424	0.6589	0.1455339	9.897262	-6.408864
2709	1	225.2198	0	225.2198	0.1485131	0.8285913	0.002247616	4.667245	3.050996
2710	0	-278.0944	0	-278.0944	0.05250968	0.5759426	0.1220401	13.20037	-6.427397
2711	1	223.734	0	223.734	0.1055277	0.761929	0.00167308	6.568391	3.058119
2712	0	-278.2203	0	-278.2203	0.05866894	0.608532	0.130217	11.81455	-6.529695
2713	1	222.1983	0	222.1983	0.1034704	0.7575274	0.001368658	6.69899	3.056523
2714	0	-280.8469	0	-280.8469	0.0893106	0.722767	0.2162537	7.761085	-6.437946
2715	1	223.7378	0	223.7378	0.09531381	0.7385297	0.001601049	7.272264	3.056523
2716	0	-281.6422	0	-281.6422	0.1017623	0.7537591	0.143874	6.811433	-6.414918
2717	1	225.2022	0	225.2022	0.1013283	0.7527847	0.001510062	6.840608	3.043675
2718	0	-280.9284	0	-280.9284	0.1257122	0.7983746	0.2396737	5.513761	-6.548542
2719	1	225.8724	0	225.8724	0.1356742	0.812737	0.002027684	5.108908	3.043675
2720	0	-278.8538	0	-278.8538	0.09623445	0.7408064	0.1952294	7.202692	-6.336801
2721	1	225.1382	0	225.1382	0.1761502	0.8551991	0.002415799	3.934979	3.043675
2722	0	-279.6458	0	-279.6458	0.1296731	0.8043276	0.222862	5.345342	-6.438788
2723	1	225.7235	0	225.7235	0.1234883	0.7948804	0.001960702	5.61306	3.043675
2724	0	-281.3097	0	-281.3097	0.104667	0.7601054	0.2187326	6.622403	-6.25323
2725	1	224.0814	0	224.0814	0.1414663	0.8202238	0.001954963	4.899734	3.033055
2726	0	-277.4767	0	-277.4767	0.08004376	0.6948946	0.1576278	8.659603	-6.47257
2727	1	224.3815	0	224.3815	0.1146528	0.7798038	0.00169835	6.045621	3.033055
2728	0	-280.1461	0	-280.1461	0.1273568	0.8008872	0.2052157	5.442563	-6.374562
2729	1	223.0856	0	223.0856	0.09936157	0.7482803	0.001385258	6.976009	3.033055
2730	0	-278.5629	0	-278.5629	0.1112626	0.7734598	0.2052157	6.229833	-6.405595
2731	1	223.3923	0	223.3923	0.1280035	0.8018592	0.001588048	5.415064	3.049949
2732	0	-280.4735	0	-280.4735	0.101848	0.7539508	0.1700237	6.805699	-6.272209
2733	1	224.0847	0	224.0847	0.1308192	0.8059885	0.001664878	5.298511	3.049286
2734	0	-278.5943	0	-278.5943	0.06423977	0.6346515	0.1259745	10.79	-6.307534
2735	1	225.5964	0	225.5964	0.131902	0.8075333	0.00200588	5.255015	3.049286
2736	0	-277.7023	0	-277.7023	0.07955036	0.6932746	0.1424102	8.713313	-6.391045
2737	1	223.1724	0	223.1724	0.1512798	0.8316746	0.002763805	4.581887	3.049179
2738	0	-278.6612	0	-278.6612	0.07416462	0.6745861	0.1667368	9.346063	-6.343414
2739	1	225.0877	0	225.0877	0.1392556	0.8174349	0.002209767	4.977517	3.03704
2740	0	-279.4923	0	-279.4923	0.07581564	0.6805177	0.1793186	9.142536	-6.351582
2741	1	223.1709	0	223.1709	0.1149106	0.7802727	0.002167137	6.032058	3.03704
2742	0	-278.2072	0	-278.2072	0.05973022	0.6137388	0.1158452	11.60463	-6.471547
2743	1	223.69	0	223.69	0.08073214	0.6971302	0.001477963	8.585765	3.041374
2744	0	-278.1073	0	-278.1073	0.09198158	0.729983	0.188004	7.535717	-6.438106
2745	1	224.8529	0	224.8529	0.1071065	0.765209	0.001496359	6.471572	3.041374
2746	0	-279.4007	0	-279.4007	0.1123579	0.775546	0.2068822	6.169102	-6.326145
2747	1	224.8549	0	224.8549	0.1013191	0.752764	0.001460578	6.841227	3.041374
2748	0	-280.5048	0	-280.5048	0.07843575	0.6895601	0.1685032	8.837133	-6.223238
2749	1	224.2453	0	224.2453	0.1041624	0.7590244	0.001896225	6.654483	3.041374
2750	0	-280.1216	0	-280.1216	0.1228485	0.7938539	0.2366795	5.642293	-6.509842
2751	1	224.9658	0	224.9658	0.1861949	0.8629657	0.002748873	3.722697	3.041374
2752	0	-279.8277	0	-279.8277	0.1310687	0.8063466	0.2264145	5.288425	-6.460585
2753	1	225.3559	0	225.3559	0.1148981	0.7802501	0.001632816	6.032711	3.041374
2754	0	-281.207	0	-281.207	0.09777256	0.7445316	0.2030501	7.089384	-6.620748
2755	1	225.6514	0	225.6514	0.1148778	0.7802133	0.001787603	6.033776	3.041374
2756	0	-278.4256	0	-278.4256	0.09291191	0.7324187	0.1806591	7.460262	-6.332593
2757	1	225.4871	0	225.4871	0.1371151	0.8146546	0.001895965	5.055221	3.041374
2758	0	-278.422	0	-278.422	0.08703672	0.7163509	0.1660785	7.963848	-6.544866
2759	1	222.6465	0	222.6465	0.196986	0.8704422	0.002342987	3.518764	3.041374
2760	0	-277.4543	0	-277.4543	0.07780369	0.6874192	0.1435241	8.908924	-6.40939
2761	1	224.4349	0	224.4349	0.2082413	0.8774252	0.003034116	3.328577	3.041374
2762	0	-277.8746	0	-277.8746	0.0755993	0.679751	0.1629281	9.168698	-6.467245
2763	1	225.7661	0	225.7661	0.1293652	0.8038767	0.001897794	5.358065	3.041374
2764	0	-277.8748	0	-277.8748	0.06325731	0.6302563	0.140383	10.95758	-6.490554
2765	1	224.154	0	224.154	0.1748777	0.854153	0.002940108	3.96361	3.041374
2766	0	-280.7522	0	-280.7522	0.1241104	0.7958692	0.2172475	5.584926	-6.294911
2767	1	223.2404	0	223.2404	0.177162	0.8560204	0.002956451	3.912506	3.034317
2768	0	-283.8536	0	-283.8536	0.1550552	0.8357126	0.3247687	4.470324	-6.308121
2769	1	223.8196	0	223.8196	0.09195173	0.7299042	0.001602728	7.538163	3.034317
2770	0	-277.6032	0	-277.6032	0.09076784	0.7267456	0.1642548	7.636484	-6.421791
2771	1	224.9206	0	224.9206	0.1050544	0.7609292	0.001538434	6.597986	3.038314
2772	0	-277.799	0	-277.799	0.07643458	0.6826941	0.1423037	9.068502	-6.354834
2773	1	224.6606	0	224.6606	0.1495829	0.8297963	0.00246501	4.633867	3.037609
2774	0	-277.8501	0	-277.8501	0.06665188	0.6450837	0.1292652	10.39951	-6.361197
2775	1	223.982	0	223.982	0.1733548	0.8528813	0.002232546	3.998432	3.037609
2776	0	-277.7493	0	-277.7493	0.07290329	0.6699273	0.1529566	9.507763	-6.365958
2777	1	224.684	0	224.684	0.1730537	0.8526273	0.002389742	4.005388	3.037609
2778	0	-283.8543	0	-283.8543	0.09416292	0.735633	0.1315008	7.361148	-6.557651
2779	1	224.3027	0	224.3027	0.1573104	0.8380361	0.002147526	4.40624	3.053461
2780	0	-278.2087	0	-278.2087	0.06805421	0.6509234	0.1479709	10.18522	-6.533687
2781	1	223.2862	0	223.2862	0.1395676	0.8178335	0.002205419	4.96639	3.029216
2782	0	-278.3547	0	-278.3547	0.0508511	0.5664212	0.1144886	13.63092	-6.383425
2783	1	225.3937	0	225.3937	0.1530852	0.8336293	0.002424845	4.527851	3.045741
2784	0	-278.2728	0	-278.2728	0.08223965	0.7019283	0.1579137	8.428382	-6.314846
2785	1	225.6095	0	225.6095	0.1183326	0.7863265	0.001908124	5.857617	3.045741
2786	0	-278.8279	0	-278.8279	0.08865275	0.7209372	0.1460684	7.818677	-6.503369
2787	1	225.7584	0	225.7584	0.1159552	0.7821543	0.001777698	5.977714	3.045179
2788	0	-278.1574	0	-278.1574	0.06225872	0.625699	0.1171805	11.13333	-6.440679
2789	1	225.0173	0	225.0173	0.1088971	0.7688304	0.001877936	6.365156	3.045179
2790	0	-279.5486	0	-279.5486	0.07932175	0.692519	0.1799774	8.738425	-6.308169
2791	1	225.1265	0	225.1265	0.1837356	0.8611411	0.002641784	3.772525	3.045179
2792	0	-279.4822	0	-279.4822	0.1097304	0.7704809	0.1752397	6.316821	-6.367476
2793	1	223.7735	0	223.7735	0.1533901	0.833955	0.002742831	4.518853	3.043823
2794	0	-278.3624	0	-278.3624	0.08475534	0.7096473	0.1522074	8.178212	-6.53462
2795	1	224.3055	0	224.3055	0.1984385	0.8713873	0.003147232	3.493008	3.043823
2796	0	-280.4804	0	-280.4804	0.06635005	0.6438055	0.1237983	10.44682	-6.632637
2797	1	223.2491	0	223.2491	0.2442512	0.8954737	0.003773687	2.837845	3.043823
2798	0	-277.8548	0	-277.8548	0.08196752	0.7010719	0.1507077	8.456364	-6.508008
2799	1	223.3529	0	223.3529	0.2353953	0.8915444	0.003698949	2.944609	3.043823
2800	0	-278.6038	0	-278.6038	0.07530095	0.6786884	0.1535993	9.205026	-6.5702
2801	1	222.652	0	222.652	0.2694673	0.9052508	0.004094298	2.572287	3.043823
2802	0	-277.7147	0	-277.7147	0.06199244	0.6244682	0.1342934	11.18116	-6.3851
2803	1	222.2958	0	222.2958	0.2825915	0.9096503	0.003792764	2.452824	3.045275
2804	0	-277.7617	0	-277.7617	0.06474832	0.6368928	0.1430109	10.70525	-6.394913
2805	1	224.3278	0	224.3278	0.2151058	0.8813288	0.00302857	3.222354	3.045275
2806	0	-278.4714	0	-278.4714	0.08006316	0.694958	0.1346375	8.657505	-6.380932
2807	1	225.5843	0	225.5843	0.1388017	0.816852	0.002119341	4.993795	3.048888
2808	0	-278.3607	0	-278.3607	0.09333004	0.7335008	0.193852	7.426839	-6.42019
2809	1	224.3368	0	224.3368	0.1526419	0.8331533	0.001943492	4.541002	3.039788
2810	0	-278.2676	0	-278.2676	0.09518209	0.7382011	0.1856581	7.282328	-6.499201
2811	1	225.209	0	225.209	0.1491612	0.8293233	0.001985319	4.646966	3.043463
2812	0	-277.4967	0	-277.4967	0.06918648	0.6555225	0.1441565	10.01854	-6.471994
2813	1	224.5048	0	224.5048	0.1306197	0.8057013	0.001672183	5.306604	3.043463
2814	0	-278.0505	0	-278.0505	0.09090671	0.7271195	0.157723	7.624819	-6.374503
2815	1	225.2553	0	225.2553	0.1627662	0.8434014	0.002567277	4.258546	3.04419
2816	0	-277.3473	0	-277.3473	0.07487797	0.6771717	0.1465952	9.257025	-6.460449
2817	1	223.2966	0	223.2966	0.2406613	0.8939156	0.003165207	2.880177	3.044821
2818	0	-277.7264	0	-277.7264	0.06077783	0.6187689	0.1320144	11.40461	-6.389097
2819	1	221.7705	0	221.7705	0.2853325	0.9105181	0.004477885	2.429261	3.040447
2820	0	-278.5243	0	-278.5243	0.1056048	0.7620911	0.1847161	6.563596	-6.484038
2821	1	223.9045	0	223.9045	0.1681198	0.8483392	0.002069883	4.122936	3.044322
2822	0	-278.8803	0	-278.8803	0.1059764	0.7628697	0.2144061	6.540579	-6.436188
2823	1	224.5671	0	224.5671	0.165894	0.8463237	0.002120691	4.178253	3.044322
2824	0	-280.4014	0	-280.4014	0.1036268	0.7578672	0.153496	6.68888	-6.439718
2825	1	225.6018	0	225.6018	0.1166184	0.7833333	0.001886864	5.943719	3.044322
2826	0	-280.4475	0	-280.4475	0.132724	0.8086905	0.2620792	5.222471	-6.412755
2827	1	224.8707	0	224.8707	0.1773907	0.8562048	0.002357036	3.90746	3.044322
2828	0	-279.7823	0	-279.7823	0.1287473	0.8029661	0.2345758	5.383781	-6.375279
2829	1	225.665	0	225.665	0.1250511	0.7973476	0.002006299	5.542911	3.044322
2830	0	-279.2412	0	-279.2412	0.1206248	0.7902105	0.2283377	5.746305	-6.429138
2831	1	225.3594	0	225.3594	0.1446157	0.8240585	0.001998879	4.793029	3.048463
2832	0	-282.8198	0	-282.8198	0.09714069	0.7430129	0.2217903	7.135498	-6.632975
2833	1	224.1282	0	224.1282	0.1246001	0.7966414	0.001798812	5.562973	3.056441
2834	0	-281.4057	0	-281.4057	0.08901104	0.7219364	0.2093446	7.787205	-6.281516
2835	1	223.4141	0	223.4141	0.1346471	0.8113468	0.00231796	5.14788	3.056441
2836	0	-278.2498	0	-278.2498	0.08791815	0.7188687	0.1769615	7.884005	-6.51471
2837	1	223.9815	0	223.9815	0.1523964	0.8328887	0.002242016	4.548318	3.056441
2838	0	-278.2579	0	-278.2579	0.1014003	0.7529469	0.1958077	6.835748	-6.460102
2839	1	223.8163	0	223.8163	0.1607595	0.8414687	0.002362828	4.311703	3.056441
2840	0	-277.6964	0	-277.6964	0.07505437	0.6778058	0.1567082	9.235267	-6.486015
2841	1	224.3585	0	224.3585	0.1754828	0.8546523	0.002621538	3.949944	3.035403
2842	0	-279.2434	0	-279.2434	0.09842515	0.7460832	0.2069322	7.042379	-6.351115
2843	1	225.1717	0	225.1717	0.1606971	0.8414079	0.002332408	4.313376	3.05016
2844	0	-278.2512	0	-278.2512	0.1058505	0.7626063	0.1962559	6.548363	-6.413745
2845	1	223.7339	0	223.7339	0.09831272	0.7458171	0.001846134	7.050432	3.040838
2846	0	-282.5274	0	-282.5274	0.1100814	0.7711697	0.1532874	6.296679	-6.484831
2847	1	224.7897	0	224.7897	0.1170979	0.7841784	0.001576828	5.919382	3.040838
2848	0	-279.7829	0	-279.7829	0.1129244	0.7766112	0.1746754	6.13815	-6.409711
2849	1	223.546	0	223.546	0.0884271	0.7203047	0.001600348	7.838628	3.035256
2850	0	-278.7266	0	-278.7266	0.1002373	0.750304	0.2008905	6.915065	-6.494255
2851	1	224.963	0	224.963	0.1389999	0.8171069	0.002100039	4.986675	3.035256
2852	0	-277.7968	0	-277.7968	0.0620163	0.6245788	0.13969	11.17686	-6.446993
2853	1	224.8124	0	224.8124	0.1515103	0.8319266	0.00226196	4.574917	3.035256
2854	0	-278.0946	0	-278.0946	0.05233135	0.5749349	0.120319	13.24535	-6.453385
2855	1	224.9211	0	224.9211	0.1243106	0.7961855	0.001972518	5.575931	3.035256
2856	0	-277.3342	0	-277.3342	0.07705592	0.6848535	0.147725	8.995379	-6.409816
2857	1	224.6781	0	224.6781	0.1114426	0.7738051	0.001627215	6.21977	3.035256
2858	0	-277.3745	0	-277.3745	0.07625364	0.6820605	0.143378	9.090021	-6.446927
2859	1	223.4329	0	223.4329	0.08293899	0.7041096	0.001316585	8.357314	3.035256
2860	0	-279.5269	0	-279.5269	0.07030469	0.6599658	0.1473316	9.859188	-6.245296
2861	1	223.5693	0	223.5693	0.08543365	0.7116692	0.00133352	8.113281	3.035256
2862	0	-278.2376	0	-278.2376	0.1035628	0.7577281	0.1821544	6.693016	-6.391242
2863	1	223.7057	0	223.7057	0.1154652	0.7812755	0.001712115	6.003081	3.030379
2864	0	-278.7238	0	-278.7238	0.07091524	0.6623514	0.1671471	9.774305	-6.440306
2865	1	225.2003	0	225.2003	0.1279482	0.8017765	0.001780241	5.417404	3.03866
2866	0	-280.8059	0	-280.8059	0.03923504	0.4892182	0.1106806	17.66654	-6.610531
2867	1	225.3261	0	225.3261	0.1150873	0.7805931	0.001688696	6.022797	3.03866
2868	0	-277.543	0	-277.543	0.06649969	0.6444401	0.1361047	10.42331	-6.483113
2869	1	224.5465	0	224.5465	0.1417196	0.8205382	0.001846936	4.890976	3.03866
2870	0	-277.741	0	-277.741	0.09124168	0.7280177	0.1650427	7.596826	-6.387592
2871	1	225.0368	0	225.0368	0.1473144	0.8272214	0.002345224	4.705223	3.03772
2872	0	-277.4803	0	-277.4803	0.06961787	0.6572482	0.1473676	9.956455	-6.436839
2873	1	223.5306	0	223.5306	0.1873479	0.863805	0.003218497	3.699786	3.042892
2874	0	-278.4418	0	-278.4418	0.0876115	0.7179973	0.1830029	7.911601	-6.503798
2875	1	224.7637	0	224.7637	0.1945279	0.868811	0.002682673	3.563227	3.042892
2876	0	-278.7869	0	-278.7869	0.1105513	0.7720859	0.2068403	6.269914	-6.480895
2877	1	223.7435	0	223.7435	0.08966282	0.723738	0.001683764	7.730598	3.042892
2878	0	-277.4904	0	-277.4904	0.08214086	0.7016179	0.1540598	8.438519	-6.472372
2879	1	224.9117	0	224.9117	0.1132236	0.77717	0.001543249	6.12193	3.042892
2880	0	-278.9678	0	-278.9678	0.04642052	0.5392626	0.1215421	14.93191	-6.472202
2881	1	225.2299	0	225.2299	0.1652613	0.8457412	0.002243331	4.194249	3.042892
2882	0	-277.7563	0	-277.7563	0.05734624	0.6018813	0.1262398	12.08706	-6.437001
2883	1	224.9478	0	224.9478	0.1304309	0.8054288	0.001963328	5.314286	3.034912
2884	0	-280.3996	0	-280.3996	0.07094131	0.6624527	0.1758593	9.770712	-6.552815
2885	1	224.9443	0	224.9443	0.1819844	0.8598124	0.00268652	3.808827	3.048339
2886	0	-278.7077	0	-278.7077	0.07951354	0.6931531	0.1382355	8.717348	-6.324823
2887	1	225.136	0	225.136	0.124155	0.7959397	0.001977366	5.582919	3.051858
2888	0	-278.2532	0	-278.2532	0.0600804	0.6154322	0.1368169	11.53699	-6.346805
2889	1	222.8084	0	222.8084	0.1228745	0.7938959	0.002334496	5.641096	3.051858
2890	0	-278.0881	0	-278.0881	0.05556851	0.5926509	0.1151619	12.47374	-6.411006
2891	1	224.0849	0	224.0849	0.08663054	0.7151774	0.001466927	8.001187	3.051858
2892	0	-278.023	0	-278.023	0.05387286	0.5835216	0.1199189	12.86635	-6.469563
2893	1	224.5199	0	224.5199	0.1336672	0.8100021	0.001788746	5.18562	3.051858
2894	0	-278.1891	0	-278.1891	0.05813518	0.60587	0.1278198	11.92303	-6.5272
2895	1	224.8702	0	224.8702	0.1457816	0.8254385	0.002017509	4.754696	3.051858
2896	0	-278.3138	0	-278.3138	0.06301504	0.629159	0.137945	10.99971	-6.545587
2897	1	224.6761	0	224.6761	0.1695993	0.8496505	0.002557966	4.086969	3.051858
2898	0	-277.673	0	-277.673	0.06754474	0.6488205	0.1432729	10.26204	-6.373744
2899	1	224.9496	0	224.9496	0.1581023	0.838837	0.002324497	4.384168	3.051858
2900	0	-277.8351	0	-277.8351	0.07046033	0.6605766	0.1546858	9.83741	-6.399562
2901	1	223.4817	0	223.4817	0.210912	0.8789739	0.003258367	3.286428	3.036448
2902	0	-277.836	0	-277.836	0.09792941	0.7449061	0.1787443	7.078029	-6.435219
2903	1	224.178	0	224.178	0.1922248	0.8672453	0.002842231	3.60592	3.036448
2904	0	-282.6267	0	-282.6267	0.06650613	0.6444674	0.1688493	10.42231	-6.676522
2905	1	222.384	0	222.384	0.2381925	0.892817	0.003813312	2.910029	3.036448
2906	0	-277.9032	0	-277.9032	0.05616935	0.5958088	0.1209549	12.34031	-6.471041
2907	1	223.676	0	223.676	0.2084267	0.877534	0.002885437	3.325616	3.036448
2908	0	-279.3569	0	-279.3569	0.07579196	0.6804339	0.1557535	9.145392	-6.255983
2909	1	225.4079	0	225.4079	0.1689657	0.8490916	0.00239225	4.102296	3.044935
2910	0	-278.8331	0	-278.8331	0.1001231	0.7500418	0.1704663	6.922952	-6.51531
2911	1	222.6932	0	222.6932	0.1170802	0.7841473	0.002065544	5.920277	3.029076
2912	0	-281.1995	0	-281.1995	0.1339192	0.8103497	0.2722017	5.175862	-6.484604
2913	1	221.5929	0	221.5929	0.2053714	0.8757166	0.003403014	3.375091	3.030777
2914	0	-277.8244	0	-277.8244	0.092845	0.7322449	0.1698661	7.465638	-6.378881
2915	1	222.4695	0	222.4695	0.186881	0.8634663	0.003001324	3.70903	3.030777
2916	0	-280.5842	0	-280.5842	0.101027	0.752104	0.1484343	6.861012	-6.412271
2917	1	220.3279	0	220.3279	0.2746678	0.9070444	0.00390533	2.523583	3.030777
2918	0	-277.3044	0	-277.3044	0.0737136	0.6729331	0.1470923	9.403247	-6.432366
2919	1	221.6563	0	221.6563	0.2278002	0.8879323	0.003230492	3.042785	3.030777
2920	0	-277.3855	0	-277.3855	0.06938758	0.6563288	0.1424488	9.9895	-6.453395
2921	1	223.2716	0	223.2716	0.2122758	0.8797498	0.002670694	3.265314	3.047895
2922	0	-278.1342	0	-278.1342	0.09291593	0.7324292	0.1864255	7.459939	-6.381657
2923	1	221.9564	0	221.9564	0.293338	0.9129598	0.004295995	2.362964	3.047895
2924	0	-277.9488	0	-277.9488	0.05960784	0.6131442	0.1211096	11.62846	-6.378317
2925	1	221.5909	0	221.5909	0.3070531	0.9168473	0.004295995	2.257418	3.047895
2926	0	-278.8276	0	-278.8276	0.05435781	0.5861658	0.1378674	12.75156	-6.404973
2927	1	225.5462	0	225.5462	0.1598834	0.8406104	0.002310412	4.335329	3.046491
2928	0	-278.5436	0	-278.5436	0.05127859	0.5689075	0.1129341	13.51728	-6.511906
2929	1	225.4788	0	225.4788	0.1087299	0.7684966	0.001617791	6.374946	3.046491
2930	0	-278.8703	0	-278.8703	0.05364541	0.5822722	0.1269535	12.9209	-6.313531
2931	1	224.3275	0	224.3275	0.1176982	0.7852278	0.001995405	5.889189	3.034434
2932	0	-281.5757	0	-281.5757	0.1046828	0.760139	0.1539754	6.621405	-6.52695
2933	1	225.0808	0	225.0808	0.1031294	0.7567836	0.001630021	6.721138	3.050527
2934	0	-279.2823	0	-279.2823	0.04746525	0.5459027	0.1143109	14.60326	-6.565132
2935	1	224.6591	0	224.6591	0.1583013	0.839037	0.002569345	4.378658	3.050527
2936	0	-278.7148	0	-278.7148	0.0621736	0.6253063	0.138286	11.14858	-6.569846
2937	1	225.8255	0	225.8255	0.1242839	0.7961435	0.001842274	5.577126	3.042946
2938	0	-278.1045	0	-278.1045	0.0804218	0.6961258	0.1395469	8.618896	-6.486818
2939	1	224.0598	0	224.0598	0.09904015	0.74753	0.0014925	6.998648	3.055009
2940	0	-279.9846	0	-279.9846	0.08599082	0.7133116	0.2023895	8.060711	-6.468473
2941	1	222.0886	0	222.0886	0.07268561	0.6691118	0.001292635	9.536236	3.031572
2942	0	-277.4129	0	-277.4129	0.0667367	0.6454415	0.1383175	10.3863	-6.417855
2943	1	220.0417	0	220.0417	0.101304	0.75273	0.001744714	6.842247	3.068517
2944	0	-280.1855	0	-280.1855	0.1176333	0.7851148	0.1799047	5.89244	-6.445344
2945	1	218.7132	0	218.7132	0.1225696	0.7934035	0.001643981	5.65513	3.06749
2946	0	-279.6783	0	-279.6783	0.1069142	0.764814	0.2205046	6.483208	-6.509666
2947	1	225.4881	0	225.4881	0.1466935	0.8265035	0.002329203	4.725138	3.045774
2948	0	-277.6995	0	-277.6995	0.09148417	0.7286646	0.1723079	7.57669	-6.391519
2949	1	225.5646	0	225.5646	0.1571339	0.8378566	0.002221153	4.411189	3.045774
2950	0	-279.3215	0	-279.3215	0.1187741	0.787085	0.2304468	5.835844	-6.43836
2951	1	221.0672	0	221.0672	0.2790562	0.9085059	0.003620971	2.483898	3.03559
2952	0	-280.4063	0	-280.4063	0.1303239	0.805274	0.256313	5.318649	-6.469618
2953	1	222.092	0	222.092	0.2298021	0.8889074	0.003795719	3.016278	3.03559
2954	0	-279.2703	0	-279.2703	0.04357215	0.5203702	0.1173484	15.90803	-6.489295
2955	1	223.6296	0	223.6296	0.1894144	0.865284	0.002348557	3.659422	3.041568
2956	0	-278.0806	0	-278.0806	0.05789426	0.6046588	0.1305299	11.97264	-6.362833
2957	1	225.0963	0	225.0963	0.1154424	0.7812343	0.001901593	6.004271	3.037911
2958	0	-277.8389	0	-277.8389	0.08031307	0.6957726	0.164293	8.630565	-6.362833
2959	1	224.8787	0	224.8787	0.1708882	0.8507749	0.002581187	4.056144	3.037911
2960	0	-278.4367	0	-278.4367	0.081117	0.6983677	0.174326	8.54503	-6.51069
2961	1	225.3684	0	225.3684	0.16057	0.8412838	0.002263004	4.316791	3.047869
2962	0	-280.0521	0	-280.0521	0.07701067	0.6846971	0.1893614	9.000664	-6.422296
2963	1	221.8613	0	221.8613	0.2959982	0.9137419	0.003958155	2.341728	3.042023
2964	0	-277.6709	0	-277.6709	0.09102078	0.7274259	0.1695014	7.615263	-6.465058
2965	1	225.2114	0	225.2114	0.1438228	0.8231079	0.001922325	4.819453	3.042023
2966	0	-279.0676	0	-279.0676	0.1130904	0.7769214	0.2216987	6.129145	-6.400622
2967	1	225.309	0	225.309	0.1438228	0.8231079	0.002338373	4.819453	3.042023
2968	0	-278.9452	0	-278.9452	0.0801861	0.6953592	0.1684661	8.644231	-6.292338
2969	1	225.6458	0	225.6458	0.1511314	0.8315118	0.002158513	4.586389	3.042023
2970	0	-278.7526	0	-278.7526	0.07015493	0.6593763	0.1289466	9.880235	-6.309034
2971	1	225.7054	0	225.7054	0.1213291	0.7913774	0.0019127	5.71295	3.042023
2972	0	-279.5552	0	-279.5552	0.1203644	0.7897758	0.2138828	5.758739	-6.502861
2973	1	224.627	0	224.627	0.09215182	0.7304317	0.001597976	7.521796	3.042023
2974	0	-279.3522	0	-279.3522	0.102552	0.7555143	0.1961471	6.758985	-6.302905
2975	1	225.4256	0	225.4256	0.1489539	0.8290898	0.002038563	4.653433	3.042023
2976	0	-278.0578	0	-278.0578	0.06262989	0.6274037	0.142637	11.06735	-6.376721
2977	1	225.718	0	225.718	0.116278	0.7827296	0.001789932	5.961122	3.042023
2978	0	-280.4192	0	-280.4192	0.1423308	0.8212923	0.243877	4.869972	-6.417448
2979	1	224.6164	0	224.6164	0.1577055	0.8384367	0.002336695	4.395199	3.03481
2980	0	-279.1316	0	-279.1316	0.1089793	0.7689941	0.2132787	6.360359	-6.497709
2981	1	224.3888	0	224.3888	0.1656517	0.8461011	0.002484745	4.184365	3.034562
2982	0	-278.0947	0	-278.0947	0.0995567	0.7487338	0.1915459	6.962336	-6.451274
2983	1	224.6528	0	224.6528	0.1513781	0.8317821	0.002208716	4.578913	3.034562
2984	0	-279.3947	0	-279.3947	0.1075583	0.7661325	0.1762744	6.444388	-6.343401
2985	1	224.5615	0	224.5615	0.1810218	0.8590712	0.002396248	3.829081	3.040249
2986	0	-278.0822	0	-278.0822	0.05700836	0.600153	0.1226583	12.15869	-6.509474
2987	1	225.6786	0	225.6786	0.1308002	0.8059612	0.001912955	5.299282	3.040249
2988	0	-277.991	0	-277.991	0.09699362	0.7426571	0.1700484	7.146317	-6.461678
2989	1	224.3093	0	224.3093	0.09638927	0.7411857	0.0017311	7.191124	3.040249
2990	0	-277.643	0	-277.643	0.09179746	0.7294963	0.17064	7.550832	-6.403717
2991	1	224.4474	0	224.4474	0.09279375	0.7321115	0.001631424	7.469761	3.040249
2992	0	-278.8415	0	-278.8415	0.110787	0.7725428	0.1908431	6.256576	-6.483394
2993	1	224.1828	0	224.1828	0.1570254	0.837746	0.002094777	4.414236	3.035372
2994	0	-278.2485	0	-278.2485	0.07185882	0.6659833	0.1257031	9.645958	-6.461518
2995	1	222.8843	0	222.8843	0.1818106	0.8596791	0.002498196	3.812469	3.031336
2996	0	-280.0585	0	-280.0585	0.09005914	0.7248234	0.1989597	7.696578	-6.299277
2997	1	221.3934	0	221.3934	0.1478941	0.8278864	0.002234646	4.686782	3.024498
2998	0	-280.9267	0	-280.9267	0.09591817	0.7400282	0.1404815	7.226443	-6.478743
2999	1	221.4418	0	221.4418	0.09289444	0.7323734	0.001635675	7.461665	3.024498
3000	0	-279.2691	0	-279.2691	0.1233909	0.7947248	0.2269977	5.61749	-6.425225
3001	1	221.0745	0	221.0745	0.1029584	0.7564088	0.001888215	6.732305	3.024498
3002	0	-277.7991	0	-277.7991	0.07538842	0.6790006	0.1392959	9.194345	-6.361228
3003	1	221.0535	0	221.0535	0.1605197	0.8412347	0.002505751	4.318144	3.024498
3004	0	-278.9716	0	-278.9716	0.05990094	0.6145659	0.1148592	11.57156	-6.325216
3005	1	223.5843	0	223.5843	0.1662262	0.8466278	0.00278581	4.169903	3.034789
3006	0	-278.2692	0	-278.2692	0.0832607	0.7051038	0.1475714	8.325022	-6.337085
3007	1	223.1702	0	223.1702	0.1910419	0.8664267	0.002487228	3.628248	3.034789
3008	0	-277.7945	0	-277.7945	0.09042633	0.7258223	0.1581557	7.665325	-6.406011
3009	1	224.4493	0	224.4493	0.1375936	0.8152831	0.001964763	5.03764	3.05496
3010	0	-277.72	0	-277.72	0.06515236	0.6386574	0.1396205	10.63887	-6.372943
3011	1	225.3181	0	225.3181	0.1511414	0.8315229	0.002217296	4.586083	3.050253
3012	0	-279.4001	0	-279.4001	0.08550699	0.7118863	0.1345262	8.106322	-6.471251
3013	1	225.1276	0	225.1276	0.1116297	0.7741629	0.00190642	6.209346	3.043284
3014	0	-277.567	0	-277.567	0.06277904	0.6280851	0.130549	11.04106	-6.466908
3015	1	224.6867	0	224.6867	0.201667	0.87344	0.002948345	3.437088	3.043284
3016	0	-277.9409	0	-277.9409	0.06633495	0.6437413	0.1493371	10.4492	-6.466908
3017	1	221.2344	0	221.2344	0.1246033	0.7966463	0.002451539	5.562833	3.056457
3018	0	-279.3585	0	-279.3585	0.04002274	0.4951023	0.1030799	17.31883	-6.460504
3019	1	222.8372	0	222.8372	0.08917535	0.7223925	0.001534894	7.772856	3.05926
3020	0	-280.0718	0	-280.0718	0.04931361	0.5572888	0.1087946	14.0559	-6.608684
3021	1	224.3079	0	224.3079	0.1164224	0.782986	0.002099221	5.953729	3.047368
3022	0	-277.7894	0	-277.7894	0.06057042	0.6177816	0.1219074	11.44366	-6.464386
3023	1	225.5511	0	225.5511	0.1584452	0.8391814	0.002381948	4.37468	3.046266
3024	0	-278.7422	0	-278.7422	0.07344297	0.6719344	0.1663315	9.437897	-6.340832
3025	1	225.6889	0	225.6889	0.1428964	0.8219848	0.002207531	4.850698	3.046266
3026	0	-277.6318	0	-277.6318	0.07407941	0.6742749	0.1519337	9.356813	-6.493776
3027	1	225.5527	0	225.5527	0.1386336	0.8166353	0.001920645	4.999849	3.046266
3028	0	-278.99	0	-278.99	0.04869242	0.5535127	0.1190634	14.23522	-6.543679
3029	1	225.4934	0	225.4934	0.1092683	0.7695684	0.001620922	6.343532	3.046266
3030	0	-279.286	0	-279.286	0.04487789	0.5291773	0.1031036	15.44518	-6.512278
3031	1	224.9843	0	224.9843	0.1205995	0.7901683	0.001622258	5.747512	3.046266
3032	0	-282.911	0	-282.911	0.1231678	0.7943675	0.2346093	5.627663	-6.628362
3033	1	224.8355	0	224.8355	0.1217212	0.7920218	0.00211709	5.694548	3.046266
3034	0	-281.0052	0	-281.0052	0.1331734	0.8093176	0.2717174	5.204848	-6.385578
3035	1	225.0964	0	225.0964	0.1509229	0.8312828	0.001998728	4.592725	3.046266
3036	0	-278.1543	0	-278.1543	0.07926513	0.6923314	0.1483465	8.744667	-6.537553
3037	1	225.1177	0	225.1177	0.09978503	0.7492626	0.001509336	6.946405	3.047336
3038	0	-277.313	0	-277.313	0.07372487	0.6729746	0.1472725	9.40181	-6.441927
3039	1	224.4093	0	224.4093	0.1429029	0.8219927	0.002487193	4.850477	3.047336
3040	0	-278.768	0	-278.768	0.06892852	0.6544837	0.1510316	10.05603	-6.29595
3041	1	224.3187	0	224.3187	0.1682414	0.8484478	0.002826202	4.119956	3.047336
3042	0	-278.558	0	-278.558	0.05635248	0.5967635	0.1196601	12.30021	-6.322742
3043	1	223.2241	0	223.2241	0.2286239	0.8883355	0.002939601	3.031823	3.047336
3044	0	-279.7697	0	-279.7697	0.1191546	0.7877345	0.2398012	5.817211	-6.399041
3045	1	223.9606	0	223.9606	0.1899271	0.8656461	0.002405143	3.649542	3.041564
3046	0	-280.49	0	-280.49	0.1096792	0.7703801	0.1786562	6.319769	-6.295327
3047	1	224.212	0	224.212	0.2119557	0.8795686	0.003210675	3.270245	3.041564
3048	0	-278.8629	0	-278.8629	0.08822588	0.7197385	0.1868176	7.856507	-6.524587
3049	1	225.1891	0	225.1891	0.1262774	0.7992448	0.002121066	5.489084	3.041564
3050	0	-283.7706	0	-283.7706	0.1072992	0.7656037	0.1808871	6.459948	-6.181866
3051	1	224.5446	0	224.5446	0.1493417	0.8295261	0.001905602	4.64135	3.041564
3052	0	-279.6273	0	-279.6273	0.07999565	0.6947373	0.1432917	8.664811	-6.263102
3053	1	224.8485	0	224.8485	0.1190605	0.7875744	0.002068041	5.821804	3.041564
3054	0	-281.0535	0	-281.0535	0.08670629	0.7153969	0.1986231	7.994197	-6.595951
3055	1	223.7599	0	223.7599	0.1457846	0.825442	0.002363731	4.754599	3.05657
3056	0	-278.533	0	-278.533	0.05041878	0.5638836	0.1098979	13.7478	-6.387848
3057	1	222.8132	0	222.8132	0.168223	0.8484313	0.002943512	4.120408	3.03443
3058	0	-280.1114	0	-280.1114	0.07724982	0.6855223	0.1560546	8.9728	-6.224763
3059	1	224.2598	0	224.2598	0.1388618	0.8169294	0.001885796	4.991634	3.03443
3060	0	-279.1076	0	-279.1076	0.07398084	0.6739143	0.1544698	9.369279	-6.594478
3061	1	223.7298	0	223.7298	0.1943626	0.8686998	0.002427352	3.566258	3.045427
3062	0	-278.4366	0	-278.4366	0.09162363	0.7290354	0.1501284	7.565158	-6.435095
3063	1	225.0075	0	225.0075	0.1761868	0.855229	0.002377912	3.93416	3.045427
3064	0	-278.1157	0	-278.1157	0.06717349	0.6472747	0.1309919	10.31876	-6.331829
3065	1	221.1481	0	221.1481	0.2685878	0.9049407	0.003207548	2.580709	3.044561
3066	0	-278.623	0	-278.623	0.07516088	0.6781875	0.1729332	9.22218	-6.43031
3067	1	225.1306	0	225.1306	0.1824267	0.8601503	0.002568843	3.799592	3.044561
3068	0	-279.3788	0	-279.3788	0.06963571	0.6573192	0.1696925	9.953904	-6.374559
3069	1	225.2925	0	225.2925	0.1733482	0.8528758	0.002611604	3.998582	3.044561
3070	0	-278.7195	0	-278.7195	0.0962089	0.7407436	0.1967293	7.204606	-6.355501
3071	1	225.6349	0	225.6349	0.1437046	0.8229654	0.002255233	4.823416	3.043514
3072	0	-278.4242	0	-278.4242	0.1048858	0.7605712	0.1796449	6.608592	-6.462942
3073	1	225.576	0	225.576	0.1197636	0.7887668	0.001946922	5.787627	3.043514
3074	0	-280.0149	0	-280.0149	0.05957951	0.6130063	0.1552353	11.63399	-6.529112
3075	1	223.2696	0	223.2696	0.1708095	0.8507066	0.002043489	4.058014	3.043514
3076	0	-277.8996	0	-277.8996	0.05608185	0.5953514	0.1210349	12.35956	-6.46956
3077	1	225.7704	0	225.7704	0.1280053	0.8018619	0.001866459	5.41499	3.041881
3078	0	-278.1733	0	-278.1733	0.05486001	0.5888757	0.1226386	12.63484	-6.507312
3079	1	225.7832	0	225.7832	0.1233525	0.7946633	0.001837189	5.61924	3.041881
3080	0	-279.1278	0	-279.1278	0.04488615	0.5292322	0.1045294	15.44234	-6.370822
3081	1	225.146	0	225.146	0.1791838	0.8576345	0.002662264	3.868359	3.041881
3082	0	-283.4468	0	-283.4468	0.04177295	0.5078111	0.08393319	16.59321	-6.313706
3083	1	225.0113	0	225.0113	0.1795487	0.857922	0.002749506	3.860496	3.041881
3084	0	-277.7515	0	-277.7515	0.08203374	0.7012807	0.1596219	8.449538	-6.355495
3085	1	225.7679	0	225.7679	0.1204161	0.7898623	0.001821359	5.756265	3.041881
3086	0	-277.3743	0	-277.3743	0.06982702	0.6580796	0.1367172	9.926633	-6.448624
3087	1	225.816	0	225.816	0.1408253	0.8194236	0.00210407	4.922035	3.042584
3088	0	-278.8496	0	-278.8496	0.07912864	0.6918783	0.1735172	8.759751	-6.32426
3089	1	225.1651	0	225.1651	0.1650348	0.8455316	0.00260692	4.200006	3.042584
3090	0	-277.8573	0	-277.8573	0.07479577	0.6768756	0.134228	9.267197	-6.477155
3091	1	225.7826	0	225.7826	0.1343966	0.8110048	0.002060829	5.157475	3.046532
3092	0	-278.0684	0	-278.0684	0.07776739	0.6872955	0.1337427	8.913083	-6.437985
3093	1	225.2836	0	225.2836	0.1066114	0.7641893	0.001556176	6.501626	3.046532
3094	0	-278.2871	0	-278.2871	0.08400333	0.7073766	0.1545652	8.251425	-6.320994
3095	1	225.4433	0	225.4433	0.1188622	0.7872356	0.001676625	5.831521	3.046532
3096	0	-278.3397	0	-278.3397	0.05469144	0.5879693	0.1138914	12.67378	-6.374393
3097	1	225.3877	0	225.3877	0.1595083	0.8402401	0.002470457	4.345523	3.046532
3098	0	-277.9346	0	-277.9346	0.09783342	0.744677	0.1868517	7.084973	-6.439329
3099	1	223.5997	0	223.5997	0.129108	0.8034986	0.001589281	5.36874	3.046532
3100	0	-277.5139	0	-277.5139	0.07690528	0.6843323	0.1587454	9.012998	-6.412235
3101	1	225.2988	0	225.2988	0.1719824	0.8517166	0.002444175	4.030338	3.046532
3102	0	-277.9484	0	-277.9484	0.05882924	0.6093257	0.1352329	11.78236	-6.407302
3103	1	224.6144	0	224.6144	0.1564276	0.8371342	0.002177574	4.431107	3.052786
3104	0	-278.0003	0	-278.0003	0.06429584	0.6348997	0.1364146	10.78059	-6.338768
3105	1	224.0328	0	224.0328	0.154462	0.8350906	0.002425547	4.487494	3.032788
3106	0	-278.9284	0	-278.9284	0.07660784	0.6832988	0.1773867	9.047992	-6.473066
3107	1	224.324	0	224.324	0.1171981	0.7843542	0.001722251	5.91432	3.032788
3108	0	-278.4292	0	-278.4292	0.1020281	0.7543524	0.1901398	6.793692	-6.496576
3109	1	224.2074	0	224.2074	0.1362818	0.8135502	0.00216796	5.086132	3.056012
3110	0	-279.2889	0	-279.2889	0.08917964	0.7224044	0.1980735	7.772482	-6.492228
3111	1	224.113	0	224.113	0.1478176	0.827799	0.002127586	4.689207	3.056012
3112	0	-278.6037	0	-278.6037	0.08050013	0.6963798	0.139153	8.610511	-6.526248
3113	1	223.7313	0	223.7313	0.1151121	0.780638	0.001894765	6.021499	3.057984
3114	0	-278.031	0	-278.031	0.08672067	0.7154385	0.1802673	7.992872	-6.400462
3115	1	222.4443	0	222.4443	0.08943452	0.7231093	0.001674314	7.750332	3.057984
3116	0	-279.6783	0	-279.6783	0.07016502	0.6594161	0.1545589	9.878813	-6.613994
3117	1	223.3662	0	223.3662	0.09261668	0.73165	0.001510155	7.484042	3.057984
3118	0	-277.5966	0	-277.5966	0.07115879	0.6632952	0.1469084	9.740852	-6.372386
3119	1	223.0337	0	223.0337	0.1329897	0.8090617	0.00179412	5.212038	3.057984
3120	0	-278.3015	0	-278.3015	0.05328549	0.5802827	0.1192217	13.00818	-6.360147
3121	1	219.8527	0	219.8527	0.1444237	0.8238292	0.001683143	4.799402	3.057984
3122	0	-279.1218	0	-279.1218	0.05595663	0.5946953	0.1116232	12.38722	-6.32009
3123	1	223.2768	0	223.2768	0.0935091	0.7339617	0.001455001	7.412617	3.057984
3124	0	-279.9081	0	-279.9081	0.09837345	0.7459609	0.1742422	7.04608	-6.584985
3125	1	225.1582	0	225.1582	0.1696107	0.8496605	0.002641208	4.086696	3.042288
3126	0	-278.862	0	-278.862	0.1038481	0.7583465	0.1817738	6.674626	-6.335121
3127	1	225.3322	0	225.3322	0.1721897	0.8518936	0.002459974	4.025486	3.042288
3128	0	-279.0245	0	-279.0245	0.08932977	0.72282	0.1708559	7.75942	-6.285556
3129	1	225.2639	0	225.2639	0.1754066	0.8545896	0.002499928	3.95166	3.042288
3130	0	-277.847	0	-277.847	0.07236363	0.6678994	0.140857	9.578668	-6.522088
3131	1	225.6109	0	225.6109	0.1432155	0.8223733	0.002246241	4.839888	3.042288
3132	0	-278.1568	0	-278.1568	0.09918599	0.7478709	0.1927613	6.988358	-6.456995
3133	1	223.3856	0	223.3856	0.1250202	0.7972993	0.002256089	5.544284	3.034336
3134	0	-277.9272	0	-277.9272	0.07273956	0.6693142	0.1601455	9.529164	-6.455463
3135	1	224.3929	0	224.3929	0.1053986	0.761657	0.001564496	6.576439	3.034336
3136	0	-279.5748	0	-279.5748	0.1132478	0.777215	0.208855	6.120625	-6.319245
3137	1	224.9704	0	224.9704	0.1400453	0.8184407	0.002136516	4.949448	3.053007
3138	0	-277.4932	0	-277.4932	0.08755813	0.7178451	0.1658846	7.916423	-6.444893
3139	1	223.7804	0	223.7804	0.1839822	0.8613262	0.002470389	3.767469	3.053007
3140	0	-278.884	0	-278.884	0.1176406	0.7851276	0.2144132	5.892072	-6.431877
3141	1	223.3155	0	223.3155	0.2087824	0.8777421	0.003330104	3.31995	3.036681
3142	0	-279.5907	0	-279.5907	0.129742	0.8044281	0.2294664	5.342505	-6.420071
3143	1	223.6248	0	223.6248	0.1490309	0.8291766	0.002154441	4.651029	3.030744
3144	0	-278.4377	0	-278.4377	0.09146692	0.7286186	0.1928998	7.578119	-6.44188
3145	1	223.6922	0	223.6922	0.1468862	0.8267269	0.002145063	4.718939	3.030744
3146	0	-278.0723	0	-278.0723	0.05755145	0.6029251	0.1322524	12.04396	-6.490534
3147	1	225.4886	0	225.4886	0.1197907	0.7888124	0.001794809	5.78632	3.038711
3148	0	-277.4132	0	-277.4132	0.06767908	0.6493771	0.1388988	10.24168	-6.458719
3149	1	225.2889	0	225.2889	0.1254637	0.7979897	0.001770507	5.524683	3.038711
3150	0	-277.7347	0	-277.7347	0.07917482	0.6920317	0.1436978	8.754641	-6.373114
3151	1	224.3387	0	224.3387	0.1820662	0.8598749	0.002908822	3.807117	3.038711
3152	0	-278.618	0	-278.618	0.08763764	0.7180717	0.1426135	7.90924	-6.453529
3153	1	225.4103	0	225.4103	0.1193471	0.7880619	0.001957696	5.807825	3.040951
3154	0	-277.4862	0	-277.4862	0.0774471	0.6862002	0.1588358	8.949944	-6.414124
3155	1	224.893	0	224.893	0.09427996	0.7359302	0.001563256	7.352009	3.040951
3156	0	-277.6015	0	-277.6015	0.07631315	0.6822691	0.1378431	9.082933	-6.421139
3157	1	224.2273	0	224.2273	0.1161068	0.7824249	0.001539282	5.969908	3.050315
3158	0	-277.8582	0	-277.8582	0.05824969	0.6064436	0.1321027	11.89959	-6.457622
3159	1	223.7474	0	223.7474	0.0996842	0.7490293	0.001362802	6.95343	3.050315
3160	0	-278.1845	0	-278.1845	0.06939188	0.656346	0.1461786	9.98888	-6.543517
3161	1	225.4286	0	225.4286	0.1181098	0.7859417	0.001806346	5.86867	3.050315
3162	0	-278.9884	0	-278.9884	0.0716553	0.6652055	0.1294466	9.673356	-6.301506
3163	1	223.9437	0	223.9437	0.1666731	0.8470351	0.002117891	4.158722	3.050315
3164	0	-277.6276	0	-277.6276	0.07769744	0.6870568	0.1477686	8.921108	-6.363273
3165	1	225.3986	0	225.3986	0.1271148	0.8005213	0.001842865	5.452921	3.050315
3166	0	-278.0065	0	-278.0065	0.06509966	0.638428	0.1373467	10.64748	-6.530147
3167	1	225.3246	0	225.3246	0.1344423	0.8110672	0.002083616	5.155724	3.037507
3168	0	-278.0829	0	-278.0829	0.06634879	0.6438002	0.1455226	10.44702	-6.520117
3169	1	223.8274	0	223.8274	0.1344773	0.8111151	0.001705132	5.15438	3.037507
3170	0	-277.6228	0	-277.6228	0.08572704	0.7125361	0.1599038	8.085514	-6.377407
3171	1	224.9495	0	224.9495	0.1293396	0.8038392	0.002138718	5.359126	3.037507
3172	0	-277.6816	0	-277.6816	0.06688618	0.6460707	0.146979	10.36308	-6.438249
3173	1	223.9972	0	223.9972	0.2003695	0.8726229	0.003075463	3.459345	3.037507
3174	0	-278.6853	0	-278.6853	0.09235639	0.730969	0.1974494	7.505135	-6.444234
3175	1	224.2147	0	224.2147	0.1963415	0.8700184	0.002947614	3.530313	3.037507
3176	0	-278.2596	0	-278.2596	0.1065326	0.7640264	0.1962426	6.506431	-6.425505
3177	1	223.5888	0	223.5888	0.1641561	0.8447133	0.00260882	4.222487	3.032241
3178	0	-277.6747	0	-277.6747	0.06652108	0.6445307	0.1432491	10.41996	-6.481367
3179	1	223.3562	0	223.3562	0.1846453	0.8618216	0.002697655	3.753938	3.032241
3180	0	-280.6236	0	-280.6236	0.1096641	0.7703504	0.2087169	6.320639	-6.586906
3181	1	222.863	0	222.863	0.1812999	0.8592861	0.002736083	3.823208	3.03046
3182	0	-279.9614	0	-279.9614	0.0991642	0.7478201	0.2208478	6.989894	-6.386631
3183	1	223.0723	0	223.0723	0.1249548	0.7971973	0.002177596	5.547181	3.03046
3184	0	-279.6873	0	-279.6873	0.1269178	0.8002224	0.2370684	5.461386	-6.386631
3185	1	221.0197	0	221.0197	0.1018099	0.7538656	0.001898575	6.808247	3.024971
3186	0	-278.1487	0	-278.1487	0.06585288	0.6416833	0.1515242	10.52569	-6.465139
3187	1	221.9907	0	221.9907	0.1245724	0.7965978	0.001998005	5.564213	3.024971
3188	0	-278.8621	0	-278.8621	0.05609537	0.5954221	0.1393884	12.35658	-6.361618
3189	1	222.0045	0	222.0045	0.1260077	0.7988304	0.001983884	5.500833	3.024971
3190	0	-277.5308	0	-277.5308	0.07790103	0.6877506	0.1544705	8.897793	-6.485422
3191	1	223.6276	0	223.6276	0.1465882	0.8263811	0.001800405	4.728534	3.048759
3192	0	-278.8755	0	-278.8755	0.1129431	0.7766461	0.1877524	6.137136	-6.428714
3193	1	224.0622	0	224.0622	0.09454961	0.7366126	0.001726465	7.331042	3.048759
3194	0	-278.3755	0	-278.3755	0.09041337	0.7257872	0.1820141	7.666423	-6.513833
3195	1	224.7277	0	224.7277	0.1167817	0.7836217	0.00155414	5.935411	3.045242
3196	0	-280.1668	0	-280.1668	0.1221023	0.7926446	0.2247711	5.676773	-6.5311
3197	1	225.7257	0	225.7257	0.1228332	0.7938293	0.00177389	5.642995	3.045242
3198	0	-277.6611	0	-277.6611	0.0612931	0.6212039	0.1351239	11.30873	-6.438648
3199	1	225.6164	0	225.6164	0.1092898	0.7696109	0.001703879	6.342286	3.045242
3200	0	-279.1863	0	-279.1863	0.0788258	0.6908687	0.1321688	8.793405	-6.532218
3201	1	225.2117	0	225.2117	0.09836735	0.7459465	0.001526002	7.046517	3.045242
3202	0	-277.7707	0	-277.7707	0.07957148	0.6933443	0.1647175	8.711	-6.481903
3203	1	221.255	0	221.255	0.07381764	0.6733157	0.001061125	9.389994	3.045242
3204	0	-278.0864	0	-278.0864	0.06971615	0.6576393	0.1243736	9.94242	-6.428964
3205	1	222.0675	0	222.0675	0.09616114	0.7406264	0.001218198	7.208184	3.044703
3206	0	-278.7425	0	-278.7425	0.06209254	0.6249317	0.1448631	11.16313	-6.322922
3207	1	223.2197	0	223.2197	0.1527522	0.833272	0.001862828	4.537722	3.050521
3208	0	-278.3581	0	-278.3581	0.05669808	0.5985553	0.1121942	12.22523	-6.462121
3209	1	225.0181	0	225.0181	0.1637605	0.844342	0.002473715	4.23269	3.050521
3210	0	-278.5884	0	-278.5884	0.1084294	0.7678944	0.1914767	6.392612	-6.478675
3211	1	225.4318	0	225.4318	0.1218504	0.7922333	0.001835334	5.688511	3.050521
3212	0	-279.2558	0	-279.2558	0.05976701	0.6139173	0.1223814	11.59749	-6.596318
3213	1	223.6711	0	223.6711	0.2207025	0.8843331	0.003207313	3.140641	3.050521
3214	0	-278.9775	0	-278.9775	0.08949205	0.723268	0.176244	7.745349	-6.565087
3215	1	224.432	0	224.432	0.183362	0.8608597	0.002502955	3.780211	3.050521
3216	0	-279.4893	0	-279.4893	0.07978278	0.6940396	0.1860016	8.68793	-6.503026
3217	1	225.0722	0	225.0722	0.1527304	0.8332486	0.002415429	4.538369	3.050003
3218	0	-277.7324	0	-277.7324	0.0590341	0.6103363	0.1279145	11.74147	-6.469232
3219	1	224.9653	0	224.9653	0.1490841	0.8292366	0.002018015	4.649369	3.050003
3220	0	-277.529	0	-277.529	0.06388814	0.6330883	0.1354081	10.84939	-6.459814
3221	1	225.3501	0	225.3501	0.1320199	0.8077001	0.001857677	5.250322	3.038845
3222	0	-277.7115	0	-277.7115	0.08114541	0.6984587	0.1633039	8.542038	-6.490092
3223	1	224.9876	0	224.9876	0.1248659	0.7970582	0.001878317	5.551131	3.03514
3224	0	-279.5871	0	-279.5871	0.09883015	0.7470377	0.17473	7.013519	-6.284098
3225	1	224.6227	0	224.6227	0.1193965	0.7881456	0.001920999	5.805425	3.054559
3226	0	-281.6763	0	-281.6763	0.1058336	0.762571	0.1780403	6.549406	-6.235169
3227	1	224.5031	0	224.5031	0.09895723	0.7473358	0.001651713	7.004513	3.052906
3228	0	-278.2889	0	-278.2889	0.1044527	0.7596473	0.1994756	6.635993	-6.418882
3229	1	224.3264	0	224.3264	0.1057246	0.7623427	0.001507089	6.556156	3.052906
3230	0	-278.2018	0	-278.2018	0.09303634	0.7327415	0.1723539	7.450285	-6.514523
3231	1	224.1634	0	224.1634	0.1286569	0.8028322	0.001710509	5.387563	3.052906
3232	0	-277.3359	0	-277.3359	0.07498183	0.6775453	0.1510278	9.244202	-6.432822
3233	1	225.0601	0	225.0601	0.1154726	0.7812888	0.001960759	6.002698	3.040353
3234	0	-277.7308	0	-277.7308	0.06891477	0.6544282	0.1484002	10.05803	-6.380275
3235	1	225.6432	0	225.6432	0.1185033	0.7866203	0.001822952	5.849182	3.040353
3236	0	-278.4205	0	-278.4205	0.1015723	0.7533333	0.1977998	6.824177	-6.475951
3237	1	225.6213	0	225.6213	0.1432881	0.8224614	0.002181712	4.837436	3.040353
3238	0	-277.6157	0	-277.6157	0.07853243	0.6898854	0.1404791	8.826254	-6.428995
3239	1	225.2843	0	225.2843	0.1293055	0.8037891	0.002129221	5.360538	3.040353
3240	0	-277.5563	0	-277.5563	0.07852038	0.6898449	0.1611521	8.827608	-6.402467
3241	1	223.8085	0	223.8085	0.1519013	0.8323524	0.001857746	4.563141	3.04577
3242	0	-277.6147	0	-277.6147	0.0848381	0.7098953	0.1545673	8.170235	-6.473742
3243	1	225.4966	0	225.4966	0.1357695	0.8128649	0.001865589	5.105325	3.04577
3244	0	-280.42	0	-280.42	0.05664241	0.5982675	0.1558293	12.23725	-6.413933
3245	1	224.1405	0	224.1405	0.1715957	0.8513851	0.002915472	4.03942	3.04577
3246	0	-277.6021	0	-277.6021	0.07920984	0.692148	0.1551342	8.750771	-6.366602
3247	1	225.8332	0	225.8332	0.1411252	0.8197988	0.002061535	4.911577	3.043658
3248	0	-278.9423	0	-278.9423	0.09695883	0.7425728	0.1821993	7.148882	-6.305966
3249	1	224.6586	0	224.6586	0.1455886	0.8252115	0.00186131	4.761	3.043658
3250	0	-281.8544	0	-281.8544	0.1250715	0.7973795	0.2318315	5.542007	-6.254876
3251	1	223.6754	0	223.6754	0.1261507	0.7990503	0.00156006	5.494598	3.043658
3252	0	-279.3963	0	-279.3963	0.06507271	0.6383106	0.1536896	10.65189	-6.572656
3253	1	225.594	0	225.594	0.1242634	0.796111	0.00201372	5.578049	3.043548
3254	0	-277.4221	0	-277.4221	0.0678618	0.6501317	0.1415195	10.2141	-6.415782
3255	1	222.2373	0	222.2373	0.2918566	0.912518	0.004163205	2.374958	3.043548
3256	0	-278.4811	0	-278.4811	0.1018602	0.7539779	0.2022008	6.804889	-6.457363
3257	1	223.7653	0	223.7653	0.237039	0.8922958	0.003359862	2.92419	3.043548
3258	0	-278.5244	0	-278.5244	0.04832254	0.5512402	0.1155239	14.34418	-6.387485
3259	1	224.4327	0	224.4327	0.2116031	0.8793683	0.003093209	3.275695	3.043548
3260	0	-279.5453	0	-279.5453	0.09280798	0.7321486	0.2054738	7.468616	-6.495994
3261	1	222.8198	0	222.8198	0.196665	0.8702315	0.002344991	3.524507	3.043548
3262	0	-279.9292	0	-279.9292	0.04253062	0.513161	0.1140103	16.2976	-6.571477
3263	1	225.3254	0	225.3254	0.112028	0.7749213	0.001589201	6.18727	3.043548
3264	0	-279.9988	0	-279.9988	0.03787663	0.4788226	0.106209	18.30013	-6.346189
3265	1	224.3702	0	224.3702	0.147409	0.8273302	0.001862106	4.702204	3.041559
3266	0	-278.0371	0	-278.0371	0.08073793	0.6971488	0.139057	8.58515	-6.394366
3267	1	224.9667	0	224.9667	0.1793368	0.8577552	0.002760756	3.865057	3.041559
3268	0	-279.3954	0	-279.3954	0.08397751	0.7072981	0.1318343	8.253962	-6.449101
3269	1	222.1218	0	222.1218	0.178304	0.8569365	0.003319776	3.887446	3.041559
3270	0	-278.1784	0	-278.1784	0.1019456	0.7541686	0.1886147	6.799185	-6.470512
3271	1	223.3351	0	223.3351	0.2194858	0.8836929	0.002784214	3.158051	3.041559
3272	0	-278.2855	0	-278.2855	0.05727894	0.601538	0.1259587	12.10126	-6.336058
3273	1	222.1684	0	222.1684	0.2911459	0.9123045	0.004091361	2.380755	3.041559
3274	0	-279.4764	0	-279.4764	0.1187663	0.7870716	0.2142818	5.836229	-6.504323
3275	1	221.7196	0	221.7196	0.2847633	0.9103392	0.003640641	2.434117	3.041559
3276	0	-278.327	0	-278.327	0.1040342	0.7587484	0.1767612	6.662683	-6.425841
3277	1	220.0016	0	220.0016	0.3114726	0.918027	0.003930108	2.225388	3.036373
3278	0	-281.9858	0	-281.9858	0.1574212	0.8381486	0.2719175	4.403139	-6.500526
3279	1	221.9372	0	221.9372	0.2693184	0.9051985	0.003992127	2.573709	3.052157
3280	0	-277.688	0	-277.688	0.08608291	0.7135815	0.1708254	8.052088	-6.469172
3281	1	223.733	0	223.733	0.1830947	0.8606577	0.002979097	3.78573	3.052157
3282	0	-278.4464	0	-278.4464	0.1010756	0.7522142	0.1756718	6.857708	-6.360674
3283	1	224.5094	0	224.5094	0.1846463	0.8618223	0.002804086	3.753918	3.050507
3284	0	-279.7972	0	-279.7972	0.05910339	0.6106772	0.1486022	11.72771	-6.568328
3285	1	223.9761	0	223.9761	0.1823446	0.8600877	0.002977555	3.801304	3.050507
3286	0	-278.6375	0	-278.6375	0.09791247	0.7448657	0.1748216	7.079253	-6.525974
3287	1	223.4968	0	223.4968	0.179801	0.8581201	0.002856585	3.85508	3.054813
3288	0	-278.1291	0	-278.1291	0.07689219	0.6842869	0.1508448	9.014533	-6.542963
3289	1	223.6177	0	223.6177	0.2359311	0.8917905	0.003577499	2.937922	3.044445
3290	0	-277.8001	0	-277.8001	0.08024529	0.695552	0.1600503	8.637855	-6.353077
3291	1	224.9421	0	224.9421	0.1920398	0.8671179	0.002792799	3.609394	3.044445
3292	0	-281.6913	0	-281.6913	0.03917725	0.4887825	0.1107347	17.69259	-6.213473
3293	1	223.1714	0	223.1714	0.1801428	0.8583877	0.002155648	3.847766	3.044445
3294	0	-277.5164	0	-277.5164	0.06396	0.6334087	0.132339	10.8372	-6.402857
3295	1	225.1707	0	225.1707	0.1372713	0.8148602	0.002294344	5.04947	3.044445
3296	0	-277.9868	0	-277.9868	0.06551656	0.6402358	0.1224943	10.57973	-6.470728
3297	1	225.8704	0	225.8704	0.1286833	0.8028713	0.001905063	5.386459	3.044445
3298	0	-278.0645	0	-278.0645	0.07086053	0.6621388	0.157774	9.781852	-6.479847
3299	1	225.4681	0	225.4681	0.1040991	0.7588881	0.001644083	6.658532	3.044445
3300	0	-278.0251	0	-278.0251	0.09632405	0.741026	0.1853424	7.195993	-6.47162
3301	1	224.2825	0	224.2825	0.1326455	0.8085805	0.002339979	5.225562	3.049049
3302	0	-277.6775	0	-277.6775	0.07999388	0.6947315	0.1419621	8.665002	-6.411715
3303	1	224.8635	0	224.8635	0.1791417	0.8576012	0.002501434	3.869268	3.049049
3304	0	-277.3918	0	-277.3918	0.08060615	0.6967231	0.1563689	8.599185	-6.458456
3305	1	225.1593	0	225.1593	0.1218054	0.7921596	0.002029051	5.690613	3.049049
3306	0	-278.1847	0	-278.1847	0.0758027	0.6804719	0.1663824	9.144096	-6.376019
3307	1	223.2937	0	223.2937	0.07936435	0.6926601	0.001225351	8.733735	3.049049
3308	0	-278.813	0	-278.813	0.08432968	0.7083658	0.1685528	8.219493	-6.566812
3309	1	224.1039	0	224.1039	0.08768177	0.7181974	0.001582615	7.90526	3.041246
3310	0	-278.509	0	-278.509	0.09701799	0.7427162	0.1752019	7.144522	-6.522204
3311	1	225.3973	0	225.3973	0.1110302	0.7730125	0.001616817	6.242872	3.041246
3312	0	-277.7832	0	-277.7832	0.06621365	0.6432254	0.1439864	10.46834	-6.375313
3313	1	225.2507	0	225.2507	0.1381488	0.8160073	0.002256789	5.017394	3.040357
3314	0	-278.2956	0	-278.2956	0.1000015	0.7497622	0.1702974	6.931365	-6.38841
3315	1	225.6651	0	225.6651	0.123444	0.7948096	0.001913788	5.615074	3.040357
3316	0	-277.74	0	-277.74	0.08946879	0.7232038	0.1681378	7.747363	-6.374683
3317	1	223.6647	0	223.6647	0.1919186	0.8670344	0.002407437	3.611673	3.040357
3318	0	-281.5613	0	-281.5613	0.1094337	0.7698958	0.2351603	6.333945	-6.575776
3319	1	225.4017	0	225.4017	0.1065336	0.7640284	0.001639458	6.506371	3.040463
3320	0	-278.0877	0	-278.0877	0.09108303	0.7275929	0.1808649	7.610058	-6.491766
3321	1	223.574	0	223.574	0.08370052	0.7064536	0.001253355	8.281277	3.040463
3322	0	-280.9242	0	-280.9242	0.1115509	0.7740124	0.1634374	6.21373	-6.459618
3323	1	225.6969	0	225.6969	0.1133021	0.7773162	0.001714764	6.11769	3.045347
3324	0	-278.1936	0	-278.1936	0.06525858	0.6391189	0.1517533	10.62155	-6.433889
3325	1	225.2921	0	225.2921	0.1490453	0.8291928	0.00241295	4.650581	3.045347
3326	0	-279.0433	0	-279.0433	0.05290466	0.5781611	0.1367263	13.10182	-6.478774
3327	1	224.8096	0	224.8096	0.1686239	0.8487884	0.002742624	4.110611	3.045347
3328	0	-280.3013	0	-280.3013	0.128043	0.8019183	0.2002991	5.413395	-6.421453
3329	1	225.2629	0	225.2629	0.1772628	0.8561017	0.002547028	3.91028	3.045347
3330	0	-278.2355	0	-278.2355	0.1015704	0.7533291	0.1784655	6.824303	-6.473855
3331	1	224.9779	0	224.9779	0.1301317	0.8049954	0.002226291	5.326503	3.045347
3332	0	-280.2013	0	-280.2013	0.1360045	0.8131799	0.2511035	5.096501	-6.45524
3333	1	225.7382	0	225.7382	0.1232207	0.7944522	0.001947083	5.625252	3.045347
3334	0	-280.4814	0	-280.4814	0.1398933	0.8182479	0.2463235	4.954827	-6.370729
3335	1	224.2992	0	224.2992	0.1480229	0.8280336	0.002589251	4.682701	3.043498
3336	0	-279.2381	0	-279.2381	0.0520239	0.5731886	0.1367389	13.32363	-6.482367
3337	1	225.2413	0	225.2413	0.1287276	0.802937	0.002159426	5.384603	3.043498
3338	0	-277.4326	0	-277.4326	0.07875172	0.6906209	0.1533619	8.801677	-6.388547
3339	1	222.9086	0	222.9086	0.0882813	0.7198946	0.001745768	7.851575	3.043498
3340	0	-278.0439	0	-278.0439	0.09738754	0.7436082	0.189178	7.117411	-6.454537
3341	1	225.394	0	225.394	0.1231379	0.7943195	0.001949672	5.629031	3.050157
3342	0	-277.3762	0	-277.3762	0.06970153	0.6575811	0.1415617	9.944505	-6.45735
3343	1	225.5424	0	225.5424	0.1205256	0.7900451	0.001769581	5.751036	3.039639
3344	0	-281.9436	0	-281.9436	0.04866773	0.5533616	0.1123056	14.24244	-6.701333
3345	1	224.8634	0	224.8634	0.1331234	0.809248	0.001767464	5.206803	3.039639
3346	0	-281.2077	0	-281.2077	0.04156826	0.5063503	0.08957596	16.67491	-6.513556
3347	1	225.0125	0	225.0125	0.1409696	0.8196043	0.002332866	4.916998	3.039639
3348	0	-279.7515	0	-279.7515	0.0925757	0.731543	0.1439032	7.487355	-6.359137
3349	1	225.2956	0	225.2956	0.1591568	0.8398915	0.002239516	4.355121	3.039639
3350	0	-277.8889	0	-277.8889	0.09246985	0.7312663	0.1700061	7.495926	-6.368922
3351	1	223.6123	0	223.6123	0.198845	0.8716494	0.003240315	3.485867	3.049937
3352	0	-279.3163	0	-279.3163	0.0609655	0.6196587	0.1081257	11.3695	-6.445265
3353	1	222.6399	0	222.6399	0.2242755	0.8861732	0.003718703	3.090607	3.049937
3354	0	-279.7855	0	-279.7855	0.0882465	0.7197966	0.1504428	7.854671	-6.580237
3355	1	225.4496	0	225.4496	0.1184969	0.7866094	0.001851514	5.849496	3.049937
3356	0	-277.4717	0	-277.4717	0.08261373	0.7030985	0.159464	8.390218	-6.391708
3357	1	223.5244	0	223.5244	0.1088902	0.7688167	0.001870051	6.36556	3.030995
3358	0	-277.9284	0	-277.9284	0.07389329	0.6735934	0.1360852	9.380381	-6.355145
3359	1	222.7136	0	222.7136	0.08842813	0.7203076	0.001611493	7.838537	3.058019
3360	0	-277.7667	0	-277.7667	0.06568759	0.6409731	0.1277879	10.55218	-6.490048
3361	1	223.5665	0	223.5665	0.09987089	0.7494609	0.00165746	6.940433	3.058019
3362	0	-278.6968	0	-278.6968	0.09416589	0.7356405	0.1548745	7.360916	-6.36856
3363	1	225.1259	0	225.1259	0.1473723	0.827288	0.002086069	4.703376	3.051147
3364	0	-278.5626	0	-278.5626	0.07151149	0.6646541	0.1659643	9.692809	-6.461225
3365	1	225.5696	0	225.5696	0.1396951	0.8179959	0.002093626	4.961858	3.04926
3366	0	-278.8669	0	-278.8669	0.09235694	0.7309705	0.1496089	7.50509	-6.484179
3367	1	225.5473	0	225.5473	0.1360953	0.8133013	0.002093626	5.093102	3.04926
3368	0	-279.9762	0	-279.9762	0.0526641	0.5768122	0.1186021	13.16166	-6.243536
3369	1	225.0245	0	225.0245	0.09776796	0.7445206	0.001573579	7.089717	3.048946
3370	0	-277.7874	0	-277.7874	0.07568707	0.6800624	0.1383893	9.158066	-6.369457
3371	1	225.2927	0	225.2927	0.121395	0.7914859	0.001860695	5.70985	3.051515
3372	0	-278.2153	0	-278.2153	0.1002133	0.7502492	0.1698149	6.916715	-6.431642
3373	1	224.2818	0	224.2818	0.115968	0.7821771	0.001561369	5.977056	3.051515
3374	0	-277.6015	0	-277.6015	0.08261862	0.7031138	0.1601705	8.389721	-6.486874
3375	1	224.8178	0	224.8178	0.1013997	0.7529456	0.001449173	6.835788	3.046365
3376	0	-277.6072	0	-277.6072	0.07929319	0.6924244	0.1638269	8.741573	-6.451833
3377	1	224.6758	0	224.6758	0.0911431	0.7277539	0.001400885	7.605043	3.046365
3378	0	-279.097	0	-279.097	0.0940445	0.7353317	0.1478827	7.370417	-6.436068
3379	1	225.6143	0	225.6143	0.1156397	0.7815892	0.001692868	5.994024	3.046365
3380	0	-279.9135	0	-279.9135	0.08418696	0.7079339	0.1309894	8.233427	-6.364872
3381	1	223.1828	0	223.1828	0.1343933	0.8110004	0.002311403	5.1576	3.057469
3382	0	-277.8725	0	-277.8725	0.0755224	0.6794777	0.1629211	9.178035	-6.465235
3383	1	223.7373	0	223.7373	0.1347959	0.8115494	0.001915762	5.142198	3.057469
3384	0	-282.188	0	-282.188	0.02775418	0.3902768	0.09072572	24.97451	-6.29099
3385	1	224.0376	0	224.0376	0.1171836	0.7843287	0.001823513	5.915054	3.057469
3386	0	-277.7605	0	-277.7605	0.07625536	0.6820665	0.1412026	9.089816	-6.500244
3387	1	223.0712	0	223.0712	0.1328182	0.8088222	0.002310637	5.218767	3.057469
3388	0	-280.5237	0	-280.5237	0.1022911	0.754937	0.1788763	6.776223	-6.256127
3389	1	223.5687	0	223.5687	0.1046155	0.7599955	0.001539259	6.625663	3.057469
3390	0	-279.6194	0	-279.6194	0.08827055	0.7198644	0.1369358	7.85253	-6.385658
3391	1	223.6369	0	223.6369	0.1404201	0.8189142	0.002276521	4.93624	3.057469
3392	0	-280.2092	0	-280.2092	0.1119605	0.7747933	0.2288126	6.190996	-6.321529
3393	1	223.4249	0	223.4249	0.09631205	0.7409966	0.001662015	7.19689	3.057469
3394	0	-281.3228	0	-281.3228	0.1266843	0.7998669	0.2057693	5.471454	-6.298809
3395	1	221.0304	0	221.0304	0.08686857	0.7158661	0.001561515	7.979263	3.023948
3396	0	-278.7418	0	-278.7418	0.09669371	0.7419288	0.1964982	7.168482	-6.350149
3397	1	221.6001	0	221.6001	0.1229101	0.7939532	0.001886498	5.639466	3.023948
3398	0	-279.6192	0	-279.6192	0.1226831	0.7935871	0.213948	5.649898	-6.353367
3399	1	220.7483	0	220.7483	0.1286654	0.8028447	0.002281858	5.387209	3.023948
3400	0	-279.3168	0	-279.3168	0.1163246	0.7828123	0.1884824	5.958735	-6.403796
3401	1	224.2631	0	224.2631	0.09714262	0.7430176	0.001359648	7.135356	3.045072
3402	0	-280.5815	0	-280.5815	0.1401803	0.8186115	0.249073	4.944682	-6.363233
3403	1	224.1988	0	224.1988	0.113044	0.7768348	0.002065809	6.131658	3.045072
3404	0	-280.4222	0	-280.4222	0.1377655	0.8155079	0.2567984	5.031354	-6.463139
3405	1	225.4898	0	225.4898	0.1165966	0.7832947	0.001910008	5.944833	3.042489
3406	0	-279.728	0	-279.728	0.1072369	0.7654762	0.2033954	6.463703	-6.555786
3407	1	222.7336	0	222.7336	0.2319236	0.8899225	0.002873493	2.988688	3.042489
3408	0	-279.5859	0	-279.5859	0.1061061	0.7631404	0.2052487	6.532583	-6.547355
3409	1	224.3591	0	224.3591	0.1910616	0.8664405	0.003065295	3.627873	3.042489
3410	0	-278.6824	0	-278.6824	0.1058679	0.7626429	0.2046525	6.547281	-6.481977
3411	1	225.3092	0	225.3092	0.1759814	0.8550612	0.002569538	3.938753	3.044246
3412	0	-278.8546	0	-278.8546	0.08739156	0.7173693	0.1740407	7.931511	-6.296593
3413	1	225.426	0	225.426	0.1552666	0.8359331	0.002443789	4.464238	3.044246
3414	0	-277.8271	0	-277.8271	0.09312378	0.732968	0.1803746	7.443289	-6.397682
3415	1	225.6504	0	225.6504	0.155695	0.8363783	0.002225623	4.451955	3.044246
3416	0	-279.5272	0	-279.5272	0.08455986	0.70906	0.1963839	8.197119	-6.409207
3417	1	225.0518	0	225.0518	0.1800012	0.858277	0.002462389	3.850792	3.044246
3418	0	-280.0071	0	-280.0071	0.05206997	0.573451	0.1334959	13.31184	-6.274765
3419	1	225.3899	0	225.3899	0.1635863	0.8441781	0.0024113	4.237195	3.040526
3420	0	-278.7245	0	-278.7245	0.1025203	0.7554443	0.1926111	6.761075	-6.516407
3421	1	222.7494	0	222.7494	0.2223163	0.8851715	0.003733478	3.117843	3.040526
3422	0	-277.9511	0	-277.9511	0.09351373	0.7339736	0.1853844	7.41225	-6.4076
3423	1	225.428	0	225.428	0.1518779	0.8323269	0.002118867	4.563846	3.040526
3424	0	-278.6718	0	-278.6718	0.1021587	0.754643	0.1739396	6.785006	-6.355918
3425	1	225.4692	0	225.4692	0.1334024	0.8096356	0.001859966	5.195913	3.040526
3426	0	-277.5944	0	-277.5944	0.09029699	0.7254712	0.163322	7.676304	-6.420666
3427	1	225.6882	0	225.6882	0.1254855	0.7980236	0.00194185	5.523722	3.040526
3428	0	-278.6637	0	-278.6637	0.112819	0.7764136	0.1980017	6.143888	-6.396956
3429	1	223.9343	0	223.9343	0.1238422	0.795444	0.002262136	5.597019	3.040526
3430	0	-278.8882	0	-278.8882	0.07900855	0.6914786	0.1545352	8.773065	-6.583605
3431	1	225.4242	0	225.4242	0.1137431	0.7781341	0.001653951	6.09397	3.040526
3432	0	-278.1117	0	-278.1117	0.07435652	0.6752851	0.1385827	9.321942	-6.53077
3433	1	225.4342	0	225.4342	0.108158	0.7673481	0.001642703	6.408654	3.040526
3434	0	-278.4978	0	-278.4978	0.06026467	0.6163184	0.1461946	11.50172	-6.443511
3435	1	224.7404	0	224.7404	0.1533502	0.8339125	0.00219758	4.520028	3.035306
3436	0	-277.5133	0	-277.5133	0.08790038	0.7188184	0.1684027	7.885599	-6.419317
3437	1	224.4725	0	224.4725	0.147944	0.8279436	0.002016738	4.685198	3.035306
3438	0	-278.0208	0	-278.0208	0.0978845	0.744799	0.1804002	7.081276	-6.476798
3439	1	221.1138	0	221.1138	0.2120002	0.8795938	0.00329705	3.269559	3.028318
3440	0	-280.4597	0	-280.4597	0.05729888	0.6016398	0.1539355	12.09704	-6.330283
3441	1	220.7012	0	220.7012	0.1917582	0.8669236	0.003306509	3.614693	3.028318
3442	0	-278.4999	0	-278.4999	0.1006946	0.7513494	0.1982017	6.883657	-6.371093
3443	1	225.4388	0	225.4388	0.1663301	0.8467227	0.002491771	4.1673	3.045584
3444	0	-278.9746	0	-278.9746	0.1075323	0.7660795	0.2149644	6.445945	-6.467686
3445	1	224.6206	0	224.6206	0.1857467	0.8626367	0.002451566	3.73168	3.045584
3446	0	-279.3013	0	-279.3013	0.115001	0.7804368	0.2280636	6.027314	-6.402951
3447	1	225.2146	0	225.2146	0.1301208	0.8049796	0.002182498	5.326951	3.045584
3448	0	-279.2227	0	-279.2227	0.1076811	0.7663824	0.1933719	6.437037	-6.320251
3449	1	225.6705	0	225.6705	0.1497781	0.8300144	0.002285965	4.627828	3.045584
3450	0	-277.5679	0	-277.5679	0.08248431	0.7026946	0.149482	8.403382	-6.463955
3451	1	225.6904	0	225.6904	0.1258006	0.7985111	0.001794429	5.509889	3.045584
3452	0	-278.0658	0	-278.0658	0.09661015	0.7417253	0.1727493	7.174682	-6.484392
3453	1	224.5349	0	224.5349	0.1292453	0.8037007	0.002280872	5.363034	3.045584
3454	0	-279.8886	0	-279.8886	0.116761	0.7835852	0.240979	5.936462	-6.420732
3455	1	222.9943	0	222.9943	0.09910416	0.7476798	0.001945406	6.994128	3.045584
3456	0	-279.7135	0	-279.7135	0.08247369	0.7026614	0.1427424	8.404464	-6.273903
3457	1	225.6361	0	225.6361	0.1164923	0.7831101	0.001867324	5.950152	3.045584
3458	0	-278.8167	0	-278.8167	0.0647004	0.6366826	0.1391277	10.71318	-6.583617
3459	1	225.842	0	225.842	0.1257025	0.7983597	0.001869724	5.514186	3.045584
3460	0	-279.5367	0	-279.5367	0.1265649	0.7996848	0.2307669	5.476614	-6.390454
3461	1	225.8531	0	225.8531	0.1324081	0.8082474	0.001951241	5.234929	3.045584
3462	0	-277.898	0	-277.898	0.08935851	0.7228994	0.1690834	7.756924	-6.357648
3463	1	224.6359	0	224.6359	0.1812759	0.8592676	0.002376757	3.823713	3.045584
3464	0	-278.9947	0	-278.9947	0.1156574	0.781621	0.202885	5.993105	-6.477706
3465	1	223.0585	0	223.0585	0.1559985	0.8366922	0.002876347	4.443295	3.045584
3466	0	-278.2613	0	-278.2613	0.08303625	0.7044108	0.1794709	8.347525	-6.403619
3467	1	224.2496	0	224.2496	0.1927037	0.8675739	0.00249124	3.596958	3.045584
3468	0	-278.3169	0	-278.3169	0.08230567	0.7021354	0.1506267	8.421621	-6.31979
3469	1	223.508	0	223.508	0.2454624	0.8959891	0.003481457	2.823842	3.045584
3470	0	-278.6195	0	-278.6195	0.09996286	0.7496731	0.1627226	6.934047	-6.427121
3471	1	223.3019	0	223.3019	0.2521436	0.8987436	0.003523719	2.749017	3.045584
3472	0	-280.1573	0	-280.1573	0.1236796	0.7951854	0.2479093	5.604378	-6.377559
3473	1	223.1012	0	223.1012	0.2567989	0.9005784	0.003819741	2.699182	3.045584
3474	0	-279.1012	0	-279.1012	0.1109265	0.7728125	0.2122309	6.248709	-6.353066
3475	1	225.2721	0	225.2721	0.1702875	0.8502529	0.002376831	4.070452	3.046471
3476	0	-281.6142	0	-281.6142	0.09039587	0.7257397	0.1968224	7.667907	-6.63923
3477	1	220.4876	0	220.4876	0.1110514	0.7730534	0.001291139	6.24168	3.037882
3478	0	-277.9763	0	-277.9763	0.06732974	0.6479267	0.1524351	10.29481	-6.423758
3479	1	223.9795	0	223.9795	0.1174547	0.7848032	0.001534836	5.901401	3.037882
3480	0	-277.5922	0	-277.5922	0.07638367	0.682516	0.1458529	9.074547	-6.366672
3481	1	223.7193	0	223.7193	0.1057922	0.7624843	0.001432088	6.551969	3.036279
3482	0	-278.5741	0	-278.5741	0.0567315	0.5987279	0.1388863	12.21803	-6.484848
3483	1	224.5123	0	224.5123	0.09005821	0.7248208	0.001367615	7.696657	3.046078
3484	0	-278.0579	0	-278.0579	0.06262298	0.627372	0.1440905	11.06858	-6.395001
3485	1	225.4835	0	225.4835	0.1287308	0.8029417	0.0021012	5.384469	3.046078
3486	0	-279.9039	0	-279.9039	0.07515998	0.6781843	0.1538574	9.222291	-6.631056
3487	1	222.1673	0	222.1673	0.184736	0.861889	0.002132153	3.752096	3.046078
3488	0	-278.0957	0	-278.0957	0.05285872	0.577904	0.119251	13.1132	-6.400429
3489	1	224.6411	0	224.6411	0.1345148	0.8111663	0.001732154	5.152944	3.046078
3490	0	-278.1736	0	-278.1736	0.05873059	0.6088375	0.1320851	11.80215	-6.520117
3491	1	225.3297	0	225.3297	0.1139196	0.7784599	0.001875658	6.084529	3.048184
3492	0	-278.2531	0	-278.2531	0.08956149	0.7234592	0.1615395	7.739344	-6.522626
3493	1	223.9023	0	223.9023	0.1106476	0.7722727	0.001994785	6.26446	3.052336
3494	0	-277.9499	0	-277.9499	0.05798086	0.6050949	0.1229977	11.95476	-6.372255
3495	1	223.8132	0	223.8132	0.1405801	0.8191157	0.002324218	4.930621	3.032311
3496	0	-279.1416	0	-279.1416	0.0458427	0.5355247	0.111583	15.12012	-6.334676
3497	1	224.9539	0	224.9539	0.09646328	0.7413667	0.001538157	7.185607	3.049143
3498	0	-279.3825	0	-279.3825	0.1189945	0.7874618	0.1938144	5.825034	-6.441935
3499	1	223.0651	0	223.0651	0.07329435	0.6713837	0.001352276	9.457035	3.049143
3500	0	-278.5552	0	-278.5552	0.09816297	0.7454619	0.1723011	7.061188	-6.515042
3501	1	223.0361	0	223.0361	0.09739248	0.74362	0.001284055	7.11705	3.040425
3502	0	-278.5015	0	-278.5015	0.05033508	0.5633896	0.1221344	13.77066	-6.378782
3503	1	222.3635	0	222.3635	0.1161559	0.7825123	0.002301509	5.967386	3.040425
3504	0	-278.4251	0	-278.4251	0.09456541	0.7366525	0.1819674	7.329817	-6.335235
3505	1	224.3178	0	224.3178	0.0907977	0.7268261	0.001342932	7.633973	3.042031
3506	0	-277.945	0	-277.945	0.07270007	0.6691661	0.1600237	9.53434	-6.462455
3507	1	225.2065	0	225.2065	0.1718618	0.8516133	0.002375789	4.033167	3.042031
3508	0	-281.3293	0	-281.3293	0.05570433	0.5933682	0.158896	12.44333	-6.507552
3509	1	225.3096	0	225.3096	0.1305685	0.8056274	0.001774243	5.308686	3.042031
3510	0	-279.6421	0	-279.6421	0.06443424	0.6355113	0.1132477	10.75744	-6.331037
3511	1	224.6159	0	224.6159	0.1441388	0.8234879	0.002478658	4.808888	3.042031
3512	0	-278.241	0	-278.241	0.07123371	0.6635847	0.1245544	9.730606	-6.43391
3513	1	224.3259	0	224.3259	0.1849223	0.8620275	0.002549341	3.748316	3.037012
3514	0	-277.76	0	-277.76	0.08120834	0.6986602	0.1671172	8.535418	-6.383982
3515	1	224.0673	0	224.0673	0.2032312	0.8744113	0.003014063	3.410635	3.037474
3516	0	-277.5992	0	-277.5992	0.08170626	0.7002457	0.1512488	8.483404	-6.48395
3517	1	225.1044	0	225.1044	0.1551809	0.8358438	0.002362597	4.466703	3.037474
3518	0	-277.3299	0	-277.3299	0.07950827	0.6931357	0.1544052	8.717926	-6.419257
3519	1	223.5443	0	223.5443	0.1657145	0.8461589	0.002353238	4.182778	3.031673
3520	0	-278.7783	0	-278.7783	0.0869291	0.7160408	0.1903592	7.973707	-6.474211
3521	1	223.5338	0	223.5338	0.1704573	0.8504008	0.002540491	4.066397	3.031673
3522	0	-278.4579	0	-278.4579	0.06681019	0.6457511	0.1511724	10.37487	-6.529649
3523	1	222.4474	0	222.4474	0.1489436	0.8290782	0.00265578	4.653755	3.031673
3524	0	-279.459	0	-279.459	0.09182638	0.7295729	0.1700223	7.548454	-6.585949
3525	1	223.6886	0	223.6886	0.2027564	0.874118	0.002759052	3.418621	3.051939
3526	0	-279.4344	0	-279.4344	0.1241057	0.7958618	0.2079304	5.585136	-6.406912
3527	1	223.477	0	223.477	0.1793613	0.8577745	0.003012829	3.86453	3.051939
3528	0	-279.0763	0	-279.0763	0.1164332	0.7830052	0.2097471	5.953176	-6.483068
3529	1	218.4748	0	218.4748	0.2378769	0.8926749	0.004640571	2.91389	3.052079
3530	0	-277.772	0	-277.772	0.09082604	0.7269024	0.1713302	7.631591	-6.480068
3531	1	222.1196	0	222.1196	0.2072653	0.8768494	0.003227718	3.344252	3.030826
3532	0	-279.0984	0	-279.0984	0.09171016	0.729265	0.171242	7.558019	-6.570565
3533	1	223.0127	0	223.0127	0.1650459	0.8455419	0.002255527	4.199724	3.030826
3534	0	-278.141	0	-278.141	0.08398932	0.707334	0.1461393	8.252801	-6.498957
3535	1	223.9363	0	223.9363	0.1222511	0.7928869	0.001941263	5.669863	3.030826
3536	0	-278.2215	0	-278.2215	0.08853324	0.7206025	0.1480303	7.829231	-6.40459
3537	1	223.5134	0	223.5134	0.1274275	0.800994	0.001778686	5.439542	3.030826
3538	0	-278.4983	0	-278.4983	0.06877923	0.6538801	0.1428069	10.07786	-6.568312
3539	1	223.2072	0	223.2072	0.108171	0.7673742	0.00190978	6.407886	3.030826
3540	0	-278.5266	0	-278.5266	0.1050124	0.7608401	0.1751695	6.600625	-6.440573
3541	1	223.8559	0	223.8559	0.1078554	0.7667362	0.001712304	6.426633	3.030826
3542	0	-278.0758	0	-278.0758	0.08569827	0.7124513	0.1775797	8.088229	-6.482641
3543	1	224.6479	0	224.6479	0.1179604	0.7856832	0.001672353	5.876099	3.035357
3544	0	-278.8661	0	-278.8661	0.1053179	0.7614867	0.186841	6.581477	-6.336242
3545	1	223.9281	0	223.9281	0.1360793	0.8132799	0.00177617	5.0937	3.035357
3546	0	-278.0135	0	-278.0135	0.0957251	0.7395512	0.1870797	7.241018	-6.395892
3547	1	225.4284	0	225.4284	0.1627091	0.8433471	0.00250089	4.260038	3.044343
3548	0	-278.1569	0	-278.1569	0.08745249	0.7175435	0.1658865	7.925985	-6.331468
3549	1	223.9004	0	223.9004	0.2260877	0.8870844	0.003058958	3.065833	3.044343
3550	0	-277.4826	0	-277.4826	0.0814497	0.6994305	0.1611766	8.510126	-6.396829
3551	1	225.1922	0	225.1922	0.1743971	0.853754	0.002671117	3.974535	3.044343
3552	0	-277.4362	0	-277.4362	0.06500002	0.6379937	0.1329376	10.6638	-6.441259
3553	1	220.4362	0	220.4362	0.1931825	0.8679008	0.002752079	3.588044	3.025478
3554	0	-277.4555	0	-277.4555	0.06745206	0.6484357	0.1365082	10.27615	-6.395265
3555	1	223.525	0	223.525	0.1860562	0.8628641	0.003014673	3.725472	3.053055
3556	0	-280.6288	0	-280.6288	0.09704038	0.7427703	0.2193938	7.142874	-6.529056
3557	1	224.7443	0	224.7443	0.1928183	0.8676523	0.002656766	3.594821	3.046505
3558	0	-279.9973	0	-279.9973	0.07876765	0.6906743	0.1488687	8.799896	-6.627193
3559	1	225.1324	0	225.1324	0.173485	0.8529909	0.00266523	3.995429	3.046505
3560	0	-281.5372	0	-281.5372	0.08040354	0.6960665	0.1183417	8.620854	-6.475566
3561	1	223.944	0	223.944	0.2230682	0.885558	0.003041552	3.107334	3.046505
3562	0	-277.57	0	-277.57	0.07114144	0.6632281	0.1520035	9.743227	-6.42634
3563	1	223.4061	0	223.4061	0.1761823	0.8552253	0.003096886	3.93426	3.046505
3564	0	-281.5443	0	-281.5443	0.09848809	0.746232	0.1864979	7.037878	-6.20839
3565	1	225.6655	0	225.6655	0.1516443	0.8320727	0.002262671	4.570876	3.046505
3566	0	-277.9006	0	-277.9006	0.07863202	0.6902198	0.167155	8.815075	-6.471955
3567	1	225.4253	0	225.4253	0.1343259	0.810908	0.002188427	5.160191	3.046505
3568	0	-278.9563	0	-278.9563	0.08723944	0.7169335	0.1943801	7.945342	-6.420647
3569	1	225.7369	0	225.7369	0.1366274	0.8140098	0.002114005	5.073264	3.046505
3570	0	-278.2286	0	-278.2286	0.08276862	0.7035807	0.1789203	8.374517	-6.449507
3571	1	224.6509	0	224.6509	0.1694116	0.8494853	0.002778112	4.091498	3.046505
3572	0	-277.6556	0	-277.6556	0.07205273	0.6667215	0.1369425	9.619999	-6.493873
3573	1	224.9336	0	224.9336	0.1631009	0.8437193	0.002644309	4.249805	3.046505
3574	0	-279.3429	0	-279.3429	0.04725418	0.5445733	0.1275015	14.66848	-6.487224
3575	1	224.4639	0	224.4639	0.1933972	0.8680469	0.003038995	3.58406	3.046505
3576	0	-277.4723	0	-277.4723	0.08325251	0.7050785	0.1606622	8.325841	-6.465236
3577	1	224.762	0	224.762	0.1882685	0.8644678	0.002895506	3.681695	3.046505
3578	0	-277.7594	0	-277.7594	0.09596895	0.7401535	0.1785001	7.222619	-6.427094
3579	1	223.3368	0	223.3368	0.2485757	0.897291	0.003646278	2.788475	3.046505
3580	0	-279.1521	0	-279.1521	0.1198808	0.7889644	0.2078816	5.781968	-6.385526
3581	1	220.8673	0	220.8673	0.2886577	0.9115487	0.004850551	2.401278	3.046505
3582	0	-277.5796	0	-277.5796	0.08666341	0.7152727	0.1655798	7.998153	-6.388327
3583	1	221.7201	0	221.7201	0.233775	0.8907934	0.004100624	2.965018	3.046505
3584	0	-277.6158	0	-277.6158	0.08609211	0.7136085	0.1698105	8.051227	-6.398026
3585	1	224.3484	0	224.3484	0.2104591	0.878714	0.003128385	3.2935	3.046505
3586	0	-278.4852	0	-278.4852	0.102881	0.7562389	0.1784383	6.73737	-6.488787
3587	1	221.9229	0	221.9229	0.2381541	0.8927997	0.004043148	2.910498	3.038699
3588	0	-277.3207	0	-277.3207	0.0775095	0.6864141	0.1472934	8.942739	-6.424601
3589	1	224.014	0	224.014	0.2116891	0.8794172	0.002949168	3.274364	3.038699
3590	0	-281.0462	0	-281.0462	0.1067874	0.7645528	0.1544234	6.490907	-6.411801
3591	1	222.5742	0	222.5742	0.2106	0.878795	0.003639814	3.291297	3.039999
3592	0	-283.9421	0	-283.9421	0.1875963	0.8639845	0.3435625	3.694887	-6.333306
3593	1	223.2564	0	223.2564	0.2343057	0.8910405	0.003253534	2.958303	3.050416
3594	0	-280.1187	0	-280.1187	0.09025082	0.7253456	0.2092093	7.680231	-6.483962
3595	1	224.1638	0	224.1638	0.1128137	0.7764038	0.00200074	6.144174	3.051989
3596	0	-280.5338	0	-280.5338	0.1284701	0.802555	0.2188856	5.395397	-6.322766
3597	1	225.3128	0	225.3128	0.1389598	0.8170555	0.001930029	4.988113	3.04931
3598	0	-277.9795	0	-277.9795	0.0980784	0.7452609	0.1849577	7.067277	-6.392532
3599	1	225.1461	0	225.1461	0.1020909	0.7544923	0.001644433	6.789508	3.04931
3600	0	-277.771	0	-277.771	0.07556914	0.6796438	0.1574844	9.172358	-6.366708
3601	1	224.907	0	224.907	0.1072648	0.7655333	0.001528811	6.462021	3.04931
3602	0	-279.7393	0	-279.7393	0.09098366	0.7273263	0.1844524	7.61837	-6.58968
3603	1	224.7171	0	224.7171	0.09216957	0.7304784	0.001484145	7.520347	3.04931
3604	0	-277.4857	0	-277.4857	0.0861562	0.713796	0.1576504	8.045239	-6.416202
3605	1	224.4062	0	224.4062	0.1169574	0.7839313	0.001552021	5.926494	3.04931
3606	0	-278.0861	0	-278.0861	0.08619029	0.7138957	0.1713925	8.042056	-6.344398
3607	1	224.601	0	224.601	0.09042949	0.7258309	0.001499228	7.665057	3.04931
3608	0	-279.3074	0	-279.3074	0.07433933	0.6752226	0.1432224	9.324098	-6.604916
3609	1	225.1335	0	225.1335	0.1479389	0.8279377	0.002016984	4.685361	3.04931
3610	0	-278.4027	0	-278.4027	0.06831601	0.6519959	0.1203875	10.14619	-6.419552
3611	1	225.2961	0	225.2961	0.1601874	0.8409093	0.00236487	4.327101	3.04931
3612	0	-277.8338	0	-277.8338	0.08291255	0.7040276	0.1719496	8.359979	-6.463448
3613	1	223.8516	0	223.8516	0.1539281	0.8345268	0.001917599	4.503059	3.04931
3614	0	-277.6602	0	-277.6602	0.07448826	0.6757635	0.1346402	9.305456	-6.441383
3615	1	223.8239	0	223.8239	0.08005624	0.6949353	0.001390055	8.658254	3.04931
3616	0	-279.2177	0	-279.2177	0.06914147	0.6553417	0.1254492	10.02506	-6.569568
3617	1	223.5976	0	223.5976	0.100599	0.7511314	0.00135683	6.890201	3.050214
3618	0	-277.9158	0	-277.9158	0.05766608	0.6035062	0.1294814	12.02002	-6.387182
3619	1	224.9147	0	224.9147	0.1277497	0.8014789	0.001737363	5.425821	3.050214
3620	0	-277.8911	0	-277.8911	0.09157029	0.7288936	0.163597	7.569564	-6.37422
3621	1	224.6261	0	224.6261	0.2029227	0.8742209	0.003005375	3.415818	3.043453
3622	0	-280.0907	0	-280.0907	0.09707257	0.7428482	0.2095768	7.140505	-6.308004
3623	1	223.7165	0	223.7165	0.229844	0.8889276	0.003072584	3.015728	3.043453
3624	0	-277.773	0	-277.773	0.08073299	0.6971329	0.1557974	8.585675	-6.510437
3625	1	224.1478	0	224.1478	0.2162929	0.881979	0.003287625	3.204669	3.043453
3626	0	-279.6515	0	-279.6515	0.07852763	0.6898692	0.1578789	8.826794	-6.244133
3627	1	222.5641	0	222.5641	0.2774672	0.907982	0.004103853	2.498123	3.043453
3628	0	-278.7034	0	-278.7034	0.06041591	0.6170433	0.1424211	11.47292	-6.537234
3629	1	225.2125	0	225.2125	0.1782261	0.8568744	0.002659049	3.889146	3.043453
3630	0	-278.2013	0	-278.2013	0.08256675	0.702952	0.1452851	8.394991	-6.347336
3631	1	225.702	0	225.702	0.153876	0.8344717	0.002248615	4.504582	3.043453
3632	0	-278.6869	0	-278.6869	0.1090379	0.7691109	0.199292	6.356936	-6.486853
3633	1	225.4026	0	225.4026	0.141972	0.8208503	0.00192292	4.882281	3.043453
3634	0	-277.6225	0	-277.6225	0.09225112	0.7306928	0.1707595	7.513699	-6.439914
3635	1	224.9473	0	224.9473	0.1706236	0.8505454	0.002260753	4.062434	3.043453
3636	0	-278.5705	0	-278.5705	0.06063746	0.6181012	0.1464347	11.43101	-6.385486
3637	1	224.443	0	224.443	0.1498902	0.8301395	0.002316843	4.624366	3.033805
3638	0	-279.1757	0	-279.1757	0.09860907	0.7465175	0.211407	7.029244	-6.447089
3639	1	223.1874	0	223.1874	0.1511964	0.8315832	0.002642214	4.584415	3.033805
3640	0	-277.5572	0	-277.5572	0.08136336	0.6991554	0.1534691	8.519157	-6.375372
3641	1	220.0212	0	220.0212	0.1879076	0.8642087	0.003619764	3.688766	3.033805
3642	0	-279.716	0	-279.716	0.08959994	0.7235651	0.205162	7.736023	-6.391546
3643	1	222.4128	0	222.4128	0.2351185	0.8914168	0.003345149	2.948076	3.033805
3644	0	-282.9304	0	-282.9304	0.1611551	0.8418535	0.2421434	4.301117	-6.391546
3645	1	222.6903	0	222.6903	0.1726322	0.8522703	0.002657408	4.015167	3.058898
3646	0	-277.6058	0	-277.6058	0.08900918	0.7219313	0.160101	7.787367	-6.410944
3647	1	218.6628	0	218.6628	0.2977075	0.9142371	0.004770739	2.328283	3.058898
3648	0	-277.7732	0	-277.7732	0.09269044	0.7318424	0.1789677	7.478087	-6.454031
3649	1	223.0178	0	223.0178	0.2586142	0.9012759	0.003877656	2.680237	3.045404
3650	0	-281.1644	0	-281.1644	0.08430243	0.7082834	0.1809284	8.22215	-6.647382
3651	1	223.8708	0	223.8708	0.2170411	0.8823851	0.003314925	3.193622	3.048449
3652	0	-277.4336	0	-277.4336	0.07217186	0.6671737	0.1415471	9.60412	-6.387701
3653	1	224.8902	0	224.8902	0.1729235	0.8525172	0.002700582	4.008404	3.048449
3654	0	-277.9188	0	-277.9188	0.09330566	0.7334379	0.1607081	7.428779	-6.419413
3655	1	223.8849	0	223.8849	0.1979708	0.8710845	0.003249712	3.501259	3.046041
3656	0	-280.6321	0	-280.6321	0.139081	0.8172111	0.2683672	4.983767	-6.418163
3657	1	223.3827	0	223.3827	0.2428292	0.894862	0.003274081	2.854464	3.046041
3658	0	-277.847	0	-277.847	0.09775852	0.744498	0.1757489	7.090402	-6.418163
3659	1	225.2431	0	225.2431	0.1115226	0.7739584	0.001713193	6.215305	3.05097
3660	0	-280.3055	0	-280.3055	0.1173963	0.7847012	0.2405264	5.904335	-6.345286
3661	1	224.9876	0	224.9876	0.1385634	0.8165446	0.00190401	5.002383	3.05097
3662	0	-280.0912	0	-280.0912	0.07693018	0.6844186	0.1836519	9.010081	-6.319423
3663	1	224.3417	0	224.3417	0.1859267	0.862769	0.002857335	3.728067	3.05097
3664	0	-280.2411	0	-280.2411	0.0760848	0.6814673	0.1877139	9.110192	-6.368411
3665	1	221.3324	0	221.3324	0.1842294	0.8615113	0.003412198	3.762414	3.035139
3666	0	-279.0277	0	-279.0277	0.09674645	0.7420572	0.1882506	7.164575	-6.307016
3667	1	222.6411	0	222.6411	0.2251439	0.8866117	0.003554841	3.078685	3.035139
3668	0	-281.5924	0	-281.5924	0.06238224	0.6262677	0.1739625	11.11129	-6.38292
3669	1	222.9743	0	222.9743	0.2206746	0.8843185	0.003391854	3.141037	3.035139
3670	0	-277.8744	0	-277.8744	0.06945347	0.6565923	0.1287746	9.980022	-6.485879
3671	1	222.8857	0	222.8857	0.1946227	0.8688747	0.002479723	3.561492	3.035139
3672	0	-278.7854	0	-278.7854	0.07410993	0.6743864	0.1354289	9.35296	-6.299852
3673	1	219.8001	0	219.8001	0.215044	0.8812948	0.002432033	3.22328	3.035139
3674	0	-279.7193	0	-279.7193	0.06487586	0.6374514	0.1454785	10.68421	-6.245889
3675	1	222.461	0	222.461	0.2814998	0.9092999	0.003899174	2.462336	3.045582
3676	0	-279.6876	0	-279.6876	0.1300576	0.8048878	0.2223686	5.329538	-6.406968
3677	1	223.6861	0	223.6861	0.2209333	0.8844538	0.003491267	3.13736	3.045582
3678	0	-278.8934	0	-278.8934	0.06637288	0.6439024	0.115338	10.44323	-6.455752
3679	1	223.8636	0	223.8636	0.2301194	0.8890604	0.003176079	3.01212	3.045582
3680	0	-278.5587	0	-278.5587	0.07604538	0.6813285	0.1457913	9.114915	-6.567602
3681	1	224.0009	0	224.0009	0.2273671	0.887719	0.003288405	3.048581	3.045582
3682	0	-279.4871	0	-279.4871	0.09823911	0.7456426	0.2145362	7.055715	-6.396942
3683	1	225.5713	0	225.5713	0.159646	0.8403762	0.002387075	4.341775	3.045582
3684	0	-278.3615	0	-278.3615	0.0837515	0.7066093	0.1731567	8.276236	-6.334369
3685	1	225.488	0	225.488	0.107941	0.7669095	0.0016503	6.42154	3.047392
3686	0	-277.4995	0	-277.4995	0.06818386	0.6514553	0.1448826	10.16585	-6.415697
3687	1	225.4898	0	225.4898	0.1345949	0.8112757	0.001900013	5.149877	3.039782
3688	0	-281.8184	0	-281.8184	0.1084064	0.7678482	0.2546738	6.39397	-6.406916
3689	1	224.6506	0	224.6506	0.1108642	0.7726921	0.001845918	6.252219	3.035426
3690	0	-280.7218	0	-280.7218	0.1470059	0.8268654	0.2546738	4.715097	-6.439429
3691	1	224.5578	0	224.5578	0.1563862	0.8370917	0.002462778	4.432279	3.035426
3692	0	-283.8429	0	-283.8429	0.08670557	0.7153948	0.2347962	7.994264	-6.470362
3693	1	224.1657	0	224.1657	0.1204205	0.7898696	0.002047697	5.756056	3.0547
3694	0	-279.5203	0	-279.5203	0.0893148	0.7227786	0.1934139	7.76072	-6.546107
3695	1	223.1986	0	223.1986	0.1406837	0.8192459	0.002475449	4.92699	3.055359
3696	0	-278.8598	0	-278.8598	0.1133646	0.7774324	0.1893295	6.114317	-6.429172
3697	1	222.4576	0	222.4576	0.1312474	0.8066022	0.002027112	5.281225	3.062169
3698	0	-281.9618	0	-281.9618	0.1651613	0.8456487	0.3045382	4.19679	-6.419593
3699	1	225.0118	0	225.0118	0.1239188	0.7955656	0.001967321	5.59356	3.035784
3700	0	-278.0523	0	-278.0523	0.08948259	0.7232419	0.1659286	7.746168	-6.513201
3701	1	224.3843	0	224.3843	0.1177243	0.7852731	0.002027295	5.887888	3.035784
3702	0	-277.8856	0	-277.8856	0.09422503	0.7357908	0.1659286	7.356296	-6.394175
3703	1	222.3455	0	222.3455	0.1432089	0.8223652	0.001730685	4.840114	3.035009
3704	0	-278.1562	0	-278.1562	0.07859567	0.6900978	0.1626949	8.819152	-6.527365
3705	1	224.1415	0	224.1415	0.1762864	0.8553102	0.002454633	3.931938	3.035009
3706	0	-279.4823	0	-279.4823	0.1161569	0.7825141	0.2137831	5.967334	-6.335664
3707	1	224.5085	0	224.5085	0.1021301	0.7545795	0.001551764	6.786903	3.035009
3708	0	-279.6331	0	-279.6331	0.1034518	0.7574869	0.2004977	6.700195	-6.294585
3709	1	223.2466	0	223.2466	0.1810082	0.8590607	0.002426163	3.82937	3.033121
3710	0	-279.3874	0	-279.3874	0.1087092	0.7684553	0.2073985	6.376157	-6.321354
3711	1	223.6731	0	223.6731	0.174622	0.853941	0.002426163	3.969415	3.033121
3712	0	-277.8375	0	-277.8375	0.09330229	0.7334292	0.1629214	7.429048	-6.443615
3713	1	223.0087	0	223.0087	0.2065383	0.876417	0.003075915	3.356023	3.033121
3714	0	-280.2218	0	-280.2218	0.08423676	0.7080848	0.1738426	8.228559	-6.235703
3715	1	223.694	0	223.694	0.1803938	0.8585836	0.002698605	3.842411	3.033121
3716	0	-277.8965	0	-277.8965	0.06189014	0.6239936	0.1198392	11.19964	-6.435709
3717	1	220.4173	0	220.4173	0.1911655	0.8665127	0.003697576	3.625901	3.037634
3718	0	-278.6134	0	-278.6134	0.08725333	0.7169734	0.149279	7.944077	-6.522708
3719	1	221.4009	0	221.4009	0.2784288	0.9082997	0.004414597	2.489496	3.051184
3720	0	-278.1223	0	-278.1223	0.09705765	0.7428122	0.1648503	7.141602	-6.413715
3721	1	221.2399	0	221.2399	0.3118041	0.9181142	0.004403168	2.223021	3.038397
3722	0	-278.1638	0	-278.1638	0.09775046	0.7444788	0.1820996	7.090987	-6.362482
3723	1	221.9908	0	221.9908	0.1947507	0.8689605	0.00317879	3.559151	3.030473
3724	0	-277.4701	0	-277.4701	0.07845411	0.6896219	0.1442423	8.835066	-6.407248
3725	1	223.8448	0	223.8448	0.2163538	0.8820121	0.002834246	3.203768	3.045849
3726	0	-278.983	0	-278.983	0.07977349	0.6940091	0.1826415	8.688941	-6.385576
3727	1	222.8329	0	222.8329	0.07032967	0.660064	0.001186909	9.855686	3.045849
3728	0	-280.1575	0	-280.1575	0.1106742	0.7723244	0.1783438	6.26295	-6.318583
3729	1	225.371	0	225.371	0.1157654	0.7818146	0.001926339	5.987517	3.045849
3730	0	-280.116	0	-280.116	0.0493147	0.5572954	0.09844789	14.05559	-6.35382
3731	1	225.059	0	225.059	0.09490344	0.7375034	0.001517033	7.30371	3.045849
3732	0	-277.8515	0	-277.8515	0.09511964	0.738045	0.174727	7.287109	-6.469675
3733	1	225.0154	0	225.0154	0.1227736	0.7937332	0.001829628	5.645733	3.053082
3734	0	-281.2573	0	-281.2573	0.1145616	0.7796374	0.2558016	6.050434	-6.468361
3735	1	224.637	0	224.637	0.1473843	0.8273018	0.002158646	4.702991	3.034225
3736	0	-279.712	0	-279.712	0.1196746	0.7886166	0.2194732	5.79193	-6.514464
3737	1	221.7719	0	221.7719	0.1323154	0.8081169	0.001814955	5.238598	3.06193
3738	0	-277.8964	0	-277.8964	0.06855289	0.6529616	0.1427113	10.11113	-6.523723
3739	1	225.1819	0	225.1819	0.1221776	0.7927673	0.001747076	5.673274	3.037601
3740	0	-277.579	0	-277.579	0.07729318	0.6856715	0.1405369	8.967767	-6.459941
3741	1	223.7231	0	223.7231	0.07984144	0.6942321	0.001458964	8.681546	3.044881
3742	0	-278.0317	0	-278.0317	0.06350376	0.631367	0.1194278	10.91506	-6.443544
3743	1	224.6186	0	224.6186	0.1566656	0.8373783	0.00200017	4.424375	3.044881
3744	0	-280.4924	0	-280.4924	0.04353342	0.520105	0.1156509	15.92218	-6.618068
3745	1	225.8761	0	225.8761	0.1287166	0.8029206	0.001926526	5.385065	3.044881
3746	0	-278.3237	0	-278.3237	0.1036416	0.7578993	0.2003764	6.687924	-6.414523
3747	1	225.1445	0	225.1445	0.1229339	0.7939916	0.001816542	5.638371	3.052234
3748	0	-277.5796	0	-277.5796	0.08365102	0.7063022	0.1600445	8.286177	-6.376676
3749	1	224.9842	0	224.9842	0.107751	0.7665244	0.0016715	6.43286	3.052234
3750	0	-278.4176	0	-278.4176	0.1010478	0.7521513	0.1707904	6.859594	-6.469812
3751	1	225.0543	0	225.0543	0.1153301	0.781032	0.001841357	6.010115	3.052234
3752	0	-280.5047	0	-280.5047	0.06624509	0.6433592	0.1079218	10.46337	-6.386977
3753	1	224.6405	0	224.6405	0.1027165	0.7558773	0.001524249	6.748155	3.052234
3754	0	-279.0506	0	-279.0506	0.05866212	0.6084982	0.1117265	11.81592	-6.3399
3755	1	224.1547	0	224.1547	0.08731086	0.7171383	0.001546268	7.938843	3.039645
3756	0	-277.5861	0	-277.5861	0.08250702	0.7027655	0.147238	8.401069	-6.419047
3757	1	225.4619	0	225.4619	0.1425609	0.8215746	0.002009399	4.862113	3.039645
3758	0	-277.9791	0	-277.9791	0.05444852	0.5866574	0.1247376	12.73032	-6.419047
3759	1	225.2577	0	225.2577	0.1297876	0.8044946	0.001789765	5.340629	3.039645
3760	0	-277.6632	0	-277.6632	0.07469741	0.6765206	0.1354249	9.279401	-6.45649
3761	1	225.6093	0	225.6093	0.1322228	0.8079865	0.00192363	5.242266	3.039645
3762	0	-279.9705	0	-279.9705	0.07984917	0.6942575	0.1405822	8.680706	-6.603945
3763	1	223.6126	0	223.6126	0.07972349	0.6938448	0.001444426	8.694391	3.039645
3764	0	-278.5297	0	-278.5297	0.100766	0.7515117	0.1663811	6.878783	-6.401415
3765	1	220.4123	0	220.4123	0.1705839	0.8505109	0.001867959	4.06338	3.039645
3766	0	-281.8004	0	-281.8004	0.08540814	0.7115936	0.1704269	8.115704	-6.679382
3767	1	224.9511	0	224.9511	0.1503173	0.8306141	0.002460909	4.611227	3.039645
3768	0	-278.4139	0	-278.4139	0.05556346	0.5926241	0.1352981	12.47487	-6.401633
3769	1	224.2932	0	224.2932	0.1967222	0.870269	0.002972106	3.523483	3.038261
3770	0	-279.6119	0	-279.6119	0.1071077	0.7652115	0.2139442	6.471496	-6.322158
3771	1	224.2262	0	224.2262	0.203285	0.8744444	0.002920101	3.409731	3.038261
3772	0	-283.4005	0	-283.4005	0.1017644	0.7537639	0.2588855	6.811292	-6.439061
3773	1	222.7424	0	222.7424	0.2532684	0.8991931	0.003811402	2.736809	3.038261
3774	0	-277.6377	0	-277.6377	0.07218487	0.667223	0.1547891	9.602389	-6.446734
3775	1	219.4023	0	219.4023	0.3252915	0.9215092	0.005500704	2.130849	3.038261
3776	0	-279.1661	0	-279.1661	0.08019485	0.6953877	0.1284147	8.643288	-6.44467
3777	1	220.7068	0	220.7068	0.2903418	0.9120617	0.004814104	2.387349	3.038261
3778	0	-281.1193	0	-281.1193	0.1022361	0.754815	0.1698783	6.779866	-6.25217
3779	1	223.9426	0	223.9426	0.2139295	0.8806775	0.003114696	3.240074	3.038261
3780	0	-279.2339	0	-279.2339	0.1223193	0.7929976	0.2234188	5.666704	-6.398187
3781	1	224.6432	0	224.6432	0.1693322	0.8494154	0.002319854	4.093416	3.051039
3782	0	-279.3269	0	-279.3269	0.1031095	0.7567399	0.2076486	6.72244	-6.524476
3783	1	223.6519	0	223.6519	0.14147	0.8202284	0.00252797	4.899604	3.051039
3784	0	-280.3334	0	-280.3334	0.115831	0.7819321	0.2441266	5.984124	-6.373698
3785	1	225.3563	0	225.3563	0.1371966	0.8147619	0.002052612	5.052217	3.051039
3786	0	-279.0234	0	-279.0234	0.08396413	0.7072574	0.1676295	8.255277	-6.578931
3787	1	224.1473	0	224.1473	0.1973572	0.8706851	0.002957003	3.512145	3.051039
3788	0	-279.035	0	-279.035	0.07681821	0.6840303	0.1711955	9.023215	-6.546804
3789	1	225.1938	0	225.1938	0.1452081	0.8247623	0.002244326	4.773474	3.051039
3790	0	-277.8075	0	-277.8075	0.09524612	0.7383609	0.171153	7.277432	-6.400896
3791	1	224.7577	0	224.7577	0.1746042	0.8539262	0.002535485	3.969819	3.051039
3792	0	-279.6577	0	-279.6577	0.1291537	0.803566	0.2192991	5.366838	-6.438931
3793	1	224.3265	0	224.3265	0.1512241	0.8316135	0.002547157	4.583577	3.051039
3794	0	-279.3516	0	-279.3516	0.04059628	0.4993218	0.1107087	17.07416	-6.417933
3795	1	224.1655	0	224.1655	0.09738354	0.7435985	0.001739385	7.117704	3.051039
3796	0	-279.2015	0	-279.2015	0.04298804	0.5163476	0.1110068	16.12419	-6.36692
3797	1	225.1436	0	225.1436	0.1278741	0.8016655	0.001804699	5.420544	3.051039
3798	0	-278.4536	0	-278.4536	0.08072135	0.6970953	0.1563285	8.586913	-6.558346
3799	1	224.913	0	224.913	0.1534719	0.8340422	0.002427801	4.516443	3.051039
3800	0	-278.1056	0	-278.1056	0.06106868	0.6201465	0.1334897	11.35029	-6.341024
3801	1	224.9236	0	224.9236	0.1663626	0.8467523	0.002402228	4.166485	3.051039
3802	0	-279.8	0	-279.8	0.05897463	0.6100434	0.1049242	11.75331	-6.385025
3803	1	225.1586	0	225.1586	0.1424956	0.8214946	0.002009222	4.864342	3.051039
3804	0	-280.7602	0	-280.7602	0.07538791	0.6789988	0.1182249	9.194408	-6.52466
3805	1	219.7794	0	219.7794	0.1599179	0.8406443	0.003278145	4.334394	3.051039
3806	0	-277.9533	0	-277.9533	0.08707336	0.7164564	0.173535	7.960496	-6.362055
3807	1	223.6085	0	223.6085	0.227942	0.8880019	0.003412961	3.040893	3.048998
3808	0	-278.2462	0	-278.2462	0.06840771	0.6523703	0.1547246	10.13259	-6.498667
3809	1	223.2584	0	223.2584	0.229503	0.8887628	0.003596354	3.02021	3.048998
3810	0	-279.0471	0	-279.0471	0.09231562	0.7308621	0.1484437	7.508449	-6.366206
3811	1	221.8399	0	221.8399	0.2217435	0.8848753	0.003939592	3.125897	3.046268
3812	0	-277.9059	0	-277.9059	0.06967345	0.6574695	0.1479071	9.948512	-6.51566
3813	1	224.6363	0	224.6363	0.1879857	0.8642649	0.002948454	3.687234	3.046268
3814	0	-278.7162	0	-278.7162	0.06299982	0.6290899	0.1367731	11.00237	-6.291093
3815	1	225.2221	0	225.2221	0.1774114	0.8562215	0.002550208	3.907005	3.046268
3816	0	-278.2795	0	-278.2795	0.07715458	0.6851941	0.1708684	8.983876	-6.39214
3817	1	224.055	0	224.055	0.2175583	0.8826642	0.003309939	3.18603	3.046268
3818	0	-277.5682	0	-277.5682	0.06659075	0.6448254	0.1392255	10.40906	-6.382773
3819	1	225.3973	0	225.3973	0.16684	0.8471867	0.002501833	4.154562	3.046268
3820	0	-280.4767	0	-280.4767	0.06428018	0.6348304	0.1448779	10.78322	-6.654123
3821	1	225.6722	0	225.6722	0.1184881	0.7865941	0.001881174	5.849933	3.046268
3822	0	-278.1284	0	-278.1284	0.05801526	0.6052679	0.1366671	11.94767	-6.409063
3823	1	225.4383	0	225.4383	0.1447269	0.8241911	0.002316548	4.789344	3.046268
3824	0	-281.4831	0	-281.4831	0.0406582	0.4997741	0.1100357	17.04815	-6.663158
3825	1	224.6258	0	224.6258	0.1380053	0.8158206	0.00212798	5.022614	3.054662
3826	0	-280.5851	0	-280.5851	0.08809526	0.7193699	0.1381328	7.868155	-6.304362
3827	1	223.4662	0	223.4662	0.186783	0.8633951	0.002281766	3.710975	3.042627
3828	0	-278.2555	0	-278.2555	0.1019049	0.7540778	0.1960965	6.8019	-6.457927
3829	1	224.6167	0	224.6167	0.2036822	0.8746886	0.002975711	3.403082	3.042627
3830	0	-279.0614	0	-279.0614	0.09367	0.7343748	0.2018178	7.399884	-6.48182
3831	1	221.3764	0	221.3764	0.3222632	0.9207717	0.004608134	2.150873	3.043274
3832	0	-282.0777	0	-282.0777	0.08929484	0.7227234	0.1729809	7.762455	-6.68044
3833	1	222.3289	0	222.3289	0.2762816	0.9075872	0.004266554	2.508843	3.043274
3834	0	-279.4608	0	-279.4608	0.08815423	0.7195364	0.1931618	7.862892	-6.536063
3835	1	222.1556	0	222.1556	0.2931576	0.9129062	0.004055661	2.364418	3.043274
3836	0	-278.0876	0	-278.0876	0.09137261	0.7283673	0.1849525	7.585941	-6.468962
3837	1	221.7625	0	221.7625	0.2158215	0.8817216	0.003822696	3.211669	3.050015
3838	0	-278.8242	0	-278.8242	0.09527947	0.7384441	0.1608184	7.274885	-6.336235
3839	1	224.6319	0	224.6319	0.1984221	0.8713767	0.002823862	3.493297	3.047561
3840	0	-277.9302	0	-277.9302	0.06996061	0.6586089	0.1540309	9.907678	-6.381577
3841	1	224.9695	0	224.9695	0.1813732	0.8593427	0.002772293	3.821662	3.04656
3842	0	-278.9446	0	-278.9446	0.06680864	0.6457446	0.160095	10.37511	-6.364692
3843	1	224.9851	0	224.9851	0.1813732	0.8593427	0.002764337	3.821662	3.04656
3844	0	-278.3206	0	-278.3206	0.05645116	0.5972764	0.1177458	12.27871	-6.351072
3845	1	225.5061	0	225.5061	0.1506583	0.8309912	0.002091703	4.600791	3.04656
3846	0	-277.7863	0	-277.7863	0.0585162	0.6077732	0.1234795	11.84539	-6.396801
3847	1	225.1421	0	225.1421	0.1534626	0.8340323	0.002488768	4.516716	3.04656
3848	0	-279.0259	0	-279.0259	0.104283	0.7592835	0.1684078	6.646791	-6.472431
3849	1	225.7881	0	225.7881	0.1226244	0.7934922	0.001874986	5.652604	3.04656
3850	0	-279.1908	0	-279.1908	0.1108196	0.772606	0.1927852	6.254732	-6.337138
3851	1	224.7704	0	224.7704	0.1244449	0.7963973	0.002167824	5.569912	3.04656
3852	0	-280.0629	0	-280.0629	0.125332	0.7977853	0.2450066	5.530487	-6.478126
3853	1	224.961	0	224.961	0.09500952	0.7377694	0.001583999	7.295555	3.04656
3854	0	-279.8994	0	-279.8994	0.1186701	0.7869068	0.1937059	5.840957	-6.502841
3855	1	225.7508	0	225.7508	0.1184798	0.78658	0.001805917	5.850338	3.04656
3856	0	-283.0091	0	-283.0091	0.1843378	0.8615923	0.3348458	3.760201	-6.421313
3857	1	225.5181	0	225.5181	0.126956	0.8002805	0.00177346	5.459742	3.04656
3858	0	-279.879	0	-279.879	0.1145392	0.7795966	0.2297317	6.051615	-6.507778
3859	1	225.7447	0	225.7447	0.1301444	0.8050138	0.002028875	5.325984	3.04656
3860	0	-279.7706	0	-279.7706	0.1309895	0.806233	0.238426	5.291624	-6.399238
3861	1	224.9278	0	224.9278	0.1623573	0.8430113	0.002139406	4.26927	3.04656
3862	0	-278.6218	0	-278.6218	0.07494006	0.6773952	0.1299683	9.249354	-6.347072
3863	1	225.5849	0	225.5849	0.145562	0.8251802	0.002272536	4.761868	3.04656
3864	0	-277.6683	0	-277.6683	0.09245365	0.7312239	0.1682132	7.49724	-6.449329
3865	1	225.649	0	225.649	0.1145461	0.7796092	0.001707032	6.051249	3.04656
3866	0	-278.4322	0	-278.4322	0.05880699	0.6092157	0.1351279	11.78682	-6.534738
3867	1	223.9038	0	223.9038	0.1100616	0.771131	0.001999208	6.297809	3.037141
3868	0	-277.8591	0	-277.8591	0.08591515	0.7130895	0.1564461	8.067811	-6.500367
3869	1	224.5685	0	224.5685	0.1535388	0.8341135	0.002516111	4.514474	3.037141
3870	0	-278.2294	0	-278.2294	0.08540424	0.711582	0.1475434	8.116074	-6.3578
3871	1	224.5859	0	224.5859	0.124384	0.7963014	0.00181297	5.572638	3.054812
3872	0	-279.5328	0	-279.5328	0.0779306	0.6878511	0.153811	8.894416	-6.613877
3873	1	224.8405	0	224.8405	0.1275119	0.8011213	0.00211706	5.43594	3.051647
3874	0	-282.7662	0	-282.7662	0.06549356	0.6401365	0.1142309	10.58344	-6.199067
3875	1	223.795	0	223.795	0.09338185	0.7336343	0.00170408	7.422718	3.051647
3876	0	-281.5473	0	-281.5473	0.1010277	0.7521058	0.208816	6.86096	-6.228815
3877	1	224.106	0	224.106	0.1916727	0.8668645	0.002645848	3.616306	3.051647
3878	0	-277.7256	0	-277.7256	0.0811835	0.6985807	0.1676231	8.53803	-6.395304
3879	1	224.0591	0	224.0591	0.1654956	0.8459574	0.002748153	4.188311	3.051647
3880	0	-279.1341	0	-279.1341	0.07495536	0.6774502	0.1543606	9.247466	-6.596883
3881	1	223.7351	0	223.7351	0.1401156	0.8185296	0.002350034	4.946968	3.032563
3882	0	-278.3399	0	-278.3399	0.07172193	0.6654605	0.1343384	9.664369	-6.544113
3883	1	223.5605	0	223.5605	0.1802423	0.8584654	0.002638884	3.845641	3.032563
3884	0	-277.8151	0	-277.8151	0.05964296	0.613315	0.1345951	11.62161	-6.41337
3885	1	224.2772	0	224.2772	0.1440982	0.8234393	0.00219691	4.810241	3.032563
3886	0	-278.8572	0	-278.8572	0.04426027	0.525043	0.1099142	15.66071	-6.404337
3887	1	224.3006	0	224.3006	0.1066332	0.7642345	0.001822076	6.500293	3.053927
3888	0	-278.329	0	-278.329	0.08557002	0.7120727	0.1736618	8.10035	-6.526327
3889	1	224.7744	0	224.7744	0.1435816	0.8228168	0.002452078	4.827549	3.044408
3890	0	-280.129	0	-280.129	0.06562669	0.6407109	0.160059	10.56197	-6.277597
3891	1	223.1014	0	223.1014	0.175947	0.855033	0.002156801	3.939523	3.037595
3892	0	-279.8134	0	-279.8134	0.1041107	0.7589131	0.2154391	6.657788	-6.531988
3893	1	224.6353	0	224.6353	0.1801434	0.8583881	0.002539604	3.847753	3.037595
3894	0	-279.428	0	-279.428	0.07859387	0.6900917	0.1862398	8.819354	-6.412424
3895	1	225.0942	0	225.0942	0.1595956	0.8403264	0.002307848	4.343148	3.037595
3896	0	-277.8902	0	-277.8902	0.08414054	0.7077932	0.1753474	8.237969	-6.448749
3897	1	225.3094	0	225.3094	0.1218962	0.7923082	0.001923963	5.686374	3.037595
3898	0	-281.5243	0	-281.5243	0.1065117	0.7639831	0.2465576	6.507706	-6.48805
3899	1	224.5175	0	224.5175	0.1114409	0.7738018	0.001840324	6.219866	3.054285
3900	0	-280.242	0	-280.242	0.1248222	0.7969897	0.193869	5.553077	-6.4329
3901	1	224.6483	0	224.6483	0.1083814	0.7677979	0.001704789	6.395446	3.054285
3902	0	-277.9081	0	-277.9081	0.08809604	0.7193721	0.1518586	7.868086	-6.456901
3903	1	219.6132	0	219.6132	0.2224004	0.8852149	0.004167429	3.116663	3.054285
3904	0	-277.6983	0	-277.6983	0.06068162	0.6183115	0.1283624	11.42269	-6.389229
3905	1	222.9783	0	222.9783	0.2435212	0.8951606	0.003816388	2.846352	3.047795
3906	0	-277.6187	0	-277.6187	0.06608754	0.6426876	0.1269029	10.48832	-6.43429
3907	1	225.2932	0	225.2932	0.16204	0.8427074	0.002506259	4.277629	3.041005
3908	0	-278.5886	0	-278.5886	0.05538755	0.5916919	0.1222631	12.51449	-6.551477
3909	1	224.2541	0	224.2541	0.2089459	0.8778376	0.002851473	3.317353	3.041005
3910	0	-277.7949	0	-277.7949	0.08642367	0.7145764	0.1565547	8.020339	-6.367704
3911	1	225.6262	0	225.6262	0.1505167	0.8308349	0.002309006	4.605118	3.045931
3912	0	-279.4625	0	-279.4625	0.04987536	0.5606604	0.1057163	13.89759	-6.551138
3913	1	225.712	0	225.712	0.1466952	0.8265054	0.002232602	4.725084	3.045931
3914	0	-279.2725	0	-279.2725	0.04641934	0.539255	0.1014627	14.93229	-6.48801
3915	1	225.5386	0	225.5386	0.1302964	0.8052341	0.002110537	5.319774	3.045931
3916	0	-278.4971	0	-278.4971	0.06158512	0.6225726	0.1137569	11.25511	-6.42598
3917	1	225.4251	0	225.4251	0.1561106	0.836808	0.002147547	4.440104	3.045931
3918	0	-277.661	0	-277.661	0.06589397	0.6418595	0.1271101	10.51913	-6.402164
3919	1	225.5538	0	225.5538	0.1512426	0.8316337	0.002107093	4.583016	3.045931
3920	0	-280.9033	0	-280.9033	0.0927975	0.7321213	0.2223158	7.46946	-6.428191
3921	1	225.2416	0	225.2416	0.1472211	0.8271138	0.002399726	4.708206	3.045931
3922	0	-278.645	0	-278.645	0.112346	0.7755236	0.2073462	6.169752	-6.449745
3923	1	225.4564	0	225.4564	0.1323682	0.8081912	0.001812312	5.236509	3.043352
3924	0	-278.5148	0	-278.5148	0.111378	0.7736812	0.2000562	6.223379	-6.40988
3925	1	225.0829	0	225.0829	0.1106984	0.7723713	0.001898301	6.261582	3.043352
3926	0	-278.7833	0	-278.7833	0.09956313	0.7487487	0.2067837	6.961886	-6.409527
3927	1	225.2559	0	225.2559	0.1534824	0.8340534	0.002056747	4.516135	3.043352
3928	0	-278.2726	0	-278.2726	0.09359784	0.7341897	0.1677791	7.40559	-6.513351
3929	1	225.187	0	225.187	0.1025564	0.7555241	0.001719425	6.758693	3.043352
3930	0	-277.6586	0	-277.6586	0.07578219	0.6803994	0.1450133	9.146571	-6.359284
3931	1	225.3565	0	225.3565	0.1731652	0.8527215	0.002540956	4.002809	3.043352
3932	0	-279.5657	0	-279.5657	0.07167337	0.6652747	0.1754174	9.670916	-6.47629
3933	1	223.5077	0	223.5077	0.2271821	0.8876277	0.00322524	3.051064	3.037786
3934	0	-279.6814	0	-279.6814	0.1215229	0.7916964	0.1951819	5.70384	-6.401048
3935	1	224.7908	0	224.7908	0.151594	0.8320178	0.002462442	4.572393	3.037786
3936	0	-278.3681	0	-278.3681	0.05791956	0.6047863	0.1192675	11.96741	-6.529603
3937	1	225.2074	0	225.2074	0.1253983	0.7978882	0.001994065	5.527565	3.037113
3938	0	-280.1489	0	-280.1489	0.09191198	0.7297992	0.2135472	7.541424	-6.408471
3939	1	224.2973	0	224.2973	0.1607449	0.8414545	0.00265742	4.312094	3.037113
3940	0	-277.7542	0	-277.7542	0.07673978	0.6837579	0.1532631	9.032436	-6.511383
3941	1	222.1909	0	222.1909	0.1420684	0.8209693	0.002742161	4.878968	3.049304
3942	0	-279.2677	0	-279.2677	0.1194685	0.7882678	0.2044924	5.801924	-6.474859
3943	1	224.2642	0	224.2642	0.2030882	0.8743231	0.002828861	3.413035	3.049304
3944	0	-278.4446	0	-278.4446	0.1067097	0.7643924	0.1846948	6.495635	-6.390292
3945	1	225.1266	0	225.1266	0.1629094	0.8435376	0.002272221	4.254801	3.049304
3946	0	-278.9137	0	-278.9137	0.05984655	0.6143027	0.1307968	11.58207	-6.282923
3947	1	222.4116	0	222.4116	0.2760451	0.907508	0.004118141	2.510993	3.047558
3948	0	-277.9093	0	-277.9093	0.06357191	0.6316731	0.1445902	10.90336	-6.449819
3949	1	223.4289	0	223.4289	0.2414457	0.89426	0.003573011	2.87082	3.047558
3950	0	-278.7666	0	-278.7666	0.1150951	0.7806073	0.2088985	6.022387	-6.449029
3951	1	224.9859	0	224.9859	0.1827521	0.8603979	0.002582188	3.792827	3.047558
3952	0	-278.4026	0	-278.4026	0.05795234	0.6049513	0.1403862	11.96064	-6.411293
3953	1	225.1361	0	225.1361	0.1762233	0.8552588	0.002500985	3.933345	3.047558
3954	0	-281.9548	0	-281.9548	0.1564257	0.8371322	0.2768239	4.43116	-6.337529
3955	1	223.6493	0	223.6493	0.1988631	0.8716611	0.003293603	3.485549	3.047558
3956	0	-280.2389	0	-280.2389	0.1253037	0.7977412	0.2498239	5.531736	-6.373355
3957	1	224.0935	0	224.0935	0.2192651	0.8835761	0.003120007	3.161229	3.047558
3958	0	-280.3494	0	-280.3494	0.1186482	0.7868692	0.237588	5.842037	-6.521274
3959	1	225.4274	0	225.4274	0.141014	0.8196599	0.002255811	4.915449	3.047558
3960	0	-278.3734	0	-278.3734	0.1042451	0.7592021	0.1957432	6.649206	-6.378414
3961	1	224.6383	0	224.6383	0.1632587	0.8438687	0.002116593	4.245697	3.047558
3962	0	-282.5772	0	-282.5772	0.09891129	0.7472281	0.2283212	7.007766	-6.247724
3963	1	225.442	0	225.442	0.114148	0.7788801	0.001651641	6.072355	3.047558
3964	0	-279.0926	0	-279.0926	0.04880074	0.5541748	0.1178086	14.20362	-6.556706
3965	1	224.5897	0	224.5897	0.1707811	0.8506821	0.002222314	4.058688	3.047558
3966	0	-280.1493	0	-280.1493	0.1137289	0.7781078	0.1765273	6.094732	-6.490219
3967	1	225.4663	0	225.4663	0.1584649	0.8392012	0.002384757	4.374136	3.047558
3968	0	-286.2798	0	-286.2798	0.1523626	0.8328521	0.371223	4.549327	-6.447058
3969	1	225.6871	0	225.6871	0.1239438	0.7956052	0.001936526	5.592433	3.047558
3970	0	-278.731	0	-278.731	0.1062148	0.7633666	0.1826138	6.525903	-6.359218
3971	1	225.5409	0	225.5409	0.1562081	0.8369084	0.002295856	4.437333	3.047558
3972	0	-279.7944	0	-279.7944	0.1251279	0.7974674	0.2384263	5.539511	-6.474038
3973	1	222.3679	0	222.3679	0.0936998	0.7344511	0.001220427	7.397531	3.047558
3974	0	-279.4963	0	-279.4963	0.123861	0.7954739	0.2336465	5.596169	-6.395612
3975	1	224.9816	0	224.9816	0.1030775	0.7566699	0.001490107	6.724524	3.047388
3976	0	-280.6038	0	-280.6038	0.106449	0.7638532	0.2338586	6.51154	-6.506883
3977	1	224.805	0	224.805	0.1893287	0.8652233	0.002839877	3.661079	3.047388
3978	0	-278.8071	0	-278.8071	0.1072244	0.7654506	0.211143	6.464456	-6.384747
3979	1	224.4429	0	224.4429	0.1456114	0.8252383	0.00251614	4.760254	3.047617
3980	0	-278.0794	0	-278.0794	0.08881021	0.7213771	0.182362	7.804815	-6.469636
3981	1	224.023	0	224.023	0.1646695	0.8451925	0.002055295	4.209322	3.047617
3982	0	-282.1943	0	-282.1943	0.1223165	0.7929931	0.2573827	5.666832	-6.277806
3983	1	223.8917	0	223.8917	0.1313431	0.8067388	0.002388044	5.277378	3.047617
3984	0	-280.6379	0	-280.6379	0.1314171	0.8068443	0.2076981	5.274408	-6.370421
3985	1	225.4986	0	225.4986	0.1264178	0.7994599	0.001778617	5.482987	3.047617
3986	0	-278.2941	0	-278.2941	0.05966978	0.6134453	0.1164842	11.61639	-6.495686
3987	1	225.383	0	225.383	0.1503631	0.8306649	0.002072238	4.609822	3.047617
3988	0	-279.7169	0	-279.7169	0.1051855	0.7612069	0.212283	6.58976	-6.313827
3989	1	224.7539	0	224.7539	0.1865845	0.8632504	0.002857632	3.714924	3.047617
3990	0	-279.3398	0	-279.3398	0.1118464	0.7745761	0.2086892	6.197316	-6.520492
3991	1	224.9373	0	224.9373	0.1761344	0.8551862	0.002730771	3.93533	3.047617
3992	0	-280.0744	0	-280.0744	0.07590637	0.6808384	0.1740829	9.131607	-6.270283
3993	1	223.2954	0	223.2954	0.1610599	0.841761	0.001926558	4.303661	3.042478
3994	0	-278.4836	0	-278.4836	0.09617994	0.7406725	0.1914911	7.206775	-6.501036
3995	1	222.1298	0	222.1298	0.2096775	0.8782629	0.00363494	3.305778	3.036647
3996	0	-278.728	0	-278.728	0.0664132	0.6440736	0.1566137	10.43689	-6.507228
3997	1	223.986	0	223.986	0.1990816	0.8718015	0.002994679	3.481723	3.036647
3998	0	-278.824	0	-278.824	0.0484811	0.5522166	0.1071523	14.29727	-6.498674
3999	1	223.6525	0	223.6525	0.159558	0.8402892	0.00275617	4.344172	3.036647
4000	0	-278.2929	0	-278.2929	0.05043019	0.5639509	0.1209541	13.74469	-6.426554
4001	1	222.5375	0	222.5375	0.254717	0.8997661	0.003699124	2.721244	3.036647
4002	0	-278.7926	0	-278.7926	0.0630971	0.6295313	0.1131303	10.9854	-6.457976
4003	1	220.8222	0	220.8222	0.2678807	0.9046898	0.004526834	2.587522	3.036647
4004	0	-277.8254	0	-277.8254	0.09530173	0.7384996	0.1693641	7.273185	-6.405647
4005	1	221.3115	0	221.3115	0.2694203	0.9052343	0.004386407	2.572736	3.036647
4006	0	-284.1982	0	-284.1982	0.1340137	0.8104798	0.1852442	5.17221	-6.332382
4007	1	222.6499	0	222.6499	0.2404137	0.8938064	0.003728159	2.883144	3.036647
4008	0	-279.0071	0	-279.0071	0.115848	0.7819625	0.2010309	5.983249	-6.37508
4009	1	223.8674	0	223.8674	0.2174525	0.8826072	0.003136145	3.187579	3.038345
4010	0	-279.474	0	-279.474	0.1264562	0.7995187	0.227915	5.481321	-6.395403
4011	1	224.2745	0	224.2745	0.2082773	0.8774463	0.003102992	3.328002	3.048072
4012	0	-278.2969	0	-278.2969	0.07696268	0.6845311	0.1500584	9.006276	-6.553658
4013	1	224.0617	0	224.0617	0.09163071	0.7290542	0.001672483	7.564573	3.048072
4014	0	-279.111	0	-279.111	0.0763206	0.6822952	0.1279748	9.082045	-6.518183
4015	1	225.086	0	225.086	0.1464169	0.8261818	0.001957961	4.734064	3.048072
4016	0	-277.505	0	-277.505	0.08842833	0.7203082	0.1677739	7.838519	-6.426033
4017	1	224.8385	0	224.8385	0.1853804	0.8623667	0.002717669	3.739052	3.048675
4018	0	-278.6012	0	-278.6012	0.07734557	0.6858516	0.1575285	8.961692	-6.566664
4019	1	223.0157	0	223.0157	0.1928644	0.8676839	0.003234417	3.59396	3.035814
4020	0	-277.9283	0	-277.9283	0.07200896	0.6665551	0.1450876	9.625846	-6.530537
4021	1	223.9957	0	223.9957	0.1602097	0.8409311	0.002671539	4.3265	3.035814
4022	0	-278.1836	0	-278.1836	0.09515262	0.7381274	0.1621121	7.284583	-6.385748
4023	1	224.5999	0	224.5999	0.167499	0.8477822	0.002525447	4.138217	3.035814
4024	0	-277.6343	0	-277.6343	0.0795949	0.6934215	0.1562551	8.708438	-6.364165
4025	1	224.5973	0	224.5973	0.165929	0.8463558	0.002529376	4.177373	3.035814
4026	0	-280.7531	0	-280.7531	0.1068399	0.7646609	0.1581115	6.487719	-6.371765
4027	1	225.6105	0	225.6105	0.146189	0.8259158	0.002126936	4.741445	3.040241
4028	0	-282.6916	0	-282.6916	0.1766569	0.8556115	0.3137943	3.923693	-6.375748
4029	1	224.3238	0	224.3238	0.1964696	0.8701028	0.003067427	3.528012	3.040241
4030	0	-279.4997	0	-279.4997	0.1169297	0.7838826	0.2300967	5.927898	-6.473313
4031	1	224.4116	0	224.4116	0.2006337	0.8727901	0.002940066	3.454789	3.039196
4032	0	-279.533	0	-279.533	0.08463842	0.7092963	0.1848357	8.18951	-6.297408
4033	1	224.8066	0	224.8066	0.1843983	0.8616374	0.002631026	3.758968	3.039196
4034	0	-279.1927	0	-279.1927	0.08598658	0.7132992	0.1796374	8.061109	-6.565805
4035	1	224.2996	0	224.2996	0.2053614	0.8757105	0.002933409	3.375256	3.039196
4036	0	-278.7989	0	-278.7989	0.09632201	0.741021	0.1544669	7.196145	-6.445809
4037	1	224.1304	0	224.1304	0.1910377	0.8664238	0.003059656	3.628326	3.039196
4038	0	-277.5915	0	-277.5915	0.0731665	0.6709088	0.152404	9.473559	-6.383629
4039	1	223.9887	0	223.9887	0.192553	0.8674707	0.002499757	3.599773	3.039196
4040	0	-279.8381	0	-279.8381	0.1254965	0.7980407	0.2442026	5.523237	-6.448365
4041	1	223.1014	0	223.1014	0.2415082	0.8942873	0.00324049	2.870077	3.039196
4042	0	-278.2938	0	-278.2938	0.06357872	0.6317037	0.1169413	10.90219	-6.430154
4043	1	219.4385	0	219.4385	0.3169551	0.9194449	0.004508011	2.186894	3.031671
4044	0	-279.9502	0	-279.9502	0.08256872	0.7029581	0.1927665	8.394792	-6.524274
4045	1	221.8521	0	221.8521	0.2314569	0.8897008	0.003476781	2.994714	3.031671
4046	0	-278.4426	0	-278.4426	0.1037649	0.7581665	0.1833282	6.679977	-6.365105
4047	1	223.2098	0	223.2098	0.1772496	0.8560911	0.002475557	3.910571	3.031671
4048	0	-278.2062	0	-278.2062	0.06760114	0.6490543	0.1483056	10.25348	-6.33648
4049	1	225.6432	0	225.6432	0.1362993	0.8135735	0.002135117	5.085478	3.047217
4050	0	-279.7882	0	-279.7882	0.06386552	0.6329874	0.1161576	10.85323	-6.290559
4051	1	224.5236	0	224.5236	0.1134368	0.7775666	0.001833965	6.110426	3.033694
4052	0	-280.4191	0	-280.4191	0.07046561	0.6605973	0.1269141	9.836673	-6.621801
4053	1	224.5853	0	224.5853	0.1371436	0.8146922	0.002135529	5.054169	3.033694
4054	0	-278.0452	0	-278.0452	0.06835141	0.6521405	0.1309305	10.14093	-6.34125
4055	1	223.8636	0	223.8636	0.1474526	0.8273803	0.002464683	4.700814	3.033694
4056	0	-279.9116	0	-279.9116	0.05809641	0.6056755	0.1492831	11.93098	-6.312739
4057	1	223.9407	0	223.9407	0.1771079	0.8559768	0.002613689	3.913699	3.033694
4058	0	-278.9206	0	-278.9206	0.07507978	0.6778969	0.1266595	9.232142	-6.504767
4059	1	221.967	0	221.967	0.218693	0.883272	0.00362507	3.169498	3.033694
4060	0	-278.801	0	-278.801	0.0780657	0.6883098	0.128219	8.879023	-6.415287
4061	1	223.9071	0	223.9071	0.168588	0.8487565	0.002327123	4.111486	3.033694
4062	0	-278.2316	0	-278.2316	0.07863722	0.6902372	0.1358889	8.814493	-6.371468
4063	1	223.8824	0	223.8824	0.1441644	0.8235187	0.001927021	4.808034	3.033694
4064	0	-278.3093	0	-278.3093	0.07311089	0.6707018	0.12771	9.480766	-6.483327
4065	1	224.8849	0	224.8849	0.1445409	0.8239693	0.002039745	4.795508	3.052512
4066	0	-277.9287	0	-277.9287	0.05780546	0.6042109	0.1176114	11.99103	-6.437828
4067	1	222.263	0	222.263	0.1991371	0.871837	0.003258022	3.480754	3.056308
4068	0	-278.1492	0	-278.1492	0.09109346	0.7276209	0.1831567	7.609187	-6.488272
4069	1	223.6329	0	223.6329	0.1702366	0.8502085	0.002553135	4.071669	3.056308
4070	0	-279.1883	0	-279.1883	0.105447	0.7617591	0.1664562	6.573417	-6.430184
4071	1	222.5618	0	222.5618	0.1983664	0.8713407	0.002682833	3.494277	3.056308
4072	0	-281.8725	0	-281.8725	0.08603063	0.7134284	0.1667161	8.056982	-6.680501
4073	1	221.2516	0	221.2516	0.1954796	0.8694473	0.00264322	3.54588	3.028321
4074	0	-280.4121	0	-280.4121	0.0819232	0.700932	0.1704901	8.460939	-6.634679
4075	1	223.2395	0	223.2395	0.120106	0.789343	0.001872105	5.771127	3.028321
4076	0	-281.613	0	-281.613	0.1543802	0.8350045	0.2661022	4.489871	-6.488238
4077	1	222.4144	0	222.4144	0.1291614	0.8035772	0.001764158	5.36652	3.028321
4078	0	-282.2105	0	-282.2105	0.1644411	0.8449796	0.2839324	4.21517	-6.35421
4079	1	223.1003	0	223.1003	0.134376	0.8109766	0.002112904	5.158266	3.028321
4080	0	-278.5108	0	-278.5108	0.1076171	0.7662523	0.2063806	6.440862	-6.439004
4081	1	222.1637	0	222.1637	0.1762568	0.8552861	0.002525573	3.932598	3.028321
4082	0	-277.7035	0	-277.7035	0.06097095	0.6196846	0.1268989	11.36848	-6.388683
4083	1	222.8786	0	222.8786	0.1365216	0.8138692	0.002229265	5.077199	3.028321
4084	0	-278.5398	0	-278.5398	0.05446785	0.586762	0.1316293	12.7258	-6.509302
4085	1	223.3302	0	223.3302	0.1477498	0.8277214	0.002208688	4.691358	3.029518
4086	0	-277.8717	0	-277.8717	0.05742099	0.602262	0.1191826	12.07132	-6.415549
4087	1	223.3567	0	223.3567	0.1452909	0.8248602	0.00215183	4.770756	3.029518
4088	0	-279.6843	0	-279.6843	0.07689174	0.6842854	0.1216054	9.014586	-6.435819
4089	1	224.5443	0	224.5443	0.19239	0.8673589	0.002671825	3.602823	3.049058
4090	0	-278.8669	0	-278.8669	0.06475775	0.6369342	0.1138222	10.70369	-6.435819
4091	1	225.4353	0	225.4353	0.1536282	0.8342086	0.002261864	4.511849	3.049058
4092	0	-280.9995	0	-280.9995	0.08734831	0.7172455	0.1341099	7.935439	-6.308892
4093	1	225.4902	0	225.4902	0.1489006	0.8290297	0.002166779	4.655099	3.049058
4094	0	-280.9797	0	-280.9797	0.1500597	0.8303282	0.2638474	4.619143	-6.388548
4095	1	224.6313	0	224.6313	0.1583563	0.8390922	0.002070214	4.377136	3.049058
4096	0	-278.8921	0	-278.8921	0.1071878	0.7653757	0.2116762	6.466661	-6.476336
4097	1	225.1685	0	225.1685	0.1054196	0.7617013	0.001668468	6.575126	3.038307
4098	0	-279.648	0	-279.648	0.07693607	0.684439	0.1604597	9.009391	-6.614239
4099	1	225.0797	0	225.0797	0.1665521	0.846925	0.002410901	4.161744	3.038307
4100	0	-279.1007	0	-279.1007	0.07244769	0.6682166	0.1732213	9.567554	-6.450622
4101	1	225.1595	0	225.1595	0.1581328	0.8388677	0.002413536	4.383323	3.038307
4102	0	-282.1171	0	-282.1171	0.09306662	0.73282	0.2178428	7.44786	-6.257855
4103	1	224.362	0	224.362	0.1978215	0.8709875	0.002901603	3.503901	3.038307
4104	0	-280.1016	0	-280.1016	0.09122826	0.7279818	0.2121638	7.597944	-6.443592
4105	1	225.4209	0	225.4209	0.1420474	0.8209433	0.002064034	4.87969	3.038307
4106	0	-278.8566	0	-278.8566	0.1023019	0.7549609	0.2037081	6.775507	-6.499614
4107	1	223.2568	0	223.2568	0.1255946	0.7981926	0.002272051	5.518927	3.054598
4108	0	-281.261	0	-281.261	0.1388474	0.8169109	0.2479336	4.99215	-6.530239
4109	1	219.167	0	219.167	0.1307654	0.8059111	0.002787313	5.300691	3.054598
4110	0	-283.1755	0	-283.1755	0.1430777	0.8222057	0.2116191	4.844551	-6.520483
4111	1	224.4401	0	224.4401	0.1519364	0.8323906	0.002323276	4.562087	3.033794
4112	0	-277.7202	0	-277.7202	0.09364617	0.7343137	0.1783015	7.401768	-6.437584
4113	1	224.4864	0	224.4864	0.2088996	0.8778106	0.002934343	3.318087	3.045132
4114	0	-277.4915	0	-277.4915	0.07753744	0.6865098	0.1569371	8.939516	-6.468237
4115	1	220.7788	0	220.7788	0.1611501	0.8418486	0.003022894	4.301251	3.057918
4116	0	-277.813	0	-277.813	0.05944129	0.6123325	0.1259088	11.66104	-6.379692
4117	1	223.8996	0	223.8996	0.1190235	0.7875112	0.001803685	5.823615	3.057918
4118	0	-278.7886	0	-278.7886	0.05293211	0.5783146	0.1120424	13.09502	-6.534313
4119	1	223.4258	0	223.4258	0.1392577	0.8174375	0.001822876	4.977444	3.03311
4120	0	-278.4015	0	-278.4015	0.08306337	0.7044946	0.1585594	8.3448	-6.55152
4121	1	224.0671	0	224.0671	0.1504585	0.8307705	0.002089233	4.606899	3.03311
4122	0	-277.6487	0	-277.6487	0.08306337	0.7044946	0.1654982	8.3448	-6.380902
4123	1	223.7209	0	223.7209	0.1631061	0.8437242	0.002629273	4.24967	3.03311
4124	0	-277.7645	0	-277.7645	0.0584175	0.6072816	0.1303109	11.8654	-6.448479
4125	1	224.7782	0	224.7782	0.1712266	0.8510674	0.002235331	4.048127	3.044539
4126	0	-277.3044	0	-277.3044	0.07804435	0.6882374	0.1507025	8.881452	-6.435736
4127	1	223.8843	0	223.8843	0.1294766	0.80404	0.001949653	5.353457	3.057903
4128	0	-279.219	0	-279.219	0.07646869	0.6828133	0.1536477	9.064457	-6.260474
4129	1	225.2959	0	225.2959	0.1441573	0.8235101	0.002190926	4.808271	3.05083
4130	0	-278.7468	0	-278.7468	0.08201734	0.701229	0.134804	8.451227	-6.4777
4131	1	224.4352	0	224.4352	0.1383522	0.8162713	0.00181159	5.010018	3.05083
4132	0	-279.0846	0	-279.0846	0.106346	0.7636394	0.2178107	6.51785	-6.403096
4133	1	222.5149	0	222.5149	0.1058004	0.7625014	0.002084357	6.551463	3.05083
4134	0	-277.541	0	-277.541	0.06706229	0.6468095	0.1406208	10.33587	-6.388471
4135	1	225.2093	0	225.2093	0.1221141	0.7926639	0.001786903	5.676225	3.036959
4136	0	-278.2027	0	-278.2027	0.09828549	0.7457526	0.165817	7.052386	-6.417965
4137	1	224.0369	0	224.0369	0.1885034	0.8646359	0.002971062	3.677108	3.036959
4138	0	-280.1864	0	-280.1864	0.09562866	0.7393123	0.1432795	7.248321	-6.397639
4139	1	223.8279	0	223.8279	0.2005836	0.8727584	0.002664213	3.455653	3.050493
4140	0	-277.9458	0	-277.9458	0.05890392	0.6096946	0.1210108	11.76742	-6.379196
4141	1	223.5545	0	223.5545	0.2297448	0.8888797	0.00330976	3.017031	3.03848
4142	0	-280.0193	0	-280.0193	0.0480096	0.5493033	0.130551	14.43768	-6.559571
4143	1	222.3375	0	222.3375	0.2577776	0.9009557	0.00331177	2.688934	3.039832
4144	0	-278.1187	0	-278.1187	0.1008332	0.7516646	0.1820085	6.874196	-6.382779
4145	1	224.7321	0	224.7321	0.1977048	0.8709116	0.00293123	3.50597	3.045712
4146	0	-280.4643	0	-280.4643	0.08674525	0.7155097	0.1540945	7.990607	-6.235898
4147	1	224.9686	0	224.9686	0.1235499	0.7949788	0.002122795	5.610259	3.042018
4148	0	-282.1321	0	-282.1321	0.07513193	0.6780839	0.1548714	9.225733	-6.705937
4149	1	224.6564	0	224.6564	0.2011131	0.8730924	0.002853377	3.446554	3.042018
4150	0	-277.5019	0	-277.5019	0.08060564	0.6967215	0.1569983	8.599239	-6.478543
4151	1	223.2014	0	223.2014	0.242141	0.8945634	0.003547996	2.862577	3.03857
4152	0	-278.659	0	-278.659	0.06491779	0.6376347	0.1562927	10.67731	-6.422759
4153	1	223.8639	0	223.8639	0.2171959	0.8824688	0.003036309	3.191345	3.03857
4154	0	-277.9207	0	-277.9207	0.0638958	0.6331225	0.1308264	10.84809	-6.52016
4155	1	224.2666	0	224.2666	0.1631266	0.8437436	0.002732414	4.249136	3.03857
4156	0	-279.5729	0	-279.5729	0.05838768	0.6071329	0.1089632	11.87146	-6.541456
4157	1	224.56	0	224.56	0.1795798	0.8579465	0.002811836	3.859829	3.03857
4158	0	-277.432	0	-277.432	0.07504996	0.6777899	0.151705	9.235811	-6.394915
4159	1	225.2004	0	225.2004	0.161415	0.8421052	0.002407187	4.294193	3.03857
4160	0	-277.862	0	-277.862	0.06454986	0.6360209	0.1432192	10.73817	-6.48577
4161	1	224.7352	0	224.7352	0.1547713	0.8354154	0.002535383	4.478526	3.03857
4162	0	-278.4744	0	-278.4744	0.06857187	0.6530387	0.1603657	10.10833	-6.455231
4163	1	224.2211	0	224.2211	0.1899584	0.8656681	0.002529122	3.648943	3.03857
4164	0	-277.389	0	-277.389	0.08010022	0.695079	0.1585203	8.653499	-6.445331
4165	1	224.6176	0	224.6176	0.1891311	0.8650831	0.002706235	3.664904	3.03857
4166	0	-278.7041	0	-278.7041	0.08012676	0.6951656	0.1802968	8.650633	-6.389903
4167	1	225.2344	0	225.2344	0.1598355	0.8405631	0.002376378	4.336629	3.03857
4168	0	-281.7567	0	-281.7567	0.1442728	0.8236486	0.2234538	4.804422	-6.361559
4169	1	224.5221	0	224.5221	0.09241033	0.7311104	0.001575319	7.500754	3.038648
4170	0	-278.0719	0	-278.0719	0.08487643	0.71001	0.1464692	8.166545	-6.37542
4171	1	224.7758	0	224.7758	0.1015191	0.7532139	0.001475097	6.827753	3.049379
4172	0	-277.5546	0	-277.5546	0.07950031	0.6931095	0.1630523	8.718798	-6.412757
4173	1	225.4491	0	225.4491	0.1125759	0.7759571	0.001730864	6.157153	3.049379
4174	0	-277.7064	0	-277.7064	0.07289368	0.6698913	0.1572209	9.509016	-6.419326
4175	1	225.4759	0	225.4759	0.1233804	0.794708	0.001734728	5.617966	3.047195
4176	0	-277.4159	0	-277.4159	0.08193954	0.7009836	0.1545696	8.459251	-6.400212
4177	1	224.7958	0	224.7958	0.1332643	0.8094439	0.002290335	5.201297	3.047195
4178	0	-277.8106	0	-277.8106	0.09639834	0.7412079	0.1722312	7.190447	-6.436
4179	1	225.5811	0	225.5811	0.1536253	0.8342054	0.002207071	4.511935	3.047195
4180	0	-278.8146	0	-278.8146	0.05304495	0.5789447	0.1300723	13.06717	-6.340901
4181	1	222.7609	0	222.7609	0.2541292	0.8995344	0.003965774	2.727539	3.047195
4182	0	-277.7956	0	-277.7956	0.07526907	0.6785746	0.1558122	9.208925	-6.504369
4183	1	221.5679	0	221.5679	0.2747012	0.9070557	0.003432655	2.523276	3.047788
4184	0	-280.2295	0	-280.2295	0.08007917	0.6950103	0.1829983	8.655774	-6.58486
4185	1	221.5968	0	221.5968	0.1773837	0.8561992	0.003376878	3.907615	3.041317
4186	0	-282.0693	0	-282.0693	0.08505756	0.7105512	0.2143294	8.149154	-6.537695
4187	1	225.0032	0	225.0032	0.1595277	0.8402593	0.00258208	4.344994	3.041317
4188	0	-278.5711	0	-278.5711	0.06250945	0.6268519	0.1382158	11.08868	-6.305625
4189	1	224.1485	0	224.1485	0.1903415	0.8659373	0.003100105	3.641598	3.041317
4190	0	-281.0278	0	-281.0278	0.04299333	0.5163842	0.1239302	16.1222	-6.608938
4191	1	223.7624	0	223.7624	0.1801213	0.8583709	0.003076882	3.848225	3.041317
4192	0	-278.1313	0	-278.1313	0.07374706	0.6730562	0.1347911	9.398981	-6.34324
4193	1	224.6639	0	224.6639	0.196448	0.8700886	0.002940861	3.5284	3.041317
4194	0	-278.1039	0	-278.1039	0.05701888	0.600207	0.1315883	12.15645	-6.378375
4195	1	224.5427	0	224.5427	0.1566427	0.8373549	0.002003574	4.425021	3.041317
4196	0	-277.9824	0	-277.9824	0.05414798	0.585025	0.1226951	12.80098	-6.411924
4197	1	225.0972	0	225.0972	0.1435846	0.8228205	0.00237512	4.827448	3.041317
4198	0	-279.3036	0	-279.3036	0.08021838	0.6954644	0.1721571	8.640753	-6.28302
4199	1	224.4479	0	224.4479	0.1859961	0.86282	0.00298062	3.726675	3.041317
4200	0	-278.1443	0	-278.1443	0.07770115	0.6870695	0.1706702	8.920681	-6.409121
4201	1	225.1032	0	225.1032	0.1587278	0.8394641	0.002547523	4.366893	3.041317
4202	0	-277.722	0	-277.722	0.0711195	0.6631432	0.1543432	9.746233	-6.409121
4203	1	225.395	0	225.395	0.1508087	0.8311572	0.002381528	4.5962	3.041317
4204	0	-278.0812	0	-278.0812	0.0953471	0.7386127	0.1759671	7.269724	-6.495913
4205	1	224.5751	0	224.5751	0.1380767	0.8159136	0.002278342	5.020014	3.035706
4206	0	-279.0767	0	-279.0767	0.06452161	0.6358964	0.1464401	10.74287	-6.580911
4207	1	222.8273	0	222.8273	0.1397162	0.8180228	0.002592071	4.961109	3.052152
4208	0	-278.5676	0	-278.5676	0.05233679	0.5749657	0.1310215	13.24398	-6.428557
4209	1	224.8295	0	224.8295	0.1451953	0.8247472	0.002074843	4.773894	3.035341
4210	0	-285.6503	0	-285.6503	0.2314202	0.8896833	0.4076422	2.995189	-6.356114
4211	1	224.5945	0	224.5945	0.1340717	0.8105594	0.00220779	5.169975	3.035341
4212	0	-280.86	0	-280.86	0.1457601	0.8254133	0.2420576	4.755396	-6.452513
4213	1	224.8334	0	224.8334	0.1404625	0.8189677	0.002210244	4.934748	3.035341
4214	0	-278.3772	0	-278.3772	0.1076459	0.7663108	0.2015461	6.439143	-6.433098
4215	1	224.1854	0	224.1854	0.2019296	0.8736041	0.002886177	3.432617	3.050439
4216	0	-277.8946	0	-277.8946	0.0810021	0.6979992	0.1691924	8.557151	-6.480063
4217	1	224.7004	0	224.7004	0.1754313	0.8546099	0.002690517	3.951104	3.050439
4218	0	-277.7631	0	-277.7631	0.07606077	0.6813827	0.1603605	9.113071	-6.480063
4219	1	225.3193	0	225.3193	0.1490343	0.8291805	0.002185526	4.650923	3.050439
4220	0	-278.0228	0	-278.0228	0.07948418	0.6930562	0.1658985	8.720568	-6.505918
4221	1	225.0399	0	225.0399	0.1655493	0.8460069	0.002399188	4.186953	3.050439
4222	0	-277.8749	0	-277.8749	0.06407467	0.6339189	0.1444571	10.8178	-6.462575
4223	1	224.8372	0	224.8372	0.1667384	0.8470945	0.002588346	4.157093	3.050439
4224	0	-279.0572	0	-279.0572	0.05238889	0.5752605	0.1039664	13.2308	-6.444416
4225	1	223.9759	0	223.9759	0.2040945	0.8749411	0.003114953	3.396207	3.050439
4226	0	-278.8631	0	-278.8631	0.09055638	0.7261746	0.1782673	7.654316	-6.301342
4227	1	223.6503	0	223.6503	0.1718444	0.8515984	0.002938471	4.033576	3.050439
4228	0	-277.5858	0	-277.5858	0.0753359	0.6788132	0.1522121	9.200756	-6.492023
4229	1	222.6541	0	222.6541	0.1881964	0.8644161	0.002232331	3.683105	3.040527
4230	0	-277.6636	0	-277.6636	0.07210022	0.6669019	0.1346028	9.613663	-6.382289
4231	1	223.6393	0	223.6393	0.2219986	0.8850074	0.002930959	3.122305	3.040527
4232	0	-278.4771	0	-278.4771	0.07601959	0.6812377	0.1287681	9.118007	-6.395314
4233	1	224.9788	0	224.9788	0.166779	0.8471313	0.002642985	4.156082	3.040527
4234	0	-281.4735	0	-281.4735	0.05785508	0.6044613	0.1530893	11.98075	-6.238206
4235	1	223.8382	0	223.8382	0.1342979	0.8108697	0.002437553	5.161265	3.040527
4236	0	-279.2716	0	-279.2716	0.1197439	0.7887336	0.1977968	5.788578	-6.43124
4237	1	225.2129	0	225.2129	0.1030164	0.756536	0.001553861	6.728514	3.040527
4238	0	-282.2273	0	-282.2273	0.1708267	0.8507216	0.2925288	4.057605	-6.443748
4239	1	225.1714	0	225.1714	0.1692456	0.849339	0.002376612	4.09551	3.048259
4240	0	-278.9882	0	-278.9882	0.1034866	0.7575626	0.2086411	6.697942	-6.360331
4241	1	222.8118	0	222.8118	0.131604	0.8071104	0.002483806	5.266917	3.037297
4242	0	-280.7099	0	-280.7099	0.08509981	0.7106771	0.1752358	8.145109	-6.64048
4243	1	225.2384	0	225.2384	0.147774	0.8277491	0.002195241	4.690589	3.037297
4244	0	-286.6185	0	-286.6185	0.1785356	0.8571209	0.4094646	3.882403	-6.48967
4245	1	225.2602	0	225.2602	0.1730142	0.8525939	0.002467853	4.006303	3.046941
4246	0	-279.2986	0	-279.2986	0.09221474	0.7305971	0.2036393	7.516664	-6.473968
4247	1	220.4357	0	220.4357	0.1675952	0.8478688	0.003369084	4.135842	3.046941
4248	0	-277.4042	0	-277.4042	0.07498247	0.6775476	0.1403335	9.244122	-6.421856
4249	1	225.4298	0	225.4298	0.1199576	0.7890936	0.001688461	5.778267	3.046941
4250	0	-277.9226	0	-277.9226	0.07362169	0.6725945	0.1327248	9.414986	-6.377445
4251	1	220.8923	0	220.8923	0.100926	0.7518753	0.001764591	6.867874	3.022585
4252	0	-279.6695	0	-279.6695	0.0485711	0.5527694	0.1043976	14.27077	-6.559526
4253	1	224.1511	0	224.1511	0.116928	0.7838797	0.001505664	5.927983	3.045396
4254	0	-279.3497	0	-279.3497	0.04303513	0.5166738	0.1163917	16.10654	-6.377573
4255	1	224.3062	0	224.3062	0.1822679	0.8600291	0.002329147	3.802903	3.045332
4256	0	-278.3011	0	-278.3011	0.08215528	0.7016632	0.1379839	8.437038	-6.398537
4257	1	224.953	0	224.953	0.171243	0.8510815	0.002729583	4.04774	3.045332
4258	0	-281.4502	0	-281.4502	0.1516739	0.832105	0.289981	4.569983	-6.449379
4259	1	224.0135	0	224.0135	0.208281	0.8774485	0.003304136	3.327942	3.045332
4260	0	-279.4892	0	-279.4892	0.1231545	0.794346	0.2150631	5.628275	-6.366801
4261	1	222.3452	0	222.3452	0.2186309	0.8832389	0.003756594	3.170399	3.039077
4262	0	-279.1595	0	-279.1595	0.1096163	0.7702562	0.1999423	6.323395	-6.330315
4263	1	223.3402	0	223.3402	0.20761	0.8770534	0.003413923	3.338698	3.039077
4264	0	-277.5852	0	-277.5852	0.07107031	0.6629528	0.1493209	9.752979	-6.47774
4265	1	224.722	0	224.722	0.1681356	0.8483533	0.002689871	4.122549	3.039077
4266	0	-278.7156	0	-278.7156	0.0728229	0.6696265	0.1273837	9.518259	-6.522625
4267	1	223.9806	0	223.9806	0.1952294	0.8692806	0.002548756	3.550425	3.039077
4268	0	-278.9202	0	-278.9202	0.106678	0.7643271	0.2033441	6.497562	-6.344696
4269	1	223.3815	0	223.3815	0.09673818	0.742037	0.001309651	7.165188	3.039077
4270	0	-282.1505	0	-282.1505	0.1237523	0.7953011	0.2596558	5.601086	-6.564953
4271	1	225.1257	0	225.1257	0.1727468	0.8523675	0.002660665	4.012504	3.041656
4272	0	-278.4651	0	-278.4651	0.101324	0.7527751	0.1680352	6.840895	-6.410726
4273	1	225.0681	0	225.0681	0.1821829	0.8599642	0.002574365	3.804677	3.041656
4274	0	-278.2806	0	-278.2806	0.08020267	0.6954132	0.1365408	8.642445	-6.382172
4275	1	224.3317	0	224.3317	0.2056921	0.8759098	0.003145413	3.369829	3.041656
4276	0	-278.2339	0	-278.2339	0.07929149	0.6924188	0.138226	8.74176	-6.358377
4277	1	222.3187	0	222.3187	0.2848358	0.910362	0.003942859	2.433498	3.041656
4278	0	-277.8778	0	-277.8778	0.06045179	0.617215	0.1380912	11.46612	-6.426988
4279	1	222.8441	0	222.8441	0.2548645	0.8998241	0.00348783	2.71967	3.03911
4280	0	-278.5915	0	-278.5915	0.06682725	0.6458229	0.1322218	10.37222	-6.569259
4281	1	222.6575	0	222.6575	0.2421187	0.8945537	0.003880131	2.862841	3.03911
4282	0	-277.6775	0	-277.6775	0.08856577	0.7206937	0.1681158	7.826355	-6.380651
4283	1	222.727	0	222.727	0.2443281	0.8955066	0.003880131	2.836953	3.048752
4284	0	-277.9225	0	-277.9225	0.08639057	0.71448	0.1549329	8.023413	-6.359644
4285	1	218.956	0	218.956	0.3208269	0.920417	0.004700167	2.160502	3.057471
4286	0	-277.8215	0	-277.8215	0.0605564	0.6177147	0.1221705	11.44631	-6.474814
4287	1	220.2861	0	220.2861	0.2355897	0.8916338	0.004009184	2.94218	3.057471
4288	0	-278.8759	0	-278.8759	0.08180166	0.7005479	0.1857176	8.47351	-6.422571
4289	1	221.4224	0	221.4224	0.2337214	0.8907684	0.003561602	2.965699	3.057471
4290	0	-279.7481	0	-279.7481	0.05824653	0.6064277	0.1539247	11.90023	-6.442623
4291	1	222.7477	0	222.7477	0.2275936	0.8878306	0.002875771	3.045548	3.049464
4292	0	-277.8385	0	-277.8385	0.05895115	0.6099276	0.1264265	11.75799	-6.490374
4293	1	224.9766	0	224.9766	0.176358	0.8553685	0.002767041	3.930342	3.043511
4294	0	-278.5155	0	-278.5155	0.08263526	0.7031657	0.1797692	8.388031	-6.492009
4295	1	222.7005	0	222.7005	0.1959863	0.8697837	0.003359742	3.536712	3.036457
4296	0	-278.6248	0	-278.6248	0.08921844	0.7225119	0.1925507	7.769102	-6.451342
4297	1	221.9	0	221.9	0.2699643	0.9054252	0.003657334	2.567551	3.036457
4298	0	-277.6002	0	-277.6002	0.0849542	0.7102426	0.1701874	8.159069	-6.442105
4299	1	222.9106	0	222.9106	0.2417744	0.8944037	0.003538944	2.866917	3.036756
4300	0	-278.4637	0	-278.4637	0.08938826	0.7229816	0.1818722	7.754343	-6.338562
4301	1	223.0933	0	223.0933	0.2289531	0.8884959	0.003501989	3.027463	3.036756
4302	0	-278.703	0	-278.703	0.07134875	0.6640283	0.165325	9.714917	-6.368197
4303	1	223.7069	0	223.7069	0.1767567	0.8556925	0.002750089	3.921477	3.054893
4304	0	-279.6172	0	-279.6172	0.09793849	0.7449277	0.2084177	7.077372	-6.330585
4305	1	224.5643	0	224.5643	0.146043	0.825745	0.002160001	4.746186	3.054626
4306	0	-278.3322	0	-278.3322	0.08915815	0.7223448	0.1811833	7.774356	-6.348036
4307	1	225.4963	0	225.4963	0.1476069	0.8275576	0.00234257	4.6959	3.043411
4308	0	-278.7795	0	-278.7795	0.08400254	0.7073742	0.1767759	8.251503	-6.316095
4309	1	225.4001	0	225.4001	0.1376368	0.8153396	0.002248974	5.036061	3.043411
4310	0	-278.3308	0	-278.3308	0.08857802	0.720728	0.1851658	7.825273	-6.375252
4311	1	224.6373	0	224.6373	0.1849679	0.8620613	0.002941296	3.747391	3.043411
4312	0	-278.9412	0	-278.9412	0.1114474	0.7738144	0.2089197	6.219499	-6.360767
4313	1	223.1905	0	223.1905	0.2439638	0.8953507	0.003797124	2.841188	3.043411
4314	0	-277.4502	0	-277.4502	0.08419367	0.7079543	0.1548027	8.232771	-6.413998
4315	1	225.8479	0	225.8479	0.1321905	0.8079409	0.001930905	5.243548	3.043411
4316	0	-279.3925	0	-279.3925	0.1039606	0.7585896	0.2102103	6.667402	-6.521951
4317	1	225.3298	0	225.3298	0.1472434	0.8271396	0.002370868	4.707491	3.046583
4318	0	-277.9304	0	-277.9304	0.05564446	0.5930522	0.1247203	12.45671	-6.398967
4319	1	225.4012	0	225.4012	0.1557048	0.8363884	0.002341936	4.451676	3.048811
4320	0	-278.5344	0	-278.5344	0.1048873	0.7605745	0.2041584	6.608497	-6.390253
4321	1	225.0961	0	225.0961	0.1705214	0.8504566	0.002400249	4.064868	3.048811
4322	0	-279.3901	0	-279.3901	0.103846	0.7583419	0.1629888	6.674762	-6.3859
4323	1	225.0816	0	225.0816	0.1397218	0.8180299	0.00232742	4.960908	3.047198
4324	0	-278.5637	0	-278.5637	0.07709682	0.6849948	0.1737836	8.990607	-6.383612
4325	1	224.9955	0	224.9955	0.1243568	0.7962585	0.001963426	5.573856	3.052955
4326	0	-282.1747	0	-282.1747	0.130891	0.8060916	0.268519	5.295606	-6.554479
4327	1	223.4628	0	223.4628	0.1361276	0.8133444	0.00243871	5.091893	3.052955
4328	0	-278.5548	0	-278.5548	0.1015498	0.753283	0.2046271	6.825685	-6.441744
4329	1	225.0119	0	225.0119	0.1368614	0.8143197	0.002091156	5.064592	3.052955
4330	0	-279.9689	0	-279.9689	0.121042	0.7909031	0.2455638	5.726501	-6.411064
4331	1	224.5741	0	224.5741	0.1660246	0.8464434	0.002412687	4.174967	3.052955
4332	0	-280.5039	0	-280.5039	0.1112762	0.7734859	0.2035093	6.229071	-6.580917
4333	1	223.3869	0	223.3869	0.2019089	0.8735912	0.003170236	3.43297	3.052955
4334	0	-277.5516	0	-277.5516	0.07487322	0.6771546	0.1384295	9.257612	-6.46601
4335	1	223.7782	0	223.7782	0.1627795	0.8434141	0.002730748	4.258196	3.052955
4336	0	-281.7128	0	-281.7128	0.09595869	0.7401282	0.1509059	7.223392	-6.598482
4337	1	224.136	0	224.136	0.1701768	0.8501563	0.002711854	4.073101	3.052955
4338	0	-278.6738	0	-278.6738	0.09044665	0.7258774	0.1652252	7.663603	-6.549567
4339	1	224.4128	0	224.4128	0.1683353	0.8485316	0.002425233	4.117657	3.053407
4340	0	-277.62	0	-277.62	0.06027401	0.6163633	0.1287698	11.49993	-6.416837
4341	1	222.2557	0	222.2557	0.2164904	0.8820864	0.00359549	3.201746	3.053407
4342	0	-277.7757	0	-277.7757	0.08177192	0.7004537	0.1703736	8.476591	-6.450109
4343	1	221.0147	0	221.0147	0.1945551	0.8688292	0.003593626	3.56273	3.053407
4344	0	-278.896	0	-278.896	0.08319952	0.7049152	0.1795239	8.331144	-6.535422
4345	1	224.3446	0	224.3446	0.1463115	0.8260588	0.001980898	4.737476	3.053407
4346	0	-278.7786	0	-278.7786	0.06560702	0.6406261	0.1585648	10.56514	-6.452354
4347	1	222.3972	0	222.3972	0.1658759	0.8463071	0.002763556	4.17871	3.029738
4348	0	-277.8969	0	-277.8969	0.05509758	0.5901478	0.1235091	12.58036	-6.448048
4349	1	222.24	0	222.24	0.1118703	0.7746217	0.002073388	6.195991	3.029738
4350	0	-278.0066	0	-278.0066	0.066827	0.6458218	0.1231202	10.37226	-6.464941
4351	1	223.8401	0	223.8401	0.1067641	0.7645047	0.00173487	6.492324	3.031001
4352	0	-277.6763	0	-277.6763	0.05923557	0.6113261	0.1291576	11.70154	-6.447194
4353	1	221.5186	0	221.5186	0.1208522	0.7905886	0.00233667	5.735493	3.031001
4354	0	-278.3148	0	-278.3148	0.0631221	0.6296446	0.1256895	10.98105	-6.32544
4355	1	224.977	0	224.977	0.1186796	0.786923	0.002039458	5.840492	3.047169
4356	0	-278.8409	0	-278.8409	0.1004794	0.7508586	0.184826	6.898398	-6.533695
4357	1	225.407	0	225.407	0.1655252	0.8459847	0.002434034	4.187562	3.047169
4358	0	-278.6421	0	-278.6421	0.1010797	0.7522235	0.195637	6.857429	-6.347618
4359	1	225.615	0	225.615	0.1217771	0.7921134	0.001943536	5.691934	3.047169
4360	0	-278.3573	0	-278.3573	0.04930545	0.5572395	0.1178194	14.05823	-6.415786
4361	1	225.466	0	225.466	0.1624836	0.843132	0.002375591	4.265952	3.047169
4362	0	-280.5485	0	-280.5485	0.0646738	0.6365658	0.1169588	10.71759	-6.611196
4363	1	224.0453	0	224.0453	0.2118414	0.8795037	0.003275933	3.27201	3.047169
4364	0	-279.1149	0	-279.1149	0.06970051	0.6575771	0.1448565	9.94465	-6.263297
4365	1	224.3703	0	224.3703	0.2098579	0.8783673	0.00305569	3.302936	3.047169
4366	0	-279.2098	0	-279.2098	0.06315276	0.6297834	0.134958	10.97572	-6.261449
4367	1	219.6827	0	219.6827	0.3746116	0.9318429	0.00510229	1.850309	3.047169
4368	0	-278.8842	0	-278.8842	0.09600304	0.7402374	0.2042279	7.220055	-6.404228
4369	1	219.2863	0	219.2863	0.3257298	0.9216148	0.005624436	2.127982	3.047169
4370	0	-278.4619	0	-278.4619	0.09612617	0.7405404	0.1982737	7.210806	-6.415204
4371	1	222.0256	0	222.0256	0.2785513	0.9083401	0.004362172	2.4884	3.047169
4372	0	-277.7458	0	-277.7458	0.06869818	0.6535516	0.1436858	10.08975	-6.35799
4373	1	222.0382	0	222.0382	0.2940886	0.9131819	0.004143515	2.356933	3.047169
4374	0	-278.3569	0	-278.3569	0.05072935	0.5657089	0.1111705	13.66363	-6.457904
4375	1	221.1465	0	221.1465	0.2138644	0.8806412	0.003864701	3.24106	3.051868
4376	0	-279.3863	0	-279.3863	0.07247353	0.6683141	0.1199685	9.564143	-6.493622
4377	1	224.7407	0	224.7407	0.1640151	0.8445811	0.002512721	4.226119	3.051868
4378	0	-281.9671	0	-281.9671	0.02666965	0.3794908	0.08794406	25.99012	-6.535552
4379	1	224.0305	0	224.0305	0.1616858	0.8423666	0.00270475	4.287	3.051868
4380	0	-279.2345	0	-279.2345	0.04520031	0.5313134	0.1049807	15.33501	-6.351529
4381	1	224.7847	0	224.7847	0.1644172	0.8449574	0.002345312	4.215782	3.051868
4382	0	-278.4271	0	-278.4271	0.06166508	0.6229459	0.1169679	11.24051	-6.501738
4383	1	224.1055	0	224.1055	0.163038	0.8436597	0.002703427	4.251445	3.051868
4384	0	-277.364	0	-277.364	0.07680279	0.6839768	0.1502861	9.025026	-6.399467
4385	1	224.2667	0	224.2667	0.09851897	0.7463049	0.001430265	7.035672	3.051868
4386	0	-279.0026	0	-279.0026	0.06255421	0.6270571	0.1402036	11.08074	-6.282096
4387	1	224.6959	0	224.6959	0.1580682	0.8388027	0.002174289	4.385114	3.051868
4388	0	-277.558	0	-277.558	0.06384384	0.6328906	0.1312044	10.85692	-6.472016
4389	1	224.9972	0	224.9972	0.1379978	0.8158108	0.002201918	5.022887	3.051868
4390	0	-277.9931	0	-277.9931	0.09739866	0.7436349	0.1701065	7.116599	-6.399354
4391	1	222.3463	0	222.3463	0.2525796	0.8989183	0.003852028	2.744272	3.051868
4392	0	-278.0621	0	-278.0621	0.07018268	0.6594857	0.1382325	9.876329	-6.538966
4393	1	222.7331	0	222.7331	0.2410306	0.894078	0.003304942	2.875764	3.051868
4394	0	-278.2739	0	-278.2739	0.0932577	0.7333141	0.1577026	7.4326	-6.37868
4395	1	223.72	0	223.72	0.1313127	0.8066954	0.001620108	5.278601	3.042081
4396	0	-280.8927	0	-280.8927	0.06875346	0.6537757	0.1345233	10.08163	-6.198032
4397	1	225.7039	0	225.7039	0.1141234	0.778835	0.001752073	6.073661	3.042526
4398	0	-277.5833	0	-277.5833	0.08590822	0.7130692	0.1541213	8.068461	-6.450281
4399	1	225.6721	0	225.6721	0.1502997	0.8305946	0.002191318	4.611768	3.046817
4400	0	-277.9982	0	-277.9982	0.06318185	0.6299151	0.1224295	10.97067	-6.49373
4401	1	224.4312	0	224.4312	0.1061191	0.7631673	0.001668274	6.531788	3.033491
4402	0	-280.3753	0	-280.3753	0.06587579	0.6417816	0.1341488	10.52203	-6.211469
4403	1	223.748	0	223.748	0.09557453	0.7391781	0.0016131	7.252426	3.056415
4404	0	-277.4177	0	-277.4177	0.0715817	0.6649235	0.142617	9.683302	-6.473613
4405	1	224.1789	0	224.1789	0.1168381	0.7837212	0.001723509	5.932545	3.056415
4406	0	-278.9122	0	-278.9122	0.06020441	0.616029	0.1489865	11.51323	-6.488184
4407	1	224.2731	0	224.2731	0.120426	0.7898788	0.00190894	5.755792	3.056415
4408	0	-277.9232	0	-277.9232	0.08857522	0.7207202	0.1768058	7.82552	-6.482804
4409	1	223.9123	0	223.9123	0.1297491	0.8044385	0.001821042	5.342211	3.031949
4410	0	-277.8392	0	-277.8392	0.07725966	0.6855561	0.1361074	8.971657	-6.454582
4411	1	225.1302	0	225.1302	0.1450161	0.8245349	0.002027321	4.779793	3.037616
4412	0	-278.7224	0	-278.7224	0.04784707	0.5482921	0.1090929	14.48672	-6.496809
4413	1	225.5653	0	225.5653	0.1526777	0.8331918	0.002365465	4.539939	3.045113
4414	0	-277.6198	0	-277.6198	0.08404261	0.707496	0.1600432	8.247568	-6.37223
4415	1	222.7355	0	222.7355	0.1667267	0.8470838	0.003076659	4.157387	3.045113
4416	0	-282.5025	0	-282.5025	0.067506	0.6486597	0.1535324	10.26793	-6.719146
4417	1	225.2309	0	225.2309	0.1279261	0.8017434	0.002149314	5.418341	3.045113
4418	0	-279.912	0	-279.912	0.1062256	0.7633892	0.1650729	6.525237	-6.357481
4419	1	222.5641	0	222.5641	0.1335299	0.8098123	0.002443169	5.190951	3.056121
4420	0	-278.554	0	-278.554	0.05468721	0.5879465	0.135843	12.67476	-6.422638
4421	1	224.4431	0	224.4431	0.1732899	0.8528267	0.002246843	3.999928	3.040139
4422	0	-278.3675	0	-278.3675	0.05477426	0.588415	0.1202028	12.65462	-6.52767
4423	1	223.7987	0	223.7987	0.1537045	0.8342897	0.002445236	4.509608	3.032118
4424	0	-279.3521	0	-279.3521	0.07127844	0.6637572	0.1732038	9.7245	-6.466614
4425	1	223.9621	0	223.9621	0.1484978	0.8285739	0.00210895	4.667727	3.032118
4426	0	-279.2078	0	-279.2078	0.06999479	0.6587441	0.1360331	9.902839	-6.263573
4427	1	223.7766	0	223.7766	0.1636239	0.8442135	0.002357416	4.236223	3.032118
4428	0	-284.1164	0	-284.1164	0.08365663	0.7063194	0.1440387	8.285621	-6.713267
4429	1	223.8282	0	223.8282	0.1630175	0.8436402	0.002394145	4.25198	3.032118
4430	0	-277.8689	0	-277.8689	0.06998101	0.6586896	0.1281164	9.904789	-6.393674
4431	1	225.4277	0	225.4277	0.1655438	0.8460018	0.002514443	4.187093	3.044384
4432	0	-277.995	0	-277.995	0.09955447	0.7487286	0.1892687	6.962492	-6.433218
4433	1	223.959	0	223.959	0.1501125	0.8303869	0.002092216	4.617518	3.055788
4434	0	-277.7843	0	-277.7843	0.08387014	0.7069712	0.1566323	8.264528	-6.355752
4435	1	224.9814	0	224.9814	0.1768261	0.8557488	0.002747934	3.919936	3.046458
4436	0	-278.1609	0	-278.1609	0.09547049	0.7389197	0.1618868	7.260329	-6.397499
4437	1	225.3032	0	225.3032	0.1538722	0.8344676	0.00245116	4.504695	3.046458
4438	0	-277.6213	0	-277.6213	0.09214694	0.7304188	0.1694194	7.522194	-6.439748
4439	1	223.8007	0	223.8007	0.1654001	0.8458693	0.002901582	4.190731	3.043674
4440	0	-277.8361	0	-277.8361	0.0871981	0.7168149	0.1529648	7.949109	-6.471131
4441	1	224.1272	0	224.1272	0.2140674	0.8807542	0.002864084	3.237986	3.043674
4442	0	-278.1691	0	-278.1691	0.05711993	0.6007251	0.1147803	12.13494	-6.401659
4443	1	220.6144	0	220.6144	0.2528999	0.8990463	0.003323901	2.740796	3.05679
4444	0	-278.3461	0	-278.3461	0.06620646	0.6431948	0.1190922	10.46948	-6.457301
4445	1	223.9705	0	223.9705	0.1502949	0.8305893	0.002630904	4.611915	3.049422
4446	0	-278.6792	0	-278.6792	0.07362291	0.672599	0.1602136	9.41483	-6.553357
4447	1	225.5159	0	225.5159	0.1429942	0.822104	0.002083491	4.84738	3.04936
4448	0	-277.694	0	-277.694	0.06523197	0.6390034	0.1407018	10.62588	-6.381474
4449	1	223.9035	0	223.9035	0.1852529	0.8622724	0.00237014	3.741627	3.04936
4450	0	-277.4139	0	-277.4139	0.06715136	0.6471822	0.1331468	10.32216	-6.440912
4451	1	224.8798	0	224.8798	0.1570402	0.8377612	0.00230786	4.413819	3.036036
4452	0	-278.8537	0	-278.8537	0.06551037	0.6402091	0.1394186	10.58072	-6.279063
4453	1	222.5593	0	222.5593	0.1104259	0.771842	0.001959264	6.277036	3.060093
4454	0	-277.4853	0	-277.4853	0.06602077	0.6424023	0.1373134	10.49893	-6.398724
4455	1	223.7536	0	223.7536	0.09848899	0.7462341	0.00168048	7.037814	3.056436
4456	0	-277.583	0	-277.583	0.06721453	0.6474462	0.1453333	10.31246	-6.418742
4457	1	224.004	0	224.004	0.1154637	0.7812727	0.001928358	6.003162	3.056436
4458	0	-277.9066	0	-277.9066	0.05902186	0.6102761	0.1220201	11.74391	-6.489374
4459	1	224.1529	0	224.1529	0.1418865	0.8207447	0.002165747	4.885224	3.031973
4460	0	-278.7537	0	-278.7537	0.100248	0.7503287	0.2072129	6.914324	-6.437051
4461	1	219.7487	0	219.7487	0.1400613	0.8184609	0.001507134	4.948885	3.042966
4462	0	-279.2233	0	-279.2233	0.06743895	0.6483811	0.1660703	10.27814	-6.436857
4463	1	225.7451	0	225.7451	0.1238219	0.7954118	0.001950698	5.597935	3.045645
4464	0	-283.1906	0	-283.1906	0.02901963	0.4025181	0.1114297	23.88546	-6.600475
4465	1	225.7143	0	225.7143	0.1521469	0.8326188	0.002265396	4.555776	3.045052
4466	0	-280.178	0	-280.178	0.04629087	0.538428	0.09592419	14.97374	-6.372089
4467	1	224.8967	0	224.8967	0.130366	0.8053349	0.002244101	5.316932	3.045052
4468	0	-277.7085	0	-277.7085	0.0789752	0.6913675	0.1603281	8.77677	-6.493258
4469	1	224.5338	0	224.5338	0.1787803	0.8573152	0.002898495	3.877089	3.041665
4470	0	-278.6105	0	-278.6105	0.04912127	0.556125	0.123673	14.11094	-6.455604
4471	1	224.0103	0	224.0103	0.2015976	0.8733965	0.003240039	3.438271	3.041665
4472	0	-277.694	0	-277.694	0.06809694	0.6510989	0.1401557	10.17883	-6.505619
4473	1	224.8265	0	224.8265	0.1627009	0.8433393	0.002518198	4.260253	3.051227
4474	0	-279.1954	0	-279.1954	0.08998438	0.7246192	0.1552345	7.702972	-6.558457
4475	1	224.4477	0	224.4477	0.1023269	0.7550164	0.00146409	6.77385	3.051227
4476	0	-279.1323	0	-279.1323	0.04488224	0.5292062	0.1154039	15.44369	-6.356515
4477	1	224.6574	0	224.6574	0.0948686	0.7374159	0.001509295	7.306392	3.051227
4478	0	-281.9314	0	-281.9314	0.05709985	0.6006222	0.1503565	12.13921	-6.206261
4479	1	224.3938	0	224.3938	0.1329772	0.8090443	0.00175002	5.212527	3.051227
4480	0	-279.6816	0	-279.6816	0.06619484	0.6431453	0.1506272	10.47132	-6.610017
4481	1	224.3393	0	224.3393	0.18857	0.8646835	0.002649411	3.675808	3.051227
4482	0	-279.2307	0	-279.2307	0.06747124	0.6485154	0.1561498	10.27322	-6.296778
4483	1	223.8841	0	223.8841	0.2083993	0.8775179	0.002998899	3.326053	3.051227
4484	0	-278.3322	0	-278.3322	0.06395391	0.6333816	0.1444111	10.83823	-6.528822
4485	1	223.1083	0	223.1083	0.1848227	0.8619535	0.003171555	3.750337	3.051227
4486	0	-279.2816	0	-279.2816	0.1032057	0.7569502	0.1814758	6.716173	-6.308344
4487	1	221.7701	0	221.7701	0.2935627	0.9130264	0.00388233	2.361156	3.04099
4488	0	-283.3681	0	-283.3681	0.09673775	0.742036	0.2346489	7.165219	-6.602653
4489	1	218.9475	0	218.9475	0.3642051	0.9298954	0.005985413	1.903178	3.039893
4490	0	-278.0559	0	-278.0559	0.07270629	0.6691894	0.1424545	9.533524	-6.323868
4491	1	221.8341	0	221.8341	0.2968107	0.9139781	0.004336972	2.335317	3.039893
4492	0	-277.5657	0	-277.5657	0.08778809	0.7184997	0.1704917	7.895686	-6.411976
4493	1	223.2853	0	223.2853	0.2462094	0.8963045	0.00351763	2.815275	3.039893
4494	0	-279.2714	0	-279.2714	0.1081878	0.7674081	0.1707877	6.406891	-6.423493
4495	1	223.4638	0	223.4638	0.2357012	0.8916851	0.003225082	2.940787	3.039893
4496	0	-279.6771	0	-279.6771	0.1152123	0.7808192	0.2304426	6.016261	-6.488072
4497	1	224.0255	0	224.0255	0.2199313	0.8839282	0.003323978	3.151654	3.041907
4498	0	-279.5547	0	-279.5547	0.08943469	0.7231098	0.197824	7.750316	-6.524162
4499	1	225.6455	0	225.6455	0.1523983	0.8328907	0.002286348	4.548261	3.041907
4500	0	-277.9057	0	-277.9057	0.09388661	0.734929	0.1703478	7.382812	-6.481524
4501	1	225.4044	0	225.4044	0.1138109	0.7782592	0.001877136	6.090343	3.041907
4502	0	-281.1613	0	-281.1613	0.1220921	0.792628	0.2399812	5.677248	-6.561308
4503	1	224.6161	0	224.6161	0.1549282	0.8355798	0.002618615	4.47399	3.041907
4504	0	-279.474	0	-279.474	0.05122019	0.5685692	0.1213075	13.53269	-6.595793
4505	1	225.5033	0	225.5033	0.154868	0.8355168	0.002388228	4.475729	3.041907
4506	0	-277.3335	0	-277.3335	0.08066208	0.6969039	0.1557424	8.593222	-6.430927
4507	1	224.3381	0	224.3381	0.1923129	0.8673059	0.003043594	3.604268	3.040468
4508	0	-278.4016	0	-278.4016	0.08931741	0.7227858	0.1544153	7.760494	-6.5138
4509	1	223.6919	0	223.6919	0.2261294	0.8871052	0.003048072	3.065268	3.040468
4510	0	-280.0516	0	-280.0516	0.1070086	0.765008	0.2017435	6.477493	-6.572401
4511	1	222.8441	0	222.8441	0.1491901	0.8293558	0.002146891	4.646067	3.059857
4512	0	-279.0403	0	-279.0403	0.08830672	0.7199662	0.1888764	7.849314	-6.528485
4513	1	223.1145	0	223.1145	0.1150158	0.7804637	0.001926865	6.026537	3.059857
4514	0	-278.2057	0	-278.2057	0.1020792	0.7544662	0.1949828	6.790288	-6.399963
4515	1	225.8283	0	225.8283	0.1430805	0.8222091	0.002132353	4.844456	3.044421
4516	0	-277.9644	0	-277.9644	0.07624403	0.6820268	0.1338307	9.091167	-6.397011
4517	1	224.3793	0	224.3793	0.204776	0.8753562	0.002933976	3.384904	3.039712
4518	0	-281.5458	0	-281.5458	0.129411	0.803944	0.2471218	5.356167	-6.283078
4519	1	224.2649	0	224.2649	0.1444597	0.8238723	0.002456894	4.798204	3.051665
4520	0	-277.5958	0	-277.5958	0.08437867	0.7085138	0.1624277	8.21472	-6.48132
4521	1	225.5234	0	225.5234	0.1332483	0.8094217	0.002120275	5.201922	3.048034
4522	0	-278.7106	0	-278.7106	0.06420429	0.6344943	0.1400166	10.79596	-6.574284
4523	1	225.445	0	225.445	0.1541805	0.8347938	0.002175826	4.495687	3.048034
4524	0	-279.386	0	-279.386	0.07638437	0.6825185	0.1590183	9.074464	-6.258111
4525	1	225.6382	0	225.6382	0.1304299	0.8054273	0.002039171	5.314328	3.048034
4526	0	-279.4888	0	-279.4888	0.0425292	0.513151	0.1181958	16.29815	-6.396537
4527	1	225.0689	0	225.0689	0.1688612	0.848999	0.002313446	4.104835	3.048034
4528	0	-279.2357	0	-279.2357	0.1040532	0.7587892	0.1951245	6.661469	-6.310161
4529	1	224.4314	0	224.4314	0.1738488	0.8532962	0.002250823	3.987069	3.048034
4530	0	-278.2672	0	-278.2672	0.09442864	0.7363069	0.189393	7.340433	-6.374154
4531	1	225.3067	0	225.3067	0.1067822	0.764542	0.001586004	6.491226	3.048034
4532	0	-282.7145	0	-282.7145	0.1303297	0.8052823	0.1828496	5.318415	-6.449294
4533	1	225.4534	0	225.4534	0.1081216	0.7672746	0.001655709	6.410813	3.048034
4534	0	-279.9175	0	-279.9175	0.1265086	0.7995988	0.246446	5.479052	-6.448096
4535	1	225.8303	0	225.8303	0.1252358	0.7976355	0.001934278	5.534736	3.043531
4536	0	-283.0893	0	-283.0893	0.1398522	0.8181957	0.2789918	4.956283	-6.578547
4537	1	224.8334	0	224.8334	0.1865863	0.8632518	0.002883922	3.714888	3.043531
4538	0	-278.5368	0	-278.5368	0.1120336	0.774932	0.1984346	6.186959	-6.425223
4539	1	225.6866	0	225.6866	0.1234246	0.7947787	0.001972303	5.615955	3.043531
4540	0	-279.1532	0	-279.1532	0.1140215	0.7786476	0.2176528	6.079091	-6.484923
4541	1	225.3683	0	225.3683	0.1445849	0.8240218	0.001951355	4.794048	3.043531
4542	0	-277.7736	0	-277.7736	0.07075688	0.6617354	0.1519922	9.796181	-6.48688
4543	1	225.3164	0	225.3164	0.1740794	0.8534891	0.00246674	3.981788	3.043531
4544	0	-279.3943	0	-279.3943	0.0710766	0.6629772	0.1733068	9.752115	-6.464722
4545	1	224.705	0	224.705	0.2009081	0.8729633	0.002945999	3.450071	3.043531
4546	0	-278.6866	0	-278.6866	0.07996805	0.694647	0.1617209	8.667802	-6.567598
4547	1	223.7378	0	223.7378	0.1921651	0.8672042	0.003233427	3.60704	3.043531
4548	0	-278.1414	0	-278.1414	0.079002	0.6914568	0.1558303	8.773793	-6.54048
4549	1	222.8281	0	222.8281	0.2027868	0.8741368	0.00243231	3.418108	3.043531
4550	0	-279.7733	0	-279.7733	0.04997267	0.5612404	0.1206279	13.87052	-6.608544
4551	1	224.5854	0	224.5854	0.1894589	0.8653155	0.002809522	3.658563	3.049726
4552	0	-279.7274	0	-279.7274	0.03796351	0.4794971	0.108707	18.25825	-6.42428
4553	1	224.5836	0	224.5836	0.1850522	0.8621238	0.00282533	3.745684	3.049726
4554	0	-277.8018	0	-277.8018	0.06508065	0.6383452	0.1269896	10.65059	-6.492374
4555	1	224.7604	0	224.7604	0.1767747	0.8557071	0.002439035	3.921078	3.049726
4556	0	-277.7594	0	-277.7594	0.07298987	0.6702506	0.1330114	9.496485	-6.472125
4557	1	225.2611	0	225.2611	0.1517142	0.8321489	0.002426569	4.568769	3.047326
4558	0	-277.489	0	-277.489	0.06983746	0.658121	0.1383926	9.925149	-6.382795
4559	1	225.5606	0	225.5606	0.1542527	0.8348701	0.0022136	4.493581	3.047326
4560	0	-278.6322	0	-278.6322	0.09534169	0.7385992	0.1953056	7.270137	-6.494691
4561	1	225.6526	0	225.6526	0.146696	0.8265063	0.0022205	4.725058	3.047326
4562	0	-277.7677	0	-277.7677	0.09517924	0.7381939	0.1719928	7.282546	-6.447999
4563	1	225.5363	0	225.5363	0.1291411	0.8035474	0.002076444	5.367362	3.047326
4564	0	-281.4119	0	-281.4119	0.08429233	0.7082529	0.1323032	8.223134	-6.274309
4565	1	225.2964	0	225.2964	0.1284913	0.8025865	0.002127111	5.394507	3.047326
4566	0	-277.9892	0	-277.9892	0.05505359	0.5899128	0.1267778	12.59041	-6.457482
4567	1	224.5374	0	224.5374	0.1656361	0.8460868	0.00275157	4.184758	3.047326
4568	0	-278.3646	0	-278.3646	0.09317455	0.7330993	0.1827067	7.439233	-6.341579
4569	1	224.4882	0	224.4882	0.1788983	0.8574087	0.002872479	3.874532	3.039759
4570	0	-277.3984	0	-277.3984	0.08210373	0.7015011	0.1610393	8.442334	-6.435924
4571	1	224.6845	0	224.6845	0.1928553	0.8676776	0.002792257	3.594131	3.039759
4572	0	-278.0249	0	-278.0249	0.07660059	0.6832735	0.1486009	9.048849	-6.535705
4573	1	225.1777	0	225.1777	0.176843	0.8557625	0.002656837	3.919563	3.042138
4574	0	-278.1742	0	-278.1742	0.05824588	0.6064245	0.1351898	11.90036	-6.372697
4575	1	225.3104	0	225.3104	0.165652	0.8461014	0.002445553	4.184358	3.048236
4576	0	-278.12	0	-278.12	0.07040507	0.66036	0.1593797	9.845131	-6.446371
4577	1	225.386	0	225.386	0.1309129	0.8061231	0.001781264	5.29472	3.044124
4578	0	-277.4355	0	-277.4355	0.07783654	0.6875311	0.15545	8.905165	-6.395636
4579	1	225.8185	0	225.8185	0.1316104	0.8071196	0.0019009	5.266658	3.044124
4580	0	-278.0523	0	-278.0523	0.07711252	0.685049	0.1612438	8.988776	-6.517381
4581	1	224.6008	0	224.6008	0.1798669	0.8581718	0.002423388	3.853668	3.049241
4582	0	-277.9976	0	-277.9976	0.0732646	0.6712733	0.1367877	9.460874	-6.520781
4583	1	224.4401	0	224.4401	0.08797003	0.7190157	0.001478303	7.879356	3.049241
4584	0	-277.4262	0	-277.4262	0.07876479	0.6906647	0.1470283	8.800216	-6.400533
4585	1	224.785	0	224.785	0.1412283	0.8199275	0.001862784	4.90799	3.049241
4586	0	-278.2677	0	-278.2677	0.05985911	0.6143635	0.13474	11.57964	-6.530081
4587	1	225.4321	0	225.4321	0.1077601	0.766543	0.001722127	6.432315	3.04088
4588	0	-278.0797	0	-278.0797	0.09167656	0.7291759	0.16169	7.560789	-6.361349
4589	1	225.6767	0	225.6767	0.1188848	0.7872743	0.001721909	5.830413	3.043702
4590	0	-280.0277	0	-280.0277	0.1040912	0.7588711	0.1692993	6.659036	-6.307009
4591	1	224.0491	0	224.0491	0.1174617	0.7848155	0.001502118	5.901049	3.043702
4592	0	-279.0242	0	-279.0242	0.1185359	0.7866763	0.2111258	5.847574	-6.387432
4593	1	225.7351	0	225.7351	0.1148407	0.7801459	0.001782294	6.035727	3.043702
4594	0	-280.5666	0	-280.5666	0.1187406	0.7870276	0.2154175	5.837491	-6.286567
4595	1	224.602	0	224.602	0.1953115	0.8693354	0.003021453	3.548931	3.043702
4596	0	-278.4155	0	-278.4155	0.07700728	0.6846854	0.1561109	9.00106	-6.557258
4597	1	223.722	0	223.722	0.213957	0.8806928	0.00274778	3.239657	3.043702
4598	0	-277.3977	0	-277.3977	0.07263103	0.6689068	0.1437425	9.543402	-6.392524
4599	1	223.9528	0	223.9528	0.1831528	0.8607016	0.003090338	3.78453	3.043702
4600	0	-278.273	0	-278.273	0.07163784	0.6651387	0.1268369	9.675713	-6.374428
4601	1	225.3695	0	225.3695	0.1653524	0.8458254	0.002542364	4.191939	3.043702
4602	0	-277.5666	0	-277.5666	0.07960036	0.6934395	0.1510388	8.70784	-6.489617
4603	1	225.6868	0	225.6868	0.1455112	0.8251203	0.002253216	4.763532	3.043702
4604	0	-278.0014	0	-278.0014	0.07916077	0.691985	0.1709976	8.756195	-6.441907
4605	1	225.4233	0	225.4233	0.1607287	0.8414387	0.002217168	4.312529	3.043702
4606	0	-278.3994	0	-278.3994	0.04974747	0.5598964	0.114139	13.93331	-6.389248
4607	1	224.1401	0	224.1401	0.2231775	0.885614	0.003159805	3.105811	3.043702
4608	0	-278.2624	0	-278.2624	0.06360534	0.6318232	0.1199148	10.89763	-6.498638
4609	1	223.0757	0	223.0757	0.2381221	0.8927853	0.003047192	2.910889	3.043702
4610	0	-278.3913	0	-278.3913	0.08760735	0.7179854	0.176001	7.911975	-6.528324
4611	1	225.4626	0	225.4626	0.1543675	0.834991	0.002118959	4.490241	3.043702
4612	0	-278.7718	0	-278.7718	0.0554436	0.5919893	0.1162783	12.50184	-6.552203
4613	1	224.1068	0	224.1068	0.09086338	0.727003	0.00166386	7.628454	3.043702
4614	0	-277.4184	0	-277.4184	0.06547723	0.6400659	0.135244	10.58608	-6.434184
4615	1	223.782	0	223.782	0.1407317	0.8193062	0.002557838	4.925309	3.043702
4616	0	-280.9304	0	-280.9304	0.0421958	0.5108079	0.08971277	16.42693	-6.452174
4617	1	225.1989	0	225.1989	0.1525956	0.8331035	0.002479082	4.542378	3.043702
4618	0	-279.9786	0	-279.9786	0.05980015	0.614078	0.1476875	11.59106	-6.273164
4619	1	219.3059	0	219.3059	0.1739657	0.853394	0.002598312	3.98439	3.021745
4620	0	-279.2867	0	-279.2867	0.04501379	0.5300795	0.1132584	15.39855	-6.329963
4621	1	224.077	0	224.077	0.1542629	0.8348808	0.002501212	4.493285	3.033962
4622	0	-279.2866	0	-279.2866	0.05882009	0.6092805	0.1066469	11.78419	-6.446701
4623	1	224.2258	0	224.2258	0.1521582	0.8326311	0.0024371	4.555438	3.033962
4624	0	-277.6795	0	-277.6795	0.06610684	0.64277	0.1296533	10.48526	-6.487045
4625	1	224.7142	0	224.7142	0.1203445	0.7897425	0.001806557	5.759692	3.033962
4626	0	-278.2284	0	-278.2284	0.09937534	0.7483123	0.1956379	6.975042	-6.405571
4627	1	224.4003	0	224.4003	0.1024316	0.7552483	0.001464717	6.766925	3.051556
4628	0	-280.8658	0	-280.8658	0.06385635	0.6329465	0.1108431	10.85479	-6.281735
4629	1	225.5678	0	225.5678	0.1094883	0.7700035	0.001663288	6.33079	3.042094
4630	0	-279.9345	0	-279.9345	0.03612611	0.4649463	0.09784238	19.18688	-6.457021
4631	1	225.552	0	225.552	0.124976	0.7972304	0.00202488	5.54624	3.042094
4632	0	-278.2603	0	-278.2603	0.06375627	0.6324993	0.1452075	10.87183	-6.513995
4633	1	225.2123	0	225.2123	0.1102118	0.7714246	0.001691922	6.289229	3.037625
4634	0	-279.8416	0	-279.8416	0.04472028	0.5281276	0.09623914	15.49962	-6.408028
4635	1	225.3952	0	225.3952	0.135517	0.8125255	0.002041153	5.114834	3.037625
4636	0	-277.9574	0	-277.9574	0.07578848	0.6804216	0.1340775	9.145812	-6.386363
4637	1	224.435	0	224.435	0.1435608	0.8227917	0.002436227	4.828248	3.037625
4638	0	-278.4021	0	-278.4021	0.07782011	0.6874752	0.1740654	8.907044	-6.406717
4639	1	223.9503	0	223.9503	0.206228	0.8762315	0.002778152	3.361072	3.038594
4640	0	-281.9683	0	-281.9683	0.08620721	0.7139451	0.1538516	8.040478	-6.669971
4641	1	225.2545	0	225.2545	0.1546403	0.8352781	0.002190706	4.482318	3.038594
4642	0	-278.5395	0	-278.5395	0.08935296	0.7228841	0.1507457	7.757406	-6.505096
4643	1	225.4118	0	225.4118	0.1162375	0.7826576	0.001827093	5.963196	3.038594
4644	0	-279.6651	0	-279.6651	0.04866207	0.5533269	0.1332729	14.2441	-6.49593
4645	1	224.3089	0	224.3089	0.09475634	0.7371337	0.001410046	7.315048	3.051334
4646	0	-277.447	0	-277.447	0.06469849	0.6366742	0.1341341	10.7135	-6.422201
4647	1	225.3073	0	225.3073	0.1361789	0.813413	0.002009083	5.089974	3.051334
4648	0	-278.8206	0	-278.8206	0.06546677	0.6400207	0.1149856	10.58777	-6.409502
4649	1	224.976	0	224.976	0.1854315	0.8624044	0.002554471	3.738023	3.044718
4650	0	-277.7941	0	-277.7941	0.08276056	0.7035557	0.1459012	8.375332	-6.470745
4651	1	224.9057	0	224.9057	0.1855364	0.8624818	0.002848112	3.73591	3.044718
4652	0	-280.3865	0	-280.3865	0.1187494	0.7870426	0.2127586	5.837059	-6.554609
4653	1	224.5301	0	224.5301	0.2067463	0.876541	0.002883589	3.352646	3.044718
4654	0	-277.4092	0	-277.4092	0.08058054	0.6966403	0.1522451	8.601918	-6.462333
4655	1	225.4186	0	225.4186	0.1612248	0.841921	0.002494301	4.299259	3.044718
4656	0	-277.4963	0	-277.4963	0.08841914	0.7202823	0.1637905	7.839335	-6.429244
4657	1	224.8462	0	224.8462	0.1751795	0.8544025	0.002486793	3.956781	3.038129
4658	0	-277.7502	0	-277.7502	0.07984203	0.694234	0.1581834	8.681483	-6.50602
4659	1	225.7984	0	225.7984	0.1335692	0.8098666	0.002063886	5.189424	3.042847
4660	0	-278.2369	0	-278.2369	0.08678883	0.7156357	0.148508	7.986595	-6.492672
4661	1	224.7632	0	224.7632	0.1096867	0.7703948	0.001930839	6.319338	3.042847
4662	0	-280.8923	0	-280.8923	0.06635995	0.6438476	0.1591937	10.44526	-6.226084
4663	1	225.7781	0	225.7781	0.1182218	0.7861353	0.001811167	5.863109	3.042847
4664	0	-277.5758	0	-277.5758	0.08110237	0.6983209	0.1557524	8.546571	-6.489189
4665	1	222.9004	0	222.9004	0.08258224	0.7030003	0.001185132	8.393417	3.042847
4666	0	-277.7721	0	-277.7721	0.06757582	0.6489494	0.1495972	10.25733	-6.41719
4667	1	225.6287	0	225.6287	0.1543948	0.8350198	0.002195009	4.489446	3.042847
4668	0	-277.5836	0	-277.5836	0.0674065	0.6482462	0.1458561	10.28309	-6.424055
4669	1	225.7623	0	225.7623	0.1424642	0.8214561	0.002176946	4.865412	3.042847
4670	0	-278.0681	0	-278.0681	0.08736785	0.7173014	0.1482203	7.933665	-6.401575
4671	1	225.0445	0	225.0445	0.1868774	0.8634637	0.002722408	3.709101	3.042847
4672	0	-280.3535	0	-280.3535	0.1149129	0.7802769	0.1833804	6.031937	-6.525413
4673	1	221.0975	0	221.0975	0.2684969	0.9049085	0.004013234	2.581583	3.055465
4674	0	-279.7919	0	-279.7919	0.1025378	0.7554831	0.2240174	6.759917	-6.448548
4675	1	222.5642	0	222.5642	0.1976093	0.8708495	0.00259845	3.507664	3.055465
4676	0	-278.0467	0	-278.0467	0.05420108	0.5853142	0.1160006	12.78844	-6.453167
4677	1	222.5878	0	222.5878	0.1645997	0.8451275	0.002880575	4.211107	3.055465
4678	0	-277.8924	0	-277.8924	0.06054966	0.6176825	0.1248417	11.44758	-6.367264
4679	1	225.4894	0	225.4894	0.1584684	0.8392046	0.002437003	4.37404	3.042849
4680	0	-277.3439	0	-277.3439	0.06962278	0.6572677	0.1378773	9.955752	-6.440419
4681	1	225.561	0	225.561	0.12309	0.7942425	0.001762821	5.631222	3.047745
4682	0	-278.4204	0	-278.4204	0.1074813	0.7659756	0.1932931	6.449004	-6.385582
4683	1	224.9236	0	224.9236	0.1681948	0.8484061	0.002252167	4.121098	3.047745
4684	0	-278.4375	0	-278.4375	0.08505754	0.7105511	0.1752456	8.149157	-6.527895
4685	1	225.3057	0	225.3057	0.1750685	0.8543108	0.002594537	3.959292	3.043857
4686	0	-277.5857	0	-277.5857	0.07561275	0.6797987	0.1538932	9.167068	-6.487609
4687	1	224.4175	0	224.4175	0.2079268	0.8772402	0.002841345	3.333612	3.043857
4688	0	-277.956	0	-277.956	0.07472827	0.6766321	0.1502211	9.275568	-6.331971
4689	1	225.8571	0	225.8571	0.1350156	0.8118478	0.002051389	5.133832	3.043857
4690	0	-277.8466	0	-277.8466	0.07652171	0.6829984	0.1643679	9.058177	-6.457609
4691	1	225.1659	0	225.1659	0.172599	0.8522421	0.002353241	4.015939	3.043857
4692	0	-278.0052	0	-278.0052	0.08314585	0.7047495	0.1649419	8.336521	-6.519063
4693	1	225.7736	0	225.7736	0.13338	0.8096046	0.002083268	5.196783	3.043857
4694	0	-277.4313	0	-277.4313	0.06594035	0.6420582	0.1362773	10.51173	-6.413539
4695	1	225.2459	0	225.2459	0.1362172	0.813464	0.00182192	5.088544	3.043857
4696	0	-280.3198	0	-280.3198	0.06004236	0.6152489	0.1512192	11.5443	-6.270187
4697	1	225.2148	0	225.2148	0.1163987	0.7829441	0.001607103	5.954937	3.043857
4698	0	-277.4849	0	-277.4849	0.0819859	0.7011299	0.1502805	8.454468	-6.402234
4699	1	223.4849	0	223.4849	0.148681	0.8287815	0.001831102	4.661975	3.038202
4700	0	-278.8655	0	-278.8655	0.08366004	0.7063298	0.1568635	8.285284	-6.285544
4701	1	224.3497	0	224.3497	0.1335371	0.8098222	0.002324257	5.190672	3.038202
4702	0	-277.5482	0	-277.5482	0.0663237	0.6436936	0.1412174	10.45097	-6.466332
4703	1	224.5544	0	224.5544	0.193801	0.8683208	0.002658755	3.576591	3.040075
4704	0	-277.5205	0	-277.5205	0.08168934	0.7001921	0.1605245	8.48516	-6.473952
4705	1	224.9247	0	224.9247	0.140709	0.8192777	0.002355256	4.926105	3.040075
4706	0	-277.95	0	-277.95	0.08124436	0.6987754	0.1446678	8.531634	-6.498406
4707	1	224.6768	0	224.6768	0.1918467	0.8669847	0.002676006	3.613027	3.040075
4708	0	-277.8067	0	-277.8067	0.07158516	0.6649368	0.1380296	9.682834	-6.514916
4709	1	224.2431	0	224.2431	0.1918467	0.8669847	0.003059212	3.613027	3.040075
4710	0	-281.7682	0	-281.7682	0.06482318	0.6372208	0.1160505	10.69289	-6.6503
4711	1	223.9644	0	223.9644	0.1763842	0.8553899	0.002571531	3.929758	3.054585
4712	0	-277.5476	0	-277.5476	0.07680585	0.6839874	0.1438285	9.024667	-6.4822
4713	1	221.8571	0	221.8571	0.2519539	0.8986674	0.003067912	2.751087	3.041471
4714	0	-277.9269	0	-277.9269	0.0824272	0.702516	0.1742586	8.409205	-6.43526
4715	1	225.4928	0	225.4928	0.1214952	0.7916509	0.001717891	5.705139	3.041471
4716	0	-278.0796	0	-278.0796	0.09056973	0.7262107	0.1538543	7.653188	-6.39696
4717	1	225.1965	0	225.1965	0.1748487	0.854129	0.002461988	3.964269	3.041471
4718	0	-278.7594	0	-278.7594	0.06566546	0.6408779	0.1519769	10.55573	-6.326357
4719	1	225.4018	0	225.4018	0.1523786	0.8328695	0.002397597	4.548848	3.041471
4720	0	-278.3602	0	-278.3602	0.1031767	0.7568869	0.1847929	6.71806	-6.367644
4721	1	224.5566	0	224.5566	0.1372042	0.8147719	0.002387009	5.051938	3.041471
4722	0	-277.6804	0	-277.6804	0.07075467	0.6617268	0.1300943	9.796487	-6.428327
4723	1	223.4996	0	223.4996	0.08078397	0.6972973	0.0015108	8.580256	3.041471
4724	0	-277.7094	0	-277.7094	0.06798643	0.6506449	0.1270061	10.19537	-6.435549
4725	1	224.7023	0	224.7023	0.09699144	0.7426518	0.001701836	7.146478	3.043848
4726	0	-279.9426	0	-279.9426	0.09516342	0.7381544	0.2128968	7.283756	-6.357053
4727	1	225.383	0	225.383	0.1281756	0.8021164	0.001750198	5.407794	3.043848
4728	0	-280.1462	0	-280.1462	0.1354147	0.8123877	0.2243049	5.118698	-6.420285
4729	1	224.9608	0	224.9608	0.1077292	0.7664801	0.001867276	6.434165	3.043848
4730	0	-280.9265	0	-280.9265	0.1385558	0.8165348	0.2394318	5.002657	-6.33294
4731	1	224.7358	0	224.7358	0.1930794	0.8678306	0.002918655	3.589959	3.041763
4732	0	-278.1536	0	-278.1536	0.09421256	0.7357591	0.1812828	7.357269	-6.499554
4733	1	222.5168	0	222.5168	0.2341903	0.8909869	0.003703629	2.95976	3.035883
4734	0	-278.0773	0	-278.0773	0.07536799	0.6789278	0.1370811	9.196837	-6.346344
4735	1	224.6998	0	224.6998	0.1113623	0.7736513	0.001860588	6.224251	3.035883
4736	0	-279.2861	0	-279.2861	0.09736365	0.7435507	0.1515294	7.119158	-6.427745
4737	1	224.963	0	224.963	0.1302264	0.8051327	0.001768705	5.322632	3.038481
4738	0	-278.774	0	-278.774	0.06949549	0.6567601	0.165308	9.973988	-6.424842
4739	1	224.4038	0	224.4038	0.1605616	0.8412756	0.002084773	4.317018	3.038481
4740	0	-277.4527	0	-277.4527	0.08201237	0.7012133	0.1631526	8.451739	-6.420683
4741	1	224.3948	0	224.3948	0.1399143	0.8182745	0.002256241	4.954085	3.03389
4742	0	-278.3047	0	-278.3047	0.1020588	0.7544208	0.1960855	6.791645	-6.467089
4743	1	225.281	0	225.281	0.1158406	0.7819493	0.001612314	5.983629	3.043696
4744	0	-279.2017	0	-279.2017	0.07994826	0.6945822	0.1496224	8.669947	-6.592725
4745	1	224.981	0	224.981	0.1622271	0.8428868	0.00244846	4.272696	3.050989
4746	0	-282.0198	0	-282.0198	0.08982044	0.7241706	0.2187308	7.717031	-6.561092
4747	1	225.0358	0	225.0358	0.1733962	0.8529162	0.002504436	3.997476	3.049317
4748	0	-279.4634	0	-279.4634	0.0911749	0.727839	0.2049445	7.60239	-6.397498
4749	1	222.6086	0	222.6086	0.1199355	0.7890564	0.002299791	5.779334	3.036109
4750	0	-277.8252	0	-277.8252	0.09524358	0.7383546	0.1802191	7.277626	-6.399449
4751	1	224.5967	0	224.5967	0.1509369	0.8312982	0.002438967	4.592299	3.036109
4752	0	-280.9953	0	-280.9953	0.1407577	0.8193387	0.2217954	4.924401	-6.446618
4753	1	220.8727	0	220.8727	0.2934112	0.9129815	0.003834511	2.362374	3.036109
4754	0	-278.3003	0	-278.3003	0.0949761	0.7376856	0.1575908	7.298122	-6.433687
4755	1	221.5761	0	221.5761	0.2436066	0.8951973	0.003723239	2.845355	3.03216
4756	0	-278.7039	0	-278.7039	0.08137895	0.6992051	0.1705551	8.517525	-6.309494
4757	1	222.4653	0	222.4653	0.2740541	0.9068362	0.00368442	2.529235	3.041419
4758	0	-278.289	0	-278.289	0.07782751	0.6875004	0.1429403	8.906197	-6.539979
4759	1	224.1696	0	224.1696	0.1872163	0.8637097	0.003066966	3.702388	3.041419
4760	0	-278.0401	0	-278.0401	0.09830416	0.7457969	0.1854372	7.051046	-6.470471
4761	1	224.4599	0	224.4599	0.2097132	0.8782835	0.003098373	3.305215	3.043922
4762	0	-283.5111	0	-283.5111	0.1718113	0.8515701	0.258378	4.034351	-6.394632
4763	1	222.5831	0	222.5831	0.2342547	0.8910168	0.003083462	2.958947	3.036203
4764	0	-280.6652	0	-280.6652	0.1020069	0.7543052	0.1905704	6.7951	-6.243652
4765	1	223.5716	0	223.5716	0.1695474	0.8496049	0.002157255	4.08822	3.036203
4766	0	-277.6037	0	-277.6037	0.08485983	0.7099604	0.1515177	8.168142	-6.408673
4767	1	223.68	0	223.68	0.1716303	0.8514148	0.002775514	4.038606	3.03401
4768	0	-278.8575	0	-278.8575	0.06514868	0.6386414	0.1557958	10.63947	-6.357872
4769	1	223.6229	0	223.6229	0.1783064	0.8569384	0.0028455	3.887393	3.03401
4770	0	-277.7435	0	-277.7435	0.09509598	0.7379858	0.1719999	7.288922	-6.440266
4771	1	225.014	0	225.014	0.1845676	0.8617637	0.002751714	3.755519	3.04196
4772	0	-280.6252	0	-280.6252	0.057075	0.6004949	0.1534745	12.1445	-6.313194
4773	1	223.2777	0	223.2777	0.252476	0.8988769	0.003647426	2.745398	3.04196
4774	0	-285.1595	0	-285.1595	0.03090359	0.4200826	0.095542	22.42934	-6.104138
4775	1	224.5262	0	224.5262	0.1885974	0.8647031	0.002489085	3.675275	3.04196
4776	0	-278.9867	0	-278.9867	0.04882008	0.5542929	0.127865	14.19799	-6.407378
4777	1	224.1468	0	224.1468	0.1614679	0.8421563	0.002015356	4.292785	3.04196
4778	0	-278.0709	0	-278.0709	0.08565962	0.7123373	0.1466618	8.091878	-6.385394
4779	1	225.4593	0	225.4593	0.1315264	0.8070001	0.002142006	5.270021	3.04196
4780	0	-278.1706	0	-278.1706	0.05662765	0.5981912	0.1301106	12.24044	-6.365223
4781	1	225.8246	0	225.8246	0.1287405	0.8029561	0.001927855	5.384063	3.04196
4782	0	-277.5271	0	-277.5271	0.06275053	0.627955	0.1291399	11.04608	-6.418745
4783	1	224.0139	0	224.0139	0.137767	0.8155099	0.001962567	5.0313	3.03191
4784	0	-277.8626	0	-277.8626	0.06676141	0.6455457	0.1258336	10.38245	-6.480003
4785	1	224.3491	0	224.3491	0.1815943	0.8595129	0.002337493	3.81701	3.046644
4786	0	-278.6275	0	-278.6275	0.06730798	0.647836	0.1474475	10.29814	-6.302266
4787	1	221.8754	0	221.8754	0.082498	0.7027373	0.00149784	8.401987	3.027737
4788	0	-277.7564	0	-277.7564	0.07305741	0.6705026	0.1370346	9.487705	-6.362849
4789	1	222.6203	0	222.6203	0.07985287	0.6942696	0.001467364	8.680304	3.032256
4790	0	-279.8673	0	-279.8673	0.07326363	0.6712697	0.1812144	9.460999	-6.403518
4791	1	223.7068	0	223.7068	0.09341205	0.7337121	0.001555155	7.420318	3.032256
4792	0	-278.8239	0	-278.8239	0.1145953	0.7796989	0.204916	6.048654	-6.466828
4793	1	222.0688	0	222.0688	0.08942293	0.7230773	0.001449002	7.751336	3.062205
4794	0	-282.8915	0	-282.8915	0.08605767	0.7135076	0.2267538	8.05445	-6.465478
4795	1	222.2823	0	222.2823	0.1363753	0.8136747	0.002020217	5.082646	3.062205
4796	0	-278.4294	0	-278.4294	0.1101524	0.7713086	0.1965883	6.292619	-6.422915
4797	1	221.9605	0	221.9605	0.1426542	0.8216889	0.002033764	4.858934	3.062205
4798	0	-279.6972	0	-279.6972	0.09545009	0.738869	0.1759277	7.261881	-6.588074
4799	1	224.0887	0	224.0887	0.1079119	0.7668507	0.001570123	6.42327	3.033134
4800	0	-277.9537	0	-277.9537	0.09133128	0.728257	0.1790061	7.589373	-6.373312
4801	1	221.2802	0	221.2802	0.09432333	0.7360402	0.001931996	7.348629	3.033134
4802	0	-280.4941	0	-280.4941	0.0792487	0.6922769	0.1902715	8.74648	-6.312351
4803	1	223.448	0	223.448	0.09155852	0.7288624	0.001403011	7.570537	3.056268
4804	0	-281.8645	0	-281.8645	0.07980079	0.6940987	0.1542941	8.685969	-6.689226
4805	1	222.9661	0	222.9661	0.1074662	0.7659449	0.001455134	6.449908	3.056268
4806	0	-278.7313	0	-278.7313	0.09186911	0.7296859	0.1961895	7.544943	-6.387042
4807	1	223.742	0	223.742	0.0999791	0.7497105	0.001487293	6.932921	3.056268
4808	0	-278.3183	0	-278.3183	0.09409637	0.7354637	0.1712578	7.366354	-6.518523
4809	1	224.0504	0	224.0504	0.1037605	0.7581571	0.00171308	6.680257	3.056268
4810	0	-277.9587	0	-277.9587	0.05389653	0.5836513	0.1202418	12.8607	-6.433787
4811	1	225.3352	0	225.3352	0.1175048	0.7848908	0.001719818	5.898883	3.038388
4812	0	-277.6129	0	-277.6129	0.08627462	0.714142	0.1545866	8.034196	-6.45574
4813	1	223.5887	0	223.5887	0.1038596	0.7583713	0.001381287	6.673887	3.038388
4814	0	-279.3592	0	-279.3592	0.07118246	0.6633867	0.1448958	9.737611	-6.612754
4815	1	225.1534	0	225.1534	0.1582427	0.8389781	0.002423743	4.38028	3.038388
4816	0	-282.8006	0	-282.8006	0.03575723	0.4619511	0.09753591	19.38481	-6.184214
4817	1	223.3226	0	223.3226	0.1217703	0.7921022	0.002280458	5.692253	3.038388
4818	0	-279.2413	0	-279.2413	0.04095386	0.5019252	0.1066686	16.92508	-6.471457
4819	1	225.2074	0	225.2074	0.1501782	0.8304598	0.002343191	4.615498	3.038388
4820	0	-279.6114	0	-279.6114	0.05300965	0.5787477	0.1387487	13.07587	-6.333623
4821	1	225.5494	0	225.5494	0.1502048	0.8304894	0.002113118	4.614681	3.041292
4822	0	-279.4983	0	-279.4983	0.120307	0.7896798	0.1947571	5.761488	-6.437353
4823	1	225.4019	0	225.4019	0.154693	0.8353333	0.002414421	4.480793	3.041292
4824	0	-278.9473	0	-278.9473	0.1117201	0.7743356	0.2121955	6.204318	-6.368642
4825	1	225.5463	0	225.5463	0.1506149	0.8309434	0.002319754	4.602115	3.041292
4826	0	-282.2983	0	-282.2983	0.1031707	0.7568738	0.1429408	6.71845	-6.407405
4827	1	224.3725	0	224.3725	0.2104841	0.8787284	0.003061726	3.29311	3.041292
4828	0	-281.8472	0	-281.8472	0.1223894	0.7931115	0.2250517	5.663456	-6.248343
4829	1	225.2087	0	225.2087	0.17607	0.8551336	0.002553789	3.936771	3.041292
4830	0	-278.9487	0	-278.9487	0.1148982	0.7802503	0.2156744	6.032706	-6.385716
4831	1	225.0176	0	225.0176	0.1452902	0.8248595	0.001918181	4.770776	3.041292
4832	0	-281.8176	0	-281.8176	0.1111402	0.7732246	0.1797052	6.23669	-6.253837
4833	1	222.7859	0	222.7859	0.1616682	0.8423496	0.002987289	4.287468	3.041292
4834	0	-279.2586	0	-279.2586	0.1189986	0.7874688	0.2151722	5.824833	-6.364193
4835	1	221.5341	0	221.5341	0.1856472	0.8625634	0.002101059	3.73368	3.041292
4836	0	-277.8496	0	-277.8496	0.09348084	0.7338891	0.169249	7.414858	-6.475544
4837	1	225.3656	0	225.3656	0.1666261	0.8469923	0.002369081	4.159897	3.041292
4838	0	-277.6034	0	-277.6034	0.07389113	0.6735854	0.156956	9.380655	-6.435155
4839	1	225.6096	0	225.6096	0.1479946	0.8280013	0.002222079	4.683597	3.047901
4840	0	-277.694	0	-277.694	0.08945275	0.7231596	0.1576765	7.748752	-6.421834
4841	1	220.5661	0	220.5661	0.07782242	0.687483	0.001719965	8.90678	3.047901
4842	0	-278.834	0	-278.834	0.1165931	0.7832886	0.2037286	5.945008	-6.44096
4843	1	222.0637	0	222.0637	0.06436974	0.6352265	0.001150603	10.76821	3.047901
4844	0	-278.1571	0	-278.1571	0.08346288	0.7057256	0.167443	8.304856	-6.333467
4845	1	225.4678	0	225.4678	0.1533872	0.8339519	0.002165255	4.518938	3.047901
4846	0	-279.6125	0	-279.6125	0.06203113	0.6246474	0.1484937	11.17418	-6.279508
4847	1	224.4499	0	224.4499	0.1931376	0.8678702	0.002551439	3.588878	3.046153
4848	0	-278.3201	0	-278.3201	0.08678352	0.7156204	0.1478257	7.987083	-6.362495
4849	1	225.0958	0	225.0958	0.1206426	0.79024	0.002057058	5.745461	3.046288
4850	0	-278.3935	0	-278.3935	0.0627866	0.6281195	0.1495371	11.03973	-6.416289
4851	1	223.0251	0	223.0251	0.1954451	0.8694244	0.002778943	3.546506	3.056034
4852	0	-277.7152	0	-277.7152	0.07755723	0.6865775	0.137977	8.937235	-6.41221
4853	1	224.818	0	224.818	0.1337047	0.810054	0.001952818	5.184163	3.03459
4854	0	-277.4091	0	-277.4091	0.08397773	0.7072988	0.1606607	8.253941	-6.446028
4855	1	224.0877	0	224.0877	0.1749727	0.8542316	0.002735487	3.961459	3.053296
4856	0	-277.6004	0	-277.6004	0.07070072	0.6615164	0.147292	9.803962	-6.376314
4857	1	224.8189	0	224.8189	0.1057154	0.7623234	0.001731115	6.556726	3.052344
4858	0	-279.1471	0	-279.1471	0.08094637	0.6978201	0.1557327	8.563042	-6.267626
4859	1	221.8182	0	221.8182	0.1195735	0.7884456	0.002375271	5.796829	3.052344
4860	0	-278.2771	0	-278.2771	0.05984356	0.6142882	0.1328147	11.58265	-6.536777
4861	1	223.3805	0	223.3805	0.1022798	0.754912	0.001952298	6.776969	3.048689
4862	0	-277.6302	0	-277.6302	0.06841604	0.6524042	0.1288607	10.13136	-6.448216
4863	1	225.6235	0	225.6235	0.123124	0.7942971	0.001825086	5.629667	3.048689
4864	0	-278.3736	0	-278.3736	0.07650067	0.682925	0.1650239	9.060669	-6.3372
4865	1	223.7751	0	223.7751	0.09124125	0.7280165	0.001300569	7.596862	3.048689
4866	0	-278.1212	0	-278.1212	0.07554762	0.6795674	0.1355611	9.17497	-6.352569
4867	1	224.3698	0	224.3698	0.08681139	0.715701	0.001435672	7.984519	3.039343
4868	0	-277.6339	0	-277.6339	0.09043309	0.7258406	0.1623908	7.664752	-6.41382
4869	1	224.6901	0	224.6901	0.1500293	0.8302944	0.002270522	4.620078	3.053745
4870	0	-278.2357	0	-278.2357	0.1059331	0.7627793	0.1922411	6.543251	-6.445083
4871	1	225.2363	0	225.2363	0.117304	0.7845398	0.001866337	5.908981	3.037417
4872	0	-277.5751	0	-277.5751	0.06723761	0.6475425	0.1288544	10.30892	-6.417946
4873	1	225.18	0	225.18	0.1164888	0.7831038	0.001726406	5.950335	3.05154
4874	0	-277.7185	0	-277.7185	0.05939098	0.6120867	0.1314503	11.67092	-6.418133
4875	1	224.3822	0	224.3822	0.1660841	0.8464978	0.002524162	4.173472	3.034733
4876	0	-280.6147	0	-280.6147	0.03487243	0.4546629	0.1114646	19.87665	-6.431882
4877	1	223.9269	0	223.9269	0.1518842	0.8323339	0.002534866	4.563655	3.053973
4878	0	-277.3263	0	-277.3263	0.0770057	0.6846799	0.1471951	9.001246	-6.414633
4879	1	224.2399	0	224.2399	0.1826345	0.8603085	0.002396707	3.795269	3.038697
4880	0	-280.6824	0	-280.6824	0.09755	0.7439985	0.2215649	7.105558	-6.332495
4881	1	222.5714	0	222.5714	0.1615727	0.8422575	0.001907359	4.290002	3.038697
4882	0	-278.054	0	-278.054	0.06805264	0.650917	0.1546093	10.18546	-6.417319
4883	1	225.3394	0	225.3394	0.1099964	0.7710033	0.001712038	6.301542	3.038697
4884	0	-277.5196	0	-277.5196	0.08114507	0.6984577	0.1471595	8.542074	-6.452587
4885	1	224.6755	0	224.6755	0.1029134	0.7563102	0.001477012	6.735246	3.038697
4886	0	-278.2495	0	-278.2495	0.08661531	0.7151332	0.184489	8.002594	-6.432754
4887	1	224.2299	0	224.2299	0.1032987	0.7571533	0.001397029	6.710126	3.044804
4888	0	-279.5174	0	-279.5174	0.04468937	0.5279213	0.1028311	15.51034	-6.535725
4889	1	224.309	0	224.309	0.1960068	0.8697972	0.003126956	3.536343	3.044804
4890	0	-277.5184	0	-277.5184	0.06475454	0.6369201	0.128448	10.70423	-6.4342
4891	1	223.8606	0	223.8606	0.1952738	0.8693102	0.003238099	3.549618	3.044804
4892	0	-277.6823	0	-277.6823	0.06675577	0.6455219	0.1412011	10.38333	-6.495003
4893	1	224.4913	0	224.4913	0.1594003	0.8401331	0.002706443	4.348468	3.044804
4894	0	-278.0627	0	-278.0627	0.07112552	0.6631665	0.1450056	9.745408	-6.323889
4895	1	225.4808	0	225.4808	0.1669745	0.8473086	0.002404404	4.151215	3.044804
4896	0	-278.8037	0	-278.8037	0.05852578	0.6078209	0.1448569	11.84345	-6.382581
4897	1	224.6635	0	224.6635	0.1197387	0.7887247	0.001608095	5.788833	3.039038
4898	0	-277.5609	0	-277.5609	0.06912006	0.6552556	0.1434395	10.02816	-6.485913
4899	1	225.4844	0	225.4844	0.1183829	0.7864131	0.001856919	5.855131	3.039038
4900	0	-277.9964	0	-277.9964	0.06636903	0.6438861	0.1376128	10.44384	-6.333253
4901	1	225.1594	0	225.1594	0.1118734	0.7746276	0.001611433	6.195818	3.039038
4902	0	-279.2422	0	-279.2422	0.08379952	0.7067559	0.1486048	8.271493	-6.576601
4903	1	225.2336	0	225.2336	0.1062258	0.7633895	0.001611433	6.525226	3.039038
4904	0	-280.346	0	-280.346	0.08536063	0.7114527	0.1790047	8.120221	-6.620806
4905	1	225.0067	0	225.0067	0.1631268	0.8437438	0.002554646	4.249132	3.039038
4906	0	-282.0146	0	-282.0146	0.06020572	0.6160353	0.171618	11.51298	-6.355451
4907	1	224.4399	0	224.4399	0.1843092	0.8615709	0.0024065	3.760784	3.041182
4908	0	-281.2823	0	-281.2823	0.03099034	0.420873	0.1015683	22.36656	-6.328031
4909	1	224.4596	0	224.4596	0.1141421	0.7788692	0.002051917	6.07267	3.044507
4910	0	-278.9657	0	-278.9657	0.06189722	0.6240265	0.1213628	11.19836	-6.571597
4911	1	224.1562	0	224.1562	0.1493295	0.8295124	0.002194443	4.64173	3.055996
4912	0	-278.9613	0	-278.9613	0.0666408	0.6450369	0.1205253	10.40124	-6.539556
4913	1	224.0756	0	224.0756	0.09123034	0.7279873	0.001628145	7.597771	3.037925
4914	0	-277.7085	0	-277.7085	0.06820049	0.6515234	0.1325018	10.16338	-6.367734
4915	1	225.285	0	225.285	0.1115801	0.7740682	0.001724375	6.212104	3.037925
4916	0	-280.5895	0	-280.5895	0.0536885	0.5825093	0.1334502	12.91053	-6.644026
4917	1	224.0842	0	224.0842	0.1910283	0.8664173	0.002540747	3.628505	3.037925
4918	0	-278.4447	0	-278.4447	0.08549392	0.7118476	0.1713971	8.107561	-6.540446
4919	1	224.6194	0	224.6194	0.1848753	0.8619926	0.002643946	3.749268	3.037925
4920	0	-279.2464	0	-279.2464	0.1059812	0.7628797	0.2182259	6.540284	-6.472998
4921	1	224.7262	0	224.7262	0.1796545	0.8580052	0.002503072	3.858224	3.049899
4922	0	-278.8124	0	-278.8124	0.1144048	0.7793509	0.1983007	6.058727	-6.39141
4923	1	224.4777	0	224.4777	0.09659979	0.7417	0.001415825	7.175452	3.049899
4924	0	-277.4109	0	-277.4109	0.06948119	0.656703	0.1351708	9.976041	-6.4518
4925	1	225.1046	0	225.1046	0.1250941	0.7974147	0.002072186	5.541006	3.049899
4926	0	-277.6761	0	-277.6761	0.07656929	0.6831644	0.1438232	9.052548	-6.49908
4927	1	224.5698	0	224.5698	0.1034527	0.7574888	0.001465118	6.700139	3.049899
4928	0	-277.8853	0	-277.8853	0.08282701	0.7037622	0.1585423	8.368613	-6.516349
4929	1	225.423	0	225.423	0.1234844	0.7948742	0.00179239	5.613235	3.049899
4930	0	-277.458	0	-277.458	0.06950877	0.6568131	0.1452932	9.972082	-6.458547
4931	1	224.4033	0	224.4033	0.1283255	0.8023398	0.001675519	5.401477	3.049899
4932	0	-279.2723	0	-279.2723	0.05660551	0.5980766	0.1291244	12.24523	-6.597937
4933	1	223.5846	0	223.5846	0.1841573	0.8614573	0.002394725	3.763887	3.035963
4934	0	-277.4506	0	-277.4506	0.07049498	0.6607124	0.14585	9.832575	-6.398739
4935	1	224.9779	0	224.9779	0.1492896	0.8294676	0.00218401	4.642971	3.035963
4936	0	-279.8644	0	-279.8644	0.0621199	0.6250582	0.1604891	11.15821	-6.49719
4937	1	224.4004	0	224.4004	0.09373379	0.7345382	0.001506919	7.394849	3.035963
4938	0	-278.8675	0	-278.8675	0.0908173	0.7268789	0.1946519	7.632326	-6.492839
4939	1	224.3797	0	224.3797	0.1173588	0.7846357	0.001615364	5.906221	3.035659
4940	0	-280.1816	0	-280.1816	0.09738038	0.7435909	0.2175324	7.117934	-6.507624
4941	1	224.9965	0	224.9965	0.1271085	0.8005117	0.002010335	5.453194	3.035659
4942	0	-278.6463	0	-278.6463	0.1078192	0.7666627	0.1802542	6.428794	-6.403235
4943	1	223.1963	0	223.1963	0.1706253	0.8505468	0.002141009	4.062395	3.035659
4944	0	-278.9907	0	-278.9907	0.08685845	0.7158369	0.1577507	7.980193	-6.288291
4945	1	224.693	0	224.693	0.1547012	0.8353419	0.002167809	4.480555	3.035659
4946	0	-283.031	0	-283.031	0.0718922	0.6661106	0.2014365	9.64148	-6.389149
4947	1	222.3082	0	222.3082	0.1521336	0.8326045	0.002831802	4.556173	3.035659
4948	0	-279.1208	0	-279.1208	0.1080509	0.7671319	0.2120784	6.415004	-6.351716
4949	1	225.4717	0	225.4717	0.1396917	0.8179916	0.002257499	4.961977	3.043404
4950	0	-277.981	0	-277.981	0.09335954	0.7335768	0.1781542	7.424493	-6.489132
4951	1	224.0447	0	224.0447	0.1221328	0.7926943	0.00222099	5.675357	3.047993
4952	0	-278.247	0	-278.247	0.07525233	0.6785147	0.1680817	9.210973	-6.461115
4953	1	225.6229	0	225.6229	0.1510145	0.8313835	0.002117874	4.589938	3.043491
4954	0	-279.0563	0	-279.0563	0.1141025	0.7787965	0.186969	6.074778	-6.423641
4955	1	225.7821	0	225.7821	0.1340048	0.8104674	0.001917079	5.172557	3.04357
4956	0	-277.5192	0	-277.5192	0.07367255	0.6727819	0.1364036	9.408486	-6.450161
4957	1	224.6818	0	224.6818	0.1302215	0.8051257	0.002275853	5.322831	3.04357
4958	0	-279.7633	0	-279.7633	0.07199748	0.6665115	0.1549348	9.627381	-6.242103
4959	1	225.0588	0	225.0588	0.1781835	0.8568404	0.002647042	3.890076	3.040373
4960	0	-278.4408	0	-278.4408	0.05793997	0.6048891	0.1363899	11.96319	-6.351216
4961	1	225.6202	0	225.6202	0.1335152	0.8097919	0.002084599	5.191523	3.040373
4962	0	-278.6006	0	-278.6006	0.09599587	0.7402198	0.1804486	7.220594	-6.323369
4963	1	225.4109	0	225.4109	0.1550879	0.8357467	0.00238388	4.469382	3.040373
4964	0	-280.0572	0	-280.0572	0.0518154	0.5719977	0.1386411	13.37724	-6.312903
4965	1	224.5859	0	224.5859	0.1650618	0.8455566	0.002724333	4.199319	3.040373
4966	0	-279.4723	0	-279.4723	0.08444689	0.7087197	0.1411892	8.208084	-6.304972
4967	1	224.8045	0	224.8045	0.154539	0.8351716	0.002515477	4.485258	3.038547
4968	0	-278.2873	0	-278.2873	0.09671474	0.74198	0.1682597	7.166924	-6.493925
4969	1	225.4989	0	225.4989	0.1394881	0.8177321	0.00207766	4.969222	3.038547
4970	0	-277.8793	0	-277.8793	0.08325695	0.7050922	0.1488591	8.325397	-6.495105
4971	1	225.0684	0	225.0684	0.1576021	0.8383321	0.002174796	4.398083	3.038547
4972	0	-278.6489	0	-278.6489	0.09816765	0.745473	0.1673419	7.060851	-6.34695
4973	1	225.1447	0	225.1447	0.1461756	0.8259002	0.001988453	4.741879	3.049126
4974	0	-281.8194	0	-281.8194	0.08576617	0.7126514	0.1662068	8.081825	-6.679428
4975	1	225.5309	0	225.5309	0.1422301	0.8211684	0.002166015	4.873422	3.049126
4976	0	-280.1406	0	-280.1406	0.1019817	0.7542491	0.2244852	6.796777	-6.361023
4977	1	224.2471	0	224.2471	0.182178	0.8599604	0.002376457	3.80478	3.049126
4978	0	-279.0206	0	-279.0206	0.09312279	0.7329654	0.1607033	7.443368	-6.546147
4979	1	225.0029	0	225.0029	0.1750994	0.8543363	0.002601497	3.958594	3.049126
4980	0	-277.9788	0	-277.9788	0.09820759	0.7455678	0.1880339	7.05798	-6.409436
4981	1	222.3701	0	222.3701	0.2746999	0.9070552	0.00396157	2.523289	3.049126
4982	0	-278.9401	0	-278.9401	0.09890957	0.7472241	0.1901525	7.007888	-6.315732
4983	1	221.2126	0	221.2126	0.2532321	0.8991786	0.004382538	2.737201	3.048797
4984	0	-280.1095	0	-280.1095	0.1376131	0.8153086	0.2462111	5.036928	-6.414013
4985	1	225.3167	0	225.3167	0.1483646	0.8284227	0.002079803	4.671919	3.038966
4986	0	-282.0161	0	-282.0161	0.1604235	0.8411406	0.2591643	4.320735	-6.458746
4987	1	225.0921	0	225.0921	0.1701157	0.8501029	0.002446036	4.074564	3.038966
4988	0	-280.1298	0	-280.1298	0.1131225	0.7769814	0.222217	6.127404	-6.543796
4989	1	224.4236	0	224.4236	0.151922	0.8323749	0.002575003	4.56252	3.038966
4990	0	-279.1917	0	-279.1917	0.1139466	0.7785096	0.2173742	6.083088	-6.489698
4991	1	224.9846	0	224.9846	0.1686873	0.8488448	0.002336466	4.109065	3.038966
4992	0	-279.1463	0	-279.1463	0.04456714	0.5271042	0.1088959	15.55287	-6.52504
4993	1	225.5755	0	225.5755	0.1304281	0.8054246	0.001934661	5.314402	3.038966
4994	0	-277.8826	0	-277.8826	0.07737011	0.6859359	0.1647052	8.95885	-6.384794
4995	1	224.7688	0	224.7688	0.1262301	0.7991723	0.002161455	5.491142	3.038966
4996	0	-279.2401	0	-279.2401	0.1198747	0.788954	0.2035212	5.782264	-6.384794
4997	1	223.7901	0	223.7901	0.1850329	0.8621095	0.00292095	3.746076	3.053089
4998	0	-279.0113	0	-279.0113	0.06185097	0.6238116	0.1315339	11.20673	-6.594312
4999	1	224.1655	0	224.1655	0.1870722	0.8636052	0.003064719	3.705239	3.041295
5000	0	-278.9637	0	-278.9637	0.107258	0.7655195	0.2123202	6.462429	-6.481973
5001	1	223.6215	0	223.6215	0.2120033	0.8795956	0.003428574	3.269511	3.041295
5002	0	-280.2781	0	-280.2781	0.1232564	0.7945094	0.242826	5.623621	-6.343574
5003	1	225.6133	0	225.6133	0.1517019	0.8321354	0.002282254	4.569141	3.041295
5004	0	-279.5306	0	-279.5306	0.08375192	0.7066106	0.1829413	8.276195	-6.294125
5005	1	225.555	0	225.555	0.1435617	0.8227927	0.002180741	4.828219	3.048812
5006	0	-277.8861	0	-277.8861	0.06487774	0.6374596	0.1467819	10.6839	-6.423413
5007	1	224.1844	0	224.1844	0.2144078	0.8809432	0.003156039	3.232845	3.040549
5008	0	-278.3728	0	-278.3728	0.08547353	0.7117873	0.1412517	8.109495	-6.425863
5009	1	224.139	0	224.139	0.196642	0.8702163	0.002569513	3.52492	3.040549
5010	0	-278.9354	0	-278.9354	0.08395617	0.7072332	0.1599947	8.25606	-6.578254
5011	1	225.1694	0	225.1694	0.1543175	0.8349384	0.002469142	4.491694	3.040549
5012	0	-278.7732	0	-278.7732	0.1029761	0.7564477	0.1981343	6.731145	-6.510287
5013	1	225.081	0	225.081	0.1162635	0.7827038	0.001922832	5.961863	3.038021
5014	0	-278.219	0	-278.219	0.1010791	0.752222	0.1847201	6.857473	-6.482878
5015	1	225.435	0	225.435	0.1377462	0.8154826	0.002033166	5.032062	3.038021
5016	0	-278.0277	0	-278.0277	0.08614971	0.713777	0.1799073	8.045845	-6.452175
5017	1	222.5141	0	222.5141	0.2689364	0.9050639	0.00412468	2.577364	3.046692
5018	0	-277.5585	0	-277.5585	0.06821838	0.6515966	0.1297093	10.16071	-6.436875
5019	1	219.2063	0	219.2063	0.3955425	0.9354495	0.005471119	1.752396	3.046692
5020	0	-278.6947	0	-278.6947	0.09721358	0.7431889	0.1986253	7.130148	-6.363892
5021	1	220.7348	0	220.7348	0.2399682	0.8936095	0.00274182	2.888496	3.046692
5022	0	-277.475	0	-277.475	0.08516119	0.71086	0.1630389	8.139238	-6.457144
5023	1	224.5003	0	224.5003	0.1909789	0.8663828	0.002665945	3.629444	3.038504
5024	0	-278.2294	0	-278.2294	0.09693113	0.7425057	0.1719798	7.150924	-6.496833
5025	1	223.4762	0	223.4762	0.22537	0.8867253	0.003445996	3.075596	3.038504
5026	0	-279.0907	0	-279.0907	0.1184449	0.78652	0.2220286	5.852062	-6.399802
5027	1	222.8206	0	222.8206	0.2479451	0.89703	0.003799121	2.795567	3.038504
5028	0	-279.6921	0	-279.6921	0.1176327	0.7851137	0.2376639	5.89247	-6.444685
5029	1	221.1212	0	221.1212	0.3166114	0.9193574	0.004469738	2.189268	3.038504
5030	0	-282.2947	0	-282.2947	0.1117017	0.7743004	0.157336	6.205344	-6.490481
5031	1	219.1219	0	219.1219	0.2319632	0.8899413	0.004549767	2.988178	3.044849
5032	0	-278.2916	0	-278.2916	0.065554	0.6403975	0.1195917	10.57368	-6.473751
5033	1	221.9254	0	221.9254	0.2875427	0.9112058	0.004481463	2.410588	3.044849
5034	0	-277.5264	0	-277.5264	0.0781117	0.6884657	0.1607804	8.873794	-6.446135
5035	1	222.4488	0	222.4488	0.2677639	0.9046483	0.004192886	2.588651	3.044849
5036	0	-280.1447	0	-280.1447	0.07565545	0.6799503	0.1185386	9.161894	-6.467005
5037	1	224.3419	0	224.3419	0.2031984	0.8743911	0.003161349	3.411184	3.044849
5038	0	-278.3179	0	-278.3179	0.07319548	0.6710165	0.1565102	9.469809	-6.538917
5039	1	219.554	0	219.554	0.1912046	0.8665399	0.003864072	3.62516	3.044849
5040	0	-277.8439	0	-277.8439	0.0706157	0.6611846	0.145373	9.815766	-6.520532
5041	1	225.0773	0	225.0773	0.1663751	0.8467638	0.002219516	4.166171	3.044849
5042	0	-279.5192	0	-279.5192	0.08957407	0.7234939	0.1472214	7.738257	-6.544701
5043	1	225.4537	0	225.4537	0.1398261	0.8181626	0.001904152	4.957207	3.044849
5044	0	-282.7741	0	-282.7741	0.1022986	0.7549537	0.2517865	6.775724	-6.497099
5045	1	223.3748	0	223.3748	0.1683368	0.8485329	0.00202139	4.117622	3.044849
5046	0	-279.9139	0	-279.9139	0.04488643	0.5292341	0.1226418	15.44224	-6.558031
5047	1	223.9518	0	223.9518	0.2200433	0.8839872	0.003389771	3.150049	3.044849
5048	0	-280.0042	0	-280.0042	0.05424065	0.5855294	0.1483452	12.77911	-6.434423
5049	1	224.7231	0	224.7231	0.1748694	0.8541461	0.002828729	3.963799	3.044849
5050	0	-278.9889	0	-278.9889	0.09137313	0.7283687	0.1850709	7.585898	-6.307058
5051	1	222.2014	0	222.2014	0.2645779	0.9035004	0.003342212	2.619822	3.044849
5052	0	-278.1442	0	-278.1442	0.09500507	0.7377582	0.1599445	7.295897	-6.423712
5053	1	224.0035	0	224.0035	0.228275	0.8881651	0.003273656	3.036456	3.044849
5054	0	-279.3491	0	-279.3491	0.04077088	0.5005956	0.1106874	17.00104	-6.470715
5055	1	224.8711	0	224.8711	0.1330423	0.8091351	0.00224843	5.209975	3.039328
5056	0	-277.9808	0	-277.9808	0.06270326	0.6277391	0.1198763	11.0544	-6.406766
5057	1	225.0932	0	225.0932	0.1184655	0.7865554	0.001648703	5.851046	3.039328
5058	0	-281.4232	0	-281.4232	0.04069744	0.5000605	0.1198996	17.03171	-6.247587
5059	1	224.3819	0	224.3819	0.1339655	0.8104134	0.002343321	5.174074	3.039328
5060	0	-279.9084	0	-279.9084	0.03598723	0.4638216	0.09996984	19.26092	-6.413083
5061	1	224.8782	0	224.8782	0.1164602	0.7830531	0.001995321	5.951796	3.039328
5062	0	-277.5466	0	-277.5466	0.08965748	0.7237233	0.1701235	7.731058	-6.426665
5063	1	225.3409	0	225.3409	0.1416299	0.820427	0.002248543	4.894072	3.039328
5064	0	-278.0949	0	-278.0949	0.09898924	0.7474108	0.1861868	7.002248	-6.47467
5065	1	224.6406	0	224.6406	0.1864922	0.8631831	0.002563802	3.716763	3.039328
5066	0	-278.6437	0	-278.6437	0.1061983	0.7633324	0.1909609	6.526913	-6.3544
5067	1	224.9726	0	224.9726	0.1623423	0.842997	0.002199669	4.269664	3.039328
5068	0	-281.1292	0	-281.1292	0.1073241	0.7656546	0.2170513	6.458449	-6.597877
5069	1	225.3174	0	225.3174	0.1031077	0.756736	0.001553437	6.722554	3.042438
5070	0	-279.7966	0	-279.7966	0.1186345	0.7868456	0.2272114	5.842714	-6.510977
5071	1	223.3302	0	223.3302	0.1391423	0.8172898	0.00258713	4.981569	3.042438
5072	0	-278.7375	0	-278.7375	0.09979676	0.7492897	0.2003277	6.945588	-6.496754
5073	1	224.3378	0	224.3378	0.2009176	0.8729693	0.002666598	3.449908	3.042438
5074	0	-277.8097	0	-277.8097	0.07062381	0.6612162	0.136421	9.814639	-6.513773
5075	1	225.7725	0	225.7725	0.1455066	0.8251148	0.002136501	4.763683	3.042438
5076	0	-279.8519	0	-279.8519	0.0914972	0.7286992	0.1435069	7.575611	-6.339935
5077	1	222.9774	0	222.9774	0.1576523	0.8383829	0.002909917	4.396682	3.042438
5078	0	-280.075	0	-280.075	0.08390543	0.7070787	0.1301326	8.261053	-6.500621
5079	1	225.4222	0	225.4222	0.1275896	0.8012382	0.001874072	5.432632	3.037986
5080	0	-279.8295	0	-279.8295	0.07726336	0.6855689	0.1721257	8.971228	-6.594206
5081	1	225.5615	0	225.5615	0.1390176	0.8171297	0.00214291	4.98604	3.039649
5082	0	-277.9504	0	-277.9504	0.09347538	0.733875	0.1793749	7.415291	-6.373712
5083	1	224.8134	0	224.8134	0.1146553	0.7798085	0.001981255	6.045485	3.039649
5084	0	-278.2	0	-278.2	0.07844322	0.6895852	0.1701464	8.836292	-6.487833
5085	1	225.2038	0	225.2038	0.1119066	0.7746909	0.001856315	6.193977	3.039649
5086	0	-277.8616	0	-277.8616	0.06817986	0.6514388	0.126858	10.16645	-6.388502
5087	1	224.5197	0	224.5197	0.1431035	0.8222371	0.002196513	4.843676	3.054866
5088	0	-278.1553	0	-278.1553	0.05124622	0.56872	0.1178219	13.52582	-6.429006
5089	1	225.6791	0	225.6791	0.1347227	0.8114498	0.002026684	5.144993	3.039988
5090	0	-283.3411	0	-283.3411	0.0829142	0.7040327	0.2209206	8.359813	-6.326165
5091	1	224.4902	0	224.4902	0.171675	0.8514532	0.00223286	4.037554	3.039988
5092	0	-281.3141	0	-281.3141	0.1537523	0.8343404	0.253615	4.508208	-6.434381
5093	1	224.1153	0	224.1153	0.1928058	0.8676437	0.003102248	3.595054	3.039988
5094	0	-277.5943	0	-277.5943	0.07300255	0.670298	0.1549994	9.494835	-6.412372
5095	1	223.3922	0	223.3922	0.1260866	0.7989518	0.002358389	5.497392	3.039988
5096	0	-277.8243	0	-277.8243	0.09775931	0.7444999	0.17883	7.090344	-6.429889
5097	1	225.6845	0	225.6845	0.1337192	0.810074	0.00200352	5.183601	3.039988
5098	0	-279.4698	0	-279.4698	0.07058515	0.6610652	0.1680073	9.820014	-6.324658
5099	1	225.3549	0	225.3549	0.109057	0.7691488	0.001761237	6.355826	3.039988
5100	0	-279.1927	0	-279.1927	0.06408079	0.6339461	0.1127696	10.81677	-6.493421
5101	1	224.4203	0	224.4203	0.1187357	0.7870191	0.002125036	5.837734	3.041606
5102	0	-278.0279	0	-278.0279	0.08276885	0.7035815	0.1593062	8.374494	-6.527449
5103	1	225.0776	0	225.0776	0.1803984	0.8585871	0.002528436	3.842313	3.041606
5104	0	-278.3859	0	-278.3859	0.09096183	0.7272677	0.1738452	7.620198	-6.53189
5105	1	222.1538	0	222.1538	0.1798326	0.8581449	0.003337228	3.854402	3.041606
5106	0	-278.1826	0	-278.1826	0.1021933	0.75472	0.1852008	6.782705	-6.471517
5107	1	224.5973	0	224.5973	0.202334	0.873856	0.002959818	3.425757	3.041606
5108	0	-278.1236	0	-278.1236	0.09101082	0.7273992	0.1530389	7.616096	-6.414729
5109	1	223.5854	0	223.5854	0.234645	0.891198	0.003553741	2.954024	3.041606
5110	0	-279.0042	0	-279.0042	0.09449792	0.7364821	0.1530389	7.335052	-6.495464
5111	1	225.6328	0	225.6328	0.1519847	0.832443	0.002282306	4.560638	3.041606
5112	0	-279.4284	0	-279.4284	0.08760035	0.7179655	0.1866426	7.912607	-6.561235
5113	1	225.1104	0	225.1104	0.1610358	0.8417376	0.002244723	4.304305	3.049618
5114	0	-278.016	0	-278.016	0.0765214	0.6829973	0.161072	9.058214	-6.511329
5115	1	224.9204	0	224.9204	0.1468914	0.8267328	0.002407204	4.718774	3.049618
5116	0	-277.8718	0	-277.8718	0.09167053	0.7291599	0.1787085	7.561287	-6.383029
5117	1	224.2786	0	224.2786	0.1827085	0.8603648	0.002407204	3.793732	3.049618
5118	0	-279.2128	0	-279.2128	0.1093984	0.7698259	0.210073	6.33599	-6.513195
5119	1	225.0985	0	225.0985	0.1251648	0.797525	0.002081092	5.537876	3.049618
5120	0	-281.1846	0	-281.1846	0.1395541	0.8178163	0.2444471	4.96687	-6.320795
5121	1	225.4243	0	225.4243	0.1214531	0.7915816	0.001935097	5.707118	3.049618
5122	0	-277.7368	0	-277.7368	0.08863528	0.7208883	0.1554762	7.820218	-6.446849
5123	1	225.1998	0	225.1998	0.1037594	0.7581546	0.001628264	6.680332	3.049618
5124	0	-277.929	0	-277.929	0.08228389	0.7020671	0.161133	8.42385	-6.518679
5125	1	225.4343	0	225.4343	0.1196165	0.7885183	0.001748912	5.794747	3.049618
5126	0	-279.3738	0	-279.3738	0.06598877	0.6422655	0.1648023	10.50402	-6.419871
5127	1	225.046	0	225.046	0.161028	0.8417301	0.002609117	4.304513	3.044382
5128	0	-281.6559	0	-281.6559	0.09214771	0.7304209	0.1999927	7.522131	-6.22011
5129	1	225.2282	0	225.2282	0.1791475	0.8576058	0.002638305	3.869142	3.044382
5130	0	-279.642	0	-279.642	0.07257648	0.6687017	0.1780316	9.550576	-6.463548
5131	1	225.3987	0	225.3987	0.1678802	0.8481247	0.002537861	4.12882	3.044382
5132	0	-277.8182	0	-277.8182	0.06005154	0.6152931	0.1326063	11.54254	-6.483933
5133	1	223.6399	0	223.6399	0.2397749	0.8935238	0.003538352	2.890824	3.044382
5134	0	-278.3231	0	-278.3231	0.08141353	0.6993153	0.1701732	8.513907	-6.524263
5135	1	225.7179	0	225.7179	0.1525006	0.8330011	0.0022697	4.545211	3.044382
5136	0	-278.5783	0	-278.5783	0.06506885	0.6382938	0.140072	10.65252	-6.568618
5137	1	222.2384	0	222.2384	0.2390518	0.8932019	0.002902316	2.899569	3.044382
5138	0	-277.7595	0	-277.7595	0.07111915	0.6631419	0.1294254	9.74628	-6.425247
5139	1	225.306	0	225.306	0.1755697	0.8547237	0.002587864	3.947989	3.044382
5140	0	-277.9655	0	-277.9655	0.07666252	0.6834892	0.1665674	9.041539	-6.454537
5141	1	222.3147	0	222.3147	0.1313524	0.8067521	0.001532338	5.277003	3.044382
5142	0	-277.8958	0	-277.8958	0.09032302	0.7255419	0.1552585	7.674092	-6.439649
5143	1	225.5324	0	225.5324	0.1647376	0.8452558	0.002393189	4.207584	3.044382
5144	0	-278.2585	0	-278.2585	0.09238627	0.7310474	0.1735967	7.502708	-6.336138
5145	1	223.9382	0	223.9382	0.228911	0.8884754	0.003240485	3.02802	3.046036
5146	0	-277.6459	0	-277.6459	0.08039234	0.6960302	0.1530328	8.622055	-6.498136
5147	1	222.89	0	222.89	0.2582916	0.9011527	0.003943509	2.683584	3.046036
5148	0	-278.6853	0	-278.6853	0.0877795	0.7184753	0.170239	7.896458	-6.55677
5149	1	223.8076	0	223.8076	0.2267358	0.8874068	0.003303979	3.05707	3.04829
5150	0	-277.9784	0	-277.9784	0.08745763	0.7175582	0.1698347	7.92552	-6.34932
5151	1	223.841	0	223.841	0.1833321	0.8608371	0.00307758	3.780829	3.04829
5152	0	-278.2827	0	-278.2827	0.09233979	0.7309255	0.1672687	7.506484	-6.336829
5153	1	222.32	0	222.32	0.2279328	0.8879974	0.00387791	3.041015	3.04829
5154	0	-278.148	0	-278.148	0.08815838	0.7195481	0.1797453	7.862522	-6.364419
5155	1	223.0172	0	223.0172	0.2423535	0.8946558	0.003192278	2.860067	3.04829
5156	0	-278.2573	0	-278.2573	0.05820957	0.6062428	0.1192055	11.90779	-6.51834
5157	1	224.651	0	224.651	0.1949671	0.8691054	0.002786935	3.5552	3.04829
5158	0	-278.7435	0	-278.7435	0.07040163	0.6603465	0.166065	9.845612	-6.402658
5159	1	224.9512	0	224.9512	0.1282863	0.8022815	0.002120617	5.403127	3.051079
5160	0	-277.7263	0	-277.7263	0.06157976	0.6225475	0.1254148	11.25609	-6.478973
5161	1	224.771	0	224.771	0.1736189	0.8531034	0.002552792	3.992348	3.051079
5162	0	-279.3201	0	-279.3201	0.04565425	0.5342954	0.1244542	15.18253	-6.463448
5163	1	225.732	0	225.732	0.14633	0.8260804	0.002238309	4.736877	3.044308
5164	0	-277.5804	0	-277.5804	0.07246519	0.6682826	0.1543239	9.565243	-6.436198
5165	1	225.8518	0	225.8518	0.1352493	0.8121642	0.001970945	5.124961	3.044308
5166	0	-277.4621	0	-277.4621	0.08691941	0.7160129	0.1653594	7.974596	-6.426757
5167	1	224.8208	0	224.8208	0.1756874	0.8548203	0.002811278	3.945345	3.044308
5168	0	-277.9295	0	-277.9295	0.08142267	0.6993444	0.1422612	8.512951	-6.476338
5169	1	224.8774	0	224.8774	0.1870609	0.863597	0.002722685	3.705463	3.040299
5170	0	-277.7422	0	-277.7422	0.06099185	0.6197834	0.1315739	11.36459	-6.485703
5171	1	224.173	0	224.173	0.1718249	0.8515817	0.002180048	4.034033	3.040299
5172	0	-278.8982	0	-278.8982	0.09121229	0.7279391	0.1798993	7.599274	-6.555248
5173	1	223.8253	0	223.8253	0.1510344	0.8314054	0.002681183	4.589333	3.040299
5174	0	-278.8627	0	-278.8627	0.1110564	0.7730632	0.206799	6.241396	-6.363545
5175	1	224.0481	0	224.0481	0.1151626	0.7807294	0.001488983	6.018857	3.041224
5176	0	-278.1069	0	-278.1069	0.07369373	0.6728599	0.146056	9.405783	-6.319282
5177	1	225.6017	0	225.6017	0.1359682	0.8131313	0.002132325	5.097862	3.047782
5178	0	-280.4464	0	-280.4464	0.1085868	0.7682103	0.1905765	6.383344	-6.581878
5179	1	224.4708	0	224.4708	0.1673652	0.8476617	0.002154403	4.141526	3.047782
5180	0	-277.9732	0	-277.9732	0.08565773	0.7123317	0.1761144	8.092057	-6.38056
5181	1	217.1236	0	217.1236	0.1370341	0.8145477	0.002593406	5.05821	3.070251
5182	0	-280.2266	0	-280.2266	0.08503735	0.7104909	0.1791197	8.151091	-6.24381
5183	1	218.8557	0	218.8557	0.104781	0.7603483	0.00191323	6.6152	3.070251
5184	0	-278.2445	0	-278.2445	0.06792495	0.6503919	0.1555327	10.2046	-6.386419
5185	1	219.3564	0	219.3564	0.1075199	0.7660543	0.002029105	6.446687	3.020868
5186	0	-279.3432	0	-279.3432	0.0778303	0.6875099	0.1496244	8.905878	-6.604518
5187	1	219.7456	0	219.7456	0.12232	0.7929988	0.002164834	5.666671	3.020868
5188	0	-279.6696	0	-279.6696	0.04644409	0.539414	0.118382	14.92434	-6.293528
5189	1	221.2692	0	221.2692	0.1355347	0.8125493	0.002397217	5.114167	3.062585
5190	0	-278.5779	0	-278.5779	0.08816688	0.7195721	0.1875352	7.861764	-6.491556
5191	1	225.4516	0	225.4516	0.1630577	0.8436783	0.002428555	4.250932	3.041419
5192	0	-278.0947	0	-278.0947	0.08813613	0.7194853	0.14865	7.864507	-6.411755
5193	1	225.4357	0	225.4357	0.1644377	0.8449765	0.002363691	4.215257	3.041419
5194	0	-278.0113	0	-278.0113	0.08517718	0.7109076	0.1713076	8.13771	-6.353379
5195	1	223.7541	0	223.7541	0.2342019	0.8909923	0.003333639	2.959613	3.041419
5196	0	-279.7446	0	-279.7446	0.1291342	0.8035372	0.2154218	5.367649	-6.437422
5197	1	225.2113	0	225.2113	0.1603644	0.8410827	0.002175155	4.322326	3.041419
5198	0	-277.6017	0	-277.6017	0.07839127	0.6894103	0.1484629	8.842148	-6.367159
5199	1	225.4583	0	225.4583	0.1638383	0.8444152	0.00239471	4.230678	3.041419
5200	0	-279.4083	0	-279.4083	0.05672509	0.5986948	0.1061502	12.21941	-6.365899
5201	1	225.7101	0	225.7101	0.1187106	0.7869762	0.001869683	5.838965	3.046142
5202	0	-279.3892	0	-279.3892	0.06211726	0.625046	0.1102321	11.15869	-6.499506
5203	1	222.6806	0	222.6806	0.1167736	0.7836074	0.001667786	5.935822	3.060555
5204	0	-279.8668	0	-279.8668	0.1306866	0.8057976	0.2447841	5.30389	-6.404183
5205	1	220.845	0	220.845	0.1175154	0.7849092	0.002344572	5.898351	3.030698
5206	0	-279.944	0	-279.944	0.1132397	0.7772	0.1741421	6.121061	-6.397895
5207	1	224.2711	0	224.2711	0.1653221	0.8457974	0.002796976	4.192706	3.047657
5208	0	-281.2848	0	-281.2848	0.05911325	0.6107257	0.1469678	11.72575	-6.206128
5209	1	225.6525	0	225.6525	0.1356981	0.8127691	0.002110911	5.108009	3.047657
5210	0	-279.0737	0	-279.0737	0.06152811	0.622306	0.123211	11.26554	-6.282302
5211	1	225.275	0	225.275	0.1197118	0.7886792	0.001816704	5.790135	3.036992
5212	0	-279.565	0	-279.565	0.06678078	0.6456273	0.1560192	10.37944	-6.280052
5213	1	223.5451	0	223.5451	0.1372288	0.8148043	0.002473826	5.051032	3.036992
5214	0	-279.3603	0	-279.3603	0.04709795	0.5435853	0.1284127	14.71714	-6.425609
5215	1	224.9035	0	224.9035	0.1458974	0.8255745	0.002007556	4.750921	3.036992
5216	0	-278.102	0	-278.102	0.08001237	0.6947919	0.1709013	8.663001	-6.37471
5217	1	224.0713	0	224.0713	0.1943312	0.8686787	0.002984579	3.566835	3.036992
5218	0	-278.1934	0	-278.1934	0.1052139	0.761267	0.1885351	6.587982	-6.410461
5219	1	223.7751	0	223.7751	0.2120408	0.8796168	0.003017555	3.268933	3.036992
5220	0	-278.7189	0	-278.7189	0.1129265	0.776615	0.2082325	6.138041	-6.458512
5221	1	224.9082	0	224.9082	0.179184	0.8576346	0.002759262	3.868355	3.047596
5222	0	-277.9863	0	-277.9863	0.08202475	0.7012523	0.1643464	8.450464	-6.342707
5223	1	225.0244	0	225.0244	0.09916208	0.7478151	0.001662043	6.990043	3.047596
5224	0	-280.0243	0	-280.0243	0.1192573	0.7879093	0.1919952	5.812199	-6.349986
5225	1	224.1142	0	224.1142	0.101675	0.7535637	0.001385062	6.817282	3.047596
5226	0	-279.4706	0	-279.4706	0.09200104	0.7300344	0.2060983	7.534123	-6.395946
5227	1	224.8256	0	224.8256	0.1115584	0.7740268	0.001946583	6.213313	3.04705
5228	0	-278.5157	0	-278.5157	0.07018065	0.6594777	0.1596994	9.876614	-6.352167
5229	1	225.5966	0	225.5966	0.1109023	0.7727658	0.001687618	6.25007	3.046786
5230	0	-278.5455	0	-278.5455	0.07672517	0.6837072	0.1656945	9.034156	-6.537273
5231	1	225.1148	0	225.1148	0.1084075	0.7678504	0.00153826	6.393905	3.046786
5232	0	-277.7013	0	-277.7013	0.0946365	0.7368319	0.1740473	7.324311	-6.422326
5233	1	225.6909	0	225.6909	0.1152571	0.7809002	0.001774696	6.013922	3.046786
5234	0	-278.0484	0	-278.0484	0.0695379	0.6569294	0.1424519	9.967905	-6.325601
5235	1	224.074	0	224.074	0.2060102	0.8761009	0.002709301	3.364626	3.046786
5236	0	-283.0349	0	-283.0349	0.06177363	0.6234518	0.1334989	11.22076	-6.745818
5237	1	225.4187	0	225.4187	0.1383476	0.8162652	0.00189297	5.010187	3.046786
5238	0	-278.558	0	-278.558	0.07487721	0.677169	0.1266767	9.257118	-6.464009
5239	1	224.9422	0	224.9422	0.1269591	0.8002851	0.00168604	5.45961	3.046793
5240	0	-278.6848	0	-278.6848	0.1054092	0.7616794	0.1925404	6.575776	-6.504985
5241	1	224.921	0	224.921	0.1232756	0.7945402	0.001811496	5.622745	3.035155
5242	0	-279.1719	0	-279.1719	0.0922527	0.7306969	0.158628	7.513571	-6.553341
5243	1	225.4926	0	225.4926	0.1096888	0.770399	0.001769805	6.319215	3.046618
5244	0	-279.746	0	-279.746	0.07973628	0.6938868	0.1633016	8.692996	-6.616355
5245	1	224.1156	0	224.1156	0.1994736	0.8720526	0.002849952	3.474882	3.037049
5246	0	-278.6296	0	-278.6296	0.04984977	0.5605077	0.1255448	13.90472	-6.408015
5247	1	222.6439	0	222.6439	0.1554416	0.8361152	0.002908443	4.459214	3.040569
5248	0	-278.2297	0	-278.2297	0.05064083	0.5651899	0.1179644	13.68752	-6.41427
5249	1	222.1229	0	222.1229	0.2684938	0.9049074	0.003446429	2.581614	3.040569
5250	0	-278.5281	0	-278.5281	0.08212617	0.7015717	0.1442056	8.440028	-6.325927
5251	1	223.5559	0	223.5559	0.1214599	0.7915927	0.002268748	5.706801	3.040569
5252	0	-277.5629	0	-277.5629	0.08067496	0.6969456	0.146401	8.59185	-6.463584
5253	1	224.9077	0	224.9077	0.1226676	0.793562	0.001640163	5.650614	3.04719
5254	0	-278.0128	0	-278.0128	0.09017919	0.7251507	0.1606644	7.686332	-6.497631
5255	1	223.826	0	223.826	0.2069515	0.8766631	0.003324327	3.349321	3.04719
5256	0	-278.5024	0	-278.5024	0.1030766	0.756668	0.1898405	6.724581	-6.499894
5257	1	224.348	0	224.348	0.2145791	0.8810381	0.003069169	3.230264	3.042623
5258	0	-278.3509	0	-278.3509	0.07331754	0.6714698	0.1643716	9.454043	-6.37026
5259	1	217.7208	0	217.7208	0.3281997	0.9222047	0.00368515	2.111968	3.039748
5260	0	-277.619	0	-277.619	0.06263283	0.6274171	0.1300005	11.06683	-6.390344
5261	1	224.0962	0	224.0962	0.1938206	0.8683341	0.003080704	3.576231	3.049357
5262	0	-279.7577	0	-279.7577	0.03684984	0.4707503	0.1005096	18.81004	-6.439921
5263	1	223.313	0	223.313	0.2295371	0.8887793	0.00355415	3.019761	3.049357
5264	0	-277.4511	0	-277.4511	0.0804748	0.6962978	0.1485938	8.61322	-6.403199
5265	1	221.6723	0	221.6723	0.1917616	0.8669259	0.003577796	3.614631	3.04197
5266	0	-278.284	0	-278.284	0.06417832	0.6343791	0.1341521	10.80033	-6.314616
5267	1	223.4284	0	223.4284	0.2460069	0.8962192	0.00342088	2.817592	3.04197
5268	0	-280.787	0	-280.787	0.1221174	0.7926691	0.1915183	5.676074	-6.515082
5269	1	224.7791	0	224.7791	0.1893674	0.8652508	0.002896162	3.660329	3.04197
5270	0	-278.879	0	-278.879	0.1138872	0.7784001	0.2180256	6.086261	-6.426604
5271	1	225.4125	0	225.4125	0.1321347	0.8078622	0.001806584	5.245763	3.046002
5272	0	-280.0254	0	-280.0254	0.07369603	0.6728684	0.1749755	9.405489	-6.566206
5273	1	225.7774	0	225.7774	0.1244199	0.7963579	0.001820024	5.571031	3.046002
5274	0	-278.7989	0	-278.7989	0.0724301	0.6681503	0.170422	9.569877	-6.430178
5275	1	225.2719	0	225.2719	0.09951603	0.7486394	0.001578928	6.965181	3.046002
5276	0	-279.9081	0	-279.9081	0.0406977	0.5000623	0.1026095	17.03161	-6.554252
5277	1	224.5041	0	224.5041	0.1885745	0.8646867	0.0029999	3.675721	3.046002
5278	0	-277.3026	0	-277.3026	0.07598423	0.6811131	0.1466487	9.12225	-6.439829
5279	1	223.9419	0	223.9419	0.1912084	0.8665425	0.002426974	3.625088	3.04706
5280	0	-278.8416	0	-278.8416	0.04943204	0.558003	0.1078692	14.02222	-6.509546
5281	1	221.6353	0	221.6353	0.2132002	0.8802702	0.002466033	3.251156	3.04706
5282	0	-277.7342	0	-277.7342	0.07385452	0.6734511	0.1388167	9.385304	-6.361634
5283	1	225.7187	0	225.7187	0.1259515	0.7987439	0.001968158	5.503288	3.04706
5284	0	-277.6819	0	-277.6819	0.05979868	0.6140708	0.1316974	11.59135	-6.426235
5285	1	224.8729	0	224.8729	0.09479318	0.7372264	0.001600561	7.312206	3.04706
5286	0	-281.8545	0	-281.8545	0.06702955	0.6466724	0.1045728	10.34092	-6.363663
5287	1	225.416	0	225.416	0.1178602	0.7855093	0.001939489	5.881097	3.04706
5288	0	-277.3421	0	-277.3421	0.07977664	0.6940194	0.1548375	8.688599	-6.414432
5289	1	225.0977	0	225.0977	0.154001	0.834604	0.002052333	4.500927	3.04706
5290	0	-278.0072	0	-278.0072	0.08374388	0.706586	0.1659007	8.276989	-6.341685
5291	1	225.6747	0	225.6747	0.1170328	0.784064	0.001744257	5.922675	3.04706
5292	0	-279.2607	0	-279.2607	0.04699779	0.5429502	0.1238914	14.74851	-6.356628
5293	1	224.8653	0	224.8653	0.1683861	0.8485768	0.002206668	4.116416	3.044211
5294	0	-278.2118	0	-278.2118	0.100858	0.7517209	0.1805592	6.872504	-6.372704
5295	1	223.8319	0	223.8319	0.2121183	0.8796607	0.002738645	3.267738	3.044211
5296	0	-279.9124	0	-279.9124	0.110108	0.7712217	0.1884938	6.29516	-6.550434
5297	1	224.2365	0	224.2365	0.1649206	0.8454257	0.002821813	4.202915	3.044211
5298	0	-278.4061	0	-278.4061	0.06347667	0.6312452	0.1189327	10.91971	-6.505298
5299	1	225.6624	0	225.6624	0.1558393	0.8365278	0.00232624	4.447832	3.044211
5300	0	-278.4583	0	-278.4583	0.08202878	0.701265	0.1362593	8.450049	-6.401057
5301	1	225.7201	0	225.7201	0.1198653	0.7889382	0.001902349	5.782717	3.044211
5302	0	-277.9867	0	-277.9867	0.06523233	0.639005	0.1300957	10.62582	-6.524431
5303	1	223.3724	0	223.3724	0.2463911	0.8963809	0.003704544	2.813198	3.044211
5304	0	-279.6925	0	-279.6925	0.03757334	0.4764578	0.1053975	18.44784	-6.462756
5305	1	223.6991	0	223.6991	0.2362923	0.8919558	0.003522068	2.933432	3.044211
5306	0	-278.1912	0	-278.1912	0.07262295	0.6688764	0.1544749	9.544465	-6.330043
5307	1	224.6791	0	224.6791	0.1917826	0.8669405	0.002575573	3.614234	3.044211
5308	0	-279.0246	0	-279.0246	0.08686179	0.7158466	0.1945822	7.979886	-6.416993
5309	1	225.2424	0	225.2424	0.1544991	0.8351296	0.002067298	4.486416	3.044211
5310	0	-279.7741	0	-279.7741	0.07273693	0.6693044	0.1684272	9.529508	-6.5805
5311	1	225.1832	0	225.1832	0.1766901	0.8556385	0.002683522	3.922955	3.044211
5312	0	-278.7874	0	-278.7874	0.05688999	0.5995447	0.1312354	12.18399	-6.563045
5313	1	225.5624	0	225.5624	0.1158302	0.7819307	0.001665512	5.984166	3.044211
5314	0	-278.1797	0	-278.1797	0.06222511	0.625544	0.1171662	11.13935	-6.413468
5315	1	224.998	0	224.998	0.09340712	0.7336994	0.001504889	7.42071	3.044211
5316	0	-277.7875	0	-277.7875	0.0575027	0.6026775	0.1236304	12.05417	-6.463204
5317	1	225.422	0	225.422	0.1332387	0.8094084	0.002028482	5.202297	3.050646
5318	0	-279.5011	0	-279.5011	0.06741393	0.6482771	0.1555028	10.28196	-6.588591
5319	1	224.4548	0	224.4548	0.167594	0.8478677	0.002710062	4.135871	3.050646
5320	0	-278.178	0	-278.178	0.07862869	0.6902086	0.1567658	8.815448	-6.319203
5321	1	223.5905	0	223.5905	0.2229855	0.8855156	0.003191049	3.108486	3.050646
5322	0	-278.2532	0	-278.2532	0.07726571	0.685577	0.1657527	8.970955	-6.515102
5323	1	222.6157	0	222.6157	0.2569432	0.9006342	0.003603841	2.697667	3.050646
5324	0	-279.3347	0	-279.3347	0.1074794	0.7659718	0.2115754	6.449114	-6.333773
5325	1	223.3083	0	223.3083	0.226869	0.8874728	0.003459195	3.055275	3.050646
5326	0	-278.0306	0	-278.0306	0.06794473	0.6504733	0.1235536	10.20163	-6.456024
5327	1	223.5186	0	223.5186	0.2064069	0.8763385	0.002703084	3.358159	3.050646
5328	0	-277.7567	0	-277.7567	0.05842865	0.6073372	0.1250706	11.86314	-6.468684
5329	1	223.7977	0	223.7977	0.1688988	0.8490324	0.002138279	4.103921	3.050646
5330	0	-279.618	0	-279.618	0.09021492	0.725248	0.1525635	7.683287	-6.28958
5331	1	225.2731	0	225.2731	0.1467616	0.8265825	0.002109021	4.722945	3.050646
5332	0	-281.7754	0	-281.7754	0.1549703	0.8356238	0.2931874	4.472774	-6.475577
5333	1	224.6152	0	224.6152	0.1594008	0.8401336	0.002587706	4.348456	3.050646
5334	0	-282.3994	0	-282.3994	0.1449421	0.824447	0.3050503	4.782235	-6.373658
5335	1	220.5058	0	220.5058	0.1417013	0.8205155	0.001579047	4.891607	3.050646
5336	0	-279.3792	0	-279.3792	0.1062832	0.7635089	0.2134014	6.521702	-6.514137
5337	1	224.7691	0	224.7691	0.1338262	0.8102216	0.002089774	5.179457	3.034434
5338	0	-277.4987	0	-277.4987	0.08783341	0.7186284	0.1651249	7.891612	-6.446415
5339	1	224.5843	0	224.5843	0.1526063	0.8331151	0.002324244	4.54206	3.034434
5340	0	-279.952	0	-279.952	0.1176944	0.7852212	0.2348513	5.889381	-6.499591
5341	1	220.0889	0	220.0889	0.09387905	0.7349097	0.001874632	7.383407	3.063678
5342	0	-278.0744	0	-278.0744	0.08691923	0.7160124	0.1818971	7.974612	-6.413891
5343	1	220.3603	0	220.3603	0.08119846	0.6986286	0.001607444	8.536457	3.063678
5344	0	-280.5128	0	-280.5128	0.07253892	0.6685604	0.1764322	9.555522	-6.57688
5345	1	220.0515	0	220.0515	0.08824562	0.7197942	0.001662163	7.854749	3.066818
5346	0	-278.4173	0	-278.4173	0.05293619	0.5783374	0.1300284	13.09401	-6.455907
5347	1	222.9437	0	222.9437	0.08639857	0.7145033	0.001255695	8.02267	3.05322
5348	0	-279.0768	0	-279.0768	0.06875157	0.6537681	0.1524422	10.08191	-6.282351
5349	1	224.5576	0	224.5576	0.172541	0.8521929	0.002278264	4.017289	3.039206
5350	0	-279.5175	0	-279.5175	0.1281765	0.8021177	0.2274536	5.407757	-6.40685
5351	1	224.6501	0	224.6501	0.1787358	0.8572799	0.002801562	3.878054	3.039206
5352	0	-279.9719	0	-279.9719	0.1047706	0.7603262	0.2129266	6.615856	-6.301587
5353	1	225.0803	0	225.0803	0.1205203	0.7900363	0.001845151	5.751288	3.052802
5354	0	-277.7161	0	-277.7161	0.06110364	0.6203115	0.1355285	11.3438	-6.41233
5355	1	223.9956	0	223.9956	0.119637	0.7885529	0.001614416	5.793753	3.034748
5356	0	-277.7625	0	-277.7625	0.05910362	0.6106783	0.1324732	11.72766	-6.429776
5357	1	225.2112	0	225.2112	0.113789	0.7782188	0.001738736	6.091515	3.051485
5358	0	-278.7018	0	-278.7018	0.05015275	0.5623104	0.1254911	13.82072	-6.37752
5359	1	225.4749	0	225.4749	0.1162339	0.7826512	0.001805303	5.963381	3.038947
5360	0	-280.5614	0	-280.5614	0.03864754	0.4847613	0.1088563	17.93509	-6.590684
5361	1	224.7756	0	224.7756	0.1615908	0.842275	0.00259614	4.28952	3.049796
5362	0	-281.4235	0	-281.4235	0.03722026	0.4736841	0.08980838	18.62285	-6.563145
5363	1	224.2082	0	224.2082	0.2048855	0.8754226	0.002926263	3.383095	3.049796
5364	0	-278.4269	0	-278.4269	0.08596424	0.7132337	0.1811765	8.063203	-6.356206
5365	1	224.476	0	224.476	0.1824446	0.8601639	0.002857183	3.799221	3.049796
5366	0	-279.1643	0	-279.1643	0.09209532	0.7302829	0.1913394	7.52641	-6.313567
5367	1	223.226	0	223.226	0.1134845	0.7776551	0.002156496	6.107858	3.049796
5368	0	-278.013	0	-278.013	0.08680038	0.7156691	0.1806742	7.985532	-6.412695
5369	1	225.0201	0	225.0201	0.1660043	0.8464248	0.002320432	4.175478	3.049796
5370	0	-278.1156	0	-278.1156	0.1025466	0.7555024	0.1918795	6.759341	-6.408189
5371	1	224.8038	0	224.8038	0.1095646	0.7701542	0.001906805	6.326382	3.040597
5372	0	-281.3154	0	-281.3154	0.09346802	0.7338561	0.2257075	7.415875	-6.376305
5373	1	224.5037	0	224.5037	0.1243694	0.7962783	0.001627009	5.573295	3.048555
5374	0	-277.76	0	-277.76	0.06459773	0.6362315	0.1251701	10.73021	-6.393231
5375	1	224.8316	0	224.8316	0.09582919	0.7398086	0.001425446	7.233153	3.045559
5376	0	-278.4034	0	-278.4034	0.1017979	0.7538387	0.1772265	6.809052	-6.366547
5377	1	224.8116	0	224.8116	0.09044611	0.7258759	0.001465563	7.663649	3.045559
5378	0	-279.4298	0	-279.4298	0.1042099	0.7591264	0.2162922	6.651454	-6.497617
5379	1	224.4631	0	224.4631	0.1156203	0.7815544	0.001519537	5.995028	3.045559
5380	0	-278.3568	0	-278.3568	0.07711201	0.6850472	0.1701249	8.988836	-6.491718
5381	1	223.9774	0	223.9774	0.1150837	0.7805866	0.002020444	6.022985	3.034586
5382	0	-278.5914	0	-278.5914	0.08405976	0.7075481	0.1699042	8.245886	-6.307961
5383	1	223.7828	0	223.7828	0.1324036	0.808241	0.002313877	5.235109	3.034586
5384	0	-279.1766	0	-279.1766	0.1168357	0.783717	0.1947713	5.932668	-6.387086
5385	1	221.9497	0	221.9497	0.2727233	0.9063817	0.004231567	2.541577	3.038055
5386	0	-279.405	0	-279.405	0.1006758	0.7513065	0.213675	6.884945	-6.489045
5387	1	224.0382	0	224.0382	0.1847017	0.8618635	0.002360821	3.752793	3.048326
5388	0	-278.0186	0	-278.0186	0.07975843	0.6939596	0.1721819	8.690582	-6.427469
5389	1	224.7911	0	224.7911	0.1843729	0.8616185	0.002548811	3.759484	3.048326
5390	0	-277.8276	0	-277.8276	0.09557952	0.7391905	0.1699194	7.252047	-6.407144
5391	1	225.5151	0	225.5151	0.1510566	0.8314297	0.002101498	4.588659	3.041827
5392	0	-279.7142	0	-279.7142	0.05865848	0.6084801	0.153765	11.81666	-6.477614
5393	1	225.7508	0	225.7508	0.1345503	0.8112148	0.001938115	5.151583	3.041827
5394	0	-278.2183	0	-278.2183	0.09993391	0.7496063	0.1691981	6.936056	-6.418334
5395	1	223.9975	0	223.9975	0.1268586	0.8001324	0.002165304	5.463934	3.054913
5396	0	-277.7873	0	-277.7873	0.07428262	0.6750162	0.1391868	9.331216	-6.356844
5397	1	224.4449	0	224.4449	0.1477255	0.8276936	0.002256442	4.692128	3.054913
5398	0	-277.9669	0	-277.9669	0.05632147	0.5966021	0.1253576	12.30698	-6.382197
5399	1	223.6062	0	223.6062	0.1078985	0.7668236	0.001487518	6.424065	3.054913
5400	0	-278.3619	0	-278.3619	0.06544499	0.6399266	0.1527428	10.59129	-6.479614
5401	1	222.3132	0	222.3132	0.1488509	0.8289736	0.001826368	4.656653	3.054913
5402	0	-277.649	0	-277.649	0.07441516	0.6754982	0.1352838	9.314596	-6.406697
5403	1	224.0227	0	224.0227	0.1557115	0.8363954	0.002497639	4.451485	3.054913
5404	0	-282.6531	0	-282.6531	0.07933668	0.6925685	0.2111307	8.736781	-6.509434
5405	1	223.7883	0	223.7883	0.1517226	0.832158	0.002519844	4.568517	3.054913
5406	0	-278.2182	0	-278.2182	0.09375296	0.7345873	0.184715	7.393337	-6.360178
5407	1	221.8816	0	221.8816	0.2451752	0.8958674	0.003716918	2.827151	3.054913
5408	0	-278.7023	0	-278.7023	0.09487394	0.7374293	0.1937479	7.305981	-6.507752
5409	1	223.9469	0	223.9469	0.1690343	0.8491523	0.002607406	4.100631	3.054913
5410	0	-278.7676	0	-278.7676	0.07513304	0.6780878	0.1690031	9.225597	-6.339217
5411	1	225.1355	0	225.1355	0.1567638	0.8374789	0.002346173	4.421601	3.037568
5412	0	-279.0614	0	-279.0614	0.06676742	0.645571	0.1626282	10.38152	-6.391056
5413	1	222.4043	0	222.4043	0.2677842	0.9046555	0.003462043	2.588454	3.043773
5414	0	-278.9816	0	-278.9816	0.1051181	0.7610643	0.1908805	6.593983	-6.526689
5415	1	225.4648	0	225.4648	0.1631622	0.8437774	0.002282303	4.248208	3.043773
5416	0	-279.204	0	-279.204	0.1049969	0.7608074	0.1878478	6.601595	-6.538839
5417	1	223.9091	0	223.9091	0.1072523	0.7655077	0.001999739	6.462775	3.043773
5418	0	-281.478	0	-281.478	0.0927302	0.7319461	0.2261871	7.474881	-6.476386
5419	1	225.8199	0	225.8199	0.1269607	0.8002875	0.001967581	5.459542	3.043366
5420	0	-279.1709	0	-279.1709	0.1115639	0.7740373	0.219932	6.213007	-6.476386
5421	1	225.529	0	225.529	0.1312485	0.8066038	0.002131696	5.281181	3.043366
5422	0	-278.2671	0	-278.2671	0.09082229	0.7268924	0.1816758	7.631906	-6.350755
5423	1	225.6619	0	225.6619	0.1282296	0.802197	0.001938978	5.405515	3.048748
5424	0	-277.8265	0	-277.8265	0.09397816	0.7351626	0.1739801	7.37562	-6.472777
5425	1	224.2126	0	224.2126	0.09566729	0.739408	0.001483178	7.245394	3.054042
5426	0	-281.3972	0	-281.3972	0.1148081	0.7800865	0.1654066	6.037444	-6.39673
5427	1	223.4702	0	223.4702	0.09394601	0.7350806	0.001749374	7.378144	3.036509
5428	0	-278.1048	0	-278.1048	0.08522813	0.7110592	0.1672554	8.132845	-6.523859
5429	1	224.1673	0	224.1673	0.1591911	0.8399256	0.001980878	4.354183	3.043512
5430	0	-279.0582	0	-279.0582	0.06095946	0.6196301	0.151696	11.37063	-6.490001
5431	1	224.8301	0	224.8301	0.1966497	0.8702214	0.002836512	3.524781	3.043512
5432	0	-277.4116	0	-277.4116	0.07963905	0.6935669	0.1595716	8.703609	-6.435481
5433	1	223.4458	0	223.4458	0.1596585	0.8403885	0.001918892	4.341436	3.043512
5434	0	-279.5709	0	-279.5709	0.08929548	0.7227252	0.1884974	7.7624	-6.568588
5435	1	225.8561	0	225.8561	0.13414	0.8106532	0.002039152	5.167341	3.043512
5436	0	-279.1504	0	-279.1504	0.05545032	0.5920249	0.1435749	12.50033	-6.425308
5437	1	224.4235	0	224.4235	0.190098	0.8657663	0.002477817	3.646263	3.043512
5438	0	-277.6809	0	-277.6809	0.08902057	0.7219629	0.1577913	7.786371	-6.448363
5439	1	224.1835	0	224.1835	0.1487787	0.828892	0.002617437	4.658916	3.043512
5440	0	-277.8901	0	-277.8901	0.09102309	0.7274322	0.1685922	7.61507	-6.363199
5441	1	225.6181	0	225.6181	0.1489393	0.8290734	0.002313115	4.653889	3.043512
5442	0	-279.4052	0	-279.4052	0.09179267	0.7294836	0.2009499	7.551226	-6.347559
5443	1	225.8021	0	225.8021	0.1430253	0.8221419	0.002070345	4.846327	3.043512
5444	0	-278.424	0	-278.424	0.05100655	0.5673279	0.1145784	13.58938	-6.501546
5445	1	225.6881	0	225.6881	0.1195905	0.7884743	0.001907979	5.796006	3.043512
5446	0	-278.1307	0	-278.1307	0.06932704	0.6560864	0.1251192	9.998223	-6.384314
5447	1	222.8944	0	222.8944	0.163397	0.8439995	0.003007663	4.242104	3.043512
5448	0	-279.5386	0	-279.5386	0.05437406	0.5862539	0.1447801	12.74775	-6.454393
5449	1	224.0342	0	224.0342	0.165992	0.8464135	0.002087639	4.175788	3.048601
5450	0	-278.8843	0	-278.8843	0.06215958	0.6252415	0.1176394	11.15109	-6.323211
5451	1	225.3738	0	225.3738	0.1320505	0.8077433	0.001989718	5.249106	3.051091
5452	0	-277.8821	0	-277.8821	0.08030973	0.6957617	0.140149	8.630924	-6.462486
5453	1	223.5496	0	223.5496	0.09949156	0.7485826	0.001799957	6.966894	3.034083
5454	0	-277.7778	0	-277.7778	0.06690062	0.6461313	0.1437156	10.36085	-6.498466
5455	1	224.3112	0	224.3112	0.1356991	0.8127704	0.002165295	5.107971	3.032912
5456	0	-279.6534	0	-279.6534	0.05407196	0.5846105	0.1380288	12.81898	-6.566743
5457	1	224.2126	0	224.2126	0.1024742	0.7553425	0.001628563	6.764114	3.032912
5458	0	-281.5899	0	-281.5899	0.1206165	0.7901966	0.2676907	5.746703	-6.383743
5459	1	224.2808	0	224.2808	0.1263891	0.799416	0.001803177	5.484233	3.032912
5460	0	-279.193	0	-279.193	0.1188253	0.7871727	0.2068798	5.833328	-6.371886
5461	1	224.4213	0	224.4213	0.130779	0.8059307	0.001906247	5.30014	3.032912
5462	0	-278.4629	0	-278.4629	0.08045086	0.6962201	0.1757598	8.615784	-6.364841
5463	1	222.8096	0	222.8096	0.09889822	0.7471975	0.001859527	7.008692	3.032912
5464	0	-278.9175	0	-278.9175	0.1002529	0.7503399	0.200305	6.913988	-6.513887
5465	1	224.0219	0	224.0219	0.115293	0.7809651	0.001631454	6.012047	3.032912
5466	0	-278.1475	0	-278.1475	0.09159185	0.7289509	0.1881405	7.567782	-6.445087
5467	1	224.2614	0	224.2614	0.1513701	0.8317733	0.002223754	4.579156	3.032912
5468	0	-277.6005	0	-277.6005	0.06333324	0.6305991	0.1337691	10.94445	-6.476548
5469	1	222.3132	0	222.3132	0.2184489	0.8831418	0.003444166	3.173041	3.032912
5470	0	-277.8736	0	-277.8736	0.07943607	0.6928973	0.1539851	8.725849	-6.521139
5471	1	221.4887	0	221.4887	0.238458	0.8929362	0.003117391	2.906789	3.032912
5472	0	-278.2172	0	-278.2172	0.052606	0.5764853	0.112815	13.1762	-6.450058
5473	1	224.4302	0	224.4302	0.1380235	0.8158444	0.002199174	5.021949	3.054898
5474	0	-279.2761	0	-279.2761	0.05050702	0.5644034	0.1031236	13.72378	-6.374088
5475	1	223.1569	0	223.1569	0.1348862	0.8116722	0.00241515	5.138754	3.054898
5476	0	-277.5199	0	-277.5199	0.06302979	0.629226	0.1284617	10.99714	-6.433784
5477	1	224.4934	0	224.4934	0.1459801	0.8256714	0.002148969	4.748229	3.054898
5478	0	-279.7891	0	-279.7891	0.05804711	0.6054279	0.1325265	11.94111	-6.626085
5479	1	224.301	0	224.301	0.1565341	0.8372436	0.00262573	4.42809	3.03769
5480	0	-279.3937	0	-279.3937	0.1109856	0.7729266	0.1992723	6.245381	-6.530263
5481	1	224.9451	0	224.9451	0.1862816	0.8630292	0.002747162	3.720965	3.047201
5482	0	-280.9244	0	-280.9244	0.105373	0.761603	0.2386653	6.578035	-6.367107
5483	1	224.5929	0	224.5929	0.1791577	0.8576139	0.002876766	3.868922	3.047201
5484	0	-277.7962	0	-277.7962	0.09381285	0.7347405	0.1744123	7.388617	-6.387365
5485	1	224.0219	0	224.0219	0.2097733	0.8783184	0.002779798	3.304267	3.047201
5486	0	-278.5978	0	-278.5978	0.08885834	0.7215113	0.1535586	7.800587	-6.330303
5487	1	225.645	0	225.645	0.1505989	0.8309257	0.002200175	4.602606	3.047201
5488	0	-278.0797	0	-278.0797	0.05236814	0.5751431	0.1169852	13.23605	-6.4329
5489	1	224.6577	0	224.6577	0.1877106	0.8640669	0.002526985	3.692637	3.047201
5490	0	-277.7812	0	-277.7812	0.06436523	0.6352066	0.1249586	10.76897	-6.476726
5491	1	222.2394	0	222.2394	0.1532741	0.8338312	0.002929803	4.522273	3.047201
5492	0	-278.9764	0	-278.9764	0.04975076	0.5599161	0.1100957	13.93239	-6.33319
5493	1	223.3148	0	223.3148	0.2036762	0.8746849	0.002527289	3.403182	3.047201
5494	0	-277.3755	0	-277.3755	0.07494041	0.6773964	0.1511332	9.249312	-6.407358
5495	1	224.0602	0	224.0602	0.1719112	0.8516556	0.002261901	4.032007	3.05185
5496	0	-279.5066	0	-279.5066	0.09249794	0.7313398	0.1437774	7.49365	-6.383234
5497	1	219.2631	0	219.2631	0.1546634	0.8353023	0.003281325	4.48165	3.045456
5498	0	-278.1975	0	-278.1975	0.05767344	0.6035435	0.1146239	12.01848	-6.402254
5499	1	223.896	0	223.896	0.2068243	0.8765875	0.002773343	3.351381	3.038566
5500	0	-282.665	0	-282.665	0.04884764	0.554461	0.1401202	14.18998	-6.676404
5501	1	224.153	0	224.153	0.1860134	0.8628327	0.002990361	3.726329	3.038566
5502	0	-278.3475	0	-278.3475	0.08828515	0.7199055	0.1491463	7.851232	-6.368437
5503	1	222.0064	0	222.0064	0.2635731	0.9031327	0.003443419	2.62981	3.050552
5504	0	-280.0944	0	-280.0944	0.04270305	0.514366	0.1013061	16.2318	-6.571428
5505	1	220.3173	0	220.3173	0.3522419	0.9275145	0.004763629	1.967816	3.041367
5506	0	-282.1973	0	-282.1973	0.1244096	0.7963417	0.2161643	5.571491	-6.24495
5507	1	220.7957	0	220.7957	0.2493304	0.8976018	0.004468032	2.780035	3.041367
5508	0	-280.2736	0	-280.2736	0.09141708	0.7284859	0.1831102	7.58225	-6.24281
5509	1	221.9541	0	221.9541	0.2845463	0.9102709	0.004239377	2.435973	3.03863
5510	0	-282.0003	0	-282.0003	0.1023046	0.7549669	0.2205289	6.77533	-6.234679
5511	1	219.2324	0	219.2324	0.3029317	0.9157161	0.005363426	2.28813	3.03863
5512	0	-278.7646	0	-278.7646	0.08888019	0.7215722	0.1743063	7.798669	-6.301527
5513	1	222.098	0	222.098	0.2818866	0.9094244	0.004114318	2.458957	3.03863
5514	0	-279.3839	0	-279.3839	0.08178953	0.7005095	0.18716	8.474767	-6.349508
5515	1	225.4946	0	225.4946	0.1198713	0.7889483	0.001830927	5.782427	3.03863
5516	0	-277.7709	0	-277.7709	0.05774924	0.6039269	0.1263414	12.00271	-6.461853
5517	1	224.5936	0	224.5936	0.1011553	0.7523944	0.001759155	6.852305	3.03863
5518	0	-277.6362	0	-277.6362	0.06279366	0.6281517	0.1379268	11.03849	-6.439814
5519	1	222.8714	0	222.8714	0.1203476	0.7897478	0.001478095	5.759542	3.03863
5520	0	-278.2467	0	-278.2467	0.08452295	0.7089489	0.1623018	8.200698	-6.320093
5521	1	225.6535	0	225.6535	0.1472012	0.8270909	0.002284579	4.708842	3.044161
5522	0	-279.1543	0	-279.1543	0.04649568	0.5397453	0.1181046	14.90778	-6.338339
5523	1	224.9028	0	224.9028	0.127357	0.8008876	0.001941206	5.442552	3.034668
5524	0	-278.1076	0	-278.1076	0.08617895	0.7138625	0.1524742	8.043114	-6.350634
5525	1	224.6412	0	224.6412	0.1344004	0.81101	0.002293252	5.157329	3.038475
5526	0	-277.6385	0	-277.6385	0.07679224	0.6839402	0.1542861	9.026266	-6.364683
5527	1	224.7466	0	224.7466	0.1670362	0.8473644	0.002252197	4.149683	3.038475
5528	0	-283.8978	0	-283.8978	0.05547085	0.5921338	0.1690137	12.4957	-6.26992
5529	1	225.2511	0	225.2511	0.1551002	0.8357595	0.002462573	4.469029	3.040993
5530	0	-279.2803	0	-279.2803	0.05436073	0.5861816	0.1216268	12.75088	-6.595273
5531	1	222.2579	0	222.2579	0.2316065	0.889772	0.002809481	2.992779	3.040993
5532	0	-279.1116	0	-279.1116	0.08925518	0.7226137	0.1411025	7.765904	-6.401049
5533	1	224.373	0	224.373	0.1959506	0.86976	0.002702794	3.537356	3.038797
5534	0	-279.3594	0	-279.3594	0.07508834	0.6779276	0.1505997	9.231089	-6.609631
5535	1	224.1821	0	224.1821	0.195741	0.869621	0.002622107	3.541145	3.038797
5536	0	-279.0785	0	-279.0785	0.09870673	0.7467475	0.1940272	7.022289	-6.540562
5537	1	224.048	0	224.048	0.1329473	0.8090026	0.002369608	5.213699	3.038797
5538	0	-278.9208	0	-278.9208	0.09475897	0.7371403	0.198639	7.314845	-6.354766
5539	1	219.829	0	219.829	0.2968557	0.9139911	0.003526256	2.334963	3.038797
5540	0	-278.6889	0	-278.6889	0.1100146	0.7710389	0.189585	6.300502	-6.471054
5541	1	223.491	0	223.491	0.2335189	0.8906738	0.003312748	2.96827	3.038797
5542	0	-277.8858	0	-277.8858	0.07876096	0.6906519	0.1603334	8.800644	-6.349528
5543	1	223.3975	0	223.3975	0.2196227	0.8837653	0.003566461	3.156082	3.042105
5544	0	-279.1128	0	-279.1128	0.04830779	0.5511492	0.1255819	14.34856	-6.511363
5545	1	224.6365	0	224.6365	0.1656979	0.8461436	0.002752848	4.183199	3.044759
5546	0	-279.6995	0	-279.6995	0.05177583	0.5717712	0.1080709	13.38747	-6.292509
5547	1	225.6321	0	225.6321	0.1454324	0.8250274	0.002027934	4.766111	3.044759
5548	0	-278.3768	0	-278.3768	0.05683388	0.5992559	0.11398	12.19602	-6.374234
5549	1	224.7179	0	224.7179	0.1498593	0.830105	0.002158198	4.625319	3.053481
5550	0	-279.8129	0	-279.8129	0.07369919	0.67288	0.1748266	9.405086	-6.55179
5551	1	223.7259	0	223.7259	0.1965624	0.8701639	0.002863745	3.526347	3.053481
5552	0	-277.6227	0	-277.6227	0.09190681	0.7297856	0.1709103	7.541848	-6.445239
5553	1	224.2823	0	224.2823	0.1556422	0.8363235	0.002511367	4.453466	3.053481
5554	0	-279.0018	0	-279.0018	0.113298	0.7773086	0.2211856	6.117909	-6.433479
5555	1	223.7427	0	223.7427	0.1264668	0.7995349	0.002244221	5.480861	3.053481
5556	0	-278.0776	0	-278.0776	0.06455356	0.6360372	0.1481056	10.73755	-6.397888
5557	1	224.3308	0	224.3308	0.1839223	0.8612812	0.002359694	3.768696	3.045358
5558	0	-280.491	0	-280.491	0.09201113	0.730061	0.1893378	7.533297	-6.243014
5559	1	223.8624	0	223.8624	0.09473881	0.7370896	0.001770052	7.316402	3.042353
5560	0	-279.9025	0	-279.9025	0.09139964	0.7284394	0.138615	7.583697	-6.413945
5561	1	225.096	0	225.096	0.1026649	0.7557634	0.001737514	6.751551	3.042353
5562	0	-281.5475	0	-281.5475	0.08328303	0.7051725	0.204173	8.32279	-6.296027
5563	1	225.2386	0	225.2386	0.1317004	0.8072474	0.001773632	5.26306	3.042353
5564	0	-277.4084	0	-277.4084	0.07590002	0.6808159	0.1413191	9.132372	-6.437807
5565	1	225.4338	0	225.4338	0.1043358	0.7593968	0.001655396	6.643426	3.042353
5566	0	-279.2159	0	-279.2159	0.07905201	0.6916233	0.1539545	8.768242	-6.59873
5567	1	225.7921	0	225.7921	0.145357	0.8249384	0.002174083	4.768584	3.045146
5568	0	-282.8783	0	-282.8783	0.1604216	0.8411388	0.2405548	4.320785	-6.399301
5569	1	225.7306	0	225.7306	0.1230094	0.794113	0.001948431	5.634913	3.045146
5570	0	-279.2151	0	-279.2151	0.08402241	0.7074346	0.1736679	8.249552	-6.578366
5571	1	224.9675	0	224.9675	0.09861095	0.7465219	0.001684522	7.02911	3.045146
5572	0	-277.8292	0	-277.8292	0.08234223	0.70225	0.1455635	8.417882	-6.38109
5573	1	225.6437	0	225.6437	0.1143827	0.7793104	0.001683125	6.059898	3.045146
5574	0	-277.7088	0	-277.7088	0.09174104	0.7293469	0.1679235	7.555475	-6.391092
5575	1	225.5937	0	225.5937	0.1111864	0.7733135	0.001779274	6.234098	3.045146
5576	0	-278.2047	0	-278.2047	0.07167348	0.6652751	0.1353638	9.670902	-6.538605
5577	1	224.8622	0	224.8622	0.1599154	0.8406419	0.002081004	4.334461	3.045146
5578	0	-277.9314	0	-277.9314	0.05656027	0.5978424	0.1290353	12.25502	-6.405492
5579	1	224.8215	0	224.8215	0.1857839	0.8626641	0.002611534	3.730933	3.039894
5580	0	-277.8232	0	-277.8232	0.05751653	0.6027478	0.1214879	12.05127	-6.405492
5581	1	225.3581	0	225.3581	0.1431626	0.822309	0.002277763	4.841678	3.039894
5582	0	-279.3728	0	-279.3728	0.06992065	0.6584507	0.1679402	9.91334	-6.344102
5583	1	223.5962	0	223.5962	0.1287127	0.8029149	0.002375497	5.385226	3.039894
5584	0	-280.5553	0	-280.5553	0.1403811	0.8188651	0.2294918	4.93761	-6.410469
5585	1	224.6739	0	224.6739	0.1377845	0.8155327	0.002358715	5.030663	3.039894
5586	0	-277.6232	0	-277.6232	0.07004564	0.6589451	0.1468376	9.895651	-6.376015
5587	1	225.1764	0	225.1764	0.1444039	0.8238055	0.002374363	4.80006	3.046569
5588	0	-277.5603	0	-277.5603	0.06522177	0.6389591	0.1367902	10.62754	-6.477757
5589	1	225.4697	0	225.4697	0.1295328	0.8041224	0.002111009	5.351131	3.046569
5590	0	-279.5854	0	-279.5854	0.09456693	0.7366563	0.2107574	7.3297	-6.462712
5591	1	224.2069	0	224.2069	0.09049795	0.7260164	0.001636698	7.659258	3.046569
5592	0	-277.4715	0	-277.4715	0.08373818	0.7065686	0.1602894	8.277552	-6.394623
5593	1	225.428	0	225.428	0.1123279	0.7754893	0.001627625	6.170749	3.047035
5594	0	-277.6412	0	-277.6412	0.05981425	0.6141463	0.1299405	11.58833	-6.435105
5595	1	225.6517	0	225.6517	0.1120453	0.7749543	0.001715778	6.186311	3.046308
5596	0	-278.8557	0	-278.8557	0.06840012	0.6523393	0.1186954	10.13371	-6.488009
5597	1	225.0818	0	225.0818	0.09995076	0.7496452	0.001680995	6.934887	3.046308
5598	0	-277.7397	0	-277.7397	0.07917499	0.6920323	0.1396468	8.754623	-6.444028
5599	1	225.0705	0	225.0705	0.1507329	0.8310736	0.002477096	4.598514	3.046308
5600	0	-278.2407	0	-278.2407	0.05803345	0.6053593	0.1218484	11.94393	-6.34204
5601	1	225.0492	0	225.0492	0.1594847	0.8402167	0.002307629	4.346168	3.0373
5602	0	-280.9234	0	-280.9234	0.09245199	0.7312195	0.2046982	7.497374	-6.592386
5603	1	224.5348	0	224.5348	0.1217446	0.7920601	0.002100915	5.693455	3.0373
5604	0	-278.3205	0	-278.3205	0.07136618	0.6640954	0.1343264	9.712545	-6.54434
5605	1	225.2393	0	225.2393	0.1211314	0.791051	0.001860718	5.722276	3.036685
5606	0	-277.6742	0	-277.6742	0.08789274	0.7187967	0.1582953	7.886285	-6.468436
5607	1	225.3006	0	225.3006	0.1247479	0.7968733	0.001986686	5.556384	3.050666
5608	0	-277.3954	0	-277.3954	0.07647597	0.6828387	0.1472256	9.063594	-6.468833
5609	1	224.5745	0	224.5745	0.1139604	0.7785351	0.001560759	6.082349	3.050666
5610	0	-277.843	0	-277.843	0.0607785	0.6187721	0.1281756	11.40448	-6.501762
5611	1	224.8836	0	224.8836	0.1715917	0.8513816	0.002520223	4.039515	3.050666
5612	0	-280.3267	0	-280.3267	0.08169257	0.7002023	0.1791458	8.484825	-6.611971
5613	1	221.9491	0	221.9491	0.255199	0.8999553	0.004126203	2.716104	3.050666
5614	0	-278.1234	0	-278.1234	0.07524437	0.6784863	0.1508205	9.211947	-6.319595
5615	1	221.3899	0	221.3899	0.3003214	0.9149835	0.004356714	2.308018	3.050666
5616	0	-277.3459	0	-277.3459	0.07834252	0.6892459	0.1511176	8.84765	-6.406052
5617	1	224.2374	0	224.2374	0.1149702	0.7803809	0.002039636	6.028931	3.051221
5618	0	-278.9016	0	-278.9016	0.08894276	0.7217465	0.195099	7.793183	-6.392499
5619	1	222.6328	0	222.6328	0.2296787	0.8888478	0.002959795	3.017899	3.051221
5620	0	-278.0864	0	-278.0864	0.05580839	0.5939164	0.1158605	12.42012	-6.399873
5621	1	225.193	0	225.193	0.1418983	0.8207592	0.002024394	4.884818	3.051221
5622	0	-278.9379	0	-278.9379	0.05502321	0.5897503	0.1273005	12.59736	-6.298729
5623	1	224.9383	0	224.9383	0.1646197	0.8451461	0.002412542	4.210597	3.051221
5624	0	-278.5103	0	-278.5103	0.06086134	0.6191653	0.1210885	11.38896	-6.543667
5625	1	225.1648	0	225.1648	0.1494143	0.8296076	0.002155922	4.639094	3.051221
5626	0	-278.6231	0	-278.6231	0.1034258	0.7574302	0.1899919	6.701881	-6.508374
5627	1	225.0108	0	225.0108	0.1608361	0.8415434	0.002361223	4.30965	3.051221
5628	0	-278.3363	0	-278.3363	0.09927743	0.7480843	0.1718512	6.981921	-6.367256
5629	1	224.132	0	224.132	0.1255926	0.7981895	0.001639246	5.519015	3.051221
5630	0	-278.4121	0	-278.4121	0.106915	0.7648156	0.1828374	6.48316	-6.416886
5631	1	225.1733	0	225.1733	0.1495304	0.8297376	0.002166362	4.635494	3.051221
5632	0	-279.4475	0	-279.4475	0.1033808	0.7573323	0.2124393	6.704798	-6.515562
5633	1	222.9107	0	222.9107	0.1063389	0.7636247	0.002050949	6.518283	3.051221
5634	0	-280.3155	0	-280.3155	0.1353657	0.8123214	0.2591933	5.120554	-6.415455
5635	1	223.4629	0	223.4629	0.2232052	0.8856282	0.003279468	3.105426	3.051221
5636	0	-278.6841	0	-278.6841	0.06372184	0.6323452	0.1513163	10.8777	-6.509501
5637	1	224.7855	0	224.7855	0.1488167	0.828935	0.002411102	4.657723	3.051221
5638	0	-277.6662	0	-277.6662	0.06127931	0.6211391	0.1236216	11.31128	-6.434258
5639	1	225.2056	0	225.2056	0.1482869	0.8283343	0.002168844	4.674367	3.051221
5640	0	-277.6544	0	-277.6544	0.08577729	0.7126841	0.1726022	8.080778	-6.433976
5641	1	224.8085	0	224.8085	0.1392358	0.8174095	0.002293454	4.978227	3.051221
5642	0	-280.2142	0	-280.2142	0.1270551	0.8004308	0.2499939	5.455485	-6.47386
5643	1	224.6943	0	224.6943	0.09280989	0.7321535	0.001489541	7.468462	3.038811
5644	0	-279.1954	0	-279.1954	0.1001155	0.7500244	0.1999265	6.923476	-6.53467
5645	1	224.7266	0	224.7266	0.1324382	0.8082897	0.00225678	5.233739	3.038811
5646	0	-278.0087	0	-278.0087	0.09792765	0.7449019	0.1782871	7.078156	-6.379954
5647	1	224.117	0	224.117	0.1595704	0.8403014	0.002025082	4.343833	3.038811
5648	0	-279.8265	0	-279.8265	0.07938917	0.6927422	0.1598191	8.731004	-6.622703
5649	1	224.0393	0	224.0393	0.2130226	0.8801705	0.003114983	3.253866	3.038811
5650	0	-278.7946	0	-278.7946	0.05972955	0.6137356	0.119844	11.60476	-6.561209
5651	1	223.3905	0	223.3905	0.234304	0.8910397	0.003500504	2.958324	3.038811
5652	0	-278.7407	0	-278.7407	0.07851705	0.6898337	0.1468806	8.827983	-6.28972
5653	1	222.1238	0	222.1238	0.2531497	0.8991458	0.003375349	2.738092	3.035906
5654	0	-279.6527	0	-279.6527	0.09489338	0.7374781	0.1635372	7.304484	-6.283168
5655	1	220.4751	0	220.4751	0.3050615	0.9163044	0.0038772	2.272155	3.0508
5656	0	-278.6934	0	-278.6934	0.09623114	0.7407982	0.1929275	7.202941	-6.341118
5657	1	220.491	0	220.491	0.3261671	0.9217199	0.004422471	2.125129	3.0508
5658	0	-277.5683	0	-277.5683	0.07070708	0.6615412	0.1436636	9.803081	-6.493724
5659	1	222.4247	0	222.4247	0.2230698	0.8855588	0.003708478	3.107311	3.051375
5660	0	-278.1322	0	-278.1322	0.05742753	0.6022953	0.1252317	12.06995	-6.350377
5661	1	220.9678	0	220.9678	0.2472372	0.8967353	0.002968134	2.803572	3.051375
5662	0	-277.6516	0	-277.6516	0.08085088	0.6975129	0.1645076	8.573155	-6.386989
5663	1	225.3815	0	225.3815	0.1097043	0.7704295	0.001595216	6.318323	3.042006
5664	0	-278.5307	0	-278.5307	0.07633665	0.6823514	0.1289883	9.080137	-6.389509
5665	1	225.6036	0	225.6036	0.1103819	0.7717563	0.001701763	6.279538	3.042006
5666	0	-278.2921	0	-278.2921	0.1042936	0.7593063	0.1996297	6.646113	-6.419493
5667	1	225.6287	0	225.6287	0.1336517	0.8099807	0.001982992	5.18622	3.039452
5668	0	-279.3918	0	-279.3918	0.1011348	0.7523481	0.2043211	6.853693	-6.317895
5669	1	225.0168	0	225.0168	0.1224901	0.7932747	0.001674451	5.658802	3.039452
5670	0	-279.4892	0	-279.4892	0.0956345	0.7393268	0.2118525	7.247878	-6.438988
5671	1	224.1037	0	224.1037	0.11263	0.7760589	0.002064421	6.154195	3.046836
5672	0	-278.3829	0	-278.3829	0.07525129	0.678511	0.1665258	9.211101	-6.358582
5673	1	220.2592	0	220.2592	0.05346405	0.5812715	0.001138955	12.96473	3.046836
5674	0	-278.3189	0	-278.3189	0.08729638	0.7170968	0.1837956	7.940159	-6.377866
5675	1	225.7874	0	225.7874	0.1257858	0.7984883	0.001867609	5.510537	3.046836
5676	0	-279.3289	0	-279.3289	0.05785725	0.6044722	0.1443162	11.9803	-6.545096
5677	1	224.9423	0	224.9423	0.1188131	0.7871517	0.001903674	5.833931	3.035623
5678	0	-278.1941	0	-278.1941	0.1055121	0.7618961	0.1901394	6.569363	-6.437303
5679	1	224.209	0	224.209	0.1825398	0.8602365	0.002750576	3.797238	3.035623
5680	0	-279.6935	0	-279.6935	0.08799513	0.7190868	0.1822882	7.877108	-6.269157
5681	1	224.8897	0	224.8897	0.1808737	0.8589565	0.002686639	3.832216	3.048954
5682	0	-278.9091	0	-278.9091	0.1127343	0.7762548	0.1866097	6.148503	-6.4154
5683	1	224.6083	0	224.6083	0.1959477	0.8697581	0.002759782	3.53741	3.040047
5684	0	-279.5913	0	-279.5913	0.1279454	0.8017723	0.2365228	5.417524	-6.414348
5685	1	224.6098	0	224.6098	0.1966833	0.8702435	0.00279581	3.52418	3.040047
5686	0	-278.4852	0	-278.4852	0.05789699	0.6046726	0.1385697	11.97208	-6.365028
5687	1	225.0575	0	225.0575	0.1663054	0.8467001	0.002630229	4.167918	3.041224
5688	0	-278.2938	0	-278.2938	0.05351599	0.5815585	0.1119504	12.95215	-6.462638
5689	1	224.9136	0	224.9136	0.1729681	0.852555	0.002664789	4.007369	3.039259
5690	0	-279.2692	0	-279.2692	0.04208411	0.510019	0.1010814	16.47052	-6.449438
5691	1	223.8126	0	223.8126	0.1961728	0.869907	0.002812845	3.533349	3.035153
5692	0	-279.4479	0	-279.4479	0.05143898	0.5698345	0.135509	13.47514	-6.519338
5693	1	224.4306	0	224.4306	0.1703192	0.8502806	0.002463863	4.069694	3.035153
5694	0	-282.6008	0	-282.6008	0.0569013	0.5996029	0.1186146	12.18157	-6.147328
5695	1	224.3098	0	224.3098	0.1813618	0.8593338	0.002454466	3.821904	3.037205
5696	0	-277.9517	0	-277.9517	0.05554243	0.5925129	0.1265135	12.4796	-6.464153
5697	1	225.1723	0	225.1723	0.1406211	0.8191672	0.001995378	4.929185	3.037205
5698	0	-278.2087	0	-278.2087	0.08258399	0.7030058	0.1714848	8.393239	-6.513904
5699	1	223.9244	0	223.9244	0.2208512	0.8844109	0.003269716	3.138526	3.039859
5700	0	-278.0686	0	-278.0686	0.08666258	0.7152703	0.1798275	7.998229	-6.470776
5701	1	222.6602	0	222.6602	0.2149375	0.881236	0.003556925	3.224878	3.051793
5702	0	-278.0996	0	-278.0996	0.0635866	0.6317391	0.1475172	10.90084	-6.425227
5703	1	221.254	0	221.254	0.2283927	0.8882226	0.003392997	3.034892	3.029586
5704	0	-278.9671	0	-278.9671	0.09397065	0.7351435	0.1882213	7.37621	-6.543928
5705	1	225.2018	0	225.2018	0.1603359	0.8410548	0.002213184	4.323094	3.048479
5706	0	-279.6946	0	-279.6946	0.1171901	0.7843402	0.2266109	5.914723	-6.505639
5707	1	222.0183	0	222.0183	0.2886178	0.9115365	0.003997615	2.401609	3.048479
5708	0	-278.6063	0	-278.6063	0.1006193	0.7511778	0.1659505	6.888809	-6.38917
5709	1	220.7842	0	220.7842	0.203801	0.8747614	0.003362619	3.401098	3.028033
5710	0	-279.6945	0	-279.6945	0.0811107	0.6983475	0.145618	8.545694	-6.259244
5711	1	225.2664	0	225.2664	0.1523121	0.8327976	0.002454482	4.550834	3.042809
5712	0	-279.7125	0	-279.7125	0.1016382	0.7534813	0.2155743	6.819748	-6.340492
5713	1	223.9601	0	223.9601	0.09725515	0.7432892	0.001808672	7.1271	3.042809
5714	0	-278.947	0	-278.947	0.1072443	0.7654914	0.2132552	6.463254	-6.474426
5715	1	225.7856	0	225.7856	0.1224165	0.7931555	0.001803188	5.662203	3.042809
5716	0	-278.7662	0	-278.7662	0.0941898	0.7357013	0.1568337	7.359047	-6.34952
5717	1	224.9256	0	224.9256	0.1298489	0.804584	0.002228992	5.338107	3.042686
5718	0	-280.0175	0	-280.0175	0.09345148	0.7338135	0.1642778	7.417188	-6.260557
5719	1	225.6021	0	225.6021	0.1538357	0.8344289	0.002171208	4.505762	3.042686
5720	0	-280.1516	0	-280.1516	0.1219076	0.7923269	0.2382462	5.685839	-6.340238
5721	1	225.1276	0	225.1276	0.1528556	0.8333831	0.00206265	4.534654	3.040134
5722	0	-279.7164	0	-279.7164	0.1300428	0.8048662	0.2359059	5.330149	-6.395576
5723	1	225.0338	0	225.0338	0.1715027	0.8513052	0.00235927	4.04161	3.040134
5724	0	-280.7867	0	-280.7867	0.08649766	0.7147916	0.2073904	8.013479	-6.34142
5725	1	223.6328	0	223.6328	0.1963952	0.8700538	0.0024492	3.529349	3.042152
5726	0	-278.8684	0	-278.8684	0.1009816	0.7520013	0.2080208	6.864093	-6.386519
5727	1	224.4959	0	224.4959	0.1964155	0.8700672	0.002628641	3.528985	3.042152
5728	0	-278.8176	0	-278.8176	0.09145701	0.7285922	0.1601619	7.57894	-6.312998
5729	1	224.2632	0	224.2632	0.1476593	0.8276177	0.001850457	4.694234	3.042152
5730	0	-279.7841	0	-279.7841	0.05277941	0.5774596	0.1426782	13.13291	-6.492462
5731	1	225.0169	0	225.0169	0.1595605	0.8402916	0.00258995	4.344104	3.042152
5732	0	-283.1471	0	-283.1471	0.1001644	0.7501368	0.1421791	6.920093	-6.300385
5733	1	225.6639	0	225.6639	0.153364	0.8339272	0.002270602	4.51962	3.042152
5734	0	-277.7628	0	-277.7628	0.07923319	0.6922255	0.1599094	8.748192	-6.501922
5735	1	225.8229	0	225.8229	0.1247086	0.7968117	0.001829783	5.558134	3.044138
5736	0	-278.1086	0	-278.1086	0.06161636	0.6227185	0.1335493	11.2494	-6.337524
5737	1	224.9539	0	224.9539	0.09332096	0.7334774	0.001544471	7.427561	3.044138
5738	0	-278.0131	0	-278.0131	0.08120636	0.6986538	0.1438386	8.535627	-6.360142
5739	1	225.2283	0	225.2283	0.09989074	0.7495067	0.001517655	6.939053	3.044138
5740	0	-278.9809	0	-278.9809	0.103797	0.758236	0.1854157	6.677912	-6.529709
5741	1	223.1532	0	223.1532	0.1119464	0.7747664	0.002095065	6.191778	3.035416
5742	0	-277.9595	0	-277.9595	0.08575883	0.7126298	0.1463124	8.082517	-6.436211
5743	1	223.5369	0	223.5369	0.1409729	0.8196085	0.002495385	4.916882	3.035416
5744	0	-277.6865	0	-277.6865	0.09327963	0.7333707	0.1726525	7.430853	-6.405836
5745	1	224.9764	0	224.9764	0.1157714	0.7818254	0.001781354	5.987204	3.035416
5746	0	-278.7551	0	-278.7551	0.08425915	0.7081525	0.1482159	8.226373	-6.548683
5747	1	224.3073	0	224.3073	0.1334297	0.8096735	0.001789449	5.194849	3.035416
5748	0	-277.8339	0	-277.8339	0.08662128	0.7151505	0.1774413	8.002043	-6.424187
5749	1	224.122	0	224.122	0.1861105	0.8629039	0.002753482	3.724384	3.035416
5750	0	-277.7432	0	-277.7432	0.09464373	0.7368501	0.1694217	7.323751	-6.432652
5751	1	222.684	0	222.684	0.2347212	0.8912332	0.003207952	2.953066	3.035416
5752	0	-279.3183	0	-279.3183	0.09393171	0.7350441	0.1460735	7.379267	-6.441244
5753	1	223.6198	0	223.6198	0.2214738	0.8847354	0.003330173	3.129702	3.038104
5754	0	-278.5933	0	-278.5933	0.09190888	0.729791	0.1551038	7.541678	-6.507636
5755	1	223.4559	0	223.4559	0.2052686	0.8756545	0.003329326	3.376781	3.038104
5756	0	-278.8259	0	-278.8259	0.07936377	0.6926581	0.1724899	8.733799	-6.319005
5757	1	225.4323	0	225.4323	0.1390213	0.8171344	0.002084625	4.985907	3.038033
5758	0	-279.3791	0	-279.3791	0.07686195	0.6841821	0.1447602	9.018079	-6.603049
5759	1	224.7336	0	224.7336	0.1553549	0.836025	0.002525972	4.461702	3.038033
5760	0	-278.7296	0	-278.7296	0.063153	0.6297845	0.1519284	10.97568	-6.495583
5761	1	224.8228	0	224.8228	0.1630408	0.8436623	0.002574186	4.251371	3.038033
5762	0	-280.1885	0	-280.1885	0.1025346	0.755476	0.2215998	6.760127	-6.330983
5763	1	225.0359	0	225.0359	0.1774216	0.8562297	0.002748945	3.90678	3.043081
5764	0	-277.7377	0	-277.7377	0.07262363	0.668879	0.1346787	9.544376	-6.487864
5765	1	224.9946	0	224.9946	0.1636818	0.844268	0.002161148	4.234725	3.043081
5766	0	-279.0345	0	-279.0345	0.05825788	0.6064845	0.1462881	11.89791	-6.374907
5767	1	225.4728	0	225.4728	0.1194514	0.7882388	0.001679757	5.802756	3.043081
5768	0	-277.8824	0	-277.8824	0.08935092	0.7228784	0.181122	7.757583	-6.423442
5769	1	225.4745	0	225.4745	0.1669987	0.8473305	0.002413767	4.150613	3.043081
5770	0	-278.6782	0	-278.6782	0.07862073	0.6901819	0.1694899	8.816341	-6.320369
5771	1	225.1613	0	225.1613	0.1732023	0.8527528	0.002415733	4.001952	3.047253
5772	0	-278.5248	0	-278.5248	0.05295986	0.5784697	0.1182226	13.08816	-6.338737
5773	1	223.911	0	223.911	0.1463606	0.8261162	0.002611045	4.735885	3.047253
5774	0	-278.6806	0	-278.6806	0.06860978	0.6531928	0.1191638	10.10275	-6.398275
5775	1	225.0039	0	225.0039	0.1558265	0.8365145	0.002064538	4.4482	3.047253
5776	0	-278.036	0	-278.036	0.07994247	0.6945632	0.1490177	8.670575	-6.527991
5777	1	224.8705	0	224.8705	0.1018338	0.7539189	0.001758745	6.806653	3.047253
5778	0	-279.7135	0	-279.7135	0.07044589	0.6605201	0.1742038	9.839427	-6.486428
5779	1	225.5028	0	225.5028	0.1369263	0.8144055	0.001900267	5.062191	3.047253
5780	0	-281.8375	0	-281.8375	0.1010197	0.7520876	0.1702631	6.861505	-6.223469
5781	1	225.5156	0	225.5156	0.1094484	0.7699247	0.001736569	6.333098	3.047253
5782	0	-282.8508	0	-282.8508	0.1118283	0.7745418	0.157267	6.198316	-6.51998
5783	1	225.0384	0	225.0384	0.1453708	0.8249547	0.002002475	4.768131	3.050684
5784	0	-278.6568	0	-278.6568	0.1107976	0.7725634	0.2061957	6.255976	-6.386584
5785	1	223.6263	0	223.6263	0.1801785	0.8584156	0.002347061	3.847003	3.052582
5786	0	-278.9972	0	-278.9972	0.09197101	0.7299551	0.2011941	7.536583	-6.437369
5787	1	224.3085	0	224.3085	0.1464443	0.8262136	0.002566654	4.733181	3.044114
5788	0	-277.8653	0	-277.8653	0.08694814	0.7160958	0.1557006	7.971961	-6.491602
5789	1	225.2773	0	225.2773	0.1743707	0.853732	0.002588523	3.975135	3.046
5790	0	-280.7489	0	-280.7489	0.09846222	0.7461709	0.158763	7.039727	-6.578661
5791	1	225.82	0	225.82	0.1239471	0.7956106	0.001893658	5.592281	3.046
5792	0	-281.4849	0	-281.4849	0.09714931	0.7430338	0.2342381	7.134865	-6.406474
5793	1	225.3448	0	225.3448	0.1570239	0.8377445	0.002140523	4.414278	3.046
5794	0	-278.1334	0	-278.1334	0.09976351	0.7492128	0.1828503	6.947903	-6.374069
5795	1	225.5198	0	225.5198	0.1427516	0.821808	0.001966404	4.855619	3.046
5796	0	-277.451	0	-277.451	0.06715226	0.647186	0.13608	10.32202	-6.397771
5797	1	225.446	0	225.446	0.1159544	0.7821528	0.001677134	5.977757	3.040439
5798	0	-278.285	0	-278.285	0.08357778	0.706078	0.1810865	8.293438	-6.42549
5799	1	224.6335	0	224.6335	0.1276093	0.8012678	0.001669434	5.431794	3.040439
5800	0	-277.5544	0	-277.5544	0.06161213	0.6226988	0.1313915	11.25017	-6.433026
5801	1	225.181	0	225.181	0.1249283	0.7971559	0.00202434	5.548358	3.037739
5802	0	-281.2629	0	-281.2629	0.1490863	0.829239	0.2659154	4.6493	-6.354005
5803	1	223.3762	0	223.3762	0.1435304	0.822755	0.002496011	4.82927	3.033403
5804	0	-279.3363	0	-279.3363	0.09068941	0.7265341	0.2011882	7.643089	-6.371328
5805	1	223.8269	0	223.8269	0.168936	0.8490653	0.002333703	4.103017	3.033403
5806	0	-278.3653	0	-278.3653	0.07819921	0.6887619	0.1618074	8.863865	-6.31685
5807	1	223.086	0	223.086	0.1198909	0.7889813	0.002193431	5.781484	3.033403
5808	0	-279.7634	0	-279.7634	0.06847256	0.6526346	0.172473	10.12299	-6.429355
5809	1	224.0048	0	224.0048	0.1142722	0.7791081	0.001727365	6.065754	3.031234
5810	0	-278.3311	0	-278.3311	0.0959641	0.7401415	0.1942385	7.222984	-6.464228
5811	1	221.4591	0	221.4591	0.1109104	0.7727814	0.001405926	6.249615	3.031234
5812	0	-277.5551	0	-277.5551	0.07767157	0.6869685	0.1582323	8.924079	-6.473784
5813	1	224.6991	0	224.6991	0.1467383	0.8265554	0.002033915	4.723697	3.05275
5814	0	-278.7956	0	-278.7956	0.09358508	0.7341569	0.2006565	7.406599	-6.42494
5815	1	224.8759	0	224.8759	0.1524121	0.8329057	0.002242495	4.547848	3.05275
5816	0	-280.7861	0	-280.7861	0.1272515	0.8007282	0.2051646	5.447064	-6.518195
5817	1	224.0394	0	224.0394	0.1726759	0.8523074	0.002503734	4.014152	3.033713
5818	0	-279.0063	0	-279.0063	0.1058087	0.7625189	0.2066085	6.550945	-6.345853
5819	1	221.7753	0	221.7753	0.1528228	0.8333479	0.002579035	4.535625	3.061268
5820	0	-279.7282	0	-279.7282	0.1178437	0.7854806	0.234364	5.881922	-6.480049
5821	1	220.0562	0	220.0562	0.2110685	0.8790634	0.002898409	3.283992	3.026304
5822	0	-278.3255	0	-278.3255	0.09930456	0.7481475	0.1959979	6.980013	-6.467023
5823	1	221.5303	0	221.5303	0.182476	0.8601878	0.003427842	3.798567	3.038442
5824	0	-278.2185	0	-278.2185	0.1045855	0.7599313	0.1831696	6.627567	-6.44395
5825	1	223.4026	0	223.4026	0.1984284	0.8713808	0.002947259	3.493186	3.03375
5826	0	-280.6853	0	-280.6853	0.05636247	0.5968155	0.1109165	12.29803	-6.241607
5827	1	225.205	0	225.205	0.135625	0.8126708	0.001865978	5.110764	3.038965
5828	0	-277.8672	0	-277.8672	0.07607428	0.6814302	0.1337822	9.111453	-6.426064
5829	1	225.8274	0	225.8274	0.1329908	0.8090633	0.001971826	5.211993	3.046425
5830	0	-278.8913	0	-278.8913	0.07076505	0.6617672	0.168583	9.795049	-6.439212
5831	1	224.6744	0	224.6744	0.1450718	0.8246009	0.002481064	4.77796	3.046425
5832	0	-279.4748	0	-279.4748	0.08936497	0.7229173	0.1656675	7.756364	-6.591248
5833	1	225.5277	0	225.5277	0.1250953	0.7974166	0.001754066	5.540954	3.046425
5834	0	-277.9505	0	-277.9505	0.06152511	0.622292	0.1414946	11.26609	-6.426415
5835	1	223.0923	0	223.0923	0.1938168	0.8683315	0.002862231	3.576301	3.032158
5836	0	-277.5469	0	-277.5469	0.08889056	0.7216011	0.1633226	7.797759	-6.448285
5837	1	221.5911	0	221.5911	0.2487061	0.8973449	0.003912447	2.787013	3.054691
5838	0	-284.0319	0	-284.0319	0.1358284	0.8129439	0.2579211	5.103111	-6.630977
5839	1	220.8407	0	220.8407	0.2779202	0.908132	0.003742337	2.494051	3.054691
5840	0	-280.8498	0	-280.8498	0.140567	0.8190992	0.2742146	4.931082	-6.432551
5841	1	222.6188	0	222.6188	0.2684903	0.9049062	0.004029022	2.581647	3.047322
5842	0	-278.5274	0	-278.5274	0.08408871	0.707636	0.1841666	8.243047	-6.461545
5843	1	221.7932	0	221.7932	0.252749	0.898986	0.004266185	2.742433	3.047322
5844	0	-279.6969	0	-279.6969	0.09637022	0.7411391	0.1536919	7.192545	-6.330428
5845	1	223.7889	0	223.7889	0.1937622	0.8682946	0.002446367	3.577308	3.047322
5846	0	-278.5965	0	-278.5965	0.07231597	0.6677193	0.1445999	9.584981	-6.574515
5847	1	224.8754	0	224.8754	0.1337353	0.8100962	0.001744448	5.182979	3.044771
5848	0	-278.8861	0	-278.8861	0.07517629	0.6782427	0.1526977	9.22029	-6.276242
5849	1	221.0832	0	221.0832	0.1927867	0.8676307	0.002147876	3.59541	3.044771
5850	0	-280.1916	0	-280.1916	0.07442215	0.6755236	0.1655401	9.313721	-6.240498
5851	1	225.3633	0	225.3633	0.1709807	0.8508549	0.002559977	4.053951	3.044771
5852	0	-277.5433	0	-277.5433	0.08954427	0.7234118	0.1699316	7.740832	-6.431994
5853	1	224.9324	0	224.9324	0.190537	0.8660743	0.002830841	3.637862	3.044771
5854	0	-278.0237	0	-278.0237	0.06177074	0.6234384	0.1412651	11.22129	-6.386179
5855	1	220.4134	0	220.4134	0.2140346	0.880736	0.004089201	3.238482	3.044771
5856	0	-278.1807	0	-278.1807	0.07585416	0.6806539	0.1585058	9.137892	-6.329303
5857	1	222.1726	0	222.1726	0.270684	0.9056766	0.004317602	2.560725	3.044771
5858	0	-278.449	0	-278.449	0.08626233	0.7141061	0.155047	8.03534	-6.53897
5859	1	225.0829	0	225.0829	0.1780927	0.8567679	0.002733662	3.892058	3.045079
5860	0	-277.4904	0	-277.4904	0.08725085	0.7169662	0.1601538	7.944303	-6.438212
5861	1	224.5519	0	224.5519	0.1990823	0.8718019	0.003053801	3.481712	3.045079
5862	0	-277.9903	0	-277.9903	0.0879743	0.7190278	0.1494597	7.878973	-6.430714
5863	1	223.7091	0	223.7091	0.2152665	0.8814172	0.003375625	3.219949	3.048561
5864	0	-278.7903	0	-278.7903	0.07172547	0.665474	0.1392385	9.663892	-6.282254
5865	1	224.9149	0	224.9149	0.1648701	0.8453789	0.002625393	4.204202	3.048561
5866	0	-277.42	0	-277.42	0.06967546	0.6574775	0.1442675	9.948225	-6.457307
5867	1	225.5267	0	225.5267	0.1274645	0.8010498	0.001819959	5.437962	3.048561
5868	0	-282.0064	0	-282.0064	0.04368333	0.5211299	0.09441417	15.86754	-6.62782
5869	1	225.5989	0	225.5989	0.1548254	0.8354722	0.002364535	4.47696	3.045094
5870	0	-279.9214	0	-279.9214	0.04471351	0.5280824	0.09696918	15.50196	-6.370439
5871	1	223.968	0	223.968	0.1863918	0.8631098	0.002345458	3.718764	3.046131
5872	0	-280.3651	0	-280.3651	0.05277764	0.5774497	0.1248572	13.13335	-6.22456
5873	1	225.7654	0	225.7654	0.1182122	0.7861187	0.001797574	5.863587	3.046131
5874	0	-277.3946	0	-277.3946	0.07465164	0.6763552	0.1513199	9.28509	-6.45732
5875	1	225.6946	0	225.6946	0.1470988	0.8269727	0.002241311	4.712119	3.046131
5876	0	-277.4159	0	-277.4159	0.0748297	0.6769979	0.1502812	9.262996	-6.393691
5877	1	225.0128	0	225.0128	0.1821974	0.8599753	0.002763047	3.804375	3.046131
5878	0	-277.9207	0	-277.9207	0.06119541	0.6207442	0.1376798	11.32678	-6.381554
5879	1	225.5579	0	225.5579	0.144353	0.8237447	0.001996123	4.801751	3.042746
5880	0	-277.6733	0	-277.6733	0.08271941	0.7034277	0.1687648	8.379498	-6.458305
5881	1	223.5559	0	223.5559	0.1971413	0.8705439	0.00244513	3.515991	3.042746
5882	0	-282.5177	0	-282.5177	0.08329057	0.7051958	0.2109126	8.322037	-6.283705
5883	1	223.5212	0	223.5212	0.1542257	0.8348416	0.00278808	4.494369	3.045556
5884	0	-277.952	0	-277.952	0.06089256	0.6193133	0.1303443	11.38312	-6.514966
5885	1	224.652	0	224.652	0.2023256	0.8738508	0.002959324	3.425899	3.045556
5886	0	-277.5151	0	-277.5151	0.0648881	0.6375049	0.1301969	10.68219	-6.406336
5887	1	224.4579	0	224.4579	0.191632	0.8668363	0.003042542	3.617075	3.045556
5888	0	-278.7344	0	-278.7344	0.1012972	0.7527146	0.1913284	6.842708	-6.332911
5889	1	224.0615	0	224.0615	0.2193317	0.8836114	0.002975123	3.160269	3.045556
5890	0	-278.003	0	-278.003	0.09718363	0.7431167	0.1846966	7.132345	-6.469514
5891	1	224.092	0	224.092	0.2134337	0.8804009	0.003299097	3.2476	3.045556
5892	0	-277.6433	0	-277.6433	0.07287714	0.6698295	0.156213	9.511174	-6.43065
5893	1	222.2639	0	222.2639	0.1920298	0.8671111	0.002231617	3.609581	3.045556
5894	0	-277.4184	0	-277.4184	0.0778063	0.6874281	0.1439498	8.908625	-6.443269
5895	1	225.3763	0	225.3763	0.1664838	0.8468628	0.002321745	4.163452	3.045556
5896	0	-277.6532	0	-277.6532	0.07213873	0.667048	0.1325842	9.60853	-6.407293
5897	1	225.6581	0	225.6581	0.13394	0.8103784	0.001879491	5.175057	3.045556
5898	0	-279.1993	0	-279.1993	0.09372803	0.7345234	0.1888616	7.395303	-6.555811
5899	1	225.3583	0	225.3583	0.1014335	0.7530216	0.001584479	6.833511	3.045556
5900	0	-281.4565	0	-281.4565	0.1078273	0.7666792	0.1576351	6.428311	-6.343743
5901	1	225.0471	0	225.0471	0.1349583	0.8117701	0.001821194	5.136011	3.049133
5902	0	-278.0155	0	-278.0155	0.08316281	0.7048019	0.1764704	8.334821	-6.442833
5903	1	225.3806	0	225.3806	0.1523937	0.8328858	0.002167385	4.548397	3.049133
5904	0	-279.4662	0	-279.4662	0.06521164	0.6389151	0.1364041	10.62919	-6.618983
5905	1	223.501	0	223.501	0.171338	0.8511634	0.003026186	4.045496	3.045199
5906	0	-277.4699	0	-277.4699	0.08040176	0.6960608	0.1492464	8.621045	-6.394574
5907	1	225.4995	0	225.4995	0.1083259	0.7676863	0.00175262	6.398722	3.045199
5908	0	-280.1315	0	-280.1315	0.110468	0.7719239	0.177353	6.274642	-6.321961
5909	1	225.5705	0	225.5705	0.1552523	0.8359183	0.002381018	4.464649	3.045199
5910	0	-278.6033	0	-278.6033	0.05810868	0.6057371	0.1424236	11.92846	-6.475123
5911	1	222.0362	0	222.0362	0.1642869	0.8448356	0.002124825	4.219126	3.05831
5912	0	-277.9158	0	-277.9158	0.06781551	0.6499408	0.1449959	10.22107	-6.515991
5913	1	223.2377	0	223.2377	0.1923137	0.8673065	0.003034157	3.604252	3.033612
5914	0	-279.0832	0	-279.0832	0.07345945	0.6719953	0.171635	9.435779	-6.353939
5915	1	225.3107	0	225.3107	0.1225572	0.7933834	0.001873981	5.655704	3.051444
5916	0	-279.5198	0	-279.5198	0.1028325	0.7561324	0.1695028	6.740545	-6.531359
5917	1	225.3093	0	225.3093	0.1283988	0.8024489	0.001973678	5.398394	3.051444
5918	0	-277.8922	0	-277.8922	0.09271675	0.731911	0.1787349	7.475965	-6.477132
5919	1	225.4739	0	225.4739	0.1168273	0.7837022	0.001824552	5.933092	3.038968
5920	0	-281.256	0	-281.256	0.1457466	0.8253973	0.2574496	4.755839	-6.504018
5921	1	224.8156	0	224.8156	0.1452653	0.82483	0.002414751	4.771595	3.038968
5922	0	-277.8898	0	-277.8898	0.09650257	0.7414627	0.1689063	7.182681	-6.428526
5923	1	225.3971	0	225.3971	0.1348957	0.8116851	0.00190369	5.138392	3.038968
5924	0	-279.9501	0	-279.9501	0.1135243	0.7777289	0.1759854	6.105718	-6.379682
5925	1	225.1424	0	225.1424	0.1629558	0.8435816	0.002386578	4.25359	3.038234
5926	0	-280.3117	0	-280.3117	0.129933	0.8047065	0.2065028	5.334651	-6.455857
5927	1	222.7935	0	222.7935	0.259561	0.9016359	0.004017365	2.670459	3.043547
5928	0	-279.7359	0	-279.7359	0.0884123	0.7202631	0.1489418	7.83994	-6.571702
5929	1	223.8904	0	223.8904	0.2241352	0.8861021	0.003177249	3.09254	3.039963
5930	0	-279.6626	0	-279.6626	0.1253159	0.7977601	0.2108002	5.531201	-6.3767
5931	1	223.5015	0	223.5015	0.2439216	0.8953325	0.003502929	2.84168	3.046531
5932	0	-284.7201	0	-284.7201	0.1615955	0.8422795	0.3636802	4.289397	-6.416461
5933	1	225.41	0	225.41	0.1409511	0.8195812	0.001922564	4.917642	3.046531
5934	0	-277.7272	0	-277.7272	0.06773131	0.649593	0.127493	10.23378	-6.464275
5935	1	224.1142	0	224.1142	0.1438979	0.8231985	0.001792724	4.816936	3.046531
5936	0	-278.1446	0	-278.1446	0.09499672	0.7377373	0.184134	7.296538	-6.364686
5937	1	224.7779	0	224.7779	0.1838956	0.8612613	0.00246621	3.769242	3.046142
5938	0	-279.101	0	-279.101	0.09753298	0.7439577	0.1760448	7.106798	-6.554648
5939	1	225.3065	0	225.3065	0.1591283	0.8398631	0.00250453	4.355903	3.046142
5940	0	-278.2198	0	-278.2198	0.075594	0.6797322	0.168902	9.169341	-6.432275
5941	1	224.5186	0	224.5186	0.1565693	0.8372796	0.001991992	4.427096	3.046142
5942	0	-281.0586	0	-281.0586	0.06551473	0.6402279	0.1508904	10.58002	-6.668898
5943	1	224.8463	0	224.8463	0.1845141	0.8617239	0.002500641	3.756608	3.046142
5944	0	-279.1923	0	-279.1923	0.09798654	0.7450422	0.199287	7.073902	-6.321941
5945	1	225.4984	0	225.4984	0.1419984	0.8208829	0.002269353	4.881373	3.046142
5946	0	-278.4442	0	-278.4442	0.1062602	0.763461	0.1968373	6.523115	-6.474397
5947	1	223.7431	0	223.7431	0.1403271	0.818797	0.001725129	4.939509	3.041111
5948	0	-278.9607	0	-278.9607	0.07994742	0.6945794	0.1359634	8.670038	-6.534472
5949	1	225.5312	0	225.5312	0.1537246	0.834311	0.002178034	4.509018	3.041111
5950	0	-277.6593	0	-277.6593	0.09091679	0.7271466	0.1758555	7.623973	-6.420624
5951	1	225.1198	0	225.1198	0.09909901	0.7476677	0.001517543	6.994492	3.041111
5952	0	-279.7022	0	-279.7022	0.07938007	0.6927121	0.1695718	8.732006	-6.258098
5953	1	224.0155	0	224.0155	0.1039944	0.7586624	0.001385391	6.665238	3.044873
5954	0	-278.3516	0	-278.3516	0.06563354	0.6407404	0.1400921	10.56087	-6.555019
5955	1	224.9767	0	224.9767	0.133793	0.8101758	0.001963155	5.180744	3.053174
5956	0	-278.1722	0	-278.1722	0.09245892	0.7312377	0.1575427	7.496812	-6.475639
5957	1	225.0411	0	225.0411	0.1359717	0.813136	0.001923066	5.097732	3.036505
5958	0	-277.9272	0	-277.9272	0.07385722	0.673461	0.1312035	9.384961	-6.462322
5959	1	224.8844	0	224.8844	0.144681	0.8241364	0.002308223	4.790865	3.036505
5960	0	-278.3351	0	-278.3351	0.08031232	0.6957701	0.1551743	8.630645	-6.308696
5961	1	225.4011	0	225.4011	0.1552462	0.8359118	0.002300655	4.464826	3.039265
5962	0	-278.2826	0	-278.2826	0.06921821	0.65565	0.1407053	10.01394	-6.308696
5963	1	225.3925	0	225.3925	0.1054848	0.7618386	0.001713284	6.571063	3.042219
5964	0	-278.3696	0	-278.3696	0.06621918	0.6432489	0.1452453	10.46747	-6.545823
5965	1	224.8522	0	224.8522	0.09215449	0.7304387	0.001452754	7.521578	3.042219
5966	0	-277.9169	0	-277.9169	0.05640562	0.5970399	0.1179004	12.28862	-6.42748
5967	1	225.5848	0	225.5848	0.138787	0.8168331	0.001930501	4.994324	3.042219
5968	0	-279.5137	0	-279.5137	0.07399725	0.6739743	0.1721658	9.367202	-6.311422
5969	1	221.8039	0	221.8039	0.1160488	0.7823213	0.002358843	5.972895	3.042219
5970	0	-281.1857	0	-281.1857	0.102171	0.7546703	0.1889784	6.784188	-6.226744
5971	1	221.9956	0	221.9956	0.150928	0.8312884	0.001734199	4.592568	3.040034
5972	0	-281.0477	0	-281.0477	0.04656162	0.5401682	0.09975035	14.88666	-6.613789
5973	1	225.5418	0	225.5418	0.1247739	0.7969141	0.001793108	5.555226	3.040034
5974	0	-279.9166	0	-279.9166	0.08751181	0.7177129	0.1396792	7.920613	-6.538122
5975	1	225.185	0	225.185	0.1505891	0.8309149	0.002413543	4.602905	3.040034
5976	0	-278.1619	0	-278.1619	0.0783165	0.6891581	0.1710412	8.85059	-6.393458
5977	1	225.0609	0	225.0609	0.1188178	0.7871597	0.00201103	5.833699	3.040034
5978	0	-281.1972	0	-281.1972	0.1459228	0.8256042	0.2339979	4.750095	-6.459188
5979	1	224.7911	0	224.7911	0.175306	0.8545067	0.002591394	3.953928	3.050685
5980	0	-278.6628	0	-278.6628	0.09960391	0.7488433	0.1755968	6.959036	-6.334629
5981	1	224.5391	0	224.5391	0.1104181	0.7718269	0.001926623	6.277476	3.050699
5982	0	-281.2107	0	-281.2107	0.1042357	0.759182	0.1980481	6.649805	-6.230507
5983	1	225.2805	0	225.2805	0.1329149	0.8089574	0.001891966	5.214968	3.050699
5984	0	-279.3603	0	-279.3603	0.06442737	0.6354809	0.1610769	10.75858	-6.38644
5985	1	225.6144	0	225.6144	0.1441197	0.8234651	0.002163976	4.809523	3.048381
5986	0	-277.7528	0	-277.7528	0.06353677	0.6315153	0.1412037	10.90939	-6.405043
5987	1	225.1776	0	225.1776	0.1652831	0.8457613	0.002296707	4.193698	3.048381
5988	0	-280.3769	0	-280.3769	0.08242429	0.7025069	0.125608	8.409501	-6.478715
5989	1	225.1563	0	225.1563	0.13688	0.8143442	0.002256573	5.063904	3.048381
5990	0	-279.2553	0	-279.2553	0.08695354	0.7161113	0.1941328	7.971466	-6.498319
5991	1	225.5221	0	225.5221	0.1172378	0.7844239	0.001868555	5.912316	3.048381
5992	0	-278.0457	0	-278.0457	0.0826446	0.7031947	0.1712739	8.387084	-6.361211
5993	1	224.7932	0	224.7932	0.1164018	0.7829496	0.001577172	5.954778	3.048381
5994	0	-278.4812	0	-278.4812	0.08100752	0.6980166	0.1758817	8.556578	-6.503208
5995	1	225.8447	0	225.8447	0.1235026	0.7949031	0.001892806	5.612412	3.044214
5996	0	-279.6252	0	-279.6252	0.08530447	0.711286	0.1984691	8.125567	-6.408674
5997	1	224.7344	0	224.7344	0.1149405	0.780327	0.002027486	6.030488	3.044214
5998	0	-278.807	0	-278.807	0.09518605	0.7382109	0.1866701	7.282025	-6.317657
5999	1	225.0731	0	225.0731	0.09833501	0.7458699	0.001475138	7.048834	3.044214
6000	0	-277.3285	0	-277.3285	0.07402984	0.6740936	0.1492863	9.363078	-6.431279
6001	1	223.6955	0	223.6955	0.1428272	0.8219004	0.001739513	4.853047	3.044214
6002	0	-277.3263	0	-277.3263	0.07989855	0.6944194	0.1525515	8.675341	-6.438827
6003	1	225.4382	0	225.4382	0.1095079	0.7700424	0.001642467	6.329652	3.048116
6004	0	-277.9129	0	-277.9129	0.09790767	0.7448542	0.1782531	7.079601	-6.395161
6005	1	225.4277	0	225.4277	0.1189777	0.7874331	0.00171783	5.825857	3.039581
6006	0	-279.7918	0	-279.7918	0.1205741	0.7901259	0.2212579	5.748724	-6.333001
6007	1	224.9713	0	224.9713	0.1764733	0.8554624	0.002649398	3.927773	3.048875
6008	0	-282.8262	0	-282.8262	0.1112423	0.7734209	0.1892993	6.230966	-6.208122
6009	1	223.7169	0	223.7169	0.2165293	0.8821076	0.002885051	3.20117	3.048875
6010	0	-278.0397	0	-278.0397	0.0756271	0.6798497	0.1595619	9.165328	-6.346925
6011	1	220.9568	0	220.9568	0.3147199	0.9188728	0.004744189	2.202426	3.049975
6012	0	-279.2616	0	-279.2616	0.1003466	0.7505546	0.2087442	6.907531	-6.505419
6013	1	223.2107	0	223.2107	0.2107119	0.8788592	0.003448267	3.28955	3.049975
6014	0	-280.117	0	-280.117	0.1033649	0.7572976	0.161985	6.70583	-6.330205
6015	1	223.42	0	223.42	0.2242302	0.8861503	0.003453728	3.09123	3.049975
6016	0	-278.5332	0	-278.5332	0.06660121	0.6448697	0.1209542	10.40743	-6.509617
6017	1	223.6084	0	223.6084	0.1951063	0.8691985	0.003206835	3.552663	3.049975
6018	0	-278.3906	0	-278.3906	0.08884083	0.7214625	0.1471086	7.802124	-6.462452
6019	1	220.5742	0	220.5742	0.3336493	0.9234753	0.004749461	2.077472	3.049975
6020	0	-279.4097	0	-279.4097	0.04360621	0.5206031	0.1054077	15.89561	-6.535898
6021	1	222.6582	0	222.6582	0.2537365	0.899379	0.003298627	2.73176	3.04762
6022	0	-279.1328	0	-279.1328	0.06839489	0.652318	0.1246337	10.13449	-6.29988
6023	1	225.6826	0	225.6826	0.1269376	0.8002525	0.001816085	5.460534	3.041968
6024	0	-279.8745	0	-279.8745	0.04617949	0.5377091	0.1274502	15.00985	-6.338285
6025	1	223.265	0	223.265	0.2013866	0.8732643	0.00247468	3.441873	3.041968
6026	0	-281.1737	0	-281.1737	0.06599582	0.6422956	0.1699233	10.5029	-6.590369
6027	1	224.1719	0	224.1719	0.1920554	0.8671287	0.002886958	3.6091	3.051631
6028	0	-279.2251	0	-279.2251	0.09143877	0.7285436	0.195978	7.580452	-6.333506
6029	1	223.9225	0	223.9225	0.1927206	0.8675855	0.003016923	3.596643	3.051631
6030	0	-278.2975	0	-278.2975	0.07966773	0.6936613	0.1726429	8.700476	-6.367576
6031	1	225.0649	0	225.0649	0.174292	0.8536665	0.002574973	3.97693	3.039474
6032	0	-278.5715	0	-278.5715	0.1079888	0.7670064	0.2072783	6.418692	-6.450104
6033	1	223.1609	0	223.1609	0.1909055	0.8663317	0.002366106	3.63084	3.038132
6034	0	-278.7023	0	-278.7023	0.09132992	0.7282534	0.1566255	7.589486	-6.527072
6035	1	223.1873	0	223.1873	0.2035141	0.8745854	0.003222	3.405893	3.034894
6036	0	-277.9673	0	-277.9673	0.08971684	0.7238864	0.1536149	7.725943	-6.453958
6037	1	225.2147	0	225.2147	0.1372315	0.8148078	0.002050378	5.050935	3.036525
6038	0	-280.6227	0	-280.6227	0.1326702	0.8086152	0.2071432	5.224587	-6.442696
6039	1	225.5073	0	225.5073	0.126515	0.7996086	0.00197681	5.478775	3.038906
6040	0	-279.1856	0	-279.1856	0.1145766	0.7796649	0.2008699	6.049639	-6.50029
6041	1	222.7263	0	222.7263	0.1544184	0.8350447	0.002167154	4.488759	3.059489
6042	0	-279.8877	0	-279.8877	0.1316856	0.8072264	0.2352158	5.263653	-6.380134
6043	1	225.4848	0	225.4848	0.1374561	0.8151029	0.002030856	5.04268	3.038372
6044	0	-284.647	0	-284.647	0.1761855	0.8552279	0.346998	3.934189	-6.293165
6045	1	224.8559	0	224.8559	0.172812	0.8524228	0.002638017	4.01099	3.038372
6046	0	-277.5211	0	-277.5211	0.06252488	0.6269227	0.1324678	11.08594	-6.427501
6047	1	224.059	0	224.059	0.2023262	0.8738511	0.003110288	3.425889	3.049904
6048	0	-279.7515	0	-279.7515	0.04700111	0.5429713	0.1207231	14.74746	-6.289278
6049	1	224.7036	0	224.7036	0.1589512	0.839687	0.002585173	4.360754	3.049904
6050	0	-277.7838	0	-277.7838	0.07131098	0.6638827	0.1507603	9.720062	-6.363074
6051	1	222.8215	0	222.8215	0.2547326	0.8997723	0.003612189	2.721077	3.049904
6052	0	-277.3808	0	-277.3808	0.0772033	0.685362	0.1461487	8.978207	-6.403074
6053	1	223.7453	0	223.7453	0.1946767	0.8689109	0.003169851	3.560505	3.049904
6054	0	-278.2677	0	-278.2677	0.100124	0.7500439	0.1884102	6.922889	-6.488171
6055	1	223.8362	0	223.8362	0.2199486	0.8839373	0.003115445	3.151405	3.049542
6056	0	-278.7312	0	-278.7312	0.05564694	0.5930653	0.1117915	12.45616	-6.350398
6057	1	223.8278	0	223.8278	0.2164158	0.8820459	0.003263382	3.202849	3.049542
6058	0	-278.4925	0	-278.4925	0.05703394	0.6002843	0.1215917	12.15324	-6.322484
6059	1	225.5585	0	225.5585	0.1281058	0.8020122	0.001968667	5.410739	3.049542
6060	0	-278.3187	0	-278.3187	0.07078904	0.6618606	0.1257228	9.79173	-6.371576
6061	1	225.3792	0	225.3792	0.129789	0.8044968	0.002076203	5.340568	3.049542
6062	0	-278.2365	0	-278.2365	0.1015863	0.7533648	0.1726485	6.823234	-6.429327
6063	1	225.2169	0	225.2169	0.1041012	0.7588926	0.001641189	6.658398	3.049542
6064	0	-279.927	0	-279.927	0.06654868	0.6446475	0.1472448	10.41564	-6.631423
6065	1	225.1871	0	225.1871	0.1150085	0.7804504	0.001641189	6.026921	3.049542
6066	0	-281.2869	0	-281.2869	0.07356871	0.672399	0.1519893	9.421767	-6.682147
6067	1	224.7061	0	224.7061	0.1586837	0.8394201	0.00209893	4.368105	3.049542
6068	0	-278.0677	0	-278.0677	0.06863545	0.6532971	0.123784	10.09897	-6.453954
6069	1	222.741	0	222.741	0.2305585	0.8892715	0.003756081	3.006383	3.049542
6070	0	-279.2506	0	-279.2506	0.08593309	0.7131422	0.1821447	8.066127	-6.297815
6071	1	223.404	0	223.404	0.219243	0.8835644	0.003021034	3.161547	3.051616
6072	0	-278.8072	0	-278.8072	0.08419496	0.7079582	0.1808828	8.232644	-6.331869
6073	1	222.3439	0	222.3439	0.1869782	0.863537	0.002249642	3.707102	3.051616
6074	0	-278.9934	0	-278.9934	0.04816883	0.5502905	0.1268759	14.38995	-6.44295
6075	1	225.1665	0	225.1665	0.1304133	0.8054033	0.001869254	5.315003	3.051616
6076	0	-277.5792	0	-277.5792	0.07472134	0.676607	0.1567951	9.276429	-6.405049
6077	1	220.8732	0	220.8732	0.1097818	0.770582	0.002295134	6.313862	3.051616
6078	0	-277.8083	0	-277.8083	0.09204976	0.7301629	0.1698807	7.530135	-6.480167
6079	1	224.5992	0	224.5992	0.1767077	0.8556528	0.002541677	3.922563	3.051616
6080	0	-278.0399	0	-278.0399	0.07036953	0.6602205	0.1410166	9.850104	-6.324999
6081	1	224.1381	0	224.1381	0.1795353	0.8579115	0.002859717	3.860786	3.051616
6082	0	-278.7063	0	-278.7063	0.06842862	0.6524555	0.1468532	10.12949	-6.574178
6083	1	224.333	0	224.333	0.1486155	0.8287074	0.001950049	4.664029	3.051616
6084	0	-277.6939	0	-277.6939	0.08395797	0.7072387	0.1698177	8.255883	-6.39432
6085	1	219.9038	0	219.9038	0.05660103	0.5980534	0.001268644	12.24619	3.051616
6086	0	-278.1099	0	-278.1099	0.06907397	0.6550701	0.1535967	10.03485	-6.500459
6087	1	224.784	0	224.784	0.1020226	0.7543403	0.001786973	6.794053	3.042875
6088	0	-278.7011	0	-278.7011	0.1082169	0.7674668	0.1919002	6.405168	-6.359942
6089	1	225.7335	0	225.7335	0.1369303	0.8144107	0.001943739	5.062045	3.042875
6090	0	-278.4853	0	-278.4853	0.1009628	0.7519587	0.1979378	6.86537	-6.482851
6091	1	223.2503	0	223.2503	0.1714504	0.8512601	0.00205162	4.042845	3.042875
6092	0	-280.0787	0	-280.0787	0.1100064	0.7710228	0.2181573	6.300971	-6.302413
6093	1	222.9491	0	222.9491	0.2083112	0.8774663	0.003482415	3.32746	3.037946
6094	0	-278.6944	0	-278.6944	0.04567293	0.5344175	0.114379	15.17632	-6.441278
6095	1	222.947	0	222.947	0.2173722	0.8825639	0.003564956	3.188757	3.037946
6096	0	-277.8289	0	-277.8289	0.08333739	0.7053399	0.1728389	8.317361	-6.402796
6097	1	225.2179	0	225.2179	0.1604793	0.8411952	0.002195346	4.319231	3.040686
6098	0	-278.6367	0	-278.6367	0.06796907	0.6505735	0.1493001	10.19798	-6.561137
6099	1	224.0543	0	224.0543	0.1270887	0.8004818	0.00229964	5.45404	3.040686
6100	0	-278.4316	0	-278.4316	0.07013155	0.6592841	0.1575318	9.883529	-6.519859
6101	1	224.0763	0	224.0763	0.1428828	0.8219682	0.002070261	4.85116	3.056461
6102	0	-277.3844	0	-277.3844	0.06718622	0.6473279	0.1351736	10.31681	-6.424955
6103	1	225.61	0	225.61	0.1131978	0.7771218	0.001818826	6.123328	3.044233
6104	0	-278.5979	0	-278.5979	0.05851922	0.6077882	0.1135545	11.84478	-6.506935
6105	1	224.7577	0	224.7577	0.09621501	0.7407587	0.001675406	7.204148	3.044233
6106	0	-277.4509	0	-277.4509	0.08683153	0.7157592	0.1635202	7.982667	-6.432669
6107	1	225.3493	0	225.3493	0.1362191	0.8134665	0.002243302	5.088474	3.044233
6108	0	-278.6499	0	-278.6499	0.05770578	0.6037071	0.132776	12.01175	-6.553472
6109	1	224.7327	0	224.7327	0.1540942	0.8347026	0.00259626	4.498205	3.044233
6110	0	-277.562	0	-277.562	0.08154268	0.6997264	0.1462537	8.500421	-6.443248
6111	1	225.6605	0	225.6605	0.1548719	0.8355209	0.002213457	4.475616	3.044233
6112	0	-277.338	0	-277.338	0.07867551	0.6903656	0.151498	8.810203	-6.451762
6113	1	224.0512	0	224.0512	0.1559734	0.8366664	0.002629637	4.444008	3.052018
6114	0	-279.2526	0	-279.2526	0.06435444	0.6351588	0.1474812	10.77078	-6.279647
6115	1	222.6898	0	222.6898	0.2436031	0.8951958	0.003629576	2.845396	3.052018
6116	0	-279.1167	0	-279.1167	0.0729521	0.6701097	0.1288501	9.501401	-6.55738
6117	1	222.7387	0	222.7387	0.2115125	0.8793168	0.00349608	3.277097	3.052018
6118	0	-280.4893	0	-280.4893	0.06421536	0.6345433	0.1504121	10.7941	-6.225527
6119	1	225.3214	0	225.3214	0.1501295	0.8304058	0.002032351	4.616994	3.041966
6120	0	-278.0893	0	-278.0893	0.0902107	0.7252365	0.1526543	7.683647	-6.403
6121	1	223.11	0	223.11	0.1818596	0.8597167	0.003220058	3.81144	3.041966
6122	0	-277.8877	0	-277.8877	0.059923	0.6146726	0.1299364	11.5673	-6.366591
6123	1	225.0312	0	225.0312	0.1847574	0.861905	0.002733471	3.751661	3.041966
6124	0	-278.9399	0	-278.9399	0.05854606	0.6079217	0.1239577	11.83935	-6.582688
6125	1	224.8491	0	224.8491	0.1896158	0.8654265	0.002857586	3.655535	3.041966
6126	0	-277.3046	0	-277.3046	0.07656757	0.6831584	0.1470512	9.052752	-6.425098
6127	1	224.4844	0	224.4844	0.1689699	0.8490954	0.00216296	4.102193	3.041966
6128	0	-279.0917	0	-279.0917	0.07037795	0.6602536	0.16548	9.848926	-6.340615
6129	1	224.5148	0	224.5148	0.1027342	0.7559162	0.001837168	6.746995	3.041966
6130	0	-278.0997	0	-278.0997	0.09241846	0.7311317	0.1839402	7.500095	-6.482615
6131	1	225.7761	0	225.7761	0.1323353	0.8081449	0.002041596	5.237812	3.041966
6132	0	-278.1781	0	-278.1781	0.09785401	0.7447262	0.1810641	7.083483	-6.49417
6133	1	225.4535	0	225.4535	0.1073303	0.7656674	0.001729476	6.458075	3.041966
6134	0	-277.4679	0	-277.4679	0.07061521	0.6611827	0.1487064	9.815834	-6.425459
6135	1	225.3734	0	225.3734	0.1598925	0.8406193	0.002482065	4.335082	3.041966
6136	0	-279.845	0	-279.845	0.07823076	0.6888685	0.1515993	8.86029	-6.236232
6137	1	225.1282	0	225.1282	0.1736261	0.8531094	0.002382436	3.992184	3.041966
6138	0	-278.2046	0	-278.2046	0.09424342	0.7358375	0.1899333	7.35486	-6.467417
6139	1	223.4054	0	223.4054	0.130106	0.804958	0.002434224	5.327557	3.041966
6140	0	-278.4739	0	-278.4739	0.05702837	0.6002557	0.1332056	12.15443	-6.529222
6141	1	225.5447	0	225.5447	0.1563665	0.8370715	0.002376802	4.432836	3.041966
6142	0	-279.9014	0	-279.9014	0.07413193	0.6744668	0.1463868	9.350184	-6.632232
6143	1	225.3622	0	225.3622	0.1706696	0.8505854	0.002523467	4.061338	3.046055
6144	0	-277.579	0	-277.579	0.07685365	0.6841533	0.1585549	9.019054	-6.469234
6145	1	225.8167	0	225.8167	0.1297182	0.8043934	0.001898914	5.343485	3.046055
6146	0	-277.7506	0	-277.7506	0.0731681	0.6709147	0.1425342	9.473352	-6.348941
6147	1	225.1884	0	225.1884	0.105582	0.7620431	0.001527915	6.565015	3.046055
6148	0	-278.0159	0	-278.0159	0.08052166	0.6964496	0.1478148	8.608208	-6.339385
6149	1	225.6085	0	225.6085	0.1110599	0.7730699	0.001755846	6.241199	3.046055
6150	0	-278.034	0	-278.034	0.09527242	0.7384265	0.1666355	7.275424	-6.474569
6151	1	222.8849	0	222.8849	0.100653	0.7512547	0.001965226	6.886501	3.049709
6152	0	-277.8339	0	-277.8339	0.07787796	0.6876721	0.1664136	8.900428	-6.449283
6153	1	224.1619	0	224.1619	0.169396	0.8494716	0.002174554	4.091875	3.049709
6154	0	-277.9803	0	-277.9803	0.09561324	0.7392741	0.1738327	7.249489	-6.483116
6155	1	220.7804	0	220.7804	0.1890915	0.865055	0.002180959	3.665671	3.034846
6156	0	-277.7047	0	-277.7047	0.06876093	0.653806	0.1408552	10.08054	-6.507957
6157	1	223.0772	0	223.0772	0.1357527	0.8128424	0.002321376	5.105955	3.030427
6158	0	-280.019	0	-280.019	0.05537786	0.5916405	0.1439392	12.51668	-6.568983
6159	1	223.7583	0	223.7583	0.1261628	0.799069	0.002025866	5.494069	3.030427
6160	0	-277.6172	0	-277.6172	0.06411255	0.6340872	0.1324956	10.81141	-6.485462
6161	1	225.162	0	225.162	0.1488765	0.8290025	0.001992024	4.655853	3.041221
6162	0	-277.579	0	-277.579	0.07633885	0.6823591	0.1477933	9.079875	-6.496326
6163	1	225.1634	0	225.1634	0.1761367	0.8551881	0.002626871	3.935279	3.041221
6164	0	-277.6386	0	-277.6386	0.06728345	0.6477337	0.131202	10.3019	-6.380313
6165	1	224.998	0	224.998	0.1640024	0.8445693	0.002626871	4.226445	3.041221
6166	0	-277.3389	0	-277.3389	0.07754829	0.6865469	0.1462673	8.938266	-6.437259
6167	1	225.2802	0	225.2802	0.1601156	0.8408387	0.002503038	4.329042	3.041221
6168	0	-277.8168	0	-277.8168	0.06587059	0.6417593	0.1322132	10.52286	-6.512583
6169	1	225.5379	0	225.5379	0.1562014	0.8369015	0.002233226	4.437524	3.041221
6170	0	-277.8377	0	-277.8377	0.06940553	0.6564006	0.141086	9.986915	-6.522203
6171	1	225.1895	0	225.1895	0.1206009	0.7901706	0.002030103	5.747444	3.041221
6172	0	-277.5518	0	-277.5518	0.08409729	0.707662	0.1522544	8.242206	-6.458047
6173	1	220.9811	0	220.9811	0.1996756	0.8721816	0.00223486	3.471366	3.041221
6174	0	-279.5642	0	-279.5642	0.09937436	0.7483101	0.1562956	6.975111	-6.357265
6175	1	225.0793	0	225.0793	0.1621074	0.8427719	0.002572533	4.275853	3.047743
6176	0	-278.6942	0	-278.6942	0.07228601	0.667606	0.1690295	9.588953	-6.444169
6177	1	224.7829	0	224.7829	0.1691441	0.8492494	0.002722502	4.097969	3.047743
6178	0	-279.391	0	-279.391	0.06745308	0.6484399	0.1675226	10.27599	-6.421645
6179	1	225.6881	0	225.6881	0.1212097	0.7911805	0.00187789	5.718576	3.047743
6180	0	-277.6625	0	-277.6625	0.06612459	0.6428457	0.1331314	10.48244	-6.36913
6181	1	225.2446	0	225.2446	0.1072549	0.7655132	0.001566137	6.462613	3.047743
6182	0	-277.9496	0	-277.9496	0.08198214	0.701118	0.157097	8.454856	-6.336947
6183	1	225.3917	0	225.3917	0.1200565	0.7892598	0.001692725	5.77351	3.047743
6184	0	-279.2717	0	-279.2717	0.04151	0.5059333	0.1014903	16.69832	-6.438491
6185	1	225.2685	0	225.2685	0.1305316	0.8055742	0.001908383	5.310187	3.03697
6186	0	-279.0875	0	-279.0875	0.04208816	0.5100477	0.1090573	16.46893	-6.414659
6187	1	224.5039	0	224.5039	0.1810651	0.8591047	0.002551362	3.828166	3.03697
6188	0	-278.2483	0	-278.2483	0.06176687	0.6234204	0.1427715	11.22199	-6.502634
6189	1	224.0769	0	224.0769	0.1563663	0.8370713	0.002647876	4.432841	3.03697
6190	0	-280.2812	0	-280.2812	0.07316063	0.6708869	0.1838307	9.47432	-6.479441
6191	1	224.8979	0	224.8979	0.1450833	0.8246145	0.002330652	4.777582	3.03697
6192	0	-277.3459	0	-277.3459	0.08123159	0.6987345	0.156483	8.532975	-6.421756
6193	1	223.8526	0	223.8526	0.1735762	0.8530675	0.002861663	3.993331	3.036204
6194	0	-277.7937	0	-277.7937	0.06701827	0.6466251	0.1282431	10.34266	-6.375794
6195	1	225.4059	0	225.4059	0.1409257	0.8195493	0.00218874	4.91853	3.038694
6196	0	-278.3374	0	-278.3374	0.05944123	0.6123322	0.1205743	11.66105	-6.33791
6197	1	222.1553	0	222.1553	0.1182681	0.7862152	0.002268753	5.860814	3.055519
6198	0	-277.4635	0	-277.4635	0.07566575	0.6799868	0.1427758	9.160646	-6.390707
6199	1	225.2009	0	225.2009	0.1209584	0.7907647	0.001762024	5.730459	3.037141
6200	0	-278.8037	0	-278.8037	0.1072247	0.7654514	0.2023957	6.464433	-6.353113
6201	1	223.5037	0	223.5037	0.1162395	0.7826611	0.001495347	5.963097	3.037141
6202	0	-281.8696	0	-281.8696	0.141601	0.8203911	0.2889726	4.895073	-6.353319
6203	1	224.9442	0	224.9442	0.1599333	0.8406595	0.002468806	4.333977	3.037412
6204	0	-277.6982	0	-277.6982	0.09234699	0.7309444	0.1754539	7.505899	-6.453399
6205	1	224.0541	0	224.0541	0.2035849	0.8746288	0.003011807	3.404709	3.037412
6206	0	-277.78	0	-277.78	0.09462864	0.736812	0.168316	7.32492	-6.413079
6207	1	223.4046	0	223.4046	0.2368982	0.8922319	0.003332925	2.925928	3.049246
6208	0	-282.562	0	-282.562	0.1630246	0.8436469	0.322897	4.251795	-6.389764
6209	1	221.2265	0	221.2265	0.2595338	0.9016256	0.003305336	2.670739	3.035052
6210	0	-277.447	0	-277.447	0.07270213	0.6691738	0.149311	9.534069	-6.397645
6211	1	222.1962	0	222.1962	0.1890322	0.8650129	0.003391294	3.66682	3.051044
6212	0	-277.4662	0	-277.4662	0.0711306	0.6631862	0.1342967	9.744711	-6.428234
6213	1	224.1537	0	224.1537	0.1929724	0.8677576	0.002959927	3.59195	3.051044
6214	0	-277.4347	0	-277.4347	0.07033484	0.6600843	0.134342	9.854961	-6.427484
6215	1	224.3492	0	224.3492	0.1687675	0.848916	0.002733725	4.107113	3.051044
6216	0	-279.3566	0	-279.3566	0.0760768	0.6814391	0.1778057	9.11115	-6.516753
6217	1	225.0644	0	225.0644	0.1710296	0.8508972	0.002441075	4.052792	3.038997
6218	0	-278.7859	0	-278.7859	0.09899852	0.7474326	0.1672298	7.001591	-6.510091
6219	1	224.1035	0	224.1035	0.1982474	0.8712638	0.003110244	3.496374	3.038997
6220	0	-277.8635	0	-277.8635	0.07469705	0.6765193	0.1623975	9.279445	-6.448021
6221	1	223.6935	0	223.6935	0.2231425	0.8855961	0.003358182	3.106298	3.038997
6222	0	-278.1745	0	-278.1745	0.06343833	0.6310726	0.1469184	10.92631	-6.389271
6223	1	224.3124	0	224.3124	0.1964801	0.8701098	0.003015579	3.527824	3.038997
6224	0	-279.484	0	-279.484	0.1083187	0.7676719	0.2162963	6.399146	-6.515371
6225	1	223.9135	0	223.9135	0.1917562	0.8669222	0.002875199	3.614732	3.035262
6226	0	-278.6115	0	-278.6115	0.1111315	0.7732077	0.1989144	6.237181	-6.464937
6227	1	221.848	0	221.848	0.268732	0.9049917	0.003872318	2.579325	3.035262
6228	0	-279.8474	0	-279.8474	0.1080488	0.7671277	0.2114821	6.415129	-6.549875
6229	1	223.158	0	223.158	0.2378563	0.8926656	0.003462558	2.914143	3.037463
6230	0	-278.2982	0	-278.2982	0.08658879	0.7150562	0.1816863	8.005045	-6.369754
6231	1	223.8777	0	223.8777	0.2129755	0.8801441	0.003299796	3.254587	3.039708
6232	0	-278.0057	0	-278.0057	0.07532037	0.6787578	0.1356541	9.202653	-6.3609
6233	1	225.1999	0	225.1999	0.1695939	0.8496457	0.002465676	4.087101	3.039708
6234	0	-279.1401	0	-279.1401	0.09198563	0.7299937	0.1588243	7.535386	-6.553968
6235	1	220.1456	0	220.1456	0.1331569	0.8092947	0.002271162	5.205491	3.021732
6236	0	-278.1753	0	-278.1753	0.05309128	0.5792029	0.1254803	13.05576	-6.464378
6237	1	219.4967	0	219.4967	0.07036525	0.6602037	0.001434581	9.850704	3.065039
6238	0	-280.4787	0	-280.4787	0.03759846	0.4766543	0.09368454	18.43552	-6.352243
6239	1	225.6242	0	225.6242	0.1131737	0.7770769	0.001731365	6.124632	3.047327
6240	0	-279.0222	0	-279.0222	0.08850246	0.7205162	0.1894232	7.831953	-6.525261
6241	1	225.6197	0	225.6197	0.122973	0.7940545	0.001770556	5.636579	3.047327
6242	0	-278.2818	0	-278.2818	0.1010711	0.752204	0.1707104	6.858013	-6.413729
6243	1	225.4545	0	225.4545	0.1169417	0.7839038	0.001672265	5.927286	3.047327
6244	0	-277.993	0	-277.993	0.09076915	0.7267492	0.1730974	7.636374	-6.502287
6245	1	225.3988	0	225.3988	0.1470313	0.8268947	0.00233642	4.714284	3.047327
6246	0	-277.4703	0	-277.4703	0.07160631	0.6650179	0.1477993	9.679973	-6.469699
6247	1	224.5488	0	224.5488	0.2027604	0.8741205	0.002902627	3.418553	3.047327
6248	0	-279.5941	0	-279.5941	0.068581	0.6530759	0.1509516	10.10699	-6.251329
6249	1	224.723	0	224.723	0.145792	0.8254507	0.002489112	4.754356	3.043238
6250	0	-278.6873	0	-278.6873	0.06810523	0.6511329	0.1360022	10.17759	-6.28682
6251	1	223.8757	0	223.8757	0.1849946	0.8620811	0.002304874	3.746852	3.043238
6252	0	-278.2305	0	-278.2305	0.08538364	0.711521	0.1633982	8.118033	-6.322576
6253	1	225.5586	0	225.5586	0.1295139	0.8040946	0.001980798	5.351915	3.038881
6254	0	-280.1054	0	-280.1054	0.1194285	0.7882	0.2408363	5.803866	-6.357959
6255	1	225.1783	0	225.1783	0.1582375	0.8389729	0.002541257	4.380423	3.045483
6256	0	-278.2045	0	-278.2045	0.08890871	0.7216517	0.1859544	7.796167	-6.405186
6257	1	225.4862	0	225.4862	0.1235323	0.7949506	0.00202776	5.61106	3.045483
6258	0	-278.1757	0	-278.1757	0.09159072	0.728948	0.1825135	7.567875	-6.495821
6259	1	225.7922	0	225.7922	0.1451374	0.8246787	0.00215813	4.775799	3.045483
6260	0	-278.7886	0	-278.7886	0.09825345	0.7456766	0.1728512	7.054686	-6.530578
6261	1	225.5774	0	225.5774	0.1312399	0.8065915	0.001825634	5.281526	3.045483
6262	0	-278.153	0	-278.153	0.09280768	0.7321478	0.1689937	7.46864	-6.346706
6263	1	225.5595	0	225.5595	0.1597466	0.8404755	0.002272278	4.339041	3.045483
6264	0	-277.4579	0	-277.4579	0.08530341	0.7112829	0.1616101	8.125668	-6.404614
6265	1	225.498	0	225.498	0.1056957	0.762282	0.001675539	6.557949	3.045483
6266	0	-277.6026	0	-277.6026	0.08224127	0.7019333	0.1647966	8.428216	-6.38871
6267	1	224.7525	0	224.7525	0.1098852	0.7707851	0.001888557	6.307922	3.050278
6268	0	-281.4114	0	-281.4114	0.0434221	0.5193417	0.128617	15.96301	-6.607359
6269	1	224.1726	0	224.1726	0.1682677	0.8484713	0.002173235	4.119311	3.050278
6270	0	-278.1775	0	-278.1775	0.06101611	0.6198981	0.1177326	11.36007	-6.384201
6271	1	224.4149	0	224.4149	0.1665148	0.8468911	0.002187033	4.162676	3.050278
6272	0	-279.2563	0	-279.2563	0.114351	0.7792524	0.2090402	6.061576	-6.3427
6273	1	225.0121	0	225.0121	0.1112792	0.7734917	0.001594658	6.228904	3.050278
6274	0	-277.4382	0	-277.4382	0.07266095	0.6690192	0.1512729	9.539474	-6.432224
6275	1	224.1133	0	224.1133	0.09672982	0.7420167	0.001745634	7.165807	3.050278
6276	0	-279.9357	0	-279.9357	0.1213465	0.7914061	0.1901229	5.712131	-6.418982
6277	1	222.3733	0	222.3733	0.09997915	0.7497106	0.001278835	6.932917	3.050278
6278	0	-278.1046	0	-278.1046	0.08297418	0.7042186	0.1405614	8.353769	-6.413939
6279	1	225.6314	0	225.6314	0.1144933	0.7795127	0.001726394	6.054042	3.041198
6280	0	-280.2277	0	-280.2277	0.05663608	0.5982348	0.1031199	12.23861	-6.341397
6281	1	225.3993	0	225.3993	0.1466245	0.8264233	0.002164207	4.727363	3.050105
6282	0	-278.5006	0	-278.5006	0.06676738	0.6455708	0.1199747	10.38152	-6.491897
6283	1	224.9167	0	224.9167	0.1675704	0.8478465	0.002328376	4.136453	3.050105
6284	0	-277.9444	0	-277.9444	0.09679166	0.7421671	0.1680475	7.161229	-6.42308
6285	1	224.6511	0	224.6511	0.1182646	0.7862092	0.00204866	5.860987	3.050105
6286	0	-277.6971	0	-277.6971	0.08369942	0.7064502	0.1577639	8.281386	-6.496575
6287	1	225.1958	0	225.1958	0.1483221	0.8283744	0.002326585	4.673257	3.050105
6288	0	-279.795	0	-279.795	0.1115198	0.773953	0.1845414	6.215461	-6.527337
6289	1	224.8506	0	224.8506	0.1234957	0.7948921	0.001793183	5.612725	3.035063
6290	0	-278.0049	0	-278.0049	0.07306113	0.6705164	0.1429786	9.487222	-6.327487
6291	1	218.5805	0	218.5805	0.1739859	0.8534109	0.003613146	3.983928	3.035063
6292	0	-278.0699	0	-278.0699	0.0961086	0.7404972	0.1663521	7.212124	-6.467193
6293	1	224.3402	0	224.3402	0.1522511	0.8327317	0.0020662	4.552657	3.035063
6294	0	-278.1937	0	-278.1937	0.06718222	0.6473112	0.1332334	10.31742	-6.544945
6295	1	224.7833	0	224.7833	0.1246833	0.796772	0.001785871	5.559264	3.035063
6296	0	-278.7305	0	-278.7305	0.05013193	0.5621869	0.1240738	13.82646	-6.511552
6297	1	224.1262	0	224.1262	0.1420586	0.8209572	0.00239974	4.879305	3.035063
6298	0	-277.9803	0	-277.9803	0.0595489	0.6128573	0.134278	11.63997	-6.374189
6299	1	224.4729	0	224.4729	0.09304831	0.7327726	0.001597675	7.449326	3.050428
6300	0	-278.9564	0	-278.9564	0.05198975	0.5729939	0.1327042	13.33238	-6.500579
6301	1	225.0816	0	225.0816	0.1057303	0.7623545	0.00172444	6.555805	3.050428
6302	0	-278.8192	0	-278.8192	0.08700336	0.7162549	0.1715817	7.966902	-6.563179
6303	1	224.5828	0	224.5828	0.1333331	0.8095396	0.00174009	5.198611	3.039348
6304	0	-279.5542	0	-279.5542	0.08702939	0.7163299	0.182636	7.964518	-6.279035
6305	1	225.7846	0	225.7846	0.1447681	0.8242401	0.00208688	4.787982	3.044511
6306	0	-279.6295	0	-279.6295	0.1070033	0.7649972	0.2272891	6.47781	-6.412348
6307	1	225.5772	0	225.5772	0.1206239	0.7902088	0.001709405	5.746352	3.044511
6308	0	-279.0156	0	-279.0156	0.1061577	0.7632478	0.2120156	6.52941	-6.365778
6309	1	225.7948	0	225.7948	0.1354377	0.8124186	0.002098574	5.117831	3.044511
6310	0	-280.2936	0	-280.2936	0.1359933	0.8131649	0.2561624	5.096922	-6.394592
6311	1	223.8779	0	223.8779	0.1270872	0.8004794	0.002328746	5.454108	3.046787
6312	0	-280.4707	0	-280.4707	0.07168734	0.6653282	0.1700065	9.669032	-6.258988
6313	1	224.4681	0	224.4681	0.1279772	0.8018199	0.002265033	5.416177	3.046787
6314	0	-278.1309	0	-278.1309	0.0968456	0.7422981	0.1758991	7.15724	-6.361599
6315	1	224.826	0	224.826	0.0943311	0.7360599	0.001432246	7.348024	3.046787
6316	0	-280.0763	0	-280.0763	0.08763935	0.7180766	0.1895261	7.909087	-6.271648
6317	1	223.9106	0	223.9106	0.08133645	0.6990695	0.001290133	8.521975	3.046787
6318	0	-279.0691	0	-279.0691	0.08903435	0.7220012	0.1839476	7.785166	-6.553291
6319	1	224.2845	0	224.2845	0.1723736	0.8520505	0.002775709	4.02119	3.051247
6320	0	-278.3014	0	-278.3014	0.1036123	0.7578358	0.1834915	6.689812	-6.47385
6321	1	222.9609	0	222.9609	0.2331066	0.8904806	0.00344388	2.97352	3.052288
6322	0	-281.2468	0	-281.2468	0.1195497	0.7884054	0.2076881	5.797981	-6.265904
6323	1	223.5396	0	223.5396	0.2073678	0.8769101	0.003175769	3.342597	3.052288
6324	0	-280.3351	0	-280.3351	0.1259234	0.7987006	0.2111269	5.504515	-6.517002
6325	1	221.5779	0	221.5779	0.2765279	0.9076695	0.004208494	2.506608	3.052288
6326	0	-277.8969	0	-277.8969	0.08295836	0.7041696	0.1733396	8.355363	-6.398266
6327	1	222.0255	0	222.0255	0.2891117	0.9116876	0.0043117	2.397506	3.047716
6328	0	-280.7356	0	-280.7356	0.07890697	0.6911399	0.1967455	8.784359	-6.489258
6329	1	224.4585	0	224.4585	0.183461	0.8609343	0.002940868	3.778173	3.047716
6330	0	-282.7688	0	-282.7688	0.04212272	0.510292	0.09331339	16.45542	-6.216107
6331	1	224.0736	0	224.0736	0.1684367	0.8486219	0.002114328	4.115179	3.047716
6332	0	-277.5888	0	-277.5888	0.07213873	0.667048	0.1539762	9.608531	-6.426355
6333	1	225.5707	0	225.5707	0.1455585	0.8251761	0.002298195	4.761984	3.0447
6334	0	-277.961	0	-277.961	0.06845787	0.6525748	0.1246394	10.12516	-6.451556
6335	1	225.4802	0	225.4802	0.1317276	0.8072861	0.00214702	5.261972	3.045713
6336	0	-277.9057	0	-277.9057	0.08988572	0.7243494	0.1792497	7.711427	-6.386021
6337	1	225.7543	0	225.7543	0.1360428	0.8132311	0.00211447	5.095067	3.045713
6338	0	-277.9519	0	-277.9519	0.0628906	0.6285934	0.1216608	11.02147	-6.481139
6339	1	225.703	0	225.703	0.1511713	0.8315556	0.002260841	4.585177	3.045713
6340	0	-278.0736	0	-278.0736	0.07952466	0.6931898	0.1723613	8.716129	-6.449102
6341	1	224.416	0	224.416	0.18708	0.8636109	0.002503843	3.705085	3.049104
6342	0	-277.9652	0	-277.9652	0.08427195	0.7081912	0.1482538	8.225124	-6.491361
6343	1	224.4981	0	224.4981	0.1953588	0.8693669	0.0029142	3.548072	3.049104
6344	0	-277.7809	0	-277.7809	0.09400578	0.735233	0.1660448	7.373453	-6.437344
6345	1	222.2937	0	222.2937	0.1795557	0.8579275	0.003286968	3.860346	3.049104
6346	0	-278.0063	0	-278.0063	0.06056061	0.6177348	0.1235343	11.44551	-6.358536
6347	1	225.0729	0	225.0729	0.1461771	0.8259019	0.00205628	4.741832	3.037084
6348	0	-278.8347	0	-278.8347	0.05617245	0.595825	0.1160091	12.33963	-6.554807
6349	1	225.8322	0	225.8322	0.1241828	0.7959837	0.001850735	5.581669	3.0429
6350	0	-277.9344	0	-277.9344	0.05534306	0.5914556	0.1261987	12.52456	-6.452884
6351	1	223.4374	0	223.4374	0.1427223	0.8217721	0.002569677	4.856616	3.051393
6352	0	-278.7298	0	-278.7298	0.06846767	0.6526147	0.147421	10.12371	-6.574497
6353	1	225.3637	0	225.3637	0.163388	0.8439909	0.002394012	4.242339	3.040159
6354	0	-278.3181	0	-278.3181	0.05101158	0.5673572	0.1202646	13.58804	-6.483722
6355	1	223.8443	0	223.8443	0.2100103	0.8784553	0.002758066	3.30054	3.040159
6356	0	-279.6301	0	-279.6301	0.0574322	0.6023191	0.1348844	12.06896	-6.61035
6357	1	222.002	0	222.002	0.2057349	0.8759356	0.003582366	3.369128	3.035655
6358	0	-277.5114	0	-277.5114	0.08351536	0.7058866	0.1521704	8.299637	-6.456247
6359	1	223.3389	0	223.3389	0.158801	0.8395373	0.002772973	4.364878	3.035655
6360	0	-277.826	0	-277.826	0.08930146	0.7227417	0.1583343	7.761879	-6.475921
6361	1	225.492	0	225.492	0.1066373	0.7642429	0.001705491	6.500045	3.045857
6362	0	-280.2689	0	-280.2689	0.1238166	0.7954033	0.1952872	5.598177	-6.478755
6363	1	225.6726	0	225.6726	0.1503347	0.8306334	0.00228163	4.610693	3.045857
6364	0	-280.9381	0	-280.9381	0.1372455	0.8148262	0.2712461	5.050419	-6.468626
6365	1	225.4959	0	225.4959	0.1646123	0.8451391	0.00242516	4.210787	3.045857
6366	0	-277.9094	0	-277.9094	0.07455154	0.6759929	0.1624423	9.297557	-6.403586
6367	1	224.4895	0	224.4895	0.1752468	0.8544579	0.002250562	3.955263	3.045352
6368	0	-278.2765	0	-278.2765	0.07902539	0.6915347	0.169894	8.771195	-6.505777
6369	1	224.5443	0	224.5443	0.2041477	0.8749736	0.003053975	3.395321	3.045352
6370	0	-284.1294	0	-284.1294	0.03798386	0.4796548	0.1225169	18.24847	-6.730322
6371	1	224.1365	0	224.1365	0.1255573	0.7981349	0.002195234	5.520563	3.036036
6372	0	-278.9305	0	-278.9305	0.08757868	0.7179037	0.140101	7.914565	-6.400457
6373	1	224.638	0	224.638	0.1832159	0.8607494	0.002442322	3.783226	3.040765
6374	0	-277.8371	0	-277.8371	0.05874702	0.6089189	0.1245891	11.79885	-6.382092
6375	1	224.499	0	224.499	0.1970016	0.8704524	0.002627499	3.518484	3.044955
6376	0	-278.5788	0	-278.5788	0.05797349	0.6050578	0.1297406	11.95628	-6.312002
6377	1	224.9812	0	224.9812	0.1865243	0.8632065	0.00266538	3.716124	3.041476
6378	0	-281.7656	0	-281.7656	0.05813867	0.6058875	0.1251867	11.92231	-6.704964
6379	1	224.8673	0	224.8673	0.1418663	0.8207197	0.002325084	4.885919	3.037611
6380	0	-277.4452	0	-277.4452	0.08110059	0.6983152	0.149177	8.546758	-6.451119
6381	1	225.0271	0	225.0271	0.1500717	0.8303415	0.002370652	4.618775	3.037611
6382	0	-277.7361	0	-277.7361	0.08463584	0.7092885	0.1490421	8.189759	-6.459851
6383	1	224.2759	0	224.2759	0.1824439	0.8601634	0.002884007	3.799234	3.037611
6384	0	-278.7062	0	-278.7062	0.1091198	0.7692737	0.2056242	6.352166	-6.373466
6385	1	223.1795	0	223.1795	0.249365	0.897616	0.003730951	2.779649	3.040837
6386	0	-278.826	0	-278.826	0.07732163	0.6857693	0.1654196	8.964467	-6.300703
6387	1	223.8749	0	223.8749	0.1959905	0.8697864	0.003229663	3.536637	3.041889
6388	0	-278.8667	0	-278.8667	0.117564	0.784994	0.2067437	5.895915	-6.413163
6389	1	223.2872	0	223.2872	0.1985537	0.8714617	0.003377087	3.49098	3.041084
6390	0	-278.6166	0	-278.6166	0.07075912	0.6617441	0.1239744	9.79587	-6.360657
6391	1	225.6184	0	225.6184	0.1378762	0.8156524	0.001949157	5.027314	3.041084
6392	0	-277.8843	0	-277.8843	0.09572173	0.7395428	0.1781283	7.241273	-6.385659
6393	1	220.4666	0	220.4666	0.3290394	0.9224032	0.004211626	2.106578	3.041084
6394	0	-277.8442	0	-277.8442	0.06107084	0.6201567	0.1338304	11.34989	-6.372718
6395	1	224.14	0	224.14	0.2214129	0.8847037	0.003263784	3.130564	3.045076
6396	0	-278.9429	0	-278.9429	0.0687038	0.6535744	0.1199421	10.08892	-6.511201
6397	1	223.0166	0	223.0166	0.2214129	0.8847037	0.003692175	3.130564	3.045076
6398	0	-277.5075	0	-277.5075	0.07983117	0.6941984	0.1619239	8.682663	-6.408722
6399	1	225.0505	0	225.0505	0.1478933	0.8278856	0.002455028	4.686805	3.045076
6400	0	-278.7146	0	-278.7146	0.076126	0.6816122	0.1267423	9.105262	-6.40574
6401	1	225.774	0	225.774	0.1278674	0.8016554	0.002005636	5.420828	3.045076
6402	0	-280.4463	0	-280.4463	0.04130304	0.5044475	0.1183401	16.78199	-6.574106
6403	1	224.7774	0	224.7774	0.1681084	0.8483289	0.00274654	4.123216	3.045076
6404	0	-278.7855	0	-278.7855	0.08999766	0.7246555	0.1938421	7.701836	-6.480191
6405	1	225.5394	0	225.5394	0.1581808	0.838916	0.002270476	4.381993	3.046851
6406	0	-280.9632	0	-280.9632	0.07792362	0.6878274	0.1182215	8.895213	-6.487751
6407	1	225.6119	0	225.6119	0.140609	0.819152	0.002204777	4.929607	3.046851
6408	0	-279.8284	0	-279.8284	0.116348	0.782854	0.182437	5.957535	-6.387025
6409	1	225.5663	0	225.5663	0.1103871	0.7717666	0.00174318	6.279238	3.046851
6410	0	-281.1577	0	-281.1577	0.0745397	0.67595	0.1911102	9.299034	-6.345441
6411	1	222.2139	0	222.2139	0.1584023	0.8391384	0.001822165	4.375865	3.046851
6412	0	-277.8702	0	-277.8702	0.05721695	0.6012214	0.1293865	12.11437	-6.408652
6413	1	222.8736	0	222.8736	0.2107968	0.8789079	0.003484409	3.288224	3.051349
6414	0	-279.0051	0	-279.0051	0.07814048	0.6885631	0.1341927	8.870526	-6.319436
6415	1	224.5535	0	224.5535	0.1406053	0.8191474	0.002361041	4.929736	3.051349
6416	0	-278.8293	0	-278.8293	0.06629522	0.6435725	0.1342422	10.45546	-6.279739
6417	1	224.0174	0	224.0174	0.1745958	0.8539192	0.002862199	3.970012	3.051349
6418	0	-277.5686	0	-277.5686	0.07706939	0.6849001	0.1596445	8.993806	-6.458814
6419	1	224.1375	0	224.1375	0.2214651	0.8847309	0.003264331	3.129825	3.04308
6420	0	-278.3866	0	-278.3866	0.09093821	0.7272042	0.186996	7.622177	-6.363448
6421	1	220.4758	0	220.4758	0.3284856	0.9222724	0.004582871	2.11013	3.03686
6422	0	-277.5056	0	-277.5056	0.07623406	0.6819918	0.1540427	9.092355	-6.38441
6423	1	221.5658	0	221.5658	0.2907624	0.9121889	0.004199879	2.383895	3.03686
6424	0	-277.8714	0	-277.8714	0.09269244	0.7318477	0.1807061	7.477926	-6.391195
6425	1	221.4297	0	221.4297	0.3145202	0.9188213	0.004700543	2.203824	3.042233
6426	0	-279.453	0	-279.453	0.1203055	0.7896774	0.2173734	5.761556	-6.494746
6427	1	220.9426	0	220.9426	0.3301282	0.9226591	0.004976592	2.099631	3.042233
6428	0	-281.4325	0	-281.4325	0.1284445	0.8025168	0.2746248	5.396474	-6.461205
6429	1	223.2377	0	223.2377	0.2478209	0.8969784	0.00375892	2.796968	3.042233
6430	0	-277.8627	0	-277.8627	0.0975885	0.7440909	0.1735614	7.102754	-6.422243
6431	1	223.6997	0	223.6997	0.2344355	0.8911008	0.003211548	2.956664	3.042233
6432	0	-277.5498	0	-277.5498	0.07401195	0.6740281	0.1495457	9.365341	-6.373012
6433	1	224.6123	0	224.6123	0.2033657	0.8744941	0.002886896	3.408379	3.042233
6434	0	-277.6129	0	-277.6129	0.06475506	0.6369224	0.129332	10.70414	-6.38885
6435	1	225.3572	0	225.3572	0.1628502	0.8434813	0.002514627	4.256347	3.042233
6436	0	-277.4448	0	-277.4448	0.07813804	0.6885549	0.1524783	8.870804	-6.385546
6437	1	224.0863	0	224.0863	0.1616915	0.8423721	0.002009914	4.28685	3.042233
6438	0	-279.0941	0	-279.0941	0.07295032	0.670103	0.1273245	9.501633	-6.546336
6439	1	224.8396	0	224.8396	0.178993	0.8574837	0.002390369	3.872482	3.042233
6440	0	-277.8104	0	-277.8104	0.09490418	0.7375052	0.1673639	7.303653	-6.420729
6441	1	224.1653	0	224.1653	0.2164339	0.8820557	0.00296216	3.202582	3.042233
6442	0	-280.393	0	-280.393	0.08993783	0.724492	0.1711539	7.706959	-6.626556
6443	1	225.182	0	225.182	0.1729267	0.8525199	0.002649168	4.008329	3.042233
6444	0	-280.7505	0	-280.7505	0.1247274	0.7968413	0.2265537	5.557295	-6.295494
6445	1	225.7384	0	225.7384	0.147208	0.8270987	0.002142165	4.708625	3.042233
6446	0	-278.2708	0	-278.2708	0.08842789	0.7203069	0.1743085	7.838559	-6.333574
6447	1	225.2214	0	225.2214	0.1411607	0.8198431	0.001887342	4.910341	3.042233
6448	0	-278.9011	0	-278.9011	0.1073127	0.7656313	0.1980205	6.459136	-6.511982
6449	1	224.8019	0	224.8019	0.1955648	0.869504	0.002864121	3.544334	3.042233
6450	0	-278.5332	0	-278.5332	0.09707527	0.7428548	0.1585584	7.140306	-6.439395
6451	1	222.2505	0	222.2505	0.2733329	0.9065905	0.003694706	2.535908	3.049121
6452	0	-277.8376	0	-277.8376	0.08170004	0.700226	0.1584914	8.484049	-6.513808
6453	1	223.021	0	223.021	0.2518615	0.8986303	0.003485827	2.752097	3.048682
6454	0	-278.9295	0	-278.9295	0.07772889	0.6871642	0.1650715	8.917498	-6.569903
6455	1	224.4873	0	224.4873	0.1103206	0.7716369	0.001960964	6.283027	3.048682
6456	0	-278.4328	0	-278.4328	0.1087455	0.7685277	0.1960198	6.374032	-6.39461
6457	1	225.594	0	225.594	0.1174992	0.784881	0.001794497	5.899165	3.048682
6458	0	-278.7272	0	-278.7272	0.06809395	0.6510866	0.1591514	10.17928	-6.355321
6459	1	223.7104	0	223.7104	0.2141408	0.8807951	0.003364637	3.236875	3.048682
6460	0	-277.667	0	-277.667	0.06598109	0.6422326	0.1279812	10.50524	-6.473913
6461	1	223.8813	0	223.8813	0.2223809	0.8852048	0.003243752	3.116937	3.048682
6462	0	-280.5119	0	-280.5119	0.04857044	0.5527653	0.1114418	14.27097	-6.233759
6463	1	222.7217	0	222.7217	0.2024282	0.8739145	0.002946959	3.424163	3.031703
6464	0	-282.4268	0	-282.4268	0.1251179	0.7974519	0.2110822	5.539951	-6.245265
6465	1	225.2335	0	225.2335	0.1271048	0.8005061	0.002073589	5.453353	3.049775
6466	0	-279.0724	0	-279.0724	0.1019538	0.7541867	0.210616	6.798643	-6.482472
6467	1	225.4844	0	225.4844	0.1398332	0.8181715	0.001943986	4.956957	3.040736
6468	0	-279.629	0	-279.629	0.07782447	0.68749	0.1848617	8.906546	-6.496404
6469	1	224.5646	0	224.5646	0.1793263	0.8577469	0.0023566	3.865285	3.040736
6470	0	-277.7162	0	-277.7162	0.0931348	0.7329965	0.1784945	7.442408	-6.423098
6471	1	224.7976	0	224.7976	0.1257192	0.7983855	0.002190324	5.513454	3.04373
6472	0	-279.331	0	-279.331	0.04608664	0.5371085	0.1258954	15.04009	-6.438502
6473	1	224.1885	0	224.1885	0.1943645	0.8687011	0.00314873	3.566223	3.04373
6474	0	-279.8343	0	-279.8343	0.05434317	0.5860863	0.1196052	12.755	-6.623312
6475	1	224.883	0	224.883	0.1945334	0.8688147	0.002819368	3.563127	3.04373
6476	0	-278.7828	0	-278.7828	0.05491621	0.5891772	0.1072361	12.62191	-6.426312
6477	1	223.8637	0	223.8637	0.2097736	0.8783185	0.002820549	3.304264	3.038688
6478	0	-279.0951	0	-279.0951	0.07178549	0.6657034	0.169787	9.655812	-6.500957
6479	1	225.0632	0	225.0632	0.1369581	0.8144475	0.002172787	5.061015	3.036677
6480	0	-277.5747	0	-277.5747	0.08610787	0.7136546	0.1538814	8.049754	-6.434168
6481	1	225.3872	0	225.3872	0.1694135	0.849487	0.002386641	4.091453	3.043575
6482	0	-278.1116	0	-278.1116	0.05759239	0.6031328	0.1177762	12.03539	-6.376929
6483	1	225.1959	0	225.1959	0.1715937	0.8513834	0.002653457	4.039468	3.043575
6484	0	-277.759	0	-277.759	0.06394322	0.6333339	0.1262185	10.84004	-6.485569
6485	1	225.5446	0	225.5446	0.1083051	0.7676446	0.001627493	6.399948	3.043575
6486	0	-281.875	0	-281.875	0.08420034	0.7079745	0.1598638	8.232118	-6.681833
6487	1	225.5329	0	225.5329	0.1343667	0.8109639	0.001850851	5.158622	3.043575
6488	0	-278.0663	0	-278.0663	0.07094516	0.6624676	0.1394926	9.770182	-6.324326
6489	1	225.7752	0	225.7752	0.1374791	0.815133	0.001962056	5.041837	3.043575
6490	0	-278.5698	0	-278.5698	0.06158775	0.6225849	0.1458576	11.25463	-6.512498
6491	1	223.5556	0	223.5556	0.1405745	0.8191086	0.002584319	4.930819	3.043575
6492	0	-278.5108	0	-278.5108	0.06307958	0.6294519	0.1505641	10.98846	-6.391865
6493	1	225.2311	0	225.2311	0.1749609	0.8542219	0.002431995	3.961725	3.043575
6494	0	-279.5218	0	-279.5218	0.09141641	0.7284841	0.1616103	7.582306	-6.580584
6495	1	225.7343	0	225.7343	0.1250403	0.7973308	0.001800739	5.54339	3.042962
6496	0	-281.1023	0	-281.1023	0.09919873	0.7479007	0.1730886	6.98746	-6.232824
6497	1	225.0512	0	225.0512	0.1034831	0.757555	0.001491222	6.698167	3.042962
6498	0	-278.163	0	-278.163	0.06310079	0.629548	0.1359774	10.98476	-6.32927
6499	1	224.6647	0	224.6647	0.1127162	0.7762207	0.001810449	6.149493	3.05427
6500	0	-278.6493	0	-278.6493	0.1123018	0.7754401	0.2043952	6.17218	-6.458212
6501	1	224.3442	0	224.3442	0.1533264	0.833887	0.002417163	4.52073	3.05427
6502	0	-277.7931	0	-277.7931	0.06675405	0.6455147	0.1251615	10.3836	-6.411875
6503	1	221.9975	0	221.9975	0.2263968	0.8872384	0.002814602	3.061648	3.036119
6504	0	-277.4855	0	-277.4855	0.06703287	0.6466863	0.1349103	10.34041	-6.473287
6505	1	224.7037	0	224.7037	0.132067	0.8077667	0.002186258	5.24845	3.036119
6506	0	-277.7552	0	-277.7552	0.08536867	0.7114766	0.1611617	8.119456	-6.498581
6507	1	224.9631	0	224.9631	0.115594	0.781507	0.001693396	5.996396	3.036119
6508	0	-279.1737	0	-279.1737	0.04454346	0.5269456	0.1041575	15.56114	-6.369595
6509	1	225.1731	0	225.1731	0.1183999	0.7864424	0.002012042	5.85429	3.043193
6510	0	-279.2793	0	-279.2793	0.08642887	0.7145915	0.1392649	8.019857	-6.35063
6511	1	225.7317	0	225.7317	0.1388123	0.8168656	0.00196644	4.993415	3.043193
6512	0	-278.5109	0	-278.5109	0.08894873	0.7217631	0.1764992	7.79266	-6.320634
6513	1	224.689	0	224.689	0.1459789	0.82567	0.002497314	4.74827	3.043193
6514	0	-277.9598	0	-277.9598	0.0601372	0.6157057	0.1363911	11.5261	-6.48501
6515	1	225.5257	0	225.5257	0.1217849	0.7921262	0.001985599	5.691568	3.046143
6516	0	-279.0596	0	-279.0596	0.04654429	0.5400572	0.1125342	14.89221	-6.336098
6517	1	225.5092	0	225.5092	0.1629888	0.8436129	0.0023483	4.25273	3.046143
6518	0	-277.4639	0	-277.4639	0.07730139	0.6856997	0.1466246	8.966814	-6.385399
6519	1	225.2482	0	225.2482	0.1605325	0.8412472	0.002174998	4.3178	3.046143
6520	0	-279.235	0	-279.235	0.07404581	0.674152	0.1677624	9.361058	-6.558871
6521	1	221.3272	0	221.3272	0.1939046	0.8683909	0.003275138	3.574681	3.058706
6522	0	-277.8903	0	-277.8903	0.07463185	0.6762836	0.1340433	9.287552	-6.380565
6523	1	221.7258	0	221.7258	0.1148674	0.7801944	0.002187745	6.034322	3.058706
6524	0	-277.6483	0	-277.6483	0.0910472	0.7274968	0.1636275	7.613053	-6.412408
6525	1	223.5435	0	223.5435	0.1257499	0.7984329	0.001837262	5.512108	3.058706
6526	0	-279.7889	0	-279.7889	0.1137953	0.7782305	0.2351097	6.091176	-6.461915
6527	1	225.0488	0	225.0488	0.1792451	0.8576829	0.002586192	3.867035	3.048076
6528	0	-280.4286	0	-280.4286	0.03403555	0.4476323	0.1021755	20.36539	-6.365225
6529	1	224.1836	0	224.1836	0.2058878	0.8760275	0.002781403	3.366626	3.048076
6530	0	-278.651	0	-278.651	0.07028195	0.6598764	0.1241081	9.862378	-6.513768
6531	1	224.1646	0	224.1646	0.1303196	0.8052678	0.001848973	5.318823	3.032535
6532	0	-277.3638	0	-277.3638	0.08229894	0.7021143	0.1562667	8.42231	-6.441752
6533	1	224.2807	0	224.2807	0.1382964	0.8161989	0.002323245	5.012041	3.053305
6534	0	-277.5739	0	-277.5739	0.0615551	0.6224323	0.132177	11.2606	-6.423497
6535	1	223.0354	0	223.0354	0.2025539	0.8739925	0.002457925	3.422038	3.045723
6536	0	-277.966	0	-277.966	0.0981567	0.745447	0.1762846	7.061639	-6.390471
6537	1	224.8743	0	224.8743	0.1832106	0.8607453	0.002839806	3.783336	3.045723
6538	0	-279.898	0	-279.898	0.09316706	0.7330799	0.208594	7.439831	-6.509479
6539	1	223.8406	0	223.8406	0.1635305	0.8441254	0.00286714	4.238642	3.045723
6540	0	-280.2517	0	-280.2517	0.1031345	0.7567947	0.1726854	6.720807	-6.572018
6541	1	223.8101	0	223.8101	0.1405505	0.8190785	0.002423995	4.931658	3.053785
6542	0	-278.8706	0	-278.8706	0.1021403	0.754602	0.1743196	6.786229	-6.513789
6543	1	223.9424	0	223.9424	0.1848008	0.8619373	0.002655455	3.75078	3.053785
6544	0	-279.342	0	-279.342	0.0558153	0.5939528	0.1176777	12.41859	-6.593314
6545	1	223.2284	0	223.2284	0.2078977	0.8772231	0.002880643	3.334078	3.053785
6546	0	-277.593	0	-277.593	0.07016078	0.6593994	0.1509101	9.879411	-6.434931
6547	1	223.2048	0	223.2048	0.1767759	0.8557081	0.002970004	3.921051	3.053785
6548	0	-278.1008	0	-278.1008	0.08030851	0.6957577	0.1493354	8.631055	-6.531768
6549	1	225.2058	0	225.2058	0.1775891	0.8563644	0.002518909	3.903095	3.042218
6550	0	-278.0306	0	-278.0306	0.09971064	0.7490905	0.1770116	6.951587	-6.459505
6551	1	225.0098	0	225.0098	0.1416068	0.8203983	0.002375995	4.894871	3.042218
6552	0	-278.2474	0	-278.2474	0.06807814	0.6510217	0.1571338	10.18164	-6.446015
6553	1	224.9675	0	224.9675	0.1804394	0.8586191	0.002458204	3.84144	3.042218
6554	0	-278.5087	0	-278.5087	0.08624881	0.7140666	0.1619392	8.0366	-6.551404
6555	1	225.6982	0	225.6982	0.149709	0.8299373	0.00216108	4.629963	3.042218
6556	0	-279.6876	0	-279.6876	0.09468247	0.7369477	0.1713813	7.320755	-6.268634
6557	1	225.4006	0	225.4006	0.1090893	0.7692129	0.001685433	6.353946	3.049093
6558	0	-282.3086	0	-282.3086	0.05218839	0.5741243	0.1457804	13.28164	-6.659974
6559	1	223.4836	0	223.4836	0.2391831	0.8932605	0.00356186	2.897977	3.047382
6560	0	-278.9022	0	-278.9022	0.08157407	0.6998262	0.1665018	8.497151	-6.287156
6561	1	225.1328	0	225.1328	0.1733277	0.8528585	0.002639477	3.999055	3.041029
6562	0	-278.1059	0	-278.1059	0.09198579	0.7299941	0.1561058	7.535372	-6.39616
6563	1	224.422	0	224.422	0.1987911	0.8716147	0.002900887	3.486812	3.049389
6564	0	-277.6348	0	-277.6348	0.08816946	0.7195794	0.1642675	7.861534	-6.47408
6565	1	224.8073	0	224.8073	0.178469	0.8570679	0.002716107	3.883852	3.049389
6566	0	-277.621	0	-277.621	0.06476713	0.6369753	0.1278753	10.70215	-6.396764
6567	1	224.5599	0	224.5599	0.1726085	0.8522501	0.002771592	4.01572	3.049389
6568	0	-277.4613	0	-277.4613	0.0756934	0.6800849	0.1455513	9.1573	-6.479769
6569	1	224.0768	0	224.0768	0.1992925	0.8719367	0.003119822	3.47804	3.049389
6570	0	-278.2342	0	-278.2342	0.0569125	0.5996605	0.1170137	12.17917	-6.365363
6571	1	225.3227	0	225.3227	0.1581177	0.8388525	0.002305609	4.383742	3.049389
6572	0	-278.5271	0	-278.5271	0.05622826	0.5961163	0.1114574	12.32738	-6.38281
6573	1	225.4123	0	225.4123	0.1497745	0.8300104	0.002270744	4.627938	3.049389
6574	0	-277.717	0	-277.717	0.07638465	0.6825195	0.145327	9.07443	-6.507532
6575	1	225.5973	0	225.5973	0.1307662	0.8059123	0.001967351	5.300659	3.049389
6576	0	-279.2414	0	-279.2414	0.04894112	0.5550306	0.1131926	14.16288	-6.568702
6577	1	225.1983	0	225.1983	0.1606337	0.8413461	0.002449483	4.315078	3.049389
6578	0	-279.1504	0	-279.1504	0.08582987	0.7128389	0.1809026	8.075827	-6.558855
6579	1	222.1131	0	222.1131	0.1188369	0.7871925	0.002363603	5.83276	3.049389
6580	0	-277.7934	0	-277.7934	0.07608043	0.6814519	0.1525933	9.110716	-6.515268
6581	1	225.3032	0	225.3032	0.1525903	0.8330978	0.002351883	4.542538	3.049389
6582	0	-279.0901	0	-279.0901	0.07271239	0.6692123	0.1621558	9.532725	-6.295882
6583	1	221.3937	0	221.3937	0.1837983	0.8611882	0.00347302	3.771238	3.049389
6584	0	-281.0471	0	-281.0471	0.118086	0.7859007	0.179474	5.869851	-6.337471
6585	1	225.295	0	225.295	0.1737897	0.8532467	0.002605012	3.988424	3.044974
6586	0	-277.6531	0	-277.6531	0.08690442	0.7159696	0.1688129	7.975971	-6.473884
6587	1	225.171	0	225.171	0.1663343	0.8467265	0.002622812	4.167194	3.044974
6588	0	-277.5306	0	-277.5306	0.07715543	0.685197	0.1517265	8.983777	-6.372682
6589	1	225.7737	0	225.7737	0.1376672	0.8153794	0.002131887	5.034949	3.044974
6590	0	-277.8345	0	-277.8345	0.07314995	0.6708472	0.1322089	9.475703	-6.390218
6591	1	224.6256	0	224.6256	0.1936153	0.868195	0.002598859	3.580022	3.044974
6592	0	-278.0735	0	-278.0735	0.06406288	0.6338665	0.1216295	10.81979	-6.377331
6593	1	224.7524	0	224.7524	0.186181	0.8629555	0.002489681	3.722975	3.044974
6594	0	-277.4714	0	-277.4714	0.07310501	0.6706799	0.1363343	9.481527	-6.438747
6595	1	224.3406	0	224.3406	0.2096221	0.8782308	0.002851259	3.306652	3.044974
6596	0	-278.4304	0	-278.4304	0.08870176	0.7210743	0.1457313	7.814356	-6.412567
6597	1	223.0501	0	223.0501	0.2563224	0.9003936	0.003874303	2.704201	3.044974
6598	0	-277.9383	0	-277.9383	0.07401925	0.6740549	0.1431287	9.364417	-6.333644
6599	1	225.5044	0	225.5044	0.1625755	0.8432197	0.002454107	4.263541	3.044974
6600	0	-277.6796	0	-277.6796	0.0719957	0.6665047	0.1476931	9.627619	-6.503443
6601	1	224.3899	0	224.3899	0.1567342	0.8374486	0.002293439	4.422438	3.054579
6602	0	-277.7481	0	-277.7481	0.08087261	0.6975829	0.152223	8.570852	-6.506021
6603	1	224.3763	0	224.3763	0.1469501	0.8268009	0.002065526	4.716887	3.054579
6604	0	-277.9154	0	-277.9154	0.05626577	0.5963119	0.1230192	12.31916	-6.390538
6605	1	223.563	0	223.563	0.1963525	0.8700257	0.002473753	3.530116	3.048581
6606	0	-278.6752	0	-278.6752	0.07555864	0.6796065	0.1741064	9.173633	-6.42687
6607	1	224.9693	0	224.9693	0.1796845	0.8580288	0.002657447	3.857578	3.048581
6608	0	-279.4703	0	-279.4703	0.1050145	0.7608447	0.2111356	6.600489	-6.3265
6609	1	225.3931	0	225.3931	0.1450705	0.8245993	0.002018796	4.778002	3.048581
6610	0	-278.4616	0	-278.4616	0.08078584	0.6973034	0.1432035	8.580058	-6.534907
6611	1	224.6034	0	224.6034	0.1543052	0.8349254	0.001999878	4.492054	3.048581
6612	0	-277.7413	0	-277.7413	0.08707305	0.7164555	0.1662752	7.960525	-6.367677
6613	1	224.1424	0	224.1424	0.2074979	0.8769871	0.002827898	3.340502	3.048581
6614	0	-277.7214	0	-277.7214	0.08317415	0.7048369	0.1689954	8.333685	-6.471035
6615	1	225.3284	0	225.3284	0.1218917	0.7923008	0.001754183	5.686583	3.038409
6616	0	-278.9298	0	-278.9298	0.0933811	0.7336324	0.1511294	7.422778	-6.367637
6617	1	224.5842	0	224.5842	0.09331322	0.7334574	0.001443446	7.428178	3.038409
6618	0	-277.8562	0	-277.8562	0.08067542	0.696947	0.1642271	8.591802	-6.358945
6619	1	224.7659	0	224.7659	0.1038125	0.7582696	0.001491865	6.676912	3.049729
6620	0	-278.7726	0	-278.7726	0.1015602	0.7533063	0.1664904	6.824985	-6.379532
6621	1	224.9892	0	224.9892	0.1166746	0.7834327	0.001969324	5.940856	3.049729
6622	0	-277.5162	0	-277.5162	0.08404738	0.7075105	0.1518679	8.247101	-6.41561
6623	1	225.2797	0	225.2797	0.1307334	0.805865	0.001959315	5.301991	3.03676
6624	0	-277.6545	0	-277.6545	0.06297829	0.6289921	0.1303667	11.00613	-6.485317
6625	1	224.8391	0	224.8391	0.1928699	0.8676875	0.002699621	3.59386	3.045925
6626	0	-279.0733	0	-279.0733	0.1024366	0.7552592	0.1622872	6.7666	-6.440811
6627	1	224.2039	0	224.2039	0.2171194	0.8824274	0.003007933	3.19247	3.045925
6628	0	-278.5663	0	-278.5663	0.1071601	0.7653191	0.1880809	6.46833	-6.48163
6629	1	225.3788	0	225.3788	0.1708285	0.8507232	0.002473451	4.057561	3.045925
6630	0	-278.6374	0	-278.6374	0.09851939	0.7463059	0.1929789	7.035642	-6.342188
6631	1	223.86	0	223.86	0.2045568	0.8752229	0.002648644	3.388532	3.047679
6632	0	-278.9516	0	-278.9516	0.11155	0.7740107	0.2074328	6.213782	-6.493508
6633	1	225.4305	0	225.4305	0.1612472	0.8419427	0.002401528	4.298661	3.047679
6634	0	-278.7612	0	-278.7612	0.09747296	0.7438135	0.1858104	7.111174	-6.319994
6635	1	225.5009	0	225.5009	0.1523299	0.8328168	0.002151223	4.550304	3.047679
6636	0	-277.7459	0	-277.7459	0.09167807	0.7291799	0.1629186	7.560665	-6.401261
6637	1	225.0328	0	225.0328	0.1711803	0.8510274	0.002334789	4.049222	3.047679
6638	0	-281.8134	0	-281.8134	0.0327162	0.4362697	0.08374084	21.18667	-6.421164
6639	1	225.6152	0	225.6152	0.14953	0.8297371	0.002172482	4.635506	3.047679
6640	0	-279.1208	0	-279.1208	0.05812554	0.6058217	0.1200661	11.925	-6.284057
6641	1	224.6073	0	224.6073	0.1889436	0.8649498	0.002549716	3.668541	3.047679
6642	0	-279.2146	0	-279.2146	0.04645128	0.5394602	0.1037437	14.92203	-6.360981
6643	1	223.8913	0	223.8913	0.1480609	0.8280769	0.001883217	4.681501	3.051403
6644	0	-278.508	0	-278.508	0.08940488	0.7230275	0.1463332	7.752901	-6.453433
6645	1	223.435	0	223.435	0.1036234	0.7578598	0.001380079	6.689098	3.051403
6646	0	-277.3656	0	-277.3656	0.08091234	0.6977107	0.1553798	8.566643	-6.451774
6647	1	224.7989	0	224.7989	0.1055881	0.7620559	0.001524343	6.564636	3.03806
6648	0	-281.4686	0	-281.4686	0.1104388	0.771867	0.1956699	6.276304	-6.614092
6649	1	225.3483	0	225.3483	0.1630056	0.8436289	0.002312501	4.25229	3.040419
6650	0	-279.159	0	-279.159	0.1081112	0.7672536	0.1861687	6.411429	-6.518185
6651	1	225.5752	0	225.5752	0.1451701	0.8247174	0.002068115	4.774723	3.040419
6652	0	-277.3748	0	-277.3748	0.07371743	0.6729472	0.149286	9.402759	-6.455855
6653	1	225.5077	0	225.5077	0.1516181	0.8320442	0.002311729	4.571664	3.040419
6654	0	-278.095	0	-278.095	0.07220621	0.6673038	0.1420872	9.599551	-6.542659
6655	1	225.3242	0	225.3242	0.1614692	0.8421576	0.002465927	4.292752	3.040419
6656	0	-278.1444	0	-278.1444	0.06705344	0.6467724	0.1490324	10.33724	-6.513776
6657	1	224.8209	0	224.8209	0.1874963	0.8639122	0.002632148	3.696859	3.047987
6658	0	-278.9184	0	-278.9184	0.07498402	0.6775532	0.1715599	9.243932	-6.347326
6659	1	225.0292	0	225.0292	0.136604	0.8139787	0.002285805	5.074136	3.047987
6660	0	-280.1759	0	-280.1759	0.1351265	0.8119981	0.2286111	5.129617	-6.463632
6661	1	225.6981	0	225.6981	0.1277685	0.8015071	0.001876485	5.425024	3.047987
6662	0	-278.3815	0	-278.3815	0.1044015	0.7595376	0.198757	6.639247	-6.387519
6663	1	223.7581	0	223.7581	0.08991036	0.7244168	0.001288218	7.709314	3.047987
6664	0	-280.2479	0	-280.2479	0.111401	0.7737254	0.2281204	6.222093	-6.532934
6665	1	224.4236	0	224.4236	0.1212016	0.7911671	0.001682337	5.718959	3.034908
6666	0	-278.382	0	-278.382	0.0739586	0.6738328	0.1668241	9.372097	-6.383879
6667	1	224.3799	0	224.3799	0.134387	0.8109916	0.002242864	5.157845	3.034908
6668	0	-278.0097	0	-278.0097	0.06160639	0.6226719	0.1351915	11.25122	-6.516125
6669	1	225.1687	0	225.1687	0.1368855	0.8143515	0.002242864	5.063701	3.039526
6670	0	-277.6632	0	-277.6632	0.06027465	0.6163663	0.1275791	11.49981	-6.401374
6671	1	224.8023	0	224.8023	0.101638	0.7534807	0.001744048	6.819765	3.039526
6672	0	-278.9578	0	-278.9578	0.07237872	0.6679564	0.1377853	9.576671	-6.277939
6673	1	224.9854	0	224.9854	0.1092426	0.7695173	0.001827561	6.345028	3.038268
6674	0	-277.8645	0	-277.8645	0.0864133	0.7145462	0.149595	8.021302	-6.456563
6675	1	225.0657	0	225.0657	0.150432	0.8307411	0.002066061	4.607712	3.038268
6676	0	-281.2778	0	-281.2778	0.1272894	0.8007854	0.2088198	5.445445	-6.549118
6677	1	225.6566	0	225.6566	0.1447697	0.824242	0.002165632	4.78793	3.040537
6678	0	-277.4431	0	-277.4431	0.08309177	0.7045824	0.1522722	8.341948	-6.440825
6679	1	221.5043	0	221.5043	0.1981813	0.871221	0.003679956	3.49754	3.040537
6680	0	-279.0927	0	-279.0927	0.07995928	0.6946183	0.1448896	8.668752	-6.578795
6681	1	219.2565	0	219.2565	0.3663512	0.9303061	0.004644418	1.892029	3.040537
6682	0	-279.8056	0	-279.8056	0.1063022	0.7635485	0.2220033	6.520533	-6.510099
6683	1	219.5994	0	219.5994	0.3342218	0.9236064	0.005127306	2.073914	3.053467
6684	0	-280.7045	0	-280.7045	0.1213397	0.7913948	0.1951477	5.712453	-6.53041
6685	1	225.815	0	225.815	0.1431779	0.8223275	0.002080822	4.841161	3.044186
6686	0	-280.4431	0	-280.4431	0.08886164	0.7215205	0.1474164	7.800297	-6.266679
6687	1	224.7442	0	224.7442	0.1254749	0.7980072	0.001771758	5.524188	3.05317
6688	0	-277.8871	0	-277.8871	0.0700291	0.6588797	0.1495961	9.897987	-6.508967
6689	1	224.8775	0	224.8775	0.1102114	0.7714237	0.001738748	6.289254	3.05317
6690	0	-278.1415	0	-278.1415	0.06589364	0.6418581	0.1398803	10.51918	-6.325596
6691	1	224.7481	0	224.7481	0.1487361	0.8288438	0.002114746	4.660249	3.05317
6692	0	-278.1174	0	-278.1174	0.1026743	0.7557842	0.1795838	6.750933	-6.422168
6693	1	224.7054	0	224.7054	0.1096146	0.7702528	0.001613564	6.323494	3.05317
6694	0	-279.0408	0	-279.0408	0.07234323	0.6678223	0.1690733	9.581369	-6.513238
6695	1	220.9935	0	220.9935	0.1014776	0.7531207	0.001250141	6.830544	3.05317
6696	0	-278.1643	0	-278.1643	0.06438516	0.6352946	0.1216967	10.76564	-6.498943
6697	1	225.1558	0	225.1558	0.1032619	0.757073	0.00173851	6.712516	3.042665
6698	0	-278.3104	0	-278.3104	0.09853221	0.7463362	0.1953915	7.034727	-6.465809
6699	1	224.5247	0	224.5247	0.09011193	0.7249674	0.001573048	7.692069	3.042665
6700	0	-278.583	0	-278.583	0.05749174	0.6026218	0.1392927	12.05647	-6.501718
6701	1	224.3363	0	224.3363	0.2072384	0.8768334	0.002843872	3.344685	3.047104
6702	0	-277.9762	0	-277.9762	0.05924998	0.6113967	0.1365274	11.69869	-6.464164
6703	1	224.9683	0	224.9683	0.1845671	0.8617634	0.002749109	3.755528	3.047104
6704	0	-278.9757	0	-278.9757	0.06419964	0.6344736	0.1439331	10.79675	-6.285553
6705	1	225.0456	0	225.0456	0.1741489	0.8535471	0.002690689	3.980198	3.047104
6706	0	-277.7468	0	-277.7468	0.06891169	0.6544157	0.1287632	10.05849	-6.39389
6707	1	225.6285	0	225.6285	0.1478982	0.8278912	0.002109525	4.686651	3.047104
6708	0	-277.5311	0	-277.5311	0.06894368	0.6545449	0.1474649	10.05382	-6.437106
6709	1	225.1042	0	225.1042	0.1456518	0.8252859	0.00239933	4.758932	3.047104
6710	0	-278.0707	0	-278.0707	0.07949974	0.6931076	0.1721774	8.718861	-6.408791
6711	1	225.274	0	225.274	0.1289487	0.8032638	0.001977815	5.37537	3.036798
6712	0	-279.2256	0	-279.2256	0.1235365	0.7949573	0.218245	5.61087	-6.438962
6713	1	224.6323	0	224.6323	0.111199	0.7733377	0.00173566	6.233392	3.033962
6714	0	-278.1084	0	-278.1084	0.06658005	0.6447802	0.1242219	10.41073	-6.498324
6715	1	224.9344	0	224.9344	0.1200542	0.789256	0.001805224	5.773618	3.053497
6716	0	-280.447	0	-280.447	0.03757117	0.4764407	0.1157601	18.44891	-6.386516
6717	1	224.4049	0	224.4049	0.09843719	0.7461117	0.001641039	7.041518	3.053497
6718	0	-278.6431	0	-278.6431	0.1070084	0.7650077	0.1778348	6.477501	-6.442741
6719	1	225.447	0	225.447	0.1268649	0.800142	0.001750341	5.463663	3.045603
6720	0	-277.9367	0	-277.9367	0.09181851	0.729552	0.1584767	7.549101	-6.456942
6721	1	225.336	0	225.336	0.1053449	0.7615437	0.001738262	6.579791	3.045603
6722	0	-278.0881	0	-278.0881	0.1007094	0.7513831	0.1893387	6.882643	-6.459125
6723	1	223.8919	0	223.8919	0.0928399	0.7322316	0.001304252	7.466048	3.045603
6724	0	-278.1288	0	-278.1288	0.08122123	0.6987014	0.1753558	8.534064	-6.45199
6725	1	225.6812	0	225.6812	0.1125655	0.7759375	0.001712596	6.157722	3.045603
6726	0	-277.4675	0	-277.4675	0.06985736	0.6581999	0.1447253	9.922321	-6.469287
6727	1	225.1409	0	225.1409	0.1382155	0.8160939	0.001916028	5.014974	3.050469
6728	0	-278.0745	0	-278.0745	0.0974661	0.7437971	0.1795228	7.111674	-6.485591
6729	1	223.9056	0	223.9056	0.1379092	0.8156955	0.002427955	5.026111	3.051656
6730	0	-280.3291	0	-280.3291	0.09013982	0.7250434	0.1773584	7.689689	-6.23507
6731	1	224.9811	0	224.9811	0.1543519	0.8349747	0.00236162	4.490693	3.051656
6732	0	-281.6553	0	-281.6553	0.1305821	0.8056471	0.1941161	5.308133	-6.481236
6733	1	222.7498	0	222.7498	0.2283266	0.8881903	0.002987199	3.035771	3.051656
6734	0	-277.9931	0	-277.9931	0.09696682	0.7425922	0.1871525	7.148293	-6.398631
6735	1	223.9225	0	223.9225	0.1694767	0.8495427	0.002820721	4.089925	3.051656
6736	0	-278.7104	0	-278.7104	0.06916429	0.6554334	0.1611493	10.02175	-6.359841
6737	1	224.9922	0	224.9922	0.1066508	0.7642709	0.001719647	6.499219	3.051656
6738	0	-277.841	0	-277.841	0.09613487	0.7405618	0.1792486	7.210154	-6.397173
6739	1	225.2079	0	225.2079	0.1390412	0.81716	0.002021736	4.985194	3.051656
6740	0	-279.8112	0	-279.8112	0.06695295	0.6463511	0.1189553	10.35275	-6.290862
6741	1	224.8007	0	224.8007	0.1160342	0.7822953	0.001871927	5.973647	3.053524
6742	0	-277.8083	0	-277.8083	0.05957441	0.6129815	0.1295372	11.63498	-6.380855
6743	1	224.3428	0	224.3428	0.1218882	0.7922952	0.001843104	5.686744	3.056276
6744	0	-278.2083	0	-278.2083	0.05941198	0.6121893	0.1286992	11.66679	-6.333953
6745	1	224.0383	0	224.0383	0.1062161	0.7633695	0.00158814	6.525818	3.056276
6746	0	-278.1216	0	-278.1216	0.07629539	0.6822069	0.1533364	9.085046	-6.540824
6747	1	223.6181	0	223.6181	0.09782742	0.7446627	0.001454735	7.085408	3.056276
6748	0	-278.402	0	-278.402	0.05822114	0.6063007	0.117577	11.90542	-6.345823
6749	1	223.7672	0	223.7672	0.09604676	0.7403451	0.001628545	7.216768	3.056276
6750	0	-278.3365	0	-278.3365	0.06729113	0.6477658	0.1517857	10.30072	-6.518684
6751	1	221.2864	0	221.2864	0.1257948	0.7985022	0.002497834	5.510144	3.033754
6752	0	-278.806	0	-278.806	0.06760489	0.6490699	0.162427	10.25291	-6.424363
6753	1	224.9462	0	224.9462	0.1408334	0.8194338	0.001979618	4.921751	3.036245
6754	0	-280.2137	0	-280.2137	0.07530571	0.6787055	0.1408873	9.204444	-6.633953
6755	1	224.4015	0	224.4015	0.111	0.7729543	0.001546279	6.24457	3.036245
6756	0	-278.7729	0	-278.7729	0.110323	0.7716417	0.1908635	6.282886	-6.370463
6757	1	224.8665	0	224.8665	0.1003024	0.7504534	0.001737303	6.910575	3.046029
6758	0	-278.2785	0	-278.2785	0.0811912	0.6986053	0.1752599	8.53722	-6.484829
6759	1	225.6874	0	225.6874	0.1283104	0.8023174	0.002036392	5.402112	3.046029
6760	0	-277.5287	0	-277.5287	0.06734184	0.6479771	0.131678	10.29297	-6.397391
6761	1	223.8424	0	223.8424	0.2008657	0.8729366	0.002613008	3.4508	3.048982
6762	0	-279.0226	0	-279.0226	0.09838249	0.7459823	0.2015425	7.045432	-6.34221
6763	1	219.8716	0	219.8716	0.2363275	0.8919719	0.004239244	2.932994	3.032702
6764	0	-280.1659	0	-280.1659	0.1272238	0.8006862	0.233466	5.448253	-6.336499
6765	1	219.8716	0	219.8716	0.3112966	0.9179807	0.004671905	2.226645	3.032702
6766	0	-278.8034	0	-278.8034	0.06011872	0.6156168	0.1390329	11.52964	-6.307604
6767	1	221.4922	0	221.4922	0.2459601	0.8961995	0.00330552	2.818128	3.032702
6768	0	-277.4325	0	-277.4325	0.0764236	0.6826557	0.1563372	9.069806	-6.440431
6769	1	224.7879	0	224.7879	0.1637225	0.8443063	0.002687971	4.233672	3.042045
6770	0	-277.5214	0	-277.5214	0.06346947	0.6312128	0.1346745	10.92095	-6.453156
6771	1	225.4723	0	225.4723	0.1611302	0.8418293	0.002313569	4.301783	3.041183
6772	0	-280.522	0	-280.522	0.1072013	0.7654034	0.2309997	6.465847	-6.523261
6773	1	225.2045	0	225.2045	0.1586634	0.8393998	0.002149781	4.368665	3.041183
6774	0	-279.1714	0	-279.1714	0.1099917	0.770994	0.1875394	6.301813	-6.342508
6775	1	225.5988	0	225.5988	0.1439344	0.8232423	0.002234584	4.815717	3.041183
6776	0	-279.4403	0	-279.4403	0.118087	0.7859024	0.2332363	5.869799	-6.435118
6777	1	225.5958	0	225.5958	0.1405057	0.819022	0.001976722	4.933233	3.041183
6778	0	-277.5922	0	-277.5922	0.0895342	0.7233841	0.1709384	7.741703	-6.451308
6779	1	224.7055	0	224.7055	0.1417478	0.8205731	0.002421593	4.890004	3.040988
6780	0	-281.3689	0	-281.3689	0.09160967	0.7289983	0.2172541	7.56631	-6.546293
6781	1	222.3913	0	222.3913	0.1460992	0.8258108	0.002720598	4.74436	3.035123
6782	0	-278.7551	0	-278.7551	0.06277686	0.6280751	0.1299096	11.04144	-6.287803
6783	1	222.7595	0	222.7595	0.1494845	0.8296862	0.002098448	4.636916	3.059628
6784	0	-280.6294	0	-280.6294	0.1049902	0.7607932	0.2036297	6.602016	-6.255581
6785	1	222.8555	0	222.8555	0.1183239	0.7863115	0.00204749	5.858049	3.059628
6786	0	-279.9122	0	-279.9122	0.08879986	0.7213482	0.2055069	7.805724	-6.381895
6787	1	219.6443	0	219.6443	0.2489024	0.8974258	0.004080942	2.784815	3.059628
6788	0	-279.589	0	-279.589	0.07322351	0.6711207	0.1734221	9.466184	-6.32432
6789	1	219.7075	0	219.7075	0.2192632	0.8835751	0.003830637	3.161256	3.059628
6790	0	-278.2776	0	-278.2776	0.06102294	0.6199304	0.1445184	11.3588	-6.403872
6791	1	220.9478	0	220.9478	0.2227461	0.8853928	0.003153368	3.111826	3.059628
6792	0	-283.0596	0	-283.0596	0.0729387	0.6700596	0.1960261	9.503147	-6.591317
6793	1	221.1744	0	221.1744	0.2113597	0.8792297	0.002936981	3.279467	3.059628
6794	0	-279.1727	0	-279.1727	0.1158137	0.7819012	0.210314	5.985017	-6.49462
6795	1	223.3534	0	223.3534	0.1077807	0.7665848	0.001727458	6.431085	3.059628
6796	0	-277.4276	0	-277.4276	0.0741428	0.6745064	0.1404873	9.348814	-6.462802
6797	1	221.6868	0	221.6868	0.07815315	0.688606	0.001241744	8.869088	3.059628
6798	0	-278.0744	0	-278.0744	0.06382024	0.6327852	0.1363336	10.86093	-6.334129
6799	1	223.1755	0	223.1755	0.1129768	0.7767091	0.001897254	6.135307	3.059628
6800	0	-277.8313	0	-277.8313	0.09418208	0.7356817	0.1729982	7.35965	-6.383851
6801	1	224.4711	0	224.4711	0.1479136	0.8279087	0.001883941	4.686164	3.047384
6802	0	-278.8948	0	-278.8948	0.06482442	0.6372262	0.1213052	10.69269	-6.312998
6803	1	225.31	0	225.31	0.1230786	0.7942242	0.001702402	5.631744	3.047384
6804	0	-278.4653	0	-278.4653	0.1025145	0.7554316	0.1731354	6.761455	-6.385097
6805	1	225.6627	0	225.6627	0.153181	0.8337317	0.002318107	4.525021	3.043417
6806	0	-277.9143	0	-277.9143	0.07895452	0.6912985	0.1644703	8.779069	-6.498107
6807	1	225.2481	0	225.2481	0.1786261	0.8571929	0.002594572	3.880435	3.043417
6808	0	-278.3185	0	-278.3185	0.0828883	0.7039524	0.1639099	8.362425	-6.316164
6809	1	223.7809	0	223.7809	0.2363254	0.8919709	0.003343466	2.93302	3.043417
6810	0	-277.7882	0	-277.7882	0.07468229	0.676466	0.1438819	9.28128	-6.346233
6811	1	223.9884	0	223.9884	0.1735846	0.8530746	0.002154868	3.993138	3.043417
6812	0	-277.9819	0	-277.9819	0.07037589	0.6602455	0.1318309	9.849214	-6.351775
6813	1	224.1142	0	224.1142	0.1460499	0.8257531	0.002469002	4.745961	3.052872
6814	0	-277.7546	0	-277.7546	0.07591861	0.6808815	0.1352783	9.130136	-6.449029
6815	1	224.1446	0	224.1446	0.1883979	0.8645605	0.003096027	3.679165	3.04591
6816	0	-281.4187	0	-281.4187	0.06896492	0.6546306	0.1753747	10.05072	-6.263336
6817	1	223.517	0	223.517	0.1511779	0.8315629	0.002327257	4.584976	3.058
6818	0	-278.1201	0	-278.1201	0.0660688	0.6426076	0.1518606	10.49129	-6.409432
6819	1	224.5708	0	224.5708	0.1312307	0.8065782	0.002006758	5.2819	3.055264
6820	0	-277.5911	0	-277.5911	0.08786403	0.7187153	0.1574344	7.888862	-6.416403
6821	1	223.0432	0	223.0432	0.1792199	0.857663	0.002356778	3.867579	3.055264
6822	0	-278.9578	0	-278.9578	0.05910943	0.6107069	0.1466448	11.72651	-6.501461
6823	1	223.3435	0	223.3435	0.1847798	0.8619216	0.002537248	3.751206	3.055264
6824	0	-277.8624	0	-277.8624	0.06717179	0.6472676	0.124942	10.31902	-6.404313
6825	1	223.2077	0	223.2077	0.09154421	0.7288243	0.001679279	7.571721	3.055264
6826	0	-278.8476	0	-278.8476	0.1152546	0.7808958	0.2160493	6.01405	-6.435815
6827	1	221.8638	0	221.8638	0.2160711	0.881858	0.002715244	3.207959	3.03403
6828	0	-281.0657	0	-281.0657	0.05342411	0.5810507	0.1463742	12.97443	-6.274674
6829	1	223.5244	0	223.5244	0.1747003	0.854006	0.002847017	3.967636	3.03403
6830	0	-279.2354	0	-279.2354	0.06950981	0.6568173	0.1191266	9.971933	-6.515207
6831	1	217.5902	0	217.5902	0.3284031	0.9222529	0.003871499	2.11066	3.03403
6832	0	-282.3102	0	-282.3102	0.09202384	0.7300945	0.2233823	7.532256	-6.570323
6833	1	225.3516	0	225.3516	0.1624251	0.8430761	0.002495928	4.267488	3.046893
6834	0	-280.6917	0	-280.6917	0.1258985	0.7986622	0.2578182	5.505604	-6.481562
6835	1	224.6094	0	224.6094	0.2010995	0.8730839	0.002777309	3.446787	3.042711
6836	0	-279.4361	0	-279.4361	0.04785321	0.5483304	0.1217518	14.48486	-6.308604
6837	1	225.3951	0	225.3951	0.1705147	0.8504508	0.002497646	4.065028	3.042711
6838	0	-278.8252	0	-278.8252	0.06783528	0.6500223	0.1176524	10.21809	-6.392358
6839	1	225.8384	0	225.8384	0.1313723	0.8067805	0.001927845	5.276204	3.042711
6840	0	-277.4552	0	-277.4552	0.0697953	0.6579537	0.1334707	9.931144	-6.422015
6841	1	225.1755	0	225.1755	0.1585189	0.8392552	0.002476004	4.372647	3.039533
6842	0	-279.4197	0	-279.4197	0.1208735	0.7906238	0.2033794	5.734485	-6.375695
6843	1	224.487	0	224.487	0.1985758	0.871476	0.002934772	3.490592	3.039533
6844	0	-279.4346	0	-279.4346	0.1073945	0.7657984	0.2085667	6.454216	-6.532124
6845	1	225.1201	0	225.1201	0.1652504	0.8457311	0.00254456	4.194527	3.039533
6846	0	-277.5722	0	-277.5722	0.07252657	0.6685139	0.1485088	9.557148	-6.373495
6847	1	223.4635	0	223.4635	0.2382249	0.8928315	0.003399537	2.909633	3.039533
6848	0	-279.3756	0	-279.3756	0.08024235	0.6955424	0.1327102	8.638172	-6.533081
6849	1	224.499	0	224.499	0.1866543	0.8633013	0.002919698	3.713534	3.039533
6850	0	-278.7258	0	-278.7258	0.1061618	0.7632564	0.1840851	6.529156	-6.496723
6851	1	225.4638	0	225.4638	0.1507191	0.8310583	0.002279296	4.598935	3.039533
6852	0	-279.8526	0	-279.8526	0.09846115	0.7461683	0.1914972	7.039804	-6.583625
6853	1	224.9231	0	224.9231	0.09832949	0.7458568	0.00149373	7.04923	3.039533
6854	0	-282.5202	0	-282.5202	0.09540326	0.7387525	0.1644459	7.265445	-6.66404
6855	1	225.6106	0	225.6106	0.1387104	0.8167343	0.002040207	4.997082	3.039533
6856	0	-279.8328	0	-279.8328	0.09544396	0.7388537	0.1460705	7.262348	-6.475678
6857	1	224.9647	0	224.9647	0.17062	0.8505422	0.002643187	4.062521	3.039533
6858	0	-277.5315	0	-277.5315	0.07510152	0.6779749	0.1421326	9.22947	-6.37943
6859	1	224.9983	0	224.9983	0.1777998	0.8565335	0.002619377	3.898471	3.039533
6860	0	-278.4552	0	-278.4552	0.06504002	0.6381682	0.140476	10.65724	-6.30683
6861	1	224.8514	0	224.8514	0.1610817	0.8417822	0.002145608	4.303078	3.039533
6862	0	-280.3478	0	-280.3478	0.08582082	0.7128122	0.1290818	8.076679	-6.407708
6863	1	223.9928	0	223.9928	0.1148802	0.7802176	0.002099485	6.033653	3.039533
6864	0	-279.5712	0	-279.5712	0.09835971	0.7459284	0.2159169	7.047064	-6.453564
6865	1	225.7648	0	225.7648	0.1294298	0.8039715	0.002026536	5.355391	3.04562
6866	0	-281.1596	0	-281.1596	0.1396827	0.8179802	0.2186815	4.962297	-6.377636
6867	1	225.2149	0	225.2149	0.135938	0.8130909	0.00226373	5.098995	3.04562
6868	0	-279.3418	0	-279.3418	0.0979647	0.7449902	0.2119913	7.075479	-6.390555
6869	1	225.6553	0	225.6553	0.1548479	0.8354957	0.002310458	4.47631	3.04562
6870	0	-281.2069	0	-281.2069	0.1471121	0.8269881	0.2364457	4.711692	-6.389216
6871	1	222.9852	0	222.9852	0.2423271	0.8946443	0.003114372	2.860378	3.04562
6872	0	-280.7983	0	-280.7983	0.14307	0.8221963	0.267187	4.844813	-6.464375
6873	1	222.7321	0	222.7321	0.177813	0.8565441	0.002097822	3.89818	3.047202
6874	0	-282.8667	0	-282.8667	0.1741427	0.853542	0.3298127	3.980339	-6.375491
6875	1	223.5946	0	223.5946	0.2370543	0.8923028	0.003495569	2.924001	3.047202
6876	0	-278.8365	0	-278.8365	0.07915713	0.6919729	0.1765756	8.756598	-6.51549
6877	1	222.9287	0	222.9287	0.2673564	0.904503	0.003811526	2.592596	3.044369
6878	0	-279.7687	0	-279.7687	0.07560994	0.6797888	0.1322559	9.167409	-6.273905
6879	1	223.4826	0	223.4826	0.2370664	0.8923082	0.003214001	2.923853	3.040913
6880	0	-279.7057	0	-279.7057	0.1238934	0.7955253	0.2403397	5.594706	-6.397847
6881	1	222.639	0	222.639	0.2699703	0.9054273	0.004006259	2.567494	3.040913
6882	0	-278.4616	0	-278.4616	0.09647179	0.7413875	0.1785716	7.184973	-6.332987
6883	1	217.8266	0	217.8266	0.3013065	0.9152615	0.00329657	2.300472	3.040913
6884	0	-278.5006	0	-278.5006	0.09954206	0.7486998	0.1734278	6.96336	-6.504093
6885	1	221.6972	0	221.6972	0.1488473	0.8289695	0.002752699	4.656768	3.031354
6886	0	-278.3494	0	-278.3494	0.1047085	0.7601939	0.1788745	6.619778	-6.445511
6887	1	224.0059	0	224.0059	0.110587	0.7721551	0.001775096	6.267893	3.031354
6888	0	-280.1464	0	-280.1464	0.08390251	0.7070698	0.127826	8.261341	-6.457172
6889	1	223.5753	0	223.5753	0.09727877	0.7433462	0.001793218	7.125369	3.052675
6890	0	-278.8822	0	-278.8822	0.06880599	0.6539884	0.1257349	10.07394	-6.554371
6891	1	224.4333	0	224.4333	0.1503496	0.83065	0.002457462	4.610235	3.052675
6892	0	-278.4929	0	-278.4929	0.09565746	0.7393837	0.1592738	7.246139	-6.376386
6893	1	225.039	0	225.039	0.1411852	0.8198737	0.002086621	4.90949	3.052675
6894	0	-277.5193	0	-277.5193	0.0663445	0.6437819	0.1292145	10.4477	-6.427161
6895	1	224.6841	0	224.6841	0.1566814	0.8373945	0.002199459	4.423927	3.052675
6896	0	-277.6922	0	-277.6922	0.08103441	0.6981029	0.1431013	8.553739	-6.415453
6897	1	224.5388	0	224.5388	0.1453595	0.8249413	0.002375971	4.768504	3.052675
6898	0	-277.3926	0	-277.3926	0.07953797	0.6932338	0.1571859	8.714671	-6.407351
6899	1	222.1535	0	222.1535	0.1558681	0.8365575	0.002704564	4.447012	3.02969
6900	0	-277.6246	0	-277.6246	0.06944567	0.6565611	0.1421552	9.981143	-6.499121
6901	1	224.3536	0	224.3536	0.0916771	0.7291773	0.001378002	7.560745	3.04954
6902	0	-280.6133	0	-280.6133	0.07598135	0.6811029	0.1444317	9.122596	-6.651388
6903	1	224.639	0	224.639	0.1149246	0.7802982	0.002005286	6.031322	3.04954
6904	0	-279.8133	0	-279.8133	0.06456806	0.636101	0.1112642	10.73514	-6.347023
6905	1	224.9125	0	224.9125	0.1231489	0.7943371	0.002089449	5.62853	3.04954
6906	0	-280.8052	0	-280.8052	0.124351	0.7962493	0.2524175	5.574118	-6.512062
6907	1	220.7849	0	220.7849	0.3352085	0.9238312	0.00478652	2.067809	3.048149
6908	0	-280.2157	0	-280.2157	0.1097515	0.7705224	0.1744728	6.315606	-6.528109
6909	1	220.2222	0	220.2222	0.3396415	0.9248254	0.005304442	2.04082	3.048149
6910	0	-278.0471	0	-278.0471	0.09266877	0.7317859	0.16583	7.479836	-6.496465
6911	1	223.3463	0	223.3463	0.2026828	0.8740724	0.002531738	3.419863	3.048149
6912	0	-279.7619	0	-279.7619	0.04119211	0.5036483	0.1138775	16.82718	-6.34374
6913	1	220.5207	0	220.5207	0.2683149	0.904844	0.004344702	2.583335	3.032671
6914	0	-278.8901	0	-278.8901	0.05076159	0.5658977	0.1055984	13.65495	-6.388946
6915	1	223.3066	0	223.3066	0.2052524	0.8756447	0.003219713	3.377048	3.052916
6916	0	-279.4637	0	-279.4637	0.09128655	0.7281376	0.205722	7.593092	-6.43556
6917	1	219.9342	0	219.9342	0.3218281	0.9206645	0.005391084	2.153781	3.047002
6918	0	-279.0049	0	-279.0049	0.1031681	0.7568681	0.1848709	6.718619	-6.53345
6919	1	222.2349	0	222.2349	0.266296	0.9041228	0.004234673	2.60292	3.047002
6920	0	-278.5336	0	-278.5336	0.1024016	0.7551818	0.1793431	6.768911	-6.499048
6921	1	223.6286	0	223.6286	0.2025783	0.8740076	0.003212227	3.421626	3.051085
6922	0	-280.1611	0	-280.1611	0.08774421	0.718375	0.2006945	7.899634	-6.320747
6923	1	223.5701	0	223.5701	0.1595874	0.8403183	0.002786073	4.34337	3.051085
6924	0	-280.4264	0	-280.4264	0.09242733	0.7311549	0.1564936	7.499375	-6.598364
6925	1	225.0116	0	225.0116	0.1611316	0.8418307	0.002407717	4.301745	3.051085
6926	0	-277.5667	0	-277.5667	0.08076445	0.6972344	0.1644967	8.58233	-6.407686
6927	1	225.2005	0	225.2005	0.1366164	0.8139951	0.001936595	5.073675	3.051085
6928	0	-277.8292	0	-277.8292	0.06292561	0.6287526	0.1422617	11.01534	-6.436606
6929	1	225.0322	0	225.0322	0.1446612	0.8241128	0.002006957	4.79152	3.051085
6930	0	-278.2923	0	-278.2923	0.06288084	0.6285489	0.1435304	11.02319	-6.518233
6931	1	225.331	0	225.331	0.1202429	0.7895725	0.001800625	5.764557	3.051085
6932	0	-280.2191	0	-280.2191	0.1229418	0.7940042	0.194152	5.638012	-6.480029
6933	1	222.1656	0	222.1656	0.1606632	0.8413749	0.001885979	4.314287	3.051085
6934	0	-279.4626	0	-279.4626	0.1271772	0.8006158	0.219522	5.450247	-6.41796
6935	1	224.0155	0	224.0155	0.11571	0.7817152	0.002132781	5.990385	3.045085
6936	0	-278.981	0	-278.981	0.1087556	0.768548	0.2184931	6.373437	-6.425279
6937	1	225.3503	0	225.3503	0.1728176	0.8524275	0.002465378	4.01086	3.045085
6938	0	-278.4387	0	-278.4387	0.1102081	0.7714174	0.2003529	6.28944	-6.425279
6939	1	225.3099	0	225.3099	0.1644406	0.8449792	0.002558381	4.215182	3.045085
6940	0	-280.365	0	-280.365	0.08366881	0.7063566	0.1721229	8.284415	-6.22817
6941	1	224.5111	0	224.5111	0.1839094	0.8612716	0.002513888	3.76896	3.03827
6942	0	-279.802	0	-279.802	0.07711279	0.6850499	0.1847904	8.988745	-6.504541
6943	1	225.1789	0	225.1789	0.1601532	0.8408756	0.002305906	4.328026	3.03827
6944	0	-277.9881	0	-277.9881	0.07600968	0.6812028	0.1328492	9.119196	-6.40577
6945	1	225.1618	0	225.1618	0.1686356	0.8487988	0.002286123	4.110326	3.045651
6946	0	-278.3315	0	-278.3315	0.09750683	0.7438949	0.1958625	7.108704	-6.459902
6947	1	225.6352	0	225.6352	0.1213232	0.7913677	0.001735379	5.713229	3.045651
6948	0	-278.1924	0	-278.1924	0.06476961	0.6369861	0.1457203	10.70174	-6.351323
6949	1	225.2267	0	225.2267	0.1140097	0.7786258	0.001591022	6.079721	3.045651
6950	0	-279.0825	0	-279.0825	0.06178245	0.6234929	0.1253976	11.21916	-6.276468
6951	1	225.6604	0	225.6604	0.132936	0.8089868	0.002113053	5.214143	3.045651
6952	0	-277.8987	0	-277.8987	0.05532819	0.5913766	0.1215988	12.52792	-6.459688
6953	1	225.6108	0	225.6108	0.123884	0.7955104	0.001999064	5.595132	3.045651
6954	0	-278.7615	0	-278.7615	0.06521899	0.638947	0.1310336	10.628	-6.579481
6955	1	223.47	0	223.47	0.1506757	0.8310105	0.002038258	4.600259	3.031912
6956	0	-280.3431	0	-280.3431	0.07546715	0.6792811	0.1216077	9.184753	-6.541168
6957	1	223.3966	0	223.3966	0.174085	0.8534937	0.002449042	3.98166	3.031912
6958	0	-278.7481	0	-278.7481	0.04675441	0.5414011	0.1121111	14.82528	-6.372914
6959	1	224.0687	0	224.0687	0.2055627	0.875832	0.003229954	3.371949	3.047431
6960	0	-278.0678	0	-278.0678	0.06531338	0.6393567	0.1433737	10.61264	-6.520009
6961	1	223.3439	0	223.3439	0.2499285	0.8978467	0.003621013	2.773382	3.046208
6962	0	-280.2367	0	-280.2367	0.0813835	0.6992196	0.1972332	8.517048	-6.385672
6963	1	223.7728	0	223.7728	0.2347319	0.8912382	0.00338335	2.952931	3.046208
6964	0	-278.6251	0	-278.6251	0.06600096	0.6423176	0.1415843	10.50208	-6.294086
6965	1	223.8958	0	223.8958	0.2105999	0.8787949	0.002740883	3.291298	3.046208
6966	0	-278.4753	0	-278.4753	0.09185152	0.7296394	0.1901399	7.546388	-6.489221
6967	1	225.6115	0	225.6115	0.1198885	0.7889772	0.001929052	5.781601	3.046208
6968	0	-280.2039	0	-280.2039	0.05069051	0.5654813	0.1268543	13.6741	-6.247748
6969	1	225.4728	0	225.4728	0.1638541	0.84443	0.002337624	4.230271	3.046208
6970	0	-277.707	0	-277.707	0.06481884	0.6372018	0.1262405	10.69361	-6.393918
6971	1	224.8953	0	224.8953	0.1195023	0.7883251	0.001600981	5.800282	3.046208
6972	0	-279.3448	0	-279.3448	0.07924447	0.6922629	0.1648107	8.746947	-6.265247
6973	1	224.3738	0	224.3738	0.123256	0.7945088	0.001587266	5.62364	3.046208
6974	0	-277.6078	0	-277.6078	0.08786525	0.7187187	0.1630884	7.888752	-6.387374
6975	1	225.6222	0	225.6222	0.1549094	0.8355601	0.002321256	4.474532	3.046208
6976	0	-277.5058	0	-277.5058	0.08267705	0.7032958	0.1508854	8.383792	-6.457707
6977	1	224.9313	0	224.9313	0.1901262	0.8657862	0.00271191	3.645721	3.046208
6978	0	-278.5859	0	-278.5859	0.08125084	0.6987961	0.1452893	8.530954	-6.54727
6979	1	225.1549	0	225.1549	0.1772528	0.8560937	0.002671018	3.910502	3.046208
6980	0	-279.2977	0	-279.2977	0.07652912	0.6830243	0.1632038	9.057299	-6.270335
6981	1	225.1073	0	225.1073	0.1777232	0.8564721	0.002444936	3.90015	3.042849
6982	0	-283.5808	0	-283.5808	0.04633078	0.5386851	0.1070432	14.96084	-6.747866
6983	1	224.3942	0	224.3942	0.124793	0.796944	0.002231389	5.554375	3.042849
6984	0	-278.1162	0	-278.1162	0.06150228	0.6221851	0.1437853	11.27027	-6.447438
6985	1	224.6932	0	224.6932	0.1068491	0.76468	0.001890838	6.487159	3.042849
6986	0	-277.5752	0	-277.5752	0.0910731	0.7275663	0.1699391	7.610888	-6.425229
6987	1	225.7274	0	225.7274	0.1239753	0.7956552	0.001960438	5.591011	3.042849
6988	0	-277.5545	0	-277.5545	0.08984161	0.7242286	0.1643285	7.715213	-6.43561
6989	1	225.0936	0	225.0936	0.1072935	0.7655922	0.001529625	6.460289	3.041586
6990	0	-278.8118	0	-278.8118	0.1109894	0.772934	0.188199	6.245164	-6.469333
6991	1	222.7116	0	222.7116	0.1704924	0.8504313	0.002000471	4.065562	3.041586
6992	0	-277.9458	0	-277.9458	0.09475594	0.7371327	0.1839387	7.315079	-6.391639
6993	1	225.2899	0	225.2899	0.1301228	0.8049824	0.001770146	5.32687	3.041586
6994	0	-280.6326	0	-280.6326	0.1243117	0.7961873	0.2041574	5.575882	-6.529187
6995	1	225.6929	0	225.6929	0.1212138	0.7911872	0.001906247	5.718384	3.041586
6996	0	-279.5525	0	-279.5525	0.1250994	0.797423	0.2232318	5.540771	-6.476565
6997	1	225.3923	0	225.3923	0.1622841	0.8429413	0.002254144	4.271196	3.042131
6998	0	-279.3532	0	-279.3532	0.1061786	0.7632914	0.2215029	6.528124	-6.394571
6999	1	224.5967	0	224.5967	0.1083288	0.7676922	0.001472758	6.39855	3.042131
7000	0	-277.9957	0	-277.9957	0.07850481	0.6897925	0.1505581	8.829359	-6.330063
7001	1	225.7294	0	225.7294	0.1193265	0.7880268	0.001766547	5.808831	3.042131
7002	0	-278.0309	0	-278.0309	0.05540357	0.5917769	0.1289163	12.51088	-6.412846
7003	1	225.2834	0	225.2834	0.1035426	0.7576843	0.001546353	6.69432	3.042131
7004	0	-277.9888	0	-277.9888	0.05389929	0.5836664	0.123046	12.86004	-6.448229
7005	1	225.3029	0	225.3029	0.1708433	0.850736	0.0025723	4.05721	3.042131
7006	0	-279.0099	0	-279.0099	0.06778899	0.6498313	0.1577677	10.22507	-6.319991
7007	1	224.8564	0	224.8564	0.1826303	0.8603053	0.002836432	3.795357	3.042131
7008	0	-278.0082	0	-278.0082	0.0680309	0.6508277	0.1274671	10.18871	-6.502929
7009	1	225.0513	0	225.0513	0.1836089	0.8610458	0.002765931	3.775129	3.043512
7010	0	-282.4269	0	-282.4269	0.06335441	0.6306945	0.1739666	10.94079	-6.267856
7011	1	225.2746	0	225.2746	0.175538	0.8546977	0.002618457	3.948701	3.043512
7012	0	-278.5286	0	-278.5286	0.08862045	0.7208468	0.1731949	7.821526	-6.313997
7013	1	224.7208	0	224.7208	0.1324574	0.8083166	0.002302993	5.232982	3.043512
7014	0	-277.6958	0	-277.6958	0.06224316	0.6256273	0.1340597	11.13612	-6.384639
7015	1	224.9691	0	224.9691	0.1822966	0.860051	0.00280575	3.802304	3.043512
7016	0	-279.5121	0	-279.5121	0.1101649	0.771333	0.2147509	6.291904	-6.328186
7017	1	225.8386	0	225.8386	0.1407165	0.819287	0.002063556	4.925843	3.043512
7018	0	-278.0131	0	-278.0131	0.09341515	0.73372	0.1784223	7.420073	-6.49204
7019	1	225.1968	0	225.1968	0.1181923	0.7860844	0.00164264	5.86457	3.047913
7020	0	-278.3536	0	-278.3536	0.07847032	0.6896765	0.1399837	8.83324	-6.33184
7021	1	225.3667	0	225.3667	0.1117497	0.7743921	0.001699552	6.202674	3.049895
7022	0	-279.1382	0	-279.1382	0.05410937	0.5848145	0.1388645	12.81011	-6.367999
7023	1	224.7905	0	224.7905	0.1097077	0.7704363	0.001876324	6.318124	3.038227
7024	0	-279.4156	0	-279.4156	0.06217898	0.6253311	0.1333285	11.14761	-6.252139
7025	1	225.4448	0	225.4448	0.1419492	0.8208221	0.001996341	4.883066	3.039583
7026	0	-277.5834	0	-277.5834	0.07032474	0.6600446	0.1340952	9.856377	-6.47846
7027	1	225.6276	0	225.6276	0.1245065	0.7964943	0.001863219	5.567155	3.039583
7028	0	-278.5389	0	-278.5389	0.08673174	0.7154706	0.1855384	7.991851	-6.489196
7029	1	224.637	0	224.637	0.1905644	0.8660935	0.002649167	3.637338	3.039583
7030	0	-277.2974	0	-277.2974	0.07343402	0.6719013	0.1444346	9.439047	-6.437503
7031	1	221.0854	0	221.0854	0.2768287	0.9077698	0.004641619	2.503885	3.039583
7032	0	-278.8501	0	-278.8501	0.09311613	0.7329482	0.156923	7.4439	-6.333284
7033	1	220.4945	0	220.4945	0.3154923	0.9190714	0.004894942	2.197034	3.036646
7034	0	-279.3081	0	-279.3081	0.1065285	0.7640178	0.1709791	6.506684	-6.485388
7035	1	224.2518	0	224.2518	0.1716361	0.8514198	0.002253596	4.03847	3.050756
7036	0	-279.4118	0	-279.4118	0.06804467	0.6508843	0.1578168	10.18665	-6.576637
7037	1	224.8318	0	224.8318	0.1722068	0.8519083	0.00257032	4.025085	3.050756
7038	0	-278.1642	0	-278.1642	0.07832616	0.6891907	0.169185	8.849498	-6.371041
7039	1	225.2205	0	225.2205	0.1521336	0.8326045	0.002277896	4.556173	3.050756
7040	0	-279.5532	0	-279.5532	0.09663097	0.741776	0.2078026	7.173137	-6.514518
7041	1	223.4101	0	223.4101	0.215421	0.8815021	0.003379514	3.21764	3.050756
7042	0	-278.7002	0	-278.7002	0.05978376	0.6139985	0.1118496	11.59424	-6.479301
7043	1	221.6319	0	221.6319	0.2506578	0.8981437	0.003110651	2.765313	3.050756
7044	0	-278.8057	0	-278.8057	0.06422495	0.6345858	0.1150726	10.79249	-6.379257
7045	1	224.2059	0	224.2059	0.2023752	0.8738816	0.002809012	3.425059	3.049735
7046	0	-278.205	0	-278.205	0.07411438	0.6744027	0.1534741	9.352398	-6.542943
7047	1	223.6011	0	223.6011	0.2270275	0.8875513	0.003190618	3.053142	3.049735
7048	0	-277.9687	0	-277.9687	0.06744602	0.6484105	0.1361571	10.27707	-6.53138
7049	1	223.5083	0	223.5083	0.217141	0.8824391	0.003407332	3.192152	3.049735
7050	0	-277.4318	0	-277.4318	0.07158567	0.6649387	0.1355796	9.682765	-6.429516
7051	1	222.9594	0	222.9594	0.2448333	0.895722	0.003716003	2.831099	3.049735
7052	0	-277.7307	0	-277.7307	0.0735029	0.672156	0.1323872	9.430202	-6.432571
7053	1	222.9124	0	222.9124	0.1906972	0.8661863	0.0032835	3.634806	3.050991
7054	0	-278.0911	0	-278.0911	0.06236834	0.6262038	0.1202915	11.11377	-6.490968
7055	1	223.7262	0	223.7262	0.1447232	0.8241866	0.002623459	4.789469	3.045247
7056	0	-279.2463	0	-279.2463	0.04283372	0.5152761	0.1010709	16.18228	-6.45697
7057	1	225.3793	0	225.3793	0.1398542	0.8181983	0.002281424	4.956211	3.045247
7058	0	-282.3371	0	-282.3371	0.07501269	0.6776561	0.1275492	9.2404	-6.660214
7059	1	222.8376	0	222.8376	0.1334094	0.8096453	0.002555063	5.19564	3.045247
7060	0	-277.5181	0	-277.5181	0.08510973	0.7107067	0.1648994	8.144159	-6.397234
7061	1	225.1539	0	225.1539	0.1302906	0.8052257	0.001827463	5.32001	3.037681
7062	0	-278.9797	0	-278.9797	0.1069692	0.7649271	0.1874471	6.479876	-6.33656
7063	1	225.3085	0	225.3085	0.1148724	0.7802034	0.001782663	6.034064	3.037681
7064	0	-279.1322	0	-279.1322	0.1040965	0.7588825	0.177981	6.658699	-6.52572
7065	1	225.0424	0	225.0424	0.126749	0.7999656	0.002085448	5.46866	3.037681
7066	0	-281.2338	0	-281.2338	0.1490397	0.8291865	0.2484548	4.650755	-6.367861
7067	1	224.9041	0	224.9041	0.1596337	0.840364	0.002200946	4.342111	3.037681
7068	0	-279.0756	0	-279.0756	0.05600306	0.5949387	0.1064952	12.37695	-6.395075
7069	1	224.376	0	224.376	0.1332782	0.8094632	0.002306449	5.200755	3.037681
7070	0	-277.6499	0	-277.6499	0.062084	0.6248922	0.1261686	11.16467	-6.467667
7071	1	225.466	0	225.466	0.1435823	0.8228176	0.002289755	4.827527	3.041736
7072	0	-278.3204	0	-278.3204	0.09459595	0.7367296	0.1601491	7.327451	-6.481519
7073	1	224.7614	0	224.7614	0.1719363	0.8516771	0.00237932	4.031418	3.050444
7074	0	-277.8996	0	-277.8996	0.05916275	0.6109688	0.1225386	11.71594	-6.491052
7075	1	225.361	0	225.361	0.1149492	0.7803428	0.001790794	6.030031	3.050444
7076	0	-278.5799	0	-278.5799	0.06869768	0.6535496	0.1208581	10.08982	-6.485837
7077	1	223.5699	0	223.5699	0.2152662	0.881417	0.002891461	3.219954	3.050444
7078	0	-280.772	0	-280.772	0.07268644	0.6691149	0.1124074	9.536128	-6.433813
7079	1	224.935	0	224.935	0.15494	0.8355922	0.002461684	4.473648	3.050444
7080	0	-278.0328	0	-278.0328	0.07044074	0.6604999	0.1570872	9.840146	-6.473867
7081	1	225.2383	0	225.2383	0.1174579	0.7848089	0.001901892	5.901238	3.050444
7082	0	-278.6083	0	-278.6083	0.1037569	0.7581492	0.2050672	6.680492	-6.386864
7083	1	224.5581	0	224.5581	0.1343215	0.8109021	0.002297493	5.160358	3.050444
7084	0	-278.3576	0	-278.3576	0.05711635	0.6007068	0.1362008	12.1357	-6.492663
7085	1	223.6565	0	223.6565	0.1674665	0.847753	0.002096093	4.13902	3.050444
7086	0	-278.3458	0	-278.3458	0.07618751	0.6818283	0.1320635	9.097911	-6.495581
7087	1	224.782	0	224.782	0.1374268	0.8150645	0.002297868	5.043754	3.050444
7088	0	-279.3295	0	-279.3295	0.0788707	0.6910188	0.1362594	8.788399	-6.296056
7089	1	224.7147	0	224.7147	0.1279565	0.801789	0.002179236	5.417052	3.050444
7090	0	-279.923	0	-279.923	0.0764582	0.6827766	0.1199659	9.065701	-6.424898
7091	1	224.9873	0	224.9873	0.1357253	0.8128056	0.001850632	5.106986	3.050444
7092	0	-278.9221	0	-278.9221	0.1016138	0.7534264	0.1977438	6.821391	-6.33113
7093	1	225.075	0	225.075	0.1605931	0.8413064	0.002439662	4.316171	3.050444
7094	0	-278.5891	0	-278.5891	0.09474996	0.7371176	0.1634626	7.315541	-6.517774
7095	1	225.0301	0	225.0301	0.1201604	0.7894342	0.002000287	5.768517	3.050444
7096	0	-278.679	0	-278.679	0.1043416	0.7594091	0.2052055	6.64306	-6.375498
7097	1	223.4381	0	223.4381	0.1103111	0.7716183	0.001921697	6.283569	3.031241
7098	0	-277.9156	0	-277.9156	0.07895594	0.6913033	0.1683512	8.778911	-6.465403
7099	1	223.5776	0	223.5776	0.1058945	0.7626984	0.001547163	6.545642	3.031241
7100	0	-278.0685	0	-278.0685	0.08271383	0.7034103	0.153588	8.380064	-6.332568
7101	1	223.6177	0	223.6177	0.09680127	0.7421904	0.001525996	7.160517	3.031241
7102	0	-277.829	0	-277.829	0.07656453	0.6831478	0.161156	9.053111	-6.372844
7103	1	224.0835	0	224.0835	0.1279596	0.8017936	0.001936897	5.416922	3.031241
7104	0	-279.5601	0	-279.5601	0.100413	0.7507068	0.2047741	6.902959	-6.310332
7105	1	223.4024	0	223.4024	0.1606085	0.8413214	0.002607578	4.315758	3.03185
7106	0	-278.8147	0	-278.8147	0.09358102	0.7341465	0.1590738	7.406921	-6.525898
7107	1	222.4348	0	222.4348	0.2104386	0.8787022	0.003222846	3.293821	3.03185
7108	0	-282.5644	0	-282.5644	0.1237177	0.795246	0.2643401	5.602654	-6.276825
7109	1	225.3169	0	225.3169	0.1406863	0.8192491	0.001986723	4.9269	3.050097
7110	0	-282.8815	0	-282.8815	0.147389	0.8273072	0.3141721	4.702843	-6.479228
7111	1	224.0831	0	224.0831	0.1672422	0.8475507	0.002808953	4.14457	3.050097
7112	0	-277.974	0	-277.974	0.09533096	0.7385724	0.1641784	7.270956	-6.413331
7113	1	224.3386	0	224.3386	0.1981595	0.8712068	0.002889181	3.497926	3.050097
7114	0	-277.8445	0	-277.8445	0.06383485	0.6328505	0.1350636	10.85844	-6.512228
7115	1	224.9898	0	224.9898	0.1495109	0.8297158	0.002404704	4.636098	3.050097
7116	0	-278.9769	0	-278.9769	0.04997079	0.5612292	0.1102746	13.87105	-6.331821
7117	1	224.5832	0	224.5832	0.1881095	0.8643538	0.00276569	3.684807	3.050097
7118	0	-277.8335	0	-277.8335	0.07396777	0.6738664	0.1375538	9.370935	-6.357521
7119	1	222.7673	0	222.7673	0.2068239	0.8765872	0.002798239	3.351388	3.054974
7120	0	-277.7557	0	-277.7557	0.0722993	0.6676562	0.153009	9.58719	-6.37036
7121	1	224.7865	0	224.7865	0.1771375	0.8560006	0.002833696	3.913046	3.043927
7122	0	-278.7641	0	-278.7641	0.08770612	0.7182667	0.1723293	7.903065	-6.559048
7123	1	225.8543	0	225.8543	0.1389468	0.8170387	0.002040476	4.988579	3.043927
7124	0	-277.5406	0	-277.5406	0.06263679	0.6274352	0.1316379	11.06614	-6.409871
7125	1	225.3058	0	225.3058	0.1744248	0.8537771	0.002464235	3.973902	3.043927
7126	0	-278.0994	0	-278.0994	0.06835781	0.6521667	0.1230644	10.13998	-6.41687
7127	1	224.9871	0	224.9871	0.1841703	0.861467	0.002805855	3.763622	3.043927
7128	0	-279.4689	0	-279.4689	0.1223285	0.7930126	0.2300366	5.666277	-6.467787
7129	1	225.1956	0	225.1956	0.1256684	0.7983068	0.002123516	5.515685	3.044478
7130	0	-279.5486	0	-279.5486	0.0521862	0.5741119	0.101712	13.28219	-6.385259
7131	1	225.653	0	225.653	0.1282483	0.8022249	0.002057121	5.404726	3.044478
7132	0	-279.5382	0	-279.5382	0.04662609	0.5405811	0.1033957	14.86608	-6.330374
7133	1	222.4843	0	222.4843	0.1938053	0.8683237	0.00251436	3.576513	3.032802
7134	0	-278.3472	0	-278.3472	0.104255	0.7592233	0.1971609	6.648577	-6.386544
7135	1	222.9027	0	222.9027	0.1896281	0.8654352	0.002527316	3.655299	3.032802
7136	0	-279.3164	0	-279.3164	0.1175145	0.7849077	0.2282453	5.898396	-6.457392
7137	1	225.2029	0	225.2029	0.1750935	0.8543314	0.002667146	3.958726	3.043669
7138	0	-278.4665	0	-278.4665	0.09997772	0.7497073	0.1693125	6.933017	-6.372326
7139	1	222.2735	0	222.2735	0.1049623	0.7607339	0.002119733	6.603773	3.043669
7140	0	-281.0647	0	-281.0647	0.1240511	0.7957754	0.1857172	5.587593	-6.47155
7141	1	225.4509	0	225.4509	0.1511767	0.8315615	0.002395002	4.585014	3.043669
7142	0	-278.3528	0	-278.3528	0.1016534	0.7535152	0.1983714	6.818733	-6.391725
7143	1	225.0694	0	225.0694	0.1448526	0.8243406	0.001904564	4.785191	3.043669
7144	0	-281.3955	0	-281.3955	0.1562365	0.8369377	0.2761395	4.436525	-6.384459
7145	1	225.7901	0	225.7901	0.1204308	0.7898868	0.001874469	5.755565	3.043669
7146	0	-280.928	0	-280.928	0.1250702	0.7973774	0.2651604	5.542066	-6.430438
7147	1	224.5398	0	224.5398	0.1003469	0.7505553	0.001405924	6.907511	3.043669
7148	0	-285.3537	0	-285.3537	0.1131664	0.7770632	0.243099	6.125029	-6.157274
7149	1	224.7364	0	224.7364	0.0960241	0.7402893	0.001674537	7.218471	3.043669
7150	0	-278.5873	0	-278.5873	0.05351082	0.58153	0.1084041	12.9534	-6.413818
7151	1	224.4744	0	224.4744	0.09417258	0.7356575	0.001367182	7.360393	3.043669
7152	0	-279.9398	0	-279.9398	0.04139671	0.5051208	0.1201441	16.74402	-6.488347
7153	1	225.3275	0	225.3275	0.1120901	0.7750392	0.001875792	6.183841	3.043669
7154	0	-280.7025	0	-280.7025	0.04117199	0.5035032	0.1113872	16.83541	-6.620638
7155	1	225.54	0	225.54	0.1381804	0.8160484	0.00222137	5.016247	3.043669
7156	0	-277.9206	0	-277.9206	0.08972774	0.7239163	0.1569843	7.725004	-6.381083
7157	1	225.1614	0	225.1614	0.1599787	0.8407041	0.002567712	4.332747	3.043669
7158	0	-279.4085	0	-279.4085	0.1189573	0.7873982	0.2252688	5.826857	-6.36659
7159	1	225.8166	0	225.8166	0.1248683	0.7970619	0.001872469	5.551026	3.042158
7160	0	-278.1516	0	-278.1516	0.09504258	0.7378522	0.1907647	7.293017	-6.402261
7161	1	223.067	0	223.067	0.1505221	0.8308409	0.002361597	4.604953	3.029133
7162	0	-278.2633	0	-278.2633	0.0942721	0.7359102	0.1833435	7.352623	-6.351126
7163	1	223.6507	0	223.6507	0.1293752	0.8038914	0.001878617	5.35765	3.030238
7164	0	-278.0322	0	-278.0322	0.09831625	0.7458255	0.1698169	7.050179	-6.439622
7165	1	223.2117	0	223.2117	0.1470456	0.8269113	0.00203913	4.713824	3.030238
7166	0	-277.5395	0	-277.5395	0.07370723	0.6729096	0.1536658	9.40406	-6.465728
7167	1	221.7407	0	221.7407	0.2128531	0.8800753	0.002939327	3.256458	3.030238
7168	0	-279.2514	0	-279.2514	0.06168414	0.6230349	0.1149612	11.23704	-6.316221
7169	1	223.0058	0	223.0058	0.1729492	0.852539	0.002523274	4.007808	3.030238
7170	0	-279.185	0	-279.185	0.04239248	0.5121923	0.1084155	16.35071	-6.498287
7171	1	221.1906	0	221.1906	0.2937131	0.9130709	0.004593702	2.359947	3.050587
7172	0	-279.257	0	-279.257	0.1166542	0.7833966	0.1978129	5.941897	-6.364574
7173	1	224.8818	0	224.8818	0.1468987	0.8267413	0.002387946	4.718539	3.050587
7174	0	-280.5965	0	-280.5965	0.1190007	0.7874723	0.2265488	5.824732	-6.292427
7175	1	223.3508	0	223.3508	0.2008202	0.8729079	0.002565206	3.451582	3.050587
7176	0	-279.4843	0	-279.4843	0.1105326	0.7720495	0.1736622	6.270975	-6.450787
7177	1	223.2886	0	223.2886	0.2048997	0.8754312	0.003354849	3.382861	3.050587
7178	0	-277.9442	0	-277.9442	0.06046512	0.6172787	0.1188055	11.46359	-6.411765
7179	1	224.7258	0	224.7258	0.1455626	0.8251808	0.002256237	4.761851	3.053589
7180	0	-279.2896	0	-279.2896	0.06399369	0.6335587	0.1442358	10.83149	-6.597778
7181	1	224.9083	0	224.9083	0.1362345	0.8134871	0.002057472	5.087899	3.053589
7182	0	-278.2481	0	-278.2481	0.09168194	0.7291901	0.1899823	7.560346	-6.411223
7183	1	225.2663	0	225.2663	0.113334	0.7773754	0.001595861	6.115969	3.046345
7184	0	-277.6889	0	-277.6889	0.07402695	0.674083	0.1581172	9.363444	-6.406768
7185	1	224.5416	0	224.5416	0.1633579	0.8439625	0.002090045	4.243119	3.046345
7186	0	-278.0275	0	-278.0275	0.1004615	0.7508176	0.1760451	6.899628	-6.436463
7187	1	224.8718	0	224.8718	0.1832842	0.8608009	0.002488104	3.781817	3.046345
7188	0	-280.5889	0	-280.5889	0.07767246	0.6869716	0.130268	8.923976	-6.264189
7189	1	223.8739	0	223.8739	0.1746263	0.8539445	0.002154919	3.969318	3.044229
7190	0	-281.9218	0	-281.9218	0.07728788	0.6856533	0.1610237	8.968381	-6.166303
7191	1	225.2064	0	225.2064	0.1535016	0.8340738	0.002488023	4.515571	3.044229
7192	0	-280.1246	0	-280.1246	0.08882199	0.72141	0.1723693	7.803779	-6.618745
7193	1	223.8232	0	223.8232	0.1986799	0.8715431	0.002506288	3.488763	3.044229
7194	0	-277.7309	0	-277.7309	0.06962602	0.6572806	0.1451826	9.955289	-6.505695
7195	1	222.3207	0	222.3207	0.1917962	0.8669499	0.003485729	3.613977	3.044229
7196	0	-277.6006	0	-277.6006	0.07001852	0.6588379	0.1383182	9.899484	-6.367497
7197	1	222.0132	0	222.0132	0.2423244	0.8946431	0.002931066	2.860411	3.046242
7198	0	-279.8396	0	-279.8396	0.09274584	0.7319868	0.1407728	7.47362	-6.421977
7199	1	225.6592	0	225.6592	0.1157813	0.781843	0.001709396	5.986696	3.046242
7200	0	-277.9088	0	-277.9088	0.07791201	0.6877879	0.1679573	8.896538	-6.425355
7201	1	224.7334	0	224.7334	0.165998	0.846419	0.002156948	4.175637	3.046242
7202	0	-277.6949	0	-277.6949	0.08935653	0.722894	0.1730236	7.757096	-6.466415
7203	1	216.7835	0	216.7835	0.2961757	0.9137936	0.003268059	2.340324	3.053616
7204	0	-277.6646	0	-277.6646	0.08610688	0.7136517	0.1693122	8.049846	-6.385798
7205	1	222.8986	0	222.8986	0.1926714	0.8675518	0.002471621	3.597561	3.053616
7206	0	-278.3948	0	-278.3948	0.04971823	0.5597214	0.1107348	13.94151	-6.449754
7207	1	224.2521	0	224.2521	0.1141856	0.7789491	0.001856568	6.070358	3.032508
7208	0	-278.5878	0	-278.5878	0.06274473	0.6279285	0.1516285	11.0471	-6.449233
7209	1	223.4183	0	223.4183	0.147214	0.8271056	0.002499108	4.708434	3.032508
7210	0	-278.7197	0	-278.7197	0.1079361	0.7668997	0.2007664	6.421829	-6.359448
7211	1	223.903	0	223.903	0.1639519	0.8445219	0.002381601	4.227747	3.032508
7212	0	-278.394	0	-278.394	0.1043427	0.7594116	0.1860694	6.642987	-6.370567
7213	1	223.2993	0	223.2993	0.2075922	0.8770429	0.003331686	3.338984	3.051478
7214	0	-277.8534	0	-277.8534	0.07148167	0.6645396	0.1447724	9.696852	-6.523928
7215	1	221.5913	0	221.5913	0.259149	0.9014796	0.003289855	2.674705	3.051478
7216	0	-277.5328	0	-277.5328	0.07232471	0.6677523	0.1354742	9.583823	-6.46278
7217	1	222.3986	0	222.3986	0.2140951	0.8807696	0.003276487	3.237567	3.03207
7218	0	-281.4571	0	-281.4571	0.1018413	0.7539358	0.2298106	6.806148	-6.29454
7219	1	223.0101	0	223.0101	0.2342525	0.8910158	0.003077552	2.958975	3.038494
7220	0	-279.0706	0	-279.0706	0.1129373	0.7766353	0.2012785	6.137451	-6.349568
7221	1	224.2323	0	224.2323	0.1905094	0.866055	0.002995055	3.638388	3.038494
7222	0	-281.8684	0	-281.8684	0.1477621	0.8277354	0.251159	4.690968	-6.52581
7223	1	221.2646	0	221.2646	0.2767874	0.9077561	0.004546097	2.504258	3.038494
7224	0	-278.7513	0	-278.7513	0.09287048	0.7323111	0.1540933	7.46359	-6.352925
7225	1	222.67	0	222.67	0.1593442	0.8400775	0.002939457	4.349999	3.038544
7226	0	-278.8337	0	-278.8337	0.07633504	0.6823458	0.1580911	9.080328	-6.284515
7227	1	225.247	0	225.247	0.1227282	0.7936599	0.001988528	5.647824	3.050318
7228	0	-278.6941	0	-278.6941	0.08167804	0.7001563	0.135944	8.486334	-6.493585
7229	1	225.322	0	225.322	0.1467926	0.8266183	0.002109979	4.72195	3.050318
7230	0	-278.2997	0	-278.2997	0.09618337	0.740681	0.1701764	7.206518	-6.50422
7231	1	225.0731	0	225.0731	0.1193616	0.7880865	0.001676938	5.80712	3.050318
7232	0	-278.2773	0	-278.2773	0.08817208	0.7195868	0.1743164	7.8613	-6.333341
7233	1	223.7998	0	223.7998	0.1682786	0.848481	0.002116063	4.119045	3.050024
7234	0	-278.2731	0	-278.2731	0.08152593	0.6996732	0.1678229	8.502168	-6.52952
7235	1	225.4385	0	225.4385	0.1066903	0.7643525	0.001698987	6.496812	3.047398
7236	0	-278.0883	0	-278.0883	0.1017635	0.7537617	0.1775886	6.811356	-6.427888
7237	1	224.2815	0	224.2815	0.1394604	0.8176968	0.001904955	4.970207	3.034262
7238	0	-279.3343	0	-279.3343	0.08434749	0.7084196	0.1833748	8.217757	-6.554202
7239	1	224.3369	0	224.3369	0.1430849	0.8222144	0.001967285	4.844308	3.034262
7240	0	-278.4443	0	-278.4443	0.06468606	0.6366196	0.1420679	10.71556	-6.553201
7241	1	221.4554	0	221.4554	0.13709	0.8146215	0.001636859	5.056145	3.033241
7242	0	-278.3511	0	-278.3511	0.09016501	0.7251121	0.157937	7.68754	-6.516796
7243	1	225.3928	0	225.3928	0.1332566	0.8094333	0.00216545	5.201597	3.047678
7244	0	-278.5706	0	-278.5706	0.0628713	0.6285055	0.1225821	11.02486	-6.318866
7245	1	223.8531	0	223.8531	0.1145791	0.7796694	0.001471183	6.049509	3.047678
7246	0	-277.6312	0	-277.6312	0.07549293	0.6793729	0.1371536	9.181617	-6.459754
7247	1	225.3584	0	225.3584	0.1403981	0.8188864	0.002265324	4.937014	3.047678
7248	0	-279.7109	0	-279.7109	0.0542426	0.58554	0.1143575	12.77865	-6.60465
7249	1	224.944	0	224.944	0.1519679	0.8324248	0.002004906	4.561141	3.047678
7250	0	-278.8924	0	-278.8924	0.04587842	0.5357572	0.1150853	15.10835	-6.370332
7251	1	223.4021	0	223.4021	0.2439689	0.8953528	0.003461428	2.841129	3.040447
7252	0	-277.6244	0	-277.6244	0.07474337	0.6766866	0.1392851	9.273695	-6.377537
7253	1	223.8355	0	223.8355	0.2170463	0.8823879	0.002892157	3.193545	3.040447
7254	0	-277.7917	0	-277.7917	0.08262462	0.7031325	0.1686085	8.389112	-6.481509
7255	1	224.7792	0	224.7792	0.1622831	0.8429403	0.002651147	4.271223	3.040447
7256	0	-278.5013	0	-278.5013	0.08597615	0.7132686	0.1847574	8.062087	-6.48257
7257	1	225.3175	0	225.3175	0.1495998	0.8298153	0.002374227	4.633343	3.040447
7258	0	-280.4619	0	-280.4619	0.1083121	0.7676585	0.1698351	6.399539	-6.319175
7259	1	222.5242	0	222.5242	0.1275807	0.8012249	0.002480631	5.433009	3.040447
7260	0	-279.0731	0	-279.0731	0.04489268	0.5292756	0.1032991	15.44009	-6.478733
7261	1	224.8627	0	224.8627	0.1471526	0.8270348	0.002293196	4.710399	3.052615
7262	0	-281.4569	0	-281.4569	0.1169152	0.7838572	0.2626074	5.92863	-6.410411
7263	1	225.1294	0	225.1294	0.1260459	0.7988893	0.001894302	5.499164	3.052615
7264	0	-277.7705	0	-277.7705	0.0964158	0.7412506	0.1774677	7.189145	-6.431956
7265	1	225.5388	0	225.5388	0.1492025	0.8293697	0.002064927	4.645681	3.042732
7266	0	-278.5306	0	-278.5306	0.08883528	0.7214471	0.1883285	7.802612	-6.485171
7267	1	225.1542	0	225.1542	0.1452864	0.8248549	0.001926891	4.770902	3.042732
7268	0	-280.1142	0	-280.1142	0.1264645	0.7995314	0.2154875	5.480962	-6.507215
7269	1	225.1424	0	225.1424	0.1395729	0.8178403	0.002326592	4.966202	3.042732
7270	0	-278.2555	0	-278.2555	0.1022386	0.7548206	0.1948584	6.7797	-6.389319
7271	1	224.9064	0	224.9064	0.1474599	0.8273888	0.002475348	4.70058	3.042732
7272	0	-278.0383	0	-278.0383	0.08189713	0.7008497	0.1546007	8.463632	-6.528943
7273	1	222.1203	0	222.1203	0.1377248	0.8154547	0.002250603	5.032842	3.026196
7274	0	-280.4936	0	-280.4936	0.07032157	0.6600322	0.1565421	9.856822	-6.218103
7275	1	219.9023	0	219.9023	0.2165024	0.8820929	0.002991236	3.201568	3.026196
7276	0	-278.3465	0	-278.3465	0.0614992	0.6221707	0.1149113	11.27083	-6.425772
7277	1	223.2795	0	223.2795	0.2125271	0.8798917	0.002691613	3.261453	3.04858
7278	0	-277.728	0	-277.728	0.08885506	0.7215022	0.1610454	7.800874	-6.380479
7279	1	224.0372	0	224.0372	0.2148466	0.8811859	0.002976521	3.226242	3.04858
7280	0	-280.2532	0	-280.2532	0.08436619	0.7084761	0.1445471	8.215935	-6.602171
7281	1	222.0195	0	222.0195	0.1959109	0.8697337	0.002781448	3.538073	3.029364
7282	0	-278.3079	0	-278.3079	0.1049688	0.7607477	0.1973856	6.603364	-6.396646
7283	1	222.1352	0	222.1352	0.1830029	0.8605882	0.002938373	3.787629	3.029364
7284	0	-278.922	0	-278.922	0.1172566	0.7844567	0.209359	5.911373	-6.391932
7285	1	224.7308	0	224.7308	0.1836788	0.8610984	0.002587129	3.773691	3.038739
7286	0	-278.4352	0	-278.4352	0.09969318	0.7490501	0.1652461	6.952805	-6.407907
7287	1	224.6103	0	224.6103	0.1250316	0.7973172	0.002165937	5.543776	3.038739
7288	0	-281.0065	0	-281.0065	0.07043325	0.6604705	0.1093301	9.841193	-6.432995
7289	1	225.5689	0	225.5689	0.1430272	0.8221442	0.002161641	4.846263	3.03957
7290	0	-277.8973	0	-277.8973	0.07215559	0.667112	0.1536164	9.606285	-6.357419
7291	1	225.5592	0	225.5592	0.1504607	0.830773	0.002156071	4.606831	3.047858
7292	0	-280.0228	0	-280.0228	0.09590564	0.7399973	0.1459876	7.227387	-6.372143
7293	1	221.1025	0	221.1025	0.1042157	0.759139	0.002197163	6.651082	3.047858
7294	0	-281.5201	0	-281.5201	0.04146554	0.5056147	0.09661611	16.71622	-6.246985
7295	1	225.5892	0	225.5892	0.1473975	0.827317	0.002111615	4.70257	3.047858
7296	0	-280.5109	0	-280.5109	0.0563895	0.5969561	0.1218786	12.29213	-6.65649
7297	1	224.8008	0	224.8008	0.1445357	0.823963	0.002436383	4.795682	3.047858
7298	0	-278.7842	0	-278.7842	0.07600189	0.6811753	0.1342485	9.120131	-6.316062
7299	1	225.2178	0	225.2178	0.1794704	0.8578604	0.002647263	3.86218	3.043881
7300	0	-278.6244	0	-278.6244	0.05545236	0.5920358	0.13101	12.49987	-6.537288
7301	1	224.6896	0	224.6896	0.2019701	0.8736294	0.002860756	3.431929	3.043881
7302	0	-280.2315	0	-280.2315	0.07228225	0.6675917	0.1242239	9.589453	-6.275006
7303	1	223.3892	0	223.3892	0.2505091	0.8980833	0.003624714	2.766954	3.043881
7304	0	-277.642	0	-277.642	0.07949593	0.693095	0.1599766	8.719279	-6.372832
7305	1	225.5359	0	225.5359	0.1317027	0.8072507	0.001818519	5.262968	3.043881
7306	0	-278.9543	0	-278.9543	0.09024621	0.7253331	0.1637049	7.680623	-6.563147
7307	1	225.428	0	225.428	0.109842	0.7707004	0.001809655	6.310401	3.043881
7308	0	-278.4496	0	-278.4496	0.07938602	0.6927318	0.1467078	8.731351	-6.552298
7309	1	225.1214	0	225.1214	0.1704296	0.8503767	0.002389243	4.067058	3.039864
7310	0	-277.8736	0	-277.8736	0.06124553	0.6209802	0.1390818	11.31751	-6.408484
7311	1	224.4361	0	224.4361	0.1691723	0.8492743	0.002187708	4.097286	3.039864
7312	0	-278.6036	0	-278.6036	0.09890714	0.7472184	0.184991	7.00806	-6.522843
7313	1	224.7953	0	224.7953	0.1822799	0.8600383	0.002728705	3.802652	3.03902
7314	0	-278.0167	0	-278.0167	0.0844071	0.7085996	0.1767257	8.211954	-6.392269
7315	1	221.561	0	221.561	0.2946093	0.9133353	0.004014979	2.352768	3.038087
7316	0	-278.8233	0	-278.8233	0.08133648	0.6990696	0.1425151	8.521971	-6.310397
7317	1	222.7829	0	222.7829	0.2431698	0.8950092	0.003782691	2.850466	3.038087
7318	0	-279.3852	0	-279.3852	0.07962084	0.693507	0.1768955	8.7056	-6.560707
7319	1	225.3241	0	225.3241	0.1434623	0.8226725	0.002048805	4.831564	3.038087
7320	0	-279.6012	0	-279.6012	0.07830764	0.6891282	0.1723844	8.851591	-6.275649
7321	1	223.467	0	223.467	0.2100486	0.8784775	0.003466433	3.299937	3.042203
7322	0	-277.5975	0	-277.5975	0.08448153	0.7088241	0.1504303	8.204719	-6.441198
7323	1	225.7263	0	225.7263	0.140051	0.8184478	0.001997613	4.949249	3.042203
7324	0	-277.5861	0	-277.5861	0.06554694	0.640367	0.1399958	10.57482	-6.472355
7325	1	225.0417	0	225.0417	0.1715894	0.8513797	0.002308248	4.039568	3.042439
7326	0	-278.7518	0	-278.7518	0.09790689	0.7448524	0.1887107	7.079657	-6.324879
7327	1	224.0913	0	224.0913	0.2080401	0.8773069	0.002737216	3.331796	3.042439
7328	0	-278.6378	0	-278.6378	0.108695	0.7684268	0.1840614	6.376992	-6.393239
7329	1	223.0622	0	223.0622	0.2197976	0.8838577	0.003660593	3.153571	3.042439
7330	0	-278.1796	0	-278.1796	0.09537127	0.7386729	0.1725605	7.267882	-6.352786
7331	1	224.502	0	224.502	0.1401603	0.8185862	0.002444077	4.945388	3.042439
7332	0	-277.4958	0	-277.4958	0.08045683	0.6962395	0.1457215	8.615144	-6.431386
7333	1	225.7457	0	225.7457	0.1279835	0.8018293	0.00200819	5.415912	3.042439
7334	0	-277.3739	0	-277.3739	0.07898377	0.691396	0.14934	8.775818	-6.456253
7335	1	225.247	0	225.247	0.1224332	0.7931825	0.001674185	5.661433	3.042439
7336	0	-278.2952	0	-278.2952	0.1059367	0.7627867	0.1835798	6.543031	-6.429241
7337	1	222.7639	0	222.7639	0.07931591	0.6924997	0.001165892	8.739069	3.042439
7338	0	-282.101	0	-282.101	0.1420682	0.8209691	0.2094087	4.878973	-6.434344
7339	1	225.3732	0	225.3732	0.1094538	0.7699355	0.001808724	6.332781	3.042439
7340	0	-278.471	0	-278.471	0.05437791	0.5862748	0.1291415	12.74685	-6.516748
7341	1	225.7709	0	225.7709	0.1185686	0.7867326	0.001806565	5.845957	3.042439
7342	0	-280.2885	0	-280.2885	0.06891649	0.6544351	0.1160328	10.05778	-6.556409
7343	1	225.8327	0	225.8327	0.1368722	0.814334	0.00205381	5.064191	3.042439
7344	0	-278.9299	0	-278.9299	0.08052299	0.6964539	0.1356663	8.608065	-6.335932
7345	1	225.825	0	225.825	0.1249208	0.797144	0.00190338	5.548695	3.042439
7346	0	-277.5992	0	-277.5992	0.07551133	0.6794383	0.1430491	9.17938	-6.49296
7347	1	225.1707	0	225.1707	0.1376915	0.8154112	0.002193847	5.034058	3.050784
7348	0	-277.5257	0	-277.5257	0.07767439	0.6869781	0.1471293	8.923755	-6.484951
7349	1	225.272	0	225.272	0.1488686	0.8289936	0.002188389	4.656099	3.050784
7350	0	-278.5962	0	-278.5962	0.04688418	0.5422281	0.1128547	14.78424	-6.401514
7351	1	224.9482	0	224.9482	0.1489049	0.8290345	0.002384256	4.654965	3.050784
7352	0	-278.8583	0	-278.8583	0.08766598	0.7181524	0.1847162	7.906684	-6.531531
7353	1	224.4817	0	224.4817	0.1819877	0.8598149	0.002792536	3.808757	3.050784
7354	0	-281.5134	0	-281.5134	0.1554067	0.836079	0.2524007	4.460213	-6.413911
7355	1	224.3512	0	224.3512	0.1922626	0.8672713	0.002720435	3.60521	3.050784
7356	0	-278.0114	0	-278.0114	0.0608452	0.6190888	0.1207504	11.39198	-6.37497
7357	1	223.995	0	223.995	0.1995077	0.8720744	0.003071758	3.474288	3.050784
7358	0	-277.5435	0	-277.5435	0.08924907	0.7225967	0.1646001	7.766436	-6.412046
7359	1	224.238	0	224.238	0.1969664	0.8704293	0.00291353	3.519114	3.050784
7360	0	-280.2718	0	-280.2718	0.113642	0.777947	0.2277689	6.099393	-6.538973
7361	1	225.3975	0	225.3975	0.1363522	0.8136439	0.002050675	5.083506	3.050784
7362	0	-279.6042	0	-279.6042	0.1154975	0.7813336	0.1961897	6.001403	-6.515889
7363	1	223.3909	0	223.3909	0.09346129	0.7338388	0.001767745	7.41641	3.050784
7364	0	-279.1666	0	-279.1666	0.06332119	0.6305447	0.1578595	10.94653	-6.400027
7365	1	224.8755	0	224.8755	0.1212811	0.7912983	0.00166866	5.71521	3.037991
7366	0	-277.4713	0	-277.4713	0.06943561	0.6565209	0.1467101	9.98259	-6.441085
7367	1	224.7954	0	224.7954	0.1089764	0.7689883	0.001547908	6.360528	3.037991
7368	0	-280.0984	0	-280.0984	0.114889	0.7802336	0.1892944	6.03319	-6.318463
7369	1	224.7494	0	224.7494	0.1623863	0.8430391	0.002192268	4.268508	3.037991
7370	0	-278.5123	0	-278.5123	0.09107789	0.7275791	0.1685105	7.610488	-6.540558
7371	1	224.9797	0	224.9797	0.1659709	0.8463942	0.002518983	4.176317	3.037991
7372	0	-277.6347	0	-277.6347	0.06754434	0.6488188	0.1400054	10.26211	-6.496516
7373	1	224.9505	0	224.9505	0.1018206	0.7538895	0.001666715	6.807532	3.037991
7374	0	-277.9012	0	-277.9012	0.09187319	0.7296967	0.1645749	7.544608	-6.372636
7375	1	224.9409	0	224.9409	0.1179817	0.7857201	0.001646552	5.87504	3.037991
7376	0	-277.4277	0	-277.4277	0.07491248	0.677296	0.151075	9.252759	-6.46874
7377	1	224.9689	0	224.9689	0.1422129	0.8211473	0.001933212	4.874011	3.037991
7378	0	-279.8993	0	-279.8993	0.03955695	0.4916355	0.09670134	17.52277	-6.379844
7379	1	224.5453	0	224.5453	0.1626736	0.8433132	0.002648592	4.26097	3.037991
7380	0	-278.6161	0	-278.6161	0.09007115	0.7248562	0.1622041	7.695551	-6.313307
7381	1	223.575	0	223.575	0.1725572	0.8522066	0.002963701	4.016914	3.037991
7382	0	-279.3311	0	-279.3311	0.06017665	0.6158955	0.132485	11.51854	-6.259858
7383	1	223.6813	0	223.6813	0.2160352	0.8818384	0.003293853	3.208492	3.037991
7384	0	-279.2523	0	-279.2523	0.08855715	0.7206696	0.1502449	7.827117	-6.304459
7385	1	222.4351	0	222.4351	0.1878943	0.8641991	0.003353553	3.689028	3.037991
7386	0	-278.5938	0	-278.5938	0.0822778	0.702048	0.1360738	8.424473	-6.387883
7387	1	223.8033	0	223.8033	0.201677	0.8734462	0.003190196	3.436917	3.037991
7388	0	-280.735	0	-280.735	0.04851345	0.5524154	0.1418123	14.28773	-6.482679
7389	1	223.6277	0	223.6277	0.1996975	0.8721956	0.003230903	3.470985	3.037991
7390	0	-277.8056	0	-277.8056	0.06614361	0.6429269	0.1245913	10.47943	-6.409222
7391	1	223.2473	0	223.2473	0.1686381	0.8488011	0.003013556	4.110263	3.040735
7392	0	-279.6028	0	-279.6028	0.1133587	0.7774214	0.1834726	6.114637	-6.355845
7393	1	225.3473	0	225.3473	0.166595	0.8469641	0.002397244	4.160673	3.040735
7394	0	-278.9636	0	-278.9636	0.06587605	0.6417827	0.1490049	10.52199	-6.293843
7395	1	224.3258	0	224.3258	0.1414952	0.8202597	0.001792791	4.898733	3.040735
7396	0	-279.245	0	-279.245	0.1037776	0.7581939	0.1645558	6.679162	-6.38354
7397	1	225.2994	0	225.2994	0.1662314	0.8466326	0.002510623	4.169773	3.040735
7398	0	-277.5829	0	-277.5829	0.08421998	0.708034	0.1671516	8.230199	-6.396748
7399	1	223.6128	0	223.6128	0.1653279	0.8458027	0.002020505	4.19256	3.040735
7400	0	-278.5751	0	-278.5751	0.09485651	0.7373855	0.154039	7.307323	-6.422346
7401	1	223.2693	0	223.2693	0.2048496	0.8754008	0.002543276	3.383687	3.040735
7402	0	-279.4386	0	-279.4386	0.06784294	0.6500539	0.1588448	10.21694	-6.571215
7403	1	225.3825	0	225.3825	0.1194619	0.7882566	0.001745354	5.802245	3.050006
7404	0	-280.2017	0	-280.2017	0.1335048	0.8097776	0.2561046	5.191926	-6.423179
7405	1	224.957	0	224.957	0.1603193	0.8410386	0.002197334	4.323542	3.050006
7406	0	-277.6955	0	-277.6955	0.08788004	0.7187607	0.1584046	7.887425	-6.47244
7407	1	223.3534	0	223.3534	0.2173103	0.8825306	0.002843206	3.189665	3.050006
7408	0	-277.6215	0	-277.6215	0.09190714	0.7297865	0.1728736	7.541821	-6.439179
7409	1	221.6741	0	221.6741	0.1758984	0.8549933	0.003310981	3.94061	3.050006
7410	0	-277.4202	0	-277.4202	0.07026846	0.6598234	0.1351759	9.864272	-6.415953
7411	1	225.7868	0	225.7868	0.1433326	0.8225154	0.002110136	4.835934	3.04229
7412	0	-278.7761	0	-278.7761	0.07778228	0.6873463	0.1720654	8.911376	-6.528694
7413	1	224.6947	0	224.6947	0.1848588	0.8619803	0.002458961	3.749604	3.04229
7414	0	-279.5343	0	-279.5343	0.08951338	0.7233267	0.1926782	7.743504	-6.3061
7415	1	223.5515	0	223.5515	0.1300792	0.8049191	0.002418148	5.328656	3.04229
7416	0	-279.3178	0	-279.3178	0.05448287	0.5868433	0.1431719	12.7223	-6.422231
7417	1	224.8913	0	224.8913	0.100903	0.751823	0.001457084	6.869441	3.04229
7418	0	-279.9245	0	-279.9245	0.05551757	0.5923812	0.1160124	12.48519	-6.251379
7419	1	222.5451	0	222.5451	0.08199167	0.7011481	0.001336845	8.453873	3.058525
7420	0	-278.0865	0	-278.0865	0.09146308	0.7286084	0.1837187	7.578437	-6.378565
7421	1	222.5707	0	222.5707	0.08319521	0.7049018	0.00133577	8.331576	3.058525
7422	0	-278.8174	0	-278.8174	0.1076421	0.766303	0.1875092	6.439371	-6.499802
7423	1	225.8651	0	225.8651	0.1289135	0.8032118	0.001962027	5.376841	3.044953
7424	0	-279.5211	0	-279.5211	0.06854999	0.6529498	0.1319877	10.11156	-6.254271
7425	1	225.8366	0	225.8366	0.1277949	0.8015468	0.001907223	5.423902	3.042333
7426	0	-278.7809	0	-278.7809	0.05166278	0.5711228	0.1315185	13.41676	-6.400394
7427	1	225.5949	0	225.5949	0.1367017	0.8141083	0.001903856	5.070507	3.042333
7428	0	-279.0731	0	-279.0731	0.05677594	0.5989572	0.1311399	12.20847	-6.582645
7429	1	225.2693	0	225.2693	0.1590973	0.8398324	0.00215518	4.356749	3.042333
7430	0	-277.7616	0	-277.7616	0.07325917	0.6712531	0.1457055	9.461575	-6.346632
7431	1	225.473	0	225.473	0.1507191	0.8310583	0.00237198	4.598935	3.042333
7432	0	-277.7284	0	-277.7284	0.0788686	0.6910118	0.1621579	8.788633	-6.374587
7433	1	225.6068	0	225.6068	0.1569574	0.8376767	0.002258563	4.416148	3.042333
7434	0	-277.889	0	-277.889	0.0570198	0.6002118	0.1192222	12.15626	-6.409887
7435	1	225.6424	0	225.6424	0.1473038	0.8272091	0.00207641	4.705562	3.042333
7436	0	-279.748	0	-279.748	0.08183911	0.7006663	0.1847841	8.469633	-6.301799
7437	1	225.2414	0	225.2414	0.1740145	0.8534348	0.002620787	3.983273	3.042333
7438	0	-279.8373	0	-279.8373	0.04292616	0.5159183	0.1168501	16.14743	-6.555521
7439	1	224.7524	0	224.7524	0.1939107	0.868395	0.002859625	3.574569	3.041006
7440	0	-277.8583	0	-277.8583	0.05659241	0.5980088	0.1275768	12.24806	-6.416069
7441	1	222.8675	0	222.8675	0.235779	0.8917207	0.003827728	2.939818	3.041006
7442	0	-277.9624	0	-277.9624	0.09320205	0.7331704	0.1608218	7.437038	-6.399714
7443	1	225.6447	0	225.6447	0.1495824	0.8297958	0.002187821	4.633883	3.041006
7444	0	-277.3305	0	-277.3305	0.07919759	0.6921073	0.1540848	8.752124	-6.417441
7445	1	225.5766	0	225.5766	0.1503264	0.8306242	0.002139369	4.610948	3.041006
7446	0	-278.1443	0	-278.1443	0.07881906	0.6908462	0.1715656	8.794157	-6.466738
7447	1	224.0763	0	224.0763	0.2163793	0.882026	0.003262665	3.20339	3.041006
7448	0	-278.4778	0	-278.4778	0.1011174	0.7523088	0.2020814	6.854872	-6.452799
7449	1	225.3871	0	225.3871	0.1647001	0.8452209	0.002457812	4.208542	3.041006
7450	0	-279.19	0	-279.19	0.08574862	0.7125997	0.1689852	8.083479	-6.58505
7451	1	224.6757	0	224.6757	0.1826818	0.8603445	0.002877796	3.794287	3.041006
7452	0	-279.4314	0	-279.4314	0.09372834	0.7345242	0.1691	7.395279	-6.278359
7453	1	225.0399	0	225.0399	0.1824232	0.8601476	0.002674551	3.799665	3.041006
7454	0	-280.4242	0	-280.4242	0.05001018	0.5614636	0.13175	13.86012	-6.611251
7455	1	225.3669	0	225.3669	0.1665956	0.8469646	0.002393549	4.160658	3.041006
7456	0	-280.0111	0	-280.0111	0.07648464	0.682869	0.1296381	9.062567	-6.579088
7457	1	223.8275	0	223.8275	0.1876339	0.8640116	0.003143687	3.694146	3.041006
7458	0	-279.2225	0	-279.2225	0.09273114	0.7319485	0.1770438	7.474805	-6.283026
7459	1	225.5266	0	225.5266	0.1548883	0.8355381	0.002343821	4.475141	3.041006
7460	0	-279.0651	0	-279.0651	0.1191305	0.7876936	0.2051417	5.818385	-6.39657
7461	1	223.9836	0	223.9836	0.1559617	0.8366543	0.002731748	4.444342	3.041006
7462	0	-279.2432	0	-279.2432	0.122702	0.7936176	0.2089596	5.64903	-6.420031
7463	1	225.475	0	225.475	0.1468866	0.8267273	0.002039028	4.718926	3.041006
7464	0	-277.6368	0	-277.6368	0.07816795	0.6886561	0.1425157	8.867409	-6.47702
7465	1	225.0242	0	225.0242	0.1182076	0.7861109	0.002019285	5.86381	3.040931
7466	0	-277.5396	0	-277.5396	0.08188283	0.7008045	0.1504346	8.46511	-6.389238
7467	1	225.5057	0	225.5057	0.1407272	0.8193005	0.001951232	4.925467	3.041268
7468	0	-280.6179	0	-280.6179	0.06338134	0.6308159	0.1194064	10.93614	-6.233057
7469	1	223.9035	0	223.9035	0.1514531	0.8318641	0.00186834	4.576646	3.041268
7470	0	-279.4735	0	-279.4735	0.06649133	0.6444047	0.1627926	10.42463	-6.525432
7471	1	222.7318	0	222.7318	0.2553075	0.8999978	0.003334306	2.714951	3.041268
7472	0	-277.7377	0	-277.7377	0.06511535	0.6384964	0.1365335	10.64491	-6.503875
7473	1	224.7271	0	224.7271	0.159598	0.8403287	0.002645892	4.343082	3.041268
7474	0	-277.5124	0	-277.5124	0.0664772	0.6443449	0.1411734	10.42684	-6.406702
7475	1	224.2548	0	224.2548	0.2107626	0.8788882	0.002840358	3.288759	3.04331
7476	0	-278.4873	0	-278.4873	0.05262621	0.5765991	0.1289719	13.17114	-6.387634
7477	1	223.7192	0	223.7192	0.2362781	0.8919493	0.003498201	2.933607	3.04331
7478	0	-280.5358	0	-280.5358	0.04930042	0.5572091	0.1073333	14.05966	-6.246289
7479	1	223.1825	0	223.1825	0.2528707	0.8990346	0.003424319	2.741113	3.04331
7480	0	-278.9813	0	-278.9813	0.05796382	0.6050092	0.1460813	11.95827	-6.475714
7481	1	220.2499	0	220.2499	0.2734417	0.9066277	0.004877429	2.534899	3.04331
7482	0	-277.3262	0	-277.3262	0.07940585	0.6927974	0.1507172	8.72917	-6.436854
7483	1	224.4171	0	224.4171	0.1578508	0.8385835	0.002700026	4.391153	3.044937
7484	0	-278.6608	0	-278.6608	0.04620609	0.5378809	0.1132343	15.00121	-6.469975
7485	1	225.3812	0	225.3812	0.1280318	0.8019016	0.002121006	5.413867	3.044937
7486	0	-280.4857	0	-280.4857	0.07850087	0.6897793	0.1226426	8.829802	-6.518732
7487	1	225.4606	0	225.4606	0.1376328	0.8153344	0.002005639	5.036207	3.038378
7488	0	-280.3415	0	-280.3415	0.1319363	0.8075818	0.2174126	5.253651	-6.361918
7489	1	224.7365	0	224.7365	0.09448793	0.7364568	0.001538041	7.335827	3.038378
7490	0	-281.3498	0	-281.3498	0.1341945	0.810728	0.2227803	5.165242	-6.308187
7491	1	225.1683	0	225.1683	0.1069638	0.7649159	0.001725431	6.480205	3.038378
7492	0	-280.9965	0	-280.9965	0.1191485	0.7877242	0.1754265	5.817508	-6.444492
7493	1	224.6881	0	224.6881	0.09473147	0.7370711	0.001470519	7.316968	3.038378
7494	0	-277.4989	0	-277.4989	0.06649183	0.6444069	0.1299974	10.42455	-6.421397
7495	1	224.0424	0	224.0424	0.161927	0.8425988	0.002056404	4.280615	3.038378
7496	0	-277.563	0	-277.563	0.07567085	0.6800049	0.1445629	9.16003	-6.370557
7497	1	225.6014	0	225.6014	0.1546093	0.8352454	0.002242219	4.483219	3.04142
7498	0	-278.1234	0	-278.1234	0.07538425	0.6789857	0.1664568	9.194854	-6.465052
7499	1	224.2795	0	224.2795	0.2127697	0.8800284	0.003151148	3.257735	3.04142
7500	0	-278.7039	0	-278.7039	0.09005493	0.7248119	0.1878279	7.696938	-6.341656
7501	1	223.4212	0	223.4212	0.239991	0.8936195	0.003635504	2.888222	3.04142
7502	0	-277.6059	0	-277.6059	0.08388565	0.7070185	0.1691849	8.263001	-6.413802
7503	1	223.5013	0	223.5013	0.2087899	0.8777465	0.003105585	3.31983	3.035354
7504	0	-280.5758	0	-280.5758	0.09213475	0.7303868	0.2181389	7.523189	-6.414692
7505	1	222.968	0	222.968	0.1877287	0.8640799	0.003259424	3.692282	3.03809
7506	0	-277.7047	0	-277.7047	0.09078111	0.7267814	0.160354	7.635368	-6.436276
7507	1	224.2577	0	224.2577	0.2008906	0.8729523	0.002931002	3.450371	3.03809
7508	0	-278.3495	0	-278.3495	0.1032613	0.7570718	0.1985241	6.712554	-6.391308
7509	1	222.8861	0	222.8861	0.2165154	0.8821	0.002731324	3.201376	3.03809
7510	0	-282.3507	0	-282.3507	0.1231334	0.7943123	0.281397	5.629236	-6.441753
7511	1	223.5789	0	223.5789	0.2198844	0.8839035	0.002984201	3.152325	3.03809
7512	0	-278.238	0	-278.238	0.06602425	0.6424172	0.1323817	10.49837	-6.31794
7513	1	223.9186	0	223.9186	0.2140374	0.8807375	0.003097999	3.23844	3.03809
7514	0	-280.3571	0	-280.3571	0.07839022	0.6894067	0.1390799	8.842266	-6.62122
7515	1	224.2078	0	224.2078	0.1985627	0.8714675	0.002666217	3.490823	3.04895
7516	0	-280.8444	0	-280.8444	0.05816042	0.6059965	0.1139533	11.91785	-6.227
7517	1	225.723	0	225.723	0.1229095	0.7939523	0.001877405	5.639491	3.040816
7518	0	-277.8192	0	-277.8192	0.06151511	0.6222452	0.1388305	11.26792	-6.413327
7519	1	225.0037	0	225.0037	0.1024886	0.7553742	0.001488897	6.763167	3.041479
7520	0	-280.5532	0	-280.5532	0.1142153	0.7790037	0.171924	6.068777	-6.375438
7521	1	224.9467	0	224.9467	0.1300254	0.804841	0.001714631	5.330858	3.045909
7522	0	-278.2175	0	-278.2175	0.06608948	0.6426959	0.12909	10.48801	-6.327548
7523	1	224.3899	0	224.3899	0.1134302	0.7775542	0.002047889	6.110784	3.043264
7524	0	-279.0971	0	-279.0971	0.07837999	0.6893723	0.1266225	8.84342	-6.44225
7525	1	224.2961	0	224.2961	0.1634584	0.8440575	0.002791453	4.24051	3.043264
7526	0	-279.8222	0	-279.8222	0.05281936	0.5776836	0.102072	13.12298	-6.351717
7527	1	224.9035	0	224.9035	0.193015	0.8677867	0.00282217	3.591156	3.043264
7528	0	-278.5498	0	-278.5498	0.05548749	0.592222	0.1102832	12.49195	-6.476105
7529	1	223.1822	0	223.1822	0.1675293	0.8478096	0.001994823	4.137467	3.043264
7530	0	-279.5957	0	-279.5957	0.08854896	0.7206466	0.175415	7.827841	-6.262052
7531	1	224.2981	0	224.2981	0.1365754	0.8139408	0.001970322	5.075197	3.055782
7532	0	-278.8894	0	-278.8894	0.1162555	0.7826896	0.1978178	5.962275	-6.420822
7533	1	223.6	0	223.6	0.1664419	0.8468247	0.002649861	4.1645	3.055782
7534	0	-278.2073	0	-278.2073	0.0917235	0.7293004	0.1585051	7.55692	-6.362656
7535	1	224.0337	0	224.0337	0.111555	0.7740204	0.001603132	6.213499	3.055782
7536	0	-278.4411	0	-278.4411	0.1064216	0.7637962	0.1820494	6.513221	-6.399929
7537	1	225.3004	0	225.3004	0.1089729	0.7689813	0.001703515	6.360733	3.038576
7538	0	-278.3699	0	-278.3699	0.08055503	0.6965577	0.1501838	8.604642	-6.311031
7539	1	224.5843	0	224.5843	0.1056459	0.7621774	0.001874129	6.561041	3.040987
7540	0	-281.2539	0	-281.2539	0.06260098	0.6272713	0.1017881	11.07247	-6.469492
7541	1	223.5143	0	223.5143	0.1410842	0.8197476	0.001716996	4.913005	3.040987
7542	0	-280.0605	0	-280.0605	0.06982075	0.6580547	0.1155891	9.927525	-6.338674
7543	1	224.7476	0	224.7476	0.1493779	0.8295667	0.002514348	4.640225	3.040987
7544	0	-279.9987	0	-279.9987	0.08103293	0.6980981	0.1816016	8.553895	-6.583965
7545	1	223.321	0	223.321	0.2437003	0.8952376	0.003542787	2.844261	3.048452
7546	0	-279.4743	0	-279.4743	0.09424744	0.7358477	0.1495003	7.354547	-6.350038
7547	1	220.3642	0	220.3642	0.2693585	0.9052126	0.004414314	2.573325	3.055387
7548	0	-278.282	0	-278.282	0.08756534	0.7178657	0.1564818	7.915771	-6.333614
7549	1	223.1283	0	223.1283	0.1943677	0.8687032	0.002966774	3.566165	3.032633
7550	0	-277.3481	0	-277.3481	0.073306	0.6714269	0.1486592	9.455532	-6.418803
7551	1	224.0847	0	224.0847	0.2184579	0.8831466	0.002950082	3.17291	3.043926
7552	0	-278.2535	0	-278.2535	0.07281063	0.6695806	0.1329801	9.519862	-6.526102
7553	1	225.273	0	225.273	0.1777071	0.8564591	0.002587975	3.900503	3.043926
7554	0	-280.5636	0	-280.5636	0.04378053	0.5217927	0.1263685	15.83232	-6.3109
7555	1	217.6994	0	217.6994	0.3807007	0.932933	0.004470221	1.820714	3.043926
7556	0	-278.4285	0	-278.4285	0.09821818	0.745593	0.1877307	7.057219	-6.507618
7557	1	224.3458	0	224.3458	0.2070446	0.8767184	0.002812839	3.347816	3.046228
7558	0	-279.3176	0	-279.3176	0.04531154	0.5320468	0.123238	15.29737	-6.399119
7559	1	224.5866	0	224.5866	0.2016898	0.8734542	0.003006665	3.436699	3.046228
7560	0	-279.0207	0	-279.0207	0.05925201	0.6114067	0.1488748	11.69829	-6.475331
7561	1	223.4493	0	223.4493	0.2426139	0.8947688	0.003313411	2.856997	3.046228
7562	0	-277.4448	0	-277.4448	0.07667181	0.6835216	0.147394	9.040443	-6.384715
7563	1	222.2124	0	222.2124	0.2257558	0.8869187	0.003910762	3.07034	3.046228
7564	0	-278.2989	0	-278.2989	0.06702226	0.6466418	0.1560564	10.34204	-6.437388
7565	1	222.2549	0	222.2549	0.1538163	0.8344083	0.002225887	4.506332	3.061219
7566	0	-280.9017	0	-280.9017	0.09469053	0.736968	0.1953748	7.320132	-6.620867
7567	1	225.5655	0	225.5655	0.1511536	0.8315362	0.002149032	4.585715	3.041018
7568	0	-277.9114	0	-277.9114	0.09156812	0.7288879	0.1692607	7.569743	-6.493913
7569	1	222.2862	0	222.2862	0.2416291	0.8943402	0.002976334	2.868642	3.041018
7570	0	-278.0613	0	-278.0613	0.07138068	0.6641512	0.1268006	9.710572	-6.405941
7571	1	225.3493	0	225.3493	0.1256199	0.7982318	0.001737297	5.517813	3.041018
7572	0	-279.3232	0	-279.3232	0.07657576	0.683187	0.1231972	9.051783	-6.440996
7573	1	225.5665	0	225.5665	0.1393854	0.8176009	0.001997537	4.972883	3.039786
7574	0	-277.6501	0	-277.6501	0.0746967	0.676518	0.135136	9.279489	-6.44497
7575	1	224.5506	0	224.5506	0.1772881	0.8561222	0.002340851	3.909721	3.039786
7576	0	-278.1493	0	-278.1493	0.06485307	0.6373517	0.1243605	10.68796	-6.350997
7577	1	225.1463	0	225.1463	0.1120709	0.7750028	0.001595204	6.184899	3.039786
7578	0	-277.4417	0	-277.4417	0.07188867	0.6660971	0.1389177	9.641953	-6.470892
7579	1	220.5607	0	220.5607	0.2038456	0.8747888	0.002558599	3.400354	3.058557
7580	0	-279.2324	0	-279.2324	0.07663576	0.683396	0.1811281	9.044696	-6.455426
7581	1	221.6852	0	221.6852	0.2111239	0.8790951	0.00324893	3.28313	3.058557
7582	0	-277.3783	0	-277.3783	0.08303205	0.7043978	0.1575122	8.347947	-6.44278
7583	1	222.1684	0	222.1684	0.1733821	0.8529043	0.00230605	3.997801	3.058557
7584	0	-277.7777	0	-277.7777	0.05887616	0.6095575	0.1276562	11.77297	-6.39073
7585	1	225.1446	0	225.1446	0.1501733	0.8304544	0.002411005	4.615649	3.048721
7586	0	-279.8347	0	-279.8347	0.1048217	0.760435	0.1629808	6.612629	-6.359953
7587	1	225.0877	0	225.0877	0.1346886	0.8114034	0.001816849	5.146294	3.048721
7588	0	-278.0436	0	-278.0436	0.0857385	0.7125699	0.1768192	8.084433	-6.484011
7589	1	225.2606	0	225.2606	0.150257	0.8305473	0.002377001	4.613076	3.048721
7590	0	-278.144	0	-278.144	0.08071865	0.6970866	0.1750583	8.5872	-6.447071
7591	1	225.6133	0	225.6133	0.1416433	0.8204436	0.00211248	4.89361	3.048721
7592	0	-277.8421	0	-277.8421	0.09506392	0.7379056	0.1666743	7.29138	-6.433825
7593	1	225.6431	0	225.6431	0.1281663	0.8021025	0.001889226	5.408185	3.048721
7594	0	-278.4325	0	-278.4325	0.08843696	0.7203324	0.1893504	7.837754	-6.434966
7595	1	224.6119	0	224.6119	0.1256482	0.7982756	0.001974242	5.51657	3.054976
7596	0	-277.6625	0	-277.6625	0.06657077	0.644741	0.1265476	10.41218	-6.427226
7597	1	224.0875	0	224.0875	0.1133033	0.7773184	0.001941758	6.117625	3.054976
7598	0	-279.07	0	-279.07	0.07607827	0.6814443	0.1259234	9.110974	-6.492562
7599	1	224.4004	0	224.4004	0.1176828	0.785201	0.0019399	5.88996	3.054976
7600	0	-277.3877	0	-277.3877	0.07979351	0.6940748	0.1517464	8.686761	-6.460895
7601	1	224.6344	0	224.6344	0.1870567	0.863594	0.00251876	3.705546	3.040641
7602	0	-279.9747	0	-279.9747	0.1207558	0.7904284	0.1883127	5.740074	-6.418779
7603	1	225.6485	0	225.6485	0.1225095	0.7933061	0.001793426	5.657907	3.040641
7604	0	-279.5107	0	-279.5107	0.1121307	0.7751163	0.1759816	6.181598	-6.435978
7605	1	225.2076	0	225.2076	0.133196	0.809349	0.001787062	5.203965	3.046213
7606	0	-278.0246	0	-278.0246	0.09859238	0.7464781	0.1905308	7.030434	-6.425235
7607	1	225.5333	0	225.5333	0.1301978	0.8050912	0.001809663	5.323802	3.046213
7608	0	-279.5488	0	-279.5488	0.1266458	0.7998083	0.2335126	5.473116	-6.450087
7609	1	225.1393	0	225.1393	0.1465112	0.8262915	0.001944715	4.73102	3.046213
7610	0	-282.0765	0	-282.0765	0.1404187	0.8189125	0.29834	4.936287	-6.43032
7611	1	225.5266	0	225.5266	0.1069638	0.764916	0.001675993	6.480202	3.046213
7612	0	-278.0562	0	-278.0562	0.07351378	0.6721962	0.1303313	9.428806	-6.478042
7613	1	225.0301	0	225.0301	0.1770565	0.8559352	0.002734541	3.914836	3.046213
7614	0	-278.0445	0	-278.0445	0.0676009	0.6490533	0.1498479	10.25352	-6.362763
7615	1	224.8491	0	224.8491	0.1624964	0.8431442	0.002661493	4.265615	3.046213
7616	0	-278.4607	0	-278.4607	0.05973234	0.6137491	0.1286891	11.60422	-6.556133
7617	1	224.8593	0	224.8593	0.1417435	0.8205678	0.002375236	4.89015	3.039694
7618	0	-277.7837	0	-277.7837	0.07405068	0.6741699	0.1423801	9.360443	-6.515243
7619	1	225.5979	0	225.5979	0.141408	0.8201513	0.002137333	4.901752	3.039694
7620	0	-277.9456	0	-277.9456	0.07525287	0.6785167	0.1477426	9.210907	-6.531163
7621	1	225.2378	0	225.2378	0.1380839	0.8159229	0.002134981	5.019753	3.037084
7622	0	-278.2404	0	-278.2404	0.05261535	0.576538	0.1262959	13.17386	-6.450894
7623	1	223.8641	0	223.8641	0.1035932	0.7577942	0.001889719	6.69105	3.037084
7624	0	-280.1246	0	-280.1246	0.1178107	0.7854233	0.2228001	5.883569	-6.310113
7625	1	224.9839	0	224.9839	0.1559925	0.8366861	0.00240161	4.443464	3.037084
7626	0	-278.0257	0	-278.0257	0.06294759	0.6288526	0.1391326	11.0115	-6.514057
7627	1	224.6094	0	224.6094	0.1780594	0.8567413	0.002524442	3.892785	3.037084
7628	0	-277.6823	0	-277.6823	0.08931786	0.7227871	0.1751755	7.760454	-6.449714
7629	1	225.0773	0	225.0773	0.1372156	0.8147869	0.002192015	5.05152	3.037084
7630	0	-281.0889	0	-281.0889	0.05694075	0.5998058	0.1538036	12.17313	-6.281107
7631	1	224.6601	0	224.6601	0.1845889	0.8617796	0.0028014	3.755086	3.049459
7632	0	-277.4491	0	-277.4491	0.06945913	0.6566149	0.1366335	9.979209	-6.470623
7633	1	221.7569	0	221.7569	0.2843133	0.9101974	0.003770475	2.437969	3.049459
7634	0	-277.7021	0	-277.7021	0.0869008	0.7159592	0.1739402	7.976304	-6.406324
7635	1	222.869	0	222.869	0.235227	0.8914669	0.002995484	2.946716	3.047947
7636	0	-278.3018	0	-278.3018	0.0793061	0.6924672	0.1739839	8.740149	-6.387663
7637	1	223.3387	0	223.3387	0.2392746	0.8933013	0.003234792	2.896869	3.047947
7638	0	-277.9349	0	-277.9349	0.06144357	0.6219101	0.1287151	11.28104	-6.35266
7639	1	223.116	0	223.116	0.2286816	0.8883637	0.003680667	3.031058	3.047947
7640	0	-277.5385	0	-277.5385	0.07388867	0.6735764	0.1469517	9.380968	-6.370561
7641	1	225.3911	0	225.3911	0.1565514	0.8372613	0.002193737	4.427602	3.047947
7642	0	-277.8149	0	-277.8149	0.06307302	0.6294221	0.1395691	10.9896	-6.383436
7643	1	225.4931	0	225.4931	0.1117171	0.7743298	0.00163242	6.204488	3.042222
7644	0	-278.9769	0	-278.9769	0.05971052	0.6136432	0.135659	11.60846	-6.287204
7645	1	220.959	0	220.959	0.1450927	0.8246256	0.002939148	4.777271	3.047106
7646	0	-277.9625	0	-277.9625	0.08437966	0.7085168	0.164014	8.214624	-6.341989
7647	1	225.6824	0	225.6824	0.1378731	0.8156483	0.001967148	5.02743	3.047106
7648	0	-277.7916	0	-277.7916	0.07444037	0.6755897	0.1585271	9.311442	-6.481338
7649	1	224.5869	0	224.5869	0.115966	0.7821736	0.001969406	5.977158	3.03607
7650	0	-277.4031	0	-277.4031	0.0748429	0.6770454	0.1422921	9.261362	-6.462431
7651	1	225.2448	0	225.2448	0.1435382	0.8227643	0.001975609	4.82901	3.04922
7652	0	-277.6549	0	-277.6549	0.06413349	0.6341802	0.1251851	10.80788	-6.447045
7653	1	223.6789	0	223.6789	0.1498258	0.8300677	0.002457643	4.626353	3.032273
7654	0	-278.4935	0	-278.4935	0.09272934	0.7319438	0.1581255	7.47495	-6.507048
7655	1	224.7302	0	224.7302	0.1150332	0.7804952	0.001726872	6.025625	3.034383
7656	0	-277.7606	0	-277.7606	0.08227994	0.7020547	0.1511003	8.424255	-6.498404
7657	1	224.2521	0	224.2521	0.142767	0.8218268	0.001940172	4.855094	3.034383
7658	0	-278.092	0	-278.092	0.05653042	0.5976877	0.1164168	12.26149	-6.392108
7659	1	220.6193	0	220.6193	0.2073076	0.8768745	0.002521989	3.343568	3.031575
7660	0	-277.968	0	-277.968	0.05772917	0.6038254	0.1189682	12.00688	-6.47816
7661	1	222.2289	0	222.2289	0.1575421	0.8382713	0.002799889	4.399757	3.031575
7662	0	-278.1155	0	-278.1155	0.09534553	0.7386087	0.1774965	7.269845	-6.498756
7663	1	223.3131	0	223.3131	0.1781007	0.8567743	0.002663552	3.891882	3.031575
7664	0	-279.4855	0	-279.4855	0.0811859	0.6985884	0.1287038	8.537778	-6.477095
7665	1	223.8844	0	223.8844	0.1364119	0.8137235	0.001932438	5.08128	3.031575
7666	0	-277.9274	0	-277.9274	0.0811859	0.6985884	0.165575	8.537778	-6.354618
7667	1	224.7786	0	224.7786	0.1188363	0.7871914	0.001663916	5.832791	3.036587
7668	0	-281.7806	0	-281.7806	0.1054239	0.7617105	0.2087822	6.574855	-6.632516
7669	1	225.1808	0	225.1808	0.1342173	0.8107593	0.002083795	5.164364	3.036587
7670	0	-278.6616	0	-278.6616	0.09198453	0.7299908	0.1487391	7.535475	-6.44857
7671	1	224.2217	0	224.2217	0.1357856	0.8128866	0.00177701	5.104718	3.036587
7672	0	-278.2175	0	-278.2175	0.05188657	0.5724048	0.115345	13.35889	-6.475144
7673	1	224.9574	0	224.9574	0.1116204	0.7741453	0.001641425	6.20986	3.036587
7674	0	-279.0489	0	-279.0489	0.04247523	0.5127729	0.1095719	16.31886	-6.412083
7675	1	223.9499	0	223.9499	0.1044765	0.7596982	0.001392916	6.63448	3.047629
7676	0	-277.463	0	-277.463	0.06533394	0.6394458	0.1320853	10.6093	-6.454674
7677	1	223.95	0	223.95	0.1012495	0.752607	0.001877168	6.845932	3.047629
7678	0	-278.0012	0	-278.0012	0.05343244	0.5810968	0.1209132	12.9724	-6.447876
7679	1	224.9563	0	224.9563	0.1127014	0.776193	0.001696783	6.150299	3.0358
7680	0	-278.8341	0	-278.8341	0.06471202	0.6367336	0.1312527	10.71126	-6.282066
7681	1	225.0953	0	225.0953	0.1326257	0.8085528	0.001961761	5.226342	3.0358
7682	0	-277.8407	0	-277.8407	0.08128453	0.6989037	0.1651225	8.527418	-6.498654
7683	1	224.1748	0	224.1748	0.09665348	0.7418308	0.001432535	7.171466	3.0358
7684	0	-278.2315	0	-278.2315	0.08294911	0.704141	0.1749663	8.356294	-6.499173
7685	1	224.0384	0	224.0384	0.08881453	0.7213892	0.001410919	7.804435	3.0358
7686	0	-278.9008	0	-278.9008	0.08136363	0.6991562	0.1435175	8.519128	-6.557775
7687	1	222.7169	0	222.7169	0.07454766	0.6759788	0.001392267	9.298041	3.0358
7688	0	-279.5836	0	-279.5836	0.1251466	0.7974966	0.2122191	5.538681	-6.467704
7689	1	223.6927	0	223.6927	0.08387739	0.7069933	0.001354452	8.263814	3.0358
7690	0	-277.5195	0	-277.5195	0.06884403	0.6541423	0.1418778	10.06837	-6.482227
7691	1	224.298	0	224.298	0.1352595	0.812178	0.00179957	5.124574	3.0358
7692	0	-281.3428	0	-281.3428	0.05415592	0.5850683	0.1264384	12.7991	-6.18023
7693	1	224.3912	0	224.3912	0.09617443	0.740659	0.001478581	7.207188	3.0358
7694	0	-278.8806	0	-278.8806	0.07038753	0.6602912	0.1672947	9.847585	-6.465618
7695	1	223.8324	0	223.8324	0.1674578	0.8477451	0.002518936	4.139236	3.055819
7696	0	-277.6382	0	-277.6382	0.06711231	0.6470189	0.1445845	10.32817	-6.472365
7697	1	223.9243	0	223.9243	0.1470358	0.8268999	0.002034039	4.714138	3.055819
7698	0	-280.3737	0	-280.3737	0.05864221	0.6083993	0.1096756	11.81994	-6.275724
7699	1	222.6817	0	222.6817	0.07603949	0.6813078	0.001307119	9.115621	3.055819
7700	0	-278.9903	0	-278.9903	0.05841124	0.6072504	0.1312161	11.86667	-6.585066
7701	1	222.2078	0	222.2078	0.08746233	0.7175716	0.001242772	7.925094	3.055819
7702	0	-280.6564	0	-280.6564	0.04685302	0.5420298	0.1343896	14.79408	-6.319487
7703	1	222.5595	0	222.5595	0.07609897	0.6815171	0.001260157	9.108496	3.055819
7704	0	-279.9689	0	-279.9689	0.03826735	0.4818454	0.1078292	18.11328	-6.347909
7705	1	225.764	0	225.764	0.1243267	0.796211	0.001798114	5.575206	3.044119
7706	0	-278.916	0	-278.916	0.0901059	0.724951	0.1442885	7.692583	-6.465594
7707	1	225.7998	0	225.7998	0.1184863	0.7865911	0.001787536	5.850019	3.044119
7708	0	-278.2771	0	-278.2771	0.06205338	0.6247505	0.1461352	11.17018	-6.470752
7709	1	222.9423	0	222.9423	0.07723657	0.6854767	0.001505765	8.974339	3.044119
7710	0	-277.4987	0	-277.4987	0.08145162	0.6994367	0.1608993	8.509925	-6.392148
7711	1	224.9022	0	224.9022	0.1378453	0.8156121	0.001795048	5.028441	3.044119
7712	0	-281.2093	0	-281.2093	0.09811309	0.7453434	0.1426675	7.064778	-6.488443
7713	1	223.5882	0	223.5882	0.1467578	0.826578	0.002466887	4.72307	3.032676
7714	0	-280.0234	0	-280.0234	0.09858684	0.7464651	0.1704442	7.030829	-6.27188
7715	1	223.0958	0	223.0958	0.07823786	0.6888925	0.001493453	8.859485	3.048956
7716	0	-277.8356	0	-277.8356	0.0802887	0.6956933	0.1588905	8.633185	-6.347389
7717	1	224.2154	0	224.2154	0.1092666	0.769565	0.001976963	6.34363	3.048956
7718	0	-277.8691	0	-277.8691	0.09195412	0.7299105	0.1720833	7.537968	-6.4877
7719	1	224.8087	0	224.8087	0.1847128	0.8618718	0.002729879	3.752567	3.048956
7720	0	-278.396	0	-278.396	0.06230872	0.6259294	0.1367355	11.1244	-6.316111
7721	1	221.8466	0	221.8466	0.1972505	0.8706153	0.003495913	3.514045	3.035169
7722	0	-282.7512	0	-282.7512	0.1426503	0.8216841	0.2194946	4.859067	-6.534782
7723	1	220.2471	0	220.2471	0.3129434	0.9184123	0.005164736	2.214928	3.048822
7724	0	-278.5104	0	-278.5104	0.1034086	0.757393	0.2002183	6.702991	-6.374946
7725	1	224.7604	0	224.7604	0.132646	0.8085812	0.001998684	5.225543	3.054413
7726	0	-278.01	0	-278.01	0.09236732	0.7309977	0.1741691	7.504247	-6.499586
7727	1	223.4379	0	223.4379	0.07959973	0.6934374	0.001265695	8.707908	3.050751
7728	0	-277.9509	0	-277.9509	0.05893437	0.6098449	0.1337915	11.76134	-6.482246
7729	1	224.8305	0	224.8305	0.1394553	0.8176902	0.001879988	4.970391	3.050751
7730	0	-279.8011	0	-279.8011	0.06127694	0.6211279	0.1360412	11.31171	-6.63059
7731	1	225.2295	0	225.2295	0.1272016	0.8006527	0.00194497	5.449202	3.036478
7732	0	-280.8962	0	-280.8962	0.1141744	0.7789286	0.1954781	6.070952	-6.580281
7733	1	225.4069	0	225.4069	0.1677115	0.8479733	0.002375338	4.132973	3.045764
7734	0	-279.739	0	-279.739	0.122636	0.7935109	0.2143454	5.652071	-6.343993
7735	1	221.5686	0	221.5686	0.1386537	0.8166612	0.002771713	4.999124	3.046389
7736	0	-279.8943	0	-279.8943	0.07603316	0.6812855	0.1802467	9.11638	-6.543448
7737	1	224.0122	0	224.0122	0.219084	0.88348	0.003329707	3.163843	3.046389
7738	0	-278.0899	0	-278.0899	0.09558915	0.7392143	0.1779308	7.251317	-6.49527
7739	1	223.9873	0	223.9873	0.1759172	0.8550086	0.002956961	3.94019	3.039569
7740	0	-280.9003	0	-280.9003	0.1253903	0.7978758	0.2613862	5.527917	-6.368207
7741	1	223.5035	0	223.5035	0.2368396	0.8922052	0.003421767	2.926652	3.039576
7742	0	-282.2241	0	-282.2241	0.1055479	0.7619714	0.236092	6.567135	-6.262224
7743	1	222.6076	0	222.6076	0.2674511	0.9045368	0.003935907	2.591678	3.039576
7744	0	-279.2323	0	-279.2323	0.07195571	0.6663525	0.1735108	9.63297	-6.456792
7745	1	222.4425	0	222.4425	0.2404904	0.8938403	0.004015505	2.882224	3.044672
7746	0	-279.9512	0	-279.9512	0.1227358	0.7936722	0.2047482	5.647473	-6.50333
7747	1	225.5276	0	225.5276	0.1559111	0.836602	0.00229311	4.445785	3.040596
7748	0	-278.4766	0	-278.4766	0.06274017	0.6279076	0.1197502	11.0479	-6.524775
7749	1	225.308	0	225.308	0.1394037	0.8176243	0.002263117	4.97223	3.040596
7750	0	-282.6094	0	-282.6094	0.1736756	0.853151	0.2834152	3.991045	-6.441067
7751	1	224.179	0	224.179	0.1268854	0.8001731	0.002279365	5.462782	3.040596
7752	0	-279.0837	0	-279.0837	0.1211384	0.7910626	0.2142433	5.721944	-6.407928
7753	1	225.5032	0	225.5032	0.1124528	0.7757251	0.001792848	6.163894	3.040596
7754	0	-280.0116	0	-280.0116	0.1341364	0.8106483	0.2251383	5.167479	-6.407928
7755	1	225.3652	0	225.3652	0.1651349	0.8456243	0.002381089	4.197459	3.040605
7756	0	-280.7543	0	-280.7543	0.1465455	0.8263314	0.2484228	4.729912	-6.401272
7757	1	224.0766	0	224.0766	0.1584453	0.8391814	0.002744976	4.374679	3.040605
7758	0	-277.8387	0	-277.8387	0.08526267	0.7111619	0.1631415	8.12955	-6.352613
7759	1	225.3619	0	225.3619	0.1613017	0.8419956	0.002452572	4.297208	3.040605
7760	0	-280.6268	0	-280.6268	0.112985	0.7767245	0.2461268	6.13486	-6.384362
7761	1	225.2918	0	225.2918	0.1659021	0.8463311	0.002336247	4.17805	3.040605
7762	0	-279.4036	0	-279.4036	0.08403033	0.7074587	0.1944569	8.248774	-6.444747
7763	1	225.6423	0	225.6423	0.1444622	0.8238753	0.00218843	4.798121	3.040605
7764	0	-277.6722	0	-277.6722	0.06081086	0.6189258	0.1234384	11.39841	-6.435889
7765	1	225.1335	0	225.1335	0.168909	0.8490414	0.002604157	4.103672	3.040605
7766	0	-278.7178	0	-278.7178	0.1069718	0.7649323	0.1889699	6.479721	-6.498303
7767	1	222.0164	0	222.0164	0.1908406	0.8662864	0.003501133	3.632074	3.040605
7768	0	-279.6484	0	-279.6484	0.1127228	0.7762332	0.2029356	6.14913	-6.538345
7769	1	222.7678	0	222.7678	0.2730905	0.9065076	0.003905722	2.538159	3.043942
7770	0	-278.9554	0	-278.9554	0.117564	0.784994	0.207162	5.895913	-6.458913
7771	1	224.009	0	224.009	0.2120641	0.87963	0.003334913	3.268574	3.043942
7772	0	-277.964	0	-277.964	0.0724931	0.6683878	0.130473	9.561561	-6.481344
7773	1	222.7342	0	222.7342	0.2162253	0.8819421	0.003706493	3.205671	3.043942
7774	0	-277.535	0	-277.535	0.07410637	0.6743734	0.1419692	9.353409	-6.375463
7775	1	223.1787	0	223.1787	0.1986954	0.8715531	0.003420721	3.488491	3.043942
7776	0	-278.7386	0	-278.7386	0.04873581	0.5537781	0.1079544	14.22254	-6.378723
7777	1	221.2118	0	221.2118	0.3119227	0.9181453	0.004042891	2.222176	3.043942
7778	0	-280.6179	0	-280.6179	0.03335273	0.4417949	0.09130974	20.78232	-6.446632
7779	1	222.9024	0	222.9024	0.2203279	0.8841368	0.003711537	3.14598	3.043942
7780	0	-278.46	0	-278.46	0.07678224	0.6839055	0.1364075	9.027442	-6.531188
7781	1	223.5949	0	223.5949	0.2162593	0.8819606	0.003496238	3.205167	3.043942
7782	0	-279.1123	0	-279.1123	0.07293159	0.670033	0.1364378	9.504073	-6.275412
7783	1	222.1785	0	222.1785	0.2680139	0.9047372	0.003669019	2.586236	3.050848
7784	0	-277.9611	0	-277.9611	0.06254267	0.6270043	0.1230586	11.08279	-6.497194
7785	1	220.8828	0	220.8828	0.30636	0.9166591	0.004811636	2.262525	3.038077
7786	0	-278.1418	0	-278.1418	0.05375746	0.5828884	0.1271003	12.89397	-6.415317
7787	1	222.7755	0	222.7755	0.2218988	0.8849558	0.002803451	3.123708	3.038077
7788	0	-280.8636	0	-280.8636	0.134365	0.8109616	0.2676381	5.158687	-6.473056
7789	1	220.5613	0	220.5613	0.2984119	0.9144396	0.003868674	2.322787	3.035756
7790	0	-277.7462	0	-277.7462	0.08822058	0.7197236	0.1541927	7.856978	-6.441713
7791	1	221.9881	0	221.9881	0.2677934	0.9046588	0.003845113	2.588366	3.035756
7792	0	-278.514	0	-278.514	0.08586483	0.7129417	0.1777006	8.072539	-6.527358
7793	1	223.8399	0	223.8399	0.2107881	0.8789029	0.002965459	3.28836	3.0373
7794	0	-279.9392	0	-279.9392	0.1033468	0.7572582	0.2120149	6.707003	-6.303635
7795	1	224.1985	0	224.1985	0.1972598	0.8706214	0.002921113	3.51388	3.0373
7796	0	-278.0373	0	-278.0373	0.06428949	0.6348716	0.1474656	10.78166	-6.460074
7797	1	222.8915	0	222.8915	0.09036375	0.7256525	0.001222702	7.670633	3.042897
7798	0	-283.6849	0	-283.6849	0.08528077	0.7112156	0.117179	8.127825	-6.489909
7799	1	225.6503	0	225.6503	0.1120481	0.7749596	0.001688731	6.186157	3.042897
7800	0	-279.687	0	-279.687	0.1058728	0.762653	0.162655	6.546983	-6.408523
7801	1	224.1682	0	224.1682	0.1213074	0.7913415	0.002150577	5.713975	3.051243
7802	0	-278.0449	0	-278.0449	0.09586103	0.7398872	0.1802575	7.23075	-6.487583
7803	1	224.7154	0	224.7154	0.1204562	0.7899292	0.001652431	5.754351	3.051243
7804	0	-278.1397	0	-278.1397	0.06287121	0.6285051	0.1285655	11.02488	-6.331547
7805	1	224.7076	0	224.7076	0.154571	0.8352053	0.00260564	4.484327	3.043367
7806	0	-278.0135	0	-278.0135	0.08396291	0.7072537	0.1450737	8.255397	-6.476958
7807	1	225.0277	0	225.0277	0.1015438	0.7532695	0.001734403	6.826089	3.043367
7808	0	-278.0953	0	-278.0953	0.08867149	0.7209897	0.1838195	7.817024	-6.453025
7809	1	224.6344	0	224.6344	0.1175434	0.784958	0.00208373	5.896948	3.043367
7810	0	-279.9235	0	-279.9235	0.08661068	0.7151198	0.1320755	8.003022	-6.43972
7811	1	224.4725	0	224.4725	0.1371521	0.8147033	0.002408829	5.053859	3.043367
7812	0	-278.1773	0	-278.1773	0.09519461	0.7382323	0.1655595	7.28137	-6.487546
7813	1	225.6914	0	225.6914	0.1333658	0.8095849	0.002112562	5.197338	3.043367
7814	0	-278.9835	0	-278.9835	0.07547128	0.6792958	0.154917	9.184251	-6.589137
7815	1	225.5384	0	225.5384	0.111069	0.7730874	0.001798225	6.240691	3.043367
7816	0	-280.3203	0	-280.3203	0.1156395	0.7815887	0.2269909	5.994037	-6.544422
7817	1	225.7562	0	225.7562	0.1487315	0.8288386	0.002158653	4.660393	3.043367
7818	0	-277.4831	0	-277.4831	0.08764938	0.7181052	0.166143	7.908181	-6.436988
7819	1	225.5345	0	225.5345	0.1638286	0.8444061	0.002361038	4.23093	3.043367
7820	0	-277.919	0	-277.919	0.07989245	0.6943994	0.1436848	8.676004	-6.501649
7821	1	224.4108	0	224.4108	0.2084263	0.8775337	0.002854849	3.325623	3.043367
7822	0	-282.1193	0	-282.1193	0.03178817	0.4280673	0.1001784	21.80519	-6.639892
7823	1	223.9759	0	223.9759	0.2037496	0.87473	0.003285321	3.401955	3.043367
7824	0	-278.2527	0	-278.2527	0.0840628	0.7075573	0.1744009	8.245588	-6.51157
7825	1	224.3236	0	224.3236	0.2117345	0.879443	0.00318776	3.273662	3.043367
7826	0	-280.6478	0	-280.6478	0.08031881	0.6957912	0.1570006	8.629949	-6.65191
7827	1	224.9703	0	224.9703	0.184169	0.8614661	0.002811046	3.763646	3.043367
7828	0	-281.6404	0	-281.6404	0.1138072	0.7782524	0.2594461	6.090541	-6.466458
7829	1	224.4251	0	224.4251	0.191049	0.8664317	0.002495496	3.628112	3.043367
7830	0	-278.3949	0	-278.3949	0.07586398	0.6806886	0.164246	9.13671	-6.335905
7831	1	224.7927	0	224.7927	0.1751246	0.8543571	0.002372969	3.958022	3.048809
7832	0	-277.9624	0	-277.9624	0.06054433	0.6176571	0.1188014	11.44859	-6.406847
7833	1	222.0896	0	222.0896	0.1937916	0.8683144	0.002267074	3.576766	3.048809
7834	0	-278.784	0	-278.784	0.07476105	0.6767504	0.125944	9.271501	-6.376752
7835	1	225.1584	0	225.1584	0.1702752	0.8502422	0.002452902	4.070747	3.048809
7836	0	-278.3127	0	-278.3127	0.06941242	0.6564281	0.1223029	9.985925	-6.45166
7837	1	222.3725	0	222.3725	0.1691281	0.8492352	0.001974986	4.098357	3.048809
7838	0	-279.6306	0	-279.6306	0.1065528	0.7640681	0.2197105	6.5052	-6.508133
7839	1	223.9392	0	223.9392	0.2053408	0.8756981	0.002716967	3.375594	3.048809
7840	0	-281.9986	0	-281.9986	0.09199147	0.7300091	0.1699357	7.534907	-6.670114
7841	1	220.301	0	220.301	0.2475918	0.8968831	0.004113064	2.799556	3.030848
7842	0	-277.4004	0	-277.4004	0.06786097	0.6501283	0.1399831	10.21422	-6.451817
7843	1	224.139	0	224.139	0.1973186	0.8706598	0.002883648	3.512833	3.051409
7844	0	-278.506	0	-278.506	0.05817157	0.6060524	0.1129874	11.91557	-6.378377
7845	1	223.9051	0	223.9051	0.1961497	0.8698918	0.002649852	3.533766	3.051409
7846	0	-278.6547	0	-278.6547	0.05443435	0.5865806	0.1080206	12.73364	-6.446165
7847	1	224.5947	0	224.5947	0.2013561	0.8732451	0.003027754	3.442395	3.042869
7848	0	-278.464	0	-278.464	0.09848868	0.7462334	0.1733594	7.037836	-6.508445
7849	1	224.518	0	224.518	0.1374987	0.8151588	0.002405488	5.041117	3.042869
7850	0	-279.7522	0	-279.7522	0.1224044	0.7931358	0.2261844	5.662765	-6.345341
7851	1	225.455	0	225.455	0.1325612	0.8084624	0.001816786	5.228883	3.042869
7852	0	-277.3225	0	-277.3225	0.07965367	0.6936151	0.1515048	8.702012	-6.429965
7853	1	224.755	0	224.755	0.1507217	0.8310612	0.001940826	4.598855	3.042869
7854	0	-278.2078	0	-278.2078	0.0945684	0.7366601	0.1672861	7.329585	-6.501074
7855	1	224.973	0	224.973	0.1786171	0.8571857	0.002778468	3.880632	3.042869
7856	0	-277.6889	0	-277.6889	0.07868508	0.6903977	0.1436975	8.809132	-6.486501
7857	1	224.4233	0	224.4233	0.1871915	0.8636917	0.003017914	3.702877	3.042869
7858	0	-277.7291	0	-277.7291	0.07443454	0.6755686	0.1546464	9.312171	-6.365851
7859	1	224.6672	0	224.6672	0.195573	0.8695095	0.002661957	3.544186	3.042869
7860	0	-278.7591	0	-278.7591	0.06557842	0.6405028	0.140335	10.56974	-6.28537
7861	1	222.5102	0	222.5102	0.1131342	0.7770032	0.002244002	6.12677	3.042869
7862	0	-278.392	0	-278.392	0.05000575	0.5614372	0.1215327	13.86135	-6.461445
7863	1	225.5952	0	225.5952	0.1599246	0.8406509	0.002327145	4.334213	3.042869
7864	0	-278.5725	0	-278.5725	0.05287905	0.5780179	0.1195458	13.10816	-6.537705
7865	1	223.5965	0	223.5965	0.188865	0.8648939	0.002745209	3.670067	3.033484
7866	0	-278.6596	0	-278.6596	0.08664857	0.7152296	0.1897759	7.999522	-6.448735
7867	1	220.7603	0	220.7603	0.287311	0.9111342	0.00397211	2.412533	3.033484
7868	0	-277.5684	0	-277.5684	0.06419294	0.6344439	0.1388988	10.79787	-6.419338
7869	1	219.1244	0	219.1244	0.3455253	0.9261055	0.004776781	2.006068	3.033484
7870	0	-278.9894	0	-278.9894	0.07013102	0.6592821	0.1499844	9.883603	-6.588802
7871	1	221.9598	0	221.9598	0.21989	0.8839064	0.003622674	3.152245	3.033484
7872	0	-278.8986	0	-278.8986	0.1108977	0.7727568	0.1824408	6.250331	-6.442146
7873	1	222.6155	0	222.6155	0.2122173	0.8797167	0.0033569	3.266215	3.033484
7874	0	-278.9782	0	-278.9782	0.04970516	0.5596432	0.1269015	13.94517	-6.359858
7875	1	223.0436	0	223.0436	0.1815479	0.8594772	0.003002286	3.817986	3.033484
7876	0	-279.7315	0	-279.7315	0.04817374	0.5503208	0.09896518	14.38849	-6.494794
7877	1	223.6808	0	223.6808	0.1653168	0.8457925	0.002223644	4.192842	3.033484
7878	0	-277.5567	0	-277.5567	0.0771299	0.685109	0.152953	8.986751	-6.371078
7879	1	223.1409	0	223.1409	0.1734492	0.8529608	0.002899341	3.996255	3.033484
7880	0	-278.7189	0	-278.7189	0.0461175	0.5373083	0.1146316	15.03002	-6.396808
7881	1	222.8299	0	222.8299	0.2082238	0.8774149	0.003252521	3.328856	3.033484
7882	0	-284.7705	0	-284.7705	0.09989745	0.7495222	0.2104482	6.938587	-6.136015
7883	1	223.4097	0	223.4097	0.1502566	0.8305468	0.002390056	4.61309	3.030439
7884	0	-278.6112	0	-278.6112	0.1127123	0.7762135	0.2068009	6.149703	-6.436523
7885	1	221.8318	0	221.8318	0.201289	0.873203	0.002688769	3.443542	3.030439
7886	0	-280.4769	0	-280.4769	0.08689535	0.7159435	0.1855589	7.976804	-6.614404
7887	1	221.7671	0	221.7671	0.2275024	0.8877857	0.00284098	3.046769	3.035043
7888	0	-280.0106	0	-280.0106	0.06035067	0.6167309	0.1338273	11.48533	-6.640474
7889	1	224.5354	0	224.5354	0.1636141	0.8442042	0.002456917	4.236477	3.035043
7890	0	-277.7125	0	-277.7125	0.06903566	0.6549158	0.1441271	10.04042	-6.503609
7891	1	224.5826	0	224.5826	0.1522254	0.8327038	0.002130569	4.553427	3.035043
7892	0	-279.7973	0	-279.7973	0.04905043	0.5556952	0.1081072	14.13132	-6.590029
7893	1	224.6721	0	224.6721	0.1193276	0.7880287	0.001943368	5.808776	3.03459
7894	0	-277.5787	0	-277.5787	0.07345132	0.6719653	0.1346466	9.436824	-6.437854
7895	1	224.7346	0	224.7346	0.1106517	0.7722807	0.001746281	6.264227	3.03459
7896	0	-277.9939	0	-277.9939	0.05637987	0.596906	0.1292874	12.29423	-6.395618
7897	1	224.5954	0	224.5954	0.1512469	0.8316385	0.002159344	4.582885	3.03459
7898	0	-277.8844	0	-277.8844	0.09757826	0.7440663	0.1850142	7.1035	-6.421528
7899	1	224.7566	0	224.7566	0.1395698	0.8178363	0.002167882	4.966313	3.03459
7900	0	-278.1976	0	-278.1976	0.09060159	0.7262968	0.1689248	7.650497	-6.335648
7901	1	224.5325	0	224.5325	0.1576914	0.8384224	0.002271951	4.395592	3.03459
7902	0	-279.0445	0	-279.0445	0.1189091	0.7873158	0.2019747	5.829221	-6.41772
7903	1	223.7218	0	223.7218	0.1927316	0.867593	0.002717756	3.596438	3.03459
7904	0	-278.6489	0	-278.6489	0.07753216	0.6864917	0.172644	8.940125	-6.509577
7905	1	224.8944	0	224.8944	0.1865551	0.863229	0.002573253	3.715509	3.046422
7906	0	-278.1672	0	-278.1672	0.07810159	0.6884314	0.1392942	8.874943	-6.5148
7907	1	224.3822	0	224.3822	0.1782418	0.8568869	0.002932996	3.888803	3.046422
7908	0	-279.1594	0	-279.1594	0.09750458	0.7438895	0.1636336	7.108868	-6.322553
7909	1	224.7484	0	224.7484	0.1955934	0.869523	0.002737738	3.543817	3.046422
7910	0	-278.4683	0	-278.4683	0.09243644	0.7311788	0.1869553	7.498636	-6.508386
7911	1	223.4113	0	223.4113	0.2471815	0.8967121	0.003486135	2.804203	3.046422
7912	0	-279.783	0	-279.783	0.1192188	0.787844	0.2392079	5.814074	-6.389376
7913	1	222.8669	0	222.8669	0.2045074	0.8751929	0.003537418	3.38935	3.046422
7914	0	-279.3615	0	-279.3615	0.05323733	0.5800153	0.1410273	13.01995	-6.415408
7915	1	225.4852	0	225.4852	0.1621191	0.8427832	0.002428792	4.275543	3.046422
7916	0	-277.3945	0	-277.3945	0.07104702	0.6628627	0.1408954	9.756175	-6.467691
7917	1	224.7539	0	224.7539	0.1525326	0.8330356	0.00197034	4.544256	3.046422
7918	0	-278.6078	0	-278.6078	0.07189301	0.6661137	0.1645913	9.641371	-6.362156
7919	1	224.7172	0	224.7172	0.1717421	0.8515108	0.002786816	4.035976	3.046422
7920	0	-277.5611	0	-277.5611	0.08561705	0.7122116	0.1634881	8.095901	-6.472536
7921	1	222.9464	0	222.9464	0.1774588	0.8562596	0.002106566	3.905962	3.046422
7922	0	-279.1273	0	-279.1273	0.1010411	0.7521361	0.1757399	6.860051	-6.539389
7923	1	224.4723	0	224.4723	0.1699481	0.8499564	0.002824564	4.078582	3.046422
7924	0	-278.678	0	-278.678	0.1118428	0.7745693	0.1920852	6.197513	-6.398694
7925	1	224.4761	0	224.4761	0.1332964	0.8094885	0.002346167	5.200046	3.046422
7926	0	-277.825	0	-277.825	0.07867377	0.6903598	0.1569916	8.810397	-6.34718
7927	1	224.9211	0	224.9211	0.1834193	0.8609029	0.0028063	3.779031	3.046422
7928	0	-277.9742	0	-277.9742	0.087278	0.7170441	0.160948	7.941832	-6.346862
7929	1	224.5522	0	224.5522	0.1776829	0.8564397	0.002886281	3.901035	3.046422
7930	0	-278.7684	0	-278.7684	0.07253789	0.6685565	0.1397868	9.555657	-6.284201
7931	1	225.0891	0	225.0891	0.1493837	0.8295732	0.002435757	4.640046	3.047848
7932	0	-282.043	0	-282.043	0.03105915	0.4214987	0.0901345	22.317	-6.603467
7933	1	225.725	0	225.725	0.1274864	0.8010828	0.001950358	5.437027	3.047848
7934	0	-280.3561	0	-280.3561	0.09218244	0.7305122	0.2144132	7.519298	-6.372843
7935	1	223.1329	0	223.1329	0.08608812	0.7135968	0.001670946	8.051601	3.047848
7936	0	-279.2226	0	-279.2226	0.05979631	0.6140594	0.1342482	11.5918	-6.599312
7937	1	223.9274	0	223.9274	0.07999281	0.694728	0.001377661	8.665119	3.047848
7938	0	-279.573	0	-279.573	0.1053811	0.7616202	0.1873625	6.577526	-6.555441
7939	1	224.7186	0	224.7186	0.1075683	0.7661529	0.001640005	6.443787	3.053619
7940	0	-277.9244	0	-277.9244	0.0688062	0.6539893	0.1492917	10.07391	-6.360318
7941	1	224.2138	0	224.2138	0.1028884	0.7562552	0.001490291	6.736885	3.053619
7942	0	-277.4271	0	-277.4271	0.0682281	0.6516364	0.1347069	10.15926	-6.406224
7943	1	224.2689	0	224.2689	0.1708316	0.8507259	0.002424908	4.057487	3.053619
7944	0	-277.4348	0	-277.4348	0.07597965	0.6810969	0.1539062	9.1228	-6.462647
7945	1	224.8547	0	224.8547	0.1250878	0.7974049	0.002134859	5.541284	3.039301
7946	0	-279.9093	0	-279.9093	0.09648064	0.7414092	0.1808464	7.184313	-6.5948
7947	1	225.1515	0	225.1515	0.1018963	0.7540585	0.001586537	6.802479	3.039301
7948	0	-279.9831	0	-279.9831	0.1225281	0.7933363	0.2467479	5.657047	-6.408788
7949	1	224.732	0	224.732	0.128323	0.8023362	0.002238553	5.40158	3.045381
7950	0	-284.079	0	-284.079	0.1520545	0.8325187	0.2139741	4.558543	-6.475507
7951	1	224.0388	0	224.0388	0.222482	0.8852569	0.003333674	3.115521	3.045381
7952	0	-278.4143	0	-278.4143	0.1090382	0.7691114	0.1959985	6.356921	-6.449617
7953	1	224.003	0	224.003	0.1315735	0.8070671	0.002312826	5.268136	3.036378
7954	0	-279.056	0	-279.056	0.1210136	0.7908561	0.2163412	5.727845	-6.419902
7955	1	223.0414	0	223.0414	0.2073206	0.8768821	0.003386538	3.343359	3.036378
7956	0	-277.4986	0	-277.4986	0.08722052	0.7168792	0.1597149	7.947066	-6.440276
7957	1	222.5751	0	222.5751	0.2112836	0.8791863	0.00265085	3.280648	3.036378
7958	0	-278.0985	0	-278.0985	0.09918675	0.7478727	0.1762556	6.988304	-6.4739
7959	1	225.1838	0	225.1838	0.1743199	0.8536897	0.002435121	3.976293	3.041572
7960	0	-278.7419	0	-278.7419	0.1042605	0.7592352	0.1863318	6.648223	-6.512844
7961	1	225.6905	0	225.6905	0.1262935	0.7992695	0.001819777	5.488384	3.041572
7962	0	-278.4968	0	-278.4968	0.09513373	0.7380802	0.1945486	7.286029	-6.482199
7963	1	222.3349	0	222.3349	0.1594151	0.8401478	0.003014456	4.348065	3.041572
7964	0	-278.7374	0	-278.7374	0.07859271	0.6900878	0.1610884	8.819485	-6.570109
7965	1	225.18	0	225.18	0.1303503	0.8053121	0.002182557	5.317573	3.041572
7966	0	-278.1779	0	-278.1779	0.08169415	0.7002073	0.1768867	8.484661	-6.445892
7967	1	225.5722	0	225.5722	0.1442736	0.8236496	0.002258696	4.804395	3.041572
7968	0	-278.0336	0	-278.0336	0.099587	0.7488041	0.1876152	6.960217	-6.458492
7969	1	225.299	0	225.299	0.1512434	0.8316346	0.002419728	4.582993	3.041572
7970	0	-278.4538	0	-278.4538	0.09773298	0.7444369	0.1611843	7.092255	-6.406078
7971	1	225.6468	0	225.6468	0.1540204	0.8346246	0.002323791	4.50036	3.042912
7972	0	-280.9897	0	-280.9897	0.1201329	0.789388	0.1795416	5.769838	-6.370003
7973	1	225.0597	0	225.0597	0.177498	0.8562912	0.00242054	3.905098	3.042912
7974	0	-279.0673	0	-279.0673	0.1208514	0.7905872	0.2164578	5.735531	-6.43987
7975	1	224.6845	0	224.6845	0.1926612	0.8675449	0.002602944	3.597751	3.042912
7976	0	-277.9079	0	-277.9079	0.06764045	0.6492172	0.1242019	10.24752	-6.437611
7977	1	224.8537	0	224.8537	0.1748356	0.8541181	0.002313678	3.964565	3.042912
7978	0	-279.938	0	-279.938	0.09921026	0.7479276	0.2182236	6.986648	-6.35827
7979	1	225.4777	0	225.4777	0.148756	0.8288663	0.002357048	4.659626	3.042912
7980	0	-279.7823	0	-279.7823	0.09514657	0.7381123	0.2044667	7.285046	-6.314423
7981	1	225.8305	0	225.8305	0.1378576	0.8156281	0.00201191	5.027993	3.042912
7982	0	-279.1877	0	-279.1877	0.0890986	0.7221796	0.1865338	7.779552	-6.552268
7983	1	224.5789	0	224.5789	0.1524623	0.8329598	0.002582199	4.546351	3.040764
7984	0	-278.8096	0	-278.8096	0.06653433	0.6445868	0.1481695	10.41789	-6.296758
7985	1	225.3281	0	225.3281	0.1681952	0.8484065	0.002444459	4.121088	3.040764
7986	0	-277.9433	0	-277.9433	0.09965598	0.748964	0.1804536	6.9554	-6.406184
7987	1	221.4274	0	221.4274	0.1225497	0.7933712	0.002502717	5.656051	3.047721
7988	0	-277.9998	0	-277.9998	0.05957311	0.6129752	0.1247414	11.63524	-6.356631
7989	1	224.5681	0	224.5681	0.1657338	0.8461766	0.002144468	4.182292	3.047721
7990	0	-278.5246	0	-278.5246	0.06390054	0.6331437	0.1252058	10.84728	-6.313987
7991	1	224.9201	0	224.9201	0.1628242	0.8434566	0.002625059	4.257027	3.047721
7992	0	-281.1359	0	-281.1359	0.06183374	0.6237315	0.1262056	11.20985	-6.678479
7993	1	224.4696	0	224.4696	0.1626982	0.8433366	0.002085676	4.260326	3.047721
7994	0	-281.1254	0	-281.1254	0.06874029	0.6537223	0.1192899	10.08357	-6.620092
7995	1	224.5667	0	224.5667	0.1975698	0.8708237	0.002740109	3.508366	3.047721
7996	0	-277.3537	0	-277.3537	0.06855627	0.6529753	0.137012	10.11063	-6.428505
7997	1	223.6459	0	223.6459	0.1589453	0.839681	0.002705883	4.360918	3.053151
7998	0	-278.6224	0	-278.6224	0.05961593	0.6131836	0.118459	11.62688	-6.542743
7999	1	224.0613	0	224.0613	0.1226995	0.7936135	0.001866927	5.649145	3.031129
8000	0	-281.969	0	-281.969	0.04177347	0.5078148	0.08579236	16.593	-6.461622
8001	1	225.3306	0	225.3306	0.1324174	0.8082603	0.00180406	5.234564	3.046924
8002	0	-280.6153	0	-280.6153	0.03595577	0.4635663	0.1142086	19.27778	-6.457157
8003	1	225.703	0	225.703	0.1283159	0.8023256	0.001846477	5.401879	3.046924
8004	0	-277.5838	0	-277.5838	0.06445536	0.6356045	0.1272659	10.75391	-6.454179
8005	1	225.4976	0	225.4976	0.1071499	0.7652981	0.001647519	6.468947	3.046924
8006	0	-278.8304	0	-278.8304	0.07164866	0.6651801	0.143102	9.674252	-6.276733
8007	1	225.5286	0	225.5286	0.1578798	0.8386128	0.002369805	4.390346	3.046924
8008	0	-278.9878	0	-278.9878	0.08173324	0.7003312	0.1834334	8.480603	-6.357578
8009	1	224.6712	0	224.6712	0.1265881	0.7997202	0.001653154	5.475611	3.046924
8010	0	-277.7831	0	-277.7831	0.07992076	0.6944921	0.1420283	8.672931	-6.47422
8011	1	224.8233	0	224.8233	0.1300536	0.804882	0.00170694	5.329702	3.046924
8012	0	-277.5696	0	-277.5696	0.07718627	0.6853033	0.1574899	8.980188	-6.477321
8013	1	225.1215	0	225.1215	0.1148227	0.7801131	0.001590727	6.036673	3.046924
8014	0	-279.1767	0	-279.1767	0.06821112	0.6515669	0.1666882	10.16179	-6.40715
8015	1	225.1349	0	225.1349	0.1136455	0.7779535	0.001930208	6.099205	3.046924
8016	0	-279.1011	0	-279.1011	0.07120259	0.6634645	0.1600122	9.734859	-6.29564
8017	1	224.6047	0	224.6047	0.1709895	0.8508626	0.002693502	4.05374	3.037681
8018	0	-278.084	0	-278.084	0.08655873	0.714969	0.1771699	8.007825	-6.366318
8019	1	222.133	0	222.133	0.2382107	0.8928251	0.003953811	2.909807	3.037681
8020	0	-277.9162	0	-277.9162	0.08835112	0.7200911	0.1607296	7.84537	-6.357186
8021	1	225.0512	0	225.0512	0.1601052	0.8408285	0.002591821	4.329324	3.042638
8022	0	-279.3778	0	-279.3778	0.08645448	0.714666	0.1924982	8.017481	-6.519456
8023	1	224.9484	0	224.9484	0.09918928	0.7478786	0.0014572	6.988126	3.042638
8024	0	-277.4175	0	-277.4175	0.07318415	0.6709744	0.146313	9.471274	-6.389727
8025	1	225.5675	0	225.5675	0.1092546	0.7695412	0.001649565	6.344328	3.042638
8026	0	-278.5012	0	-278.5012	0.07378836	0.6732081	0.1564993	9.39372	-6.554799
8027	1	225.6585	0	225.6585	0.1125048	0.7758232	0.001761959	6.161043	3.042638
8028	0	-277.9265	0	-277.9265	0.08719096	0.7167944	0.1586174	7.94976	-6.504027
8029	1	225.3516	0	225.3516	0.1103356	0.7716662	0.001803112	6.282171	3.040481
8030	0	-277.5172	0	-277.5172	0.0853275	0.7113544	0.1681134	8.123374	-6.42352
8031	1	225.7268	0	225.7268	0.1340319	0.8105048	0.001997628	5.171507	3.040481
8032	0	-281.0187	0	-281.0187	0.1076827	0.7663856	0.2353663	6.436942	-6.314001
8033	1	225.4346	0	225.4346	0.1223341	0.7930217	0.00188877	5.666018	3.050451
8034	0	-278.158	0	-278.158	0.08642786	0.7145886	0.182569	8.01995	-6.41118
8035	1	225.3819	0	225.3819	0.1429897	0.8220986	0.002153966	4.847532	3.050451
8036	0	-278.4754	0	-278.4754	0.08771544	0.7182932	0.1887927	7.902226	-6.41118
8037	1	224.4978	0	224.4978	0.1255569	0.7981343	0.00181919	5.52058	3.033419
8038	0	-279.0389	0	-279.0389	0.08294256	0.7041207	0.1545031	8.356955	-6.582005
8039	1	224.524	0	224.524	0.1376823	0.8153992	0.002005832	5.034395	3.033419
8040	0	-278.1906	0	-278.1906	0.1011587	0.752402	0.1904898	6.852078	-6.382363
8041	1	223.7777	0	223.7777	0.1681466	0.8483631	0.002195193	4.122279	3.035379
8042	0	-277.9531	0	-277.9531	0.09989224	0.7495102	0.1869109	6.938949	-6.425559
8043	1	224.9212	0	224.9212	0.1638843	0.8444584	0.002148242	4.229491	3.043641
8044	0	-278.0147	0	-278.0147	0.09328514	0.7333849	0.1611379	7.430414	-6.46733
8045	1	223.3715	0	223.3715	0.2038099	0.8747669	0.002517333	3.400949	3.043641
8046	0	-279.7831	0	-279.7831	0.04657305	0.5402415	0.1006031	14.88301	-6.537603
8047	1	225.6822	0	225.6822	0.1547692	0.8354132	0.00230175	4.478587	3.043641
8048	0	-278.6616	0	-278.6616	0.04741586	0.5455921	0.1200579	14.61847	-6.440866
8049	1	223.6456	0	223.6456	0.2292176	0.8886244	0.003030093	3.023971	3.043641
8050	0	-278.4823	0	-278.4823	0.07687801	0.6842378	0.1673847	9.016195	-6.3378
8051	1	225.1004	0	225.1004	0.1836555	0.8610809	0.002729414	3.77417	3.043641
8052	0	-278.7101	0	-278.7101	0.1105933	0.7721673	0.2064659	6.267535	-6.378896
8053	1	224.0171	0	224.0171	0.1070654	0.7651247	0.001983904	6.474053	3.043641
8054	0	-278.6233	0	-278.6233	0.09876038	0.7468737	0.2037303	7.018474	-6.428593
8055	1	222.8038	0	222.8038	0.251965	0.8986719	0.003987241	2.750967	3.043641
8056	0	-279.8917	0	-279.8917	0.1335905	0.8098962	0.2331972	5.188595	-6.398423
8057	1	225.8514	0	225.8514	0.1319168	0.8075542	0.002018878	5.254426	3.043641
8058	0	-277.835	0	-277.835	0.07304236	0.6704465	0.1546862	9.48966	-6.36325
8059	1	224.9389	0	224.9389	0.1663723	0.8467612	0.00269049	4.166242	3.043641
8060	0	-277.7755	0	-277.7755	0.08193598	0.7009724	0.1617936	8.459619	-6.35666
8061	1	225.4958	0	225.4958	0.1104027	0.7717968	0.001615271	6.278354	3.043641
8062	0	-277.7391	0	-277.7391	0.08998018	0.7246077	0.1780756	7.703332	-6.419817
8063	1	225.5647	0	225.5647	0.1212019	0.7911675	0.001712788	5.718945	3.043641
8064	0	-277.4084	0	-277.4084	0.06995603	0.6585907	0.1347772	9.908327	-6.428389
8065	1	224.9478	0	224.9478	0.1671772	0.8474919	0.002696212	4.146184	3.043641
8066	0	-278.422	0	-278.422	0.07748907	0.6863441	0.1417652	8.945096	-6.315208
8067	1	224.5134	0	224.5134	0.1891902	0.8651251	0.002481658	3.663759	3.043641
8068	0	-278.4226	0	-278.4226	0.05754728	0.6029039	0.1367844	12.04483	-6.505859
8069	1	224.3271	0	224.3271	0.2163249	0.8819964	0.003115606	3.204196	3.043641
8070	0	-277.4299	0	-277.4299	0.06775193	0.6496783	0.1423118	10.23066	-6.434423
8071	1	224.5135	0	224.5135	0.1884242	0.8645793	0.003007009	3.678653	3.043641
8072	0	-284.2817	0	-284.2817	0.04260201	0.5136604	0.08525463	16.27029	-6.250282
8073	1	224.4652	0	224.4652	0.2108704	0.87895	0.002994561	3.287077	3.043611
8074	0	-281.9929	0	-281.9929	0.03076993	0.4188618	0.1122547	22.52677	-6.387217
8075	1	225.6515	0	225.6515	0.1307572	0.8058993	0.002091813	5.301024	3.043611
8076	0	-279.8074	0	-279.8074	0.06640099	0.6440218	0.1598841	10.43881	-6.289542
8077	1	225.1922	0	225.1922	0.1628164	0.8434491	0.002240111	4.257233	3.04032
8078	0	-278.3705	0	-278.3705	0.08907308	0.7221088	0.1694373	7.781781	-6.536803
8079	1	225.4875	0	225.4875	0.1425126	0.8215154	0.002239286	4.863761	3.04032
8080	0	-278.6698	0	-278.6698	0.08907308	0.7221088	0.1806217	7.781781	-6.31998
8081	1	222.5563	0	222.5563	0.1497815	0.8300183	0.002660188	4.627722	3.031951
8082	0	-280.4933	0	-280.4933	0.1225778	0.7934167	0.1888962	5.654754	-6.473633
8083	1	223.6724	0	223.6724	0.1561918	0.8368917	0.002493892	4.437794	3.031951
8084	0	-278.4141	0	-278.4141	0.1082805	0.767595	0.1871852	6.401404	-6.421688
8085	1	223.8547	0	223.8547	0.1596784	0.8404082	0.002379491	4.340895	3.031951
8086	0	-278.4989	0	-278.4989	0.09648173	0.7414118	0.179959	7.184233	-6.330813
8087	1	221.1596	0	221.1596	0.2508068	0.8982042	0.00392097	2.763669	3.031951
8088	0	-281.9853	0	-281.9853	0.05367223	0.5824198	0.1351361	12.91445	-6.169347
8089	1	223.4317	0	223.4317	0.1353284	0.8122711	0.002320897	5.121964	3.031951
8090	0	-278.3136	0	-278.3136	0.07363855	0.6726567	0.150093	9.41283	-6.555165
8091	1	223.278	0	223.278	0.1608275	0.841535	0.002371285	4.309879	3.058178
8092	0	-279.4269	0	-279.4269	0.04260053	0.5136501	0.09913012	16.27086	-6.415796
8093	1	225.7356	0	225.7356	0.1397831	0.8181079	0.002042828	4.958733	3.047315
8094	0	-278.1862	0	-278.1862	0.05667921	0.5984578	0.1307203	12.2293	-6.504021
8095	1	224.6452	0	224.6452	0.09376383	0.7346151	0.001401504	7.392479	3.047315
8096	0	-279.8714	0	-279.8714	0.09783712	0.7446859	0.1830827	7.084705	-6.264783
8097	1	224.5597	0	224.5597	0.09663058	0.741775	0.001406624	7.173166	3.040422
8098	0	-279.3136	0	-279.3136	0.1095661	0.7701572	0.1882245	6.326294	-6.522146
8099	1	224.7854	0	224.7854	0.1188224	0.7871676	0.001596535	5.833472	3.040422
8100	0	-279.6401	0	-279.6401	0.08408265	0.7076176	0.1522368	8.243641	-6.259199
8101	1	223.8783	0	223.8783	0.127519	0.801132	0.002326595	5.435638	3.040422
8102	0	-278.9127	0	-278.9127	0.05487887	0.588977	0.1230246	12.63049	-6.296733
8103	1	225.475	0	225.475	0.1282505	0.8022281	0.002066809	5.404637	3.040422
8104	0	-281.3573	0	-281.3573	0.05525649	0.5909952	0.1303201	12.54418	-6.690148
8105	1	223.394	0	223.394	0.1624541	0.8431038	0.001966266	4.266727	3.040422
8106	0	-281.2869	0	-281.2869	0.1057624	0.7624219	0.2338027	6.553813	-6.300537
8107	1	224.1408	0	224.1408	0.1444584	0.8238707	0.001813051	4.798247	3.040422
8108	0	-278.5979	0	-278.5979	0.06131329	0.6212988	0.1319003	11.30501	-6.299206
8109	1	225.3584	0	225.3584	0.1066437	0.764256	0.001610428	6.499657	3.040422
8110	0	-277.8298	0	-277.8298	0.0664817	0.6443639	0.1413455	10.42614	-6.354986
8111	1	225.5026	0	225.5026	0.1534551	0.8340243	0.002189869	4.516939	3.040422
8112	0	-277.9648	0	-277.9648	0.08120279	0.6986424	0.1498316	8.536002	-6.518902
8113	1	225.347	0	225.347	0.1502365	0.8305245	0.00205317	4.613708	3.041121
8114	0	-279.7126	0	-279.7126	0.1265627	0.7996815	0.2207077	5.47671	-6.365315
8115	1	224.1711	0	224.1711	0.1173044	0.7845405	0.001672411	5.90896	3.055526
8116	0	-278.878	0	-278.878	0.1036027	0.7578149	0.2092846	6.690434	-6.376811
8117	1	222.4989	0	222.4989	0.07385036	0.6734358	0.001358947	9.385833	3.055057
8118	0	-279.0461	0	-279.0461	0.09203545	0.7301252	0.1991604	7.531306	-6.369719
8119	1	223.5923	0	223.5923	0.1166191	0.7833344	0.002074503	5.943687	3.055057
8120	0	-277.6988	0	-277.6988	0.06387785	0.6330424	0.1398721	10.85113	-6.395363
8121	1	224.4825	0	224.4825	0.1357355	0.8128193	0.001956169	5.106601	3.055057
8122	0	-279.1431	0	-279.1431	0.06907147	0.65506	0.135846	10.03522	-6.599678
8123	1	223.7085	0	223.7085	0.1698173	0.8498418	0.002697943	4.081724	3.055057
8124	0	-278.0752	0	-278.0752	0.08566723	0.7123597	0.1493285	8.091159	-6.364253
8125	1	224.1208	0	224.1208	0.2134567	0.8804137	0.002990669	3.24725	3.048498
8126	0	-277.5602	0	-277.5602	0.07348269	0.6720813	0.1471832	9.432795	-6.494347
8127	1	223.3086	0	223.3086	0.2078292	0.8771828	0.003441725	3.335176	3.048498
8128	0	-279.2447	0	-279.2447	0.09935077	0.7482551	0.2134906	6.976767	-6.435449
8129	1	225.113	0	225.113	0.15842	0.8391561	0.002153926	4.375378	3.048498
8130	0	-277.9124	0	-277.9124	0.07391428	0.6736703	0.1311076	9.377717	-6.454889
8131	1	223.1114	0	223.1114	0.09719928	0.7431544	0.001891737	7.131196	3.04768
8132	0	-279.2254	0	-279.2254	0.09012704	0.7250086	0.175153	7.69078	-6.578159
8133	1	223.4812	0	223.4812	0.07776973	0.6873035	0.001430297	8.912815	3.04768
8134	0	-281.0044	0	-281.0044	0.05711012	0.6006748	0.1526338	12.13703	-6.595502
8135	1	223.3868	0	223.3868	0.09627734	0.7409115	0.001345485	7.199484	3.035584
8136	0	-277.6937	0	-277.6937	0.0680523	0.6509156	0.135467	10.18551	-6.504465
8137	1	224.1165	0	224.1165	0.09200655	0.7300489	0.001576744	7.533672	3.035584
8138	0	-279.0901	0	-279.0901	0.06828125	0.6518538	0.1157898	10.15135	-6.442068
8139	1	224.717	0	224.717	0.09267973	0.7318145	0.001561028	7.478951	3.040197
8140	0	-278.2805	0	-278.2805	0.1050829	0.7609897	0.181355	6.596195	-6.433198
8141	1	224.7122	0	224.7122	0.1139415	0.7785003	0.001931678	6.083358	3.051772
8142	0	-279.707	0	-279.707	0.08332258	0.7052943	0.1290519	8.31884	-6.433198
8143	1	224.8909	0	224.8909	0.1453749	0.8249595	0.002012443	4.767998	3.051772
8144	0	-277.7453	0	-277.7453	0.06818597	0.6514639	0.1297372	10.16554	-6.378531
8145	1	224.8748	0	224.8748	0.1366408	0.8140275	0.001883239	5.072768	3.051772
8146	0	-277.6256	0	-277.6256	0.09247335	0.7312754	0.1693559	7.495643	-6.42804
8147	1	224.0155	0	224.0155	0.1993164	0.871952	0.002856036	3.477623	3.051772
8148	0	-282.255	0	-282.255	0.07210143	0.6669065	0.1617574	9.613501	-6.159823
8149	1	224.9916	0	224.9916	0.1837234	0.8611319	0.002642759	3.772775	3.040706
8150	0	-278.0985	0	-278.0985	0.08735128	0.717254	0.1504201	7.93517	-6.373542
8151	1	224.7001	0	224.7001	0.1574308	0.8381584	0.002161332	4.402868	3.036553
8152	0	-278.5521	0	-278.5521	0.06898598	0.6547155	0.1603556	10.04765	-6.376466
8153	1	225.112	0	225.112	0.1134576	0.7776052	0.001719708	6.109306	3.036553
8154	0	-278.587	0	-278.587	0.1014489	0.7530561	0.1767505	6.832478	-6.504713
8155	1	224.4514	0	224.4514	0.09698891	0.7426457	0.001649807	7.146664	3.036553
8156	0	-278.4055	0	-278.4055	0.07933052	0.6925481	0.1509296	8.737459	-6.304873
8157	1	225.233	0	225.233	0.1278152	0.8015771	0.001898984	5.423043	3.036553
8158	0	-277.428	0	-277.428	0.06603929	0.6424815	0.1378416	10.49598	-6.423055
8159	1	225.0767	0	225.0767	0.119032	0.7875257	0.001802899	5.823201	3.052725
8160	0	-279.4612	0	-279.4612	0.05100801	0.5673364	0.1372825	13.58899	-6.406596
8161	1	224.1275	0	224.1275	0.1686996	0.8488557	0.002261355	4.108766	3.052725
8162	0	-277.5195	0	-277.5195	0.08266522	0.703259	0.1621034	8.384992	-6.389829
8163	1	224.6413	0	224.6413	0.1640278	0.8445931	0.002467958	4.225791	3.052725
8164	0	-277.9306	0	-277.9306	0.05823192	0.6063546	0.1342074	11.90322	-6.425903
8165	1	224.7094	0	224.7094	0.1027607	0.7559746	0.001567729	6.745253	3.052725
8166	0	-278.3248	0	-278.3248	0.09704153	0.7427731	0.1616412	7.142789	-6.447687
8167	1	224.659	0	224.659	0.1051976	0.7612325	0.001458307	6.589002	3.04164
8168	0	-279.105	0	-279.105	0.1080156	0.7670606	0.2182714	6.4171	-6.464218
8169	1	224.6116	0	224.6116	0.09378529	0.73467	0.001637296	7.390788	3.04164
8170	0	-279.426	0	-279.426	0.1263261	0.7993196	0.2239582	5.486965	-6.40027
8171	1	225.3184	0	225.3184	0.1106431	0.7722641	0.001591196	6.26471	3.04164
8172	0	-280.6261	0	-280.6261	0.07100113	0.6626848	0.1822602	9.762481	-6.493383
8173	1	223.6936	0	223.6936	0.156789	0.8375046	0.00191243	4.420892	3.04164
8174	0	-277.5751	0	-277.5751	0.08391165	0.7070977	0.1684319	8.26044	-6.444585
8175	1	223.2641	0	223.2641	0.145462	0.8250623	0.002687878	4.765143	3.04164
8176	0	-277.9941	0	-277.9941	0.07194932	0.6663282	0.1588489	9.633825	-6.38929
8177	1	225.0822	0	225.0822	0.1055083	0.7618881	0.00179351	6.5696	3.046832
8178	0	-277.7865	0	-277.7865	0.06044302	0.617173	0.1355331	11.46778	-6.408876
8179	1	225.4345	0	225.4345	0.1569977	0.8377178	0.002425306	4.415014	3.046832
8180	0	-277.5592	0	-277.5592	0.0647471	0.6368875	0.139956	10.70545	-6.422014
8181	1	225.4319	0	225.4319	0.1162897	0.7827504	0.001911763	5.96052	3.046832
8182	0	-277.6106	0	-277.6106	0.06132966	0.6213757	0.1257752	11.30199	-6.448348
8183	1	225.5146	0	225.5146	0.1266839	0.7998664	0.001773031	5.471471	3.046832
8184	0	-280.1218	0	-280.1218	0.08596773	0.7132439	0.1936499	8.062877	-6.295331
8185	1	224.7776	0	224.7776	0.142944	0.8220428	0.002326421	4.849082	3.051755
8186	0	-280.8667	0	-280.8667	0.09943372	0.7484482	0.2077363	6.970947	-6.599255
8187	1	225.2002	0	225.2002	0.1418195	0.8206618	0.002098904	4.887532	3.051755
8188	0	-279.8092	0	-279.8092	0.1142077	0.7789897	0.2269067	6.069182	-6.511982
8189	1	224.5371	0	224.5371	0.1633378	0.8439435	0.002745389	4.243642	3.044863
8190	0	-278.5879	0	-278.5879	0.07566731	0.6799924	0.1732453	9.160458	-6.443343
8191	1	224.5488	0	224.5488	0.1922481	0.8672613	0.003022733	3.605483	3.044863
8192	0	-277.5289	0	-277.5289	0.0806701	0.6969299	0.14941	8.592368	-6.385641
8193	1	224.5167	0	224.5167	0.2086447	0.8776617	0.003032858	3.322141	3.044863
8194	0	-279.0824	0	-279.0824	0.09731221	0.7434268	0.1559968	7.122921	-6.485293
8195	1	223.6274	0	223.6274	0.1912253	0.8665543	0.002427421	3.624768	3.038616
8196	0	-279.1317	0	-279.1317	0.114572	0.7796564	0.2015839	6.049885	-6.49673
8197	1	223.8719	0	223.8719	0.1679207	0.848161	0.002641563	4.127825	3.054878
8198	0	-280.4353	0	-280.4353	0.09607844	0.740423	0.1901932	7.214389	-6.610389
8199	1	225.4318	0	225.4318	0.1547412	0.8353839	0.002337813	4.479396	3.048558
8200	0	-277.8199	0	-277.8199	0.06560086	0.6405996	0.1239974	10.56613	-6.457728
8201	1	225.6072	0	225.6072	0.1199414	0.7890663	0.001865792	5.779048	3.048558
8202	0	-277.3347	0	-277.3347	0.08001251	0.6947924	0.1556207	8.662985	-6.437507
8203	1	224.0268	0	224.0268	0.1276886	0.8013871	0.001701742	5.428418	3.053625
8204	0	-278.131	0	-278.131	0.08581031	0.7127813	0.1796974	8.077668	-6.473632
8205	1	224.072	0	224.072	0.2149274	0.8812305	0.003250337	3.225029	3.040652
8206	0	-277.7942	0	-277.7942	0.05842259	0.607307	0.1278485	11.86437	-6.393631
8207	1	224.3503	0	224.3503	0.2081686	0.8773825	0.003075399	3.329739	3.040652
8208	0	-278.8679	0	-278.8679	0.05010024	0.5619988	0.1195246	13.83521	-6.327374
8209	1	224.2061	0	224.2061	0.2110223	0.879037	0.002899251	3.28471	3.040652
8210	0	-278.2163	0	-278.2163	0.07587292	0.6807202	0.1648541	9.135634	-6.357431
8211	1	224.9687	0	224.9687	0.1841949	0.8614855	0.002692252	3.763118	3.04769
8212	0	-279.8083	0	-279.8083	0.07073524	0.661651	0.1695769	9.799178	-6.556483
8213	1	224.2472	0	224.2472	0.2130174	0.8801676	0.003087888	3.253946	3.04769
8214	0	-277.9768	0	-277.9768	0.07067196	0.6614042	0.1568788	9.807952	-6.393978
8215	1	225.3291	0	225.3291	0.1675601	0.8478372	0.002429225	4.136708	3.04769
8216	0	-277.6422	0	-277.6422	0.06449943	0.6357987	0.1278534	10.74656	-6.391764
8217	1	223.694	0	223.694	0.2217585	0.8848831	0.002944317	3.125684	3.04769
8218	0	-278.5378	0	-278.5378	0.0922971	0.7308135	0.1805303	7.509956	-6.324597
8219	1	221.5867	0	221.5867	0.3085066	0.917239	0.004372527	2.246782	3.04769
8220	0	-278.3065	0	-278.3065	0.05399271	0.5841776	0.1114675	12.83779	-6.451046
8221	1	220.4611	0	220.4611	0.3195271	0.9200933	0.00436953	2.169291	3.05204
8222	0	-277.5189	0	-277.5189	0.06850015	0.6527469	0.1331153	10.11892	-6.470536
8223	1	222.1806	0	222.1806	0.2537351	0.8993784	0.003925739	2.731774	3.05204
8224	0	-277.8196	0	-277.8196	0.091424	0.7285043	0.1774812	7.581676	-6.470536
8225	1	222.1642	0	222.1642	0.2593087	0.9015403	0.003541862	2.673057	3.05204
8226	0	-277.3005	0	-277.3005	0.07645585	0.6827684	0.1492142	9.06598	-6.440337
8227	1	225.1057	0	225.1057	0.1180087	0.7857669	0.001776609	5.873693	3.036119
8228	0	-280.6073	0	-280.6073	0.03772662	0.477655	0.1129251	18.37289	-6.319192
8229	1	225.1753	0	225.1753	0.1284454	0.8025183	0.001947532	5.396433	3.036119
8230	0	-278.8669	0	-278.8669	0.06049871	0.6174392	0.1436902	11.45722	-6.32334
8231	1	223.7812	0	223.7812	0.144318	0.8237028	0.002521317	4.802914	3.036119
8232	0	-282.8259	0	-282.8259	0.1471887	0.8270765	0.2736252	4.70924	-6.275093
8233	1	224.6092	0	224.6092	0.1492493	0.8294224	0.002418104	4.644223	3.036119
8234	0	-279.3798	0	-279.3798	0.1153993	0.7811567	0.2305379	6.006513	-6.435567
8235	1	224.7381	0	224.7381	0.1718028	0.8515628	0.002737284	4.034552	3.039714
8236	0	-279.697	0	-279.697	0.1205093	0.7900179	0.2084992	5.751813	-6.340265
8237	1	224.2577	0	224.2577	0.1092837	0.7695988	0.001972285	6.34264	3.039714
8238	0	-277.5656	0	-277.5656	0.06728921	0.6477578	0.1375469	10.30102	-6.488908
8239	1	225.0805	0	225.0805	0.1739848	0.85341	0.002592265	3.983952	3.039714
8240	0	-278.0113	0	-278.0113	0.07297285	0.6701871	0.1593526	9.498699	-6.489195
8241	1	224.0833	0	224.0833	0.2095089	0.8781651	0.002847488	3.308438	3.039714
8242	0	-277.7658	0	-277.7658	0.07019633	0.6595395	0.1494099	9.874407	-6.496603
8243	1	223.2958	0	223.2958	0.2541351	0.8995367	0.003594776	2.727475	3.044248
8244	0	-277.5271	0	-277.5271	0.08022348	0.695481	0.1628092	8.640203	-6.453304
8245	1	224.9668	0	224.9668	0.1158773	0.782015	0.002007691	5.981734	3.044248
8246	0	-279.7446	0	-279.7446	0.1288632	0.8031375	0.2140847	5.37894	-6.432824
8247	1	225.086	0	225.086	0.1475019	0.8274371	0.001941355	4.699241	3.044248
8248	0	-277.688	0	-277.688	0.06213577	0.6251315	0.1323076	11.15537	-6.382278
8249	1	224.2067	0	224.2067	0.160625	0.8413375	0.002685039	4.315314	3.037412
8250	0	-278.72	0	-278.72	0.07214514	0.6670723	0.1311648	9.607677	-6.311252
8251	1	224.0888	0	224.0888	0.1993676	0.8719848	0.002761049	3.476729	3.037412
8252	0	-279.2494	0	-279.2494	0.1005602	0.751043	0.1743479	6.892857	-6.308237
8253	1	224.7415	0	224.7415	0.1720075	0.851738	0.002669396	4.02975	3.050249
8254	0	-277.8912	0	-277.8912	0.09005584	0.7248144	0.1547499	7.69686	-6.436444
8255	1	222.5514	0	222.5514	0.1832047	0.8607409	0.002901686	3.783458	3.057945
8256	0	-279.3611	0	-279.3611	0.08255789	0.7029243	0.1915676	8.395893	-6.455244
8257	1	223.4508	0	223.4508	0.2152893	0.8814297	0.003387956	3.219609	3.037881
8258	0	-280.4228	0	-280.4228	0.0594045	0.6121528	0.1427162	11.66826	-6.638674
8259	1	224.0104	0	224.0104	0.2084951	0.8775741	0.002946283	3.324524	3.037881
8260	0	-279.0738	0	-279.0738	0.08152803	0.6996798	0.1581232	8.50195	-6.271353
8261	1	223.806	0	223.806	0.2012591	0.8731842	0.00323866	3.444053	3.039283
8262	0	-278.6081	0	-278.6081	0.1056655	0.7622186	0.2020702	6.559823	-6.369972
8263	1	223.1594	0	223.1594	0.1226126	0.7934731	0.002321668	5.653147	3.039283
8264	0	-278.0392	0	-278.0392	0.100179	0.7501702	0.1845603	6.919089	-6.463402
8265	1	225.1845	0	225.1845	0.123763	0.7953181	0.002049575	5.600603	3.039283
8266	0	-277.7354	0	-277.7354	0.0927847	0.732088	0.1766114	7.47049	-6.45679
8267	1	224.3693	0	224.3693	0.2029457	0.8742351	0.002891634	3.415431	3.039283
8268	0	-280.2516	0	-280.2516	0.08234115	0.7022466	0.1995905	8.417992	-6.406341
8269	1	224.5565	0	224.5565	0.1731647	0.8527211	0.002788535	4.002821	3.039283
8270	0	-277.9742	0	-277.9742	0.06199391	0.624475	0.1198991	11.18089	-6.398582
8271	1	223.5148	0	223.5148	0.1904847	0.8660377	0.002383274	3.638859	3.039283
8272	0	-278.6506	0	-278.6506	0.05569114	0.5932986	0.1155051	12.44627	-6.538735
8273	1	224.8296	0	224.8296	0.1695028	0.8495656	0.002675358	4.089297	3.039283
8274	0	-280.7707	0	-280.7707	0.06832255	0.6520227	0.1448403	10.14522	-6.195466
8275	1	224.0295	0	224.0295	0.1930859	0.867835	0.002618979	3.589839	3.051296
8276	0	-277.6766	0	-277.6766	0.06523259	0.6390061	0.1393433	10.62578	-6.488743
8277	1	221.9421	0	221.9421	0.1347512	0.8114886	0.001583874	5.143903	3.051296
8278	0	-278.9199	0	-278.9199	0.09606003	0.7403778	0.1552389	7.215771	-6.482948
8279	1	225.2324	0	225.2324	0.1389716	0.8170706	0.002151537	4.987688	3.051296
8280	0	-287.5012	0	-287.5012	0.1620831	0.8427486	0.3877723	4.276494	-6.294621
8281	1	225.5226	0	225.5226	0.106855	0.7646921	0.001644049	6.486801	3.042488
8282	0	-282.549	0	-282.549	0.1723554	0.852035	0.2946506	4.021615	-6.366486
8283	1	224.9135	0	224.9135	0.1908573	0.8662981	0.002691713	3.631756	3.042488
8284	0	-280.2318	0	-280.2318	0.09865376	0.7466228	0.2242922	7.026059	-6.436188
8285	1	224.6176	0	224.6176	0.1908573	0.8662981	0.002980519	3.631756	3.042488
8286	0	-278.5643	0	-278.5643	0.1032567	0.7570617	0.1961789	6.712855	-6.496466
8287	1	224.6826	0	224.6826	0.1819718	0.8598027	0.0028692	3.80909	3.047337
8288	0	-277.9077	0	-277.9077	0.07038976	0.6602999	0.145438	9.847273	-6.525541
8289	1	224.7914	0	224.7914	0.1772257	0.8560718	0.002798376	3.911099	3.047337
8290	0	-278.4945	0	-278.4945	0.08292273	0.7040592	0.137501	8.358953	-6.393484
8291	1	224.7768	0	224.7768	0.1416755	0.8204835	0.001841387	4.892499	3.047337
8292	0	-277.7202	0	-277.7202	0.06300936	0.6291333	0.1390899	11.0007	-6.401023
8293	1	225.0861	0	225.0861	0.1606618	0.8413735	0.002565966	4.314325	3.047337
8294	0	-277.8767	0	-277.8767	0.09562766	0.7393098	0.1700773	7.248397	-6.460104
8295	1	225.4237	0	225.4237	0.1591065	0.8398415	0.002426473	4.356499	3.047337
8296	0	-279.3962	0	-279.3962	0.07330777	0.6714335	0.1749143	9.455303	-6.358536
8297	1	224.7044	0	224.7044	0.1913597	0.8666477	0.002904038	3.62222	3.047337
8298	0	-277.5963	0	-277.5963	0.08419912	0.7079708	0.1621347	8.232238	-6.482025
8299	1	223.1936	0	223.1936	0.2401432	0.8936869	0.003674715	2.886391	3.048534
8300	0	-278.2332	0	-278.2332	0.09208421	0.7302537	0.1602565	7.527318	-6.355993
8301	1	225.4467	0	225.4467	0.1523427	0.8328307	0.002165765	4.54992	3.048534
8302	0	-277.3313	0	-277.3313	0.07952101	0.6931778	0.1507039	8.716529	-6.421933
8303	1	225.5628	0	225.5628	0.136083	0.8132848	0.001940839	5.093563	3.048534
8304	0	-279.117	0	-279.117	0.1046604	0.7600913	0.1765109	6.62282	-6.516819
8305	1	225.4654	0	225.4654	0.1483315	0.8283851	0.002285793	4.67296	3.048534
8306	0	-278.3643	0	-278.3643	0.07958574	0.6933913	0.1763977	8.709439	-6.446765
8307	1	222.6065	0	222.6065	0.2370579	0.8923044	0.003879627	2.923957	3.048534
8308	0	-284.1193	0	-284.1193	0.07702021	0.6847301	0.2105672	8.999549	-6.268695
8309	1	224.9867	0	224.9867	0.1437254	0.8229905	0.002378078	4.822719	3.048534
8310	0	-277.9701	0	-277.9701	0.100259	0.7503539	0.1867027	6.913566	-6.415047
8311	1	222.404	0	222.404	0.09974169	0.7491624	0.001984733	6.949423	3.037837
8312	0	-277.5669	0	-277.5669	0.08509685	0.7106683	0.1578319	8.145392	-6.385051
8313	1	224.2389	0	224.2389	0.09583038	0.7398115	0.00169864	7.233063	3.037837
8314	0	-277.6197	0	-277.6197	0.08900542	0.7219208	0.1655777	7.787696	-6.390142
8315	1	224.949	0	224.949	0.1424353	0.8214206	0.002404281	4.866401	3.043304
8316	0	-278.5329	0	-278.5329	0.09924215	0.748002	0.1630071	6.984403	-6.448381
8317	1	225.3865	0	225.3865	0.1711838	0.8510304	0.002529834	4.049141	3.043304
8318	0	-280.3334	0	-280.3334	0.06027627	0.6163741	0.1609615	11.4995	-6.37453
8319	1	219.7767	0	219.7767	0.1106251	0.7722292	0.002428567	6.26573	3.043304
8320	0	-277.5815	0	-277.5815	0.0836114	0.7061809	0.1492745	8.290103	-6.417542
8321	1	224.8549	0	224.8549	0.09118858	0.7278756	0.001490666	7.60125	3.045531
8322	0	-283.2404	0	-283.2404	0.1584705	0.8392067	0.2362446	4.373983	-6.360142
8323	1	223.7342	0	223.7342	0.08778187	0.718482	0.00144858	7.896245	3.033883
8324	0	-279.0885	0	-279.0885	0.04643358	0.5393465	0.1233926	14.92771	-6.405325
8325	1	225.259	0	225.259	0.1173869	0.7846848	0.001953651	5.904807	3.048088
8326	0	-280.4439	0	-280.4439	0.06081221	0.6189322	0.1639298	11.39816	-6.433769
8327	1	224.8562	0	224.8562	0.09835518	0.7459177	0.001457538	7.047389	3.048088
8328	0	-281.5165	0	-281.5165	0.0416748	0.5071115	0.1006111	16.63229	-6.651331
8329	1	225.6223	0	225.6223	0.1162931	0.7827564	0.001794669	5.960348	3.048088
8330	0	-279.8648	0	-279.8648	0.06460488	0.6362629	0.1151671	10.72902	-6.299729
8331	1	225.1701	0	225.1701	0.1152997	0.7809771	0.001614678	6.011701	3.048088
8332	0	-279.6491	0	-279.6491	0.128164	0.802099	0.2384895	5.408284	-6.409156
8333	1	224.4299	0	224.4299	0.1974972	0.8707764	0.002687025	3.509657	3.048088
8334	0	-279.9042	0	-279.9042	0.1045954	0.7599524	0.2282636	6.62694	-6.416928
8335	1	222.1713	0	222.1713	0.1907142	0.8661982	0.002553984	3.634482	3.057695
8336	0	-278.0168	0	-278.0168	0.07195133	0.6663358	0.1483351	9.633557	-6.533606
8337	1	225.684	0	225.684	0.1510008	0.8313685	0.002297476	4.590353	3.043894
8338	0	-282.0599	0	-282.0599	0.08101029	0.6980255	0.1221624	8.556286	-6.560881
8339	1	223.8678	0	223.8678	0.1303682	0.8053381	0.001616618	5.316842	3.043894
8340	0	-280.5037	0	-280.5037	0.04063849	0.4996302	0.09396381	17.05642	-6.53396
8341	1	225.4128	0	225.4128	0.1563207	0.8370243	0.002172043	4.434136	3.041196
8342	0	-278.9927	0	-278.9927	0.04393566	0.5228475	0.1080208	15.77641	-6.492124
8343	1	219.8396	0	219.8396	0.362583	0.9295818	0.00477949	1.911693	3.041196
8344	0	-279.8375	0	-279.8375	0.09386991	0.7348863	0.1452219	7.384125	-6.497003
8345	1	222.5317	0	222.5317	0.1888536	0.8648858	0.003135734	3.670289	3.055815
8346	0	-278.4996	0	-278.4996	0.07735932	0.6858988	0.1513361	8.9601	-6.296484
8347	1	223.0033	0	223.0033	0.1524759	0.8329745	0.002644223	4.545946	3.055815
8348	0	-277.6927	0	-277.6927	0.08740274	0.7174013	0.1742175	7.930497	-6.407841
8349	1	223.0654	0	223.0654	0.2377183	0.8926033	0.00305874	2.915834	3.041637
8350	0	-277.5621	0	-277.5621	0.07805794	0.6882834	0.1597582	8.879906	-6.467886
8351	1	225.4402	0	225.4402	0.1539088	0.8345064	0.002128533	4.503624	3.041637
8352	0	-278.7559	0	-278.7559	0.09498284	0.7377025	0.2015967	7.297605	-6.414772
8353	1	225.535	0	225.535	0.129323	0.8038148	0.002087153	5.359812	3.041637
8354	0	-278.873	0	-278.873	0.07635044	0.6823997	0.1704524	9.078496	-6.534641
8355	1	223.0265	0	223.0265	0.08799682	0.7190915	0.001220982	7.876957	3.041637
8356	0	-278.5194	0	-278.5194	0.1090121	0.7690594	0.1882205	6.358444	-6.453595
8357	1	225.5302	0	225.5302	0.1604719	0.8411879	0.002353722	4.319431	3.041637
8358	0	-277.5495	0	-277.5495	0.06170903	0.6231509	0.1282112	11.23251	-6.43361
8359	1	222.7533	0	222.7533	0.1550559	0.8357132	0.00182264	4.470306	3.047448
8360	0	-277.3996	0	-277.3996	0.08242392	0.7025057	0.1524431	8.409539	-6.43361
8361	1	225.3588	0	225.3588	0.1138971	0.7784183	0.001880167	6.085734	3.047448
8362	0	-279.2503	0	-279.2503	0.06763393	0.6491902	0.1580556	10.24851	-6.304721
8363	1	225.3044	0	225.3044	0.1022305	0.7548026	0.001584131	6.780236	3.047448
8364	0	-279.8172	0	-279.8172	0.09888225	0.74716	0.1622429	7.009824	-6.550146
8365	1	225.6208	0	225.6208	0.1257466	0.7984278	0.001997294	5.512252	3.047448
8366	0	-281.5756	0	-281.5756	0.08914962	0.7223212	0.2204553	7.7751	-6.366096
8367	1	225.1332	0	225.1332	0.1015852	0.7533624	0.001515709	6.823307	3.047448
8368	0	-278.2959	0	-278.2959	0.08094074	0.697802	0.1688857	8.563637	-6.525225
8369	1	225.4008	0	225.4008	0.162528	0.8431744	0.002444029	4.264787	3.047448
8370	0	-278.3154	0	-278.3154	0.0920324	0.7301171	0.1688857	7.531556	-6.524915
8371	1	224.8436	0	224.8436	0.188666	0.864752	0.002808297	3.673938	3.047448
8372	0	-279.1172	0	-279.1172	0.1150385	0.7805048	0.1988747	6.025348	-6.488917
8373	1	225.3815	0	225.3815	0.1636084	0.8441989	0.002458721	4.236624	3.047448
8374	0	-279.7138	0	-279.7138	0.1234414	0.7948055	0.2198898	5.615191	-6.347887
8375	1	224.3542	0	224.3542	0.1925374	0.86746	0.002540211	3.600065	3.047448
8376	0	-277.3787	0	-277.3787	0.08241057	0.702464	0.1562192	8.410901	-6.447824
8377	1	225.0689	0	225.0689	0.1799161	0.8582103	0.002662891	3.852614	3.047448
8378	0	-278.4886	0	-278.4886	0.07421453	0.6747681	0.1618439	9.339778	-6.327674
8379	1	223.809	0	223.809	0.2212878	0.8846386	0.002967594	3.132333	3.047448
8380	0	-280.1675	0	-280.1675	0.1258539	0.7985935	0.225123	5.507552	-6.32808
8381	1	222.4525	0	222.4525	0.1581849	0.8389201	0.001838569	4.38188	3.047448
8382	0	-277.805	0	-277.805	0.07583142	0.6805735	0.1627013	9.140633	-6.457573
8383	1	225.2694	0	225.2694	0.1656001	0.8460536	0.002533598	4.18567	3.047448
8384	0	-279.3496	0	-279.3496	0.07729376	0.6856735	0.1331509	8.967699	-6.300147
8385	1	225.6359	0	225.6359	0.1228486	0.7938542	0.001946367	5.642287	3.047448
8386	0	-277.9631	0	-277.9631	0.07765472	0.6869109	0.1369104	8.926015	-6.38036
8387	1	225.037	0	225.037	0.09855286	0.7463849	0.00164522	7.033253	3.047448
8388	0	-279.8797	0	-279.8797	0.1078854	0.766797	0.2297675	6.424847	-6.473116
8389	1	225.6871	0	225.6871	0.1197319	0.7887133	0.001863845	5.789158	3.047448
8390	0	-279.1057	0	-279.1057	0.1066552	0.7642799	0.214606	6.498952	-6.368074
8391	1	224.3298	0	224.3298	0.1505702	0.830894	0.002078446	4.603483	3.034312
8392	0	-277.7444	0	-277.7444	0.07996185	0.6946267	0.1676543	8.668474	-6.412993
8393	1	223.1012	0	223.1012	0.1889172	0.8649311	0.002462227	3.669053	3.034312
8394	0	-278.9201	0	-278.9201	0.1109457	0.7728496	0.2146801	6.247624	-6.381612
8395	1	223.1328	0	223.1328	0.2141644	0.8808081	0.003151064	3.236519	3.034312
8396	0	-278.7767	0	-278.7767	0.1122203	0.775286	0.2147504	6.176662	-6.416053
8397	1	221.2472	0	221.2472	0.1986006	0.8714919	0.003590037	3.490157	3.034312
8398	0	-278.3185	0	-278.3185	0.06431149	0.634969	0.1393476	10.77797	-6.317692
8399	1	224.0205	0	224.0205	0.1542942	0.8349138	0.00227543	4.492373	3.032187
8400	0	-277.6892	0	-277.6892	0.06646662	0.6443001	0.1446577	10.4285	-6.471752
8401	1	224.19	0	224.19	0.1729052	0.8525018	0.002874974	4.008827	3.039294
8402	0	-278.6881	0	-278.6881	0.09087189	0.7270259	0.1588325	7.62774	-6.32051
8403	1	225.1966	0	225.1966	0.1582811	0.8390168	0.002197252	4.379216	3.039294
8404	0	-280.5059	0	-280.5059	0.08077746	0.6972764	0.1992055	8.580948	-6.406143
8405	1	225.0709	0	225.0709	0.1611307	0.8418298	0.002207263	4.301769	3.039294
8406	0	-278.1828	0	-278.1828	0.08970708	0.7238596	0.1540322	7.726784	-6.368285
8407	1	224.037	0	224.037	0.1609098	0.8416151	0.002237183	4.307675	3.054861
8408	0	-279.7073	0	-279.7073	0.08952129	0.7233485	0.173055	7.742819	-6.601216
8409	1	223.8995	0	223.8995	0.1097662	0.7705514	0.001505454	6.314757	3.053632
8410	0	-277.7514	0	-277.7514	0.06675933	0.6455369	0.1450452	10.38278	-6.485041
8411	1	224.4667	0	224.4667	0.1016901	0.7535975	0.001692976	6.816269	3.053632
8412	0	-278.221	0	-278.221	0.06034439	0.6167008	0.1252883	11.48652	-6.535401
8413	1	224.5575	0	224.5575	0.1508162	0.8311654	0.002367556	4.595973	3.053632
8414	0	-277.7524	0	-277.7524	0.06513068	0.6385631	0.1275501	10.64241	-6.377452
8415	1	223.004	0	223.004	0.2129078	0.880106	0.002887751	3.255622	3.053632
8416	0	-279.9302	0	-279.9302	0.08414767	0.7078149	0.1375869	8.237271	-6.558341
8417	1	224.4715	0	224.4715	0.1612247	0.8419209	0.002299749	4.299263	3.053632
8418	0	-278.8806	0	-278.8806	0.1072675	0.7655389	0.1977612	6.461857	-6.510809
8419	1	218.2433	0	218.2433	0.2009003	0.8729584	0.004186439	3.450204	3.042522
8420	0	-280.3978	0	-280.3978	0.05660987	0.5980992	0.132099	12.24428	-6.218578
8421	1	224.6715	0	224.6715	0.1940539	0.8684918	0.002973373	3.571931	3.042522
8422	0	-277.5424	0	-277.5424	0.06919415	0.6555533	0.1407707	10.01743	-6.375516
8423	1	224.0395	0	224.0395	0.219707	0.8838099	0.002976831	3.15487	3.042522
8424	0	-277.686	0	-277.686	0.0839827	0.7073139	0.1488786	8.253452	-6.459663
8425	1	224.0058	0	224.0058	0.2258855	0.8869835	0.00314907	3.068578	3.042522
8426	0	-279.5761	0	-279.5761	0.06162925	0.6227787	0.140174	11.24705	-6.25409
8427	1	224.5245	0	224.5245	0.1623048	0.8429611	0.002730963	4.270652	3.042522
8428	0	-279.9108	0	-279.9108	0.08742606	0.7174679	0.1536055	7.928382	-6.259702
8429	1	224.6834	0	224.6834	0.2001032	0.8724539	0.002911404	3.463949	3.046285
8430	0	-278.1005	0	-278.1005	0.06482745	0.6372395	0.1441756	10.69219	-6.351492
8431	1	223.1671	0	223.1671	0.1723918	0.8520659	0.002522369	4.020767	3.057654
8432	0	-277.7876	0	-277.7876	0.06635592	0.6438304	0.1376368	10.4459	-6.512999
8433	1	222.8379	0	222.8379	0.1180807	0.7858915	0.002128152	5.870114	3.057654
8434	0	-278.1364	0	-278.1364	0.08495187	0.7102356	0.1807267	8.159293	-6.424776
8435	1	223.9737	0	223.9737	0.1156745	0.7816516	0.001820681	5.992221	3.057654
8436	0	-278.2652	0	-278.2652	0.05269437	0.5769823	0.1160345	13.1541	-6.376913
8437	1	225.0977	0	225.0977	0.1133594	0.7774226	0.001633708	6.1146	3.03809
8438	0	-279.1872	0	-279.1872	0.1100055	0.7710211	0.209545	6.301022	-6.511841
8439	1	225.1972	0	225.1972	0.1534051	0.833971	0.002172783	4.518411	3.03809
8440	0	-278.2654	0	-278.2654	0.09537547	0.7386833	0.1941953	7.267563	-6.434502
8441	1	224.7733	0	224.7733	0.1796077	0.8579684	0.002587572	3.85923	3.03809
8442	0	-278.8289	0	-278.8289	0.1170863	0.7841579	0.2073383	5.91997	-6.434502
8443	1	223.3766	0	223.3766	0.1784275	0.8570349	0.003072913	3.884755	3.03809
8444	0	-280.0786	0	-280.0786	0.09780878	0.7446182	0.1822247	7.086758	-6.256589
8445	1	225.2162	0	225.2162	0.1541055	0.8347146	0.002198493	4.497874	3.03809
8446	0	-278.2869	0	-278.2869	0.08899055	0.7218795	0.1875214	7.788997	-6.408773
8447	1	223.4981	0	223.4981	0.2234803	0.8857688	0.003039206	3.101602	3.03809
8448	0	-278.4935	0	-278.4935	0.1043796	0.7594906	0.1750396	6.640641	-6.401752
8449	1	225.4239	0	225.4239	0.1423596	0.8213277	0.0022855	4.868989	3.041596
8450	0	-277.837	0	-277.837	0.08872599	0.721142	0.1777398	7.812223	-6.394536
8451	1	220.6778	0	220.6778	0.306724	0.916758	0.005044634	2.25984	3.041596
8452	0	-277.3378	0	-277.3378	0.08067576	0.6969481	0.155273	8.591765	-6.420493
8453	1	224.2819	0	224.2819	0.2081307	0.8773602	0.003172445	3.330346	3.041596
8454	0	-277.7513	0	-277.7513	0.06841784	0.6524116	0.1367412	10.13109	-6.512206
8455	1	225.3113	0	225.3113	0.1530754	0.8336187	0.002079859	4.528143	3.041596
8456	0	-277.4107	0	-277.4107	0.0680449	0.6508852	0.1408823	10.18661	-6.411782
8457	1	221.1593	0	221.1593	0.1981486	0.8711998	0.002226527	3.498117	3.041596
8458	0	-278.6652	0	-278.6652	0.09183017	0.7295829	0.1715898	7.548142	-6.548033
8459	1	224.9767	0	224.9767	0.1117191	0.7743336	0.001536624	6.204377	3.045121
8460	0	-278.619	0	-278.619	0.1135754	0.7778236	0.202047	6.102971	-6.428633
8461	1	225.0287	0	225.0287	0.1434003	0.8225975	0.002401963	4.833651	3.045121
8462	0	-279.2818	0	-279.2818	0.1124016	0.7756286	0.1830047	6.1667	-6.475937
8463	1	225.4963	0	225.4963	0.1387668	0.816807	0.001900081	4.995052	3.045121
8464	0	-278.8237	0	-278.8237	0.08964701	0.7236945	0.1649542	7.731961	-6.560055
8465	1	225.2882	0	225.2882	0.1179524	0.7856692	0.001983655	5.876501	3.045121
8466	0	-278.9133	0	-278.9133	0.05242261	0.5754511	0.123911	13.22229	-6.312201
8467	1	225.2676	0	225.2676	0.1732003	0.8527511	0.00241336	4.001997	3.045121
8468	0	-277.968	0	-277.968	0.08079547	0.6973344	0.1432785	8.579035	-6.364207
8469	1	225.6492	0	225.6492	0.1473109	0.8272173	0.002253938	4.705335	3.04669
8470	0	-278.562	0	-278.562	0.0822822	0.7020618	0.1607546	8.424023	-6.298579
8471	1	223.5108	0	223.5108	0.1526419	0.8331534	0.001846091	4.541001	3.04669
8472	0	-280.4205	0	-280.4205	0.070342	0.6601124	0.1684079	9.853958	-6.60003
8473	1	223.7789	0	223.7789	0.1566005	0.8373116	0.001917573	4.426214	3.04669
8474	0	-278.4518	0	-278.4518	0.1069	0.7647848	0.1996499	6.48407	-6.385506
8475	1	225.1753	0	225.1753	0.1785437	0.8571274	0.002573678	3.882226	3.04669
8476	0	-279.2569	0	-279.2569	0.1187942	0.7871194	0.1953362	5.834857	-6.421008
8477	1	224.5222	0	224.5222	0.1392445	0.8174207	0.002423603	4.977913	3.04669
8478	0	-280.5948	0	-280.5948	0.1227226	0.7936508	0.1864375	5.648083	-6.39223
8479	1	225.4406	0	225.4406	0.1460206	0.8257188	0.002324382	4.746913	3.04669
8480	0	-278.4656	0	-278.4656	0.1076233	0.7662649	0.2039581	6.440493	-6.447773
8481	1	224.7421	0	224.7421	0.1656698	0.8461178	0.002158183	4.183908	3.04669
8482	0	-279.474	0	-279.474	0.101669	0.7535502	0.1932007	6.817684	-6.560877
8483	1	224.8681	0	224.8681	0.1931758	0.8678963	0.002750814	3.588168	3.042284
8484	0	-277.5419	0	-277.5419	0.07717914	0.6852788	0.1453822	8.981017	-6.376993
8485	1	224.596	0	224.596	0.1358917	0.8130288	0.001743696	5.100734	3.042284
8486	0	-278.2859	0	-278.2859	0.06904486	0.6549529	0.1350289	10.03908	-6.313495
8487	1	225.7007	0	225.7007	0.1476636	0.8276226	0.002240748	4.694096	3.042284
8488	0	-280.271	0	-280.271	0.08763299	0.7180585	0.1334481	7.909661	-6.493117
8489	1	223.858	0	223.858	0.1402788	0.818736	0.001777252	4.941211	3.05106
8490	0	-278.0198	0	-278.0198	0.09338805	0.7336503	0.1642611	7.422226	-6.373098
8491	1	223.7536	0	223.7536	0.2248778	0.8864777	0.003488172	3.082328	3.042984
8492	0	-277.6232	0	-277.6232	0.08749852	0.717675	0.1683166	7.921816	-6.38794
8493	1	225.2307	0	225.2307	0.1341974	0.810732	0.002237429	5.165131	3.042984
8494	0	-277.6787	0	-277.6787	0.06845871	0.6525782	0.1442452	10.12504	-6.369573
8495	1	224.3597	0	224.3597	0.2049885	0.875485	0.003157511	3.381396	3.042984
8496	0	-278.1234	0	-278.1234	0.08214197	0.7016214	0.175469	8.438405	-6.469873
8497	1	224.6757	0	224.6757	0.1910319	0.8664198	0.002965539	3.628437	3.042984
8498	0	-278.714	0	-278.714	0.08779198	0.7185107	0.1501369	7.895336	-6.329309
8499	1	225.3572	0	225.3572	0.1078858	0.7667978	0.001785834	6.424824	3.042984
8500	0	-277.5473	0	-277.5473	0.08736722	0.7172997	0.1677063	7.933721	-6.401537
8501	1	224.7663	0	224.7663	0.1039128	0.7584864	0.001826281	6.670469	3.042984
8502	0	-277.5718	0	-277.5718	0.07354268	0.6723029	0.1349445	9.425101	-6.441582
8503	1	225.2776	0	225.2776	0.1471266	0.8270048	0.002393743	4.71123	3.042984
8504	0	-278.123	0	-278.123	0.0938282	0.7347797	0.1632767	7.387408	-6.370005
8505	1	224.6691	0	224.6691	0.1369684	0.8144611	0.001760718	5.060635	3.042984
8506	0	-277.882	0	-277.882	0.07351556	0.6722028	0.1504482	9.428578	-6.522097
8507	1	225.5263	0	225.5263	0.1382433	0.8161301	0.002169637	5.013964	3.048367
8508	0	-281.1181	0	-281.1181	0.08142257	0.6993441	0.1722308	8.512962	-6.657809
8509	1	225.2678	0	225.2678	0.1662024	0.8466061	0.00248	4.170499	3.048367
8510	0	-278.1	0	-278.1	0.07365515	0.6727178	0.1624414	9.410709	-6.381591
8511	1	225.2823	0	225.2823	0.1463734	0.8261311	0.002340172	4.735471	3.048367
8512	0	-278.7097	0	-278.7097	0.09299427	0.7326325	0.1986034	7.453655	-6.414251
8513	1	224.7746	0	224.7746	0.1830106	0.860594	0.00251117	3.787471	3.048367
8514	0	-279.3591	0	-279.3591	0.1135778	0.7778282	0.2284527	6.102838	-6.446653
8515	1	224.8627	0	224.8627	0.1121031	0.7750638	0.001776479	6.183125	3.053364
8516	0	-279.1075	0	-279.1075	0.07713948	0.685142	0.1700373	8.985635	-6.301918
8517	1	222.7743	0	222.7743	0.08778833	0.7185004	0.00152913	7.895664	3.029701
8518	0	-279.572	0	-279.572	0.1208403	0.7905687	0.1949076	5.736061	-6.440081
8519	1	224.2093	0	224.2093	0.1527206	0.833238	0.002114322	4.538661	3.033831
8520	0	-280.3059	0	-280.3059	0.06843359	0.6524758	0.1766813	10.12876	-6.425636
8521	1	224.8747	0	224.8747	0.1325613	0.8084625	0.002221873	5.22888	3.050099
8522	0	-279.805	0	-279.805	0.102191	0.7547147	0.2178764	6.782862	-6.510896
8523	1	224.6092	0	224.6092	0.1338695	0.8102813	0.001764823	5.177782	3.050099
8524	0	-280.5389	0	-280.5389	0.116122	0.7824519	0.2464825	5.969128	-6.48445
8525	1	225.3543	0	225.3543	0.1429763	0.8220823	0.002210569	4.847985	3.050099
8526	0	-277.8108	0	-277.8108	0.08372374	0.7065245	0.1553556	8.27898	-6.505025
8527	1	225.2489	0	225.2489	0.1500091	0.8302719	0.002362223	4.620701	3.039203
8528	0	-278.5596	0	-278.5596	0.09832746	0.745852	0.2002658	7.049375	-6.38753
8529	1	224.8828	0	224.8828	0.1796278	0.8579842	0.002532419	3.858797	3.039203
8530	0	-278.3723	0	-278.3723	0.1023686	0.7551088	0.2014692	6.77109	-6.432668
8531	1	225.4899	0	225.4899	0.1396282	0.8179107	0.002162879	4.964235	3.039203
8532	0	-277.5902	0	-277.5902	0.0714757	0.6645167	0.1527924	9.697661	-6.418985
8533	1	225.1184	0	225.1184	0.1415562	0.8203355	0.001872117	4.896621	3.042899
8534	0	-279.7512	0	-279.7512	0.1210686	0.7909472	0.202674	5.725242	-6.498002
8535	1	225.4976	0	225.4976	0.1503941	0.8306992	0.002070028	4.608872	3.042899
8536	0	-279.2937	0	-279.2937	0.1194038	0.7881582	0.2231668	5.805066	-6.474419
8537	1	224.9727	0	224.9727	0.1900874	0.8657589	0.002759111	3.646466	3.042899
8538	0	-278.196	0	-278.196	0.1026795	0.7557956	0.1775326	6.750591	-6.408669
8539	1	225.296	0	225.296	0.1695869	0.8496396	0.002349683	4.087268	3.042899
8540	0	-279.5351	0	-279.5351	0.09636945	0.7411372	0.2006972	7.192603	-6.309434
8541	1	224.9712	0	224.9712	0.1561409	0.8368392	0.00210209	4.439241	3.039215
8542	0	-277.8318	0	-277.8318	0.0891499	0.722322	0.1619471	7.775075	-6.367782
8543	1	222.7833	0	222.7833	0.1428054	0.8218738	0.002159269	4.853788	3.06074
8544	0	-278.0674	0	-278.0674	0.09248881	0.7313159	0.1583364	7.494389	-6.466603
8545	1	224.4598	0	224.4598	0.1437424	0.823011	0.002191382	4.822149	3.033276
8546	0	-278.8214	0	-278.8214	0.1162637	0.7827041	0.2129044	5.961855	-6.412277
8547	1	224.0364	0	224.0364	0.15627	0.8369722	0.002483486	4.435574	3.033276
8548	0	-279.1578	0	-279.1578	0.1027497	0.7559503	0.2022308	6.745976	-6.325119
8549	1	224.8115	0	224.8115	0.1601826	0.8409045	0.002484113	4.327232	3.036767
8550	0	-278.8974	0	-278.8974	0.06835784	0.6521668	0.1325564	10.13998	-6.583181
8551	1	224.8882	0	224.8882	0.15892	0.8396559	0.002439385	4.361611	3.036767
8552	0	-277.8164	0	-277.8164	0.08614867	0.713774	0.1765048	8.045942	-6.419628
8553	1	222.6637	0	222.6637	0.1972377	0.8706069	0.003213492	3.514274	3.055173
8554	0	-279.1076	0	-279.1076	0.06617829	0.6430747	0.1397922	10.47394	-6.60131
8555	1	221.0645	0	221.0645	0.260041	0.9018174	0.004119644	2.66553	3.055173
8556	0	-277.7624	0	-277.7624	0.07946121	0.6929804	0.1563354	8.723089	-6.509805
8557	1	222.5691	0	222.5691	0.2178135	0.8828014	0.003015567	3.182297	3.055173
8558	0	-277.7194	0	-277.7194	0.09346197	0.7338406	0.1671806	7.416355	-6.416217
8559	1	221.7615	0	221.7615	0.2384581	0.8929362	0.003192803	2.906788	3.055173
8560	0	-278.5865	0	-278.5865	0.08892181	0.7216882	0.1886169	7.795019	-6.490848
8561	1	223.1792	0	223.1792	0.1979873	0.8710952	0.002787142	3.500967	3.055173
8562	0	-278.4038	0	-278.4038	0.07016637	0.6594214	0.1611052	9.878623	-6.479713
8563	1	221.6147	0	221.6147	0.2536541	0.8993463	0.00355772	2.732647	3.055173
8564	0	-277.8678	0	-277.8678	0.06419683	0.6344612	0.1386563	10.79722	-6.358326
8565	1	224.5707	0	224.5707	0.1630963	0.8437149	0.002721637	4.249926	3.041484
8566	0	-277.6509	0	-277.6509	0.07156102	0.6648442	0.1427221	9.686099	-6.358326
8567	1	224.7811	0	224.7811	0.1933983	0.8680476	0.002871767	3.584041	3.041484
8568	0	-279.5873	0	-279.5873	0.08255019	0.7029003	0.1880278	8.396676	-6.531642
8569	1	224.9163	0	224.9163	0.1752676	0.8544751	0.002753491	3.954795	3.041484
8570	0	-279.2502	0	-279.2502	0.105431	0.7617253	0.2074476	6.574416	-6.330166
8571	1	224.5546	0	224.5546	0.2030729	0.8743136	0.002852782	3.413293	3.041484
8572	0	-278.458	0	-278.458	0.05597487	0.5947909	0.1185399	12.38319	-6.334958
8573	1	225.4473	0	225.4473	0.1632443	0.8438551	0.002436811	4.246073	3.041484
8574	0	-277.5676	0	-277.5676	0.08768162	0.718197	0.1672886	7.905273	-6.462026
8575	1	223.7699	0	223.7699	0.1604467	0.8411633	0.002829808	4.320109	3.041484
8576	0	-277.64	0	-277.64	0.08368313	0.7064004	0.1702212	8.282998	-6.426541
8577	1	224.2083	0	224.2083	0.1848961	0.862008	0.003035922	3.748848	3.041484
8578	0	-277.3975	0	-277.3975	0.07848969	0.6897416	0.1546196	8.83106	-6.462825
8579	1	225.4143	0	225.4143	0.1672676	0.8475736	0.002498556	4.143942	3.045947
8580	0	-278.1193	0	-278.1193	0.05848835	0.6076346	0.1355327	11.85103	-6.380113
8581	1	224.992	0	224.992	0.1492501	0.8294232	0.002292398	4.6442	3.052042
8582	0	-277.9175	0	-277.9175	0.0715634	0.6648533	0.1581029	9.685778	-6.406661
8583	1	225.4705	0	225.4705	0.1488817	0.8290084	0.002176455	4.65569	3.039117
8584	0	-277.8861	0	-277.8861	0.09299697	0.7326395	0.1746869	7.453438	-6.372151
8585	1	225.4716	0	225.4716	0.1411665	0.8198504	0.002182268	4.910138	3.039117
8586	0	-278.3041	0	-278.3041	0.09096346	0.7272721	0.1716263	7.620061	-6.329313
8587	1	224.2822	0	224.2822	0.09519157	0.7382247	0.001728425	7.281603	3.043277
8588	0	-278.3282	0	-278.3282	0.08888396	0.7215827	0.1566547	7.798338	-6.519975
8589	1	225.6263	0	225.6263	0.1114407	0.7738015	0.001663524	6.219875	3.044256
8590	0	-277.4113	0	-277.4113	0.0755964	0.6797407	0.1542842	9.16905	-6.446453
8591	1	222.4953	0	222.4953	0.09804426	0.7451797	0.001972325	7.069737	3.044256
8592	0	-279.0036	0	-279.0036	0.119326	0.788026	0.2088304	5.808855	-6.445505
8593	1	224.6226	0	224.6226	0.1690377	0.8491553	0.002793777	4.100549	3.044256
8594	0	-279.9736	0	-279.9736	0.11817	0.7860459	0.2229977	5.865678	-6.530042
8595	1	225.7294	0	225.7294	0.1451928	0.8247442	0.002060653	4.773978	3.044256
8596	0	-279.173	0	-279.173	0.08576324	0.7126428	0.1432961	8.082101	-6.538556
8597	1	225.0743	0	225.0743	0.1110319	0.7730159	0.001795842	6.242773	3.037151
8598	0	-278.5718	0	-278.5718	0.09721665	0.7431964	0.1963845	7.129922	-6.364738
8599	1	225.0153	0	225.0153	0.1252238	0.7976169	0.001895306	5.535265	3.035254
8600	0	-279.9622	0	-279.9622	0.1352599	0.8121785	0.234245	5.12456	-6.411933
8601	1	223.9906	0	223.9906	0.09721801	0.7431996	0.001421227	7.129822	3.035254
8602	0	-277.5406	0	-277.5406	0.08619706	0.7139155	0.1648069	8.041425	-6.465438
8603	1	224.5776	0	224.5776	0.1337988	0.8101837	0.002204584	5.18052	3.035254
8604	0	-277.7014	0	-277.7014	0.09163261	0.7290592	0.1639076	7.564416	-6.405236
8605	1	224.0146	0	224.0146	0.1631702	0.8437849	0.00233476	4.248002	3.033007
8606	0	-277.6586	0	-277.6586	0.0746763	0.6764443	0.1558985	9.282024	-6.482046
8607	1	220.8417	0	220.8417	0.1586153	0.8393517	0.003054848	4.36999	3.033007
8608	0	-277.6995	0	-277.6995	0.07858517	0.6900625	0.1617463	8.82033	-6.482872
8609	1	223.9216	0	223.9216	0.1202985	0.7896657	0.001663902	5.761891	3.033007
8610	0	-280.1365	0	-280.1365	0.0391801	0.4888039	0.1174826	17.69131	-6.413091
8611	1	224.641	0	224.641	0.09049534	0.7260093	0.00144821	7.659479	3.048868
8612	0	-277.9968	0	-277.9968	0.08129551	0.6989388	0.1475747	8.526266	-6.345626
8613	1	224.7752	0	224.7752	0.1510531	0.8314259	0.001948684	4.588766	3.045697
8614	0	-278.754	0	-278.754	0.04850349	0.5523542	0.1212355	14.29067	-6.501642
8615	1	224.7701	0	224.7701	0.1159159	0.7820841	0.001836762	5.97974	3.054062
8616	0	-277.4146	0	-277.4146	0.06570873	0.6410641	0.1345751	10.54878	-6.441397
8617	1	222.7747	0	222.7747	0.08561926	0.7122182	0.001702144	8.095692	3.042197
8618	0	-278.0489	0	-278.0489	0.07839041	0.6894074	0.1659854	8.842244	-6.360629
8619	1	225.3811	0	225.3811	0.1527957	0.8333188	0.002291448	4.536431	3.049472
8620	0	-278.6191	0	-278.6191	0.09789372	0.744821	0.1761755	7.080609	-6.328538
8621	1	222.0231	0	222.0231	0.1350546	0.8119007	0.00264528	5.132349	3.049472
8622	0	-277.4642	0	-277.4642	0.08223129	0.701902	0.1516303	8.429238	-6.401853
8623	1	221.8172	0	221.8172	0.1738144	0.8532674	0.003283598	3.987859	3.048263
8624	0	-279.1384	0	-279.1384	0.08292581	0.7040688	0.1320948	8.358642	-6.410309
8625	1	221.5633	0	221.5633	0.1619879	0.8426573	0.003137688	4.279006	3.048263
8626	0	-277.6645	0	-277.6645	0.07349104	0.6721121	0.1352887	9.431724	-6.389503
8627	1	223.08	0	223.08	0.1691151	0.8492237	0.003037963	4.098672	3.048263
8628	0	-277.4481	0	-277.4481	0.07115061	0.6632636	0.1347673	9.741971	-6.436976
8629	1	224.7791	0	224.7791	0.1597854	0.8405137	0.00261722	4.337989	3.048263
8630	0	-278.2542	0	-278.2542	0.05292419	0.5782704	0.1272444	13.09698	-6.415909
8631	1	222.2029	0	222.2029	0.1106079	0.7721957	0.002217982	6.266708	3.048263
8632	0	-279.3324	0	-279.3324	0.1170573	0.784107	0.2164634	5.921437	-6.497587
8633	1	225.2125	0	225.2125	0.1687643	0.8489131	0.002529735	4.107191	3.048263
8634	0	-280.6656	0	-280.6656	0.1407043	0.8192718	0.2440773	4.926268	-6.359603
8635	1	222.0807	0	222.0807	0.1677605	0.8480173	0.002054335	4.131767	3.05509
8636	0	-278.8938	0	-278.8938	0.07082997	0.66202	0.1579115	9.786072	-6.561493
8637	1	224.3938	0	224.3938	0.1140758	0.7787474	0.001667752	6.0762	3.05509
8638	0	-278.2236	0	-278.2236	0.07872221	0.6905221	0.1355736	8.804976	-6.484132
8639	1	223.7642	0	223.7642	0.08891668	0.7216739	0.001449013	7.795469	3.05509
8640	0	-278.4884	0	-278.4884	0.08062835	0.6967949	0.144583	8.596817	-6.31782
8641	1	224.5392	0	224.5392	0.09249559	0.7313336	0.001513409	7.49384	3.051218
8642	0	-279.0293	0	-279.0293	0.07189003	0.6661023	0.120432	9.641771	-6.471174
8643	1	225.0841	0	225.0841	0.1743599	0.853723	0.002692621	3.975382	3.041879
8644	0	-277.6771	0	-277.6771	0.07169154	0.6653442	0.1342756	9.668466	-6.484267
8645	1	225.1325	0	225.1325	0.12622	0.7991568	0.001692215	5.491581	3.044145
8646	0	-278.4238	0	-278.4238	0.09018709	0.7251722	0.1631145	7.685659	-6.32384
8647	1	224.5624	0	224.5624	0.1865027	0.8631907	0.002444594	3.716554	3.044145
8648	0	-279.9224	0	-279.9224	0.05524646	0.5909418	0.1111411	12.54645	-6.598321
8649	1	225.8711	0	225.8711	0.1367242	0.814138	0.002023885	5.069675	3.044145
8650	0	-279.5346	0	-279.5346	0.06818392	0.6514555	0.1473316	10.16585	-6.248401
8651	1	225.1549	0	225.1549	0.1790054	0.8574935	0.002703514	3.872214	3.044145
8652	0	-278.085	0	-278.085	0.05477486	0.5884182	0.1283198	12.65448	-6.460419
8653	1	223.4919	0	223.4919	0.2439761	0.8953559	0.003629642	2.841045	3.044145
8654	0	-277.3935	0	-277.3935	0.07840296	0.6894497	0.1540488	8.840829	-6.39792
8655	1	224.745	0	224.745	0.1979323	0.8710595	0.002945711	3.501941	3.044145
8656	0	-278.404	0	-278.404	0.056006	0.5949541	0.1121478	12.3763	-6.390855
8657	1	224.7728	0	224.7728	0.1697954	0.8498226	0.002211616	4.082249	3.044145
8658	0	-277.5511	0	-277.5511	0.08178363	0.7004908	0.1516699	8.475378	-6.478085
8659	1	224.894	0	224.894	0.1260908	0.7989584	0.001662353	5.497205	3.044145
8660	0	-277.3751	0	-277.3751	0.07289982	0.6699143	0.140424	9.508215	-6.405734
8661	1	224.9941	0	224.9941	0.1478948	0.8278873	0.001932968	4.686758	3.044145
8662	0	-278.1216	0	-278.1216	0.09293721	0.7324844	0.1878538	7.458231	-6.395831
8663	1	225.0153	0	225.0153	0.177125	0.8559905	0.002760197	3.913323	3.044145
8664	0	-277.8545	0	-277.8545	0.0983871	0.7459932	0.1807973	7.045102	-6.421815
8665	1	224.4275	0	224.4275	0.1887982	0.8648464	0.003035672	3.671365	3.044192
8666	0	-278.9353	0	-278.9353	0.1093393	0.769709	0.1970101	6.339415	-6.507221
8667	1	225.2826	0	225.2826	0.1604817	0.8411976	0.002170193	4.319165	3.044192
8668	0	-278.1882	0	-278.1882	0.060519	0.6175362	0.1325289	11.45338	-6.334696
8669	1	225.1958	0	225.1958	0.1020965	0.7545048	0.001709001	6.789136	3.044192
8670	0	-278.4869	0	-278.4869	0.08145914	0.6994606	0.1497928	8.509139	-6.552242
8671	1	225.6848	0	225.6848	0.117377	0.7846675	0.001712661	5.905305	3.044192
8672	0	-279.37	0	-279.37	0.1197792	0.7887931	0.1982743	5.786874	-6.389065
8673	1	225.3258	0	225.3258	0.14434	0.8237291	0.002005189	4.802184	3.039309
8674	0	-279.9588	0	-279.9588	0.1316516	0.8071781	0.2314334	5.265012	-6.474936
8675	1	224.9943	0	224.9943	0.186702	0.8633361	0.002620366	3.712586	3.042488
8676	0	-278.16	0	-278.16	0.1036906	0.7580056	0.1843529	6.684763	-6.450781
8677	1	225.4432	0	225.4432	0.1232019	0.7944222	0.002029118	5.626106	3.042488
8678	0	-278.1369	0	-278.1369	0.06759634	0.6490344	0.1224324	10.25421	-6.463219
8679	1	225.6189	0	225.6189	0.1403309	0.8188017	0.00195816	4.939377	3.042488
8680	0	-278.0196	0	-278.0196	0.08639992	0.7145072	0.1756349	8.022544	-6.492108
8681	1	221.7098	0	221.7098	0.2156194	0.881611	0.00384097	3.214679	3.049547
8682	0	-278.7495	0	-278.7495	0.05088299	0.5666074	0.1263301	13.62238	-6.360272
8683	1	222.8934	0	222.8934	0.2542756	0.8995922	0.00364399	2.725968	3.049547
8684	0	-282.279	0	-282.279	0.06836777	0.6522073	0.1903175	10.13851	-6.4514
8685	1	222.7776	0	222.7776	0.2581969	0.9011164	0.003657963	2.684568	3.049547
8686	0	-278.2364	0	-278.2364	0.05398596	0.5841407	0.1142728	12.8394	-6.387963
8687	1	223.332	0	223.332	0.1281187	0.8020314	0.001878278	5.410196	3.059409
8688	0	-277.5311	0	-277.5311	0.07877512	0.6906992	0.1578076	8.799063	-6.477622
8689	1	224.1604	0	224.1604	0.1611993	0.8418963	0.002407174	4.299938	3.033199
8690	0	-277.8267	0	-277.8267	0.09282921	0.7322038	0.1823865	7.466908	-6.424231
8691	1	224.1254	0	224.1254	0.1558726	0.8365621	0.002438044	4.446884	3.033199
8692	0	-277.7397	0	-277.7397	0.0741053	0.6743695	0.1509979	9.353544	-6.353954
8693	1	225.2044	0	225.2044	0.1257605	0.7984493	0.00198689	5.511644	3.036889
8694	0	-281.3282	0	-281.3282	0.03908831	0.4881106	0.1242124	17.73285	-6.334841
8695	1	224.6767	0	224.6767	0.1637783	0.8443588	0.002571175	4.232228	3.036889
8696	0	-278.6687	0	-278.6687	0.09724138	0.743256	0.1975829	7.12811	-6.494478
8697	1	225.0615	0	225.0615	0.1005729	0.7510721	0.001581773	6.891985	3.049854
8698	0	-278.1565	0	-278.1565	0.07432678	0.675177	0.1543346	9.325672	-6.32494
8699	1	224.8595	0	224.8595	0.106417	0.7637868	0.001640361	6.5135	3.035883
8700	0	-279.5264	0	-279.5264	0.1212498	0.7912467	0.235904	5.716685	-6.442931
8701	1	225.3838	0	225.3838	0.1114541	0.7738273	0.001622508	6.219124	3.04774
8702	0	-280.4049	0	-280.4049	0.1259038	0.7986705	0.2288981	5.50537	-6.531315
8703	1	225.4454	0	225.4454	0.1126867	0.7761653	0.001646667	6.151102	3.04774
8704	0	-281.0974	0	-281.0974	0.1390883	0.8172204	0.278405	4.983506	-6.447896
8705	1	223.7719	0	223.7719	0.1315734	0.8070669	0.002223491	5.268142	3.05611
8706	0	-281.1958	0	-281.1958	0.1369629	0.8144538	0.2093868	5.060838	-6.39878
8707	1	224.3839	0	224.3839	0.1230273	0.7941417	0.001915231	5.634094	3.05611
8708	0	-283.3826	0	-283.3826	0.1620323	0.8427	0.2376897	4.277833	-6.439778
8709	1	222.8773	0	222.8773	0.1737673	0.853228	0.002283518	3.988938	3.05611
8710	0	-279.1719	0	-279.1719	0.1209672	0.7907793	0.2088286	5.730042	-6.454036
8711	1	222.577	0	222.577	0.196835	0.8703432	0.002636978	3.521462	3.05611
8712	0	-279.964	0	-279.964	0.1301035	0.8049544	0.2134113	5.327661	-6.448323
8713	1	224.8994	0	224.8994	0.1769996	0.8558892	0.002760152	3.916094	3.041008
8714	0	-278.6761	0	-278.6761	0.1077289	0.7664795	0.1915804	6.434181	-6.492492
8715	1	225.0974	0	225.0974	0.1678812	0.8481256	0.002283354	4.128795	3.041008
8716	0	-283.3565	0	-283.3565	0.1218337	0.792206	0.2844757	5.68929	-6.518737
8717	1	223.7178	0	223.7178	0.1647068	0.8452271	0.002890099	4.20837	3.041008
8718	0	-278.7635	0	-278.7635	0.1063503	0.7636483	0.2116353	6.517587	-6.450008
8719	1	222.7812	0	222.7812	0.2598455	0.9017436	0.003964544	2.667535	3.041008
8720	0	-280.161	0	-280.161	0.0536065	0.5820578	0.1009627	12.93028	-6.34865
8721	1	221.9488	0	221.9488	0.2839839	0.9100932	0.004412069	2.440798	3.041008
8722	0	-278.4153	0	-278.4153	0.05765678	0.6034591	0.1202768	12.02196	-6.537744
8723	1	223.0777	0	223.0777	0.2574536	0.9008311	0.003703125	2.692319	3.041008
8724	0	-277.883	0	-277.883	0.08139517	0.6992568	0.1714253	8.515827	-6.458013
8725	1	221.4076	0	221.4076	0.261846	0.902494	0.003380284	2.647156	3.035307
8726	0	-280.7091	0	-280.7091	0.06140841	0.6217453	0.1476449	11.2875	-6.646577
8727	1	224.6501	0	224.6501	0.1614845	0.8421724	0.002398624	4.292344	3.035307
8728	0	-277.6752	0	-277.6752	0.08184974	0.7006999	0.1520388	8.468533	-6.365961
8729	1	225.0832	0	225.0832	0.1409786	0.8196156	0.002027483	4.916682	3.036345
8730	0	-280.3517	0	-280.3517	0.04180932	0.5080699	0.1123223	16.57877	-6.601031
8731	1	224.661	0	224.661	0.1011711	0.7524299	0.0015293	6.85124	3.036345
8732	0	-280.6523	0	-280.6523	0.04392775	0.5227938	0.1018002	15.77925	-6.26361
8733	1	223.5852	0	223.5852	0.08900363	0.7219158	0.001297807	7.787853	3.037593
8734	0	-283.1806	0	-283.1806	0.1771161	0.8559833	0.3440502	3.913519	-6.390054
8735	1	225.2032	0	225.2032	0.1516297	0.8320569	0.00218577	4.571314	3.037593
8736	0	-283.9681	0	-283.9681	0.1985448	0.871456	0.3248851	3.491138	-6.393412
8737	1	224.4283	0	224.4283	0.1553256	0.8359945	0.001959358	4.462544	3.044867
8738	0	-281.3371	0	-281.3371	0.1505268	0.8308461	0.2594532	4.604808	-6.486141
8739	1	225.7212	0	225.7212	0.1467107	0.8265233	0.002212128	4.724587	3.04209
8740	0	-278.287	0	-278.287	0.0617579	0.6233786	0.1458579	11.22362	-6.39999
8741	1	225.358	0	225.358	0.1251051	0.7974319	0.002073903	5.540519	3.04209
8742	0	-281.4894	0	-281.4894	0.1311353	0.8064419	0.19463	5.285739	-6.387109
8743	1	225.2004	0	225.2004	0.1390294	0.8171449	0.00230278	4.985614	3.04209
8744	0	-277.8762	0	-277.8762	0.07194671	0.6663182	0.1292873	9.634175	-6.45472
8745	1	225.1539	0	225.1539	0.1790401	0.857521	0.002666275	3.871463	3.04209
8746	0	-278.0822	0	-278.0822	0.07694538	0.6844712	0.141159	9.008302	-6.524294
8747	1	224.1692	0	224.1692	0.1144897	0.7795062	0.0014881	6.054232	3.04209
8748	0	-277.9167	0	-277.9167	0.06831279	0.6519827	0.1247637	10.14667	-6.424415
8749	1	225.5449	0	225.5449	0.1608515	0.8415584	0.002372152	4.309236	3.04209
8750	0	-277.9091	0	-277.9091	0.08791766	0.7188673	0.1751255	7.88405	-6.486846
8751	1	225.8307	0	225.8307	0.133253	0.8094283	0.00200114	5.201737	3.04209
8752	0	-278.3056	0	-278.3056	0.08205254	0.7013399	0.1612378	8.447602	-6.314186
8753	1	225.8053	0	225.8053	0.1235697	0.7950102	0.001877661	5.609364	3.04209
8754	0	-279.3957	0	-279.3957	0.09191076	0.729796	0.1630903	7.541524	-6.575556
8755	1	223.0266	0	223.0266	0.1859453	0.8627827	0.002730743	3.727693	3.057017
8756	0	-280.6109	0	-280.6109	0.05765743	0.6034624	0.1404414	12.02182	-6.64566
8757	1	223.5988	0	223.5988	0.1631445	0.8437606	0.002428242	4.248669	3.057017
8758	0	-280.2602	0	-280.2602	0.04237551	0.512073	0.1077395	16.35726	-6.60233
8759	1	224.9513	0	224.9513	0.142849	0.821927	0.001955123	4.852306	3.037479
8760	0	-278.5142	0	-278.5142	0.08505088	0.7105313	0.1770802	8.149794	-6.526681
8761	1	219.8872	0	219.8872	0.1016358	0.7534759	0.002224722	6.819909	3.037479
8762	0	-278.4382	0	-278.4382	0.08997429	0.7245917	0.162388	7.703836	-6.53423
8763	1	223.8149	0	223.8149	0.1928588	0.86768	0.002528009	3.594065	3.037479
8764	0	-277.7308	0	-277.7308	0.07811952	0.6884921	0.1440767	8.872906	-6.364252
8765	1	225.2888	0	225.2888	0.1435815	0.8228168	0.002180615	4.827551	3.037479
8766	0	-278.6741	0	-278.6741	0.1067687	0.7645142	0.1938178	6.492046	-6.354127
8767	1	224.2425	0	224.2425	0.2043087	0.8750718	0.003082846	3.392646	3.039377
8768	0	-278.5358	0	-278.5358	0.1045428	0.7598402	0.1742493	6.630269	-6.446951
8769	1	222.7988	0	222.7988	0.216834	0.8822729	0.002686612	3.196673	3.039377
8770	0	-280.2549	0	-280.2549	0.09582831	0.7398064	0.2204976	7.23322	-6.416124
8771	1	222.5623	0	222.5623	0.253579	0.8993165	0.003984456	2.733457	3.039377
8772	0	-278.5748	0	-278.5748	0.06758326	0.6489802	0.1548833	10.2562	-6.341325
8773	1	220.1142	0	220.1142	0.2834842	0.9099347	0.003702977	2.4451	3.032543
8774	0	-277.6901	0	-277.6901	0.05895184	0.609931	0.1244554	11.75785	-6.419136
8775	1	222.4037	0	222.4037	0.2519409	0.8986622	0.003822896	2.751229	3.051821
8776	0	-279.2208	0	-279.2208	0.1113529	0.7736331	0.2221086	6.22478	-6.468972
8777	1	219.5743	0	219.5743	0.3611056	0.9292937	0.004991597	1.919514	3.037036
8778	0	-279.9481	0	-279.9481	0.09664324	0.7418059	0.2184675	7.172226	-6.432549
8779	1	219.3233	0	219.3233	0.2827055	0.9096867	0.003889939	2.451835	3.058917
8780	0	-280.591	0	-280.591	0.1381646	0.8160278	0.248438	5.016821	-6.491635
8781	1	222.0327	0	222.0327	0.190026	0.8657157	0.002634113	3.647643	3.058917
8782	0	-281.3392	0	-281.3392	0.1205887	0.7901502	0.2631035	5.748028	-6.479203
8783	1	223.4659	0	223.4659	0.1304214	0.805415	0.001904792	5.314672	3.058917
8784	0	-277.5452	0	-277.5452	0.07738624	0.6859913	0.1514474	8.956982	-6.370474
8785	1	224.136	0	224.136	0.1665408	0.8469147	0.002092341	4.162027	3.047438
8786	0	-281.5987	0	-281.5987	0.1373487	0.8149619	0.2177129	5.046624	-6.517347
8787	1	224.3194	0	224.3194	0.1783174	0.8569472	0.002802601	3.887155	3.051392
8788	0	-281.1337	0	-281.1337	0.1088998	0.7688358	0.2439198	6.365	-6.502176
8789	1	224.3381	0	224.3381	0.1720593	0.8517823	0.002704717	4.028537	3.036121
8790	0	-278.7194	0	-278.7194	0.1099229	0.7708592	0.1836787	6.305756	-6.442278
8791	1	224.8165	0	224.8165	0.108632	0.7683008	0.001786409	6.380688	3.036121
8792	0	-277.8528	0	-277.8528	0.06173069	0.6232518	0.1402505	11.22857	-6.442278
8793	1	224.7006	0	224.7006	0.1020216	0.754338	0.00146016	6.794122	3.048929
8794	0	-278.1074	0	-278.1074	0.09447794	0.7364316	0.177017	7.336603	-6.500921
8795	1	225.0054	0	225.0054	0.1771342	0.855998	0.002573991	3.913119	3.048929
8796	0	-281.7635	0	-281.7635	0.1439129	0.8232165	0.2862018	4.816435	-6.346735
8797	1	222.0814	0	222.0814	0.1613608	0.8420527	0.003040037	4.295637	3.038075
8798	0	-277.3125	0	-277.3125	0.07539572	0.6790266	0.1502055	9.193455	-6.429575
8799	1	225.3888	0	225.3888	0.1653156	0.8457914	0.002318761	4.192872	3.042055
8800	0	-277.4522	0	-277.4522	0.06815248	0.6513266	0.1372512	10.17054	-6.393097
8801	1	223.4958	0	223.4958	0.1852837	0.8622952	0.0022676	3.741004	3.042055
8802	0	-278.2635	0	-278.2635	0.06978168	0.6578997	0.1477821	9.933082	-6.547088
8803	1	225.1328	0	225.1328	0.1718932	0.8516402	0.002661842	4.032429	3.042055
8804	0	-278.6725	0	-278.6725	0.05594727	0.5946462	0.1088742	12.38929	-6.458307
8805	1	225.7199	0	225.7199	0.1483667	0.8284251	0.002210307	4.671852	3.042055
8806	0	-278.9846	0	-278.9846	0.04917718	0.5564638	0.1136955	14.0949	-6.322937
8807	1	219.6867	0	219.6867	0.1163376	0.7828356	0.002541847	5.958065	3.042055
8808	0	-278.9338	0	-278.9338	0.04695331	0.5426677	0.1209292	14.76248	-6.37901
8809	1	224.5208	0	224.5208	0.1005483	0.7510159	0.001529103	6.893672	3.053205
8810	0	-278.7621	0	-278.7621	0.0640503	0.6338106	0.1143812	10.82192	-6.466955
8811	1	222.8182	0	222.8182	0.0880438	0.7192244	0.001410645	7.872754	3.059026
8812	0	-277.4087	0	-277.4087	0.06869539	0.6535403	0.1414185	10.09016	-6.406476
8813	1	223.5107	0	223.5107	0.08478911	0.7097485	0.001600918	8.174955	3.047668
8814	0	-281.0476	0	-281.0476	0.1093725	0.7697746	0.1594564	6.337492	-6.383952
8815	1	225.081	0	225.081	0.1158005	0.7818775	0.001969083	5.985701	3.047668
8816	0	-277.5416	0	-277.5416	0.0794692	0.6930068	0.1612247	8.722211	-6.4645
8817	1	225.3496	0	225.3496	0.1618371	0.8425124	0.002271438	4.282992	3.047668
8818	0	-279.6006	0	-279.6006	0.07064496	0.6612988	0.1492033	9.811701	-6.243428
8819	1	224.9726	0	224.9726	0.1224358	0.7931867	0.001733474	5.661313	3.036704
8820	0	-277.5379	0	-277.5379	0.07741319	0.6860838	0.1443118	8.953865	-6.478807
8821	1	224.8959	0	224.8959	0.1185089	0.78663	0.001963522	5.848903	3.036704
8822	0	-278.2068	0	-278.2068	0.05485829	0.5888665	0.1305046	12.63523	-6.401563
8823	1	223.9324	0	223.9324	0.1298488	0.8045838	0.001737837	5.338112	3.034075
8824	0	-277.4768	0	-277.4768	0.06748351	0.6485663	0.1351141	10.27136	-6.472572
8825	1	224.0582	0	224.0582	0.1142344	0.7790388	0.001586746	6.067761	3.034075
8826	0	-277.686	0	-277.686	0.08264473	0.7031951	0.145478	8.387071	-6.437193
8827	1	223.1016	0	223.1016	0.1149308	0.7803094	0.002126211	6.030997	3.034075
8828	0	-279.0458	0	-279.0458	0.1075699	0.7661563	0.1724339	6.443688	-6.415815
8829	1	224.4259	0	224.4259	0.1482869	0.8283344	0.002084636	4.674365	3.034075
8830	0	-279.2315	0	-279.2315	0.08679623	0.7156571	0.194416	7.985914	-6.489848
8831	1	224.6946	0	224.6946	0.1424452	0.8214328	0.002407949	4.866061	3.049169
8832	0	-277.7277	0	-277.7277	0.09484586	0.7373588	0.1718527	7.308144	-6.417779
8833	1	225.1108	0	225.1108	0.1690383	0.8491559	0.002401181	4.100534	3.049169
8834	0	-277.5814	0	-277.5814	0.07959892	0.6934347	0.1457259	8.707997	-6.474563
8835	1	224.7408	0	224.7408	0.1629369	0.8435637	0.002687086	4.254083	3.046562
8836	0	-278.0231	0	-278.0231	0.09663532	0.7417866	0.1679413	7.172814	-6.394305
8837	1	222.4591	0	222.4591	0.2052986	0.8756726	0.002945233	3.376288	3.031202
8838	0	-278.8293	0	-278.8293	0.08131569	0.6990032	0.1500632	8.52415	-6.571412
8839	1	220.64	0	220.64	0.266769	0.9042928	0.004045834	2.598305	3.031202
8840	0	-277.4879	0	-277.4879	0.07499375	0.6775881	0.1518673	9.242732	-6.385239
8841	1	219.9228	0	219.9228	0.2640027	0.9032903	0.003383142	2.62553	3.031202
8842	0	-278.92	0	-278.92	0.07550008	0.6793983	0.1765672	9.180748	-6.433778
8843	1	222.7719	0	222.7719	0.1871907	0.8636911	0.002934132	3.702894	3.031202
8844	0	-278.4083	0	-278.4083	0.08734274	0.7172296	0.1548565	7.935945	-6.5299
8845	1	223.3884	0	223.3884	0.168756	0.8489057	0.002542068	4.107394	3.057231
8846	0	-278.2856	0	-278.2856	0.08921849	0.7225121	0.1867027	7.769098	-6.46654
8847	1	223.1956	0	223.1956	0.08633563	0.7143199	0.001421575	8.028518	3.057231
8848	0	-278.6856	0	-278.6856	0.07144416	0.6643954	0.166662	9.701943	-6.390085
8849	1	222.555	0	222.555	0.0856048	0.7121755	0.00129093	8.09706	3.057231
8850	0	-279.6607	0	-279.6607	0.1030927	0.7567032	0.2219702	6.723533	-6.467282
8851	1	221.1559	0	221.1559	0.06250322	0.6268233	0.001328417	11.08978	3.046377
8852	0	-279.5784	0	-279.5784	0.07287458	0.6698199	0.1705929	9.511509	-6.307721
8853	1	224.7467	0	224.7467	0.1095263	0.7700787	0.001497196	6.32859	3.046377
8854	0	-278.1207	0	-278.1207	0.08227698	0.7020454	0.1393801	8.424558	-6.445309
8855	1	224.9889	0	224.9889	0.1438552	0.8231471	0.001880721	4.818366	3.043533
8856	0	-277.9132	0	-277.9132	0.08950007	0.7232901	0.1816747	7.744655	-6.414857
8857	1	225.3208	0	225.3208	0.1432543	0.8224203	0.00233921	4.838579	3.043533
8858	0	-279.1314	0	-279.1314	0.1221207	0.7926745	0.2187653	5.675921	-6.414857
8859	1	223.3813	0	223.3813	0.2411758	0.8941417	0.00320781	2.874033	3.043533
8860	0	-282.5775	0	-282.5775	0.1724791	0.8521402	0.2784224	4.018732	-6.424677
8861	1	221.9021	0	221.9021	0.2388208	0.8930987	0.00285028	2.902374	3.043533
8862	0	-286.3652	0	-286.3652	0.1996058	0.872137	0.3798159	3.472581	-6.265721
8863	1	224.5365	0	224.5365	0.1930673	0.8678223	0.003032966	3.590185	3.043533
8864	0	-281.8309	0	-281.8309	0.163349	0.8439541	0.2976791	4.243351	-6.399945
8865	1	223.522	0	223.522	0.113326	0.7773605	0.001812263	6.116403	3.029401
8866	0	-283.0383	0	-283.0383	0.06654359	0.644626	0.1324212	10.41644	-6.733721
8867	1	223.465	0	223.465	0.1063778	0.7637054	0.001612001	6.515903	3.029856
8868	0	-278.0086	0	-278.0086	0.09753674	0.7439667	0.1712886	7.106524	-6.462955
8869	1	223.4241	0	223.4241	0.1098625	0.7707406	0.001626	6.309224	3.029856
8870	0	-279.0362	0	-279.0362	0.09683077	0.7422621	0.1968113	7.158336	-6.527931
8871	1	222.3355	0	222.3355	0.08162198	0.6999784	0.001316121	8.492164	3.029856
8872	0	-278.1692	0	-278.1692	0.1001075	0.750006	0.1952906	6.92403	-6.425299
8873	1	222.7893	0	222.7893	0.0861472	0.7137697	0.001476399	8.046079	3.029856
8874	0	-278.3109	0	-278.3109	0.0738292	0.6733581	0.1439609	9.388524	-6.555992
8875	1	221.418	0	221.418	0.1498889	0.830138	0.001868807	4.624406	3.029856
8876	0	-277.5264	0	-277.5264	0.06261692	0.6273443	0.1284955	11.06965	-6.437491
8877	1	225.3554	0	225.3554	0.1344361	0.8110588	0.001975363	5.155961	3.05102
8878	0	-279.9674	0	-279.9674	0.04400353	0.5233078	0.1201923	15.75208	-6.565113
8879	1	224.5473	0	224.5473	0.1252658	0.7976822	0.00167682	5.533413	3.05102
8880	0	-277.3578	0	-277.3578	0.07516936	0.6782179	0.1444486	9.22114	-6.458687
8881	1	224.9205	0	224.9205	0.09743986	0.743734	0.001642722	7.11359	3.047959
8882	0	-278.494	0	-278.494	0.06913393	0.6553114	0.1336757	10.02615	-6.30356
8883	1	225.3853	0	225.3853	0.161159	0.8418572	0.002423394	4.301014	3.047959
8884	0	-279.0835	0	-279.0835	0.0941589	0.7356228	0.1598726	7.361462	-6.316055
8885	1	224.1804	0	224.1804	0.0950293	0.7378189	0.001726651	7.294036	3.047959
8886	0	-278.5439	0	-278.5439	0.05196184	0.5728346	0.1285771	13.33954	-6.479516
8887	1	225.202	0	225.202	0.1299547	0.8047382	0.001766997	5.333759	3.047959
8888	0	-278.1982	0	-278.1982	0.08391952	0.7071216	0.1762087	8.259666	-6.364974
8889	1	223.9008	0	223.9008	0.07966171	0.6936415	0.001364407	8.701134	3.047959
8890	0	-278.2869	0	-278.2869	0.1034381	0.7574571	0.1767262	6.70108	-6.411397
8891	1	225.2225	0	225.2225	0.1107401	0.772452	0.001848395	6.259226	3.047959
8892	0	-278.1825	0	-278.1825	0.09803608	0.7451602	0.1809914	7.070327	-6.360898
8893	1	225.6243	0	225.6243	0.1250837	0.7973986	0.001838603	5.541465	3.039872
8894	0	-279.409	0	-279.409	0.09506183	0.7379003	0.2066499	7.291541	-6.495328
8895	1	223.9653	0	223.9653	0.07952911	0.6932045	0.001378205	8.715642	3.044293
8896	0	-282.3886	0	-282.3886	0.1016532	0.7535147	0.1864628	6.818747	-6.66238
8897	1	225.6638	0	225.6638	0.1211482	0.7910788	0.00173591	5.721482	3.044293
8898	0	-278.7384	0	-278.7384	0.0954248	0.7388061	0.1553973	7.263805	-6.475817
8899	1	225.8301	0	225.8301	0.1431908	0.8223432	0.00212563	4.840723	3.044293
8900	0	-277.5026	0	-277.5026	0.08091782	0.6977283	0.1542134	8.566064	-6.479677
8901	1	225.3125	0	225.3125	0.1561259	0.8368237	0.002456183	4.439669	3.041166
8902	0	-278.2448	0	-278.2448	0.09181813	0.729551	0.1542765	7.549132	-6.389817
8903	1	221.8882	0	221.8882	0.2339668	0.8908829	0.003432304	2.962588	3.056317
8904	0	-278.6806	0	-278.6806	0.05613641	0.5956367	0.1086874	12.34755	-6.442797
8905	1	224.57	0	224.57	0.1839193	0.861279	0.002881765	3.768757	3.03966
8906	0	-279.9878	0	-279.9878	0.09302274	0.7327063	0.1783111	7.451373	-6.251327
8907	1	225.6765	0	225.6765	0.1220607	0.7925767	0.001764431	5.67871	3.042071
8908	0	-278.0357	0	-278.0357	0.09668633	0.7419109	0.1901831	7.16903	-6.428634
8909	1	224.4307	0	224.4307	0.1194223	0.7881895	0.001555646	5.804169	3.042071
8910	0	-277.6357	0	-277.6357	0.07132985	0.6639554	0.1536493	9.717491	-6.434477
8911	1	224.89	0	224.89	0.1921712	0.8672085	0.002775448	3.606925	3.042071
8912	0	-279.1889	0	-279.1889	0.08112848	0.6984045	0.1729864	8.543821	-6.288701
8913	1	222.5401	0	222.5401	0.09412258	0.7355304	0.001264359	7.364303	3.052522
8914	0	-277.9126	0	-277.9126	0.07864714	0.6902705	0.1527657	8.813381	-6.335922
8915	1	222.1237	0	222.1237	0.06874655	0.6537477	0.001330674	10.08265	3.052522
8916	0	-278.2542	0	-278.2542	0.0610534	0.6200743	0.1391309	11.35313	-6.348114
8917	1	225.0702	0	225.0702	0.1350324	0.8118707	0.001962898	5.13319	3.052522
8918	0	-278.2558	0	-278.2558	0.05128789	0.5689614	0.1135369	13.51483	-6.407971
8919	1	224.6116	0	224.6116	0.1685815	0.8487508	0.002450986	4.111644	3.052522
8920	0	-279.6965	0	-279.6965	0.06370966	0.6322907	0.1107701	10.87978	-6.514293
8921	1	222.6285	0	222.6285	0.214176	0.8808146	0.003068717	3.236344	3.032502
8922	0	-279.0052	0	-279.0052	0.08292994	0.7040815	0.1561499	8.358226	-6.277721
8923	1	224.8026	0	224.8026	0.1889789	0.864975	0.002888989	3.667855	3.042197
8924	0	-280.146	0	-280.146	0.08453164	0.7089751	0.1942255	8.199855	-6.308802
8925	1	221.9346	0	221.9346	0.1340229	0.8104923	0.001889923	5.171857	3.02618
8926	0	-277.7795	0	-277.7795	0.08483149	0.7098755	0.1662411	8.170871	-6.362871
8927	1	224.0071	0	224.0071	0.09944517	0.7484748	0.001528102	6.970145	3.032827
8928	0	-278.138	0	-278.138	0.05784806	0.6044259	0.1167531	11.9822	-6.486054
8929	1	225.5771	0	225.5771	0.1468103	0.8266388	0.002068553	4.721381	3.047211
8930	0	-279.6562	0	-279.6562	0.06332282	0.6305521	0.1624794	10.94625	-6.441474
8931	1	223.0465	0	223.0465	0.1955775	0.8695124	0.002597647	3.544105	3.033867
8932	0	-278.2422	0	-278.2422	0.06330678	0.6304797	0.1488666	10.94902	-6.436529
8933	1	225.1134	0	225.1134	0.1639009	0.844474	0.002617636	4.229063	3.045106
8934	0	-277.729	0	-277.729	0.07705808	0.684861	0.1417614	8.995126	-6.367793
8935	1	225.6757	0	225.6757	0.1115534	0.7740172	0.001721739	6.213591	3.045106
8936	0	-278.0065	0	-278.0065	0.1001982	0.7502143	0.1779887	6.917764	-6.450088
8937	1	225.7749	0	225.7749	0.1317833	0.8073651	0.002059213	5.25975	3.045106
8938	0	-278.1575	0	-278.1575	0.0883388	0.7200565	0.1757897	7.846464	-6.511234
8939	1	223.7692	0	223.7692	0.09844977	0.7461414	0.001328074	7.040618	3.045106
8940	0	-283.9983	0	-283.9983	0.06035241	0.6167392	0.1830591	11.485	-6.334402
8941	1	224.429	0	224.429	0.1115399	0.7739913	0.001479558	6.214345	3.045106
8942	0	-278.8834	0	-278.8834	0.1003428	0.7505459	0.2094312	6.907795	-6.434069
8943	1	224.4688	0	224.4688	0.1621772	0.8428389	0.00271455	4.274013	3.048085
8944	0	-278.1496	0	-278.1496	0.08573186	0.7125503	0.1816504	8.085059	-6.412885
8945	1	224.6687	0	224.6687	0.183641	0.86107	0.002475276	3.774468	3.048085
8946	0	-277.6048	0	-277.6048	0.09096941	0.727288	0.170114	7.619563	-6.407527
8947	1	222.8493	0	222.8493	0.1608713	0.8415777	0.002089536	4.308705	3.056356
8948	0	-278.3314	0	-278.3314	0.0900226	0.7247236	0.1644552	7.699702	-6.529996
8949	1	225.2516	0	225.2516	0.1730189	0.8525979	0.00260385	4.006193	3.046298
8950	0	-278.616	0	-278.616	0.05227657	0.5746246	0.1308438	13.25923	-6.401826
8951	1	225.7256	0	225.7256	0.1458747	0.8255478	0.002102636	4.751661	3.046298
8952	0	-277.318	0	-277.318	0.07165886	0.6652192	0.1443375	9.672875	-6.436288
8953	1	225.7426	0	225.7426	0.1409795	0.8196168	0.002159703	4.916651	3.046298
8954	0	-278.6572	0	-278.6572	0.1067129	0.7643992	0.208798	6.495437	-6.455848
8955	1	225.575	0	225.575	0.1553905	0.8360621	0.002203372	4.460679	3.046298
8956	0	-279.1781	0	-279.1781	0.06955035	0.6569791	0.1582178	9.96612	-6.570562
8957	1	225.6591	0	225.6591	0.1169517	0.7839214	0.001701069	5.926781	3.044456
8958	0	-278.6174	0	-278.6174	0.08536478	0.711465	0.1875084	8.119827	-6.449429
8959	1	223.5727	0	223.5727	0.08349654	0.7058289	0.001257874	8.301508	3.049002
8960	0	-278.4891	0	-278.4891	0.09908894	0.7476442	0.168217	6.995202	-6.489169
8961	1	223.3091	0	223.3091	0.1303887	0.8053677	0.002432322	5.316008	3.049002
8962	0	-277.782	0	-277.782	0.07596363	0.6810404	0.1460383	9.124724	-6.3465
8963	1	222.272	0	222.272	0.277793	0.9080899	0.004065383	2.495193	3.049002
8964	0	-280.6488	0	-280.6488	0.1412271	0.8199259	0.2324869	4.908034	-6.389381
8965	1	222.3962	0	222.3962	0.2508014	0.898202	0.00402417	2.763729	3.049002
8966	0	-278.9964	0	-278.9964	0.09132489	0.7282399	0.1671636	7.589905	-6.564777
8967	1	225.05	0	225.05	0.1556545	0.8363363	0.002547756	4.453114	3.043366
8968	0	-278.0165	0	-278.0165	0.09011923	0.7249873	0.1793659	7.691446	-6.369921
8969	1	225.8733	0	225.8733	0.1322017	0.8079566	0.001988514	5.243105	3.043366
8970	0	-278.1994	0	-278.1994	0.08946075	0.7231816	0.1547349	7.74806	-6.360142
8971	1	225.848	0	225.848	0.1236267	0.7951012	0.001870999	5.606775	3.043366
8972	0	-277.521	0	-277.521	0.06428271	0.6348416	0.1362938	10.78279	-6.407751
8973	1	225.5142	0	225.5142	0.1416069	0.8203984	0.001941879	4.89487	3.043366
8974	0	-278.0253	0	-278.0253	0.06372147	0.6323436	0.1357032	10.87777	-6.528853
8975	1	225.4735	0	225.4735	0.1661485	0.8465568	0.002448494	4.171853	3.042671
8976	0	-277.7654	0	-277.7654	0.09257567	0.7315429	0.1672905	7.487358	-6.390021
8977	1	225.463	0	225.463	0.1342288	0.8107751	0.001852976	5.163922	3.047031
8978	0	-277.4796	0	-277.4796	0.06442439	0.6354678	0.136318	10.75908	-6.42551
8979	1	224.6279	0	224.6279	0.1750713	0.8543131	0.002639355	3.959228	3.051416
8980	0	-277.8584	0	-277.8584	0.07015712	0.659385	0.1532441	9.879926	-6.382691
8981	1	223.1919	0	223.1919	0.2055703	0.8758365	0.003362294	3.371826	3.051174
8982	0	-277.6543	0	-277.6543	0.07774149	0.6872072	0.147833	8.916052	-6.360454
8983	1	220.0231	0	220.0231	0.2210983	0.8845399	0.003748664	3.135019	3.059857
8984	0	-279.2359	0	-279.2359	0.1159619	0.7821662	0.1883682	5.977371	-6.41762
8985	1	220.2055	0	220.2055	0.2377668	0.8926252	0.00377404	2.91524	3.059857
8986	0	-279.9024	0	-279.9024	0.1327794	0.808768	0.2450448	5.220292	-6.433545
8987	1	224.1435	0	224.1435	0.1471071	0.8269823	0.002257734	4.711853	3.032292
8988	0	-282.606	0	-282.606	0.07142595	0.6643254	0.1866079	9.704416	-6.24506
8989	1	224.0383	0	224.0383	0.1418294	0.8206741	0.002002115	4.887189	3.032292
8990	0	-279.5113	0	-279.5113	0.07762631	0.6868138	0.1239476	8.929282	-6.393095
8991	1	222.2736	0	222.2736	0.1805702	0.8587209	0.003170673	3.838658	3.05441
8992	0	-279.0503	0	-279.0503	0.04719621	0.5442071	0.1070351	14.6865	-6.350312
8993	1	223.6177	0	223.6177	0.1882965	0.8644879	0.002638555	3.681147	3.05441
8994	0	-277.9478	0	-277.9478	0.09352165	0.733994	0.1650049	7.411623	-6.380318
8995	1	224.2182	0	224.2182	0.1670033	0.8473347	0.002427871	4.1505	3.05441
8996	0	-277.9097	0	-277.9097	0.06388634	0.6330803	0.1384255	10.84969	-6.355154
8997	1	224.2634	0	224.2634	0.1625992	0.8432423	0.002322645	4.262919	3.05441
8998	0	-278.0178	0	-278.0178	0.07046377	0.6605901	0.1577258	9.83693	-6.405327
8999	1	222.2504	0	222.2504	0.2228853	0.8854643	0.002933431	3.109883	3.05441
9000	0	-279.5979	0	-279.5979	0.1074398	0.765891	0.2072298	6.451491	-6.543974
9001	1	222.6876	0	222.6876	0.1564827	0.8371909	0.002811539	4.429544	3.034453
9002	0	-277.4647	0	-277.4647	0.07006843	0.6590351	0.1402101	9.892432	-6.38486
9003	1	224.0347	0	224.0347	0.1799981	0.8582746	0.002694552	3.850858	3.034453
9004	0	-277.5237	0	-277.5237	0.07553578	0.6795253	0.1446318	9.176408	-6.487364
9005	1	224.6381	0	224.6381	0.137058	0.8145793	0.002183158	5.057327	3.034453
9006	0	-277.9971	0	-277.9971	0.08483582	0.7098885	0.1715348	8.170454	-6.502279
9007	1	223.8607	0	223.8607	0.1073343	0.7656754	0.0014925	6.457837	3.034453
9008	0	-281.0638	0	-281.0638	0.1207626	0.7904397	0.1871411	5.739751	-6.523633
9009	1	224.5078	0	224.5078	0.1237846	0.7953525	0.001808036	5.599623	3.033343
9010	0	-279.0381	0	-279.0381	0.1190339	0.787529	0.2027975	5.823107	-6.416764
9011	1	224.5969	0	224.5969	0.1236107	0.7950757	0.001926343	5.6075	3.033343
9012	0	-279.0837	0	-279.0837	0.1072809	0.7655663	0.2186072	6.46105	-6.448578
9013	1	219.9749	0	219.9749	0.07123477	0.6635887	0.001594622	9.730462	3.053626
9014	0	-278.266	0	-278.266	0.1003487	0.7505594	0.1943541	6.907387	-6.469088
9015	1	222.9067	0	222.9067	0.2162661	0.8819644	0.003359398	3.205066	3.053626
9016	0	-278.9903	0	-278.9903	0.1127329	0.7762522	0.2188912	6.148578	-6.393822
9017	1	222.5576	0	222.5576	0.2655007	0.9038357	0.003513138	2.610717	3.047042
9018	0	-279.2356	0	-279.2356	0.1164451	0.7830264	0.2229953	5.952566	-6.473294
9019	1	225.0138	0	225.0138	0.1840015	0.8613407	0.002784131	3.767074	3.043106
9020	0	-278.1697	0	-278.1697	0.08029182	0.6957035	0.144466	8.632849	-6.337517
9021	1	224.9763	0	224.9763	0.1838942	0.8612602	0.002523012	3.769273	3.043106
9022	0	-277.9833	0	-277.9833	0.08903822	0.722012	0.1741748	7.784827	-6.500203
9023	1	225.391	0	225.391	0.168939	0.849068	0.002534662	4.102945	3.043106
9024	0	-278.1634	0	-278.1634	0.08048246	0.6963226	0.1584646	8.612401	-6.321152
9025	1	225.3149	0	225.3149	0.1516763	0.8321076	0.002043493	4.569911	3.043106
9026	0	-277.6154	0	-277.6154	0.0705739	0.6610212	0.1451919	9.821579	-6.367994
9027	1	225.6366	0	225.6366	0.1563383	0.8370424	0.002338434	4.433637	3.043106
9028	0	-278.1338	0	-278.1338	0.06744149	0.6483917	0.1273283	10.27776	-6.347401
9029	1	223.9714	0	223.9714	0.1741829	0.8535755	0.0028547	3.979421	3.051723
9030	0	-278.4781	0	-278.4781	0.0589121	0.609735	0.1368691	11.76579	-6.337213
9031	1	224.2607	0	224.2607	0.1249574	0.7972013	0.002183505	5.547068	3.051723
9032	0	-277.9612	0	-277.9612	0.07139414	0.664203	0.1587228	9.708741	-6.450259
9033	1	224.8279	0	224.8279	0.1593191	0.8400526	0.002234217	4.350685	3.051723
9034	0	-280.9758	0	-280.9758	0.1332472	0.8094201	0.235835	5.201966	-6.310403
9035	1	224.9159	0	224.9159	0.1611756	0.8418733	0.002356248	4.300572	3.051723
9036	0	-278.3286	0	-278.3286	0.06626714	0.6434531	0.1226186	10.45989	-6.509467
9037	1	225.4522	0	225.4522	0.152975	0.8335112	0.002330858	4.531113	3.040015
9038	0	-277.6012	0	-277.6012	0.0808888	0.697635	0.1642483	8.569137	-6.465832
9039	1	224.0166	0	224.0166	0.1805212	0.8586827	0.003009887	3.8397	3.040015
9040	0	-277.6551	0	-277.6551	0.06861055	0.6531959	0.1487311	10.10263	-6.459123
9041	1	223.6323	0	223.6323	0.230994	0.88948	0.003446037	3.000715	3.040015
9042	0	-279.2577	0	-279.2577	0.1200026	0.7891693	0.2218394	5.776101	-6.377599
9043	1	225.0183	0	225.0183	0.1485737	0.8286599	0.002432725	4.665344	3.040015
9044	0	-279.6613	0	-279.6613	0.07948474	0.6930581	0.1899943	8.720507	-6.429585
9045	1	222.0522	0	222.0522	0.2499731	0.8978649	0.003096114	2.772887	3.040015
9046	0	-278.368	0	-278.368	0.08770561	0.7182652	0.1550474	7.903111	-6.33259
9047	1	220.6975	0	220.6975	0.2965478	0.9139018	0.004215798	2.337388	3.054187
9048	0	-277.4473	0	-277.4473	0.07136036	0.664073	0.1494315	9.713337	-6.435446
9049	1	220.4159	0	220.4159	0.3034959	0.9158727	0.004195905	2.283876	3.054187
9050	0	-278.3519	0	-278.3519	0.06877671	0.6538699	0.1321918	10.07822	-6.315546
9051	1	221.0929	0	221.0929	0.3187603	0.919901	0.004336816	2.174509	3.048499
9052	0	-279.9827	0	-279.9827	0.1346642	0.8113701	0.2381412	5.147228	-6.392958
9053	1	222.1692	0	222.1692	0.2299489	0.8889782	0.003928604	3.014353	3.048499
9054	0	-277.8955	0	-277.8955	0.08821975	0.7197212	0.1774147	7.857052	-6.384403
9055	1	224.5266	0	224.5266	0.1974808	0.8707657	0.002768831	3.509947	3.048499
9056	0	-277.437	0	-277.437	0.07429311	0.6750544	0.153525	9.329898	-6.421707
9057	1	224.3932	0	224.3932	0.2035623	0.874615	0.002873341	3.405087	3.048499
9058	0	-279.6355	0	-279.6355	0.06342489	0.6310121	0.1133655	10.92863	-6.546922
9059	1	222.9101	0	222.9101	0.111853	0.7745888	0.002171233	6.196946	3.048499
9060	0	-278.7737	0	-278.7737	0.04722722	0.544403	0.1144896	14.67686	-6.362903
9061	1	224.8329	0	224.8329	0.1553486	0.8360185	0.002550785	4.461883	3.048499
9062	0	-279.2452	0	-279.2452	0.05607004	0.5952896	0.143345	12.36217	-6.508599
9063	1	224.1511	0	224.1511	0.1229639	0.7940397	0.001580186	5.636999	3.048499
9064	0	-278.8316	0	-278.8316	0.06842397	0.6524366	0.155993	10.13018	-6.548346
9065	1	224.1472	0	224.1472	0.1637782	0.8443587	0.002788963	4.232231	3.048499
9066	0	-278.5747	0	-278.5747	0.09623667	0.7408118	0.1995509	7.202527	-6.399698
9067	1	225.4865	0	225.4865	0.1535007	0.8340729	0.002225	4.515597	3.048499
9068	0	-277.6229	0	-277.6229	0.09113611	0.7277352	0.1669913	7.605626	-6.405729
9069	1	225.3919	0	225.3919	0.1327902	0.8087831	0.001846394	5.219868	3.048499
9070	0	-278.8933	0	-278.8933	0.1066811	0.7643334	0.182415	6.497374	-6.501945
9071	1	225.5303	0	225.5303	0.1576295	0.8383598	0.002248818	4.39732	3.041482
9072	0	-278.2298	0	-278.2298	0.0914803	0.7286543	0.1697256	7.57701	-6.335631
9073	1	224.3737	0	224.3737	0.1953263	0.8693453	0.00307691	3.548663	3.041482
9074	0	-279.6213	0	-279.6213	0.09088508	0.7270613	0.1410056	7.626634	-6.377366
9075	1	223.8078	0	223.8078	0.2287161	0.8883805	0.003135076	3.030601	3.041482
9076	0	-280.8882	0	-280.8882	0.04698424	0.5428642	0.1163712	14.75276	-6.658386
9077	1	223.136	0	223.136	0.1744683	0.8538132	0.003115718	3.972913	3.041482
9078	0	-278.6784	0	-278.6784	0.06747531	0.6485323	0.1608607	10.2726	-6.446692
9079	1	221.6767	0	221.6767	0.09098907	0.7273408	0.001694909	7.617917	3.027105
9080	0	-281.2638	0	-281.2638	0.07987526	0.694343	0.201349	8.677871	-6.349499
9081	1	225.2296	0	225.2296	0.1412101	0.8199048	0.002144041	4.908622	3.036917
9082	0	-277.6182	0	-277.6182	0.07025441	0.6597681	0.14979	9.866245	-6.470136
9083	1	224.9451	0	224.9451	0.1491012	0.8292558	0.002072482	4.648836	3.036917
9084	0	-278.7306	0	-278.7306	0.07262201	0.6688729	0.1565622	9.544588	-6.565127
9085	1	224.2839	0	224.2839	0.1477067	0.827672	0.001927519	4.692727	3.036917
9086	0	-278.1597	0	-278.1597	0.09817639	0.7454938	0.1719827	7.060223	-6.479375
9087	1	218.6016	0	218.6016	0.1732706	0.8528104	0.00364985	4.000373	3.038689
9088	0	-277.3851	0	-277.3851	0.0830858	0.704564	0.1573402	8.342547	-6.445517
9089	1	225.0412	0	225.0412	0.1435731	0.8228066	0.002031942	4.827835	3.051808
9090	0	-278.4149	0	-278.4149	0.1088778	0.768792	0.1918703	6.366283	-6.44619
9091	1	224.9331	0	224.9331	0.117583	0.7850272	0.001940711	5.89496	3.051808
9092	0	-277.681	0	-277.681	0.07578612	0.6804133	0.1543482	9.146097	-6.498904
9093	1	225.2619	0	225.2619	0.1301512	0.8050237	0.001981945	5.325705	3.051808
9094	0	-278.6272	0	-278.6272	0.06849444	0.6527237	0.1428869	10.11976	-6.289434
9095	1	223.1025	0	223.1025	0.2141705	0.8808115	0.00341978	3.236427	3.051808
9096	0	-277.7752	0	-277.7752	0.09385511	0.7348485	0.1798118	7.385289	-6.407856
9097	1	224.5391	0	224.5391	0.1949935	0.8691231	0.002925971	3.55472	3.048647
9098	0	-277.9042	0	-277.9042	0.05826197	0.606505	0.1336407	11.89708	-6.42163
9099	1	225.2091	0	225.2091	0.1522835	0.8327667	0.002210494	4.55169	3.050795
9100	0	-278.9656	0	-278.9656	0.07606457	0.6813961	0.1738806	9.112615	-6.513642
9101	1	222.023	0	222.023	0.1873657	0.8638179	0.00220732	3.699434	3.050795
9102	0	-277.7379	0	-277.7379	0.07536621	0.6789214	0.1357903	9.197054	-6.39567
9103	1	224.763	0	224.763	0.1227792	0.7937422	0.002085995	5.645478	3.050795
9104	0	-277.5644	0	-277.5644	0.06768535	0.649403	0.1315137	10.24073	-6.392566
9105	1	224.0249	0	224.0249	0.1346109	0.8112975	0.002379577	5.149266	3.050795
9106	0	-277.3518	0	-277.3518	0.07714457	0.6851596	0.1483294	8.985042	-6.458357
9107	1	225.2396	0	225.2396	0.1166445	0.7833795	0.001708596	5.942388	3.050795
9108	0	-279.7821	0	-279.7821	0.07463112	0.676281	0.1758076	9.287643	-6.552672
9109	1	225.1435	0	225.1435	0.1077634	0.7665496	0.001726332	6.432119	3.050795
9110	0	-278.2529	0	-278.2529	0.08842963	0.7203118	0.1549191	7.838405	-6.346162
9111	1	224.7454	0	224.7454	0.1667902	0.8471415	0.002290198	4.155803	3.050795
9112	0	-277.6482	0	-277.6482	0.07138696	0.6641754	0.1393616	9.709717	-6.502392
9113	1	225.5318	0	225.5318	0.1096182	0.77026	0.00174721	6.323283	3.046742
9114	0	-277.3458	0	-277.3458	0.07530187	0.6786918	0.1452915	9.204913	-6.405061
9115	1	225.8088	0	225.8088	0.1442646	0.8236389	0.002116188	4.804692	3.045143
9116	0	-278.8384	0	-278.8384	0.07733598	0.6858187	0.1313874	8.962803	-6.343592
9117	1	222.0135	0	222.0135	0.2325118	0.8902007	0.003986175	2.981127	3.048691
9118	0	-279.9837	0	-279.9837	0.05055634	0.5646936	0.0977526	13.71039	-6.442489
9119	1	223.7046	0	223.7046	0.2230194	0.885533	0.002916922	3.108013	3.044489
9120	0	-277.9955	0	-277.9955	0.06627008	0.6434656	0.1498242	10.45943	-6.395197
9121	1	224.3731	0	224.3731	0.2086458	0.8776623	0.003164579	3.322124	3.044489
9122	0	-280.4064	0	-280.4064	0.04019447	0.4963714	0.09218173	17.24484	-6.481258
9123	1	218.9511	0	218.9511	0.06797962	0.6506169	0.001612254	10.1964	3.038344
9124	0	-279.8893	0	-279.8893	0.05000143	0.5614115	0.1204045	13.86255	-6.256732
9125	1	224.32	0	224.32	0.08919273	0.7224407	0.001389286	7.771342	3.03851
9126	0	-277.571	0	-277.571	0.08596908	0.7132479	0.158818	8.06275	-6.470644
9127	1	225.2888	0	225.2888	0.1388641	0.8169323	0.001943638	4.991552	3.03851
9128	0	-279.3394	0	-279.3394	0.07100676	0.6627066	0.1404636	9.761707	-6.253715
9129	1	224.6004	0	224.6004	0.1238976	0.795532	0.002146379	5.594517	3.03851
9130	0	-278.4119	0	-278.4119	0.07993456	0.6945373	0.1740113	8.671433	-6.498862
9131	1	224.4844	0	224.4844	0.1531575	0.8337066	0.001991554	4.525715	3.03851
9132	0	-278.3964	0	-278.3964	0.09946713	0.7485258	0.1937078	6.968605	-6.366084
9133	1	218.9149	0	218.9149	0.277627	0.908035	0.005148692	2.496685	3.03851
9134	0	-278.599	0	-278.599	0.1129648	0.7766868	0.1995796	6.135956	-6.415456
9135	1	225.4808	0	225.4808	0.1367519	0.8141748	0.001992944	5.068647	3.03851
9136	0	-280.4126	0	-280.4126	0.1356727	0.812735	0.2190625	5.108965	-6.443745
9137	1	224.4064	0	224.4064	0.106274	0.7634898	0.001883882	6.522266	3.03851
9138	0	-281.2713	0	-281.2713	0.07613619	0.681648	0.1799048	9.104043	-6.234135
9139	1	224.6006	0	224.6006	0.08934083	0.7228506	0.001453061	7.758459	3.048641
9140	0	-278.443	0	-278.443	0.06956496	0.6570373	0.1577062	9.964028	-6.351791
9141	1	225.3432	0	225.3432	0.1648014	0.8453151	0.002266465	4.205955	3.043447
9142	0	-280.2029	0	-280.2029	0.1169658	0.7839462	0.2156402	5.926067	-6.298712
9143	1	225.148	0	225.148	0.1434615	0.8226716	0.00227449	4.831589	3.050568
9144	0	-282.1048	0	-282.1048	0.159762	0.8404906	0.2642002	4.338625	-6.486402
9145	1	224.6315	0	224.6315	0.1722905	0.8519796	0.002347572	4.02313	3.050568
9146	0	-278.8049	0	-278.8049	0.08622535	0.7139981	0.1777748	8.038786	-6.309952
9147	1	223.8771	0	223.8771	0.1473631	0.8272774	0.001857155	4.703669	3.050568
9148	0	-277.5869	0	-277.5869	0.09002728	0.7247364	0.1699757	7.699302	-6.450992
9149	1	223.904	0	223.904	0.1794789	0.8578671	0.002270751	3.861998	3.039389
9150	0	-278.1911	0	-278.1911	0.1036684	0.7579575	0.1881872	6.686193	-6.461469
9151	1	224.2295	0	224.2295	0.166384	0.8467719	0.002795655	4.165948	3.039389
9152	0	-279.4	0	-279.4	0.08689585	0.7159449	0.1659863	7.976758	-6.594167
9153	1	224.6966	0	224.6966	0.1858049	0.8626795	0.002820205	3.730511	3.039389
9154	0	-278.0663	0	-278.0663	0.09480978	0.7372681	0.189659	7.310925	-6.421338
9155	1	225.2128	0	225.2128	0.1607832	0.8414918	0.002159373	4.311068	3.043555
9156	0	-279.5165	0	-279.5165	0.1209006	0.7906689	0.2231389	5.733197	-6.356183
9157	1	225.8389	0	225.8389	0.1227994	0.7937748	0.001837646	5.644548	3.043555
9158	0	-279.7676	0	-279.7676	0.1147385	0.77996	0.2370918	6.041101	-6.414368
9159	1	225.8729	0	225.8729	0.130998	0.8062451	0.001981489	5.291282	3.043555
9160	0	-278.4984	0	-278.4984	0.0509216	0.5668328	0.1187265	13.61205	-6.357447
9161	1	224.6596	0	224.6596	0.101214	0.7525269	0.001547593	6.848332	3.035993
9162	0	-277.7721	0	-277.7721	0.06112399	0.6204076	0.1310519	11.34002	-6.375131
9163	1	225.0961	0	225.0961	0.1226314	0.7935034	0.001815287	5.652282	3.035993
9164	0	-277.4628	0	-277.4628	0.06750874	0.6486711	0.142683	10.26752	-6.444975
9165	1	224.9968	0	224.9968	0.1446505	0.8241	0.002222985	4.791875	3.035993
9166	0	-277.5597	0	-277.5597	0.06520201	0.6388733	0.138959	10.63076	-6.467863
9167	1	223.3408	0	223.3408	0.2208728	0.8844222	0.003232135	3.138218	3.035993
9168	0	-277.6768	0	-277.6768	0.09166272	0.7291392	0.1768441	7.561931	-6.431297
9169	1	223.8759	0	223.8759	0.1932882	0.8679728	0.002638836	3.586082	3.052243
9170	0	-278.7805	0	-278.7805	0.1148244	0.7801162	0.1968351	6.036585	-6.431297
9171	1	223.1485	0	223.1485	0.2366595	0.8921233	0.003040764	2.928879	3.045132
9172	0	-278.7487	0	-278.7487	0.09734768	0.7435122	0.1962575	7.120326	-6.508788
9173	1	223.3588	0	223.3588	0.251376	0.8984346	0.003611133	2.757412	3.045132
9174	0	-279.1674	0	-279.1674	0.07928252	0.692389	0.1276387	8.742749	-6.400892
9175	1	225.2486	0	225.2486	0.1721389	0.8518503	0.002380007	4.026673	3.045132
9176	0	-280.9141	0	-280.9141	0.07454842	0.6759816	0.1629447	9.297945	-6.658374
9177	1	222.2296	0	222.2296	0.2306538	0.8893172	0.003967963	3.005141	3.045132
9178	0	-278.6695	0	-278.6695	0.05307489	0.5791115	0.1316003	13.0598	-6.497807
9179	1	224.2503	0	224.2503	0.2087179	0.8777045	0.003219637	3.320976	3.045132
9180	0	-279.9996	0	-279.9996	0.06736903	0.6480903	0.1702881	10.28881	-6.506715
9181	1	225.5289	0	225.5289	0.1355017	0.8125048	0.001924869	5.115414	3.03979
9182	0	-279.6165	0	-279.6165	0.1143504	0.7792513	0.2243681	6.061609	-6.505523
9183	1	224.8231	0	224.8231	0.1212684	0.7912773	0.001631937	5.715809	3.03979
9184	0	-277.8864	0	-277.8864	0.08660826	0.7151127	0.1773929	8.003246	-6.400155
9185	1	225.3084	0	225.3084	0.1122528	0.7753473	0.00183769	6.174878	3.03979
9186	0	-278.0798	0	-278.0798	0.079602	0.6934449	0.1660152	8.70766	-6.511811
9187	1	225.047	0	225.047	0.1757502	0.8548718	0.002489951	3.943934	3.03979
9188	0	-282.7652	0	-282.7652	0.0310839	0.4217235	0.0834872	22.29924	-6.582466
9189	1	225.7197	0	225.7197	0.1495282	0.8297351	0.002152513	4.635562	3.042881
9190	0	-278.0481	0	-278.0481	0.06318034	0.6299082	0.1453478	10.97093	-6.401438
9191	1	225.861	0	225.861	0.1340369	0.8105116	0.00200044	5.171316	3.042881
9192	0	-277.7101	0	-277.7101	0.07171429	0.6654313	0.1429907	9.665398	-6.511677
9193	1	225.8237	0	225.8237	0.1384126	0.8163495	0.002015952	5.007833	3.042881
9194	0	-280.5278	0	-280.5278	0.0782536	0.6889457	0.1502553	8.857703	-6.64869
9195	1	223.637	0	223.637	0.2007745	0.872879	0.003029497	3.452367	3.053052
9196	0	-278.046	0	-278.046	0.08967209	0.7237634	0.1822926	7.729799	-6.385928
9197	1	223.4411	0	223.4411	0.1989884	0.8717416	0.00267747	3.483354	3.053052
9198	0	-278.0065	0	-278.0065	0.09243014	0.7311623	0.1572378	7.499147	-6.434287
9199	1	222.314	0	222.314	0.2507475	0.8981802	0.003581623	2.764323	3.053052
9200	0	-277.8257	0	-277.8257	0.08509211	0.7106542	0.1494637	8.145846	-6.472338
9201	1	225.4241	0	225.4241	0.1671524	0.8474696	0.002473325	4.146798	3.04623
9202	0	-278.0493	0	-278.0493	0.09224907	0.7306874	0.1817948	7.513867	-6.485824
9203	1	224.4987	0	224.4987	0.1423104	0.8212672	0.001809339	4.870671	3.04623
9204	0	-278.0366	0	-278.0366	0.07155437	0.6648187	0.1602473	9.687	-6.438517
9205	1	225.0015	0	225.0015	0.1696102	0.8496601	0.002691217	4.086706	3.04623
9206	0	-277.3589	0	-277.3589	0.0800414	0.6948869	0.1520961	8.659858	-6.408695
9207	1	223.6411	0	223.6411	0.2347316	0.8912381	0.003565924	2.952935	3.044277
9208	0	-278.0439	0	-278.0439	0.09000098	0.7246646	0.1522122	7.701551	-6.422521
9209	1	221.2098	0	221.2098	0.1960455	0.8698228	0.003713355	3.535645	3.044277
9210	0	-281.4219	0	-281.4219	0.03526042	0.4578769	0.1017046	19.65794	-6.252564
9211	1	223.3215	0	223.3215	0.2433222	0.8950749	0.003737437	2.848681	3.044277
9212	0	-278.4793	0	-278.4793	0.06505617	0.6382386	0.1427167	10.6546	-6.310531
9213	1	225.2196	0	225.2196	0.1781791	0.8568369	0.002657989	3.890171	3.044277
9214	0	-277.7518	0	-277.7518	0.06436819	0.6352196	0.1425244	10.76847	-6.466041
9215	1	222.8343	0	222.8343	0.188377	0.8645455	0.002639214	3.679575	3.031274
9216	0	-278.3658	0	-278.3658	0.08233493	0.7022271	0.1462615	8.418628	-6.530442
9217	1	223.3713	0	223.3713	0.1601736	0.8408956	0.002220781	4.327476	3.031274
9218	0	-278.0964	0	-278.0964	0.09444171	0.7363399	0.1668912	7.339418	-6.49067
9219	1	223.109	0	223.109	0.1705779	0.8505057	0.002727855	4.063523	3.031274
9220	0	-278.1994	0	-278.1994	0.05519583	0.5906721	0.1134731	12.55796	-6.409294
9221	1	225.4537	0	225.4537	0.1505339	0.8308539	0.002067499	4.604591	3.046161
9222	0	-280.4223	0	-280.4223	0.03971566	0.4928208	0.09388155	17.45274	-6.351949
9223	1	225.3689	0	225.3689	0.1195873	0.7884689	0.001666322	5.79616	3.046161
9224	0	-280.3245	0	-280.3245	0.08950387	0.7233005	0.1349426	7.744326	-6.377101
9225	1	225.2775	0	225.2775	0.1492688	0.8294442	0.00202074	4.643617	3.047174
9226	0	-277.858	0	-277.858	0.09330095	0.7334257	0.1813695	7.429154	-6.396685
9227	1	224.5728	0	224.5728	0.1653327	0.8458072	0.002474144	4.192437	3.052981
9228	0	-279.9485	0	-279.9485	0.07215746	0.6671191	0.1159184	9.606036	-6.473684
9229	1	223.7705	0	223.7705	0.104271	0.7592577	0.00189031	6.647556	3.052981
9230	0	-278.0044	0	-278.0044	0.06925363	0.6557921	0.1549865	10.00882	-6.470415
9231	1	222.4598	0	222.4598	0.1640482	0.8446122	0.002500245	4.225265	3.060269
9232	0	-277.3212	0	-277.3212	0.07438165	0.6753765	0.1471042	9.318793	-6.451281
9233	1	222.5025	0	222.5025	0.1586977	0.8394341	0.002285539	4.367719	3.060269
9234	0	-279.6413	0	-279.6413	0.08415066	0.7078239	0.1916303	8.236979	-6.525569
9235	1	223.0572	0	223.0572	0.1367751	0.8142055	0.002102475	5.067787	3.060269
9236	0	-280.4958	0	-280.4958	0.1358483	0.8129707	0.2591894	5.102361	-6.376536
9237	1	222.7161	0	222.7161	0.1103292	0.7716537	0.002174618	6.282534	3.04272
9238	0	-278.81	0	-278.81	0.06161568	0.6227154	0.1517643	11.24953	-6.413405
9239	1	225.3562	0	225.3562	0.1517646	0.8322038	0.00205673	4.567251	3.04272
9240	0	-279.3966	0	-279.3966	0.04137566	0.5049697	0.1035048	16.75253	-6.371947
9241	1	225.621	0	225.621	0.1579332	0.8386667	0.002295697	4.388862	3.04272
9242	0	-277.4594	0	-277.4594	0.08704432	0.7163728	0.1624076	7.963152	-6.435513
9243	1	224.1808	0	224.1808	0.1737721	0.8532319	0.002934175	3.98883	3.04272
9244	0	-279.513	0	-279.513	0.116091	0.7823967	0.2064928	5.97072	-6.33164
9245	1	225.732	0	225.732	0.1458894	0.825565	0.002219692	4.751183	3.04272
9246	0	-280.2504	0	-280.2504	0.1181185	0.7859569	0.2471085	5.868235	-6.452863
9247	1	225.369	0	225.369	0.1165997	0.7833002	0.001637207	5.944674	3.04272
9248	0	-279.4457	0	-279.4457	0.08689965	0.7159559	0.1959706	7.97641	-6.357339
9249	1	224.9893	0	224.9893	0.1618194	0.8424953	0.002133861	4.28346	3.04272
9250	0	-278.5609	0	-278.5609	0.07644057	0.682715	0.1308505	9.067791	-6.500666
9251	1	225.1119	0	225.1119	0.1698454	0.8498664	0.002665422	4.081049	3.04272
9252	0	-279.1442	0	-279.1442	0.1202914	0.7896538	0.2167679	5.762232	-6.386371
9253	1	225.0294	0	225.0294	0.1348217	0.8115846	0.002282951	5.141213	3.04272
9254	0	-278.1849	0	-278.1849	0.1050523	0.7609249	0.1884231	6.598113	-6.442342
9255	1	225.6387	0	225.6387	0.1109599	0.7728771	0.001729297	6.246824	3.04272
9256	0	-277.4241	0	-277.4241	0.08035862	0.6959206	0.1477144	8.625673	-6.439552
9257	1	223.7056	0	223.7056	0.1988917	0.8716794	0.002495589	3.485049	3.042655
9258	0	-279.6679	0	-279.6679	0.05559429	0.5927871	0.1482852	12.46796	-6.426384
9259	1	224.7051	0	224.7051	0.130632	0.805719	0.002275554	5.306105	3.042655
9260	0	-278.1218	0	-278.1218	0.08521011	0.7110056	0.1721768	8.134565	-6.513007
9261	1	223.4731	0	223.4731	0.1691511	0.8492556	0.002183528	4.097798	3.053488
9262	0	-279.0057	0	-279.0057	0.1141427	0.7788704	0.1975824	6.072638	-6.366533
9263	1	221.9211	0	221.9211	0.2078351	0.8771862	0.002560941	3.335083	3.053488
9264	0	-279.8795	0	-279.8795	0.0919702	0.729953	0.2071931	7.53665	-6.350726
9265	1	222.9016	0	222.9016	0.2245684	0.8863215	0.003146617	3.086575	3.053488
9266	0	-279.9705	0	-279.9705	0.06047339	0.6173182	0.1588352	11.46202	-6.381978
9267	1	223.6671	0	223.6671	0.1765964	0.8555624	0.002450319	3.925036	3.033277
9268	0	-277.3391	0	-277.3391	0.07482202	0.6769702	0.1449137	9.263946	-6.456233
9269	1	223.139	0	223.139	0.1988118	0.871628	0.003058824	3.486449	3.033277
9270	0	-280.1847	0	-280.1847	0.04448599	0.5265605	0.1249115	15.58125	-6.317815
9271	1	224.083	0	224.083	0.1040356	0.7587513	0.001537401	6.662595	3.033277
9272	0	-283.1041	0	-283.1041	0.09360853	0.7342171	0.1275095	7.404743	-6.443525
9273	1	223.9117	0	223.9117	0.1355279	0.8125402	0.001688349	5.114424	3.047814
9274	0	-278.4093	0	-278.4093	0.06100306	0.6198364	0.1268944	11.3625	-6.553211
9275	1	225.6006	0	225.6006	0.1478434	0.8278285	0.002237769	4.688388	3.047814
9276	0	-278.6295	0	-278.6295	0.07068719	0.6614637	0.134807	9.805839	-6.567097
9277	1	225.2326	0	225.2326	0.1064686	0.7638937	0.001566121	6.510345	3.048113
9278	0	-279.5701	0	-279.5701	0.04702087	0.5430967	0.119787	14.74127	-6.299661
9279	1	225.5311	0	225.5311	0.1140608	0.7787199	0.001694957	6.076997	3.048113
9280	0	-281.039	0	-281.039	0.08467042	0.7093924	0.1244498	8.186415	-6.437504
9281	1	225.687	0	225.687	0.1359978	0.8131709	0.002069276	5.096753	3.048113
9282	0	-278.3065	0	-278.3065	0.08518098	0.7109189	0.1809387	8.137347	-6.482253
9283	1	224.1837	0	224.1837	0.08347352	0.7057582	0.001430631	8.303798	3.048113
9284	0	-278.9849	0	-278.9849	0.08096394	0.6978766	0.140905	8.561184	-6.55435
9285	1	220.4615	0	220.4615	0.05509074	0.5901113	0.001047341	12.58192	3.048113
9286	0	-277.6331	0	-277.6331	0.07061252	0.6611721	0.1314235	9.816209	-6.458753
9287	1	222.776	0	222.776	0.1146358	0.7797729	0.001407978	6.046515	3.048113
9288	0	-279.3812	0	-279.3812	0.1167251	0.7835218	0.2270523	5.938289	-6.473667
9289	1	225.1848	0	225.1848	0.1014441	0.7530455	0.001654184	6.832797	3.048113
9290	0	-278.6331	0	-278.6331	0.1106874	0.7723499	0.1917541	6.262205	-6.389694
9291	1	225.1336	0	225.1336	0.1675932	0.847867	0.002582094	4.135891	3.048113
9292	0	-279.2034	0	-279.2034	0.08525548	0.7111405	0.135351	8.130236	-6.390539
9293	1	222.4394	0	222.4394	0.1483152	0.8283665	0.002190842	4.673475	3.061247
9294	0	-279.3385	0	-279.3385	0.08610035	0.7136326	0.1700459	8.050457	-6.267892
9295	1	221.4428	0	221.4428	0.1302629	0.8051855	0.00171786	5.321142	3.061247
9296	0	-278.6061	0	-278.6061	0.08581737	0.7128021	0.1778761	8.077003	-6.325254
9297	1	222.4221	0	222.4221	0.1453703	0.824954	0.002323317	4.768149	3.061247
9298	0	-277.5086	0	-277.5086	0.0660259	0.6424243	0.129274	10.49811	-6.436094
9299	1	222.3659	0	222.3659	0.1484582	0.8285291	0.002154439	4.668971	3.061247
9300	0	-279.9358	0	-279.9358	0.05046465	0.5641539	0.1021439	13.7353	-6.549541
9301	1	222.4255	0	222.4255	0.1373509	0.8149648	0.002263133	5.046542	3.061247
9302	0	-278.7689	0	-278.7689	0.09417402	0.7356612	0.1884839	7.36028	-6.530535
9303	1	223.5181	0	223.5181	0.1348217	0.8115846	0.002266488	5.141212	3.057135
9304	0	-277.5355	0	-277.5355	0.07246029	0.6682641	0.1532007	9.565891	-6.420096
9305	1	223.7841	0	223.7841	0.1412617	0.8199691	0.002004181	4.906831	3.057135
9306	0	-282.1595	0	-282.1595	0.114448	0.7794299	0.2019988	6.056438	-6.625679
9307	1	224.1209	0	224.1209	0.1241889	0.7959934	0.001936181	5.581394	3.057135
9308	0	-282.0563	0	-282.0563	0.05687941	0.5994903	0.1404332	12.18626	-6.165571
9309	1	223.3435	0	223.3435	0.1059589	0.762833	0.001483331	6.541663	3.05648
9310	0	-277.8835	0	-277.8835	0.06021496	0.6160797	0.1194864	11.51121	-6.414527
9311	1	225.2555	0	225.2555	0.1682818	0.8484838	0.002318212	4.118967	3.04615
9312	0	-278.4927	0	-278.4927	0.05469526	0.5879899	0.1338558	12.67289	-6.38916
9313	1	223.684	0	223.684	0.1604409	0.8411576	0.00284807	4.320265	3.04615
9314	0	-279.3691	0	-279.3691	0.04806164	0.5496263	0.1041254	14.42205	-6.340419
9315	1	225.3665	0	225.3665	0.1675902	0.8478643	0.002528703	4.135965	3.04615
9316	0	-278.8224	0	-278.8224	0.09587983	0.7399336	0.1533228	7.229332	-6.415934
9317	1	225.2271	0	225.2271	0.1772709	0.8561083	0.00253919	3.910102	3.04615
9318	0	-278.1123	0	-278.1123	0.08328812	0.7051882	0.1781619	8.322281	-6.418941
9319	1	222.1633	0	222.1633	0.2895359	0.911817	0.004039895	2.393994	3.041063
9320	0	-277.6239	0	-277.6239	0.082492	0.7027186	0.1607176	8.402599	-6.371036
9321	1	223.3501	0	223.3501	0.2449798	0.8957844	0.003366317	2.829405	3.041063
9322	0	-277.4134	0	-277.4134	0.07658707	0.6832264	0.1555154	9.050446	-6.448192
9323	1	224.9343	0	224.9343	0.1429371	0.8220344	0.002396622	4.849316	3.041063
9324	0	-277.7219	0	-277.7219	0.07802553	0.6881735	0.1646959	8.883595	-6.413113
9325	1	224.7803	0	224.7803	0.1891851	0.8651215	0.002864789	3.663857	3.041063
9326	0	-280.7272	0	-280.7272	0.1401258	0.8185425	0.2486433	4.946608	-6.49332
9327	1	225.1874	0	225.1874	0.1752411	0.8544532	0.002493337	3.955392	3.041063
9328	0	-287.8712	0	-287.8712	0.1509909	0.8313576	0.2109176	4.590655	-6.23974
9329	1	224.4552	0	224.4552	0.1969032	0.8703879	0.003043893	3.520244	3.041063
9330	0	-279.4716	0	-279.4716	0.06219336	0.6253975	0.1493678	11.14503	-6.29213
9331	1	224.1044	0	224.1044	0.1676138	0.8478855	0.002860079	4.135383	3.041005
9332	0	-278.2931	0	-278.2931	0.08686784	0.715864	0.1559411	7.97933	-6.330491
9333	1	223.0988	0	223.0988	0.2573769	0.9008015	0.003656619	2.693121	3.046922
9334	0	-279.4964	0	-279.4964	0.08145193	0.6994377	0.1914975	8.509892	-6.440272
9335	1	221.8333	0	221.8333	0.2919064	0.912533	0.00424186	2.374553	3.049382
9336	0	-279.8803	0	-279.8803	0.09598102	0.7401832	0.199642	7.221711	-6.287505
9337	1	220.7966	0	220.7966	0.3260117	0.9216826	0.004842534	2.126142	3.049382
9338	0	-278.4903	0	-278.4903	0.09391355	0.7349978	0.182215	7.380694	-6.525356
9339	1	224.7048	0	224.7048	0.1881839	0.8644072	0.002941061	3.68335	3.044983
9340	0	-279.095	0	-279.095	0.05417307	0.5851617	0.1175477	12.79505	-6.57839
9341	1	225.0945	0	225.0945	0.1850505	0.8621225	0.002641347	3.74572	3.044983
9342	0	-277.7014	0	-277.7014	0.09033268	0.7255682	0.1685802	7.673271	-6.473919
9343	1	224.2125	0	224.2125	0.2082288	0.8774179	0.003235027	3.328777	3.044983
9344	0	-278.5009	0	-278.5009	0.1080278	0.7670852	0.189554	6.416378	-6.383523
9345	1	224.5757	0	224.5757	0.2058914	0.8760297	0.003012273	3.366566	3.044983
9346	0	-277.3312	0	-277.3312	0.08004904	0.6949118	0.1555388	8.659031	-6.427319
9347	1	224.4129	0	224.4129	0.1822899	0.860046	0.002977843	3.802444	3.044983
9348	0	-280.3657	0	-280.3657	0.08578509	0.7127071	0.2036755	8.080043	-6.356934
9349	1	225.33	0	225.33	0.1649948	0.8454945	0.002266085	4.201026	3.044983
9350	0	-278.222	0	-278.222	0.1049879	0.7607882	0.1861637	6.602164	-6.449619
9351	1	222.9747	0	222.9747	0.1471403	0.8270206	0.002360978	4.710792	3.028973
9352	0	-282.0519	0	-282.0519	0.1608198	0.8415275	0.2597408	4.310086	-6.380505
9353	1	223.2526	0	223.2526	0.1368925	0.8143608	0.002090285	5.063441	3.028754
9354	0	-278.5263	0	-278.5263	0.07468241	0.6764664	0.1689237	9.281264	-6.373234
9355	1	222.5546	0	222.5546	0.1299975	0.8048003	0.002212244	5.332005	3.060493
9356	0	-277.7752	0	-277.7752	0.09092929	0.7271802	0.167625	7.622926	-6.480712
9357	1	223.0107	0	223.0107	0.1261025	0.7989764	0.002037665	5.496695	3.060493
9358	0	-278.4306	0	-278.4306	0.1037291	0.758089	0.2006849	6.682281	-6.388791
9359	1	223.1557	0	223.1557	0.1177777	0.785366	0.001842243	5.885218	3.060493
9360	0	-278.6328	0	-278.6328	0.0776356	0.6868456	0.131623	8.928213	-6.499408
9361	1	224.536	0	224.536	0.1310423	0.8063086	0.00199213	5.289493	3.033044
9362	0	-277.597	0	-277.597	0.06804151	0.6508713	0.1473786	10.18712	-6.432881
9363	1	224.3647	0	224.3647	0.126424	0.7994694	0.002044949	5.482718	3.033044
9364	0	-279.1744	0	-279.1744	0.1185815	0.7867546	0.1973491	5.845325	-6.441292
9365	1	221.2001	0	221.2001	0.06863086	0.6532784	0.001400545	10.09964	3.033044
9366	0	-280.9562	0	-280.9562	0.052316	0.574848	0.1318935	13.24924	-6.212802
9367	1	221.2306	0	221.2306	0.09594421	0.7400925	0.001242368	7.224482	3.033101
9368	0	-279.2412	0	-279.2412	0.0645564	0.6360496	0.1593116	10.73708	-6.368158
9369	1	222.6124	0	222.6124	0.1117789	0.7744477	0.001478049	6.201054	3.056778
9370	0	-277.5438	0	-277.5438	0.06323634	0.6301615	0.128752	10.96122	-6.456584
9371	1	221.6767	0	221.6767	0.1131226	0.7769815	0.002126099	6.1274	3.028507
9372	0	-280.4747	0	-280.4747	0.05685266	0.5993526	0.1264124	12.19199	-6.658527
9373	1	221.2046	0	221.2046	0.200232	0.8725357	0.003258311	3.461721	3.028507
9374	0	-278.5083	0	-278.5083	0.07998955	0.6947173	0.1326565	8.665472	-6.438524
9375	1	223.1967	0	223.1967	0.1431427	0.8222847	0.00193419	4.842352	3.030923
9376	0	-279.5997	0	-279.5997	0.06305979	0.6293621	0.114256	10.9919	-6.556557
9377	1	220.8705	0	220.8705	0.08870791	0.7210915	0.001904775	7.813814	3.038193
9378	0	-278.6972	0	-278.6972	0.0608215	0.6189763	0.1421079	11.39642	-6.324714
9379	1	225.2024	0	225.2024	0.156246	0.8369475	0.002096676	4.436256	3.042138
9380	0	-279.3716	0	-279.3716	0.07050827	0.6607644	0.1512001	9.830721	-6.25718
9381	1	225.5802	0	225.5802	0.117228	0.7844067	0.001693807	5.912811	3.042138
9382	0	-278.4283	0	-278.4283	0.07080336	0.6619164	0.1628075	9.78975	-6.472874
9383	1	224.3772	0	224.3772	0.09182382	0.7295661	0.001352636	7.548664	3.042138
9384	0	-277.4672	0	-277.4672	0.06735697	0.6480401	0.1387303	10.29065	-6.394935
9385	1	225.0677	0	225.0677	0.1016074	0.7534122	0.001719655	6.821815	3.042138
9386	0	-279.1881	0	-279.1881	0.06308784	0.6294893	0.1459559	10.98702	-6.286393
9387	1	225.7595	0	225.7595	0.1354602	0.8124489	0.002111235	5.116982	3.045211
9388	0	-278.3882	0	-278.3882	0.09467761	0.7369355	0.161189	7.321131	-6.362391
9389	1	224.4078	0	224.4078	0.1490766	0.829228	0.002408664	4.649606	3.053529
9390	0	-281.7307	0	-281.7307	0.09972953	0.7491343	0.2095588	6.95027	-6.629389
9391	1	224.9193	0	224.9193	0.1298581	0.8045975	0.002017385	5.337726	3.053529
9392	0	-277.6982	0	-277.6982	0.05873084	0.6088388	0.1248347	11.8021	-6.45218
9393	1	224.894	0	224.894	0.1384954	0.8164566	0.00210178	5.00484	3.053529
9394	0	-277.8373	0	-277.8373	0.09654992	0.7415783	0.1801218	7.179158	-6.402519
9395	1	225.1316	0	225.1316	0.1649123	0.845418	0.002605239	4.203126	3.046559
9396	0	-278.7984	0	-278.7984	0.108517	0.7680703	0.2138724	6.387451	-6.406364
9397	1	224.5156	0	224.5156	0.2003292	0.8725973	0.002734625	3.46004	3.046559
9398	0	-278.7091	0	-278.7091	0.08954456	0.7234126	0.148591	7.740807	-6.355547
9399	1	224.1501	0	224.1501	0.1358409	0.8129607	0.001703528	5.102641	3.046559
9400	0	-284.2492	0	-284.2492	0.09608425	0.7404374	0.2553004	7.213952	-6.393639
9401	1	225.786	0	225.786	0.1218751	0.7922737	0.001855783	5.687357	3.046559
9402	0	-279.3109	0	-279.3109	0.1000523	0.749879	0.1908987	6.927849	-6.557106
9403	1	224.5997	0	224.5997	0.1288925	0.8031808	0.001668326	5.377716	3.046559
9404	0	-279.5038	0	-279.5038	0.122809	0.7937902	0.226657	5.644109	-6.479111
9405	1	224.9952	0	224.9952	0.108802	0.7686407	0.001522205	6.370719	3.046559
9406	0	-281.6621	0	-281.6621	0.1347084	0.8114303	0.2060667	5.14554	-6.501398
9407	1	223.6944	0	223.6944	0.1477895	0.8277669	0.002248329	4.690097	3.057722
9408	0	-281.3999	0	-281.3999	0.1342703	0.810832	0.2765204	5.162326	-6.483073
9409	1	224.3979	0	224.3979	0.1376835	0.8154008	0.001740641	5.034351	3.04491
9410	0	-284.3431	0	-284.3431	0.2048448	0.8753979	0.3624284	3.383768	-6.361517
9411	1	225.5762	0	225.5762	0.107741	0.7665041	0.001653629	6.433459	3.04491
9412	0	-281.0855	0	-281.0855	0.1496983	0.8299254	0.2739416	4.630294	-6.458753
9413	1	225.8394	0	225.8394	0.1386634	0.8166737	0.002097565	4.998774	3.04491
9414	0	-279.7643	0	-279.7643	0.1104073	0.7718058	0.2327485	6.278092	-6.441643
9415	1	225.7411	0	225.7411	0.1208304	0.7905524	0.001760537	5.736529	3.04491
9416	0	-278.4989	0	-278.4989	0.0544273	0.5865425	0.134581	12.73528	-6.420673
9417	1	222.8089	0	222.8089	0.1502907	0.8305846	0.002653435	4.612044	3.032687
9418	0	-280.8732	0	-280.8732	0.03290276	0.4378975	0.08940275	21.06654	-6.462537
9419	1	224.9079	0	224.9079	0.1755801	0.8547322	0.002766867	3.947755	3.041924
9420	0	-279.0221	0	-279.0221	0.04256266	0.5133852	0.1061915	16.28533	-6.451349
9421	1	225.5063	0	225.5063	0.1055354	0.7619451	0.001650178	6.567913	3.043118
9422	0	-278.2213	0	-278.2213	0.05828156	0.6066029	0.1224782	11.89308	-6.527213
9423	1	223.0595	0	223.0595	0.1354657	0.8124564	0.001616959	5.116772	3.043118
9424	0	-279.7596	0	-279.7596	0.04573272	0.5348079	0.1191621	15.15648	-6.297163
9425	1	225.3981	0	225.3981	0.1597343	0.8404633	0.002487726	4.339376	3.043118
9426	0	-278.2187	0	-278.2187	0.05765181	0.6034339	0.1146843	12.02299	-6.395926
9427	1	224.9752	0	224.9752	0.1570952	0.8378172	0.002579982	4.412275	3.043118
9428	0	-281.4775	0	-281.4775	0.07631957	0.6822916	0.1535337	9.082168	-6.177402
9429	1	225.4887	0	225.4887	0.1395929	0.8178657	0.00213855	4.965491	3.038831
9430	0	-277.9317	0	-277.9317	0.06551358	0.640223	0.1388369	10.58021	-6.522449
9431	1	223.216	0	223.216	0.1109066	0.7727741	0.002065665	6.249829	3.035153
9432	0	-279.1334	0	-279.1334	0.0578108	0.6042379	0.1474209	11.98993	-6.470274
9433	1	225.6697	0	225.6697	0.1348442	0.8116151	0.001915149	5.140357	3.041527
9434	0	-279.084	0	-279.084	0.07305477	0.6704927	0.1206983	9.488048	-6.420259
9435	1	225.616	0	225.616	0.154337	0.8349589	0.002246578	4.491129	3.041527
9436	0	-278.1442	0	-278.1442	0.06982353	0.6580658	0.158867	9.927129	-6.427502
9437	1	222.7628	0	222.7628	0.1499847	0.8302447	0.002818104	4.621454	3.041527
9438	0	-277.7266	0	-277.7266	0.06309716	0.6295316	0.1348192	10.98539	-6.373734
9439	1	225.7161	0	225.7161	0.1407024	0.8192694	0.002154095	4.926336	3.041527
9440	0	-277.8728	0	-277.8728	0.09566792	0.7394096	0.1830096	7.245346	-6.402087
9441	1	224.3589	0	224.3589	0.2072507	0.8768407	0.002840194	3.344487	3.041527
9442	0	-279.3094	0	-279.3094	0.07095311	0.6624985	0.172337	9.769088	-6.399449
9443	1	225.6013	0	225.6013	0.1543935	0.8350184	0.002307414	4.489485	3.041527
9444	0	-279.2106	0	-279.2106	0.04715025	0.5439164	0.1215382	14.70082	-6.533689
9445	1	223.9017	0	223.9017	0.1881731	0.8643994	0.002783589	3.683562	3.034662
9446	0	-278.661	0	-278.661	0.04906805	0.5558021	0.1065184	14.12624	-6.430078
9447	1	223.9162	0	223.9162	0.1810611	0.8591016	0.002803363	3.828251	3.034662
9448	0	-279.2679	0	-279.2679	0.05589671	0.5943807	0.1298452	12.4005	-6.593159
9449	1	222.1007	0	222.1007	0.2545249	0.8996905	0.003701027	2.723299	3.034662
9450	0	-278.4355	0	-278.4355	0.0774815	0.6863181	0.1303347	8.945971	-6.410273
9451	1	218.8906	0	218.8906	0.3122335	0.9182268	0.003794727	2.219964	3.034662
9452	0	-277.9851	0	-277.9851	0.06414248	0.6342201	0.1307757	10.80637	-6.340473
9453	1	221.2916	0	221.2916	0.2701989	0.9055073	0.003583618	2.565322	3.034662
9454	0	-278.8369	0	-278.8369	0.06669009	0.645245	0.1540167	10.39356	-6.544043
9455	1	223.2592	0	223.2592	0.1635479	0.8441419	0.00281767	4.23819	3.053594
9456	0	-277.6741	0	-277.6741	0.08276123	0.7035578	0.1460171	8.375264	-6.442701
9457	1	224.5368	0	224.5368	0.1599133	0.8406398	0.002416601	4.334518	3.053594
9458	0	-277.6769	0	-277.6769	0.0884707	0.7204271	0.1698438	7.834765	-6.47407
9459	1	224.8135	0	224.8135	0.145025	0.8245454	0.002167621	4.779501	3.053594
9460	0	-278.9621	0	-278.9621	0.05053519	0.5645692	0.1312334	13.71613	-6.470069
9461	1	223.4568	0	223.4568	0.1984717	0.8714088	0.002720412	3.492423	3.053594
9462	0	-278.3815	0	-278.3815	0.07130034	0.6638417	0.126329	9.721513	-6.363978
9463	1	223.8259	0	223.8259	0.1891943	0.865128	0.002858297	3.66368	3.053594
9464	0	-280.2555	0	-280.2555	0.1228728	0.7938932	0.2033365	5.641175	-6.330508
9465	1	224.7471	0	224.7471	0.1396191	0.8178991	0.002100237	4.964559	3.054201
9466	0	-282.4084	0	-282.4084	0.1237541	0.795304	0.276567	5.601004	-6.511459
9467	1	216.0371	0	216.0371	0.1523322	0.8328193	0.003476348	4.550234	3.054201
9468	0	-277.5874	0	-277.5874	0.08975525	0.7239918	0.1623972	7.722637	-6.41645
9469	1	224.254	0	224.254	0.1601822	0.8409042	0.002740362	4.327241	3.047427
9470	0	-278.3114	0	-278.3114	0.05329177	0.5803175	0.1290064	13.00665	-6.410552
9471	1	223.4685	0	223.4685	0.1269385	0.8002538	0.002080197	5.460496	3.058666
9472	0	-279.2072	0	-279.2072	0.04370596	0.5212844	0.1014709	15.85933	-6.408466
9473	1	223.3011	0	223.3011	0.1439309	0.8232381	0.002054608	4.815835	3.058666
9474	0	-278.0116	0	-278.0116	0.07678027	0.6838986	0.1493167	9.027673	-6.327171
9475	1	223.2279	0	223.2279	0.1465303	0.8263137	0.002079265	4.730403	3.058666
9476	0	-277.4298	0	-277.4298	0.06841152	0.6523858	0.1391054	10.13202	-6.397055
9477	1	225.816	0	225.816	0.1261356	0.7990272	0.001863234	5.495255	3.046088
9478	0	-278.5323	0	-278.5323	0.0809171	0.697726	0.1733149	8.566139	-6.336292
9479	1	224.8317	0	224.8317	0.1429292	0.8220248	0.002427263	4.849585	3.046088
9480	0	-278.2184	0	-278.2184	0.06611237	0.6427936	0.1432485	10.48438	-6.539592
9481	1	224.6138	0	224.6138	0.192712	0.8675796	0.002986896	3.596803	3.046088
9482	0	-279.9308	0	-279.9308	0.1301774	0.8050616	0.2429337	5.324636	-6.381447
9483	1	224.8552	0	224.8552	0.1937271	0.8682708	0.002773037	3.577956	3.046088
9484	0	-280.0277	0	-280.0277	0.1276595	0.8013433	0.2398536	5.429657	-6.489612
9485	1	225.1161	0	225.1161	0.1660103	0.8464303	0.002559607	4.175326	3.039722
9486	0	-277.5948	0	-277.5948	0.08124615	0.6987811	0.150273	8.531446	-6.483335
9487	1	223.7718	0	223.7718	0.2148895	0.8812096	0.003351964	3.225599	3.039722
9488	0	-279.8081	0	-279.8081	0.0907075	0.7265829	0.1584765	7.641564	-6.589323
9489	1	223.7497	0	223.7497	0.2266012	0.88734	0.003356341	3.058885	3.039722
9490	0	-279.5024	0	-279.5024	0.0807084	0.6970535	0.1781036	8.588291	-6.568802
9491	1	225.1401	0	225.1401	0.1096588	0.7703399	0.001578165	6.320947	3.039722
9492	0	-278.2015	0	-278.2015	0.08137308	0.6991864	0.1509602	8.518139	-6.537316
9493	1	224.3407	0	224.3407	0.1082081	0.7674491	0.001464426	6.405688	3.039722
9494	0	-280.1969	0	-280.1969	0.1208257	0.7905445	0.2182556	5.736754	-6.309536
9495	1	224.497	0	224.497	0.1066808	0.7643329	0.001845363	6.497391	3.051813
9496	0	-278.4995	0	-278.4995	0.07561752	0.6798157	0.1350899	9.166489	-6.535394
9497	1	223.8119	0	223.8119	0.2008014	0.8728961	0.002753061	3.451903	3.051813
9498	0	-277.8895	0	-277.8895	0.05911886	0.6107532	0.1217712	11.72464	-6.48526
9499	1	221.986	0	221.986	0.2452625	0.8959044	0.003420065	2.826144	3.033504
9500	0	-278.7069	0	-278.7069	0.05979586	0.6140572	0.1109413	11.59189	-6.447424
9501	1	222.5886	0	222.5886	0.2115419	0.8793335	0.003365833	3.276643	3.033504
9502	0	-278.1239	0	-278.1239	0.07349162	0.6721143	0.160958	9.431649	-6.365687
9503	1	223.6534	0	223.6534	0.1494551	0.8296532	0.002523881	4.637829	3.033504
9504	0	-277.9362	0	-277.9362	0.09836572	0.7459426	0.1872017	7.046633	-6.424568
9505	1	223.9491	0	223.9491	0.2016055	0.8734015	0.002709911	3.438136	3.050246
9506	0	-279.6781	0	-279.6781	0.0965563	0.7415939	0.2124839	7.178684	-6.489272
9507	1	223.9223	0	223.9223	0.1615927	0.8422768	0.002769359	4.289471	3.050246
9508	0	-277.9491	0	-277.9491	0.05878428	0.6091034	0.11869	11.79137	-6.468852
9509	1	225.3616	0	225.3616	0.1450882	0.8246203	0.002208216	4.777419	3.050246
9510	0	-278.4667	0	-278.4667	0.06808834	0.6510636	0.1425021	10.18012	-6.299611
9511	1	224.4077	0	224.4077	0.2016388	0.8734223	0.00309713	3.437568	3.046667
9512	0	-277.7332	0	-277.7332	0.0942301	0.7358037	0.1730729	7.3559	-6.402663
9513	1	223.8502	0	223.8502	0.1993376	0.8719656	0.002538221	3.477252	3.046667
9514	0	-279.1102	0	-279.1102	0.08037242	0.6959655	0.1860718	8.624192	-6.43325
9515	1	225.4826	0	225.4826	0.144322	0.8237076	0.002303078	4.802781	3.045926
9516	0	-281.3344	0	-281.3344	0.1546484	0.8352865	0.2828778	4.482084	-6.447424
9517	1	224.6012	0	224.6012	0.1935543	0.8681536	0.00299896	3.581152	3.045926
9518	0	-279.9901	0	-279.9901	0.1216865	0.791965	0.1903018	5.69617	-6.43603
9519	1	225.6207	0	225.6207	0.1524342	0.8329295	0.002324306	4.547189	3.045926
9520	0	-279.9486	0	-279.9486	0.1265697	0.7996921	0.2092246	5.476407	-6.480276
9521	1	221.4941	0	221.4941	0.142052	0.8209491	0.002837753	4.87953	3.045926
9522	0	-278.0878	0	-278.0878	0.09923952	0.7479959	0.1842634	6.984588	-6.476039
9523	1	225.0913	0	225.0913	0.1542956	0.8349153	0.002042995	4.492333	3.045926
9524	0	-277.7331	0	-277.7331	0.06324233	0.6301886	0.13588	10.96018	-6.492372
9525	1	223.4597	0	223.4597	0.2131437	0.8802385	0.002827148	3.252018	3.037464
9526	0	-277.3229	0	-277.3229	0.08004655	0.6949037	0.1528351	8.659301	-6.429653
9527	1	225.4881	0	225.4881	0.1588152	0.8395513	0.002276301	4.36449	3.047395
9528	0	-278.6071	0	-278.6071	0.07748405	0.6863269	0.165581	8.945676	-6.546453
9529	1	224.9657	0	224.9657	0.1411349	0.8198109	0.002093058	4.91124	3.03536
9530	0	-279.1067	0	-279.1067	0.08970778	0.7238615	0.1509539	7.726723	-6.317457
9531	1	225.274	0	225.274	0.1380502	0.8158791	0.001952841	5.020979	3.050515
9532	0	-277.9511	0	-277.9511	0.08830714	0.7199674	0.1803867	7.849276	-6.399573
9533	1	224.8079	0	224.8079	0.1435896	0.8228265	0.001916091	4.827281	3.050158
9534	0	-281.6934	0	-281.6934	0.1134055	0.7775084	0.2274537	6.112113	-6.246909
9535	1	223.9942	0	223.9942	0.2044252	0.8751428	0.003127867	3.390713	3.050158
9536	0	-277.9833	0	-277.9833	0.06706025	0.646801	0.1312379	10.33619	-6.341696
9537	1	222.7475	0	222.7475	0.1442552	0.8236276	0.002701416	4.805006	3.050158
9538	0	-277.5053	0	-277.5053	0.0866294	0.7151741	0.162241	8.001293	-6.458151
9539	1	222.9432	0	222.9432	0.1794183	0.8578194	0.002176928	3.863303	3.050158
9540	0	-278.7278	0	-278.7278	0.07999268	0.6947276	0.1757185	8.665133	-6.340976
9541	1	225.2147	0	225.2147	0.1535307	0.8341049	0.002353519	4.514713	3.050158
9542	0	-279.9668	0	-279.9668	0.06927244	0.6558675	0.1699773	10.0061	-6.546098
9543	1	223.9098	0	223.9098	0.161021	0.8417232	0.002353855	4.304701	3.056071
9544	0	-277.8171	0	-277.8171	0.08282443	0.7037542	0.162538	8.368873	-6.50666
9545	1	223.6205	0	223.6205	0.172528	0.8521817	0.002480402	4.017593	3.056071
9546	0	-278.8619	0	-278.8619	0.09424878	0.7358511	0.200576	7.354442	-6.472322
9547	1	225.6129	0	225.6129	0.1262775	0.799245	0.001912832	5.489081	3.039308
9548	0	-278.3131	0	-278.3131	0.09823757	0.745639	0.1642707	7.055826	-6.406836
9549	1	225.563	0	225.563	0.1220826	0.7926125	0.0018943	5.677691	3.039308
9550	0	-278.6433	0	-278.6433	0.1089313	0.7688985	0.1886907	6.363162	-6.474925
9551	1	224.5705	0	224.5705	0.1762718	0.8552983	0.00273018	3.932263	3.050787
9552	0	-279.3975	0	-279.3975	0.08674655	0.7155134	0.1352557	7.990487	-6.434523
9553	1	222.521	0	222.521	0.2239316	0.8859987	0.00270669	3.095352	3.043682
9554	0	-279.2419	0	-279.2419	0.07822153	0.6888373	0.1420339	8.861335	-6.275238
9555	1	223.3102	0	223.3102	0.1126887	0.7761692	0.002159011	6.15099	3.043682
9556	0	-279.3061	0	-279.3061	0.06901568	0.6548353	0.1162865	10.04333	-6.38251
9557	1	225.1909	0	225.1909	0.1464448	0.8262142	0.001953419	4.733165	3.046314
9558	0	-278.1394	0	-278.1394	0.07890168	0.6911222	0.1347621	8.784948	-6.410261
9559	1	225.5369	0	225.5369	0.1452623	0.8248264	0.002291325	4.771694	3.046314
9560	0	-278.1708	0	-278.1708	0.05922436	0.6112711	0.1176475	11.70375	-6.374515
9561	1	225.6939	0	225.6939	0.1493672	0.8295547	0.002154811	4.640557	3.046314
9562	0	-278.2448	0	-278.2448	0.07153066	0.6647277	0.1384248	9.690211	-6.549332
9563	1	225.7131	0	225.7131	0.1178645	0.7855168	0.001847014	5.880881	3.046314
9564	0	-279.5775	0	-279.5775	0.04758154	0.5466325	0.09850724	14.56756	-6.440365
9565	1	224.7082	0	224.7082	0.09011632	0.7249794	0.001518996	7.691694	3.046314
9566	0	-277.9932	0	-277.9932	0.05830669	0.6067285	0.123529	11.88795	-6.505118
9567	1	224.8354	0	224.8354	0.1400735	0.8184763	0.002129318	4.948453	3.034719
9568	0	-279.135	0	-279.135	0.05907131	0.6105194	0.1437465	11.73408	-6.549954
9569	1	222.8586	0	222.8586	0.1141854	0.7789487	0.002154488	6.070368	3.034719
9570	0	-282.924	0	-282.924	0.1677778	0.8480328	0.2685523	4.131341	-6.349218
9571	1	224.3686	0	224.3686	0.1607813	0.84149	0.002512236	4.311117	3.034719
9572	0	-277.8319	0	-277.8319	0.067302	0.6478111	0.1426178	10.29906	-6.353458
9573	1	224.6695	0	224.6695	0.1480673	0.8280843	0.002117513	4.681298	3.034719
9574	0	-278.3685	0	-278.3685	0.09196094	0.7299285	0.1594248	7.537409	-6.347156
9575	1	220.9766	0	220.9766	0.2811635	0.9091915	0.004737084	2.465282	3.040624
9576	0	-279.1701	0	-279.1701	0.1133634	0.7774301	0.2051613	6.114384	-6.343803
9577	1	224.1378	0	224.1378	0.1701693	0.8501498	0.002879168	4.07328	3.040624
9578	0	-278.2248	0	-278.2248	0.08665936	0.7152609	0.1839573	7.998527	-6.413662
9579	1	224.5117	0	224.5117	0.2030504	0.8742997	0.002954123	3.413671	3.040624
9580	0	-278.6769	0	-278.6769	0.1012539	0.7526171	0.2058212	6.845631	-6.456587
9581	1	223.952	0	223.952	0.2058752	0.8760199	0.002673413	3.366831	3.04158
9582	0	-277.4877	0	-277.4877	0.07701127	0.6846992	0.1410102	9.000594	-6.442609
9583	1	223.7614	0	223.7614	0.2271838	0.8876286	0.003496626	3.051041	3.043588
9584	0	-277.8471	0	-277.8471	0.07877784	0.6907083	0.1475484	8.798759	-6.346317
9585	1	223.6916	0	223.6916	0.2398375	0.8935515	0.00343778	2.89007	3.043588
9586	0	-278.375	0	-278.375	0.07671448	0.68367	0.16392	9.035415	-6.330212
9587	1	225.53	0	225.53	0.1324064	0.808245	0.002148221	5.234996	3.043588
9588	0	-277.4135	0	-277.4135	0.08530584	0.7112901	0.1613662	8.125436	-6.430536
9589	1	223.3646	0	223.3646	0.1275807	0.8012249	0.002138821	5.433009	3.058355
9590	0	-277.7339	0	-277.7339	0.07157277	0.6648893	0.1305757	9.68451	-6.451954
9591	1	223.7829	0	223.7829	0.1212233	0.7912028	0.001909436	5.717937	3.058355
9592	0	-277.9188	0	-277.9188	0.08710574	0.7165495	0.1693357	7.957537	-6.504368
9593	1	224.7696	0	224.7696	0.1117451	0.7743833	0.001698349	6.202931	3.053847
9594	0	-277.8933	0	-277.8933	0.06993245	0.6584974	0.1410732	9.911667	-6.527585
9595	1	224.6601	0	224.6601	0.1053928	0.7616447	0.001648621	6.576801	3.053847
9596	0	-278.7076	0	-278.7076	0.06177355	0.6234514	0.1185687	11.22078	-6.327348
9597	1	224.6933	0	224.6933	0.1564236	0.8371301	0.002071253	4.43122	3.0385
9598	0	-280.0418	0	-280.0418	0.06399865	0.6335808	0.1656873	10.83065	-6.487502
9599	1	223.6206	0	223.6206	0.09569125	0.7394674	0.001790093	7.243579	3.0385
9600	0	-280.6856	0	-280.6856	0.1183527	0.7863612	0.179566	5.856621	-6.484732
9601	1	224.9794	0	224.9794	0.1339429	0.8103823	0.002222303	5.174947	3.0385
9602	0	-278.1343	0	-278.1343	0.1043123	0.7593463	0.186208	6.644925	-6.429128
9603	1	223.0558	0	223.0558	0.2290845	0.8885598	0.003637904	3.025728	3.0385
9604	0	-277.9346	0	-277.9346	0.09936684	0.7482925	0.1762915	6.975639	-6.429128
9605	1	224.5541	0	224.5541	0.2019352	0.8736076	0.002859643	3.432522	3.040887
9606	0	-278.4898	0	-278.4898	0.0842692	0.7081829	0.1434859	8.225392	-6.350459
9607	1	223.6221	0	223.6221	0.2183729	0.8831012	0.002810252	3.174145	3.042905
9608	0	-277.4091	0	-277.4091	0.08269971	0.7033664	0.1542196	8.381495	-6.409767
9609	1	225.4628	0	225.4628	0.1295786	0.8041894	0.002122042	5.349241	3.042905
9610	0	-278.3518	0	-278.3518	0.06085317	0.6191265	0.1353359	11.39049	-6.543083
9611	1	222.8563	0	222.8563	0.1468098	0.8266383	0.00245984	4.721396	3.029749
9612	0	-278.319	0	-278.319	0.06586818	0.641749	0.1187111	10.52325	-6.425294
9613	1	222.7314	0	222.7314	0.09944059	0.7484641	0.001793095	6.970465	3.029749
9614	0	-277.7254	0	-277.7254	0.09234862	0.7309487	0.1639413	7.505767	-6.44287
9615	1	224.3562	0	224.3562	0.1408123	0.8194073	0.001798415	4.922491	3.0487
9616	0	-277.7821	0	-277.7821	0.05924344	0.6113647	0.1224357	11.69998	-6.46823
9617	1	224.7225	0	224.7225	0.1232084	0.7944326	0.00211634	5.62581	3.049967
9618	0	-277.4475	0	-277.4475	0.0772359	0.6854743	0.1509569	8.974417	-6.477887
9619	1	225.3029	0	225.3029	0.1198219	0.7888651	0.001721904	5.78481	3.049967
9620	0	-278.9189	0	-278.9189	0.0810829	0.6982584	0.1426192	8.548624	-6.557109
9621	1	225.013	0	225.013	0.1399044	0.8182619	0.002125998	4.954435	3.035603
9622	0	-277.9249	0	-277.9249	0.06628519	0.6435298	0.1391008	10.45705	-6.341396
9623	1	224.1046	0	224.1046	0.1858369	0.8627031	0.002607719	3.729868	3.035603
9624	0	-278.2557	0	-278.2557	0.08285891	0.7038612	0.1410557	8.365391	-6.375642
9625	1	224.6375	0	224.6375	0.1765735	0.8555438	0.002748568	3.925545	3.050043
9626	0	-278.4108	0	-278.4108	0.06825595	0.6517504	0.1226184	10.15512	-6.367701
9627	1	223.0931	0	223.0931	0.2443087	0.8954983	0.003467804	2.837178	3.050043
9628	0	-277.5566	0	-277.5566	0.0751377	0.6781045	0.14755	9.225026	-6.367701
9629	1	224.3451	0	224.3451	0.19744	0.8707391	0.00279429	3.510672	3.050043
9630	0	-278.6803	0	-278.6803	0.09052706	0.7260952	0.1887835	7.656795	-6.511029
9631	1	221.4051	0	221.4051	0.3038384	0.9159675	0.004374308	2.281302	3.050043
9632	0	-277.4091	0	-277.4091	0.08135517	0.6991292	0.1606952	8.520014	-6.442243
9633	1	223.9629	0	223.9629	0.2128413	0.8800687	0.003043955	3.256638	3.050043
9634	0	-277.6928	0	-277.6928	0.079045	0.6916	0.1441789	8.76902	-6.374584
9635	1	224.7439	0	224.7439	0.1576056	0.8383356	0.00249967	4.397985	3.051444
9636	0	-278.2223	0	-278.2223	0.1041911	0.759086	0.1835069	6.652653	-6.454422
9637	1	223.4931	0	223.4931	0.2125965	0.8799308	0.002872618	3.260389	3.051444
9638	0	-277.4289	0	-277.4289	0.07996028	0.6946215	0.1572818	8.668644	-6.464086
9639	1	224.3149	0	224.3149	0.1714662	0.8512738	0.002830203	4.04247	3.039227
9640	0	-279.6619	0	-279.6619	0.09340392	0.7336911	0.1729454	7.420964	-6.265053
9641	1	223.9965	0	223.9965	0.2049782	0.8754788	0.003196075	3.381565	3.039227
9642	0	-278.4112	0	-278.4112	0.07758637	0.6866773	0.1653266	8.933878	-6.533248
9643	1	221.0542	0	221.0542	0.2898131	0.9119013	0.004733602	2.391704	3.039227
9644	0	-277.9977	0	-277.9977	0.09219361	0.7305416	0.1861213	7.518386	-6.424987
9645	1	222.1895	0	222.1895	0.2801962	0.9088781	0.003863573	2.473792	3.039227
9646	0	-277.4216	0	-277.4216	0.06641999	0.6441024	0.1388689	10.43582	-6.431991
9647	1	221.8728	0	221.8728	0.2846557	0.9103054	0.004357154	2.435037	3.039227
9648	0	-278.3961	0	-278.3961	0.0734201	0.6718497	0.1553862	9.440837	-6.313694
9649	1	222.0918	0	222.0918	0.2127358	0.8800093	0.003698909	3.258254	3.037349
9650	0	-278.208	0	-278.208	0.1021811	0.7546929	0.1754543	6.783514	-6.411589
9651	1	223.8026	0	223.8026	0.2091372	0.8779491	0.002877319	3.314318	3.037349
9652	0	-283.8299	0	-283.8299	0.06740404	0.648236	0.1392371	10.28347	-6.104954
9653	1	225.09	0	225.09	0.1798068	0.8581247	0.002513231	3.854955	3.04653
9654	0	-278.8625	0	-278.8625	0.05982983	0.6142217	0.1385417	11.58531	-6.303553
9655	1	224.9301	0	224.9301	0.1618869	0.8425602	0.002632178	4.281675	3.04653
9656	0	-279.7244	0	-279.7244	0.05736303	0.6019669	0.1233913	12.08352	-6.623374
9657	1	224.0067	0	224.0067	0.1779805	0.8566782	0.002994153	3.894511	3.047722
9658	0	-277.4042	0	-277.4042	0.08444044	0.7087002	0.1585769	8.208711	-6.440143
9659	1	223.6801	0	223.6801	0.1134348	0.7775627	0.002120693	6.110536	3.047973
9660	0	-280.5657	0	-280.5657	0.03222074	0.4319125	0.1020099	21.51245	-6.446569
9661	1	225.5539	0	225.5539	0.1180587	0.7858534	0.001883249	5.871208	3.047973
9662	0	-279.5463	0	-279.5463	0.04778805	0.5479241	0.1046871	14.50461	-6.319856
9663	1	224.548	0	224.548	0.1428666	0.8219485	0.002465588	4.851708	3.041207
9664	0	-281.7253	0	-281.7253	0.03559674	0.46064	0.1142086	19.47221	-6.605899
9665	1	222.2342	0	222.2342	0.1841231	0.8614317	0.002351449	3.764586	3.056167
9666	0	-277.993	0	-277.993	0.05369047	0.5825202	0.1211665	12.91006	-6.453974
9667	1	222.6426	0	222.6426	0.1680867	0.8483096	0.002880291	4.123748	3.056167
9668	0	-281.3064	0	-281.3064	0.05460552	0.587506	0.1483759	12.69372	-6.256601
9669	1	224.3304	0	224.3304	0.1157803	0.7818413	0.001756428	5.986745	3.056167
9670	0	-280.204	0	-280.204	0.08117699	0.6985599	0.1252656	8.538715	-6.48614
9671	1	224.6131	0	224.6131	0.1191573	0.7877393	0.001855562	5.817075	3.055091
9672	0	-278.7616	0	-278.7616	0.09577333	0.7396705	0.1913543	7.237371	-6.52392
9673	1	225.8044	0	225.8044	0.1225823	0.793424	0.001899801	5.654548	3.043129
9674	0	-278.5877	0	-278.5877	0.06614476	0.6429317	0.1494603	10.47925	-6.544582
9675	1	225.5054	0	225.5054	0.1168307	0.7837083	0.001914634	5.932917	3.043129
9676	0	-278.0168	0	-278.0168	0.08716182	0.7167107	0.1477696	7.952418	-6.432304
9677	1	225.4694	0	225.4694	0.1128207	0.7764168	0.001852439	6.143795	3.043129
9678	0	-277.3635	0	-277.3635	0.07133987	0.663994	0.146467	9.716126	-6.426309
9679	1	224.6312	0	224.6312	0.1230264	0.7941404	0.001681222	5.634132	3.036692
9680	0	-279.2185	0	-279.2185	0.06939754	0.6563687	0.1293354	9.988065	-6.278935
9681	1	222.691	0	222.691	0.1868478	0.8634422	0.003263686	3.709689	3.036692
9682	0	-281.4379	0	-281.4379	0.0617266	0.6232328	0.1332761	11.22931	-6.696183
9683	1	224.6085	0	224.6085	0.1549894	0.8356438	0.002503962	4.472224	3.036692
9684	0	-279.4709	0	-279.4709	0.05753889	0.6028613	0.1297411	12.04659	-6.611523
9685	1	223.5394	0	223.5394	0.1587627	0.839499	0.002766598	4.365933	3.036692
9686	0	-278.0857	0	-278.0857	0.09628482	0.7409299	0.1874741	7.198925	-6.383908
9687	1	225.0796	0	225.0796	0.1501348	0.8304117	0.002171418	4.616831	3.036692
9688	0	-279.1521	0	-279.1521	0.1186963	0.7869516	0.2203557	5.839671	-6.465992
9689	1	224.3193	0	224.3193	0.1808102	0.8589073	0.002479524	3.833562	3.036692
9690	0	-278.3189	0	-278.3189	0.1057416	0.7623783	0.18616	6.555102	-6.393613
9691	1	223.6208	0	223.6208	0.1889381	0.864946	0.003086486	3.668647	3.036692
9692	0	-279.123	0	-279.123	0.0955352	0.7390804	0.1956249	7.255411	-6.534908
9693	1	223.8961	0	223.8961	0.2039238	0.8748367	0.00286389	3.39905	3.036692
9694	0	-278.6209	0	-278.6209	0.1133663	0.7774355	0.2020453	6.114227	-6.438656
9695	1	221.8732	0	221.8732	0.2389717	0.8931662	0.003988775	2.900541	3.036692
9696	0	-277.3764	0	-277.3764	0.06921891	0.6556528	0.1400814	10.01384	-6.407685
9697	1	224.3027	0	224.3027	0.1722712	0.8519632	0.002310301	4.023581	3.036692
9698	0	-280.1831	0	-280.1831	0.09370728	0.7344703	0.1412934	7.39694	-6.475451
9699	1	225.18	0	225.18	0.1405157	0.8190347	0.00204038	4.93288	3.036692
9700	0	-278.1689	0	-278.1689	0.08339296	0.7055108	0.1688722	8.311818	-6.52305
9701	1	224.8211	0	224.8211	0.1464309	0.8261981	0.001890821	4.733612	3.044144
9702	0	-278.4028	0	-278.4028	0.07174588	0.6655521	0.1648367	9.661143	-6.451699
9703	1	225.7781	0	225.7781	0.142701	0.8217462	0.002043362	4.857338	3.044144
9704	0	-279.7182	0	-279.7182	0.1191554	0.787736	0.1942132	5.81717	-6.362791
9705	1	224.6886	0	224.6886	0.1411476	0.8198268	0.002433145	4.910797	3.044144
9706	0	-277.6992	0	-277.6992	0.08447779	0.7088128	0.148318	8.205082	-6.440272
9707	1	225.4468	0	225.4468	0.1552141	0.8358784	0.002389006	4.465749	3.040937
9708	0	-278.3731	0	-278.3731	0.06994055	0.6585295	0.1518098	9.91052	-6.543581
9709	1	225.7418	0	225.7418	0.1315741	0.8070679	0.002012641	5.268114	3.040937
9710	0	-278.8921	0	-278.8921	0.04469353	0.5279491	0.1103705	15.50889	-6.490471
9711	1	224.1906	0	224.1906	0.1790774	0.8575504	0.002444856	3.870657	3.05226
9712	0	-279.4191	0	-279.4191	0.1246204	0.7966733	0.2095603	5.562067	-6.417365
9713	1	223.3995	0	223.3995	0.09439243	0.7362152	0.001766307	7.343249	3.05226
9714	0	-281.201	0	-281.201	0.1470487	0.8269148	0.2658328	4.713726	-6.49186
9715	1	224.852	0	224.852	0.1086941	0.768425	0.001556699	6.377044	3.03792
9716	0	-278.1624	0	-278.1624	0.104754	0.7602908	0.1906927	6.616905	-6.439544
9717	1	224.3442	0	224.3442	0.1678108	0.8480625	0.002145092	4.130527	3.047977
9718	0	-277.5323	0	-277.5323	0.07207567	0.6668087	0.1383082	9.616938	-6.380693
9719	1	225.4702	0	225.4702	0.111736	0.7743658	0.001792753	6.203438	3.047977
9720	0	-277.5411	0	-277.5411	0.06734704	0.6479987	0.1399891	10.29217	-6.481537
9721	1	222.4916	0	222.4916	0.07243877	0.668183	0.001432251	9.568732	3.047977
9722	0	-278.5849	0	-278.5849	0.07539312	0.6790173	0.1620863	9.193773	-6.548421
9723	1	224.995	0	224.995	0.1546561	0.8352946	0.002515396	4.481862	3.047977
9724	0	-278.4786	0	-278.4786	0.07418094	0.6746456	0.1681005	9.344007	-6.482576
9725	1	225.4646	0	225.4646	0.1222442	0.7928756	0.001982399	5.670183	3.047977
9726	0	-278.6637	0	-278.6637	0.08292097	0.7040537	0.1394591	8.35913	-6.507891
9727	1	225.0546	0	225.0546	0.1619623	0.8426327	0.002572981	4.279682	3.047977
9728	0	-279.3696	0	-279.3696	0.08335261	0.7053867	0.1329723	8.315842	-6.368593
9729	1	224.1414	0	224.1414	0.1175062	0.7848933	0.002133879	5.898811	3.047977
9730	0	-280.5034	0	-280.5034	0.05666303	0.5983742	0.1087755	12.23279	-6.605102
9731	1	225.5784	0	225.5784	0.1197034	0.7886651	0.001744002	5.790541	3.047977
9732	0	-277.9399	0	-277.9399	0.06627785	0.6434986	0.1395643	10.4582	-6.340792
9733	1	222.0082	0	222.0082	0.2656278	0.9038817	0.00376589	2.609467	3.052507
9734	0	-279.7005	0	-279.7005	0.1176923	0.7852175	0.1923721	5.889487	-6.355988
9735	1	224.2446	0	224.2446	0.1836193	0.8610536	0.002738556	3.774914	3.052507
9736	0	-277.5955	0	-277.5955	0.09089955	0.7271003	0.1654874	7.62542	-6.438269
9737	1	224.6546	0	224.6546	0.1650377	0.8455343	0.002490583	4.199933	3.052507
9738	0	-277.4229	0	-277.4229	0.06741598	0.6482856	0.1413076	10.28165	-6.430604
9739	1	224.5378	0	224.5378	0.1968182	0.8703321	0.002864177	3.521763	3.048895
9740	0	-279.1627	0	-279.1627	0.08988722	0.7243535	0.1445783	7.711298	-6.500144
9741	1	224.1564	0	224.1564	0.1448703	0.8243617	0.002535641	4.784605	3.048895
9742	0	-279.1316	0	-279.1316	0.09942054	0.7484175	0.1969599	6.971871	-6.537603
9743	1	225.5882	0	225.5882	0.1372721	0.8148612	0.001903659	5.04944	3.045487
9744	0	-278.9587	0	-278.9587	0.09988385	0.7494908	0.1698786	6.939532	-6.3309
9745	1	225.4378	0	225.4378	0.138642	0.816646	0.001888451	4.999548	3.045487
9746	0	-278.2303	0	-278.2303	0.07723372	0.6854668	0.1713738	8.974671	-6.418851
9747	1	225.032	0	225.032	0.100568	0.7510608	0.001712077	6.892322	3.045487
9748	0	-279.2506	0	-279.2506	0.07188004	0.6660642	0.121058	9.64311	-6.508363
9749	1	225.638	0	225.638	0.1262344	0.7991789	0.001783666	5.490953	3.045487
9750	0	-277.7242	0	-277.7242	0.07426134	0.6749387	0.1477634	9.33389	-6.51248
9751	1	225.7718	0	225.7718	0.1172481	0.7844419	0.001783205	5.911798	3.045487
9752	0	-278.2295	0	-278.2295	0.05988057	0.6144674	0.115921	11.57549	-6.392615
9753	1	215.7779	0	215.7779	0.09069103	0.7265385	0.002101035	7.642952	3.021565
9754	0	-277.5532	0	-277.5532	0.06184815	0.6237985	0.1323203	11.20724	-6.435874
9755	1	220.5196	0	220.5196	0.122661	0.7935514	0.001868975	5.650915	3.021565
9756	0	-280.3407	0	-280.3407	0.04865644	0.5532925	0.09592376	14.24574	-6.492316
9757	1	225.1262	0	225.1262	0.1430488	0.8221706	0.002091989	4.845528	3.052023
9758	0	-280.0343	0	-280.0343	0.03780952	0.4783007	0.09560534	18.33261	-6.487936
9759	1	225.015	0	225.015	0.1177599	0.7853351	0.001705858	5.886106	3.052023
9760	0	-279.1189	0	-279.1189	0.05722607	0.6012681	0.1071467	12.11244	-6.391169
9761	1	224.0317	0	224.0317	0.1236082	0.7950717	0.001664584	5.607613	3.05393
9762	0	-279.4411	0	-279.4411	0.05089984	0.5667058	0.1205089	13.61787	-6.592874
9763	1	223.5306	0	223.5306	0.1403443	0.8188187	0.002279923	4.938904	3.030627
9764	0	-278.2276	0	-278.2276	0.06788876	0.6502428	0.122649	10.21004	-6.386144
9765	1	220.2749	0	220.2749	0.2178651	0.8828292	0.002687409	3.181542	3.030627
9766	0	-278.2205	0	-278.2205	0.06625297	0.6433928	0.1525084	10.46213	-6.477165
9767	1	223.5238	0	223.5238	0.1341568	0.8106762	0.002213631	5.166695	3.030627
9768	0	-277.9521	0	-277.9521	0.09323955	0.7332672	0.1671215	7.434047	-6.370745
9769	1	223.157	0	223.157	0.1713259	0.851153	0.002479871	4.045782	3.030627
9770	0	-278.2525	0	-278.2525	0.05709317	0.600588	0.1136483	12.14063	-6.403987
9771	1	222.4753	0	222.4753	0.1826292	0.8603045	0.002956733	3.795381	3.030627
9772	0	-277.345	0	-277.345	0.07309634	0.6706476	0.1443742	9.482653	-6.45906
9773	1	222.9091	0	222.9091	0.1740744	0.8534849	0.002750605	3.981903	3.030627
9774	0	-279.5144	0	-279.5144	0.08401289	0.7074057	0.184511	8.250486	-6.558693
9775	1	222.1409	0	222.1409	0.1695405	0.8495988	0.002915949	4.088387	3.030627
9776	0	-278.7703	0	-278.7703	0.07398108	0.6739151	0.1278661	9.369249	-6.344052
9777	1	223.1748	0	223.1748	0.170833	0.850727	0.002479113	4.057456	3.030627
9778	0	-277.4132	0	-277.4132	0.0774014	0.6860434	0.1481766	8.955228	-6.470624
9779	1	223.5284	0	223.5284	0.1518323	0.8322774	0.002369224	4.565216	3.030627
9780	0	-278.3369	0	-278.3369	0.08981114	0.7241451	0.1833071	7.717831	-6.354503
9781	1	221.2625	0	221.2625	0.1415965	0.8203855	0.002680806	4.895227	3.030627
9782	0	-277.5966	0	-277.5966	0.06849992	0.652746	0.1292309	10.11895	-6.432348
9783	1	223.9273	0	223.9273	0.1203936	0.7898247	0.001863181	5.75734	3.030627
9784	0	-278.0397	0	-278.0397	0.0777968	0.6873957	0.1646759	8.909713	-6.503116
9785	1	224.518	0	224.518	0.1070728	0.7651399	0.001665783	6.473606	3.03383
9786	0	-282.0861	0	-282.0861	0.1114513	0.7738218	0.2591643	6.219284	-6.491735
9787	1	223.885	0	223.885	0.0923514	0.730956	0.00157248	7.505541	3.03383
9788	0	-281.2885	0	-281.2885	0.1204456	0.7899116	0.1840565	5.754856	-6.325085
9789	1	222.8362	0	222.8362	0.1184983	0.7866117	0.001519619	5.849428	3.03383
9790	0	-278.0676	0	-278.0676	0.06498033	0.6379078	0.1425982	10.66703	-6.520723
9791	1	225.7394	0	225.7394	0.1209242	0.7907079	0.001882334	5.732081	3.04188
9792	0	-277.4282	0	-277.4282	0.07739524	0.6860222	0.1568339	8.955941	-6.411329
9793	1	225.7746	0	225.7746	0.1395204	0.8177733	0.002114079	4.968072	3.04188
9794	0	-278.0799	0	-278.0799	0.05357585	0.5818888	0.1225785	12.93768	-6.396372
9795	1	225.5934	0	225.5934	0.1533923	0.8339573	0.002225288	4.518788	3.041067
9796	0	-278.3394	0	-278.3394	0.06587963	0.6417981	0.1398703	10.52142	-6.555249
9797	1	224.4251	0	224.4251	0.136536	0.8138885	0.001753306	5.076661	3.039892
9798	0	-277.7968	0	-277.7968	0.08668009	0.715321	0.158401	7.996613	-6.36442
9799	1	225.4745	0	225.4745	0.1272008	0.8006515	0.00180305	5.449236	3.039892
9800	0	-279.6906	0	-279.6906	0.06962981	0.6572957	0.1167336	9.954747	-6.347176
9801	1	225.2707	0	225.2707	0.1372008	0.8147674	0.001877887	5.052064	3.039892
9802	0	-279.5343	0	-279.5343	0.05698674	0.6000421	0.1467859	12.16331	-6.346716
9803	1	224.2706	0	224.2706	0.1804758	0.8586474	0.002947843	3.840665	3.039892
9804	0	-277.9585	0	-277.9585	0.05928052	0.6115463	0.1189148	11.69266	-6.471922
9805	1	225.227	0	225.227	0.1664571	0.8468385	0.002508145	4.16412	3.039892
9806	0	-280.0016	0	-280.0016	0.1155844	0.7814898	0.2196332	5.996893	-6.5397
9807	1	225.7148	0	225.7148	0.1490823	0.8292345	0.00224343	4.649425	3.045842
9808	0	-280.7352	0	-280.7352	0.08271884	0.7034259	0.1911919	8.379557	-6.269938
9809	1	224.9623	0	224.9623	0.17028	0.8502464	0.002265941	4.070631	3.0459
9810	0	-277.6263	0	-277.6263	0.07280336	0.6695533	0.1557653	9.520813	-6.435045
9811	1	224.3646	0	224.3646	0.09090675	0.7271196	0.001345334	7.624815	3.0459
9812	0	-278.7937	0	-278.7937	0.1134613	0.7776121	0.192114	6.109104	-6.441194
9813	1	225.4103	0	225.4103	0.1046735	0.7601193	0.001582615	6.62199	3.0459
9814	0	-281.1958	0	-281.1958	0.06568603	0.6409664	0.1680033	10.55243	-6.602448
9815	1	223.5822	0	223.5822	0.1144378	0.7794112	0.001621508	6.056979	3.057294
9816	0	-280.7851	0	-280.7851	0.03412197	0.4483645	0.108516	20.31381	-6.520321
9817	1	225.1708	0	225.1708	0.09841717	0.7460644	0.001569622	7.04295	3.047278
9818	0	-277.9022	0	-277.9022	0.08391506	0.7071081	0.1754587	8.260105	-6.414888
9819	1	224.9994	0	224.9994	0.09557154	0.7391707	0.001489227	7.252653	3.047278
9820	0	-278.1399	0	-278.1399	0.0547167	0.5881053	0.1298913	12.66793	-6.426355
9821	1	224.721	0	224.721	0.09285607	0.7322737	0.001548594	7.464748	3.039638
9822	0	-277.6492	0	-277.6492	0.06473334	0.6368271	0.1376097	10.70773	-6.486568
9823	1	225.4018	0	225.4018	0.1124412	0.7757032	0.001664593	6.164531	3.039638
9824	0	-277.8386	0	-277.8386	0.08496513	0.7102753	0.1653693	8.158019	-6.354988
9825	1	225.6495	0	225.6495	0.1338807	0.8102967	0.001992505	5.177349	3.039638
9826	0	-278.2672	0	-278.2672	0.07846874	0.6896712	0.1507546	8.833418	-6.549643
9827	1	220.8646	0	220.8646	0.2013794	0.8732598	0.00340435	3.441996	3.05936
9828	0	-280.176	0	-280.176	0.06941756	0.6564487	0.1235963	9.985185	-6.602739
9829	1	223.9287	0	223.9287	0.2280041	0.8880323	0.003268233	3.040065	3.041488
9830	0	-278.0455	0	-278.0455	0.0620864	0.6249033	0.1219211	11.16423	-6.366217
9831	1	221.6011	0	221.6011	0.1742558	0.8536363	0.003330914	3.977758	3.041488
9832	0	-277.3382	0	-277.3382	0.07446101	0.6756647	0.1446929	9.30886	-6.40623
9833	1	224.8984	0	224.8984	0.1815221	0.8594574	0.002471723	3.818528	3.041488
9834	0	-277.7336	0	-277.7336	0.09362544	0.7342605	0.1760897	7.403407	-6.454852
9835	1	224.4937	0	224.4937	0.1703627	0.8503185	0.002819726	4.068655	3.041488
9836	0	-279.6211	0	-279.6211	0.1093925	0.7698142	0.207107	6.336335	-6.308321
9837	1	225.5528	0	225.5528	0.127742	0.8014674	0.002057217	5.426148	3.041488
9838	0	-277.6717	0	-277.6717	0.07549966	0.6793968	0.1463281	9.180799	-6.506593
9839	1	225.7398	0	225.7398	0.1209968	0.7908283	0.001875038	5.72864	3.046872
9840	0	-279.4195	0	-279.4195	0.105986	0.7628896	0.2081218	6.53999	-6.532176
9841	1	224.6569	0	224.6569	0.1400397	0.8184335	0.002391742	4.949647	3.04861
9842	0	-277.8726	0	-277.8726	0.07876751	0.6906738	0.1377185	8.799913	-6.406015
9843	1	225.3932	0	225.3932	0.1431701	0.8223181	0.001968866	4.841423	3.040684
9844	0	-278.06	0	-278.06	0.09041895	0.7258023	0.1617652	7.66595	-6.354048
9845	1	224.6112	0	224.6112	0.1098772	0.7707694	0.001949	6.308381	3.041458
9846	0	-278.9529	0	-278.9529	0.106431	0.7638158	0.1750166	6.512645	-6.479412
9847	1	225.4738	0	225.4738	0.1427507	0.8218069	0.002273297	4.855649	3.041458
9848	0	-277.9025	0	-277.9025	0.09196754	0.729946	0.1837935	7.536868	-6.423652
9849	1	225.6735	0	225.6735	0.1384506	0.8163986	0.002152381	5.006459	3.041458
9850	0	-279.0718	0	-279.0718	0.07579936	0.6804601	0.1674418	9.144499	-6.56136
9851	1	223.8419	0	223.8419	0.1166345	0.7833618	0.001697262	5.9429	3.05736
9852	0	-278.3333	0	-278.3333	0.0653458	0.6394972	0.1286459	10.60737	-6.318888
9853	1	219.2096	0	219.2096	0.1398952	0.8182503	0.002892856	4.95476	3.05736
9854	0	-278.191	0	-278.191	0.05203361	0.5732439	0.122549	13.32114	-6.463111
9855	1	223.2126	0	223.2126	0.1457777	0.8254339	0.00244948	4.754824	3.05736
9856	0	-278.5855	0	-278.5855	0.09121483	0.7279458	0.1549065	7.599063	-6.512785
9857	1	223.513	0	223.513	0.1672579	0.8475649	0.002708863	4.144182	3.032868
9858	0	-278.4895	0	-278.4895	0.09109027	0.7276123	0.1690358	7.609454	-6.317655
9859	1	222.9329	0	222.9329	0.2075857	0.877039	0.003030273	3.339088	3.032868
9860	0	-277.8775	0	-277.8775	0.05988638	0.6144955	0.1274025	11.57437	-6.501799
9861	1	224.88	0	224.88	0.1449954	0.8245103	0.001934085	4.780476	3.038803
9862	0	-278.4195	0	-278.4195	0.08417532	0.7078987	0.1464265	8.234566	-6.337998
9863	1	224.2638	0	224.2638	0.1553809	0.8360521	0.002644686	4.460956	3.038803
9864	0	-277.8257	0	-277.8257	0.0927413	0.731975	0.1623838	7.473986	-6.406955
9865	1	224.5009	0	224.5009	0.1566168	0.8373284	0.002613797	4.425751	3.038803
9866	0	-281.7912	0	-281.7912	0.09695565	0.7425651	0.1944683	7.149116	-6.652393
9867	1	225.3768	0	225.3768	0.1144573	0.7794469	0.001821501	6.055947	3.038803
9868	0	-278.8484	0	-278.8484	0.05354658	0.5817274	0.1365879	12.94475	-6.460546
9869	1	225.1606	0	225.1606	0.1034302	0.7574399	0.001610191	6.701594	3.038803
9870	0	-278.0375	0	-278.0375	0.06382073	0.6327874	0.1383303	10.86085	-6.341956
9871	1	224.6246	0	224.6246	0.1613977	0.8420884	0.002335483	4.294654	3.035243
9872	0	-279.766	0	-279.766	0.08707358	0.7164571	0.1772827	7.960476	-6.600789
9873	1	225.3703	0	225.3703	0.1425383	0.821547	0.001927936	4.862883	3.045666
9874	0	-279.9747	0	-279.9747	0.1085487	0.7681338	0.2204538	6.385588	-6.316397
9875	1	225.6758	0	225.6758	0.1458242	0.8254886	0.002058568	4.753305	3.045666
9876	0	-278.5712	0	-278.5712	0.07951996	0.6931743	0.1787961	8.716644	-6.446686
9877	1	225.8087	0	225.8087	0.1427799	0.8218426	0.002124894	4.854655	3.045666
9878	0	-277.8747	0	-277.8747	0.09213496	0.7303873	0.1774285	7.523172	-6.377643
9879	1	225.1672	0	225.1672	0.1614678	0.8421562	0.002165362	4.292789	3.045666
9880	0	-277.6982	0	-277.6982	0.0870524	0.7163961	0.1667638	7.962414	-6.48487
9881	1	224.9883	0	224.9883	0.1549397	0.8355918	0.002253214	4.473658	3.051886
9882	0	-278.5249	0	-278.5249	0.09035962	0.7256413	0.1925437	7.670984	-6.405456
9883	1	225.3799	0	225.3799	0.1356184	0.812662	0.00211319	5.11101	3.038146
9884	0	-279.0341	0	-279.0341	0.09908363	0.7476318	0.2100587	6.995577	-6.444868
9885	1	223.9141	0	223.9141	0.1948519	0.8690283	0.002591136	3.557302	3.050813
9886	0	-279.3031	0	-279.3031	0.1179129	0.7856007	0.1933604	5.87847	-6.397735
9887	1	223.4196	0	223.4196	0.2202321	0.8840864	0.00338504	3.147349	3.050813
9888	0	-279.2481	0	-279.2481	0.1010584	0.7521751	0.1591481	6.85888	-6.389985
9889	1	222.322	0	222.322	0.2649629	0.9036406	0.003927842	2.616016	3.050813
9890	0	-278.041	0	-278.041	0.08769423	0.7182328	0.1657443	7.904137	-6.340553
9891	1	222.5816	0	222.5816	0.2514876	0.8984796	0.003828542	2.756189	3.050813
9892	0	-278.8893	0	-278.8893	0.07438862	0.6754018	0.1661966	9.31792	-6.317814
9893	1	222.4101	0	222.4101	0.2638125	0.9032205	0.003741829	2.627423	3.050813
9894	0	-278.3263	0	-278.3263	0.05259339	0.5764144	0.1153941	13.17936	-6.500331
9895	1	223.0954	0	223.0954	0.1852551	0.8622741	0.002931305	3.741582	3.032378
9896	0	-279.4843	0	-279.4843	0.1270851	0.8004763	0.2180711	5.454196	-6.43539
9897	1	225.7651	0	225.7651	0.1308931	0.8060947	0.001931396	5.29552	3.047373
9898	0	-279.7335	0	-279.7335	0.121793	0.7921394	0.2261628	5.691191	-6.345254
9899	1	225.3372	0	225.3372	0.1575707	0.8383003	0.002455241	4.39896	3.047373
9900	0	-281.2747	0	-281.2747	0.1488855	0.8290126	0.2727503	4.655573	-6.358296
9901	1	223.4027	0	223.4027	0.1067652	0.7645071	0.001366607	6.492255	3.045136
9902	0	-279.4476	0	-279.4476	0.09361153	0.7342248	0.1712681	7.404506	-6.580775
9903	1	225.3434	0	225.3434	0.173755	0.8532176	0.002541761	3.989221	3.045136
9904	0	-277.3385	0	-277.3385	0.07346968	0.6720332	0.1489304	9.434466	-6.428939
9905	1	225.2331	0	225.2331	0.1374068	0.8150383	0.001835815	5.044488	3.045136
9906	0	-278.837	0	-278.837	0.06894613	0.6545548	0.1418231	10.05346	-6.588227
9907	1	225.4103	0	225.4103	0.170203	0.8501792	0.002444015	4.072473	3.045136
9908	0	-278.1294	0	-278.1294	0.08735034	0.7172513	0.1821326	7.935255	-6.465322
9909	1	225.6532	0	225.6532	0.1459313	0.8256142	0.0022689	4.749819	3.045136
9910	0	-277.699	0	-277.699	0.09179405	0.7294873	0.1629464	7.551112	-6.434514
9911	1	223.7522	0	223.7522	0.1664661	0.8468468	0.002345648	4.163893	3.055795
9912	0	-281.2287	0	-281.2287	0.1450785	0.8246088	0.2784308	4.77774	-6.368451
9913	1	223.0335	0	223.0335	0.1912275	0.8665558	0.003275896	3.624726	3.037651
9914	0	-277.6945	0	-277.6945	0.0618636	0.6238703	0.1279939	11.20444	-6.483803
9915	1	224.3535	0	224.3535	0.2044805	0.8751765	0.002748328	3.389797	3.045885
9916	0	-277.666	0	-277.666	0.06870906	0.6535958	0.1437562	10.08815	-6.367756
9917	1	224.1724	0	224.1724	0.137266	0.8148533	0.002135831	5.049663	3.056468
9918	0	-277.365	0	-277.365	0.07513489	0.6780945	0.1467279	9.225371	-6.464645
9919	1	224.3069	0	224.3069	0.1217567	0.7920799	0.001877683	5.69289	3.056468
9920	0	-278.408	0	-278.408	0.09696128	0.7425788	0.1981367	7.148701	-6.439393
9921	1	224.2107	0	224.2107	0.08956714	0.7234748	0.001427182	7.738856	3.036557
9922	0	-277.7096	0	-277.7096	0.08709244	0.7165113	0.1739708	7.958752	-6.40266
9923	1	225.1572	0	225.1572	0.1253405	0.7977984	0.001825087	5.530114	3.036557
9924	0	-278.7365	0	-278.7365	0.05440752	0.5864353	0.1349582	12.73991	-6.368241
9925	1	225.1032	0	225.1032	0.1485057	0.8285829	0.002217256	4.667478	3.036557
9926	0	-278.9322	0	-278.9322	0.05958804	0.6130478	0.126437	11.63232	-6.585609
9927	1	224.8895	0	224.8895	0.1402019	0.8186387	0.001939928	4.943923	3.036557
9928	0	-278.4406	0	-278.4406	0.05126315	0.5688181	0.1264717	13.52135	-6.420258
9929	1	225.034	0	225.034	0.139999	0.8183819	0.001976529	4.951088	3.036557
9930	0	-277.7259	0	-277.7259	0.08616679	0.713827	0.1708868	8.04425	-6.38303
9931	1	224.3977	0	224.3977	0.1298415	0.8045733	0.00222813	5.338408	3.036557
9932	0	-277.6825	0	-277.6825	0.08169841	0.7002208	0.1651975	8.484219	-6.380569
9933	1	224.2399	0	224.2399	0.2049378	0.8754543	0.002706795	3.382232	3.044321
9934	0	-279.596	0	-279.596	0.1199434	0.7890696	0.1945388	5.778954	-6.384623
9935	1	222.3099	0	222.3099	0.2596268	0.9016608	0.003336806	2.669783	3.039973
9936	0	-279.0574	0	-279.0574	0.1053644	0.7615848	0.1922786	6.578573	-6.322231
9937	1	225.2894	0	225.2894	0.1581908	0.838926	0.002201492	4.381716	3.039973
9938	0	-278.5749	0	-278.5749	0.06667635	0.645187	0.1441929	10.3957	-6.56575
9939	1	225.4903	0	225.4903	0.1494246	0.8296191	0.00228534	4.638775	3.039973
9940	0	-277.6136	0	-277.6136	0.07177735	0.6656723	0.1363078	9.656907	-6.376788
9941	1	223.6515	0	223.6515	0.1686751	0.848834	0.002965909	4.109362	3.04552
9942	0	-281.0588	0	-281.0588	0.06989983	0.6583683	0.1272252	9.916292	-6.215738
9943	1	224.8323	0	224.8323	0.1449055	0.8244035	0.002456663	4.783444	3.04552
9944	0	-278.7099	0	-278.7099	0.1122468	0.775336	0.1962613	6.175208	-6.385533
9945	1	225.7666	0	225.7666	0.1460747	0.8257821	0.002207657	4.745156	3.043422
9946	0	-277.7661	0	-277.7661	0.08841065	0.7202585	0.1773056	7.840087	-6.444586
9947	1	225.2126	0	225.2126	0.1178534	0.7854975	0.001796993	5.881436	3.051853
9948	0	-278.3611	0	-278.3611	0.06205486	0.6247573	0.1180095	11.16991	-6.364926
9949	1	223.1568	0	223.1568	0.1192756	0.7879404	0.001505702	5.811309	3.051853
9950	0	-278.5404	0	-278.5404	0.07561361	0.6798018	0.1425934	9.166963	-6.563038
9951	1	220.2324	0	220.2324	0.1036482	0.7579135	0.001228503	6.687501	3.051853
9952	0	-277.7021	0	-277.7021	0.07034874	0.6601389	0.138907	9.853015	-6.355529
9953	1	223.9487	0	223.9487	0.08487575	0.710008	0.001454661	8.166611	3.051853
9954	0	-278.0417	0	-278.0417	0.0915392	0.728811	0.1705242	7.572135	-6.350478
9955	1	224.2192	0	224.2192	0.1769937	0.8558845	0.002386753	3.916224	3.051853
9956	0	-279.2654	0	-279.2654	0.06717987	0.6473014	0.1153123	10.31778	-6.495126
9957	1	224.1735	0	224.1735	0.1890558	0.8650297	0.002465855	3.666362	3.048645
9958	0	-278.1945	0	-278.1945	0.06139919	0.6217021	0.1384791	11.28919	-6.520625
9959	1	225.2607	0	225.2607	0.1564568	0.8371642	0.002168885	4.430278	3.048645
9960	0	-279.281	0	-279.281	0.06509197	0.6383946	0.1596085	10.64874	-6.513067
9961	1	224.9459	0	224.9459	0.1239523	0.7956188	0.002110222	5.592048	3.048645
9962	0	-277.8589	0	-277.8589	0.06880886	0.654	0.1351219	10.07352	-6.345521
9963	1	224.6363	0	224.6363	0.09089201	0.72708	0.001528638	7.626052	3.048645
9964	0	-280.0691	0	-280.0691	0.1065721	0.7641081	0.2210082	6.504021	-6.534752
9965	1	223.2898	0	223.2898	0.1645652	0.8450953	0.0020794	4.211991	3.053109
9966	0	-280.2104	0	-280.2104	0.1033736	0.7573167	0.176845	6.70526	-6.275397
9967	1	224.8014	0	224.8014	0.136055	0.8132474	0.002174611	5.094609	3.053109
9968	0	-278.2753	0	-278.2753	0.08343326	0.7056346	0.1429373	8.307804	-6.495451
9969	1	224.1853	0	224.1853	0.1405269	0.8190488	0.002377501	4.932487	3.053109
9970	0	-279.8402	0	-279.8402	0.05915604	0.6109359	0.1533566	11.71727	-6.524192
9971	1	225.5158	0	225.5158	0.153799	0.8343899	0.002212826	4.506839	3.048009
9972	0	-278.2241	0	-278.2241	0.0992027	0.74791	0.1951028	6.98718	-6.401698
9973	1	224.6167	0	224.6167	0.1140893	0.7787722	0.00201294	6.075481	3.048009
9974	0	-278.3516	0	-278.3516	0.09892399	0.7472579	0.1983574	7.006866	-6.446221
9975	1	225.0359	0	225.0359	0.1028602	0.7561934	0.00173634	6.738727	3.048009
9976	0	-279.2469	0	-279.2469	0.1058918	0.7626927	0.2115795	6.545808	-6.509685
9977	1	225.3331	0	225.3331	0.1257007	0.7983569	0.001742883	5.514265	3.048009
9978	0	-282.0682	0	-282.0682	0.08758959	0.7179348	0.125213	7.913579	-6.368005
9979	1	224.2031	0	224.2031	0.1009068	0.7518317	0.001390064	6.869182	3.048009
9980	0	-278.794	0	-278.794	0.047186	0.5441426	0.1189915	14.68968	-6.380038
9981	1	222.2806	0	222.2806	0.1003971	0.7506703	0.001274191	6.904056	3.038909
9982	0	-277.7889	0	-277.7889	0.06279367	0.6281518	0.1317675	11.03849	-6.503983
9983	1	224.4375	0	224.4375	0.09271389	0.7319036	0.001610649	7.476196	3.038909
9984	0	-277.6425	0	-277.6425	0.08430999	0.7083063	0.1660534	8.221412	-6.478851
9985	1	224.9996	0	224.9996	0.1103911	0.7717742	0.0015731	6.279016	3.038909
9986	0	-278.5705	0	-278.5705	0.08215348	0.7016576	0.1349497	8.437222	-6.424349
9987	1	225.2422	0	225.2422	0.1466856	0.8264943	0.002290767	4.725393	3.038247
9988	0	-278.6374	0	-278.6374	0.04803888	0.549485	0.114149	14.42888	-6.502185
9989	1	225.0872	0	225.0872	0.1659927	0.8464142	0.002425061	4.17577	3.038247
9990	0	-279.3483	0	-279.3483	0.0539264	0.5838149	0.1060742	12.85358	-6.525206
9991	1	224.5841	0	224.5841	0.1198258	0.7888716	0.002081008	5.784625	3.038247
9992	0	-279.6637	0	-279.6637	0.09142663	0.7285113	0.2072882	7.581458	-6.463954
9993	1	225.3565	0	225.3565	0.114133	0.7788527	0.001725924	6.073151	3.038247
9994	0	-277.8563	0	-277.8563	0.08495875	0.7102562	0.1489751	8.158632	-6.384243
9995	1	224.5754	0	224.5754	0.1800185	0.8582905	0.002786601	3.850421	3.050134
9996	0	-280.9791	0	-280.9791	0.05251047	0.5759471	0.1344326	13.20017	-6.652489
9997	1	223.2129	0	223.2129	0.2261965	0.8871387	0.003540972	3.064358	3.050134
9998	0	-279.77	0	-279.77	0.09528364	0.7384545	0.1541284	7.274566	-6.313584
9999	1	224.8639	0	224.8639	0.1737677	0.8532282	0.002616501	3.98893	3.050134
10000	0	-277.9758	0	-277.9758	0.057224	0.6012575	0.1235655	12.11288	-6.497859
10001	1	223.7096	0	223.7096	0.2149388	0.8812368	0.002919278	3.224858	3.050134
