Iteration	Replicate_ID	Posterior	Likelihood	Prior	alpha	p_th	sigma2	t_half	theta
0	0	-68.49929	-69.30621	0.8069186	0.01741207	0.2750668	0.03567744	39.80844	3.561064
1	1	-346.662	-345.9585	-0.7034342	0.048842	0.5544266	0.1036365	14.19162	-4.669677
2	0	-39.25081	-37.82548	-1.425336	0.03330949	0.4414221	0.2656566	20.8093	3.563108
3	1	-37.62094	-37.19537	-0.4255725	0.003137007	0.05899125	0.149704	220.9581	1.891666
4	0	-42.57192	-39.27956	-3.292362	0.1356329	0.8126814	0.4049656	5.110466	3.001614
5	1	-39.95314	-38.01508	-1.938063	0.04091485	0.5016423	0.3984164	16.94121	2.173873
6	0	-39.03446	-37.02907	-2.005391	0.05443046	0.5865596	0.3520956	12.73455	2.570723
7	1	-41.31485	-37.95686	-3.357992	0.1244696	0.7964361	0.5062978	5.568807	2.759355
8	0	-39.22746	-37.3484	-1.879063	0.0470552	0.5433144	0.3443844	14.73051	2.279456
9	1	-40.56384	-37.71304	-2.850801	0.08555483	0.7120278	0.528291	8.101789	3.08933
10	0	-41.19235	-38.07873	-3.11362	0.09961437	0.7488675	0.563327	6.958305	3.270553
11	1	-39.25809	-37.94971	-1.308383	0.03449151	0.4514795	0.232422	20.09617	3.581572
12	0	-39.39516	-37.19101	-2.204154	0.06554468	0.6403572	0.3671116	10.57519	2.47436
13	1	-39.59229	-37.60136	-1.990925	0.07327071	0.671296	0.2659472	9.460085	2.891624
14	0	-38.62907	-37.5594	-1.069664	0.02691235	0.3819286	0.2037512	25.75573	3.465787
15	1	-37.47342	-36.88721	-0.5862047	0.008562769	0.1504105	0.1628204	80.94895	3.188517
16	0	-38.01526	-36.86997	-1.145294	0.03621216	0.4656414	0.1927048	19.14128	2.549616
17	1	-38.16737	-37.16226	-1.005112	0.01117319	0.1900941	0.2385741	62.03662	2.259742
18	0	-38.96714	-37.13463	-1.832505	0.06143523	0.6218711	0.2682896	11.28257	2.563498
19	1	-37.85125	-36.88045	-0.9708083	0.01581029	0.2544893	0.2159123	43.84151	2.221044
20	0	-40.7276	-37.61033	-3.117264	0.0997109	0.7490911	0.5646132	6.951569	2.835197
21	1	-39.68663	-39.55945	-0.1271818	0.009756105	0.1688764	0.1011665	71.04753	1.834295
22	0	-41.34962	-39.37671	-1.972903	0.03653539	0.4682402	0.4388695	18.97194	3.763549
23	1	-37.93703	-37.19041	-0.7466148	0.001873915	0.03581517	0.2100919	369.8926	3.091441
24	0	-37.5152	-37.06625	-0.448958	0.005507264	0.1004948	0.1482001	125.8605	3.273193
25	1	-38.2808	-38.0763	-0.2045013	0.008683516	0.1523045	0.1109676	79.82334	2.088953
26	0	-39.10313	-37.21337	-1.889764	0.04542146	0.5327699	0.3562163	15.26035	2.507058
27	1	-41.78616	-38.46278	-3.32338	0.1097994	0.7706166	0.6016918	6.31285	2.331321
28	0	-37.96028	-37.29054	-0.6697388	0.01623455	0.2600189	0.1588261	42.69581	3.307277
29	1	-37.91358	-37.35903	-0.5545438	0.01346463	0.2228453	0.1471927	51.4791	3.298289
30	0	-38.80386	-37.45299	-1.350871	0.03475544	0.4536882	0.2416074	19.94356	2.000213
31	1	-37.90225	-37.6674	-0.2348511	0.002011463	0.03837596	0.1256925	344.5986	3.447562
32	0	-38.32378	-36.85784	-1.465935	0.04195753	0.5091227	0.2448488	16.52021	2.40348
33	1	-41.96335	-40.3682	-1.595151	0.009893359	0.1709648	0.4382537	70.06187	1.878122
34	0	-41.55666	-38.8228	-2.733857	0.09119899	0.7279035	0.4339691	7.600382	3.546058
35	1	-39.01237	-37.05878	-1.953588	0.06397014	0.6334539	0.2921716	10.83548	2.590373
36	0	-39.193	-37.8841	-1.3089	0.01406619	0.2311372	0.3103192	49.27752	2.814912
37	1	-40.82153	-38.7093	-2.112228	0.04550391	0.5333111	0.4444497	15.23269	3.538349
38	0	-37.8387	-37.13042	-0.7082769	0.003359825	0.06300165	0.1979901	206.3046	3.227398
39	1	-39.41103	-37.35035	-2.060677	0.0733045	0.6714214	0.2850239	9.455725	2.75679
40	0	-37.56815	-37.01977	-0.5483848	0.00274089	0.05180442	0.170216	252.8913	3.284634
41	1	-38.50289	-37.73461	-0.7682769	0.03035049	0.4150059	0.1435875	22.83809	2.478942
42	0	-37.62861	-37.39367	-0.2349441	0.001289219	0.02482704	0.1269932	537.649	3.347015
43	1	-38.35602	-37.0699	-1.286121	0.02132025	0.3220127	0.2737871	32.51121	2.576912
44	0	-37.90319	-36.65506	-1.248127	0.03567017	0.4612404	0.2152174	19.43213	2.592753
45	1	-37.97867	-36.98434	-0.9943235	0.01649912	0.263438	0.2189092	42.01117	2.141581
46	0	-37.20189	-36.6002	-0.6016911	0.01313222	0.2182098	0.1550249	52.78217	2.556458
47	1	-37.45262	-37.2979	-0.1547237	0.005230011	0.09576969	0.1108575	132.5327	2.533131
48	0	-39.21767	-38.52665	-0.6910203	0.02798721	0.3925585	0.1374241	24.76657	3.26479
49	1	-37.26809	-36.73474	-0.5333493	0.01354618	0.2239766	0.14394	51.16921	2.660878
50	0	-38.30336	-38.054	-0.2493606	0.01300553	0.216433	0.1091851	53.29633	2.381373
51	1	-43.26779	-38.68092	-4.586876	0.1666596	0.8470228	0.9533951	4.15906	3.18266
52	0	-38.90254	-37.64019	-1.262346	0.03301388	0.4388637	0.2266463	20.99563	3.480257
53	1	-37.98904	-37.1289	-0.8601417	0.0174602	0.2756726	0.1888398	39.6987	2.003759
54	0	-41.81365	-38.57534	-3.238305	0.1075855	0.766188	0.5701756	6.442755	3.431748
55	1	-38.11131	-37.75232	-0.3589908	0.008053138	0.1423526	0.1306645	86.07168	1.876416
56	0	-42.35631	-40.74482	-1.611483	0.04322467	0.5179834	0.2781856	16.03592	1.230937
57	1	-42.68677	-39.74526	-2.941515	0.08049205	0.6963537	0.62134	8.611374	1.840552
58	0	-37.11809	-36.747	-0.3710867	0.0003005978	0.005863547	0.147561	2305.896	2.192124
59	1	-39.92628	-37.29775	-2.628535	0.0868697	0.7158694	0.4152196	7.97916	2.952032
60	0	-37.28038	-36.73881	-0.5415682	0.001005052	0.01942611	0.1732563	689.6631	2.968926
61	1	-39.36629	-38.73345	-0.632843	0.003952263	0.07355319	0.1820742	175.3798	4.067316
62	0	-38.84232	-37.905	-0.9373218	0.003877245	0.07222599	0.2471395	178.7731	3.395927
63	1	-39.91722	-38.94523	-0.9719873	0.001041328	0.02011782	0.2663147	665.6374	1.389643
64	0	-37.7946	-37.38616	-0.4084387	0.01553263	0.2508388	0.1235227	44.62523	2.725224
65	1	-37.98377	-37.19221	-0.7915544	0.003851111	0.07176303	0.213696	179.9863	2.144298
66	0	-38.64973	-36.94522	-1.70451	0.04201516	0.5095311	0.3105677	16.49755	2.508687
67	1	-37.45932	-36.73427	-0.725054	0.005152123	0.09443621	0.1963063	134.5362	2.579625
68	0	-37.37478	-36.7303	-0.6444791	0.0174698	0.2757935	0.1521856	39.67688	2.611374
69	1	-39.54626	-37.61541	-1.930843	0.07092539	0.6623908	0.2588752	9.772906	2.935963
70	0	-37.22852	-36.88129	-0.3472354	0.005603043	0.1021194	0.1336852	123.7091	2.271992
71	1	-39.57356	-37.56073	-2.012836	0.06839969	0.6523376	0.291202	10.13378	3.173864
72	0	-40.8492	-39.20941	-1.639789	0.01934392	0.2988317	0.4009902	35.83283	1.931817
73	1	-38.05598	-36.95535	-1.10063	0.01811731	0.2838729	0.2379606	38.25885	3.050672
74	0	-39.37721	-37.06331	-2.313898	0.07139233	0.6641961	0.3772112	9.708986	2.880286
75	1	-41.75266	-38.99301	-2.759649	0.1079015	0.7668296	0.3517162	6.42389	2.475637
76	0	-38.76744	-38.43962	-0.3278142	0.009241312	0.1609788	0.1245456	75.00528	3.556923
77	1	-39.99837	-38.30783	-1.690545	0.06344841	0.631118	0.2262563	10.92458	2.330076
78	0	-39.62145	-37.58036	-2.041092	0.04920171	0.5566123	0.3928651	14.08787	3.143418
79	1	-43.81392	-39.24536	-4.568566	0.1802339	0.8584589	0.7727592	3.84582	2.500792
80	0	-39.16054	-37.02572	-2.134826	0.06978142	0.6578986	0.3226244	9.93312	2.832278
81	1	-41.12247	-37.823	-3.299466	0.1054745	0.7618169	0.6244843	6.571706	2.965205
82	0	-38.19052	-37.04649	-1.144032	0.01639606	0.2621088	0.2546325	42.27524	2.836124
83	1	-41.90741	-38.42428	-3.483127	0.1266833	0.7998655	0.5561227	5.471495	2.479388
84	0	-37.68493	-37.5719	-0.1130275	0.002334276	0.04435013	0.1107699	296.9431	3.153836
85	1	-40.59844	-37.6227	-2.97574	0.09198216	0.7299846	0.5466418	7.53567	2.687088
86	0	-40.0548	-37.44853	-2.606266	0.07586331	0.6806862	0.4743834	9.13679	2.624869
87	1	-41.59317	-39.46919	-2.123978	0.08817459	0.7195939	0.2461197	7.861076	3.111488
88	0	-38.2627	-36.76065	-1.502051	0.03613212	0.4649949	0.2756266	19.18369	2.838151
89	1	-39.85061	-37.52589	-2.324722	0.06306922	0.6294049	0.4288909	10.99026	2.417148
90	0	-37.67651	-36.6783	-0.9982099	0.01623441	0.2600172	0.2205849	42.69616	2.692023
91	1	-38.2343	-38.11549	-0.1188166	0.006885507	0.1234924	0.1044755	100.6676	3.110691
92	0	-38.65069	-37.99069	-0.6600021	0.00727787	0.1298927	0.1785013	95.24039	1.521038
93	1	-38.28509	-37.14514	-1.139945	0.03154494	0.425888	0.2047397	21.97333	2.157093
94	0	-40.33333	-38.55399	-1.779337	0.03060663	0.4173651	0.3932267	22.64696	1.976849
95	1	-37.86742	-36.93554	-0.9318813	0.02156855	0.3248473	0.1914456	32.13694	2.157186
96	0	-40.11137	-39.11542	-0.9959451	0.04370719	0.5212928	0.1492966	15.85888	3.143387
97	1	-38.72024	-36.92113	-1.799117	0.04769947	0.5473708	0.3150437	14.53155	2.51694
98	0	-39.04975	-37.97238	-1.077363	0.006500233	0.117145	0.273949	106.6342	2.084768
99	1	-37.28693	-36.54381	-0.7431252	0.01560115	0.2517419	0.1724562	44.42925	2.520653
100	0	-37.41401	-36.57017	-0.8438435	0.01622159	0.2598509	0.1890662	42.72991	2.45055
101	1	-37.85391	-37.4038	-0.4501117	0.001021229	0.01973466	0.1580778	678.738	1.738522
102	0	-43.79963	-41.05318	-2.746449	0.04931665	0.5573072	0.7940921	14.05503	2.927031
103	1	-37.66818	-37.00197	-0.6662145	0.001678586	0.03216293	0.1943973	412.9351	3.082314
104	0	-40.44798	-37.63543	-2.812545	0.08743699	0.7174992	0.4951219	7.927391	2.509196
105	1	-40.2298	-37.79122	-2.438575	0.07164673	0.6651727	0.4257653	9.674513	3.316601
106	0	-38.94118	-38.14729	-0.7938833	0.02161037	0.3253231	0.1666698	32.07475	3.586476
107	1	-41.8176	-38.79847	-3.019123	0.07737092	0.6859387	0.701749	8.958756	2.773652
108	0	-37.98362	-37.2687	-0.7149268	0.003543965	0.06629854	0.1987934	195.5852	1.93085
109	1	-41.48597	-38.83712	-2.648848	0.06114005	0.6204833	0.6094641	11.33704	3.033125
110	0	-37.98111	-36.96152	-1.019589	0.03292811	0.4381182	0.1780109	21.05032	2.883533
111	1	-37.83355	-36.62644	-1.207114	0.02903956	0.402708	0.2268525	23.86907	2.885369
112	0	-38.35117	-36.70821	-1.64296	0.04523801	0.5315622	0.2790318	15.32223	2.715609
113	1	-37.9745	-37.67452	-0.2999763	0.004403303	0.08147903	0.1296938	157.4153	3.446034
114	0	-42.28418	-38.9279	-3.356282	0.0958706	0.7399108	0.7570335	7.230029	2.384624
115	1	-37.92934	-37.24312	-0.686217	0.01091166	0.186235	0.1740738	63.52351	3.406918
116	0	-39.30406	-37.43809	-1.865967	0.04094884	0.5018889	0.3705252	16.92715	2.918829
117	1	-44.35045	-41.80522	-2.545228	0.1021304	0.7545802	0.3079465	6.786882	3.649294
118	0	-38.5816	-37.22724	-1.354365	0.03940593	0.4905036	0.2270374	17.58992	2.185024
119	1	-38.68336	-36.99407	-1.68929	0.05652114	0.5976396	0.2492032	12.2635	2.780409
120	0	-37.76362	-36.64374	-1.119882	0.03219914	0.4317214	0.1988272	21.52689	2.725226
121	1	-40.15144	-39.04505	-1.106392	0.01862804	0.2901559	0.2376152	37.20989	4.06526
122	0	-39.87922	-38.09146	-1.787757	0.04297252	0.5162399	0.3329942	16.13001	1.87777
123	1	-37.66633	-36.78743	-0.8788993	0.02600743	0.3727673	0.1705311	26.65189	2.841672
124	0	-37.54371	-37.06118	-0.4825238	0.01089571	0.1859988	0.1420262	63.61651	3.134601
125	1	-40.17001	-38.78807	-1.381933	0.01126129	0.1913883	0.3473235	61.55131	3.198283
126	0	-43.05338	-38.52738	-4.525996	0.1731795	0.8527336	0.8181526	4.002478	2.708638
127	1	-40.31312	-37.7704	-2.542726	0.06963759	0.6573267	0.4861033	9.953636	3.138014
128	0	-37.51012	-36.84833	-0.6617922	0.009958661	0.1719559	0.1721759	69.60245	3.168971
129	1	-36.96457	-36.60122	-0.3633416	0.002899754	0.05469557	0.141144	239.0365	2.814019
130	0	-38.30382	-36.86161	-1.442203	0.031127	0.4221148	0.2786346	22.26836	2.556611
131	1	-38.77438	-37.71456	-1.059815	0.01442502	0.2360246	0.2406749	48.05171	3.534273
132	0	-37.74768	-36.9913	-0.7563865	0.02476436	0.359857	0.1535405	27.9897	2.740749
133	1	-39.3553	-37.17198	-2.183325	0.07438229	0.6753788	0.3173472	9.318713	2.856101
134	0	-38.00053	-37.58561	-0.4149154	0.009648461	0.1672335	0.1351009	71.84018	3.358463
135	1	-41.28779	-37.88797	-3.399818	0.1201583	0.7894308	0.5610737	5.768614	3.083435
136	0	-38.58656	-36.83355	-1.753018	0.05493857	0.5892971	0.2716059	12.61677	2.811244
137	1	-41.10952	-38.4329	-2.676624	0.08119575	0.6986199	0.4720321	8.536742	2.112979
138	0	-38.59753	-37.73037	-0.8671635	0.007841622	0.1389775	0.2178471	88.39335	1.703433
139	1	-38.22299	-37.03604	-1.186956	0.04008897	0.4955923	0.1901963	17.29022	2.607886
140	0	-37.58567	-36.6903	-0.8953715	0.02555018	0.3680628	0.1744868	27.12885	2.605938
141	1	-40.48873	-38.1998	-2.288936	0.0856653	0.712354	0.3007327	8.091341	3.147969
142	0	-38.35784	-37.53836	-0.8194727	0.03168559	0.4271497	0.1483064	21.87579	2.706927
143	1	-41.40547	-39.19912	-2.206357	0.05055836	0.5647054	0.4546678	13.70984	1.716583
144	0	-40.97038	-38.21604	-2.75434	0.07337593	0.6716862	0.5697665	9.446519	2.436086
145	1	-37.57523	-37.1179	-0.4573239	0.008102617	0.1431395	0.1440653	85.54608	3.240573
146	0	-38.44373	-37.19787	-1.245861	0.03854269	0.4839597	0.2061914	17.98388	3.163358
147	1	-38.34487	-37.94097	-0.4038991	0.005765283	0.1048621	0.1411551	120.2278	3.623682
148	0	-41.46257	-38.74287	-2.719698	0.06948419	0.656715	0.5814702	9.97561	2.185152
149	1	-38.207	-37.97439	-0.2326096	0.01265212	0.2114464	0.1079088	54.78507	2.786937
150	0	-38.75211	-37.29485	-1.457257	0.02556858	0.3682531	0.3059661	27.10933	2.849063
151	1	-37.73645	-36.91853	-0.8179154	0.007881994	0.1396231	0.2072602	87.94058	3.035115
152	0	-38.23316	-37.09268	-1.140481	0.03475517	0.4536859	0.1957675	19.94371	3.11712
153	1	-40.72329	-40.14754	-0.5757485	0.007826575	0.1387367	0.1628112	88.56328	0.9550601
154	0	-37.81158	-36.89661	-0.9149675	0.01013305	0.1745945	0.2212357	68.40458	2.871335
155	1	-38.30549	-37.58354	-0.7219492	0.0274314	0.3870954	0.1428582	25.26839	2.441135
156	0	-40.04497	-39.04673	-0.9982371	0.02181555	0.3276502	0.2038675	31.77308	1.367415
157	1	-42.94719	-38.75565	-4.191536	0.1373884	0.8150141	0.9708554	5.045165	2.773918
158	0	-37.63039	-37.01858	-0.6118094	0.01892736	0.2938019	0.1442923	36.62145	2.451168
159	1	-41.84269	-38.7235	-3.119186	0.09695315	0.7425591	0.5881716	7.1493	3.493625
160	0	-43.88393	-40.47064	-3.413296	0.08279414	0.7036601	0.9640469	8.371935	2.459511
161	1	-38.22721	-37.0215	-1.205708	0.04076767	0.5005723	0.1919475	17.00237	2.650086
162	0	-39.24878	-37.31643	-1.932352	0.0658884	0.6418356	0.2783859	10.52002	3.043894
163	1	-42.66546	-38.67608	-3.989375	0.1452398	0.8247999	0.7098868	4.772431	2.47627
164	0	-39.3719	-37.68944	-1.68246	0.04988485	0.560717	0.2718317	13.89494	2.074006
165	1	-39.65893	-37.27445	-2.38448	0.0790525	0.691625	0.3632818	8.768187	3.018308
166	0	-39.63577	-39.79159	0.1558282	0.005277017	0.09657317	0.08120929	131.3521	2.982226
167	1	-39.03419	-36.93982	-2.094366	0.06264749	0.6274841	0.3426822	11.06425	2.676062
168	0	-39.1038	-37.60354	-1.500265	0.03044129	0.4158438	0.298166	22.76997	2.013323
169	1	-38.31492	-38.20273	-0.1121858	0.001926108	0.03678795	0.1113166	359.8694	3.466897
170	0	-43.35205	-39.81047	-3.54158	0.1296713	0.8043249	0.5652304	5.345416	3.601078
171	1	-39.43594	-38.23823	-1.197708	0.007303898	0.130315	0.3054952	94.901	2.885992
172	0	-38.95705	-37.90017	-1.056874	0.0394466	0.4908089	0.1685191	17.57178	2.304484
173	1	-38.44888	-36.82869	-1.620189	0.0504535	0.5640882	0.2533774	13.73834	2.607792
174	0	-42.64587	-40.8058	-1.84007	0.08153322	0.6996963	0.2035122	8.501408	2.416118
175	1	-41.61247	-39.19077	-2.421697	0.04830163	0.5511112	0.5821832	14.35039	2.511322
176	0	-38.42276	-36.96838	-1.454382	0.02936056	0.4057543	0.2891754	23.60811	2.710118
177	1	-38.06764	-36.90517	-1.162466	0.03113183	0.4221586	0.2106285	22.2649	2.267723
178	0	-40.12	-40.26056	0.1405582	0.00829228	0.1461468	0.07902037	83.58945	2.507834
179	1	-38.58477	-37.39757	-1.187201	0.0171474	0.2717224	0.2630586	40.42288	3.218386
180	0	-38.83802	-37.17095	-1.667065	0.0353484	0.4586018	0.3286956	19.60901	2.655763
181	1	-39.85768	-37.9946	-1.863078	0.06920475	0.6555959	0.2478657	10.01589	3.115014
182	0	-37.66097	-36.65531	-1.005664	0.02872213	0.3996729	0.1862955	24.13286	2.736268
183	1	-38.12407	-36.71173	-1.41234	0.0416473	0.5069152	0.2330909	16.64327	2.589502
184	0	-38.35479	-37.35427	-1.000514	0.007415013	0.1321148	0.2504277	93.47889	2.50774
185	1	-40.08866	-37.54832	-2.540338	0.07061667	0.6611883	0.4782828	9.815631	2.977828
186	0	-37.44729	-36.71939	-0.7278967	0.005923446	0.107525	0.1947318	117.0176	2.798216
187	1	-37.59865	-36.92267	-0.6759749	0.002281784	0.04338209	0.1946384	303.7742	2.996848
188	0	-37.64247	-37.20799	-0.4344724	0.004360607	0.0807327	0.1484541	158.9566	3.366945
189	1	-37.21432	-36.60244	-0.6118851	0.004043173	0.07515812	0.1780692	171.4364	2.564704
190	0	-38.13687	-36.83384	-1.303037	0.02625921	0.3753361	0.2596925	26.39634	2.880883
191	1	-37.65597	-36.69678	-0.9591964	0.02673754	0.3801741	0.182893	25.92412	2.498816
192	0	-38.12345	-36.99691	-1.126546	0.0248288	0.3605357	0.2221192	27.91706	2.140018
193	1	-37.91455	-37.02618	-0.8883765	0.007806553	0.1384162	0.2226279	88.79043	2.348155
194	0	-38.34774	-37.40324	-0.9445033	0.009642879	0.1671482	0.2294508	71.88177	3.330214
195	1	-38.87369	-37.24477	-1.628916	0.04364402	0.5208615	0.2814059	15.88184	2.183653
196	0	-43.36819	-40.68519	-2.683005	0.04877983	0.5540471	0.7509493	14.20971	2.72469
197	1	-38.81293	-36.89428	-1.918656	0.0521703	0.5740215	0.3333175	13.28624	2.748843
198	0	-38.3643	-37.64428	-0.7200231	0.02497089	0.3620286	0.1476262	27.7582	2.20432
199	1	-37.45008	-37.03539	-0.4146961	0.004746631	0.08745077	0.1447555	146.0293	2.032312
200	0	-37.80703	-36.90383	-0.9031995	0.008937087	0.156263	0.2223727	77.55851	2.704447
201	1	-38.47229	-36.96354	-1.508749	0.03172485	0.4275012	0.2953032	21.84871	2.737306
202	0	-39.10544	-38.02359	-1.081851	0.03893536	0.4869522	0.1740336	17.80251	3.25306
203	1	-41.48411	-38.00785	-3.476255	0.1288372	0.8030991	0.5357627	5.380023	2.740383
204	0	-38.97475	-37.25299	-1.721764	0.05176762	0.5717241	0.2753083	13.38959	3.216363
205	1	-39.44563	-37.10143	-2.344202	0.07041191	0.6603868	0.3942394	9.844175	2.878042
206	0	-37.05698	-36.54605	-0.5109334	0.004706987	0.0867639	0.159468	147.2592	2.807746
207	1	-40.16996	-37.86966	-2.300306	0.05577277	0.5937289	0.4639871	12.42806	2.444446
208	0	-38.1049	-37.27317	-0.8317218	0.02293087	0.3401008	0.1698982	30.22769	2.0958
209	1	-38.00053	-37.25319	-0.7473327	0.02692412	0.3820465	0.1475846	25.74447	2.66618
210	0	-42.54842	-39.04007	-3.508347	0.1136889	0.7780338	0.6852403	6.096878	3.516751
211	1	-37.51002	-37.2872	-0.2228254	7.534698e-05	0.001474063	0.1276334	9199.403	3.319033
212	0	-39.49963	-38.27293	-1.226705	0.01421052	0.2331083	0.2852505	48.77703	3.602646
213	1	-37.34049	-36.74848	-0.5920181	0.0006178044	0.01200142	0.1832209	1121.952	2.781649
214	0	-39.00232	-37.66701	-1.335305	0.01720261	0.2724218	0.3048138	40.29314	2.894885
215	1	-41.56398	-38.93424	-2.629748	0.06497405	0.6378804	0.566411	10.66806	3.471782
216	0	-37.98532	-36.63535	-1.349975	0.03634744	0.4667314	0.236023	19.07004	2.843086
217	1	-38.51289	-36.98896	-1.523934	0.03207252	0.4305992	0.2983527	21.61187	2.614811
218	0	-40.52658	-38.93867	-1.587909	0.01682351	0.2675999	0.394516	41.20111	2.882434
219	1	-38.75119	-37.58653	-1.164661	0.01879562	0.2922006	0.2512764	36.87811	3.456351
220	0	-37.72058	-36.79845	-0.9221357	0.01186642	0.2002013	0.2174374	58.4125	2.854121
221	1	-38.48457	-37.15847	-1.326101	0.02206264	0.3304375	0.281982	31.41724	2.85274
222	0	-39.66198	-38.12332	-1.538656	0.0209134	0.3173312	0.3544732	33.14368	2.48578
223	1	-37.03673	-36.51203	-0.5246995	0.006968635	0.1248538	0.1565948	99.4667	2.643872
224	0	-37.28139	-36.65375	-0.6276347	0.004390893	0.0812622	0.1800096	157.8602	2.853985
225	1	-37.746	-36.77815	-0.9678573	0.01318772	0.2189864	0.2234009	52.56006	2.647996
226	0	-37.76718	-36.80071	-0.9664709	0.02916773	0.4039271	0.1780112	23.76418	2.531628
227	1	-38.35561	-37.33793	-1.017684	0.01680704	0.2673894	0.2231105	41.24148	3.40627
228	0	-39.891	-38.34838	-1.542622	0.05429856	0.5858441	0.222071	12.76548	2.119684
229	1	-38.64689	-36.81726	-1.829632	0.05047247	0.5642	0.3123283	13.73317	2.690175
230	0	-37.09752	-36.59316	-0.5043598	0.002423687	0.04599601	0.1636163	285.9887	2.851198
231	1	-37.52277	-36.93086	-0.59191	0.01270055	0.2121323	0.1544549	54.57618	2.178381
232	0	-37.36334	-36.68582	-0.6775244	0.01135193	0.192717	0.1714973	61.05984	3.025958
233	1	-37.11876	-36.68933	-0.4294314	0.004092139	0.076021	0.1482688	169.3851	2.280112
234	0	-39.03963	-37.6236	-1.41603	0.02823062	0.3949284	0.2827726	24.55303	1.949665
235	1	-37.79178	-37.1612	-0.6305827	0.008021048	0.1418417	0.1715163	86.41603	1.914605
236	0	-38.32665	-37.06308	-1.263566	0.03763975	0.4769769	0.2125687	18.4153	2.285181
237	1	-38.62023	-37.65897	-0.96126	0.006842812	0.1227921	0.242742	101.2957	1.946313
238	0	-40.47097	-37.92113	-2.549848	0.09636709	0.7411314	0.3356133	7.192779	2.826117
239	1	-37.14109	-36.71742	-0.4236643	0.008560158	0.1503695	0.1383995	80.97365	2.497366
240	0	-42.77394	-40.94879	-1.825145	0.02912501	0.4035212	0.4203651	23.79903	4.390898
241	1	-38.27405	-37.30537	-0.9686796	0.0111515	0.1897749	0.2301092	62.1573	3.280306
242	0	-38.37039	-36.85579	-1.514604	0.03397187	0.4470917	0.2877568	20.40356	2.633948
243	1	-37.77621	-36.96661	-0.8096044	0.01418749	0.2327942	0.1880282	48.85623	2.071506
244	0	-39.24206	-37.58406	-1.658006	0.04737747	0.5453505	0.274829	14.63031	2.075513
245	1	-38.11439	-36.81631	-1.298078	0.03925021	0.4893325	0.2150839	17.65971	2.940384
246	0	-39.85107	-38.32565	-1.52542	0.02126173	0.3213422	0.3480955	32.60069	2.045841
247	1	-41.8664	-39.78795	-2.078457	0.04491081	0.5293961	0.4333063	15.43386	3.996775
248	0	-41.43569	-38.40546	-3.030233	0.08196955	0.7010783	0.6649588	8.456155	2.738714
249	1	-38.26908	-37.44852	-0.8205579	0.008214942	0.1449222	0.2068336	84.3764	1.81657
250	0	-38.13645	-36.9844	-1.152046	0.03858374	0.4842737	0.1876184	17.96475	2.759801
251	1	-40.94037	-38.99628	-1.944088	0.03607181	0.4645069	0.4292057	19.21576	1.812982
252	0	-38.0105	-36.79088	-1.219623	0.03245694	0.433996	0.2188825	21.3559	2.352543
253	1	-37.88658	-36.90881	-0.9777654	0.01759924	0.2774189	0.2119941	39.38506	3.165405
254	0	-37.31144	-36.63377	-0.6776738	0.01223964	0.2055705	0.1693855	56.63134	2.345784
255	1	-42.39947	-41.63739	-0.7620811	0.01940207	0.2995299	0.1665686	35.72542	0.9474648
256	0	-40.37918	-38.97628	-1.402907	0.01146212	0.194328	0.3536803	60.47288	1.970931
257	1	-37.16829	-36.58845	-0.5798426	0.005752715	0.10465	0.1683391	120.4905	2.879585
258	0	-37.91066	-37.16834	-0.7423188	0.004280615	0.07933222	0.2021989	161.927	3.245642
259	1	-39.1957	-38.12279	-1.072914	0.005574818	0.1016411	0.2763215	124.3354	3.274725
260	0	-37.55021	-36.54819	-1.002023	0.02552567	0.3678092	0.1941918	27.1549	2.689224
261	1	-41.32533	-39.05258	-2.272757	0.0449004	0.5293269	0.5263106	15.43744	2.199116
262	0	-40.24789	-37.6597	-2.588193	0.07803216	0.688196	0.4518297	8.882839	3.214724
263	1	-38.03468	-36.86469	-1.169993	0.02985316	0.4103849	0.216088	23.21855	2.267443
264	0	-39.00638	-38.17942	-0.8269622	0.01845774	0.2880697	0.1801209	37.5532	1.625306
265	1	-38.06677	-37.0815	-0.9852768	0.02972304	0.4091668	0.1799732	23.3202	3.101225
266	0	-40.13276	-37.47976	-2.653001	0.08776445	0.7184325	0.4201592	7.897812	3.097003
267	1	-39.947	-38.76862	-1.178372	0.008886797	0.1554799	0.2930191	77.99741	3.734625
268	0	-38.52217	-36.8428	-1.679371	0.04631424	0.5385786	0.2850125	14.96618	2.482641
269	1	-38.78761	-37.05488	-1.732733	0.03989763	0.4941748	0.3291576	17.37314	2.661464
270	0	-42.10732	-38.51716	-3.590159	0.1101791	0.7713606	0.7814582	6.291097	2.605275
271	1	-39.60429	-37.67476	-1.929532	0.04800047	0.5492466	0.3574066	14.44043	3.343924
272	0	-39.05922	-37.34159	-1.71763	0.06070849	0.6184393	0.2416422	11.41763	2.587339
273	1	-41.1617	-39.0739	-2.087796	0.05362353	0.5821516	0.3867222	12.92618	1.676464
274	0	-37.69997	-36.65782	-1.042149	0.01838516	0.2871779	0.2235959	37.70144	2.659617
275	1	-40.61461	-38.92932	-1.685294	0.03172231	0.4274784	0.3523354	21.85047	1.570045
276	0	-37.46221	-36.93515	-0.5270537	0.01507097	0.2447135	0.1399886	45.99221	2.860696
277	1	-37.16322	-36.61024	-0.5529835	0.003426059	0.06418934	0.1693535	202.3162	2.862805
278	0	-37.85722	-36.65693	-1.200288	0.03135362	0.4241653	0.2180633	22.10741	2.925324
279	1	-37.2697	-36.73557	-0.5341262	0.01049577	0.1800457	0.1503947	66.04064	2.327708
280	0	-37.60799	-36.56217	-1.045822	0.02447528	0.3567994	0.2059192	28.32029	2.828949
281	1	-37.48299	-36.73598	-0.7470126	0.01187805	0.2003694	0.1824769	58.35528	3.070925
282	0	-38.87885	-38.01504	-0.863817	0.0275508	0.3882751	0.1643558	25.15887	1.95935
283	1	-38.14242	-36.6575	-1.484924	0.03848062	0.4834842	0.262105	18.01289	2.721977
284	0	-38.23338	-36.85158	-1.381796	0.02880303	0.4004486	0.2710554	24.06508	2.543796
285	1	-38.32015	-37.05755	-1.262598	0.04062975	0.4995664	0.2035801	17.06009	3.017537
286	0	-41.79309	-39.26057	-2.53252	0.06219172	0.6253899	0.5345343	11.14533	3.676571
287	1	-38.0239	-37.17947	-0.8444381	0.01440093	0.2356978	0.1941072	48.1321	1.948845
288	0	-37.6074	-36.53756	-1.069833	0.02647568	0.3775324	0.2050465	26.18052	2.699454
289	1	-38.14984	-37.24521	-0.9046299	0.006311268	0.114009	0.2311063	109.8269	2.253005
290	0	-37.44124	-36.70242	-0.7388241	0.00733917	0.1308869	0.1929733	94.4449	2.408177
291	1	-38.11457	-36.95593	-1.158646	0.0186436	0.2903462	0.2503065	37.17883	2.43169
292	0	-38.10077	-36.78155	-1.319214	0.04106588	0.5027365	0.2141154	16.87891	2.633157
293	1	-39.49018	-37.63053	-1.859646	0.05991998	0.614658	0.2816351	11.56788	3.293895
294	0	-39.32509	-37.79181	-1.533281	0.04634503	0.5387769	0.2461666	14.95623	3.429146
295	1	-39.74487	-38.0297	-1.715169	0.04024427	0.4967386	0.3218469	17.2235	3.563038
296	0	-39.50922	-38.47193	-1.037285	0.002477272	0.04698057	0.2785764	279.8027	3.426322
297	1	-40.83528	-38.57963	-2.255646	0.04594275	0.5361753	0.5098194	15.08719	2.577774
298	0	-37.72968	-37.14533	-0.5843516	0.01658678	0.264566	0.1451034	41.78915	3.089955
299	1	-38.36245	-37.58912	-0.773326	0.008551281	0.15023	0.1963564	81.0577	1.710673
300	0	-38.87038	-37.21714	-1.653233	0.03416751	0.4487498	0.3296335	20.28673	2.760032
301	1	-38.94323	-37.8127	-1.130526	0.01362902	0.2251236	0.2612305	50.85818	1.848772
302	0	-38.7101	-37.40939	-1.300703	0.02037879	0.3111088	0.2815279	34.01317	3.141428
303	1	-39.26017	-38.96099	-0.2991744	0.007706562	0.1368129	0.1236818	89.94247	1.55204
304	0	-38.61995	-37.90277	-0.7171785	0.01987149	0.3051292	0.1582021	34.88149	1.859228
305	1	-37.84657	-37.10457	-0.7420003	0.004697382	0.08659738	0.200948	147.5603	3.209009
306	0	-41.25965	-39.02061	-2.239045	0.04384209	0.5222117	0.5165277	15.81009	3.267477
307	1	-41.56509	-39.10133	-2.463751	0.06453148	0.6359399	0.4827868	10.74123	3.719517
308	0	-37.43732	-36.92926	-0.5080594	0.01317131	0.2187569	0.1410905	52.62551	2.35232
309	1	-37.98441	-36.80531	-1.179099	0.02376844	0.3492335	0.2376373	29.1625	2.354256
310	0	-37.54915	-36.54281	-1.006341	0.0245403	0.3574889	0.1977659	28.24526	2.594256
311	1	-40.32977	-38.26049	-2.069288	0.05178496	0.5718234	0.3896196	13.38511	3.547638
312	0	-39.26822	-37.42745	-1.840769	0.04072338	0.5002496	0.362458	17.02086	2.431319
313	1	-37.54691	-37.04093	-0.5059839	0.003610024	0.06747747	0.1611587	192.0062	1.96262
314	0	-37.76196	-36.9694	-0.7925642	0.0245696	0.3577994	0.1596355	28.21157	2.442613
315	1	-38.85054	-38.29553	-0.5550137	0.02252361	0.3355932	0.129573	30.77425	3.218041
316	0	-38.53075	-37.80921	-0.7215448	0.01867441	0.2907226	0.1616041	37.11748	3.494783
317	1	-42.52491	-39.16204	-3.362862	0.1134094	0.7775157	0.5948039	6.1119	3.568891
318	0	-39.5036	-37.41798	-2.085623	0.06521122	0.6389133	0.3276171	10.62926	2.327147
319	1	-37.98247	-36.82761	-1.154858	0.03307183	0.4393666	0.2033816	20.95884	3.015763
320	0	-40.7629	-37.98358	-2.779326	0.09801518	0.7451105	0.4124671	7.071835	2.452459
321	1	-44.41148	-40.70792	-3.703555	0.102874	0.7562236	0.9704402	6.737827	1.975726
322	0	-37.7245	-36.63451	-1.089992	0.02855403	0.3980565	0.2031686	24.27493	2.484502
323	1	-43.15681	-40.18716	-2.969645	0.08462329	0.7092508	0.6028395	8.190974	3.902922
324	0	-41.57608	-38.38758	-3.188497	0.1223536	0.7930534	0.440328	5.665113	3.097896
325	1	-38.44046	-37.77347	-0.6669972	0.006777262	0.1217154	0.1810299	102.2754	3.681535
326	0	-39.66559	-38.318	-1.34759	0.02535207	0.3660085	0.2750262	27.34086	3.755125
327	1	-38.57296	-37.27568	-1.297285	0.02431343	0.3550783	0.2653985	28.50882	3.252547
328	0	-40.14782	-38.47366	-1.674158	0.02364804	0.347932	0.3905303	29.31098	2.952478
329	1	-39.73231	-38.93235	-0.7999617	0.01420471	0.233029	0.1861786	48.79699	1.306142
330	0	-38.93103	-37.55692	-1.374114	0.019889	0.3053368	0.3050763	34.85077	2.92891
331	1	-37.19286	-36.50158	-0.6912754	0.01107744	0.1886841	0.1745473	62.57287	2.642992
332	0	-39.62213	-38.35515	-1.266983	0.01136629	0.1929271	0.3091491	60.98271	1.962655
333	1	-38.15248	-37.93056	-0.2219192	0.003060564	0.05761005	0.1222523	226.4769	1.77474
334	0	-39.70908	-37.67741	-2.031673	0.07560957	0.6797875	0.2680054	9.167453	2.852984
335	1	-37.13413	-36.5912	-0.5429276	0.002784562	0.05260039	0.1691852	248.925	2.470363
336	0	-38.63119	-38.05369	-0.5774983	0.02483966	0.36065	0.128254	27.90485	2.393168
337	1	-38.30761	-37.47267	-0.8349406	0.02717954	0.3845963	0.1605172	25.50253	2.193036
338	0	-38.60343	-37.58012	-1.023311	0.03248063	0.4342042	0.1798077	21.34033	3.281541
339	1	-39.1013	-37.32326	-1.778037	0.03988072	0.4940491	0.3444952	17.38051	3.040426
340	0	-39.05108	-37.33064	-1.720439	0.03719849	0.4735123	0.3377722	18.63375	2.390317
341	1	-41.97211	-39.42812	-2.543993	0.05149567	0.5701614	0.6288937	13.4603	2.588643
342	0	-37.58584	-37.5127	-0.07314119	0.00316189	0.05944025	0.1052015	219.2193	2.879482
343	1	-38.07422	-37.17029	-0.9039297	0.01334925	0.2212406	0.2090887	51.92406	1.981576
344	0	-37.38495	-36.60151	-0.7834374	0.01094723	0.1867613	0.1917509	63.31713	2.479377
345	1	-38.51082	-37.10664	-1.404183	0.0263969	0.3767344	0.2867753	26.25866	2.939791
346	0	-39.43274	-37.24329	-2.189453	0.06376449	0.632536	0.3709663	10.87043	3.107593
347	1	-38.70203	-37.373	-1.329038	0.02014111	0.3083164	0.2905933	34.41456	2.940332
348	0	-39.45408	-38.35482	-1.09926	0.020239	0.3094685	0.2306182	34.24809	3.829906
349	1	-37.61518	-36.92591	-0.6892737	0.005879046	0.1067785	0.1874716	117.9013	3.169866
350	0	-37.34941	-36.80439	-0.5450146	0.01192461	0.2010417	0.1490032	58.12745	2.995058
351	1	-38.39653	-37.26712	-1.129406	0.01292697	0.2153282	0.2635386	53.62025	2.622004
352	0	-37.99605	-36.89021	-1.10584	0.03587663	0.4629233	0.1861299	19.3203	2.666827
353	1	-39.14208	-37.42082	-1.721261	0.04688689	0.5422454	0.294811	14.78339	3.331915
354	0	-43.24337	-40.85244	-2.390924	0.03596893	0.4636731	0.6719777	19.27072	2.626236
355	1	-38.11268	-37.35966	-0.753027	0.02758318	0.3885944	0.147052	25.12934	2.836099
356	0	-41.36375	-38.5434	-2.820344	0.1032864	0.7571265	0.3989006	6.710923	2.374777
357	1	-39.53027	-37.85225	-1.678024	0.03935412	0.4901144	0.3140355	17.61308	3.502548
358	0	-37.35243	-36.74029	-0.6121339	0.007010703	0.1255416	0.1708014	98.86985	3.075088
359	1	-38.7131	-37.41634	-1.296754	0.04761088	0.5468163	0.1908714	14.55859	2.81665
360	0	-38.78435	-37.19684	-1.58751	0.05576704	0.5936987	0.227498	12.42933	2.732607
361	1	-37.93123	-36.78451	-1.146716	0.02048067	0.3123009	0.2410021	33.84397	2.517278
362	0	-38.66715	-37.68815	-0.9790012	0.003779906	0.07050006	0.2580123	183.3768	2.396413
363	1	-38.37979	-36.76361	-1.616188	0.04359905	0.5205541	0.2780234	15.89822	2.543645
364	0	-41.63837	-39.52133	-2.117047	0.03472496	0.4534338	0.5200477	19.96107	3.231082
365	1	-37.49972	-36.72598	-0.7737365	0.015555	0.2511338	0.1779329	44.56107	2.267163
366	0	-40.10719	-37.88547	-2.22172	0.05880002	0.6091812	0.4109645	11.78821	2.157015
367	1	-38.88333	-38.06758	-0.8157476	0.001240264	0.02389945	0.2271542	558.8705	1.622791
368	0	-38.0794	-36.92619	-1.153213	0.01961041	0.3020229	0.2455735	35.34588	2.974521
369	1	-37.49482	-36.77511	-0.7197144	0.02089704	0.3171419	0.1563227	33.16964	2.640899
370	0	-38.15421	-36.66673	-1.487484	0.04139897	0.5051371	0.2521642	16.7431	2.820586
371	1	-38.22831	-37.09955	-1.128756	0.0187677	0.2918605	0.2425102	36.93299	2.167937
372	0	-39.13299	-37.10239	-2.030595	0.05470601	0.5880478	0.3596801	12.6704	2.522003
373	1	-37.93074	-37.42394	-0.506806	0.013802	0.2275109	0.1396639	50.22077	2.070311
374	0	-38.15674	-36.96715	-1.189581	0.03101931	0.4211365	0.2167623	22.34567	2.215699
375	1	-37.15908	-36.54342	-0.6156625	0.01095769	0.186916	0.1621099	63.25672	2.506978
376	0	-37.39591	-36.99677	-0.399139	0.01177414	0.198866	0.1290523	58.87028	2.595809
377	1	-39.92951	-38.18314	-1.746366	0.03288016	0.4377006	0.3684478	21.08102	3.39203
378	0	-37.64022	-36.63813	-1.002091	0.02127724	0.32152	0.2062169	32.57694	2.946537
379	1	-37.40428	-36.87072	-0.5335548	0.002638574	0.04993609	0.1679529	262.6976	2.09379
380	0	-38.61645	-37.44817	-1.168281	0.03681007	0.4704338	0.1955273	18.83037	2.170826
381	1	-37.29133	-36.50239	-0.7889449	0.01562413	0.2520445	0.1804833	44.36389	2.688445
382	0	-38.30339	-37.37292	-0.9304669	0.004545743	0.08396299	0.2431442	152.4827	2.618705
383	1	-39.48	-38.22653	-1.253477	0.0439228	0.5227601	0.1925625	15.78103	3.361545
384	0	-37.85918	-36.6304	-1.228778	0.02785492	0.3912647	0.2357327	24.88419	2.821482
385	1	-43.6017	-40.00012	-3.601578	0.1487078	0.8288119	0.4586649	4.661135	2.521461
386	0	-38.89899	-37.3778	-1.521187	0.04058201	0.4992175	0.2638348	17.08016	2.087477
387	1	-39.67294	-38.06794	-1.605003	0.05669421	0.5985353	0.2285001	12.22607	3.28884
388	0	-38.73731	-37.01652	-1.720794	0.04312609	0.5173029	0.3107511	16.07257	3.035936
389	1	-38.77778	-37.70952	-1.068265	0.00660167	0.1188223	0.271079	104.9957	2.782816
390	0	-42.48775	-40.55542	-1.932323	0.05088375	0.5666119	0.3441012	13.62217	4.181332
391	1	-37.66052	-37.17526	-0.4852551	0.002002034	0.0382007	0.1614791	346.2216	1.869652
392	0	-38.35913	-36.77782	-1.581308	0.04483388	0.5288846	0.2638503	15.46034	2.50842
393	1	-38.90431	-38.26722	-0.6370873	0.0009490168	0.01835638	0.1907727	730.3845	1.354208
394	0	-38.53078	-37.78755	-0.7432365	0.004582518	0.08460282	0.2015233	151.259	1.617039
395	1	-38.4405	-36.79812	-1.642379	0.04103867	0.5025396	0.2959127	16.8901	2.751673
396	0	-37.10403	-36.60255	-0.5014858	0.008982075	0.1569626	0.1487111	77.17005	2.501738
397	1	-41.01798	-38.43246	-2.58552	0.08916921	0.7223755	0.3850255	7.773392	3.411117
398	0	-39.54973	-37.73361	-1.816115	0.03935705	0.4901365	0.3605229	17.61177	3.267642
399	1	-40.85502	-38.81034	-2.044684	0.03575271	0.4619142	0.4767726	19.38726	2.966453
400	0	-41.84295	-38.76924	-3.07371	0.08952097	0.7233476	0.6242376	7.742847	3.457401
401	1	-37.85225	-36.78497	-1.067276	0.02128662	0.3216275	0.2200777	32.56257	2.293885
402	0	-38.40003	-37.399	-1.001032	0.01414244	0.2321794	0.2278427	49.01184	3.40519
403	1	-37.55193	-36.99578	-0.5561521	0.01725084	0.2730321	0.1397516	40.18048	2.8029
404	0	-39.35433	-37.87525	-1.47908	0.03488788	0.4547915	0.2741436	19.86785	3.571025
405	1	-37.67864	-36.61421	-1.064434	0.02508228	0.3631953	0.2079964	27.63494	2.45311
406	0	-39.33486	-37.09841	-2.236448	0.06318056	0.6299092	0.3920367	10.97089	2.786139
407	1	-37.95226	-37.08019	-0.8720733	0.01340848	0.222065	0.2023634	51.69467	3.294222
408	0	-37.70111	-36.56317	-1.137946	0.02941108	0.4062317	0.2105839	23.56755	2.626272
409	1	-39.4401	-38.21889	-1.221214	0.02372287	0.3487414	0.2480187	29.21852	1.60259
410	0	-37.76181	-37.39377	-0.3680411	0.0008927415	0.01728049	0.1458869	776.4254	1.773245
411	1	-37.83561	-36.74435	-1.091263	0.03081162	0.4192431	0.1970419	22.49629	2.947814
412	0	-37.48518	-36.97501	-0.5101722	0.01531094	0.2479061	0.1371795	45.27138	2.516787
413	1	-39.04335	-37.51344	-1.529914	0.04706688	0.5433885	0.2428502	14.72686	2.153161
414	0	-40.25999	-38.10606	-2.153928	0.04972767	0.5597779	0.4365367	13.93886	2.185832
415	1	-41.43716	-38.04048	-3.396687	0.1212302	0.7912143	0.5509145	5.71761	2.583071
416	0	-38.28572	-37.24429	-1.041433	0.0121928	0.2048994	0.2438609	56.84891	3.112705
417	1	-37.47268	-36.69323	-0.7794495	0.01972527	0.3033919	0.1687148	35.14006	2.427251
418	0	-40.92564	-40.43377	-0.4918708	0.004281637	0.07935014	0.1573999	161.8884	0.8280656
419	1	-37.33367	-36.81846	-0.5152096	0.004721863	0.08702171	0.1601178	146.7953	2.130677
420	0	-37.25653	-36.84447	-0.4120549	0.01055132	0.1808762	0.1330078	65.69292	2.628638
421	1	-38.17985	-37.56844	-0.611416	0.009421691	0.1637578	0.1649638	73.5693	3.547939
422	0	-38.41144	-36.75393	-1.657514	0.04423373	0.5248641	0.2871675	15.6701	2.834482
423	1	-40.38006	-39.98246	-0.3975988	0.02480028	0.3602354	0.1071971	27.94917	3.181796
424	0	-37.6686	-36.57185	-1.096745	0.02576812	0.3703115	0.2127554	26.89941	2.830686
425	1	-40.82283	-37.70264	-3.120189	0.1065764	0.764117	0.5139281	6.503759	3.077003
426	0	-37.99901	-37.21116	-0.787851	0.01298596	0.2161579	0.1871315	53.37666	3.39097
427	1	-41.18863	-37.77261	-3.416023	0.1211412	0.7910672	0.5623776	5.721812	2.954521
428	0	-37.33039	-37.17496	-0.155438	0.002732325	0.05164822	0.1149207	253.684	2.311502
429	1	-40.84301	-37.8735	-2.969518	0.09071759	0.7266101	0.5530425	7.640714	3.163975
430	0	-39.04979	-37.97687	-1.072915	0.01057919	0.1812923	0.2574625	65.5199	3.539201
431	1	-39.33649	-37.77002	-1.566475	0.02680773	0.3808795	0.3353544	25.85625	3.146597
432	0	-39.52803	-37.92943	-1.598597	0.03554989	0.4602564	0.3060711	19.49787	1.868616
433	1	-40.89028	-39.15138	-1.738893	0.04135178	0.504798	0.3244578	16.76221	1.512935
434	0	-37.53692	-36.55534	-0.9815784	0.02490382	0.3613245	0.1919407	27.83297	2.749772
435	1	-38.73568	-36.89726	-1.838412	0.04857982	0.5528228	0.3236203	14.26821	2.853287
436	0	-39.63459	-38.2496	-1.384994	0.01593615	0.2561357	0.3261248	43.49527	2.08434
437	1	-38.75691	-38.17309	-0.5838185	0.02650598	0.3778389	0.1260646	26.1506	2.855172
438	0	-37.40405	-36.59867	-0.8053757	0.01624318	0.2601308	0.1818759	42.67312	2.403187
439	1	-40.56757	-38.719	-1.848565	0.0668433	0.6458904	0.252581	10.36973	3.41023
440	0	-39.71742	-38.1542	-1.563221	0.02567193	0.3693204	0.3396713	27.0002	3.396973
441	1	-38.42939	-37.29386	-1.135521	0.04005859	0.4953677	0.1807386	17.30333	2.506103
442	0	-37.72281	-36.63988	-1.082934	0.0307207	0.4184112	0.1956587	22.56287	2.623314
443	1	-38.21534	-37.03785	-1.177494	0.02036835	0.3109865	0.2489296	34.0306	2.250423
444	0	-38.39198	-37.56051	-0.8314633	0.03006222	0.4123339	0.1535772	23.05709	3.044065
445	1	-38.11359	-37.25089	-0.8627005	0.006537239	0.1177574	0.2209102	106.0306	2.086052
446	0	-37.58372	-36.53779	-1.045928	0.02306173	0.3415398	0.2100945	30.05617	2.641923
447	1	-38.13243	-37.19337	-0.9390648	0.01546445	0.2499386	0.2101905	44.82198	3.352555
448	0	-42.41731	-39.36669	-3.05062	0.1048884	0.7605769	0.4909581	6.608425	2.080606
449	1	-39.79477	-38.61499	-1.179779	0.01322039	0.2194431	0.2760074	52.43015	3.826645
450	0	-40.89431	-39.23797	-1.656345	0.05951295	0.6126821	0.2311486	11.647	1.976636
451	1	-37.70693	-37.09394	-0.6129932	0.01586047	0.2551463	0.1508594	43.70282	2.179696
452	0	-41.18279	-38.18284	-2.999948	0.08379835	0.7067523	0.6286702	8.271608	2.625855
453	1	-39.02252	-37.52407	-1.498447	0.02446674	0.3567088	0.3238332	28.33018	2.622559
454	0	-38.85715	-37.21996	-1.637195	0.03787007	0.4787717	0.3078586	18.3033	3.16322
455	1	-38.37943	-36.94881	-1.430622	0.02897194	0.4020633	0.2839402	23.92478	2.570628
456	0	-37.96819	-36.85068	-1.117514	0.03193645	0.4293897	0.1990943	21.70395	3.031859
457	1	-41.79675	-38.51009	-3.286663	0.1041798	0.7590617	0.6279194	6.653374	2.310264
458	0	-38.04255	-36.87696	-1.165593	0.01937088	0.2991555	0.2494754	35.78296	2.776608
459	1	-40.67469	-37.75665	-2.918044	0.1058995	0.7627088	0.4239015	6.545333	2.695711
460	0	-39.7457	-37.65442	-2.091274	0.05457941	0.5873651	0.3828649	12.69979	3.297073
461	1	-40.38863	-38.15263	-2.235997	0.04864474	0.5532208	0.4811787	14.24917	2.698953
462	0	-39.36514	-37.35348	-2.01166	0.06394482	0.6333411	0.3097519	10.83977	2.358226
463	1	-37.35358	-36.80266	-0.5509129	0.01516651	0.2459869	0.1431755	45.70248	2.638811
464	0	-39.81574	-37.81733	-1.998405	0.04185882	0.5084219	0.4175922	16.55917	2.784116
465	1	-38.47809	-37.29294	-1.185153	0.01641296	0.262327	0.2652582	42.2317	3.054573
466	0	-38.18436	-36.90287	-1.281496	0.04002075	0.4950876	0.2092564	17.3197	2.957989
467	1	-39.18221	-38.58039	-0.601818	0.00354473	0.06631221	0.1775312	195.543	1.257281
468	0	-37.95066	-37.17283	-0.7778241	0.02493182	0.3616185	0.1564969	27.80171	3.024983
469	1	-38.15363	-37.33251	-0.8211179	0.002363524	0.04488896	0.2247822	293.2685	2.228079
470	0	-39.06274	-37.15844	-1.9043	0.0548095	0.5886045	0.3165425	12.64648	3.15298
471	1	-39.70064	-38.15682	-1.543823	0.02111066	0.3196067	0.355318	32.83399	2.947891
472	0	-40.26255	-37.6679	-2.594656	0.08941744	0.7230622	0.3871993	7.751812	2.495322
473	1	-38.47752	-37.27042	-1.207102	0.01646955	0.2630571	0.270928	42.08658	2.913351
474	0	-39.56368	-37.8618	-1.701881	0.03557023	0.460423	0.3392762	19.48672	2.01259
475	1	-38.77485	-37.2868	-1.488049	0.04382368	0.5220864	0.243811	15.81673	2.18982
476	0	-39.19764	-37.86877	-1.328875	0.04905434	0.5557189	0.1931237	14.13019	3.119922
477	1	-40.89541	-37.8331	-3.06231	0.09594171	0.7400863	0.5636487	7.22467	2.535972
478	0	-39.17638	-37.67336	-1.503025	0.02427544	0.3546733	0.3261995	28.55344	3.023744
479	1	-39.07572	-37.69272	-1.383002	0.02244164	0.3346806	0.2968986	30.88666	2.045739
480	0	-38.98795	-36.96688	-2.021075	0.05577601	0.5937459	0.3509275	12.42734	2.670173
481	1	-38.87523	-37.85077	-1.024456	0.01613314	0.2587025	0.2267751	42.96417	1.674237
482	0	-40.38006	-38.26465	-2.115404	0.04885547	0.5545088	0.4252464	14.18771	2.048165
483	1	-38.62438	-37.5757	-1.048679	0.02438669	0.3558581	0.206767	28.42318	1.859849
484	0	-39.74176	-38.97839	-0.7633699	0.0005752795	0.01118151	0.217597	1204.888	4.145689
485	1	-37.70111	-36.68761	-1.013501	0.0296256	0.4082524	0.1853802	23.3969	2.645562
486	0	-37.50651	-36.53197	-0.9745371	0.02090832	0.3172725	0.2016605	33.15173	2.758602
487	1	-41.10692	-38.39024	-2.716681	0.07385011	0.6734349	0.5450457	9.385865	3.360036
488	0	-37.75829	-36.74708	-1.011216	0.02302714	0.3411598	0.2030261	30.10132	2.294888
489	1	-38.49674	-37.25737	-1.239372	0.01780141	0.2799473	0.2745981	38.93776	2.427673
490	0	-37.12963	-36.50872	-0.6209103	0.007953437	0.140764	0.1700276	87.15065	2.63996
491	1	-37.87989	-37.13393	-0.7459618	0.0126	0.2107073	0.1804357	55.01167	1.961864
492	0	-38.19398	-37.23617	-0.957814	0.006939095	0.1243703	0.2415782	99.89015	2.692564
493	1	-39.01523	-38.15719	-0.858039	0.0260468	0.37317	0.1669177	26.61161	1.859362
494	0	-39.41579	-37.55927	-1.856515	0.03875472	0.4855788	0.3785936	17.88549	2.835784
495	1	-39.25778	-38.89239	-0.3653944	0.003106812	0.05844601	0.141021	223.1056	3.975516
496	0	-38.09067	-36.69633	-1.394334	0.03236828	0.4332152	0.2609943	21.4144	2.651453
497	1	-37.08369	-36.65764	-0.426055	0.001720371	0.03294579	0.1528037	402.9056	2.974588
498	0	-37.5537	-36.62071	-0.9329914	0.02135356	0.322394	0.1922412	32.4605	2.935176
499	1	-40.46375	-38.72894	-1.734815	0.04023947	0.4967032	0.3282549	17.22555	1.63085
500	0	-40.2832	-37.6268	-2.656395	0.0747207	0.6766047	0.5068858	9.276509	2.952797
501	1	-40.23878	-37.94791	-2.290867	0.05915423	0.610927	0.438189	11.71763	3.319409
502	0	-42.39611	-42.11846	-0.2776521	0.002393963	0.04544927	0.1304821	289.5397	0.6388899
503	1	-38.10219	-36.66508	-1.437113	0.03850296	0.4836554	0.2497894	18.00244	2.857821
504	0	-37.78476	-36.8885	-0.8962608	0.01165948	0.1972025	0.2125037	59.44925	2.250934
505	1	-39.01196	-37.13414	-1.877818	0.04984725	0.5604926	0.3306541	13.90543	3.104704
506	0	-41.741	-39.37971	-2.36129	0.06713223	0.6471022	0.4200507	10.3251	3.827121
507	1	-39.69267	-37.40695	-2.285723	0.06200721	0.6245366	0.4187213	11.17849	2.479175
508	0	-38.72597	-36.8256	-1.900374	0.05469038	0.5879636	0.3158331	12.67402	2.766328
509	1	-38.43692	-36.9876	-1.449324	0.04559495	0.5339075	0.228754	15.20228	2.438871
510	0	-38.5481	-37.11607	-1.432033	0.02638516	0.3766153	0.2949233	26.27034	2.710244
511	1	-38.38605	-36.96054	-1.425506	0.03777974	0.4780689	0.2494423	18.34706	2.277663
512	0	-37.46416	-36.52216	-0.9419954	0.01928213	0.2980889	0.1997399	35.94765	2.688183
513	1	-38.93312	-38.00057	-0.9325559	0.0362313	0.4657958	0.1557342	19.13117	2.330444
514	0	-38.58208	-36.97732	-1.604758	0.05221321	0.5742652	0.243372	13.27532	2.559611
515	1	-42.51232	-40.4649	-2.047412	0.03268666	0.4360113	0.4992361	21.20581	3.969798
516	0	-37.72724	-37.19346	-0.5337809	0.006956327	0.1246524	0.1580508	99.64269	3.372464
517	1	-42.31798	-38.41424	-3.903742	0.1430025	0.8221142	0.6725508	4.847097	2.567567
518	0	-37.13599	-36.75488	-0.3811052	0.001583278	0.03037413	0.1463705	437.7925	2.196631
519	1	-38.63102	-36.96717	-1.663858	0.04650273	0.5397906	0.2798792	14.90552	3.093794
520	0	-37.16034	-36.61807	-0.5422754	0.01150767	0.1949928	0.1494734	60.23348	2.57386
521	1	-42.09311	-39.38864	-2.704474	0.0685117	0.652794	0.5806063	10.11721	3.667261
522	0	-39.74246	-37.36184	-2.380612	0.08370122	0.7064557	0.3388789	8.281208	2.863648
523	1	-40.08086	-38.73365	-1.347216	0.05656262	0.5978545	0.1769044	12.25451	2.521631
524	0	-39.01461	-38.01725	-0.9973574	0.0399137	0.494294	0.1577379	17.36615	2.455994
525	1	-40.15123	-37.68511	-2.466122	0.07046318	0.6605878	0.4450357	9.837012	2.342977
526	0	-38.27128	-37.60528	-0.6660008	0.005193966	0.09515292	0.1849401	133.4524	1.670878
527	1	-41.982	-40.54483	-1.437171	0.01058833	0.1814288	0.3705546	65.46329	4.251299
528	0	-38.62009	-37.53192	-1.088166	0.03728952	0.4742299	0.1792555	18.58826	2.273813
529	1	-39.01154	-37.95726	-1.054279	0.00601129	0.1089993	0.2695529	115.3076	3.227578
530	0	-38.88129	-37.68322	-1.198074	0.01172547	0.1981605	0.2871028	59.11465	2.467071
531	1	-37.6307	-36.57226	-1.05844	0.02522466	0.3646822	0.2063379	27.47895	2.521246
532	0	-40.00805	-38.03061	-1.977434	0.04521337	0.5313996	0.3900005	15.33058	2.062252
533	1	-40.13242	-38.84754	-1.284879	0.009779973	0.1692401	0.3218635	70.87414	1.749595
534	0	-39.84823	-38.84628	-1.001956	0.03007151	0.4124203	0.1821015	23.04996	1.672945
535	1	-39.09493	-38.03186	-1.063078	0.01733962	0.2741535	0.231722	39.97476	1.611418
536	0	-41.11817	-40.66392	-0.454247	0.001076189	0.02078191	0.1586096	644.0756	0.6831931
537	1	-37.42602	-36.81895	-0.6070692	0.01581966	0.254612	0.1500548	43.81556	2.917096
538	0	-37.27115	-36.54473	-0.7264218	0.01637935	0.2618929	0.1677454	42.31837	2.691649
539	1	-38.1142	-36.87717	-1.237029	0.02244532	0.3347216	0.2565608	30.88159	2.520264
540	0	-38.23427	-36.91272	-1.321555	0.03547924	0.4596771	0.2322406	19.5367	2.288274
541	1	-38.52567	-36.76633	-1.759341	0.05157566	0.570622	0.2866265	13.43942	2.677323
542	0	-42.46951	-39.34292	-3.126588	0.07763192	0.686833	0.7784883	8.928636	2.676448
543	1	-38.55696	-36.89845	-1.658515	0.0539879	0.5841513	0.250455	12.83894	2.759678
544	0	-38.76828	-36.9002	-1.868081	0.05227312	0.574605	0.316419	13.26011	2.942937
545	1	-38.24598	-38.11555	-0.1304334	0.007712466	0.1369077	0.1044687	89.87361	2.215304
546	0	-38.06432	-37.20193	-0.8623882	0.02036907	0.310995	0.181645	34.02939	2.022659
547	1	-39.53568	-38.27903	-1.25665	0.009793384	0.1694444	0.3128454	70.77708	3.067063
548	0	-39.84854	-39.39171	-0.4568276	0.01898245	0.29447	0.1234803	36.51517	1.78265
549	1	-39.55259	-37.22635	-2.326236	0.06788835	0.6502411	0.4012725	10.2101	2.545841
550	0	-38.53213	-37.19528	-1.336845	0.02998659	0.4116299	0.2548444	23.11524	3.287605
551	1	-37.92108	-36.83745	-1.083623	0.02068892	0.3147283	0.2256018	33.5033	3.071113
552	0	-41.96266	-38.46386	-3.498797	0.1129718	0.7766999	0.6856373	6.135577	3.309237
553	1	-42.25094	-40.02537	-2.225569	0.03435341	0.4503185	0.5827107	20.17696	2.642342
554	0	-42.35886	-39.78448	-2.574379	0.1091116	0.7692573	0.2872811	6.352645	2.968368
555	1	-38.25525	-36.83391	-1.421348	0.03781888	0.4783736	0.2482699	18.32807	2.368612
556	0	-37.97808	-36.69203	-1.286051	0.0378357	0.4785044	0.2168015	18.31993	2.826157
557	1	-37.56084	-36.63322	-0.9276173	0.02569199	0.3695273	0.1798443	26.97911	2.71402
558	0	-37.58115	-36.87775	-0.7033905	0.01767773	0.278402	0.1609469	39.21019	3.057448
559	1	-37.64247	-36.97903	-0.6634371	0.009145665	0.1595001	0.1744514	75.7897	3.262729
560	0	-39.94403	-37.44076	-2.503266	0.07231068	0.6676993	0.449979	9.585682	2.528553
561	1	-37.77311	-37.32573	-0.4473719	0.008666213	0.1520334	0.1415076	79.9827	3.320175
562	0	-40.24068	-37.56876	-2.671923	0.09386936	0.7348849	0.3928068	7.384169	3.032543
563	1	-38.32103	-36.81397	-1.507065	0.03586955	0.4628658	0.2780415	19.32411	2.909109
564	0	-37.35126	-36.56013	-0.7911368	0.01406991	0.2311881	0.1848945	49.2645	2.459465
565	1	-37.8121	-36.58096	-1.231135	0.03290579	0.4379238	0.2200174	21.0646	2.737987
566	0	-38.07097	-37.45798	-0.6129951	0.01692611	0.2689093	0.1486058	40.95137	3.287769
567	1	-38.00065	-36.93977	-1.060882	0.03045871	0.4160044	0.192101	22.75694	3.082528
568	0	-38.15613	-36.76952	-1.386612	0.03810342	0.4805805	0.2388321	18.19121	2.997968
569	1	-38.65318	-36.93964	-1.713541	0.04275149	0.5147037	0.3101424	16.2134	2.945246
570	0	-42.01138	-38.95158	-3.059797	0.08937892	0.7229558	0.6168487	7.755153	2.107911
571	1	-37.84926	-37.06701	-0.7822496	0.002585819	0.04897082	0.215535	268.0571	2.532292
572	0	-37.16993	-36.60928	-0.5606509	0.00470422	0.08671593	0.1676033	147.3458	2.373019
573	1	-40.33681	-38.50535	-1.831468	0.04659386	0.5403747	0.3305245	14.87636	3.709452
574	0	-37.54905	-36.82521	-0.7238415	0.005298383	0.09693805	0.1956637	130.8224	2.313472
575	1	-38.49978	-37.10677	-1.393011	0.03494642	0.455278	0.2513273	19.83457	2.168086
576	0	-38.05965	-37.31769	-0.7419672	0.01337148	0.2215502	0.1777685	51.83772	1.880157
577	1	-38.14087	-36.78651	-1.354355	0.0287908	0.4003315	0.263764	24.0753	2.567386
578	0	-38.76766	-37.05858	-1.709076	0.039074	0.4880024	0.3252242	17.73935	2.837263
579	1	-41.34495	-39.39661	-1.948338	0.02798754	0.3925617	0.483178	24.76628	3.032121
580	0	-37.1945	-36.88418	-0.3103184	0.005684282	0.1034942	0.1286922	121.941	2.369259
581	1	-40.59964	-38.99385	-1.605791	0.05517216	0.5905459	0.2336503	12.56335	1.9272
582	0	-37.82893	-37.31739	-0.5115425	0.00673756	0.1210624	0.1550532	102.8781	1.857105
583	1	-39.15525	-37.90803	-1.247227	0.02995018	0.4112905	0.2331192	23.14334	3.609606
584	0	-37.51516	-36.96771	-0.5474488	0.003600111	0.06730068	0.1680052	192.535	2.015759
585	1	-37.50993	-37.03708	-0.4728579	0.01326427	0.2200558	0.1360316	52.25671	2.357322
586	0	-37.77073	-36.77679	-0.9939483	0.01503868	0.2442824	0.2233884	46.09097	2.865663
587	1	-38.57606	-37.29156	-1.2845	0.02813218	0.3939716	0.2482668	24.63895	2.027674
588	0	-39.52702	-37.45001	-2.077014	0.05158226	0.5706599	0.3937672	13.43771	3.068084
589	1	-38.83711	-37.07805	-1.759062	0.05080756	0.5661666	0.2896727	13.6426	3.138962
590	0	-37.70518	-36.59058	-1.114593	0.03052861	0.416648	0.2025009	22.70484	2.691667
591	1	-41.18059	-39.4326	-1.747991	0.03908314	0.4880715	0.3380861	17.7352	1.416324
592	0	-41.8343	-37.99031	-3.843986	0.1354818	0.8124781	0.7045504	5.116163	2.891577
593	1	-41.22317	-38.59096	-2.632212	0.06675078	0.6455009	0.5537349	10.38411	3.356699
594	0	-38.97455	-38.01168	-0.9628749	0.0261732	0.3744603	0.1850362	26.48309	3.566609
595	1	-37.5277	-36.69588	-0.8318195	0.01905754	0.2953793	0.1794708	36.37129	3.001928
596	0	-37.91607	-37.01412	-0.9019523	0.02986596	0.4105044	0.1652509	23.2086	2.822192
597	1	-37.90556	-37.01558	-0.8899811	0.00787117	0.1394501	0.222782	88.06151	2.367353
598	0	-38.38146	-37.28431	-1.097142	0.01797131	0.2820624	0.2376215	38.56965	2.007801
599	1	-37.38885	-37.16826	-0.2205909	0.003838989	0.07154819	0.1207548	180.5546	2.211728
600	0	-39.27163	-38.01262	-1.259006	0.01133409	0.1924557	0.3068323	61.15595	2.889703
601	1	-40.18184	-38.48939	-1.692452	0.02647598	0.3775354	0.3821645	26.18023	3.309792
602	0	-39.39954	-38.29211	-1.107427	0.04649978	0.5397716	0.1604477	14.90646	2.652219
603	1	-37.96853	-37.19089	-0.7776455	0.01443569	0.2361692	0.1814766	48.0162	1.94871
604	0	-37.44293	-36.5289	-0.9140296	0.02114409	0.3199914	0.1891892	32.78207	2.589205
605	1	-38.48942	-37.1874	-1.302023	0.02904205	0.4027317	0.249429	23.86702	3.293334
606	0	-40.23716	-39.52333	-0.7138253	0.0336924	0.4447101	0.1297079	20.57281	2.152669
607	1	-38.22914	-37.44809	-0.7810468	0.01604731	0.2575857	0.1779963	43.19397	1.857113
608	0	-38.32875	-37.16579	-1.162957	0.0153881	0.2489287	0.2632185	45.04436	2.752667
609	1	-39.80481	-38.02793	-1.77688	0.03622529	0.4657473	0.3623315	19.13435	3.395008
610	0	-38.5377	-37.64147	-0.8962294	0.001477353	0.02838086	0.2453686	469.1818	2.94532
611	1	-39.39148	-37.58083	-1.810645	0.03931115	0.4897914	0.3587887	17.63233	3.15844
612	0	-37.97823	-37.30849	-0.6697317	0.004963702	0.09119932	0.1862361	139.6432	1.834232
613	1	-37.67425	-36.91966	-0.7545935	0.02280263	0.3386862	0.1575721	30.39768	2.45359
614	0	-38.77859	-37.69365	-1.084939	0.009672912	0.1676071	0.2639343	71.65859	3.218499
615	1	-38.40556	-37.47307	-0.9324935	0.03202146	0.4301458	0.1652661	21.64633	3.106767
616	0	-39.02316	-37.02619	-1.996964	0.0529566	0.5784515	0.3564864	13.08897	2.843
617	1	-38.19057	-38.19184	0.001271958	0.003643049	0.06806609	0.09699578	190.2657	2.243935
618	0	-37.51865	-37.1084	-0.4102456	0.01316321	0.2186436	0.127958	52.6579	2.758794
619	1	-38.89284	-38.06882	-0.8240202	0.006475969	0.1167432	0.2127125	107.0337	1.514053
620	0	-37.14048	-36.57143	-0.569046	0.008979434	0.1569216	0.1591112	77.19274	2.438316
621	1	-37.208	-36.67399	-0.5340105	0.002607126	0.04936084	0.1681041	265.8664	2.306448
622	0	-41.04717	-39.19194	-1.855225	0.04229409	0.5115005	0.3596664	16.38875	3.913091
623	1	-38.39946	-37.51749	-0.8819731	0.004110745	0.07634858	0.2330623	168.6184	3.220403
624	0	-40.12416	-37.72911	-2.395051	0.0627653	0.6280224	0.46212	11.04348	2.421094
625	1	-37.88918	-37.09263	-0.7965521	0.003013317	0.05675502	0.2173235	230.028	2.453514
626	0	-42.51021	-38.81316	-3.697046	0.1244343	0.7963806	0.7110034	5.570385	3.420788
627	1	-38.58942	-37.81517	-0.7742514	0.02102154	0.31858	0.1647947	32.97319	3.476902
628	0	-38.38934	-37.29624	-1.093098	0.03798061	0.4796297	0.1783917	18.25003	2.443869
629	1	-41.23869	-38.67895	-2.559743	0.06511294	0.6384859	0.5270807	10.64531	3.471192
630	0	-41.43512	-39.06658	-2.36854	0.07561398	0.6798031	0.3753324	9.166918	1.920012
631	1	-39.21582	-37.33619	-1.879637	0.0557218	0.5934603	0.3048767	12.43943	3.245213
632	0	-42.22917	-38.78393	-3.445233	0.1018472	0.7539489	0.7604672	6.805758	2.425262
633	1	-39.47698	-37.22645	-2.250527	0.0644102	0.6354052	0.3907485	10.76145	2.506027
634	0	-38.35423	-36.88261	-1.471623	0.03644765	0.4675367	0.266177	19.01761	2.357105
635	1	-40.09869	-38.66788	-1.43081	0.05946099	0.6124286	0.1846128	11.65718	2.972308
636	0	-38.40923	-36.98444	-1.424792	0.02921346	0.4043612	0.281328	23.72698	2.947346
637	1	-37.50732	-36.60672	-0.9006083	0.02419767	0.3538432	0.1787863	28.6452	2.668947
638	0	-37.78853	-37.58068	-0.2078509	0.005030509	0.09234879	0.1172362	137.7887	2.06374
639	1	-38.30038	-36.78802	-1.51236	0.04569838	0.5345838	0.2432821	15.16787	2.905636
640	0	-37.40524	-36.75777	-0.6474644	0.0115375	0.1954276	0.1659831	60.07777	2.226255
641	1	-39.79829	-37.47269	-2.325597	0.08319388	0.7048978	0.3230458	8.331709	2.911198
642	0	-39.99413	-37.99771	-1.99642	0.07596939	0.6810607	0.2574103	9.124032	2.604495
643	1	-38.72801	-37.12972	-1.598289	0.0381677	0.481077	0.2948687	18.16057	2.267161
644	0	-38.24334	-37.45339	-0.7899501	0.02613206	0.3740408	0.1557431	26.52478	2.226278
645	1	-38.86377	-37.23999	-1.62378	0.05746558	0.6024889	0.2303079	12.06195	2.762546
646	0	-37.93835	-37.0718	-0.8665528	0.01855147	0.2892191	0.187147	37.36346	2.049414
647	1	-39.18044	-38.21383	-0.9666066	0.005689574	0.1035836	0.2480516	121.8276	1.618533
648	0	-37.65152	-36.97789	-0.6736322	0.01795768	0.281893	0.1556114	38.59894	2.261402
649	1	-37.93633	-36.98416	-0.9521654	0.00967325	0.1676122	0.2311164	71.65608	2.714662
650	0	-38.43267	-36.88057	-1.552094	0.03505535	0.4561818	0.2942119	19.77293	2.754872
651	1	-41.70565	-40.27425	-1.431399	0.01201744	0.20238	0.3610588	57.67842	1.115229
652	0	-39.07996	-37.6949	-1.385051	0.01900661	0.2947628	0.3122999	36.46874	2.402056
653	1	-38.80795	-37.04557	-1.762379	0.04538235	0.5325128	0.3137842	15.2735	2.389881
654	0	-38.49431	-37.46709	-1.027213	0.01795821	0.2818996	0.2216137	38.59779	3.481857
655	1	-39.2468	-37.36892	-1.877883	0.06473058	0.636815	0.2679753	10.70819	3.048248
656	0	-39.61937	-38.23431	-1.385052	0.01533065	0.2481675	0.3289453	45.21317	2.186789
657	1	-38.05213	-36.88325	-1.168883	0.02144529	0.3234423	0.2430692	32.32165	3.00279
658	0	-39.73523	-38.81174	-0.9234935	0.008866609	0.1551653	0.2271577	78.175	4.048649
659	1	-40.94417	-39.3977	-1.546474	0.0122026	0.2050398	0.4040344	56.80325	2.478813
660	0	-40.69075	-37.7699	-2.920855	0.1076034	0.7662243	0.4149847	6.441686	2.868397
661	1	-40.7495	-40.17665	-0.5728571	0.0207617	0.3155738	0.13523	33.38585	3.8314
662	0	-41.02384	-38.19855	-2.825294	0.076345	0.6823807	0.5865392	9.079143	3.101909
663	1	-39.84982	-38.08378	-1.766049	0.04036231	0.4976071	0.3380821	17.17313	1.884258
664	0	-37.53896	-37.30431	-0.2346449	0.008313023	0.1464748	0.1149636	83.38088	2.542842
665	1	-42.39002	-40.01788	-2.372139	0.08926742	0.7226475	0.3106111	7.76484	3.564492
666	0	-37.77398	-36.73294	-1.041035	0.01988128	0.3052452	0.2186761	34.86432	2.98982
667	1	-37.55661	-36.80339	-0.753218	0.02222452	0.3322546	0.1586458	31.1884	2.571686
668	0	-42.43253	-39.30617	-3.126364	0.08357985	0.7060843	0.7155915	8.293233	2.175144
669	1	-40.71179	-38.90094	-1.810855	0.05287385	0.5779887	0.2962951	13.10945	1.74164
670	0	-43.28846	-40.72387	-2.564592	0.09946699	0.7485255	0.3260056	6.968615	2.082031
671	1	-38.80036	-37.63886	-1.161499	0.01154943	0.1956014	0.2774809	60.0157	2.2822
672	0	-38.032	-36.73279	-1.299204	0.02765327	0.3892848	0.2536546	25.06565	2.565934
673	1	-37.00595	-36.51695	-0.4890026	0.005217311	0.09555245	0.1548882	132.8553	2.697197
674	0	-38.52682	-36.7916	-1.735217	0.04596226	0.536302	0.3028846	15.08079	2.713606
675	1	-37.87007	-37.50983	-0.360233	0.01309537	0.2176935	0.1218326	52.9307	2.986737
676	0	-38.97508	-36.94601	-2.029069	0.06434709	0.6351264	0.3134055	10.77201	2.682178
677	1	-40.88551	-39.50977	-1.375744	0.00518417	0.0949852	0.3761219	133.7046	2.793938
678	0	-44.49899	-44.16528	-0.3337062	0.02947243	0.4068106	0.09413949	23.5185	1.846982
679	1	-38.99434	-38.53303	-0.4613124	0.02409415	0.3527357	0.1153946	28.76828	2.766438
680	0	-37.65191	-37.34774	-0.3041716	0.0109964	0.1874881	0.118657	63.03404	2.483076
681	1	-38.08288	-36.65799	-1.424897	0.03588475	0.4629893	0.2560538	19.31593	2.802723
682	0	-40.28867	-37.65459	-2.634085	0.09602196	0.740284	0.3668935	7.218632	2.911545
683	1	-39.58297	-38.00488	-1.578092	0.04161358	0.5066743	0.2752434	16.65676	3.582104
684	0	-42.12823	-38.24296	-3.885269	0.1460917	0.8258021	0.6320482	4.744602	3.082361
685	1	-39.37489	-37.3471	-2.02779	0.05235018	0.5750415	0.3708093	13.24059	2.366423
686	0	-38.10235	-37.09112	-1.01123	0.0142413	0.2335276	0.2298571	48.67163	3.166765
687	1	-37.74812	-36.83858	-0.9095346	0.02189657	0.328566	0.1863494	31.65551	3.112039
688	0	-37.63936	-36.74187	-0.8974874	0.01429497	0.2342582	0.2049891	48.4889	3.004299
689	1	-39.64012	-38.79937	-0.8407519	0.0005142267	0.01000279	0.2353066	1347.941	1.266928
690	0	-39.79688	-38.03511	-1.761771	0.0634568	0.6311558	0.2429306	10.92313	3.228239
691	1	-41.04005	-38.354	-2.686051	0.07182932	0.6658708	0.5439107	9.64992	3.323874
692	0	-40.06909	-37.42397	-2.645121	0.08093816	0.6977937	0.4590607	8.563911	3.043263
693	1	-37.91511	-37.35565	-0.559462	0.007235745	0.1292086	0.1615235	95.79486	1.823438
694	0	-38.63547	-37.21451	-1.420953	0.03071421	0.4183518	0.2743715	22.56764	2.151848
695	1	-40.35825	-39.21688	-1.141369	0.01155622	0.1957003	0.2719251	59.98047	1.205037
696	0	-37.85977	-36.77544	-1.084327	0.02758059	0.3885689	0.2048182	25.1317	3.055978
697	1	-37.09057	-36.5757	-0.5148743	0.00843408	0.1483856	0.1518868	82.18409	2.801318
698	0	-37.46284	-36.91418	-0.5486592	0.005550475	0.1012282	0.1636376	124.8807	2.058889
699	1	-40.1872	-37.91843	-2.268769	0.05584447	0.5941061	0.4491276	12.4121	2.296917
700	0	-39.08039	-37.36303	-1.717362	0.03774007	0.4777598	0.334168	18.36635	3.11341
701	1	-39.08106	-37.91852	-1.162533	0.008400138	0.1478504	0.2904041	82.51617	2.835008
702	0	-39.44608	-39.12582	-0.3202611	0.01007764	0.1737574	0.1221567	68.78069	3.702753
703	1	-38.01475	-37.87479	-0.13996	0.0006683823	0.0129754	0.1165033	1037.052	3.449293
704	0	-37.72777	-36.60013	-1.127642	0.03053325	0.4166907	0.2051472	22.70139	2.592511
705	1	-38.40611	-37.80232	-0.6037849	0.004417058	0.0817193	0.1757022	156.9251	3.704412
706	0	-43.60477	-41.31147	-2.293303	0.02986882	0.4105312	0.6643274	23.20638	3.037979
707	1	-41.39606	-39.93672	-1.459338	0.04225998	0.5112603	0.2422017	16.40197	3.990635
708	0	-40.93641	-38.90172	-2.034689	0.05491603	0.5891763	0.3600857	12.62195	3.775231
709	1	-38.86086	-38.19645	-0.6644151	0.001148023	0.02214844	0.1955076	603.7747	3.863722
710	0	-38.78924	-37.00253	-1.786707	0.05528125	0.591127	0.2795556	12.53856	3.036738
711	1	-37.56637	-36.99338	-0.5729914	0.01726143	0.273166	0.1421036	40.15583	2.448323
712	0	-37.20117	-36.78857	-0.412598	0.009148793	0.1595485	0.1357429	75.76378	2.478064
713	1	-37.68749	-36.57576	-1.11173	0.02505026	0.3628603	0.2181687	27.67026	2.557642
714	0	-38.93507	-37.74525	-1.189813	0.04115931	0.5034117	0.1878783	16.84059	3.223083
715	1	-39.0847	-37.10077	-1.983934	0.06649136	0.6444049	0.2906363	10.42462	2.909924
716	0	-37.50386	-36.77727	-0.7265883	0.02110443	0.3195351	0.1569405	32.84368	2.6135
717	1	-41.92245	-38.86322	-3.059225	0.09371414	0.7344879	0.5798748	7.396399	3.546404
718	0	-37.40405	-36.51952	-0.8845307	0.01809361	0.2835795	0.1917784	38.30896	2.580109
719	1	-41.32022	-38.57343	-2.746793	0.07494698	0.6774201	0.5530715	9.2485	3.435593
720	0	-40.17696	-38.57234	-1.604612	0.04682792	0.5418699	0.26257	14.80201	3.680932
721	1	-38.46815	-37.0535	-1.414656	0.03546704	0.4595769	0.2549447	19.54342	3.206966
722	0	-41.56493	-38.03303	-3.531897	0.1327693	0.8087538	0.5358146	5.22069	2.904042
723	1	-37.26832	-36.77998	-0.4883354	0.003642098	0.06804915	0.1582677	190.3154	3.110301
724	0	-37.77812	-36.91371	-0.8644052	0.007806524	0.1384157	0.2173548	88.79076	2.830691
725	1	-44.10179	-42.63788	-1.463915	0.002168729	0.04129266	0.4286672	319.6099	0.4143878
726	0	-41.6501	-39.68931	-1.960784	0.06722648	0.6474961	0.2810516	10.31063	1.849671
727	1	-38.25032	-37.4223	-0.8280254	0.005483524	0.1000916	0.2165813	126.4054	1.919266
728	0	-37.12058	-36.79325	-0.3273325	0.006514952	0.1173887	0.1293734	106.3933	2.717383
729	1	-39.85451	-38.60407	-1.25044	0.03481706	0.4542019	0.2183312	19.90827	3.731455
730	0	-41.3917	-37.83134	-3.560356	0.1272362	0.800705	0.5960999	5.447721	2.874023
731	1	-37.14301	-36.5723	-0.5707111	0.003381814	0.06339618	0.1724903	204.9631	2.64662
732	0	-40.5402	-38.85825	-1.681946	0.03432103	0.4500458	0.3385006	20.19599	3.840376
733	1	-38.14007	-37.15077	-0.9892908	0.01463047	0.2388032	0.2236363	47.37696	3.264826
734	0	-38.7893	-36.89305	-1.896251	0.06043865	0.6171521	0.2900027	11.46861	2.759845
735	1	-37.19273	-36.5618	-0.630934	0.006600677	0.1188059	0.1750538	105.0115	2.497969
736	0	-40.74323	-39.3941	-1.349137	0.05411107	0.5848238	0.1834901	12.80971	2.132321
737	1	-44.69663	-42.76387	-1.932761	0.03784099	0.4785455	0.4138969	18.31737	4.828594
738	0	-37.93126	-36.65254	-1.278713	0.03046191	0.4160339	0.2388431	22.75455	2.513419
739	1	-38.32859	-38.25954	-0.06905107	0.00813522	0.1436575	0.09766406	85.20325	2.527363
740	0	-40.77696	-39.07222	-1.704742	0.05443249	0.5865705	0.2606622	12.73407	3.697869
741	1	-37.87236	-36.74664	-1.12572	0.020486	0.3123631	0.2359771	33.83517	2.837677
742	0	-37.40647	-36.66814	-0.738325	0.01175066	0.1985258	0.1812243	58.98793	3.003411
743	1	-39.2322	-37.17403	-2.058175	0.06870898	0.6535954	0.3033803	10.08816	2.576265
744	0	-38.1792	-36.70724	-1.47196	0.03716244	0.4732277	0.2635918	18.65182	2.554876
745	1	-39.97638	-37.76226	-2.214121	0.05405525	0.5845193	0.436127	12.82294	2.375602
746	0	-38.42709	-36.97782	-1.449268	0.04812408	0.5500134	0.2207133	14.40333	2.622304
747	1	-37.28149	-37.20151	-0.07998021	0.0008729613	0.01690195	0.1094043	794.0183	2.394441
748	0	-39.74329	-37.34772	-2.395572	0.06847525	0.6526456	0.4265315	10.12259	2.530642
749	1	-37.57925	-37.46969	-0.1095519	0.002233849	0.04249693	0.1105422	310.2927	2.178187
750	0	-37.83476	-36.98313	-0.8516371	0.02108518	0.3193135	0.1778939	32.87366	3.181601
751	1	-41.35769	-39.95814	-1.399551	0.01212803	0.2039701	0.349195	57.15249	1.208475
752	0	-43.47147	-41.19354	-2.277931	0.03642165	0.4673279	0.5963558	19.03119	1.436962
753	1	-37.93667	-37.36131	-0.5753678	0.001049014	0.02026429	0.1791012	660.7603	3.474629
754	0	-39.33235	-37.57785	-1.754496	0.04163033	0.506794	0.3282658	16.65005	3.342815
755	1	-37.28321	-36.65357	-0.6296416	0.003492885	0.06538556	0.1826738	198.4455	2.725618
756	0	-38.18201	-38.21046	0.02845815	0.004121108	0.07653099	0.09375904	168.1944	2.786281
757	1	-37.36857	-36.62107	-0.7474929	0.01550643	0.250493	0.173443	44.70063	2.934807
758	0	-40.74276	-38.66888	-2.073884	0.05238754	0.5752529	0.3880966	13.23114	3.697978
759	1	-40.16394	-38.90775	-1.256194	0.005811864	0.1056475	0.3307941	119.2642	2.064911
760	0	-38.86781	-36.94798	-1.919823	0.06142369	0.621817	0.2928172	11.28469	2.892475
761	1	-38.17912	-36.78245	-1.39667	0.03704729	0.4723172	0.2448727	18.7098	2.403321
762	0	-38.90892	-37.73095	-1.177972	0.01690161	0.268597	0.2615486	41.01072	3.467114
763	1	-39.03909	-37.33884	-1.700254	0.05720212	0.6011456	0.2495386	12.11751	3.100928
764	0	-38.03866	-37.7911	-0.2475652	0.01234986	0.2071465	0.1100034	56.12593	2.663084
765	1	-36.96483	-36.57786	-0.38697	0.00450985	0.08333793	0.1412689	153.6963	2.681859
766	0	-39.06337	-37.74239	-1.320982	0.03338239	0.4420503	0.2390855	20.76386	3.529511
767	1	-38.16907	-37.29754	-0.8715293	0.003250762	0.06104156	0.2334599	213.226	2.732571
768	0	-41.5149	-40.13836	-1.376542	0.00165596	0.03173868	0.3956584	418.5771	2.879542
769	1	-37.16492	-37.08238	-0.08253775	0.0001604081	0.00313469	0.1107941	4321.148	2.453914
770	0	-40.98599	-39.86176	-1.12423	0.004474252	0.08271742	0.2954287	154.9191	4.236722
771	1	-38.53738	-37.83256	-0.7048207	0.000435401	0.00847816	0.2056286	1591.974	1.630337
772	0	-40.64692	-38.28473	-2.362191	0.0574968	0.6026475	0.481732	12.0554	3.325667
773	1	-38.09162	-37.39379	-0.6978333	0.006798018	0.1220565	0.1866444	101.9631	1.788788
774	0	-42.41982	-40.48078	-1.939047	0.02400541	0.3517842	0.5064096	28.87463	1.703091
775	1	-38.7083	-37.47401	-1.234288	0.01476211	0.2405762	0.285191	46.95449	2.648559
776	0	-37.99053	-37.43622	-0.5543049	0.003390828	0.06355784	0.1696618	204.4183	1.734133
777	1	-37.12717	-36.50185	-0.625321	0.009347472	0.1626159	0.1674491	74.15344	2.674182
778	0	-37.20312	-36.97014	-0.2329819	0.002003588	0.0382296	0.1254717	345.9529	3.041475
779	1	-39.7246	-37.94459	-1.780006	0.05333656	0.5805659	0.2854224	12.99572	3.475846
780	0	-38.2899	-37.17395	-1.115947	0.03779755	0.4782076	0.1829873	18.33842	2.963522
781	1	-38.27502	-37.39908	-0.8759396	0.002337973	0.04441826	0.2375349	296.4736	2.649464
782	0	-38.74601	-36.8628	-1.883209	0.05780846	0.6042261	0.2970806	11.99041	2.870646
783	1	-37.04966	-36.56464	-0.4850137	0.002493489	0.04727827	0.1603232	277.9829	2.811933
784	0	-37.11146	-36.86401	-0.2474522	0.004287806	0.07945824	0.1232585	161.6554	2.526061
785	1	-37.40565	-36.81635	-0.5893054	0.01676453	0.2668457	0.1454583	41.34606	2.65109
786	0	-38.01257	-37.2741	-0.7384707	0.02124352	0.3211333	0.1585047	32.62864	2.144984
787	1	-40.81819	-37.66459	-3.153592	0.1075227	0.7660599	0.5243287	6.446522	3.034535
788	0	-37.52207	-36.88117	-0.6408972	0.0004793273	0.00932816	0.1927757	1446.083	2.844854
789	1	-38.44708	-37.65524	-0.791841	0.03122695	0.4230205	0.1452023	22.19708	2.576651
790	0	-42.40992	-41.657	-0.7529127	0.01227194	0.2060328	0.1825382	56.48229	4.656045
791	1	-40.70902	-38.9448	-1.764212	0.02455733	0.3576694	0.4218774	28.22567	2.197015
792	0	-40.95589	-39.72537	-1.230514	0.001080452	0.02086308	0.3446925	641.5342	3.54646
793	1	-38.73576	-37.42405	-1.311704	0.0448363	0.5289007	0.2014908	15.45951	2.34865
794	0	-39.07241	-38.0944	-0.9780088	0.01999059	0.3065396	0.2050024	34.67368	1.615237
795	1	-39.29961	-38.4938	-0.8058152	0.03202495	0.4301768	0.1455951	21.64398	3.257855
796	0	-39.20834	-38.38636	-0.821978	0.005013308	0.09205303	0.2167102	138.2614	3.898591
797	1	-37.95951	-36.83364	-1.125871	0.02920414	0.4042728	0.2086655	23.73455	3.092354
798	0	-37.68067	-36.9193	-0.7613703	0.02422905	0.3541784	0.1554789	28.6081	2.664471
799	1	-40.00687	-38.48071	-1.526157	0.03085621	0.4196503	0.3041987	22.46378	3.764255
800	0	-39.52165	-37.478	-2.043651	0.07421088	0.6747548	0.2766474	9.340237	2.798871
801	1	-38.26252	-36.92729	-1.335232	0.0392038	0.4889827	0.2233716	17.68061	3.073006
802	0	-39.43606	-38.11463	-1.321435	0.01651076	0.2635879	0.3035676	41.98155	3.405859
803	1	-39.05771	-38.24799	-0.8097154	0.03469194	0.453158	0.1407599	19.98006	2.469779
804	0	-39.17474	-38.90157	-0.2731762	0.006759771	0.1214278	0.1221303	102.54	1.560332
805	1	-37.72475	-36.83967	-0.8850749	0.02157681	0.3249413	0.1826698	32.12463	3.103053
806	0	-38.06012	-36.83612	-1.223997	0.02292333	0.3400177	0.2515348	30.23763	2.484824
807	1	-38.96902	-38.26237	-0.7066437	0.03183467	0.4284825	0.1322039	21.77334	2.650474
808	0	-39.10245	-38.11796	-0.9844916	0.009118393	0.1590778	0.240588	76.01637	1.593336
809	1	-37.80579	-37.12025	-0.6855407	0.003290723	0.06176038	0.1937284	210.6367	3.252274
810	0	-38.98482	-37.61132	-1.373503	0.021676	0.3260687	0.2972899	31.97764	3.213673
811	1	-38.16222	-36.91183	-1.250392	0.04032902	0.4973624	0.2019665	17.1873	2.872291
812	0	-41.03436	-39.15887	-1.875495	0.02631169	0.3758696	0.4599947	26.3437	2.859459
813	1	-42.2028	-39.88115	-2.321653	0.04102041	0.5024075	0.5838225	16.89762	2.123055
814	0	-37.51721	-36.83856	-0.678651	0.01903524	0.2951094	0.1540318	36.4139	2.444137
815	1	-37.98773	-37.0952	-0.8925311	0.01022105	0.1759217	0.2160585	67.81563	2.102827
816	0	-39.35878	-38.34354	-1.015243	0.02685972	0.3814012	0.1931025	25.80619	1.685496
817	1	-38.56837	-37.49583	-1.072539	0.03440732	0.4507722	0.1838094	20.14534	2.170939
818	0	-37.47878	-36.68114	-0.7976436	0.008759535	0.1534939	0.2005988	79.13059	2.711908
819	1	-40.18474	-38.09957	-2.085165	0.04302026	0.5165708	0.4480291	16.11211	2.563666
820	0	-37.56017	-36.79338	-0.7667939	0.01955613	0.3013746	0.1669916	35.44398	2.336688
821	1	-39.46763	-37.3868	-2.080836	0.05086251	0.5664878	0.3993146	13.62786	2.901559
822	0	-38.72061	-37.0085	-1.712112	0.0447822	0.5285404	0.3009417	15.47819	3.083602
823	1	-40.02191	-37.47948	-2.542426	0.08048277	0.6963236	0.4169312	8.612368	3.149572
824	0	-41.17285	-38.49038	-2.682474	0.07520347	0.67834	0.5167424	9.216957	3.474087
825	1	-40.85239	-39.14372	-1.708673	0.02409979	0.3527962	0.4016733	28.76154	1.802129
826	0	-43.20922	-39.26854	-3.940675	0.1324057	0.808244	0.8105413	5.235025	3.507302
827	1	-38.69585	-37.07628	-1.619563	0.05220799	0.5742356	0.2470201	13.27665	3.036039
828	0	-41.83307	-40.51296	-1.320109	0.003537237	0.06617836	0.3641418	195.9572	4.092834
829	1	-41.99644	-38.97609	-3.020356	0.07658135	0.6832064	0.7104956	9.051123	2.546809
830	0	-40.54436	-38.73872	-1.805641	0.02737796	0.3865664	0.4225465	25.31771	2.275928
831	1	-37.29327	-36.59659	-0.6966727	0.009999579	0.172576	0.1781844	69.31764	2.90541
832	0	-39.81691	-37.80685	-2.010064	0.06345579	0.6311512	0.3114015	10.92331	3.370213
833	1	-37.67902	-36.70486	-0.974164	0.02072038	0.3150939	0.2021212	33.45243	3.02769
834	0	-39.72922	-38.46547	-1.263755	0.007791615	0.1381769	0.3241126	88.96065	2.682883
835	1	-38.21082	-38.0635	-0.1473165	0.007891791	0.1397797	0.1059787	87.83142	3.086493
836	0	-38.47797	-37.22954	-1.248424	0.04446307	0.5264067	0.1901354	15.58928	2.711121
837	1	-38.33136	-36.9659	-1.365452	0.0278432	0.3911499	0.2703014	24.89467	2.374546
838	0	-38.05377	-36.62893	-1.424845	0.03757058	0.4764362	0.2500149	18.4492	2.663726
839	1	-39.02624	-37.25031	-1.775923	0.0563412	0.5967048	0.2724469	12.30267	2.352934
840	0	-37.407	-37.34104	-0.06595829	0.001146591	0.02212123	0.1074647	604.5286	2.334845
841	1	-37.25696	-36.54523	-0.7117228	0.01043499	0.1791358	0.1797773	66.42526	2.801341
842	0	-40.76977	-38.63721	-2.132566	0.04125011	0.5040665	0.4816727	16.80352	2.355545
843	1	-37.11633	-36.53884	-0.5774902	0.005942908	0.1078519	0.167493	116.6343	2.775598
844	0	-39.42576	-38.132	-1.293759	0.0113576	0.1928	0.3175774	61.02935	2.67349
845	1	-40.26183	-40.08181	-0.1800279	0.0032749	0.06147584	0.1168823	211.6545	4.041277
846	0	-40.17992	-38.77492	-1.405005	0.05691461	0.5996714	0.1864989	12.17872	3.153015
847	1	-39.11646	-37.8122	-1.304263	0.01830569	0.2861996	0.2909282	37.86511	1.994741
848	0	-41.47093	-37.91744	-3.553491	0.127942	0.8017672	0.5861479	5.417666	2.733917
849	1	-42.83196	-40.18178	-2.65017	0.06321075	0.6300458	0.592678	10.96565	1.640006
850	0	-39.73499	-37.59614	-2.138846	0.0672867	0.6477473	0.3355428	10.3014	2.271845
851	1	-42.00764	-38.44275	-3.564882	0.1138019	0.7782427	0.7239396	6.090822	2.478336
852	0	-38.19289	-37.43943	-0.7534535	0.002380386	0.04519939	0.2100256	291.1911	3.357899
853	1	-37.74288	-36.85089	-0.8919971	0.01315298	0.2185004	0.2071821	52.69886	2.223356
854	0	-41.26017	-38.27071	-2.989454	0.1078385	0.7667018	0.4429781	6.427644	3.26466
855	1	-38.1022	-37.05549	-1.046707	0.01227566	0.2060861	0.2448637	56.46514	2.71735
856	0	-37.16148	-36.81746	-0.3440164	0.007625661	0.1355127	0.1295021	90.89667	2.644962
857	1	-40.11326	-39.25208	-0.8611818	0.006622448	0.1191653	0.2203096	104.6663	1.057357
858	0	-37.66694	-36.8801	-0.7868402	0.006215166	0.1124082	0.2057055	111.5251	2.351972
859	1	-38.07593	-37.07579	-1.000141	0.01987471	0.3051674	0.2099335	34.87583	3.28976
860	0	-38.23893	-37.11814	-1.12079	0.01600164	0.2569904	0.2501724	43.31725	3.02998
861	1	-37.66196	-37.53454	-0.1274274	0.004313821	0.07991393	0.1092776	160.6806	3.010423
862	0	-38.71512	-37.40483	-1.310295	0.02694247	0.3822301	0.2590716	25.72694	1.991099
863	1	-37.69634	-37.2033	-0.4930357	0.01723889	0.272881	0.1312257	40.20834	2.63293
864	0	-37.54382	-37.08998	-0.4538435	0.01419504	0.2328971	0.1317261	48.83025	2.839661
865	1	-39.78784	-38.08857	-1.699267	0.03463607	0.4526909	0.3428854	20.01229	1.910552
866	0	-38.04485	-37.17899	-0.8658642	0.004226671	0.07838615	0.2289627	163.9937	2.681398
867	1	-42.98864	-40.57356	-2.41508	0.03876805	0.4856803	0.6617189	17.87934	2.487083
868	0	-40.56327	-39.07139	-1.491876	0.02086125	0.3167277	0.338522	33.22654	1.502624
869	1	-40.81536	-38.02867	-2.786687	0.08518569	0.7109329	0.4980735	8.136897	3.326948
870	0	-39.31303	-37.4677	-1.845334	0.06701136	0.6465961	0.2511693	10.34373	2.681397
871	1	-38.46516	-37.22681	-1.238347	0.01748377	0.2759691	0.2755505	39.64517	2.696148
872	0	-41.57527	-38.13387	-3.4414	0.1084445	0.7679247	0.6901476	6.391725	3.079575
873	1	-38.47783	-37.5135	-0.9643324	0.00590897	0.1072817	0.2467223	117.3042	3.080612
874	0	-38.66265	-37.91884	-0.7438019	0.02216326	0.3315678	0.157295	31.2746	3.437091
875	1	-39.33498	-37.95473	-1.380246	0.03064959	0.4177594	0.2636675	22.61522	3.622657
876	0	-39.74473	-38.7894	-0.9553237	0.02652839	0.3780655	0.1827251	26.1285	1.605952
877	1	-40.32886	-37.46108	-2.867783	0.09849395	0.7462458	0.4475778	7.037459	2.94106
878	0	-38.27498	-37.38465	-0.8903269	0.02643169	0.377087	0.1714603	26.2241	2.114274
879	1	-37.60608	-37.26978	-0.3362983	0.009618665	0.166778	0.124939	72.06272	2.262755
880	0	-39.34989	-38.27135	-1.078543	0.008331377	0.1467648	0.2672688	83.19719	1.683779
881	1	-37.62515	-36.63744	-0.9877099	0.01863921	0.2902925	0.2109903	37.18759	2.891319
882	0	-38.44253	-37.39489	-1.047638	0.02381783	0.3497664	0.2082182	29.10202	3.434256
883	1	-41.55376	-39.59733	-1.956431	0.08350668	0.70586	0.2223404	8.300499	3.00455
884	0	-38.33713	-37.03074	-1.306387	0.02592633	0.3719367	0.2617923	26.73526	2.267748
885	1	-43.3719	-39.98636	-3.385539	0.1394549	0.8176897	0.4211497	4.970403	2.512551
886	0	-37.71927	-36.95237	-0.7669028	0.008650638	0.1517893	0.1948255	80.12672	2.102596
887	1	-39.22212	-37.34663	-1.875487	0.04236125	0.5119728	0.3666802	16.36277	2.552685
888	0	-39.24159	-37.69063	-1.550955	0.02665074	0.3793002	0.330923	26.00856	3.106421
889	1	-39.41795	-37.70199	-1.715965	0.03133998	0.4240423	0.3652766	22.11702	2.711289
890	0	-39.04178	-37.34435	-1.697431	0.05494373	0.5893247	0.2569014	12.61558	3.175919
891	1	-40.07143	-38.92476	-1.146674	0.04319037	0.5177468	0.1748563	16.04865	3.425581
892	0	-38.00845	-37.05304	-0.9554055	0.008978949	0.156914	0.2341518	77.19691	2.738908
893	1	-37.85689	-37.03738	-0.8195039	0.01214018	0.2041446	0.195471	57.09528	2.028941
894	0	-38.87246	-37.31134	-1.561118	0.03526611	0.4579239	0.2959963	19.65477	2.158431
895	1	-38.65584	-37.52086	-1.134973	0.03894688	0.4870395	0.1834988	17.79725	3.141893
896	0	-38.44445	-37.13785	-1.306604	0.02117272	0.3203204	0.2800359	32.73775	2.722702
897	1	-37.3517	-36.65556	-0.6961347	0.009676749	0.1676657	0.1789026	71.63017	2.315715
898	0	-37.03898	-36.5517	-0.4872803	0.001956347	0.03735095	0.1619109	354.3068	2.528198
899	1	-40.15544	-37.87146	-2.283975	0.06582935	0.6415824	0.3960202	10.52945	3.389695
900	0	-37.23084	-36.92526	-0.3055797	0.004382498	0.08111546	0.1304609	158.1626	2.247803
901	1	-41.64997	-38.48505	-3.164923	0.08923606	0.7225607	0.686611	7.767568	2.529706
902	0	-36.98175	-36.55548	-0.4262749	0.0003738803	0.007286058	0.1557722	1853.928	2.499881
903	1	-38.99714	-37.19247	-1.804671	0.04232268	0.5117016	0.3417974	16.37768	2.980322
904	0	-39.75106	-38.64011	-1.110956	0.04453215	0.5268699	0.1655532	15.5651	3.213103
905	1	-39.88242	-37.89408	-1.988334	0.07589586	0.6808012	0.2556027	9.132872	2.843207
906	0	-40.9051	-38.6314	-2.2737	0.07904378	0.6915959	0.3252268	8.769156	2.147733
907	1	-40.66815	-38.08489	-2.58326	0.06611924	0.6428229	0.5320061	10.48329	2.476793
908	0	-42.1482	-40.60692	-1.541277	0.005935142	0.1077214	0.4391485	116.787	3.281981
909	1	-37.55831	-36.85953	-0.6987807	0.005906441	0.1072392	0.1891891	117.3545	3.094296
910	0	-37.39599	-36.90006	-0.4959276	0.01301728	0.216598	0.1396928	53.24822	2.905304
911	1	-42.80394	-41.92006	-0.8838773	0.006193791	0.1120516	0.2267356	111.91	0.2869355
912	0	-40.77597	-38.15446	-2.621507	0.08044181	0.6961908	0.4515023	8.616752	2.19022
913	1	-39.08244	-37.69741	-1.38503	0.01840775	0.2874557	0.3149462	37.65517	2.636365
914	0	-38.66743	-37.46224	-1.205195	0.02079259	0.3159321	0.2543926	33.33625	1.957212
915	1	-39.65785	-38.27379	-1.38406	0.01416835	0.232533	0.3340593	48.92224	2.963785
916	0	-42.30088	-39.1368	-3.164085	0.1016038	0.753404	0.5760661	6.822062	2.078555
917	1	-41.35783	-38.67475	-2.683078	0.06337207	0.6307742	0.6111117	10.93774	2.693273
918	0	-38.62939	-37.02779	-1.6016	0.05326308	0.5801583	0.2390331	13.01365	2.907415
919	1	-38.9365	-37.80419	-1.132315	0.01644992	0.262804	0.2514749	42.1368	3.554489
920	0	-43.02123	-38.83717	-4.184061	0.1497905	0.8300283	0.8087652	4.627443	2.452106
921	1	-37.69644	-37.04131	-0.6551269	0.01934867	0.2988888	0.149786	35.82403	2.335379
922	0	-38.04917	-36.70628	-1.34289	0.03394492	0.4468628	0.2424469	20.41976	2.950805
923	1	-40.76107	-39.44465	-1.316421	0.04507019	0.5304531	0.2017758	15.37928	1.77112
924	0	-39.86416	-37.28374	-2.580415	0.07914713	0.6919397	0.4413232	8.757705	2.946285
925	1	-37.57606	-36.93887	-0.6371987	0.01972709	0.3034136	0.1463401	35.13682	2.562288
926	0	-39.62778	-37.8337	-1.794078	0.04221353	0.510933	0.338718	16.42002	1.999553
927	1	-37.96395	-36.70545	-1.258497	0.03248463	0.4342394	0.2274699	21.3377	2.975612
928	0	-40.97417	-40.39908	-0.5750858	0.02050269	0.3125581	0.1360285	33.80762	3.889916
929	1	-37.37426	-36.60786	-0.7664047	0.01028519	0.176887	0.1902838	67.39275	2.834375
930	0	-39.71755	-38.56097	-1.156577	0.004390408	0.08125371	0.3055029	157.8776	2.115144
931	1	-39.7674	-37.31915	-2.448248	0.06904395	0.6549492	0.4460041	10.03922	2.806638
932	0	-38.21882	-37.40188	-0.8169375	0.0002857248	0.005574509	0.2305119	2425.926	2.729931
933	1	-38.99952	-37.49398	-1.505535	0.02505435	0.362903	0.323441	27.66575	2.745512
934	0	-38.98397	-39.12571	0.1417456	0.002359274	0.04481069	0.08582656	293.7968	3.097894
935	1	-37.43495	-36.87603	-0.558914	0.001112435	0.02147176	0.1760206	623.0899	3.115319
936	0	-38.09516	-37.45732	-0.6378457	0.005126222	0.09399219	0.1799778	135.216	1.739301
937	1	-37.33854	-37.22064	-0.1179019	0.0009714652	0.01878512	0.1134747	713.507	2.235575
938	0	-37.8173	-37.03769	-0.7796192	0.005697548	0.1037184	0.2057242	121.6571	3.121673
939	1	-38.43182	-38.12183	-0.3099914	0.005483252	0.1000869	0.1290159	126.4117	3.588266
940	0	-38.52553	-37.86801	-0.6575198	0.01820956	0.2850137	0.1525804	38.06501	3.458966
941	1	-38.2268	-37.26721	-0.9595865	0.008642778	0.1516661	0.236252	80.19958	2.197777
942	0	-38.64489	-37.47877	-1.166121	0.01361337	0.2249072	0.2707563	50.91663	3.061505
943	1	-38.24523	-37.11882	-1.126413	0.01669715	0.2659827	0.2491235	41.5129	3.071598
944	0	-37.28214	-36.52046	-0.761683	0.0133045	0.2206171	0.1814797	52.09869	2.767229
945	1	-40.34937	-38.01431	-2.335061	0.05457941	0.5873651	0.4885631	12.69979	2.595289
946	0	-40.36319	-39.1824	-1.180795	0.01009416	0.1740071	0.2887628	68.66812	4.007791
947	1	-39.35564	-37.81544	-1.540193	0.02643346	0.3771049	0.328387	26.22234	2.122594
948	0	-37.85671	-36.809	-1.047714	0.03211291	0.4309576	0.1852092	21.58469	2.5464
949	1	-39.382	-37.12383	-2.258169	0.06366525	0.6320918	0.3979114	10.88737	2.794002
950	0	-42.69345	-39.27916	-3.414284	0.1012892	0.7526967	0.7431255	6.843245	3.521783
951	1	-37.67799	-36.66512	-1.01287	0.02069807	0.3148346	0.2101641	33.48849	2.96265
952	0	-40.86785	-38.19688	-2.67097	0.07414109	0.6745002	0.518556	9.349029	3.335267
953	1	-38.20657	-36.9909	-1.215668	0.02138654	0.3227711	0.2549229	32.41045	2.340608
954	0	-40.40105	-37.88345	-2.517603	0.06981394	0.6580277	0.4728635	9.928493	2.305462
955	1	-37.395	-36.61402	-0.7809771	0.02025895	0.3097028	0.1677037	34.21437	2.692754
956	0	-42.62301	-38.92481	-3.6982	0.1337091	0.81006	0.6244153	5.183995	2.348507
957	1	-38.78763	-37.20003	-1.587605	0.03472726	0.453453	0.3062636	19.95974	3.106512
958	0	-37.79999	-36.63075	-1.169235	0.02853357	0.3978593	0.2199871	24.29234	2.471326
959	1	-40.63268	-38.81792	-1.814765	0.02986443	0.4104901	0.4117018	23.20979	1.949357
960	0	-39.83391	-38.23003	-1.603874	0.03247159	0.4341247	0.3213655	21.34627	1.774315
961	1	-37.58692	-36.87285	-0.714071	0.003582991	0.06699527	0.1985138	193.4549	2.909272
962	0	-39.69318	-37.42299	-2.270185	0.07061519	0.6611826	0.3650632	9.815837	3.194048
963	1	-39.23303	-37.86019	-1.372831	0.02332612	0.3444335	0.290245	29.71549	1.879154
964	0	-38.38009	-36.99572	-1.384373	0.03545683	0.4594931	0.2473758	19.54905	3.17898
965	1	-42.82441	-39.63316	-3.191247	0.1081328	0.7672973	0.5397767	6.410147	3.681051
966	0	-39.7784	-38.2364	-1.541996	0.03090781	0.4201212	0.3088301	22.42628	3.655989
967	1	-43.26424	-39.82592	-3.438322	0.09971159	0.7490927	0.7783596	6.951521	3.659501
968	0	-40.25109	-37.76733	-2.483765	0.08078352	0.6972959	0.39151	8.580304	3.280347
969	1	-37.3069	-37.00153	-0.305374	0.004801724	0.08840413	0.1296639	144.3538	3.066852
970	0	-38.90053	-37.47077	-1.429768	0.02823581	0.3949788	0.2866632	24.54852	3.324083
971	1	-39.36278	-37.94385	-1.418927	0.01764209	0.2779558	0.3293481	39.2894	2.773217
972	0	-37.97475	-36.87457	-1.100179	0.01776528	0.2794964	0.2390389	39.01695	2.420127
973	1	-38.21474	-37.06026	-1.154482	0.01640579	0.2622345	0.2572719	42.25015	2.545784
974	0	-38.45334	-37.6871	-0.7662317	0.03016294	0.4132696	0.1436743	22.98009	2.881612
975	1	-40.23256	-37.70107	-2.531492	0.09337296	0.7336114	0.3437445	7.423425	2.851322
976	0	-37.43681	-36.74852	-0.6882941	0.007297524	0.1302116	0.1835726	94.98388	3.037756
977	1	-39.13949	-37.40317	-1.736324	0.04370614	0.5212856	0.3130394	15.85926	2.1512
978	0	-37.81268	-37.15356	-0.6591183	0.0132879	0.2203855	0.1638274	52.1638	3.309196
979	1	-45.49536	-42.66026	-2.835103	0.04674198	0.5413218	0.8998457	14.82922	3.6862
980	0	-38.97163	-37.68442	-1.287215	0.01685397	0.2679891	0.2919365	41.12663	3.156476
981	1	-42.96456	-38.8835	-4.081055	0.1419859	0.8208675	0.8146439	4.881802	2.413171
982	0	-38.45846	-37.04585	-1.412606	0.03127693	0.4234726	0.2699365	22.16161	3.142175
983	1	-38.73121	-36.96725	-1.763965	0.04361943	0.5206935	0.3222072	15.89079	2.887414
984	0	-37.88694	-36.8002	-1.08674	0.01859793	0.2897878	0.2330901	37.27012	2.910621
985	1	-40.3748	-40.23753	-0.1372699	0.01419708	0.2329249	0.0959783	48.82323	1.961617
986	0	-39.15776	-37.99431	-1.163455	0.02245399	0.3348182	0.2383332	30.86966	3.684572
987	1	-38.59704	-37.68972	-0.9073159	0.001000566	0.01934053	0.2497807	692.7551	2.466479
988	0	-40.27683	-37.58645	-2.690372	0.07639048	0.6825398	0.5121796	9.073738	2.845339
989	1	-37.10098	-36.58741	-0.5135695	0.007297579	0.1302125	0.1541436	94.98317	2.420266
990	0	-38.23158	-37.05816	-1.173426	0.02024358	0.3095223	0.2483564	34.24034	3.115931
991	1	-40.60378	-38.27042	-2.333359	0.05538316	0.5916686	0.4822259	12.51549	3.274391
992	0	-41.57477	-39.46553	-2.109237	0.07411881	0.6744188	0.295784	9.351839	1.967369
993	1	-40.73213	-38.1293	-2.602824	0.07709471	0.6849875	0.464601	8.990852	2.189364
994	0	-38.72446	-37.17956	-1.544899	0.04125902	0.5041307	0.2675944	16.79989	2.189355
995	1	-40.88471	-38.36178	-2.522932	0.09160431	0.728984	0.3494369	7.566753	2.362104
996	0	-38.9395	-37.35989	-1.579604	0.03445623	0.4511833	0.3049885	20.11675	2.171939
997	1	-38.60625	-37.59155	-1.0147	0.02789485	0.3916556	0.1901962	24.84857	3.421256
998	0	-37.51488	-37.17258	-0.3423017	0.002840056	0.05361052	0.138322	244.0611	3.305623
999	1	-40.3004	-38.56285	-1.737545	0.03363904	0.4442537	0.3613178	20.60544	3.650767
1000	0	-37.99468	-36.71137	-1.283308	0.0277589	0.3903231	0.249282	24.97027	2.541742
1001	1	-38.84322	-37.35826	-1.484954	0.04889691	0.5547614	0.2262484	14.17568	2.320368
1002	0	-38.47417	-38.14518	-0.328985	0.01378304	0.2272497	0.1169429	50.28987	3.194211
1003	1	-39.01528	-36.94811	-2.067172	0.05883917	0.6093748	0.3519209	11.78037	2.7134
1004	0	-39.8738	-38.21059	-1.663209	0.03623648	0.4658376	0.3233485	19.12844	3.626649
1005	1	-40.20848	-38.9914	-1.217086	0.003808102	0.07100046	0.3272398	182.0191	2.052634
1006	0	-38.51864	-37.34125	-1.177391	0.01844927	0.2879657	0.2557439	37.57044	3.264011
1007	1	-40.4219	-39.65282	-0.7690741	0.0003038057	0.005925874	0.2196826	2281.548	0.8509759
1008	0	-38.88682	-38.06009	-0.8267352	0.0154489	0.249733	0.1878989	44.8671	1.591565
1009	1	-38.48663	-37.61891	-0.8677193	0.0003039814	0.005929287	0.2424575	2280.229	2.835137
1010	0	-38.65826	-36.90527	-1.752992	0.04920728	0.556646	0.2945023	14.08627	2.461834
1011	1	-37.5402	-36.93567	-0.6045294	0.002140246	0.0407653	0.1815802	323.8633	3.154179
1012	0	-39.30143	-38.17124	-1.130193	0.005868225	0.1065965	0.2914006	118.1187	2.239839
1013	1	-38.39412	-37.72007	-0.674047	0.001582032	0.03035072	0.1961933	438.1372	3.622333
1014	0	-37.23889	-36.5506	-0.6882913	0.01527383	0.2474137	0.164011	45.38135	2.663166
1015	1	-37.15059	-36.56034	-0.5902483	0.006444035	0.1162139	0.1684469	107.5642	2.44753
1016	0	-37.96533	-37.19453	-0.7707955	0.005633108	0.1026285	0.2041027	123.0488	3.280877
1017	1	-37.10665	-36.71524	-0.3914119	0.00112946	0.02179554	0.148838	613.698	3.034336
1018	0	-38.18975	-36.96417	-1.225576	0.02027552	0.3098975	0.2615337	34.18641	2.722828
1019	1	-37.51097	-37.37302	-0.1379408	0.003021695	0.05690671	0.1124667	229.3902	3.040539
1020	0	-38.5895	-37.02622	-1.56328	0.03431365	0.4499836	0.300655	20.20033	2.948583
1021	1	-38.31905	-37.06046	-1.258584	0.02157382	0.3249074	0.2653982	32.12908	2.972043
1022	0	-42.50287	-40.44672	-2.056152	0.03165335	0.4268609	0.5110233	21.89807	3.879223
1023	1	-37.75611	-37.01129	-0.7448212	0.0139942	0.2301514	0.1767152	49.53102	2.050799
1024	0	-37.52505	-36.59532	-0.9297336	0.01981868	0.3045025	0.1958158	34.97443	2.433093
1025	1	-39.12554	-37.35434	-1.771198	0.03733819	0.474613	0.354659	18.56403	2.699813
1026	0	-36.98227	-36.64854	-0.3337355	0.004051496	0.07530486	0.1348152	171.0843	2.732414
1027	1	-38.02439	-36.91935	-1.105047	0.02556095	0.3681742	0.2151579	27.11742	3.17885
1028	0	-39.60038	-37.14543	-2.454952	0.07739517	0.686022	0.3990406	8.955949	2.890022
1029	1	-38.54624	-37.33244	-1.213807	0.02424241	0.3543209	0.2443882	28.59234	1.988083
1030	0	-39.04736	-36.99865	-2.048703	0.06277202	0.628053	0.326811	11.0423	2.562468
1031	1	-39.14876	-38.0548	-1.09396	0.01248003	0.2090023	0.2559718	55.54051	3.626293
1032	0	-39.96809	-38.93898	-1.029115	0.006367941	0.1149511	0.2615334	108.8495	1.297401
1033	1	-42.20271	-39.88508	-2.317628	0.07119913	0.6634511	0.3796555	9.735332	1.690507
1034	0	-37.30143	-36.58528	-0.7161513	0.01360605	0.2248058	0.1726649	50.94405	2.414088
1035	1	-39.99007	-39.67724	-0.3128274	0.02075726	0.3155222	0.1042727	33.393	2.182131
1036	0	-37.9049	-36.72574	-1.179155	0.03399777	0.4473117	0.2056758	20.38802	2.91024
1037	1	-37.3596	-36.62944	-0.7301573	0.007351059	0.1310795	0.1912759	94.29215	2.640974
1038	0	-37.04938	-36.52029	-0.5290906	0.004553842	0.08410395	0.1627417	152.2115	2.583269
1039	1	-37.66164	-37.13042	-0.531213	0.01151742	0.1951349	0.1478086	60.18249	2.083348
1040	0	-40.45681	-38.30661	-2.1502	0.04608576	0.5371028	0.4578722	15.04038	2.250599
1041	1	-42.82049	-38.75676	-4.06373	0.1441118	0.8234556	0.776965	4.809786	3.342893
1042	0	-42.0562	-39.53259	-2.523606	0.04975652	0.5599505	0.6315279	13.93078	2.676203
1043	1	-38.88587	-37.64416	-1.241708	0.03719342	0.4734724	0.2092881	18.63628	3.38435
1044	0	-39.21214	-37.39071	-1.821431	0.06365369	0.63204	0.2571488	10.88935	3.020106
1045	1	-39.48217	-37.54055	-1.941626	0.044252	0.5249872	0.3814271	15.66364	3.068697
1046	0	-38.25994	-36.70476	-1.555177	0.04522437	0.5314722	0.255631	15.32685	2.636622
1047	1	-40.12028	-39.16827	-0.9520089	0.01943049	0.2998707	0.2013276	35.67317	1.298185
1048	0	-39.37561	-37.29947	-2.076134	0.07196173	0.6663754	0.2950068	9.632164	2.958919
1049	1	-42.27003	-40.66563	-1.604402	0.0196833	0.3028921	0.385197	35.21499	0.9930924
1050	0	-38.72228	-37.70023	-1.022044	0.03952254	0.491378	0.1625761	17.53802	2.547377
1051	1	-37.81524	-37.43489	-0.3803451	0.006201315	0.1121772	0.1370226	111.7742	1.905081
1052	0	-38.00845	-37.46313	-0.5453164	0.006006444	0.108918	0.1620444	115.4006	1.755774
1053	1	-40.25542	-38.29556	-1.95986	0.03683649	0.470644	0.431344	18.81686	3.041253
1054	0	-37.84601	-37.11847	-0.7275443	0.01047095	0.1796743	0.1825515	66.19714	3.345692
1055	1	-39.47992	-37.12108	-2.358833	0.07344077	0.6719262	0.3832947	9.43818	2.938792
1056	0	-38.46169	-36.89252	-1.569172	0.03665963	0.4692341	0.2925736	18.90764	2.51367
1057	1	-38.74963	-37.43687	-1.312755	0.0181949	0.2848325	0.2938688	38.09569	2.569296
1058	0	-39.372	-37.29529	-2.07671	0.06158727	0.6225826	0.3417654	11.25472	2.347829
1059	1	-37.91263	-37.95275	0.0401128	0.001694957	0.03246975	0.09590379	408.9467	2.898785
1060	0	-38.02899	-36.8823	-1.146696	0.02494345	0.3617406	0.2262734	27.78875	3.137569
1061	1	-37.05475	-36.89863	-0.1561204	0.0003255993	0.006349165	0.1189761	2128.835	2.865312
1062	0	-39.3208	-37.5205	-1.800302	0.06600676	0.6423424	0.2435411	10.50115	2.68838
1063	1	-37.57096	-36.99217	-0.5787903	0.004390628	0.08125756	0.171429	157.8697	2.004305
1064	0	-37.95343	-37.10984	-0.8435887	0.004219722	0.07826419	0.2239408	164.2637	2.569685
1065	1	-37.02664	-36.84706	-0.1795744	0.0003760057	0.007327274	0.1217128	1843.449	2.382549
1066	0	-39.03901	-37.61693	-1.422077	0.03763422	0.4769337	0.2490999	18.41801	1.964168
1067	1	-38.74075	-37.66027	-1.080478	0.007876492	0.1395352	0.2695128	88.00202	2.92324
1068	0	-38.72312	-37.24966	-1.473458	0.05199831	0.5730427	0.2140751	13.33019	2.868899
1069	1	-41.47495	-38.80652	-2.668432	0.0659063	0.6419124	0.5810489	10.51716	2.190478
1070	0	-38.43319	-37.03301	-1.400174	0.04468629	0.5279007	0.2205961	15.51141	3.025421
1071	1	-37.77418	-36.66687	-1.107309	0.02150551	0.3241293	0.2283597	32.23114	2.824264
1072	0	-39.07615	-38.08771	-0.988443	0.03454156	0.4518994	0.1686638	20.06705	2.08146
1073	1	-39.34941	-39.12444	-0.2249649	0.01769552	0.2786246	0.09972315	39.17077	2.498867
1074	0	-38.13989	-36.92885	-1.211034	0.02274688	0.3380699	0.2489149	30.47218	2.320978
1075	1	-40.20698	-38.94834	-1.258637	0.006990551	0.1252122	0.3261277	99.15487	1.84487
1076	0	-38.72635	-37.04663	-1.679724	0.05664664	0.5982894	0.2463935	12.23633	2.851752
1077	1	-40.66392	-39.13545	-1.528468	0.01345092	0.2226549	0.3898882	51.53157	2.960715
1078	0	-44.48741	-41.64917	-2.838249	0.07869996	0.6904476	0.574746	8.807465	1.354947
1079	1	-42.22715	-38.86999	-3.357163	0.1027954	0.7560508	0.6870921	6.742979	2.239179
1080	0	-37.96204	-36.70355	-1.258494	0.02655132	0.3782971	0.2473562	26.10594	2.574405
1081	1	-38.61728	-37.24423	-1.373051	0.02467976	0.3589644	0.2848105	28.08565	3.078927
1082	0	-39.01253	-37.6238	-1.388729	0.04590077	0.5359025	0.2143762	15.10099	2.202684
1083	1	-37.32599	-37.05407	-0.2719241	0.005617855	0.1023702	0.123961	123.3829	2.976688
1084	0	-41.36584	-38.09635	-3.269486	0.1132585	0.7772349	0.5429346	6.120047	3.239155
1085	1	-38.18122	-36.81889	-1.362327	0.04124396	0.5040222	0.2229869	16.80603	2.943674
1086	0	-41.04439	-38.38851	-2.655881	0.1038051	0.7582534	0.3359367	6.677393	2.966609
1087	1	-38.20337	-36.85653	-1.346848	0.04330039	0.5185051	0.2132754	16.00787	2.798357
1088	0	-41.43931	-38.70271	-2.736602	0.07175624	0.6655917	0.5727036	9.659748	2.158225
1089	1	-41.63339	-38.34262	-3.290764	0.1062656	0.7634724	0.6121937	6.52278	3.332512
1090	0	-39.14731	-37.16134	-1.985968	0.05492002	0.5891977	0.3429431	12.62103	3.106441
1091	1	-38.1081	-37.64153	-0.4665693	0.01073693	0.1836425	0.1400921	64.5573	3.410323
1092	0	-37.9413	-36.75698	-1.184323	0.02749049	0.3876797	0.2266465	25.21407	2.33899
1093	1	-38.14428	-37.74457	-0.3997112	0.008991142	0.1571035	0.1343036	77.09223	1.863727
1094	0	-40.31515	-39.42561	-0.8895489	0.008363925	0.1472789	0.2211411	82.87344	1.020317
1095	1	-39.01672	-37.7694	-1.247321	0.02416431	0.3534866	0.2529964	28.68475	1.792492
1096	0	-38.49811	-36.80077	-1.697345	0.04870366	0.5535815	0.2805508	14.23193	2.546985
1097	1	-39.86448	-37.7559	-2.108582	0.07832877	0.6891995	0.278524	8.849203	2.955857
1098	0	-38.63062	-37.51429	-1.116327	0.01713686	0.2715888	0.2450964	40.44774	1.904236
1099	1	-37.19549	-36.5333	-0.662194	0.0115593	0.1957452	0.1683942	59.96445	2.804011
1100	0	-39.82899	-37.35783	-2.471158	0.07520059	0.6783297	0.4183295	9.217311	3.086796
1101	1	-37.55549	-36.65409	-0.9014036	0.02523532	0.3647933	0.176325	27.46734	2.717865
1102	0	-38.58094	-37.34854	-1.232394	0.0239207	0.3508741	0.2501071	28.97688	3.363899
1103	1	-37.7973	-36.93114	-0.8661557	0.02643033	0.3770732	0.1673688	26.22544	2.429194
1104	0	-37.6807	-36.85614	-0.8245593	0.01180982	0.1993827	0.1973807	58.69243	3.130769
1105	1	-37.55959	-37.48079	-0.07880176	0.003598084	0.06726454	0.1051488	192.6434	2.793018
1106	0	-41.8591	-38.90114	-2.957964	0.07495855	0.6774616	0.6829997	9.247073	3.11672
1107	1	-37.56966	-36.89188	-0.6777801	0.00934561	0.1625872	0.1764724	74.16821	3.201535
1108	0	-39.35129	-37.58611	-1.765175	0.03734751	0.4746863	0.3524829	18.5594	2.260404
1109	1	-39.04212	-38.65502	-0.3871063	0.01947602	0.3004163	0.1143642	35.58977	3.128589
1110	0	-36.96649	-36.5863	-0.3801891	0.004270064	0.07914728	0.1407902	162.3271	2.550542
1111	1	-37.54659	-37.01256	-0.5340298	0.01694186	0.2691101	0.1372919	40.91329	2.612801
1112	0	-38.14494	-37.01357	-1.131373	0.01903944	0.2951603	0.2422139	36.40586	2.241561
1113	1	-41.04442	-38.40058	-2.643841	0.08196262	0.7010564	0.4518867	8.45687	3.494193
1114	0	-38.79056	-37.49301	-1.297553	0.04835208	0.5514224	0.1890343	14.33542	2.688124
1115	1	-37.44926	-36.98486	-0.4644016	0.006393873	0.1153817	0.1486334	108.408	2.067475
1116	0	-37.91258	-36.71938	-1.193197	0.02675581	0.3803578	0.2310523	25.90642	2.392245
1117	1	-37.72957	-37.07762	-0.6519515	0.004062379	0.0754967	0.1852984	170.6259	1.989691
1118	0	-41.2289	-39.43215	-1.796755	0.02133426	0.3221731	0.4561343	32.48987	2.662759
1119	1	-38.2394	-37.03037	-1.209031	0.02398271	0.3515406	0.2441177	28.90195	3.178556
1120	0	-38.73673	-37.55694	-1.179791	0.04380456	0.5219563	0.1791827	15.82363	2.519974
1121	1	-38.23259	-37.73585	-0.4967448	0.01875766	0.2917382	0.1289177	36.95275	3.078509
1122	0	-41.34353	-40.77387	-0.5696547	0.004931879	0.09065108	0.1685762	140.5442	0.7084153
1123	1	-38.02861	-37.03281	-0.9957979	0.0161905	0.2594475	0.22019	42.81197	3.21327
1124	0	-38.40119	-37.84871	-0.5524852	0.01822604	0.2852172	0.1373351	38.03059	2.042136
1125	1	-38.54071	-37.52831	-1.012403	0.009009541	0.1573894	0.2477783	76.9348	2.057021
1126	0	-39.11461	-38.05359	-1.06102	0.02408234	0.3526092	0.2102364	28.78239	1.678897
1127	1	-41.69434	-40.19756	-1.496785	0.0254585	0.3671133	0.3187979	27.22656	4.323343
1128	0	-39.56013	-37.66492	-1.895208	0.06655197	0.6446614	0.2657326	10.41513	2.406482
1129	1	-37.51762	-36.87668	-0.6409392	0.004676519	0.08623554	0.181686	148.2186	2.134491
1130	0	-38.50957	-36.77407	-1.735496	0.05255218	0.5761822	0.2760387	13.18969	2.780136
1131	1	-39.21849	-37.30642	-1.91207	0.05026239	0.5629598	0.3401751	13.79057	3.196163
1132	0	-38.49926	-36.80106	-1.6982	0.04399847	0.5232735	0.3000878	15.75389	2.649857
1133	1	-39.4938	-37.47319	-2.02061	0.0474815	0.5460048	0.3943678	14.59826	2.962803
1134	0	-37.85962	-37.22181	-0.6378132	0.01978672	0.3041227	0.1463068	35.03093	3.06458
1135	1	-37.84157	-36.77002	-1.071555	0.01727487	0.2733359	0.2339085	40.1246	2.666792
1136	0	-37.2819	-36.6057	-0.6762006	0.01604552	0.2575623	0.1602831	43.1988	2.753117
1137	1	-40.41711	-38.3168	-2.10031	0.04916944	0.5564169	0.4170222	14.09711	3.486823
1138	0	-39.1314	-37.37193	-1.75946	0.04839977	0.5517162	0.299814	14.32129	2.171998
1139	1	-41.52841	-39.13203	-2.396386	0.04733225	0.5450657	0.5754588	14.64429	2.778727
1140	0	-39.46502	-38.26811	-1.196915	0.006950622	0.124559	0.3067801	99.72448	2.444635
1141	1	-38.54151	-37.24612	-1.295384	0.02053402	0.3129238	0.2794212	33.75605	2.973007
1142	0	-40.09722	-37.53325	-2.563968	0.07248756	0.6683669	0.4769462	9.562292	3.005806
1143	1	-40.88585	-38.04964	-2.836205	0.07922505	0.6921985	0.5693338	8.749091	2.484372
1144	0	-41.55012	-37.91152	-3.638597	0.1324937	0.8083676	0.5984729	5.231548	2.912925
1145	1	-40.09504	-37.57645	-2.51859	0.06814922	0.6513133	0.4845931	10.17102	2.698117
1146	0	-41.22762	-37.76461	-3.463019	0.1211047	0.7910068	0.5897422	5.723538	2.81844
1147	1	-39.94239	-37.77439	-2.167995	0.05008836	0.5619282	0.4404709	13.83849	2.942767
1148	0	-37.79249	-36.93395	-0.8585366	0.01704434	0.2704143	0.1896477	40.66729	3.216409
1149	1	-38.63462	-37.54184	-1.092782	0.02407073	0.3524849	0.2170566	28.79626	3.501609
1150	0	-37.32477	-36.51297	-0.8118013	0.01773653	0.2791372	0.1792273	39.08021	2.683834
1151	1	-38.00241	-36.83884	-1.163568	0.02123671	0.3210552	0.2424941	32.6391	2.942157
1152	0	-37.11738	-36.84832	-0.2690607	0.004441649	0.08214863	0.1256775	156.0563	2.451925
1153	1	-37.57288	-36.76287	-0.8100137	0.02217784	0.3317314	0.1680277	31.25404	2.918866
1154	0	-37.04775	-36.53521	-0.5125388	0.003431139	0.06428034	0.162629	202.0166	2.723897
1155	1	-41.48241	-39.40889	-2.073516	0.04179675	0.5079806	0.4505607	16.58376	1.643916
1156	0	-41.56656	-39.87777	-1.688787	0.01594676	0.2562743	0.441829	43.46634	3.302505
1157	1	-38.83167	-37.24879	-1.582879	0.03888512	0.4865707	0.2874318	17.82551	3.262996
1158	0	-37.74748	-36.73159	-1.015887	0.01616143	0.25907	0.2247504	42.88898	2.785147
1159	1	-40.4104	-38.3501	-2.060303	0.08154262	0.6997262	0.2536173	8.500428	2.896245
1160	0	-39.19105	-37.38167	-1.80938	0.04120601	0.5037486	0.3488708	16.82151	2.341032
1161	1	-37.12352	-36.53611	-0.5874035	0.007789522	0.1381434	0.1648061	88.98456	2.805447
1162	0	-37.63686	-36.76155	-0.8753078	0.01900756	0.2947743	0.1875803	36.46692	3.081338
1163	1	-39.05271	-37.56168	-1.491025	0.0267567	0.3803668	0.3112074	25.90556	3.194906
1164	0	-38.36902	-37.32282	-1.0462	0.01821219	0.2850462	0.2250525	38.05951	1.936215
1165	1	-38.25862	-37.21551	-1.043112	0.02143257	0.3232971	0.214381	32.34083	3.3614
1166	0	-38.99601	-37.226	-1.770018	0.04055761	0.499039	0.3384917	17.09044	2.433092
1167	1	-41.97915	-40.232	-1.747155	0.03783804	0.4785226	0.3437977	18.31879	1.190428
1168	0	-39.24496	-37.18327	-2.061696	0.05259124	0.5764022	0.3822938	13.1799	2.766511
1169	1	-38.23004	-37.02609	-1.203957	0.01875799	0.2917421	0.2614861	36.95211	2.549688
1170	0	-37.33292	-36.97511	-0.3578094	0.003715822	0.06936142	0.1387565	186.5394	3.173586
1171	1	-37.28982	-36.87175	-0.4180699	0.01057072	0.1811659	0.1337735	65.57237	2.812286
1172	0	-38.94757	-38.85758	-0.08999332	0.01020778	0.1757216	0.09685343	67.90383	2.24815
1173	1	-37.06677	-36.63651	-0.4302606	0.001642172	0.03148001	0.1536173	422.0917	2.946409
1174	0	-38.18435	-37.82979	-0.3545548	0.009605066	0.1665699	0.1272653	72.16475	1.929858
1175	1	-38.22461	-37.58885	-0.6357574	0.02421915	0.3540726	0.1371448	28.6198	2.414961
1176	0	-37.95948	-37.10874	-0.8507425	0.01540951	0.249212	0.1925716	44.98179	1.994476
1177	1	-39.62854	-38.12235	-1.506192	0.05378012	0.5830129	0.2157005	12.88854	2.211328
1178	0	-38.69009	-38.46916	-0.2209256	0.01492825	0.2428056	0.1032806	46.43193	2.583335
1179	1	-38.06	-37.19876	-0.861237	0.01906694	0.295493	0.1848042	36.35335	3.342785
1180	0	-38.58389	-37.7002	-0.8836957	0.01349041	0.2232033	0.2044923	51.38072	1.696115
1181	1	-37.32505	-36.68208	-0.6429761	0.00674563	0.1211951	0.1768122	102.755	2.988994
1182	0	-39.72914	-37.55013	-2.179009	0.06577036	0.6413291	0.3568561	10.5389	2.268418
1183	1	-37.20818	-36.71661	-0.4915714	0.005581278	0.1017506	0.1544903	124.1915	3.039719
1184	0	-39.6588	-38.15438	-1.504426	0.01924995	0.2977016	0.3506894	36.00774	2.526438
1185	1	-38.40211	-36.8117	-1.590412	0.04308728	0.5170346	0.2729147	16.08705	2.465554
1186	0	-37.27306	-36.56795	-0.7051124	0.01509107	0.2449816	0.1672243	45.93096	2.502066
1187	1	-38.17467	-38.08569	-0.08897922	0.0009375541	0.01813736	0.1102926	739.3144	1.829156
1188	0	-38.65943	-36.85348	-1.805952	0.05504365	0.5898596	0.2859459	12.59268	2.90496
1189	1	-39.57847	-38.80989	-0.7685852	0.002573169	0.04873918	0.2126479	269.3749	1.178521
1190	0	-37.39573	-36.68651	-0.7092206	0.01716601	0.2719583	0.1630625	40.37904	2.907971
1191	1	-39.05917	-37.14073	-1.918446	0.04984799	0.5604971	0.3443611	13.90522	3.050405
1192	0	-40.09817	-39.28809	-0.8100834	0.01485017	0.241759	0.1863655	46.67605	1.222612
1193	1	-39.79526	-37.81615	-1.979108	0.05525102	0.5909661	0.3390097	12.54542	2.064677
1194	0	-39.43922	-37.74171	-1.697509	0.04471686	0.5281048	0.2968527	15.5008	3.471701
1195	1	-39.5771	-37.77312	-1.803975	0.03452717	0.4517787	0.3813213	20.07541	2.531658
1196	0	-38.28682	-36.99303	-1.293788	0.02368566	0.348339	0.266828	29.26443	2.418577
1197	1	-43.07433	-39.66695	-3.407383	0.08856196	0.720683	0.8833753	7.826692	3.095198
1198	0	-38.59222	-37.31081	-1.281406	0.02042001	0.3115914	0.2759867	33.94451	3.102084
1199	1	-38.85927	-38.19799	-0.6612875	0.00674696	0.121217	0.1800763	102.7347	3.849895
1200	0	-38.83351	-37.52344	-1.31007	0.04904084	0.5556369	0.189562	14.13408	2.695948
1201	1	-38.3381	-36.94525	-1.392851	0.02925275	0.4047337	0.2723331	23.69511	2.389925
1202	0	-41.07634	-38.7917	-2.284644	0.06393588	0.6333012	0.4070279	10.84129	1.850964
1203	1	-37.8891	-37.20044	-0.6886665	0.002354985	0.04473169	0.1969207	294.3318	1.989964
1204	0	-39.26441	-37.97149	-1.292921	0.04901036	0.5554517	0.1864191	14.14287	2.388139
1205	1	-38.22847	-37.6911	-0.5373639	0.006465766	0.1165742	0.1597211	107.2026	3.613169
1206	0	-41.07614	-38.05248	-3.023658	0.08609002	0.7136024	0.6232479	8.051423	2.905942
1207	1	-39.6552	-38.77063	-0.8845751	0.03268803	0.4360233	0.1560572	21.20492	1.951625
1208	0	-37.4425	-36.57808	-0.8644214	0.01943934	0.2999768	0.184421	35.65693	2.465388
1209	1	-38.58452	-37.10559	-1.478938	0.0370335	0.472208	0.2659216	18.71676	3.220935
1210	0	-39.48083	-37.51186	-1.968972	0.06668746	0.6452339	0.285528	10.39397	3.161093
1211	1	-38.80704	-37.52817	-1.278872	0.03061442	0.4174367	0.2383669	22.6412	3.46478
1212	0	-38.13741	-37.09809	-1.039328	0.01901786	0.294899	0.2209821	36.44717	3.278538
1213	1	-39.32828	-38.20632	-1.121962	0.02345327	0.3458185	0.2254415	29.55439	3.755852
1214	0	-37.88232	-36.86611	-1.016203	0.01371258	0.226278	0.2327347	50.54829	2.734825
1215	1	-39.64176	-37.66843	-1.973337	0.05165431	0.5710741	0.3546264	13.41896	3.361541
1216	0	-41.46437	-40.37371	-1.090651	0.01298598	0.2161582	0.2533094	53.37658	0.8007244
1217	1	-38.51032	-37.00991	-1.500405	0.04971893	0.5597256	0.2271187	13.94131	2.904321
1218	0	-40.64682	-39.02362	-1.623204	0.06750926	0.6486733	0.1997294	10.26744	3.062886
1219	1	-37.62402	-36.96437	-0.6596519	0.02041382	0.311519	0.1482183	33.9548	2.846501
1220	0	-37.89964	-36.76885	-1.130788	0.03293733	0.4381984	0.1989222	21.04442	2.465951
1221	1	-37.74429	-37.05568	-0.6886086	0.006494372	0.117048	0.1857255	106.7304	1.994845
1222	0	-39.92003	-37.75904	-2.160985	0.05070471	0.5655645	0.4336021	13.67027	3.037708
1223	1	-38.33484	-37.07921	-1.255635	0.03262753	0.4354936	0.2263623	21.24424	3.239173
1224	0	-39.71718	-39.11748	-0.5997061	0.02609673	0.3736801	0.128826	26.56069	2.005957
1225	1	-41.39018	-40.03422	-1.355956	0.02728971	0.3856913	0.2698484	25.39958	1.10897
1226	0	-40.347	-39.08071	-1.266293	0.02830614	0.395661	0.2431891	24.48752	3.985952
1227	1	-37.10594	-36.73426	-0.371678	0.001439851	0.02767384	0.1452912	481.4021	3.04121
1228	0	-40.29212	-37.50751	-2.784606	0.09616105	0.7406261	0.4256546	7.208191	3.011011
1229	1	-37.57721	-36.94911	-0.6281079	0.00161788	0.03102406	0.1872894	428.4294	2.158537
1230	0	-39.82445	-37.64285	-2.181597	0.06050946	0.6174906	0.3853827	11.45519	2.222065
1231	1	-39.13214	-37.63792	-1.494223	0.03233348	0.4329083	0.288553	21.43745	3.443305
1232	0	-38.49216	-37.19584	-1.296314	0.04572954	0.5347872	0.1959258	15.15754	2.673516
1233	1	-37.85385	-36.78304	-1.070808	0.01815281	0.2843123	0.2308531	38.18401	2.438732
1234	0	-42.11876	-38.82955	-3.289213	0.1326629	0.808605	0.420989	5.224874	2.863237
1235	1	-38.71844	-36.92143	-1.797002	0.04755633	0.5464744	0.3150144	14.57529	2.952077
1236	0	-38.42906	-37.05841	-1.370653	0.02670391	0.3798358	0.2761193	25.95676	2.348885
1237	1	-37.51835	-36.92958	-0.5887708	0.01162505	0.1967021	0.1563279	59.62531	3.159575
1238	0	-39.74047	-38.02132	-1.719154	0.03356758	0.4436415	0.3550918	20.64931	3.383305
1239	1	-38.84173	-38.60809	-0.233636	0.01444647	0.2363153	0.105316	47.98038	3.042321
1240	0	-38.8025	-36.92338	-1.879126	0.05132946	0.5692019	0.3242268	13.50389	2.555087
1241	1	-38.48767	-37.02722	-1.460447	0.02929886	0.4051706	0.2911883	23.65782	2.868792
1242	0	-37.76364	-36.72571	-1.037925	0.03045258	0.4159479	0.1877573	22.76153	2.840106
1243	1	-37.8425	-36.643	-1.199501	0.03398236	0.4471808	0.209949	20.39727	2.812364
1244	0	-38.04469	-37.04642	-0.9982688	0.01124958	0.1912165	0.2366915	61.61536	2.409252
1245	1	-41.61463	-38.68585	-2.928785	0.09009257	0.7249146	0.5356769	7.693722	3.525052
1246	0	-38.62336	-37.40065	-1.222708	0.02258793	0.3363081	0.2524037	30.68661	3.376732
1247	1	-38.8336	-36.94633	-1.887262	0.054562	0.587271	0.312285	12.70385	3.001498
1248	0	-40.97376	-38.74813	-2.22563	0.04333253	0.5187262	0.5133269	15.996	2.571036
1249	1	-40.82138	-38.93945	-1.881932	0.02853456	0.3978688	0.448654	24.2915	2.359574
1250	0	-37.06954	-36.68156	-0.3879824	0.002581584	0.04889327	0.1453168	268.4969	2.288811
1251	1	-40.8834	-37.68893	-3.19447	0.1021758	0.754681	0.5890601	6.783871	2.892706
1252	0	-37.33829	-36.78835	-0.5499444	0.002656055	0.05025564	0.1706861	260.9687	3.084044
1253	1	-38.65752	-37.20697	-1.450549	0.03158992	0.426292	0.2791387	21.94204	2.173527
1254	0	-39.67967	-38.44672	-1.232944	0.007783896	0.1380533	0.3143131	89.04887	3.101711
1255	1	-37.00177	-36.546	-0.4557704	0.001959469	0.03740905	0.1568817	353.7423	2.767153
1256	0	-42.69763	-40.71807	-1.979563	0.02720298	0.3848295	0.504059	25.48056	3.95549
1257	1	-40.61706	-39.54074	-1.076325	0.007417777	0.1321595	0.2701406	93.44406	4.225901
1258	0	-37.82883	-37.13973	-0.6891004	0.007004157	0.1254346	0.1844836	98.96226	3.351505
1259	1	-37.25327	-36.98592	-0.2673501	0.002530646	0.04795991	0.1288957	273.9013	2.17101
1260	0	-38.78789	-37.58199	-1.205905	0.01295758	0.215759	0.2843671	53.49355	2.46624
1261	1	-38.84062	-37.02706	-1.813562	0.05961456	0.6131769	0.2701137	11.62715	2.930016
1262	0	-38.07735	-37.02946	-1.047889	0.02943506	0.4064581	0.1923831	23.54835	3.156383
1263	1	-40.48599	-38.55537	-1.930613	0.07818658	0.6887191	0.2335846	8.865296	2.812662
1264	0	-39.63765	-37.98588	-1.651778	0.02950573	0.4071245	0.3515595	23.49195	2.103477
1265	1	-39.60658	-38.68178	-0.9247947	0.007707433	0.1368269	0.2312086	89.93229	1.298123
1266	0	-40.12926	-37.81414	-2.315123	0.07552849	0.6794993	0.3562393	9.177295	3.313638
1267	1	-38.32992	-37.01451	-1.315405	0.02307378	0.3416721	0.2750256	30.04046	2.667527
1268	0	-37.81191	-37.22504	-0.5868706	0.01914126	0.2963911	0.1403137	36.21221	2.360051
1269	1	-38.09418	-37.03377	-1.060405	0.01301054	0.2165033	0.2456771	53.27582	2.641751
1270	0	-39.22966	-37.71577	-1.513891	0.0286043	0.3985405	0.3102027	24.23227	3.360165
1271	1	-39.53835	-38.29009	-1.248257	0.01112272	0.1893513	0.3044595	62.31813	3.329284
1272	0	-38.30275	-36.93849	-1.364253	0.03849127	0.4835658	0.2322753	18.00791	3.11376
1273	1	-37.22423	-36.55722	-0.6670066	0.01231245	0.2066121	0.1674159	56.29644	2.464301
1274	0	-39.54324	-38.25407	-1.289171	0.04038381	0.4977651	0.20979	17.16398	3.527404
1275	1	-38.04941	-37.01262	-1.036793	0.02674129	0.3802119	0.1976394	25.92048	3.203329
1276	0	-40.33359	-37.92211	-2.41148	0.05990376	0.6145796	0.4891532	11.57101	3.040588
1277	1	-38.00739	-37.18987	-0.8175154	0.007319068	0.130561	0.2088313	94.7043	2.012457
1278	0	-39.55441	-37.95538	-1.59903	0.02475597	0.3597686	0.3566398	27.99919	2.470175
1279	1	-37.75446	-36.65574	-1.098723	0.02525816	0.3650313	0.2147179	27.44251	2.410856
1280	0	-39.42687	-37.54511	-1.881759	0.05626827	0.596325	0.3031751	12.31861	3.329807
1281	1	-40.76027	-38.87722	-1.883054	0.02840643	0.3966318	0.4499713	24.40107	2.715971
1282	0	-42.16947	-40.69277	-1.4767	0.03157936	0.4261972	0.2865773	21.94937	1.011618
1283	1	-37.35453	-36.5777	-0.776827	0.01103708	0.1880888	0.1902459	62.80168	2.783913
1284	0	-43.71059	-39.62076	-4.089828	0.129035	0.803391	0.9868028	5.371778	3.454842
1285	1	-38.24913	-37.2315	-1.017638	0.01929768	0.2982759	0.2153875	35.91868	3.370795
1286	0	-42.79387	-39.75429	-3.039584	0.08761104	0.7179959	0.619792	7.911642	3.777323
1287	1	-37.48576	-37.17904	-0.3067177	0.008152265	0.1439281	0.1238362	85.0251	2.990001
1288	0	-41.23643	-38.35744	-2.878993	0.07637945	0.6825013	0.6185958	9.075048	2.545172
1289	1	-37.41908	-36.92968	-0.4894093	0.01090745	0.1861727	0.1429838	63.54802	3.052041
1290	0	-39.78325	-38.2817	-1.501549	0.03419941	0.4490195	0.2831132	20.26781	1.693813
1291	1	-38.58686	-37.45739	-1.129474	0.01140172	0.1934455	0.2692967	60.7932	2.431848
1292	0	-38.15809	-37.25594	-0.9021546	0.004943422	0.09084998	0.2350327	140.2161	2.807958
1293	1	-39.6758	-39.04305	-0.6327461	0.004986108	0.09158505	0.1794171	139.0157	1.12521
1294	0	-37.56769	-37.06018	-0.5075095	0.003646773	0.06813244	0.161321	190.0714	1.950402
1295	1	-37.67837	-36.99742	-0.6809482	6.674337e-05	0.001305891	0.2018262	10385.26	2.457196
1296	0	-39.01114	-38.02643	-0.9847109	0.002621403	0.04962205	0.2637712	264.4184	3.197719
1297	1	-37.15895	-36.65516	-0.5037878	0.002621317	0.04962048	0.1630669	264.4271	2.961058
1298	0	-38.95752	-38.30698	-0.6505374	0.0129329	0.2154117	0.1632443	53.59567	3.759516
1299	1	-39.0717	-37.5348	-1.536908	0.04648338	0.5396664	0.2465787	14.91172	3.338783
1300	0	-41.2142	-39.27364	-1.940561	0.03948001	0.4910593	0.4075911	17.55692	1.579816
1301	1	-41.75663	-39.75815	-1.998478	0.02710716	0.3838753	0.5143797	25.57063	2.593339
1302	0	-38.19919	-36.70126	-1.497938	0.04125442	0.5040975	0.2553349	16.80177	2.886711
1303	1	-39.12384	-37.97706	-1.14678	0.01083946	0.1851651	0.2761827	63.94667	1.921733
1304	0	-38.0128	-36.96511	-1.047692	0.02629087	0.375658	0.2010806	26.36456	2.181746
1305	1	-38.82569	-38.63921	-0.1864785	0.01431402	0.2345173	0.100653	48.42435	2.527808
1306	0	-38.45812	-37.17187	-1.28625	0.03082709	0.4193844	0.2394118	22.485	3.298345
1307	1	-37.37327	-36.76007	-0.6131967	0.006457588	0.1164386	0.1723242	107.3384	3.088031
1308	0	-38.27257	-37.88356	-0.3890032	0.01486782	0.2419958	0.1222882	46.62063	2.166926
1309	1	-40.94138	-39.85599	-1.085383	0.006582795	0.1185105	0.2758328	105.2968	0.949813
1310	0	-37.40581	-36.74436	-0.6614499	0.005302604	0.09701012	0.183818	130.7183	2.287828
1311	1	-39.07717	-38.03143	-1.045736	0.003582076	0.06697895	0.2765902	193.5043	2.955154
1312	0	-37.5218	-36.8707	-0.6511004	0.006994325	0.1252739	0.1776294	99.10137	2.109279
1313	1	-38.48872	-36.99086	-1.49786	0.03744182	0.4754272	0.2694426	18.51264	2.28296
1314	0	-37.31667	-36.87543	-0.4412419	0.01201802	0.2023882	0.1341389	57.67567	2.619596
1315	1	-41.56522	-39.8706	-1.694618	0.01654905	0.2640809	0.440648	41.8844	3.367194
1316	0	-37.07984	-36.73726	-0.3425792	0.00039044	0.007607128	0.1432319	1775.297	3.039777
1317	1	-39.43638	-38.07156	-1.364814	0.04818488	0.5503898	0.2026645	14.38516	3.297302
1318	0	-38.45832	-37.57263	-0.8856934	0.006445082	0.1162313	0.2263429	107.5467	1.869095
1319	1	-38.04712	-37.20382	-0.8432982	0.003734391	0.06969154	0.2254159	185.6118	2.376555
1320	0	-38.70059	-37.78769	-0.9129065	0.01040983	0.1787587	0.2199186	66.58581	3.624961
1321	1	-37.75893	-36.98748	-0.7714497	0.007289805	0.1300864	0.1995121	95.08446	2.117603
1322	0	-37.9273	-37.08146	-0.8458452	0.02841429	0.3967079	0.1594713	24.39431	2.536195
1323	1	-37.07779	-36.64915	-0.4286404	0.001852868	0.03542253	0.1529128	374.0943	2.964266
1324	0	-39.06096	-37.11328	-1.947674	0.04895508	0.5551155	0.3590751	14.15884	2.863357
1325	1	-39.04056	-38.53818	-0.5023824	0.003067925	0.05774317	0.1618138	225.9335	3.969518
1326	0	-38.15345	-36.76799	-1.385463	0.03251926	0.4345438	0.2581381	21.31497	2.452787
1327	1	-37.15879	-36.8254	-0.3333932	0.005990427	0.1086494	0.1311279	115.7091	2.396474
1328	0	-41.33006	-39.69554	-1.634515	0.02630942	0.3758465	0.3615019	26.34597	4.07554
1329	1	-37.16429	-36.66016	-0.5041301	0.002097928	0.03998105	0.1643332	330.3961	2.310412
1330	0	-37.49308	-36.6848	-0.8082862	0.01480204	0.2411128	0.1861574	46.82783	3.022659
1331	1	-39.10633	-36.9791	-2.127227	0.06347273	0.6312274	0.3500258	10.92039	2.900902
1332	0	-39.12815	-37.83579	-1.292359	0.01916767	0.2967098	0.2840063	36.16231	3.431791
1333	1	-37.81596	-37.22419	-0.5917636	0.000260834	0.005090541	0.1841003	2657.426	3.349881
1334	0	-39.00197	-37.10416	-1.897807	0.0639208	0.633234	0.2765129	10.84384	2.633478
1335	1	-37.17957	-37.11147	-0.06810162	0.0003462338	0.006749721	0.1089198	2001.963	2.673922
1336	0	-42.96315	-41.02761	-1.935545	0.02582434	0.3708897	0.4918381	26.84084	4.153685
1337	1	-37.42871	-36.70776	-0.7209467	0.008135953	0.1436691	0.1874325	85.19557	2.314368
1338	0	-42.01024	-38.40624	-3.603997	0.1256853	0.7983331	0.6364823	5.514941	2.452325
1339	1	-43.17859	-38.7373	-4.441285	0.178709	0.8572587	0.6952196	3.878636	2.791206
1340	0	-37.96679	-37.05224	-0.9145516	0.007501451	0.1335113	0.2295192	92.40175	2.548931
1341	1	-37.72134	-37.30238	-0.4189644	0.003032929	0.05711007	0.1489368	228.5405	3.431741
1342	0	-38.07656	-37.97749	-0.09907124	0.007663432	0.1361201	0.1013134	90.44866	2.782786
1343	1	-40.60242	-37.68257	-2.919847	0.08715913	0.716703	0.5533723	7.952663	2.691882
1344	0	-38.60307	-36.88797	-1.715107	0.04383983	0.5221963	0.3058894	15.8109	2.528841
1345	1	-38.73034	-36.96946	-1.76088	0.04795201	0.5489454	0.3021452	14.45502	3.05528
1346	0	-40.11673	-37.82262	-2.294114	0.0641571	0.634285	0.4096188	10.8039	3.35171
1347	1	-39.94536	-37.93214	-2.013224	0.04143122	0.5053686	0.4263945	16.73007	2.824473
1348	0	-43.00003	-39.81034	-3.18969	0.0839526	0.7072223	0.758369	8.256411	2.045503
1349	1	-40.24928	-37.61771	-2.631577	0.09179325	0.7294852	0.3885025	7.551178	3.090975
1350	0	-38.75946	-37.58604	-1.17342	0.01432981	0.234732	0.2699933	48.371	3.227252
1351	1	-39.28402	-37.04895	-2.23507	0.0659653	0.642165	0.3763953	10.50775	2.664886
1352	0	-37.4015	-36.68363	-0.7178703	0.01021561	0.1758397	0.1814473	67.85177	2.288947
1353	1	-43.09242	-39.699	-3.393422	0.08722245	0.7168848	0.8877688	7.94689	2.617828
1354	0	-39.41226	-38.4946	-0.9176649	0.008786675	0.153918	0.2260927	78.88617	1.3675
1355	1	-40.09618	-37.50755	-2.588628	0.07420998	0.6747515	0.4771031	9.34035	3.001815
1356	0	-40.68717	-38.65648	-2.030688	0.04001006	0.4950085	0.4427052	17.32432	3.406669
1357	1	-38.78236	-37.4791	-1.303263	0.02774882	0.3902242	0.2543425	24.97934	3.434973
1358	0	-38.71677	-37.18207	-1.5347	0.05353297	0.5816523	0.2227143	12.94804	2.648854
1359	1	-38.63361	-37.06752	-1.566087	0.04694463	0.5426126	0.2522308	14.76521	2.332454
1360	0	-38.09446	-36.99643	-1.09803	0.03687211	0.4709273	0.182103	18.79869	2.750969
1361	1	-42.48683	-38.63199	-3.85484	0.1303599	0.805326	0.7656817	5.317182	3.314253
1362	0	-38.57104	-36.78708	-1.783959	0.04922919	0.5567786	0.303671	14.08	2.693525
1363	1	-37.34629	-36.55059	-0.7956994	0.01220737	0.2051082	0.1906918	56.78106	2.727682
1364	0	-38.01339	-37.0098	-1.003591	0.02744038	0.3871843	0.1893064	25.26011	2.215576
1365	1	-38.43722	-37.4221	-1.015127	0.02209689	0.3308226	0.2065176	31.36854	1.89572
1366	0	-38.23296	-36.8636	-1.369365	0.03069276	0.4181553	0.2606549	22.58341	2.371628
1367	1	-39.96228	-38.28226	-1.680018	0.03512759	0.4567799	0.3340212	19.73227	1.786341
1368	0	-37.65291	-36.76023	-0.8926791	0.01275795	0.2129442	0.2084836	54.33062	2.962471
1369	1	-39.27903	-37.8746	-1.404423	0.02841333	0.3966985	0.2787891	24.39514	1.81443
1370	0	-43.38638	-39.61359	-3.77279	0.1058993	0.7627085	0.9964998	6.545341	2.697656
1371	1	-42.9743	-39.35837	-3.615937	0.1007729	0.7515276	0.9158118	6.878307	2.668364
1372	0	-44.22038	-42.74491	-1.47547	0.01572014	0.2533068	0.3580983	44.09293	5.107048
1373	1	-38.79348	-37.70684	-1.086644	0.03002174	0.4119572	0.1983347	23.08818	1.923078
1374	0	-40.0819	-38.13002	-1.95188	0.06176549	0.6234139	0.3008995	11.22224	2.062052
1375	1	-38.47035	-36.86898	-1.60137	0.04174352	0.5076015	0.2812091	16.6049	3.01601
1376	0	-41.84598	-39.91595	-1.930028	0.03298839	0.4386423	0.4420542	21.01185	3.952923
1377	1	-37.71552	-36.79746	-0.9180517	0.01227104	0.2060199	0.215317	56.48645	2.394424
1378	0	-37.57579	-37.05296	-0.5228317	0.01625904	0.2603364	0.1370789	42.63148	2.468538
1379	1	-40.21064	-39.81131	-0.3993224	0.01935495	0.2989642	0.115968	35.81241	3.525694
1380	0	-37.05289	-36.74042	-0.31247	0.002956005	0.05571643	0.1340368	234.4878	2.343729
1381	1	-37.27737	-36.88403	-0.3933413	0.004450691	0.08230643	0.1422907	155.7392	3.125535
1382	0	-39.05629	-38.27529	-0.7810016	0.01242753	0.2082546	0.187326	55.77512	1.474456
1383	1	-40.30329	-37.85934	-2.443944	0.06258564	0.6272011	0.486509	11.07518	3.076943
1384	0	-37.40399	-36.73918	-0.6648111	0.01176854	0.1987848	0.1683372	58.89833	2.237901
1385	1	-38.98318	-37.30696	-1.676225	0.03444243	0.4510673	0.3359929	20.12481	2.885165
1386	0	-38.83308	-38.39147	-0.4416138	0.01040701	0.1787164	0.1372776	66.60387	3.654254
1387	1	-38.76421	-37.89871	-0.8655053	0.02337258	0.34494	0.1746429	29.65642	1.8345
1388	0	-41.43043	-39.54333	-1.887104	0.0301578	0.4132218	0.4407572	22.98401	3.721286
1389	1	-37.07646	-36.63453	-0.4419316	0.006947452	0.1245071	0.1441988	99.76999	2.835479
1390	0	-39.75589	-38.60903	-1.146857	0.04512903	0.5308425	0.1701638	15.35923	2.21436
1391	1	-38.29185	-36.73265	-1.559202	0.04726082	0.5446152	0.2493837	14.66642	2.74381
1392	0	-37.44193	-36.75405	-0.6878817	0.01845363	0.2880192	0.1567427	37.56157	2.476436
1393	1	-37.46798	-36.66813	-0.7998469	0.01006287	0.173534	0.1973738	68.88165	2.443293
1394	0	-38.47525	-36.9317	-1.543542	0.0365685	0.4685054	0.2855375	18.95476	2.402862
1395	1	-39.19555	-37.8362	-1.359348	0.01756629	0.2770056	0.3106312	39.45894	2.243042
1396	0	-37.36512	-36.71604	-0.649079	0.01378245	0.2272417	0.1610618	50.292	2.989881
1397	1	-40.47482	-37.65432	-2.820501	0.09841679	0.7460635	0.4273734	7.042977	2.591326
1398	0	-37.81087	-36.82585	-0.9850153	0.01307854	0.2174575	0.2276178	52.99883	2.68982
1399	1	-37.36277	-36.52597	-0.8367985	0.01583777	0.2548491	0.1887596	43.76546	2.773881
1400	0	-39.63729	-37.16986	-2.467429	0.07450301	0.675817	0.4208995	9.303613	2.806066
1401	1	-41.64656	-38.42941	-3.21715	0.09083376	0.7269232	0.7072796	7.630942	2.729133
1402	0	-39.6122	-38.57156	-1.040646	0.01082384	0.1849335	0.2484269	64.03892	3.899695
1403	1	-40.39908	-38.04127	-2.357809	0.08983689	0.7242156	0.3037384	7.715619	2.685693
1404	0	-37.82553	-37.77592	-0.04961121	0.001851589	0.03539867	0.1046746	374.3526	2.132704
1405	1	-40.46727	-38.95337	-1.513904	0.01372731	0.2264813	0.3827539	50.49403	2.678548
1406	0	-38.05564	-37.16003	-0.8956188	0.005772462	0.1049832	0.230783	120.0783	2.814301
1407	1	-37.95583	-37.03442	-0.92141	0.01192645	0.2010683	0.2170955	58.11849	3.168623
1408	0	-40.50457	-39.79668	-0.7078944	0.009305482	0.1619689	0.1819707	74.48805	4.303182
1409	1	-40.46316	-38.886	-1.577162	0.0220277	0.3300444	0.3626355	31.46707	1.729828
1410	0	-38.31904	-37.59501	-0.7240338	0.006189446	0.1119791	0.1932535	111.9886	3.587202
1411	1	-39.23755	-38.24436	-0.9931895	0.00291342	0.05494372	0.2649221	237.9153	3.429431
1412	0	-37.27341	-36.54924	-0.7241667	0.009702535	0.1680594	0.1839215	71.4398	2.566672
1413	1	-37.32458	-36.9087	-0.4158816	0.01004557	0.1732723	0.134475	69.0003	2.386292
1414	0	-38.21048	-37.44461	-0.7658743	0.006138351	0.1111259	0.2016563	112.9208	3.475885
1415	1	-41.77904	-40.71515	-1.063884	0.01064349	0.1822515	0.2549162	65.12405	4.634294
1416	0	-40.2142	-38.10659	-2.107614	0.04556968	0.5337421	0.4419932	15.21071	2.318233
1417	1	-37.28311	-36.78388	-0.4992342	0.0006767756	0.01313691	0.1668467	1024.191	3.070002
1418	0	-37.04445	-36.51821	-0.5262457	0.007402164	0.1319069	0.1558795	93.64115	2.599356
1419	1	-37.9223	-36.6537	-1.268597	0.03307415	0.4393867	0.2278734	20.95737	2.90976
1420	0	-38.69292	-37.58492	-1.108001	0.01194908	0.2013948	0.2615455	58.00842	3.236235
1421	1	-38.02832	-37.62183	-0.4064974	0.01513033	0.245505	0.1239857	45.81176	2.285002
1422	0	-38.37469	-37.3397	-1.034996	0.01839477	0.2872961	0.221972	37.68175	3.415792
1423	1	-37.49527	-36.72394	-0.7713325	0.007541043	0.13415	0.198782	91.91661	2.823581
1424	0	-40.33207	-38.46358	-1.868486	0.03281736	0.4371532	0.4166752	21.12136	2.197218
1425	1	-36.9929	-36.5918	-0.4011006	0.005570357	0.1015654	0.1411488	124.435	2.609478
1426	0	-39.43039	-37.48215	-1.948246	0.06896171	0.6546177	0.2708292	10.05119	3.024511
1427	1	-38.68875	-38.67941	-0.009347584	0.008052974	0.14235	0.09211078	86.07345	2.68769
1428	0	-37.77535	-36.88576	-0.8895853	0.0104318	0.179088	0.2147826	66.44558	2.985325
1429	1	-37.52003	-36.81725	-0.702778	0.005821206	0.1058049	0.1901757	119.0728	2.24407
1430	0	-37.5731	-36.56766	-1.005441	0.02210587	0.3309234	0.204501	31.3558	2.845614
1431	1	-39.74607	-38.52032	-1.225746	0.01068024	0.182799	0.2995489	64.89996	3.560975
1432	0	-39.84041	-37.95731	-1.883101	0.06638199	0.6439411	0.263166	10.4418	3.249828
1433	1	-37.59119	-36.59933	-0.9918538	0.01866958	0.2906636	0.2117756	37.12709	2.534602
1434	0	-38.49518	-37.25543	-1.23975	0.02125585	0.3212747	0.261619	32.60972	2.139446
1435	1	-42.95438	-40.42672	-2.527661	0.04418554	0.5245389	0.6860113	15.6872	2.529612
1436	0	-38.87743	-37.41874	-1.45869	0.05038106	0.5636611	0.2158112	13.75809	2.400271
1437	1	-37.23885	-36.86729	-0.371553	0.0007833466	0.01518452	0.1466265	884.8538	3.167554
1438	0	-37.66214	-36.73711	-0.9250285	0.01398904	0.2300806	0.2116258	49.54931	2.928707
1439	1	-37.43078	-37.30719	-0.1235987	0.003719345	0.06942405	0.109778	186.3627	2.833929
1440	0	-37.76417	-36.78051	-0.9836621	0.01740695	0.2750023	0.2138279	39.82015	3.038512
1441	1	-38.57235	-38.23907	-0.333286	0.01458353	0.2381697	0.1161264	47.52944	3.187751
1442	0	-37.1496	-36.81551	-0.3340892	0.006903799	0.1237922	0.129537	100.4008	2.761801
1443	1	-37.47731	-36.98332	-0.4939925	0.01290928	0.2150792	0.1396356	53.69373	2.991239
1444	0	-38.06401	-36.92585	-1.138164	0.02006948	0.3074717	0.2403418	34.53738	2.298366
1445	1	-38.71847	-37.8628	-0.855673	0.003206082	0.06023696	0.2299323	216.1976	3.519275
1446	0	-37.73838	-36.66763	-1.070748	0.01952553	0.3010087	0.226406	35.49954	2.580211
1447	1	-37.19761	-36.98883	-0.2087819	0.001740433	0.03332135	0.1229279	398.2612	2.244723
1448	0	-37.9855	-37.14142	-0.8440798	0.006708662	0.1205866	0.2163103	103.3212	3.143726
1449	1	-37.42871	-36.71934	-0.7093693	0.004821343	0.08874331	0.1941564	143.7664	2.606766
1450	0	-39.56102	-37.7777	-1.783316	0.03455232	0.4519896	0.3733917	20.0608	3.040449
1451	1	-37.08892	-36.61522	-0.4737024	0.00145098	0.02788372	0.1608717	477.7097	2.371249
1452	0	-38.7405	-37.75476	-0.98574	0.003107662	0.05846136	0.2622353	223.0446	2.657418
1453	1	-38.98914	-39.16305	0.1739079	0.003158953	0.05938726	0.08217654	219.4231	2.535048
1454	0	-39.84281	-38.88188	-0.9609339	0.006322666	0.1141985	0.2444525	109.6289	4.031092
1455	1	-38.64822	-37.00624	-1.641983	0.03839734	0.4828452	0.3070407	18.05196	2.97034
1456	0	-37.6167	-37.05418	-0.5625156	0.01826636	0.2857148	0.1386406	37.94665	2.765057
1457	1	-41.42176	-37.97854	-3.443221	0.1094613	0.7699504	0.6815448	6.332347	2.913205
1458	0	-38.62587	-37.26206	-1.363815	0.03837241	0.4826537	0.2325637	18.06368	2.140076
1459	1	-39.9018	-37.54381	-2.357988	0.08498688	0.7103402	0.3253356	8.155932	2.933941
1460	0	-39.16965	-37.1728	-1.99685	0.05712197	0.6007355	0.3360773	12.13451	2.381641
1461	1	-37.84109	-37.35902	-0.4820664	0.01805514	0.2831027	0.1283062	38.39058	2.724153
1462	0	-40.22987	-38.59523	-1.634634	0.02177557	0.3271977	0.3854578	31.83141	2.257807
1463	1	-38.58141	-38.01671	-0.5647014	0.02531026	0.3655737	0.1257842	27.38601	2.748107
1464	0	-37.74063	-37.07606	-0.6645693	0.02213172	0.3312138	0.1453778	31.31917	2.565641
1465	1	-37.78063	-36.95231	-0.8283227	0.005535493	0.100974	0.2164867	125.2187	2.633022
1466	0	-38.86043	-37.09963	-1.7608	0.0595498	0.6128616	0.2564658	11.63979	2.619516
1467	1	-37.9131	-37.79309	-0.1200123	0.007079791	0.1266696	0.1043138	97.90503	2.440257
1468	0	-38.53754	-36.98333	-1.554209	0.03960591	0.4920016	0.2764787	17.5011	2.311885
1469	1	-38.4603	-37.56815	-0.8921543	0.0018405	0.0351917	0.2431204	376.6081	2.359427
1470	0	-41.33223	-38.20524	-3.126998	0.09691078	0.7424563	0.5931396	7.152426	3.288361
1471	1	-37.04062	-36.55776	-0.4828623	0.002319584	0.04407932	0.1603722	298.824	2.47662
1472	0	-38.74438	-37.3694	-1.374972	0.05005912	0.5617545	0.1993842	13.84657	2.788855
1473	1	-41.50771	-38.84471	-2.663006	0.06608997	0.642698	0.5764073	10.48793	3.404596
1474	0	-37.61486	-36.61956	-0.9953012	0.02105266	0.3189388	0.2054722	32.92444	2.424099
1475	1	-40.06732	-38.55655	-1.510769	0.03826021	0.4817904	0.269806	18.11666	3.772422
1476	0	-37.46002	-36.71698	-0.7430444	0.01195149	0.2014295	0.1815658	57.99673	2.252173
1477	1	-42.90133	-41.43363	-1.467701	0.001367517	0.02630818	0.4351907	506.8657	3.917107
1478	0	-39.99427	-37.38856	-2.605715	0.07707799	0.6849297	0.4660561	8.992803	2.951523
1479	1	-38.1164	-37.95513	-0.1612621	0.008719884	0.1528738	0.1062172	79.49041	2.308787
1480	0	-42.98584	-38.98449	-4.001348	0.1398158	0.8181494	0.7756488	4.957574	3.427271
1481	1	-37.6596	-37.49485	-0.1647463	0.002608345	0.04938315	0.1161987	265.7421	2.050542
1482	0	-38.64874	-37.95736	-0.6913801	0.008247688	0.145441	0.1816849	84.04139	1.542192
1483	1	-43.854	-42.38899	-1.465011	0.04488692	0.5292373	0.2347065	15.44207	4.320787
1484	0	-37.61165	-37.08857	-0.523081	0.008226843	0.1451108	0.1535873	84.25434	2.006543
1485	1	-39.07098	-37.20323	-1.867753	0.06461669	0.6363149	0.2657016	10.72706	2.65213
1486	0	-38.83114	-37.47542	-1.355715	0.04479286	0.5286115	0.2106859	15.4745	3.199022
1487	1	-42.29969	-40.86612	-1.433574	0.06547409	0.6400524	0.1700483	10.58659	3.241609
1488	0	-36.99072	-36.56006	-0.430657	0.001097325	0.02118425	0.1548656	631.6701	2.462097
1489	1	-38.75837	-36.94365	-1.814717	0.05948045	0.6125236	0.2709386	11.65336	2.769251
1490	0	-37.79137	-37.38467	-0.4066922	0.006058324	0.1097873	0.1409652	114.4124	1.893286
1491	1	-39.5722	-37.80087	-1.771333	0.03746548	0.4756128	0.3540698	18.50096	3.316748
1492	0	-39.3022	-38.02627	-1.275934	0.04022285	0.4965807	0.2075025	17.23267	3.454563
1493	1	-37.73059	-36.74536	-0.9852327	0.02316151	0.342634	0.1974435	29.92668	3.055171
1494	0	-39.21528	-38.01018	-1.205094	0.0477374	0.5476079	0.173843	14.52	2.527435
1495	1	-39.3147	-38.86636	-0.4483397	0.01476636	0.2406334	0.1299501	46.94096	3.614675
1496	0	-37.34952	-36.83575	-0.5137719	0.01343302	0.2224062	0.1413752	51.60024	2.843752
1497	1	-39.91573	-39.56676	-0.3489691	0.02232337	0.3333606	0.1057448	31.0503	2.255857
1498	0	-38.26434	-36.87285	-1.39149	0.03351495	0.44319	0.2560714	20.68173	2.330365
1499	1	-37.69047	-36.96647	-0.7239961	0.02245815	0.3348645	0.1535693	30.86395	2.883403
1500	0	-37.69494	-36.73471	-0.9602263	0.02217548	0.3317049	0.1952684	31.25736	2.302542
1501	1	-38.20886	-36.95795	-1.250906	0.02995068	0.4112952	0.2339767	23.14295	2.20779
1502	0	-38.64168	-38.4526	-0.1890876	0.001248402	0.02405371	0.1213712	555.2278	3.707786
1503	1	-38.88175	-37.59088	-1.290868	0.02226598	0.3327188	0.2714393	31.13033	1.951688
1504	0	-39.60589	-39.26454	-0.3413491	0.002045642	0.03901087	0.1397498	338.8409	4.091273
1505	1	-42.09776	-39.18511	-2.912645	0.07474176	0.6766807	0.65474	9.273895	3.447148
1506	0	-37.47861	-36.92373	-0.5548752	0.01501053	0.2439064	0.144061	46.1774	2.373382
1507	1	-42.35748	-40.07789	-2.279597	0.03637338	0.46694	0.5977572	19.05644	2.491852
1508	0	-39.62193	-37.34765	-2.274281	0.07312343	0.6707485	0.3538011	9.479139	3.131113
1509	1	-37.40051	-36.51804	-0.8824729	0.02026969	0.309829	0.1855906	34.19625	2.656951
1510	0	-39.36076	-37.28803	-2.072725	0.05190089	0.5724867	0.3903213	13.35521	2.599005
1511	1	-38.79675	-37.06238	-1.734374	0.04438037	0.5258513	0.3094679	15.61833	3.094224
1512	0	-42.88573	-38.35423	-4.531503	0.1686735	0.8488325	0.8767383	4.109402	2.894554
1513	1	-39.14592	-37.08262	-2.063299	0.05826698	0.60653	0.3534057	11.89606	2.501082
1514	0	-38.1545	-37.45491	-0.6995961	0.001403474	0.02698737	0.2017788	493.8796	1.843588
1515	1	-43.97329	-41.39806	-2.57523	0.1094247	0.769878	0.2862564	6.334466	2.321361
1516	0	-37.7518	-37.18979	-0.5620089	0.01931903	0.2985327	0.136525	35.87898	2.80938
1517	1	-39.05459	-37.19267	-1.861925	0.05527716	0.5911052	0.3014116	12.53949	3.175265
1518	0	-39.23688	-37.43378	-1.8031	0.03803874	0.48008	0.3625503	18.22214	2.567217
1519	1	-38.60919	-37.51331	-1.095875	0.03528249	0.4580589	0.1858376	19.64564	3.241732
1520	0	-42.06424	-38.75859	-3.305656	0.1159773	0.7821938	0.5417216	5.976575	2.290707
1521	1	-39.49123	-37.41276	-2.078478	0.05596572	0.5947429	0.3706667	12.38521	2.307426
1522	0	-38.19473	-36.95062	-1.244113	0.0219802	0.3295094	0.2600881	31.53507	2.894902
1523	1	-39.52525	-37.3026	-2.222653	0.07795805	0.6879444	0.3138178	8.891284	2.81648
1524	0	-38.57942	-36.84941	-1.730011	0.04384753	0.5222487	0.3104486	15.80812	2.707909
1525	1	-39.89425	-38.88451	-1.00974	0.0345862	0.4522735	0.1721857	20.04115	1.833282
1526	0	-41.11485	-39.48334	-1.631511	0.05525786	0.5910025	0.2394477	12.54387	3.698572
1527	1	-40.73397	-38.37388	-2.360094	0.05453929	0.5871484	0.5012317	12.70913	2.284643
1528	0	-37.86075	-36.59515	-1.265599	0.0326294	0.4355099	0.228623	21.24303	2.594792
1529	1	-37.58264	-36.84261	-0.7400284	0.02236074	0.3337781	0.1562661	30.9984	2.764653
1530	0	-39.72963	-37.93377	-1.795855	0.03353028	0.4433215	0.3836018	20.67228	2.359066
1531	1	-39.16776	-37.86084	-1.306916	0.04308381	0.5170106	0.2055546	16.08835	2.103621
1532	0	-38.31472	-37.17859	-1.136127	0.02909095	0.4031973	0.2111539	23.8269	3.297479
1533	1	-38.54413	-37.26724	-1.276897	0.02575021	0.3701271	0.2548178	26.91812	2.057784
1534	0	-40.69773	-37.84322	-2.854509	0.09013453	0.725029	0.4970361	7.69014	3.239853
1535	1	-39.66949	-38.20273	-1.466767	0.04867684	0.5534174	0.2228626	14.23977	3.439415
1536	0	-37.10349	-36.65813	-0.4453604	0.008829462	0.1545859	0.140898	78.5039	2.597615
1537	1	-38.52084	-37.34971	-1.171135	0.02947274	0.4068135	0.2175006	23.51825	3.38243
1538	0	-41.32133	-39.25838	-2.062956	0.03510988	0.4566333	0.4899935	19.74222	2.092344
1539	1	-38.5953	-36.80047	-1.794831	0.05417442	0.585169	0.2862771	12.79473	2.672049
1540	0	-39.23532	-37.06482	-2.170496	0.06209423	0.6249395	0.3726906	11.16283	2.612955
1541	1	-39.67522	-37.62511	-2.050109	0.0591811	0.6110589	0.3442998	11.71231	3.347191
1542	0	-42.8486	-39.10005	-3.748552	0.1316794	0.8072176	0.6757603	5.2639	2.275053
1543	1	-40.33594	-38.89805	-1.437891	0.06168052	0.623018	0.1801857	11.2377	2.800452
1544	0	-40.5116	-37.94759	-2.564008	0.07238093	0.6679647	0.4776844	9.576379	3.29889
1545	1	-39.89975	-38.48073	-1.419014	0.0339754	0.4471217	0.2615109	20.40144	3.780311
1546	0	-38.01855	-37.11704	-0.9015041	0.006468138	0.1166134	0.2298751	107.1633	2.812013
1547	1	-37.92719	-36.74355	-1.183646	0.02253022	0.3356667	0.2429326	30.76522	2.561205
1548	0	-40.36909	-38.51732	-1.851771	0.03018552	0.413479	0.4252891	22.96291	2.459358
1549	1	-38.26927	-37.07254	-1.19673	0.01788608	0.2810024	0.2628203	38.75345	2.788713
1550	0	-37.32113	-36.556	-0.7651334	0.01816403	0.2844511	0.1700254	38.16042	2.67514
1551	1	-37.43223	-36.92789	-0.5043333	0.006835919	0.1226789	0.1537257	101.3978	3.198528
1552	0	-40.41173	-38.34244	-2.069288	0.04107758	0.5028212	0.4532409	16.8741	3.067998
1553	1	-39.11273	-37.14152	-1.971215	0.05518333	0.5906054	0.3366662	12.56081	3.108722
1554	0	-39.32886	-37.43848	-1.890379	0.04889316	0.5547385	0.3393771	14.17677	2.204333
1555	1	-38.16631	-36.99279	-1.173523	0.0274599	0.3873774	0.2243088	25.24216	2.160803
1556	0	-39.54752	-37.67188	-1.875638	0.0701708	0.6594389	0.2475965	9.878	2.803271
1557	1	-38.63749	-37.52808	-1.109412	0.0286258	0.3987474	0.2069428	24.21407	1.938731
1558	0	-39.47626	-38.26771	-1.208549	0.01859505	0.2897526	0.2632949	37.27589	3.750144
1559	1	-39.32698	-37.13027	-2.196713	0.07209745	0.6668914	0.3321743	9.614032	2.617038
1560	0	-40.47493	-40.51873	0.04380163	0.004267286	0.07909858	0.09214097	162.4328	1.596538
1561	1	-38.97138	-37.06982	-1.901568	0.05755498	0.602943	0.3036705	12.04322	2.430674
1562	0	-38.14367	-37.08354	-1.06013	0.01284292	0.214144	0.2461918	53.97116	2.851623
1563	1	-41.5403	-40.07096	-1.469345	0.005363303	0.09804554	0.4119839	129.2389	2.441345
1564	0	-37.84851	-37.10616	-0.7423471	0.002166609	0.04125343	0.208334	319.9226	2.24336
1565	1	-41.20148	-38.55791	-2.643569	0.07069598	0.661498	0.5297013	9.80462	3.454593
1566	0	-38.77748	-37.587	-1.190481	0.03068329	0.4180684	0.2179897	22.59038	1.923414
1567	1	-42.37861	-39.78431	-2.594304	0.09747987	0.7438301	0.3453977	7.11067	3.525595
1568	0	-37.46991	-36.66534	-0.804578	0.01989212	0.3053738	0.1726008	34.84531	2.428231
1569	1	-37.31891	-37.12621	-0.1927009	0.005211067	0.09544561	0.1151793	133.0144	2.722319
1570	0	-39.3509	-37.19855	-2.152354	0.06796529	0.6505579	0.3368614	10.19855	2.476886
1571	1	-41.74663	-41.05287	-0.6937592	0.003408424	0.0638733	0.1950026	203.363	4.764491
1572	0	-38.44964	-37.31538	-1.134258	0.02036518	0.3109493	0.238407	34.0359	1.981402
1573	1	-38.24719	-37.7204	-0.5267925	0.004199669	0.0779121	0.1631825	165.048	1.616829
1574	0	-39.32916	-38.73086	-0.598295	0.02013484	0.3082425	0.1399479	34.42526	3.563589
1575	1	-38.31468	-37.39135	-0.9233309	0.01801765	0.2826378	0.1995796	38.47045	1.871571
1576	0	-37.4248	-36.99774	-0.4270563	0.006733622	0.1209976	0.1424994	102.9382	3.175162
1577	1	-38.39728	-36.95265	-1.444629	0.04022684	0.4966101	0.2456192	17.23096	3.124367
1578	0	-39.9377	-38.19591	-1.741799	0.0598402	0.614272	0.2506087	11.5833	3.377817
1579	1	-42.94331	-40.97447	-1.968842	0.01886213	0.2930097	0.5610417	36.74809	2.683272
1580	0	-37.74437	-36.73051	-1.013857	0.03044663	0.4158931	0.1833078	22.76598	2.729367
1581	1	-37.6638	-36.94327	-0.7205266	0.001865491	0.03565806	0.2047062	371.5628	2.575453
1582	0	-37.91761	-37.01271	-0.9048995	0.01902359	0.2949684	0.1931703	36.4362	3.25822
1583	1	-38.73285	-37.36833	-1.364521	0.04907955	0.5558719	0.2000607	14.12293	2.900439
1584	0	-38.35322	-37.04239	-1.310823	0.03411773	0.4483286	0.2342231	20.31633	2.192727
1585	1	-37.11154	-36.54819	-0.5633518	0.00780356	0.1383683	0.1608576	88.82449	2.826166
1586	0	-41.32692	-38.4903	-2.836615	0.1119371	0.7747488	0.3588067	6.192291	2.808313
1587	1	-38.64396	-37.10588	-1.538071	0.03233185	0.432894	0.3014941	21.43852	2.98377
1588	0	-38.82243	-37.87468	-0.9477483	0.01066304	0.1825428	0.226903	65.00464	3.646068
1589	1	-38.7263	-37.41611	-1.31019	0.04033057	0.4973738	0.2144076	17.18664	3.27177
1590	0	-37.67388	-36.63036	-1.043518	0.02927136	0.4049101	0.1919875	23.68005	2.626123
1591	1	-40.64049	-37.53241	-3.10808	0.1051152	0.7610582	0.5183315	6.594166	2.848563
1592	0	-37.70553	-36.63643	-1.069098	0.0303485	0.4149876	0.1939875	22.83959	2.64959
1593	1	-40.73824	-37.61582	-3.122423	0.10475	0.7602824	0.5285392	6.617155	2.687895
1594	0	-38.06374	-36.63855	-1.425193	0.04009906	0.495667	0.2413267	17.28587	2.752045
1595	1	-40.71749	-40.30975	-0.407734	0.01791012	0.2813017	0.119359	38.70142	1.601982
1596	0	-38.49262	-36.80798	-1.684641	0.05150235	0.5701999	0.2662713	13.45855	2.873257
1597	1	-41.14531	-38.78145	-2.363854	0.06462528	0.6363526	0.43631	10.72563	3.668798
1598	0	-41.89353	-38.30228	-3.591244	0.1390529	0.8171751	0.5202823	4.984773	2.825877
1599	1	-41.83165	-39.66456	-2.16709	0.03611635	0.4648674	0.5360935	19.19206	2.122682
1600	0	-40.88097	-38.01583	-2.865147	0.07923278	0.6922241	0.585988	8.748237	2.637227
1601	1	-39.24633	-37.46616	-1.780168	0.03892124	0.486845	0.3499412	17.80897	2.315679
1602	0	-41.98957	-40.79203	-1.197543	0.0353181	0.4583524	0.2056216	19.62583	1.28494
1603	1	-37.02605	-36.5558	-0.4702515	0.006830113	0.1225836	0.1485869	101.484	2.559267
1604	0	-37.86319	-37.2898	-0.5733833	0.003768485	0.07029727	0.1720097	183.9326	3.455467
1605	1	-38.63045	-37.53849	-1.091964	0.008863326	0.1551141	0.268852	78.20396	2.675637
1606	0	-39.20898	-37.30571	-1.90327	0.04540503	0.5326619	0.3611436	15.26587	3.023516
1607	1	-41.42362	-40.11208	-1.311541	0.004544636	0.08394372	0.3559338	152.5199	1.344121
1608	0	-38.52791	-37.47321	-1.054704	0.009620329	0.1668034	0.256264	72.05026	3.075872
1609	1	-40.75995	-40.28189	-0.4780553	0.02159583	0.3251577	0.1215581	32.09634	1.693038
1610	0	-38.60307	-37.56397	-1.039098	0.009005196	0.1573219	0.2544976	76.97191	3.183064
1611	1	-39.58264	-37.65454	-1.928092	0.04054337	0.4989349	0.3965388	17.09644	2.692302
1612	0	-37.23531	-36.80662	-0.428695	0.007996625	0.1414526	0.1402092	86.67997	2.315507
1613	1	-39.1673	-38.48011	-0.6871868	0.007480532	0.1331736	0.182896	92.66014	3.946837
1614	0	-39.39138	-38.35028	-1.041105	0.003236539	0.06078554	0.2766592	214.1631	1.892798
1615	1	-38.29586	-37.03879	-1.257073	0.03254281	0.4347506	0.2269596	21.29955	3.218234
1616	0	-38.38904	-37.84867	-0.5403699	0.003308275	0.06207588	0.1675092	209.5192	1.544882
1617	1	-39.10116	-37.13844	-1.962719	0.0523688	0.5751468	0.3473576	13.23588	2.432638
1618	0	-40.51597	-38.26385	-2.252122	0.05507983	0.590053	0.4465097	12.58441	3.419478
1619	1	-42.05643	-38.57616	-3.480265	0.1044674	0.7596787	0.7589615	6.635059	3.156501
1620	0	-42.13184	-39.5121	-2.619737	0.06832406	0.6520288	0.5348502	10.14499	3.786171
1621	1	-38.39587	-37.19091	-1.20496	0.02001805	0.3068642	0.2571308	34.62611	2.181456
1622	0	-41.10588	-38.70157	-2.404307	0.09096296	0.7272707	0.3131735	7.620104	2.378715
1623	1	-40.75934	-38.93067	-1.828673	0.04445428	0.5263477	0.3397159	15.59236	3.842531
1624	0	-39.19888	-37.28346	-1.915428	0.04513483	0.5308808	0.3669593	15.35726	2.541983
1625	1	-42.06571	-40.29306	-1.772646	0.04186927	0.5084962	0.3331519	16.55504	1.231662
1626	0	-39.20705	-37.06906	-2.137993	0.06966763	0.6574463	0.3241685	9.949344	2.639551
1627	1	-37.73013	-37.54016	-0.1899656	0.00690547	0.1238196	0.112148	100.3765	2.29301
1628	0	-44.06639	-40.00944	-4.056951	0.1710453	0.8509108	0.5275014	4.052418	3.212678
1629	1	-37.64606	-36.89485	-0.751215	0.004664752	0.08603137	0.2029017	148.5925	2.351135
1630	0	-40.44126	-39.03376	-1.407502	0.04512867	0.5308401	0.2208341	15.35935	1.768501
1631	1	-36.99514	-36.85133	-0.1438104	0.0002440101	0.004763243	0.117656	2840.649	2.572922
1632	0	-38.73754	-36.84786	-1.889677	0.05703002	0.6002642	0.3023144	12.15408	2.862977
1633	1	-38.25733	-38.0804	-0.1769262	0.009110598	0.158957	0.1073002	76.08141	2.209279
1634	0	-38.49994	-37.03063	-1.469308	0.04376437	0.5216826	0.2394848	15.83816	3.122773
1635	1	-36.99775	-36.52138	-0.4763684	0.002920415	0.05507071	0.1579875	237.3454	2.599318
1636	0	-37.20731	-36.59165	-0.6156686	0.004958023	0.09110151	0.1764491	139.8031	2.780303
1637	1	-37.18228	-36.85045	-0.3318323	0.005425699	0.09910822	0.131972	127.7526	2.95161
1638	0	-37.20523	-37.11947	-0.08575961	0.001143249	0.0220577	0.1096191	606.2958	2.63596
1639	1	-38.57615	-37.85968	-0.7164743	0.01151931	0.1951624	0.1778878	60.17263	3.67672
1640	0	-36.87345	-36.56874	-0.3047136	0.000668679	0.01298111	0.1373688	1036.592	2.658824
1641	1	-41.08257	-39.288	-1.794572	0.05856943	0.6080379	0.2689745	11.83462	1.807948
1642	0	-37.90529	-37.12648	-0.778813	0.00537285	0.09820825	0.2065034	129.0092	2.083561
1643	1	-40.47666	-38.3499	-2.126756	0.06396631	0.6334368	0.3474302	10.83613	3.56352
1644	0	-38.57871	-38.1924	-0.3863095	0.0128972	0.2149091	0.1254019	53.74399	1.916987
1645	1	-38.00176	-37.59649	-0.405273	0.008455772	0.1487274	0.1360779	81.97326	1.8937
1646	0	-37.58017	-37.19169	-0.3884848	0.006118143	0.1107881	0.1383049	113.2937	3.265736
1647	1	-39.27782	-39.3337	0.0558754	0.004217992	0.07823381	0.09109859	164.3311	3.314146
1648	0	-41.83275	-39.5547	-2.278046	0.06311489	0.6296119	0.4090679	10.98231	3.89205
1649	1	-38.88138	-37.54352	-1.33786	0.04886314	0.5545555	0.1953937	14.18548	2.978192
1650	0	-37.19264	-36.57743	-0.6152119	0.01247512	0.2089324	0.1586005	55.56237	2.511224
1651	1	-37.79821	-37.12386	-0.6743416	0.01410297	0.2316401	0.1644363	49.14902	3.286559
1652	0	-39.06273	-37.79688	-1.265851	0.01809106	0.2835479	0.2808153	38.31435	3.405583
1653	1	-39.80676	-38.09895	-1.70781	0.03422819	0.4492626	0.3478256	20.25077	3.478171
1654	0	-37.88434	-37.67556	-0.2087786	0.0100203	0.1728898	0.1093586	69.17431	2.540879
1655	1	-43.32236	-40.14719	-3.175176	0.08004371	0.6948944	0.789874	8.659609	3.602003
1656	0	-37.83539	-36.81621	-1.019173	0.01543778	0.2495861	0.227807	44.8994	2.884956
1657	1	-37.80754	-37.27468	-0.5328603	0.00100364	0.01939917	0.1717576	690.6336	3.442084
1658	0	-38.87269	-37.57489	-1.297803	0.02082702	0.3163313	0.2789409	33.28114	3.31973
1659	1	-40.30913	-39.30209	-1.007035	0.0003624518	0.007064395	0.2784718	1912.384	3.972727
1660	0	-40.31926	-38.84568	-1.473578	0.01609808	0.2582465	0.3555181	43.05776	3.447138
1661	1	-39.23258	-37.94898	-1.2836	0.0170813	0.2708837	0.2899504	40.57931	1.911147
1662	0	-37.85235	-37.06578	-0.786571	0.002702701	0.05110765	0.2161114	256.4647	2.56271
1663	1	-38.26575	-37.47181	-0.793943	0.005147238	0.0943525	0.2103208	134.6639	1.842409
1664	0	-38.38899	-37.61058	-0.778412	0.009797362	0.1695049	0.1939141	70.74835	1.70339
1665	1	-38.80339	-37.84044	-0.9629455	0.004090083	0.07598479	0.2527928	169.4702	2.006963
1666	0	-38.61878	-36.89095	-1.727821	0.04737401	0.5453287	0.2947162	14.63138	2.464619
1667	1	-40.06348	-38.49609	-1.567395	0.05506971	0.5899989	0.2251748	12.58672	2.081224
1668	0	-39.22037	-37.86973	-1.350636	0.03989786	0.4941764	0.2246261	17.37304	3.475728
1669	1	-37.42243	-37.23983	-0.1826016	0.001109039	0.02140714	0.1208242	624.9981	3.183958
1670	0	-40.97116	-38.60268	-2.368477	0.08000499	0.6947678	0.3527365	8.6638	2.114431
1671	1	-37.4689	-36.8102	-0.6586987	0.0124124	0.208039	0.1657966	55.8431	2.195727
1672	0	-39.41533	-38.08156	-1.333766	0.0240227	0.3519698	0.2763921	28.85384	3.6507
1673	1	-39.07195	-37.77198	-1.299978	0.01464485	0.2389973	0.3050588	47.33042	2.525464
1674	0	-37.82682	-37.27074	-0.5560799	0.02007967	0.307592	0.1342675	34.51985	2.617153
1675	1	-37.47637	-36.62555	-0.850828	0.01842098	0.2876182	0.1845671	37.62814	2.386871
1676	0	-39.33138	-38.80442	-0.5269588	0.003635134	0.06792506	0.1645164	190.68	1.214591
1677	1	-40.5536	-38.21138	-2.342223	0.05880313	0.6091966	0.4635743	11.78759	2.14719
1678	0	-40.0147	-38.96023	-1.054468	0.001207468	0.02327736	0.2885339	574.0502	1.599181
1679	1	-41.87577	-40.30455	-1.571218	0.05300081	0.5786983	0.2327409	13.07805	1.639023
1680	0	-37.5162	-37.2187	-0.2974963	0.007919194	0.1402174	0.1231041	87.5275	3.01347
1681	1	-39.07845	-37.62893	-1.449514	0.02523394	0.364779	0.3050448	27.46884	3.262906
1682	0	-37.60769	-36.95231	-0.6553777	0.01939883	0.2994911	0.1497174	35.73138	2.92041
1683	1	-38.66802	-37.01665	-1.651367	0.05327076	0.5802009	0.251203	13.01178	2.988169
1684	0	-38.89403	-38.53433	-0.3596975	0.02044115	0.3118387	0.1097654	33.90941	2.651488
1685	1	-38.57408	-37.30503	-1.26905	0.02870383	0.3994972	0.2424945	24.14825	2.014297
1686	0	-39.12081	-37.27226	-1.848557	0.04356131	0.5202959	0.3509374	15.91199	2.424302
1687	1	-38.15044	-37.07982	-1.070613	0.02339884	0.3452261	0.2143221	29.62314	3.282964
1688	0	-37.51692	-36.92964	-0.5872789	0.004177445	0.07752168	0.1734118	165.9261	3.216734
1689	1	-38.0565	-37.23506	-0.8214413	0.02904096	0.4027213	0.1542551	23.86792	2.549987
1690	0	-38.16496	-37.45093	-0.7140277	0.0127048	0.2121925	0.1745062	54.55792	3.492007
1691	1	-38.27173	-37.01212	-1.259611	0.02252598	0.3356195	0.2621215	30.77102	2.366201
1692	0	-37.84813	-37.39012	-0.4580128	0.005293598	0.09685637	0.1500002	130.9406	3.455666
1693	1	-37.65755	-36.77459	-0.8829636	0.01053687	0.1806602	0.2130486	65.78305	2.492527
1694	0	-38.79247	-38.58885	-0.2036172	0.008020669	0.1418357	0.1119126	86.42012	3.443939
1695	1	-37.81721	-37.28733	-0.5298829	0.01776319	0.2794702	0.1351466	39.02155	2.965576
1696	0	-38.12333	-37.54909	-0.5742406	0.02043358	0.3117502	0.1360463	33.92197	2.28352
1697	1	-41.36653	-40.35574	-1.010786	0.02627988	0.3755463	0.193825	26.37558	1.206697
1698	0	-38.777	-37.76032	-1.016677	0.007786892	0.1381013	0.2531747	89.01462	1.946617
1699	1	-43.94606	-40.06352	-3.882549	0.1215185	0.7916891	0.8919136	5.704047	3.678649
1700	0	-40.04791	-39.14478	-0.903127	0.002238364	0.04258035	0.2444251	309.6669	1.137208
1701	1	-41.24248	-38.92154	-2.32094	0.05648819	0.5974687	0.4688978	12.27066	3.658389
1702	0	-37.77277	-36.56974	-1.203028	0.03027564	0.4143139	0.2220169	22.89455	2.770234
1703	1	-41.81059	-39.12765	-2.68294	0.06138289	0.6216256	0.6284408	11.29219	2.324276
1704	0	-38.0028	-36.93857	-1.064231	0.02740779	0.3868618	0.2012338	25.29016	2.213542
1705	1	-40.68878	-38.4707	-2.218076	0.06660506	0.6448859	0.3667238	10.40682	3.588063
1706	0	-41.03295	-38.46611	-2.566833	0.07247266	0.6683108	0.4784156	9.564257	3.516244
1707	1	-40.1356	-38.13786	-1.997747	0.04473044	0.5281954	0.4007276	15.4961	3.404538
1708	0	-41.44987	-40.97811	-0.4717537	0.02799724	0.3926564	0.1103507	24.75769	3.405684
1709	1	-38.14742	-36.71512	-1.432302	0.03524791	0.4577738	0.260288	19.66492	2.885596
1710	0	-38.83629	-37.1954	-1.640881	0.04218405	0.510725	0.2907277	16.4315	3.230248
1711	1	-41.89121	-38.63366	-3.257558	0.09566719	0.7394078	0.6878405	7.245402	2.360716
1712	0	-37.56923	-36.57952	-0.989705	0.02635281	0.3762871	0.1895863	26.30259	2.694838
1713	1	-37.1841	-36.63264	-0.5514639	0.01221353	0.2051964	0.1493565	56.75243	2.725834
1714	0	-43.63751	-40.98358	-2.65393	0.06315114	0.6297761	0.5954118	10.976	4.14247
1715	1	-38.73994	-37.94164	-0.7982995	0.004333465	0.08025782	0.2136814	159.9522	3.689218
1716	0	-39.49112	-38.10007	-1.391056	0.02875235	0.3999628	0.273773	24.1075	1.71176
1717	1	-38.91078	-36.94935	-1.961423	0.0609665	0.6196635	0.3072329	11.36931	2.588234
1718	0	-37.19489	-36.70932	-0.4855682	0.01017329	0.1752017	0.1439205	68.13402	2.445426
1719	1	-38.11793	-37.19241	-0.9255186	0.009384812	0.1631906	0.225958	73.8584	2.122424
1720	0	-40.759	-38.29137	-2.467628	0.07189583	0.6661244	0.436777	9.640993	2.078362
1721	1	-42.74468	-40.12075	-2.623925	0.08214958	0.7016453	0.4418075	8.437623	1.727922
1722	0	-38.27446	-36.83475	-1.439709	0.03193782	0.4294019	0.2747755	21.70302	2.520081
1723	1	-39.82165	-38.23702	-1.584626	0.05265529	0.5767627	0.2370365	13.16387	3.445981
1724	0	-39.61217	-38.22937	-1.382801	0.05132586	0.569181	0.1973876	13.50483	3.237817
1725	1	-39.30001	-37.41383	-1.886182	0.04453722	0.5269038	0.3594037	15.56332	3.124643
1726	0	-40.30509	-38.62253	-1.682559	0.0226139	0.3365964	0.3996202	30.65137	2.861558
1727	1	-40.06052	-37.79676	-2.263751	0.08498068	0.7103217	0.2961031	8.156527	2.817134
1728	0	-38.77949	-37.63442	-1.145064	0.01237766	0.2075434	0.269783	55.99986	3.198776
1729	1	-38.62613	-36.81216	-1.813965	0.05344117	0.5811451	0.2948456	12.97028	2.869251
1730	0	-38.62543	-38.3349	-0.290525	0.009322358	0.162229	0.1198496	74.35321	3.454827
1731	1	-38.75605	-37.61299	-1.143062	0.04063041	0.4995712	0.1806415	17.05981	2.327936
1732	0	-39.29233	-37.78694	-1.505393	0.05316936	0.5796376	0.2173958	13.03659	3.193282
1733	1	-37.24157	-36.60145	-0.6401249	0.0121184	0.2038319	0.1634228	57.19789	2.412073
1734	0	-38.84807	-37.13621	-1.71186	0.04731926	0.5449838	0.290274	14.64831	3.189774
1735	1	-38.31928	-37.14803	-1.171246	0.01614756	0.2588899	0.2625772	42.92581	2.493017
1736	0	-38.94216	-37.87979	-1.062371	0.00750996	0.1336486	0.2660506	92.29705	2.008534
1737	1	-39.1229	-37.16891	-1.953996	0.05213423	0.5738166	0.3454834	13.29543	3.090647
1738	0	-37.58341	-36.76378	-0.8196215	0.01972651	0.3034067	0.1756274	35.13784	2.305245
1739	1	-38.80524	-37.16313	-1.642114	0.05333919	0.5805805	0.2486488	12.99508	2.419062
1740	0	-38.69649	-37.64846	-1.048024	0.01732758	0.2740016	0.2282986	40.00253	3.555908
1741	1	-41.00089	-37.89492	-3.105971	0.09638673	0.7411795	0.585113	7.191313	3.123161
1742	0	-41.88945	-39.73851	-2.150945	0.04158206	0.506449	0.488312	16.66938	3.811131
1743	1	-37.57837	-36.62368	-0.9546906	0.02395982	0.3512946	0.1893569	28.92957	2.8974
1744	0	-37.86921	-36.85197	-1.017245	0.03107128	0.4216089	0.1823141	22.30829	2.907562
1745	1	-42.40413	-41.13655	-1.267578	0.03739313	0.4750449	0.2141681	18.53675	4.185048
1746	0	-39.41032	-37.29767	-2.112648	0.073681	0.6728131	0.2986359	9.407407	2.665805
1747	1	-40.22883	-38.40572	-1.823113	0.03235187	0.4330705	0.4008187	21.42526	2.106566
1748	0	-40.51746	-39.13247	-1.385	0.007778706	0.1379701	0.365958	89.10828	2.652231
1749	1	-39.06703	-37.69315	-1.373883	0.03505896	0.4562116	0.246174	19.7709	3.504432
1750	0	-40.28544	-39.42633	-0.8591069	0.03109932	0.4218635	0.1555857	22.28818	3.637184
1751	1	-39.70084	-38.32468	-1.376161	0.02427706	0.3546906	0.2873276	28.55153	3.727119
1752	0	-37.68488	-36.92413	-0.7607411	0.009218298	0.1606233	0.1920823	75.19253	3.186018
1753	1	-41.06831	-38.63884	-2.429472	0.07595417	0.681007	0.3970009	9.125861	3.583914
1754	0	-37.45006	-36.94232	-0.5077427	0.006631692	0.1193178	0.1546964	104.5204	3.214067
1755	1	-41.43824	-39.512	-1.92624	0.03723241	0.4737799	0.414757	18.61677	3.912444
1756	0	-40.74611	-38.504	-2.242113	0.05834209	0.6069054	0.4221536	11.88074	3.595524
1757	1	-38.24708	-37.42126	-0.8258205	0.02757491	0.3885129	0.1581741	25.13688	3.117993
1758	0	-39.32193	-38.65926	-0.662674	0.01450938	0.2371672	0.1615985	47.77236	3.828239
1759	1	-37.56714	-36.83772	-0.7294248	0.007620415	0.1354283	0.19041	90.95924	2.19293
1760	0	-37.70057	-37.00901	-0.6915579	0.006641568	0.1194808	0.1858872	104.365	2.029167
1761	1	-37.16	-36.53245	-0.6275427	0.01141193	0.1935947	0.162998	60.73883	2.765524
1762	0	-39.07823	-37.6343	-1.443927	0.02294424	0.340248	0.3133172	30.21007	2.257561
1763	1	-42.434	-39.88496	-2.549043	0.07310329	0.6706735	0.4658116	9.481751	3.912338
1764	0	-38.91078	-37.61278	-1.297998	0.01592784	0.2560271	0.2989875	43.51797	2.754467
1765	1	-39.81447	-39.23408	-0.5803888	0.02918289	0.404071	0.1209709	23.75184	3.127839
1766	0	-39.78096	-37.37439	-2.406572	0.08449727	0.7088715	0.3439025	8.203191	2.731563
1767	1	-38.81048	-37.116	-1.694479	0.04190097	0.5087213	0.3079642	16.54251	3.12434
1768	0	-40.39617	-37.89338	-2.502788	0.07030899	0.6599827	0.4626628	9.858585	3.296601
1769	1	-41.34623	-41.01132	-0.3349116	0.01713685	0.2715887	0.1121948	40.44775	3.779946
1770	0	-40.36692	-37.73102	-2.635902	0.09224167	0.7306679	0.3877224	7.514469	2.512151
1771	1	-38.81148	-37.07953	-1.731952	0.05852894	0.6078366	0.2527924	11.84281	2.884488
1772	0	-42.1232	-38.47965	-3.643551	0.1125098	0.7758326	0.797617	6.16077	3.030471
1773	1	-37.96568	-36.95992	-1.005757	0.02668598	0.3796553	0.1917494	25.97421	3.152899
1774	0	-40.0257	-38.66099	-1.364706	0.01900748	0.2947733	0.3060063	36.46708	3.772465
1775	1	-37.69948	-36.73018	-0.9692947	0.02694638	0.3822693	0.184205	25.7232	2.924221
1776	0	-40.27565	-38.22786	-2.047794	0.04035539	0.4975562	0.4481518	17.17608	2.541292
1777	1	-39.0885	-37.17837	-1.910121	0.05959604	0.6130868	0.2975743	11.63076	2.398867
1778	0	-37.82656	-37.08187	-0.7446891	0.02008627	0.3076699	0.1621222	34.5085	3.154797
1779	1	-37.72577	-36.93325	-0.7925157	0.0167646	0.2668466	0.1782343	41.34589	2.128111
1780	0	-37.45237	-36.51913	-0.9332389	0.0196885	0.3029541	0.1968651	35.20568	2.727045
1781	1	-40.16539	-40.07069	-0.09470154	0.01550268	0.2504435	0.09029759	44.71144	2.999046
1782	0	-42.43734	-39.93521	-2.502131	0.04953048	0.5585953	0.6200872	13.99436	2.007059
1783	1	-40.46596	-37.49899	-2.966971	0.09731687	0.743438	0.5025353	7.12258	2.973223
1784	0	-37.74291	-36.60844	-1.13447	0.02756102	0.3883759	0.2154097	25.14955	2.887013
1785	1	-39.68296	-38.84445	-0.8385147	0.0005318197	0.01034265	0.2347224	1303.35	1.241099
1786	0	-37.07629	-36.58279	-0.4934964	0.005665017	0.1031684	0.154605	122.3557	2.873034
1787	1	-37.2056	-37.1342	-0.07139579	0.0006746727	0.01309645	0.1087734	1027.383	2.568779
1788	0	-37.11944	-36.76175	-0.3576887	0.005373342	0.09821663	0.135529	128.9974	2.362502
1789	1	-37.59733	-36.84256	-0.7547742	0.01406088	0.2310645	0.1783148	49.29616	2.159232
1790	0	-37.28366	-36.86204	-0.4216241	0.005407593	0.09880003	0.1444072	128.1804	3.112101
1791	1	-38.89267	-36.88887	-2.003799	0.06203629	0.6246714	0.3157247	11.17325	2.739478
1792	0	-37.22545	-36.69085	-0.5346001	0.001440849	0.02769266	0.1709973	481.0687	2.932001
1793	1	-38.44812	-37.58769	-0.8604326	0.02556482	0.3682142	0.1684608	27.11332	2.031343
1794	0	-39.52434	-39.37567	-0.1486701	0.0004219313	0.008217316	0.1179324	1642.796	1.302004
1795	1	-37.87658	-36.8187	-1.057875	0.01861366	0.2899802	0.2264078	37.23863	2.32518
1796	0	-39.43252	-39.04087	-0.3916488	0.0001900617	0.003712744	0.150862	3646.958	1.128438
1797	1	-37.43211	-36.82635	-0.6057603	0.01210549	0.2036463	0.1579311	57.25893	2.218377
1798	0	-40.30949	-39.29291	-1.016585	0.0003265349	0.006367332	0.2812865	2122.735	1.314761
1799	1	-37.3523	-36.52131	-0.8309889	0.01598354	0.2567543	0.1872801	43.36632	2.556143
1800	0	-39.1741	-38.12309	-1.051004	0.004070182	0.0756342	0.2761404	170.2988	2.096673
1801	1	-38.25063	-37.39503	-0.855604	0.02815624	0.3942057	0.1616233	24.61789	3.130894
1802	0	-37.69479	-36.61344	-1.081353	0.02120062	0.3206409	0.223469	32.69467	2.717892
1803	1	-37.37413	-36.97162	-0.4025029	0.001371056	0.02637506	0.1499852	505.5573	3.251772
1804	0	-37.90263	-37.03477	-0.8678683	0.01696665	0.2694259	0.1916359	40.85351	2.049241
1805	1	-37.10103	-36.58222	-0.5188088	0.009350996	0.1626701	0.1505232	74.12549	2.531
1806	0	-40.58713	-39.05643	-1.530692	0.01368782	0.2259362	0.3894508	50.63972	2.602238
1807	1	-39.6697	-38.03488	-1.63482	0.0256009	0.3685871	0.3652495	27.07511	2.931689
1808	0	-40.0807	-38.54633	-1.53437	0.0230535	0.3414494	0.3424466	30.0669	1.783419
1809	1	-40.47884	-38.77663	-1.702207	0.02209145	0.3307614	0.4105685	31.37627	2.632358
1810	0	-37.55159	-36.60944	-0.9421473	0.02190682	0.3286818	0.192499	31.6407	2.916704
1811	1	-40.34482	-38.28929	-2.055532	0.05383598	0.5833194	0.3733222	12.87517	1.913404
1812	0	-38.25143	-37.45292	-0.7985114	0.01832347	0.2864186	0.1754008	37.82838	3.43494
1813	1	-39.24326	-37.38987	-1.853391	0.04223309	0.5110708	0.3593165	16.41242	3.045959
1814	0	-37.70589	-37.00561	-0.700276	0.01074479	0.1837593	0.176955	64.5101	3.276959
1815	1	-38.40182	-36.87883	-1.522985	0.03739769	0.4750807	0.2764703	18.53449	3.02088
1816	0	-38.1849	-37.19915	-0.9857503	0.02098705	0.3181821	0.2037078	33.02737	1.990781
1817	1	-39.16837	-37.89358	-1.274785	0.04970216	0.5596252	0.1812884	13.94602	2.558854
1818	0	-38.5611	-36.79779	-1.763304	0.04771598	0.547474	0.30389	14.52652	2.659485
1819	1	-39.50042	-37.35052	-2.149896	0.07162921	0.6651056	0.3190847	9.676879	3.099614
1820	0	-40.30247	-37.62276	-2.679703	0.0756215	0.6798298	0.5122789	9.166007	2.9162
1821	1	-38.49024	-37.04582	-1.444417	0.03633789	0.4666545	0.259435	19.07506	2.222314
1822	0	-37.96676	-37.03141	-0.9353543	0.01500447	0.2438254	0.2107771	46.19604	2.077432
1823	1	-38.94459	-37.44342	-1.501175	0.03415507	0.4486447	0.2831846	20.29412	3.36584
1824	0	-38.64387	-38.22052	-0.4233499	0.01400136	0.2302495	0.1281199	49.50571	1.901905
1825	1	-40.44589	-37.62213	-2.823753	0.08339148	0.7055062	0.5301498	8.311966	2.952392
1826	0	-39.01632	-37.70173	-1.314587	0.03193122	0.4293431	0.2424814	21.70751	1.870333
1827	1	-37.81089	-37.19262	-0.6182764	0.01908146	0.2956686	0.1449127	36.32569	2.293502
1828	0	-37.4583	-36.54245	-0.9158517	0.02231189	0.3332323	0.1864333	31.06627	2.608278
1829	1	-39.30922	-37.93232	-1.376899	0.02343752	0.3456471	0.2909699	29.57426	1.840938
1830	0	-41.55592	-39.0517	-2.504213	0.06315459	0.6297917	0.5125956	10.9754	1.889891
1831	1	-37.54805	-37.11665	-0.4313955	0.01141265	0.1936052	0.1339653	60.73501	2.260396
1832	0	-39.8717	-37.90714	-1.964553	0.07510986	0.6780048	0.2523827	9.228445	2.736676
1833	1	-41.59087	-38.21747	-3.373403	0.1073007	0.7656069	0.6552819	6.459855	2.484163
1834	0	-40.01299	-37.62856	-2.384428	0.06269554	0.6277038	0.4576878	11.05576	3.045992
1835	1	-39.94508	-38.55242	-1.392657	0.0266667	0.3794611	0.2824107	25.99299	1.542838
1836	0	-37.86092	-36.74215	-1.118766	0.03244359	0.4338785	0.1979207	21.36469	2.910725
1837	1	-40.23993	-38.30585	-1.934076	0.04397268	0.5230986	0.3800547	15.76313	1.897222
1838	0	-44.44925	-44.46093	0.01168031	0.02111095	0.3196101	0.07500134	32.83353	2.111647
1839	1	-43.91034	-40.71753	-3.192812	0.08331662	0.705276	0.7676055	8.319435	3.892404
1840	0	-37.75696	-37.24372	-0.5132373	0.009655117	0.1673352	0.1490452	71.79065	1.975153
1841	1	-38.69027	-37.07424	-1.616029	0.05430666	0.5858882	0.2389584	12.76358	2.583993
1842	0	-37.5834	-36.65683	-0.926569	0.01674811	0.2666355	0.2038502	41.38659	2.942038
1843	1	-39.31854	-38.34101	-0.9775273	0.03314693	0.4400173	0.170152	20.91136	1.954724
1844	0	-38.17882	-36.78818	-1.390645	0.03111558	0.4220111	0.2646758	22.27653	2.499812
1845	1	-38.64924	-37.46421	-1.185026	0.03531017	0.458287	0.2030867	19.63024	3.319271
1846	0	-37.12231	-36.52108	-0.6012356	0.006502757	0.1171868	0.1701667	106.5928	2.669364
1847	1	-41.08993	-37.98203	-3.107899	0.09373473	0.7345406	0.608621	7.394774	3.095188
1848	0	-38.89058	-37.94244	-0.9481342	0.005381518	0.09835594	0.2445735	128.8014	3.500472
1849	1	-38.0175	-37.5976	-0.4198985	0.01253077	0.209724	0.1303586	55.31561	2.074811
1850	0	-43.57624	-39.7387	-3.83754	0.1138629	0.7783552	0.9500403	6.087561	3.450068
1851	1	-38.73698	-37.69879	-1.038182	0.006347346	0.1146089	0.2639923	109.2027	2.277088
1852	0	-39.53019	-38.22555	-1.304647	0.01847938	0.2883353	0.2903268	37.50922	1.718739
1853	1	-40.0575	-37.33515	-2.722348	0.08444411	0.7087113	0.4719555	8.208354	2.780328
1854	0	-38.59126	-37.26828	-1.322986	0.02047315	0.3122129	0.2874884	33.85641	2.537871
1855	1	-38.62939	-36.82451	-1.804883	0.05270817	0.5770598	0.295221	13.15066	2.592827
1856	0	-38.61079	-37.08274	-1.528047	0.03083063	0.4194167	0.3048843	22.48242	2.61784
1857	1	-40.01446	-38.30797	-1.706493	0.06253678	0.6269772	0.2328733	11.08383	2.261632
1858	0	-38.7232	-38.19267	-0.5305224	0.02068407	0.3146719	0.1297668	33.51116	2.104885
1859	1	-38.04457	-36.83469	-1.209876	0.0372704	0.4740793	0.2025108	18.5978	2.51109
1860	0	-37.79797	-37.34361	-0.4543576	0.01564331	0.2522969	0.1291249	44.3095	2.947215
1861	1	-37.90908	-36.80598	-1.103092	0.02456806	0.357783	0.2177708	28.21335	3.094972
1862	0	-38.23206	-37.16944	-1.062623	0.03738683	0.4749954	0.1744947	18.53987	2.751101
1863	1	-37.26851	-36.68207	-0.5864345	0.006820375	0.1224237	0.166916	101.6289	2.264957
1864	0	-37.05864	-36.6254	-0.4332382	0.007519991	0.1338105	0.1417991	92.17394	2.564321
1865	1	-37.36025	-37.08966	-0.2705818	0.003752306	0.0700099	0.1271005	184.7256	2.152764
1866	0	-40.37245	-39.19983	-1.172621	0.04526097	0.5317136	0.1742798	15.31446	2.018608
1867	1	-38.39537	-37.11572	-1.279649	0.02037235	0.3110334	0.2756876	34.02392	2.70002
1868	0	-37.97717	-37.37705	-0.6001214	0.003843372	0.07162588	0.1764841	180.3487	3.49911
1869	1	-37.6406	-37.28938	-0.3512234	0.009137004	0.159366	0.1276835	75.86154	3.117966
1870	0	-38.30248	-37.04362	-1.258855	0.03554792	0.4602402	0.2179146	19.49895	3.17609
1871	1	-38.25353	-37.41934	-0.8341933	0.001996266	0.03809348	0.2289252	347.2219	3.052543
1872	0	-38.26531	-38.15046	-0.1148497	0.009434421	0.1639534	0.1003817	73.47003	2.63831
1873	1	-39.05082	-37.10711	-1.943711	0.05992737	0.6146937	0.3063025	11.56645	2.438182
1874	0	-38.16447	-36.97207	-1.1924	0.01918292	0.2968938	0.2569346	36.13356	2.518403
1875	1	-37.87449	-36.66728	-1.207215	0.02834481	0.3960356	0.2291129	24.45411	2.934261
1876	0	-38.38394	-37.24702	-1.136925	0.03626666	0.4660809	0.1909516	19.11252	3.135753
1877	1	-40.83913	-37.64507	-3.194065	0.1101517	0.7713071	0.5260805	6.292661	2.982022
1878	0	-38.84318	-37.35131	-1.491872	0.03328635	0.4412224	0.2840265	20.82376	3.308197
1879	1	-39.38116	-38.68208	-0.6990798	0.03332345	0.4415424	0.1284772	20.80058	2.843176
1880	0	-42.96456	-39.94397	-3.020583	0.07298327	0.670226	0.7477108	9.497343	3.507949
1881	1	-38.3684	-36.80016	-1.568238	0.0459889	0.5364749	0.2562097	15.07206	2.508771
1882	0	-40.85723	-38.19902	-2.658207	0.06758706	0.648996	0.5616437	10.25562	3.004464
1883	1	-37.83706	-37.04602	-0.7910394	0.004578934	0.08454048	0.2114013	151.3774	3.006087
1884	0	-44.30873	-42.16869	-2.14004	0.04715842	0.5439681	0.4464276	14.69827	0.8687669
1885	1	-37.18358	-36.73073	-0.4528587	0.005691627	0.1036183	0.1483923	121.7837	2.257441
1886	0	-38.31785	-37.53594	-0.78191	0.009945573	0.1717574	0.1941866	69.69404	3.55776
1887	1	-38.6346	-37.69132	-0.9432758	0.03717014	0.4732885	0.1553388	18.64796	2.728207
1888	0	-37.67679	-36.98597	-0.6908186	0.0006646823	0.0129042	0.2021138	1042.825	2.431986
1889	1	-37.34814	-36.95237	-0.3957673	0.0009488395	0.01835299	0.1498696	730.521	3.239567
1890	0	-38.41161	-38.24982	-0.1617865	0.0003316748	0.006467125	0.1196418	2089.84	3.639728
1891	1	-39.88938	-37.98596	-1.903422	0.07356794	0.6723962	0.2426443	9.421865	2.767817
1892	0	-39.12254	-38.26036	-0.8621725	0.0083631	0.1472659	0.2151716	82.88161	3.850587
1893	1	-38.95303	-37.27537	-1.67766	0.03859587	0.4843665	0.3173016	17.9591	2.262376
1894	0	-41.84376	-38.50642	-3.337337	0.1153065	0.7809893	0.5644825	6.011347	2.348649
1895	1	-38.56645	-37.68991	-0.8765435	0.006385428	0.1152415	0.2244704	108.5514	3.506816
1896	0	-37.90079	-37.14422	-0.7565728	0.00972234	0.1683616	0.1899262	71.29427	1.945419
1897	1	-37.18644	-36.63682	-0.5496178	0.01237954	0.2075702	0.1487318	55.99136	2.683006
1898	0	-39.53201	-38.75104	-0.7809641	0.004673523	0.08618356	0.2090026	148.3136	4.065513
1899	1	-38.3581	-36.80884	-1.549253	0.04715799	0.5439654	0.2472738	14.6984	2.554134
1900	0	-37.15115	-36.52707	-0.6240729	0.007196576	0.1285719	0.1723996	96.31625	2.571177
1901	1	-40.20075	-37.96906	-2.23169	0.06675536	0.6455202	0.3709621	10.38339	2.119399
1902	0	-37.49224	-36.736	-0.7562397	0.01100467	0.1876103	0.1864547	62.98663	2.247261
1903	1	-40.09963	-39.38749	-0.7121389	0.02891665	0.4015356	0.1385264	23.97052	3.496762
1904	0	-37.99283	-37.5729	-0.4199315	0.01137401	0.1930401	0.1325106	60.94132	3.282774
1905	1	-37.83187	-37.06688	-0.7649932	0.02267788	0.3373058	0.1595002	30.5649	3.059887
1906	0	-38.16127	-37.39341	-0.7678608	0.01956199	0.3014447	0.167156	35.43336	1.987875
1907	1	-38.34498	-37.5054	-0.8395768	0.0002777924	0.005420309	0.2358165	2495.199	2.443141
1908	0	-37.60632	-37.1717	-0.4346251	0.00695684	0.1246608	0.14313	99.63535	3.281488
1909	1	-39.42696	-38.91548	-0.5114779	0.001143068	0.02205427	0.1677932	606.3917	4.13452
1910	0	-37.73391	-36.57158	-1.162334	0.03025623	0.4141342	0.213222	22.90924	2.775079
1911	1	-38.28739	-37.71408	-0.573303	0.000639982	0.01242865	0.1797674	1083.073	1.59079
1912	0	-40.13856	-38.24194	-1.896622	0.04405968	0.5236881	0.3656337	15.73201	3.56676
1913	1	-37.54681	-36.78006	-0.7667487	0.01350955	0.2234687	0.1818738	51.30795	3.112008
1914	0	-44.4331	-42.13682	-2.296279	0.07799136	0.6880575	0.3376359	8.887487	1.515783
1915	1	-38.20272	-37.66252	-0.5402014	0.02094442	0.3176897	0.1305479	33.09461	2.368874
1916	0	-39.59821	-37.22194	-2.376271	0.08001623	0.6948046	0.3554399	8.662583	2.925215
1917	1	-38.64753	-37.53135	-1.11618	0.009815115	0.1697752	0.2717635	70.62038	2.654365
1918	0	-40.34453	-40.51243	0.167903	0.008187962	0.1444945	0.07700224	84.65442	2.572477
1919	1	-37.78286	-36.83228	-0.9505859	0.01239136	0.2077388	0.2220596	55.93795	2.44774
1920	0	-38.76563	-37.83056	-0.9350726	0.007068047	0.126478	0.2357166	98.06771	3.532819
1921	1	-37.60665	-37.03742	-0.5692319	0.007182992	0.1283509	0.1632309	96.49839	3.295482
1922	0	-37.41072	-36.81057	-0.6001565	0.01196207	0.2015821	0.157367	57.94543	2.231939
1923	1	-42.45672	-40.48997	-1.966744	0.08588002	0.7129863	0.2172386	8.071111	2.472985
1924	0	-43.07047	-40.79728	-2.273195	0.1015618	0.7533099	0.2364947	6.824879	2.786617
1925	1	-37.80602	-37.04811	-0.7579062	0.006036645	0.1094242	0.2003435	114.8232	2.088517
1926	0	-38.5568	-37.63647	-0.9203337	0.001769521	0.03386552	0.2503197	391.7147	2.603735
1927	1	-36.93068	-36.52687	-0.403804	0.000932267	0.01803632	0.1511142	743.5071	2.663141
1928	0	-37.79169	-37.17416	-0.6175293	0.001691436	0.03240376	0.1851261	409.7982	1.935878
1929	1	-37.66983	-37.60664	-0.06318157	0.002278216	0.04331624	0.1054673	304.25	2.239166
1930	0	-37.67988	-37.06847	-0.6114115	0.000517921	0.01007417	0.1870726	1338.326	2.057332
1931	1	-37.32731	-36.71983	-0.6074782	0.004340695	0.08038436	0.1765427	159.6858	2.997006
1932	0	-40.24819	-38.87888	-1.369317	0.01556192	0.251225	0.3227536	44.54124	1.583437
1933	1	-37.72929	-36.57658	-1.152704	0.02824189	0.3950379	0.2172738	24.54323	2.559148
1934	0	-37.42529	-36.54793	-0.8773635	0.01798006	0.2821711	0.1907144	38.55089	2.834868
1935	1	-37.57227	-37.0249	-0.5473746	0.01534194	0.2483172	0.1423166	45.17989	2.99546
1936	0	-39.34051	-37.1064	-2.234101	0.06587063	0.6417595	0.3765339	10.52286	2.578561
1937	1	-37.95008	-36.93426	-1.015817	0.01865081	0.2904343	0.2169693	37.16446	2.162035
1938	0	-38.44814	-37.01184	-1.436298	0.02920335	0.4042653	0.2846243	23.73519	2.945318
1939	1	-39.399	-38.35655	-1.042453	0.04379896	0.5219182	0.1562014	15.82565	2.940226
1940	0	-37.51509	-36.58179	-0.9332961	0.02228985	0.3329859	0.1897731	31.09699	2.489261
1941	1	-37.46376	-36.76597	-0.6977981	0.01460286	0.2384306	0.1671545	47.46654	2.257385
1942	0	-37.71452	-36.63139	-1.083126	0.0305656	0.4169882	0.1961256	22.67736	2.631286
1943	1	-37.47377	-36.6554	-0.818372	0.01722226	0.2726706	0.1817242	40.24717	2.345519
1944	0	-39.10967	-37.7443	-1.365365	0.04640073	0.5391353	0.2079517	14.93828	3.256491
1945	1	-40.6776	-38.21057	-2.467036	0.06808719	0.6510588	0.4606471	10.18029	3.437803
1946	0	-40.16597	-38.92962	-1.236353	0.004268395	0.07911802	0.331444	162.3906	2.227366
1947	1	-38.10236	-37.28467	-0.8176873	0.02299542	0.3408112	0.1673778	30.14284	2.109413
1948	0	-40.54226	-40.0571	-0.4851566	0.02897993	0.4021396	0.1102979	23.91818	2.269278
1949	1	-40.35198	-38.88536	-1.466618	0.0617669	0.6234205	0.1852109	11.22198	2.547156
1950	0	-39.18163	-37.99602	-1.185602	0.01226537	0.2059388	0.28139	56.51253	3.39015
1951	1	-38.29165	-37.04289	-1.248755	0.03195105	0.4295196	0.226969	21.69404	3.224461
1952	0	-41.25119	-39.72285	-1.528335	0.02353827	0.3467421	0.3380632	29.44767	1.218639
1953	1	-38.68851	-38.00185	-0.6866577	0.01869225	0.2909404	0.1560241	37.08206	1.81473
1954	0	-37.13521	-36.57597	-0.5592388	0.01092689	0.1864604	0.153283	63.435	2.559086
1955	1	-38.60951	-37.22818	-1.381328	0.0255563	0.3681261	0.2836436	27.12236	2.26627
1956	0	-37.04981	-36.60556	-0.4442435	0.004431203	0.08196629	0.1497623	156.4242	2.383782
1957	1	-40.55099	-39.98007	-0.570928	0.0324704	0.4341143	0.1143941	21.34705	2.350666
1958	0	-37.45474	-36.7652	-0.6895439	0.01959581	0.3018486	0.1544906	35.37221	2.607696
1959	1	-37.39462	-36.72227	-0.6723524	0.006478641	0.1167875	0.1827714	106.9896	2.286041
1960	0	-37.86531	-37.51821	-0.3470966	0.01310851	0.2178776	0.1202203	52.87766	2.372718
1961	1	-37.90931	-36.60617	-1.303138	0.03152013	0.4256651	0.2411173	21.99062	2.727489
1962	0	-38.8338	-37.91613	-0.917673	0.0003143738	0.006131164	0.2548394	2204.851	2.205673
1963	1	-39.88489	-38.85446	-1.030435	0.04247689	0.5127846	0.1572448	16.31822	2.216356
1964	0	-38.78113	-37.7095	-1.07163	0.03997772	0.4947689	0.169746	17.33834	2.402635
1965	1	-40.80391	-38.32155	-2.482362	0.0645239	0.6359065	0.4919088	10.74249	2.149663
1966	0	-39.03656	-37.53925	-1.497306	0.03156988	0.4261121	0.292583	21.95596	2.022146
1967	1	-37.52485	-36.68534	-0.8395115	0.01318619	0.218965	0.1964963	52.56615	2.973704
1968	0	-42.23635	-39.54863	-2.687722	0.08130171	0.6989586	0.476586	8.525617	3.792983
1969	1	-41.35244	-39.39186	-1.960579	0.08045676	0.6962392	0.233094	8.615152	3.177635
1970	0	-38.53081	-37.23078	-1.300021	0.02856683	0.3981798	0.2506067	24.26406	3.314405
1971	1	-39.5238	-37.78503	-1.73877	0.03270729	0.4361918	0.366554	21.19244	3.046266
1972	0	-38.84336	-37.48316	-1.360199	0.0196408	0.3023855	0.3019173	35.29118	2.533323
1973	1	-40.5267	-38.11878	-2.407922	0.09078492	0.7267917	0.3150993	7.635047	3.074921
1974	0	-38.6996	-37.55118	-1.148416	0.01552	0.2506721	0.2589359	44.66155	3.337909
1975	1	-38.95625	-37.09974	-1.856505	0.04689639	0.5423058	0.3374589	14.78039	2.456653
1976	0	-38.913	-38.3018	-0.6111989	0.0181546	0.2843343	0.145787	38.18026	3.542825
1977	1	-39.53564	-37.17614	-2.359497	0.07610655	0.6815438	0.3693744	9.107589	2.981156
1978	0	-38.53811	-37.52976	-1.008351	0.007048452	0.1261582	0.2537084	98.34034	3.036111
1979	1	-40.29633	-37.6737	-2.622639	0.08666256	0.7152702	0.4139884	7.998231	2.427377
1980	0	-38.34431	-38.29163	-0.05268728	0.002112762	0.04025605	0.1046105	328.0763	1.89729
1981	1	-38.9883	-37.5774	-1.410897	0.03813724	0.4808418	0.2445864	18.17508	1.98982
1982	0	-37.98118	-38.04198	0.06080286	0.002114177	0.04028228	0.09338526	327.8567	2.535926
1983	1	-37.93401	-37.02536	-0.9086537	0.03060052	0.417309	0.1646447	22.65149	2.711756
1984	0	-38.12283	-36.96629	-1.156541	0.01766621	0.2782578	0.2532528	39.23575	2.570292
1985	1	-39.14896	-37.8527	-1.29626	0.04959452	0.5589799	0.1855056	13.97629	2.491345
1986	0	-38.32551	-36.77882	-1.546689	0.03987834	0.4940315	0.2733534	17.38155	2.939259
1987	1	-38.6789	-37.40757	-1.271333	0.02639045	0.3766689	0.2511225	26.26508	1.968112
1988	0	-37.33733	-36.52533	-0.812	0.0183229	0.2864116	0.1777842	37.82956	2.717946
1989	1	-42.45656	-39.28454	-3.172018	0.1106204	0.7722199	0.511213	6.265999	3.575266
1990	0	-38.26371	-37.77938	-0.4843381	0.02036365	0.3109314	0.124472	34.03845	2.888509
1991	1	-39.46096	-37.27256	-2.188398	0.07640101	0.6825767	0.3099939	9.072488	2.768917
1992	0	-38.16427	-36.98981	-1.17446	0.02703163	0.3831216	0.2258815	25.64208	3.213441
1993	1	-37.33176	-36.58677	-0.7449918	0.01166733	0.1973166	0.1826514	59.40921	2.888953
1994	0	-37.17029	-36.61911	-0.5511827	0.004021982	0.07478434	0.1676317	172.3397	2.36608
1995	1	-40.01245	-38.10407	-1.908384	0.03781571	0.4783489	0.4040738	18.32961	3.198689
1996	0	-38.3477	-37.4462	-0.9014985	0.009822038	0.1698805	0.2192369	70.57061	3.430066
1997	1	-42.04808	-40.5511	-1.496983	0.06392315	0.6332445	0.1851933	10.84345	2.146427
1998	0	-39.43927	-37.63237	-1.806899	0.04736704	0.5452849	0.3189994	14.63353	2.06654
1999	1	-39.55579	-37.92871	-1.627086	0.05683359	0.5992544	0.2331427	12.19608	2.244896
2000	0	-37.37393	-36.84493	-0.528997	0.002720377	0.05143025	0.166996	254.7982	2.113291
2001	1	-38.16603	-37.79196	-0.3740711	0.007162065	0.1280103	0.1343302	96.78036	3.485813
2002	0	-37.66091	-36.7004	-0.9605169	0.01501131	0.2439168	0.2161272	46.175	2.49058
2003	1	-38.89144	-37.56035	-1.331087	0.03083359	0.4194438	0.2503677	22.48026	3.473883
2004	0	-39.696	-38.09235	-1.603653	0.05436979	0.5862307	0.235809	12.74876	2.126955
2005	1	-40.54666	-38.04425	-2.502407	0.07697768	0.684583	0.4209084	9.004521	3.405686
2006	0	-40.42593	-39.06721	-1.358721	0.02737144	0.3865019	0.2702834	25.32374	4.005001
2007	1	-41.4016	-39.34559	-2.056005	0.03356798	0.4436449	0.4973144	20.64906	2.169289
2008	0	-38.91865	-37.11264	-1.806016	0.04717071	0.5440459	0.3196029	14.69444	2.354569
2009	1	-39.44609	-38.32922	-1.116877	0.009724785	0.1683989	0.2723002	71.27635	3.6369
2010	0	-39.19764	-38.21247	-0.9851704	0.02420598	0.3539319	0.1945397	28.63537	3.692179
2011	1	-39.20425	-37.4597	-1.744547	0.06066902	0.6182515	0.2483733	11.42506	2.448217
2012	0	-43.31976	-41.47339	-1.846378	0.04346922	0.519665	0.3506292	15.9457	4.456755
2013	1	-38.85793	-37.95245	-0.9054754	0.01772116	0.2789452	0.1968705	39.11409	3.686858
2014	0	-38.77434	-38.08487	-0.6894636	0.004699003	0.08662549	0.190659	147.5094	1.456159
2015	1	-38.54034	-36.81774	-1.7226	0.04701444	0.5430559	0.2946745	14.74328	2.549467
2016	0	-37.83781	-37.04641	-0.7914009	0.004743062	0.08738895	0.210988	146.1392	2.25304
2017	1	-38.34898	-37.57717	-0.7718173	0.005443676	0.09941409	0.2048588	127.3307	3.534673
2018	0	-40.87717	-37.93537	-2.941795	0.0931544	0.7330472	0.5197197	7.440842	2.401384
2019	1	-40.05752	-38.61898	-1.438535	0.02653924	0.3781751	0.2962017	26.11783	1.542516
2020	0	-40.89892	-37.92096	-2.977966	0.09558364	0.7392007	0.5206847	7.251735	3.244331
2021	1	-38.43716	-36.81653	-1.620632	0.05119462	0.5684209	0.2508496	13.53945	2.745976
2022	0	-38.87709	-37.79156	-1.085536	0.00700411	0.1254338	0.2742382	98.96292	2.334759
2023	1	-39.87859	-37.95892	-1.919673	0.06936664	0.656245	0.2616991	9.992515	2.378836
2024	0	-38.33285	-37.85683	-0.4760213	0.003040547	0.05724793	0.1576649	227.9679	3.709788
2025	1	-41.87378	-38.94108	-2.9327	0.07470466	0.6765468	0.6683536	9.2785	3.237295
2026	0	-41.15384	-40.15013	-1.003708	0.01707589	0.270815	0.2191802	40.59216	0.9662247
2027	1	-37.63865	-37.03154	-0.6071109	0.01032936	0.1775509	0.1621625	67.10459	3.266062
2028	0	-41.54467	-38.58236	-2.962311	0.09216497	0.7304663	0.5379589	7.520723	3.487495
2029	1	-42.2873	-38.76766	-3.519641	0.1157269	0.7817456	0.6733562	5.989508	3.435731
2030	0	-39.17852	-38.12539	-1.05313	0.002825719	0.05334969	0.2816359	245.2994	2.418339
2031	1	-39.34552	-37.97741	-1.368111	0.03096368	0.4206303	0.2593341	22.38581	1.759847
2032	0	-37.54201	-37.17746	-0.3645476	0.01123732	0.1910365	0.1256135	61.6826	2.899963
2033	1	-39.25388	-38.31285	-0.9410293	0.02940501	0.4061744	0.1729587	23.57242	3.534058
2034	0	-38.8689	-37.97301	-0.8958903	0.003164439	0.05948623	0.2395089	219.0427	1.758547
2035	1	-37.91501	-36.96632	-0.9486874	0.015652	0.2524112	0.2116613	44.28491	3.196061
2036	0	-39.98549	-38.21014	-1.775356	0.02954805	0.4075231	0.3975653	23.4583	2.482293
2037	1	-38.16862	-36.90426	-1.26436	0.03905284	0.4878423	0.208533	17.74896	2.980026
2038	0	-38.84613	-36.97931	-1.866825	0.0537592	0.582898	0.3094571	12.89355	3.038995
2039	1	-37.61236	-37.01618	-0.5961805	0.01800574	0.2824899	0.1439162	38.49591	2.918576
2040	0	-39.92948	-38.01623	-1.91325	0.0613162	0.6213125	0.2913407	11.30447	2.10585
2041	1	-40.14338	-39.40629	-0.7370844	0.01123986	0.1910737	0.1823104	61.66867	1.132045
2042	0	-37.62612	-37.31413	-0.3119887	0.006394096	0.1153854	0.1276212	108.4042	2.077996
2043	1	-39.27253	-37.5876	-1.684928	0.04421602	0.5247447	0.2952228	15.67638	2.040993
2044	0	-38.80495	-37.66747	-1.137478	0.01108469	0.188791	0.2726791	62.53192	2.176744
2045	1	-38.92931	-37.35709	-1.572224	0.03158473	0.4262454	0.3152787	21.94564	3.106454
2046	0	-41.99149	-39.04744	-2.944054	0.1060735	0.7630724	0.434003	6.534592	3.474871
2047	1	-42.16762	-39.33161	-2.836011	0.09083068	0.7269149	0.4831514	7.631201	1.956438
2048	0	-41.07803	-38.15758	-2.920445	0.110002	0.7710141	0.400995	6.301225	2.631356
2049	1	-39.69834	-37.36182	-2.336519	0.06477552	0.6370121	0.4236452	10.70076	3.019404
2050	0	-38.49225	-37.20814	-1.284104	0.01979162	0.304181	0.2791998	35.02225	2.842819
2051	1	-37.48935	-36.82517	-0.6641801	0.004222457	0.07831218	0.1871545	164.1573	2.240369
2052	0	-37.58396	-36.67303	-0.9109291	0.01992339	0.3057443	0.191884	34.79063	3.001418
2053	1	-40.00429	-37.73272	-2.271565	0.05847422	0.6075642	0.433961	11.85389	2.324121
2054	0	-41.55303	-39.25555	-2.297485	0.04417038	0.5244366	0.5450796	15.69258	2.210493
2055	1	-37.71804	-37.35713	-0.3609102	0.01100468	0.1876105	0.1255694	62.98656	2.242548
2056	0	-38.63836	-37.11731	-1.521044	0.03050449	0.4164261	0.3041547	22.72279	2.874427
2057	1	-37.0699	-36.57105	-0.4988572	0.008674566	0.1521643	0.1489664	79.90569	2.70754
2058	0	-37.46091	-36.58782	-0.873086	0.01658566	0.2645517	0.193678	41.79195	2.436032
2059	1	-37.92004	-37.18998	-0.7300533	0.01302871	0.2167585	0.1765157	53.20152	1.94168
2060	0	-37.40389	-36.6248	-0.7790911	0.00936642	0.1629076	0.1952306	74.00342	2.571378
2061	1	-43.91311	-41.33012	-2.58299	0.04475988	0.5283917	0.7191783	15.4859	1.774997
2062	0	-38.50768	-37.45608	-1.051602	0.03207343	0.4306074	0.1860343	21.61126	3.280889
2063	1	-38.62232	-37.16066	-1.461652	0.02948261	0.4069066	0.2907836	23.51037	2.312719
2064	0	-39.41455	-37.18295	-2.231594	0.06088783	0.6192909	0.4029808	11.384	2.727238
2065	1	-39.07272	-37.92902	-1.143693	0.02481935	0.3604362	0.2259908	27.92769	1.714247
2066	0	-42.32559	-38.18135	-4.144238	0.154653	0.8352913	0.7255998	4.481952	2.966219
2067	1	-38.30161	-37.25163	-1.049989	0.01201174	0.2022979	0.2465862	57.7058	2.231547
2068	0	-37.8816	-36.62523	-1.256374	0.03204975	0.4303971	0.2283862	21.62723	2.524202
2069	1	-38.54146	-38.02136	-0.5200965	0.01016953	0.175145	0.1489845	68.15921	1.667764
2070	0	-40.96659	-38.04704	-2.919548	0.08670038	0.7153798	0.5568036	7.994742	3.239461
2071	1	-37.70998	-36.57254	-1.137439	0.02994184	0.4112128	0.208905	23.14978	2.622158
2072	0	-39.29705	-37.31935	-1.9777	0.0685462	0.6529344	0.2805669	10.11212	2.574083
2073	1	-39.102	-38.48077	-0.6212262	0.006686793	0.1202264	0.1731519	103.6591	3.936795
2074	0	-38.43627	-37.02747	-1.408796	0.02835643	0.3961481	0.2802359	24.44409	2.99182
2075	1	-39.32105	-37.74011	-1.580942	0.04843605	0.5519395	0.2506686	14.31056	3.39803
2076	0	-37.32439	-36.51192	-0.8124659	0.01706257	0.2706458	0.1810621	40.62385	2.731
2077	1	-37.49536	-36.83741	-0.6579408	0.01400067	0.23024	0.1619953	49.50816	2.218863
2078	0	-38.82931	-37.38566	-1.443658	0.05243904	0.5755439	0.2065002	13.21815	2.655065
2079	1	-36.93009	-36.58643	-0.3436637	0.002879995	0.05433663	0.1384324	240.6765	2.702548
2080	0	-39.46051	-37.30097	-2.159547	0.07437995	0.6753703	0.3099005	9.319005	2.611162
2081	1	-38.46508	-37.71014	-0.7549378	0.001368787	0.02633219	0.2133648	506.3952	1.751908
2082	0	-37.44459	-36.5281	-0.9164886	0.01770841	0.2787857	0.1990865	39.14226	2.676944
2083	1	-38.24532	-37.39048	-0.8548379	0.001963772	0.03748912	0.2338077	352.9672	2.430162
2084	0	-38.46281	-36.81265	-1.650163	0.043531	0.5200884	0.2879083	15.92307	2.520038
2085	1	-44.7599	-42.64722	-2.112681	0.0159598	0.2564445	0.674946	43.43082	3.043397
2086	0	-37.32909	-36.50649	-0.8226042	0.01627394	0.2605294	0.1849561	42.59246	2.612178
2087	1	-39.46783	-38.8482	-0.6196308	0.0100844	0.1738595	0.1647747	68.73462	1.327029
2088	0	-39.38716	-37.42416	-1.962999	0.04831078	0.5511676	0.3679542	14.34767	2.325908
2089	1	-38.22039	-37.47826	-0.7421302	0.0225275	0.3356365	0.1562264	30.76893	2.103825
2090	0	-41.15958	-38.99675	-2.16283	0.03871816	0.4853002	0.5145515	17.90238	2.682281
2091	1	-38.32286	-37.13064	-1.192219	0.03729712	0.4742897	0.1988913	18.58447	2.314518
2092	0	-40.22105	-37.6224	-2.598656	0.09228312	0.7307768	0.3733282	7.511094	3.042823
2093	1	-37.16846	-36.76193	-0.4065316	0.008811859	0.1543112	0.1355656	78.66072	2.77361
2094	0	-37.7686	-36.82376	-0.9448469	0.0163182	0.2611024	0.208875	42.47693	3.094893
2095	1	-37.5319	-36.72657	-0.8053268	0.01395838	0.2296602	0.1878326	49.65815	3.059382
2096	0	-38.85193	-37.45035	-1.401584	0.02196805	0.3293725	0.3044974	31.55251	2.913477
2097	1	-37.49282	-36.64497	-0.8478555	0.01658994	0.2646066	0.1888411	41.78117	2.97868
2098	0	-38.64336	-37.63096	-1.0124	0.007009454	0.1255212	0.2548781	98.88748	3.150741
2099	1	-40.41095	-39.25946	-1.15149	0.01697153	0.269488	0.2544616	40.84176	4.138741
2100	0	-39.60406	-38.47969	-1.124364	0.01068545	0.1828766	0.2706488	64.8683	3.753184
2101	1	-38.86301	-37.48584	-1.377172	0.0421625	0.5105729	0.2234042	16.4399	2.136743
2102	0	-37.42267	-36.56072	-0.8619457	0.01408441	0.2313864	0.1984207	49.21378	2.663475
2103	1	-39.57235	-37.43026	-2.142087	0.07399041	0.6739493	0.306217	9.368068	3.060745
2104	0	-38.10767	-37.25248	-0.85519	0.01885249	0.2928924	0.1842474	36.76688	1.968107
2105	1	-40.70774	-39.09356	-1.614174	0.02814772	0.3941228	0.345143	24.62534	3.894704
2106	0	-38.03794	-37.80202	-0.2359206	0.002148294	0.04091435	0.125584	322.65	3.500233
2107	1	-38.25042	-37.28738	-0.963034	0.03487803	0.4547095	0.1636525	19.87346	2.65415
2108	0	-39.58411	-38.75846	-0.8256446	0.004156215	0.07714851	0.2201557	166.7737	4.048229
2109	1	-39.22174	-37.98905	-1.232691	0.01635487	0.2615767	0.2784009	42.38169	1.812094
2110	0	-38.1981	-37.41692	-0.7811794	0.01085775	0.1854363	0.1915604	63.83893	3.5004
2111	1	-39.76443	-39.53402	-0.2304131	0.001555601	0.02985384	0.1259443	445.5816	1.206343
2112	0	-37.75071	-37.17752	-0.5731827	0.01733915	0.2741476	0.1419748	39.97585	2.2895
2113	1	-37.11277	-36.88674	-0.2260272	0.003535665	0.06615028	0.1219344	196.0444	2.482086
2114	0	-38.6318	-36.8566	-1.775201	0.04802482	0.5493978	0.3061883	14.4331	2.91823
2115	1	-39.15295	-36.98814	-2.164816	0.06914343	0.6553495	0.3354562	10.02477	2.794709
2116	0	-40.33523	-38.19257	-2.142653	0.05052361	0.564501	0.4268161	13.71927	2.080261
2117	1	-40.13618	-37.52936	-2.606821	0.08306842	0.7045103	0.4287144	8.344293	3.157652
2118	0	-39.28917	-37.37394	-1.915226	0.04622711	0.5380166	0.3612679	14.99439	2.353621
2119	1	-37.36734	-36.67244	-0.6948971	0.0160064	0.2570525	0.1633983	43.30437	2.403233
2120	0	-39.55681	-37.4759	-2.080906	0.06889544	0.6543501	0.3095393	10.06086	2.383707
2121	1	-42.99911	-42.8886	-0.1105158	0.007609262	0.1352489	0.102558	91.09257	4.224134
2122	0	-40.4108	-38.71827	-1.692534	0.02716772	0.3844786	0.3784794	25.51363	1.837877
2123	1	-37.89152	-36.9735	-0.9180203	0.01090321	0.1861098	0.2195109	63.57279	2.245691
2124	0	-37.27268	-36.71184	-0.5608402	0.01002702	0.1729915	0.1554927	69.12796	2.298146
2125	1	-40.22491	-37.7752	-2.44971	0.07165261	0.6651952	0.430497	9.673718	2.272096
2126	0	-41.10955	-38.75035	-2.359201	0.04870308	0.553578	0.54382	14.2321	2.758094
2127	1	-39.16289	-37.33515	-1.827745	0.06391178	0.6331938	0.2578358	10.84537	2.977079
2128	0	-42.08426	-39.86855	-2.215711	0.05051223	0.5644341	0.4592397	13.72236	3.98546
2129	1	-38.27602	-37.76571	-0.5103101	0.006437063	0.1160983	0.155521	107.6807	3.627756
2130	0	-37.70807	-36.98907	-0.7189952	0.01315419	0.2185173	0.1742654	52.69402	2.059699
2131	1	-37.92441	-37.22724	-0.6971704	0.003279395	0.06155669	0.1960259	211.3644	3.322319
2132	0	-40.60683	-39.04308	-1.563754	0.01854334	0.2891195	0.3758577	37.37984	3.503453
2133	1	-42.45512	-39.63436	-2.820766	0.08767878	0.7181889	0.4975069	7.905529	3.781015
2134	0	-37.75204	-36.83755	-0.9144865	0.02862254	0.398716	0.1703003	24.21683	2.660168
2135	1	-39.23824	-37.77899	-1.45925	0.02631688	0.3759223	0.303353	26.3385	3.402468
2136	0	-37.41202	-36.72323	-0.6887834	0.01753485	0.2766109	0.1589335	39.52969	2.442211
2137	1	-38.01212	-36.9901	-1.022029	0.02718604	0.3846609	0.1935234	25.49644	2.204038
2138	0	-37.69402	-37.08308	-0.6109375	0.00680689	0.1222022	0.171089	101.8302	1.952078
2139	1	-40.00245	-37.98942	-2.013027	0.0464932	0.5397294	0.3968909	14.90857	2.104432
2140	0	-41.75016	-38.51658	-3.233581	0.09127863	0.7281164	0.7144927	7.593751	2.62239
2141	1	-37.53485	-37.07607	-0.4587815	0.01297657	0.216026	0.1346764	53.41527	2.33944
2142	0	-39.26852	-37.38995	-1.878568	0.06471248	0.6367356	0.2682276	10.71118	3.062687
2143	1	-39.77249	-39.4452	-0.3272867	0.01833186	0.286522	0.1094788	37.81106	3.329985
2144	0	-38.53649	-37.40309	-1.133409	0.0230628	0.3415516	0.2292983	30.05477	3.438385
2145	1	-37.37012	-37.19148	-0.1786413	0.004669359	0.08611131	0.1144437	148.4459	2.421975
2146	0	-41.87741	-39.15618	-2.721235	0.08970345	0.7238496	0.4376756	7.727096	3.635826
2147	1	-37.2919	-36.78455	-0.5073469	0.004176166	0.0774992	0.1600931	165.9769	2.157467
2148	0	-37.57726	-36.98187	-0.5953842	0.009930665	0.1715312	0.1611772	69.79867	2.061859
2149	1	-39.95811	-38.72942	-1.228688	0.0057987	0.1054256	0.3218791	119.5349	3.157437
2150	0	-38.14785	-37.55274	-0.5951114	0.02034539	0.3107174	0.1390887	34.06901	3.123145
2151	1	-38.72516	-38.73012	0.004958454	0.00747167	0.1330305	0.09155112	92.77005	2.813151
2152	0	-38.0055	-36.70846	-1.297042	0.02774007	0.3901382	0.2527964	24.98722	2.637036
2153	1	-39.29316	-37.7907	-1.502466	0.02259952	0.3364368	0.3338277	30.67087	2.926925
2154	0	-39.11182	-37.56849	-1.54333	0.03133405	0.4239887	0.3073857	22.12121	2.072244
2155	1	-38.27036	-36.80956	-1.460796	0.03537661	0.458834	0.2673247	19.59337	2.974731
2156	0	-41.54152	-38.41806	-3.123464	0.1150478	0.7805215	0.4574609	6.024865	3.259462
2157	1	-38.26315	-36.84243	-1.420723	0.04482233	0.5288077	0.2247437	15.46433	2.869615
2158	0	-41.59789	-38.02266	-3.575225	0.1274416	0.8010153	0.6032763	5.438939	3.114424
2159	1	-39.37913	-38.21069	-1.168437	0.01685077	0.2679482	0.2592526	41.13444	3.729434
2160	0	-42.52517	-38.52597	-3.999209	0.1300433	0.804867	0.8885645	5.330125	2.853549
2161	1	-38.61626	-36.92721	-1.689049	0.04881642	0.5542705	0.27779	14.19906	3.050698
2162	0	-43.1619	-40.06234	-3.099564	0.0731172	0.6707253	0.8076314	9.479947	3.323381
2163	1	-38.12929	-37.14102	-0.988272	0.0176595	0.2781738	0.2140509	39.25067	3.318761
2164	0	-39.4614	-37.16329	-2.298111	0.06505319	0.6382256	0.4060861	10.65508	2.696
2165	1	-38.3681	-37.48759	-0.8805152	0.02692462	0.3820514	0.1686081	25.744	2.103716
2166	0	-39.91026	-37.60163	-2.308628	0.05861053	0.6082421	0.4494804	11.82632	2.558294
2167	1	-37.94856	-36.71279	-1.235765	0.03363501	0.4442192	0.2187732	20.60791	2.962489
2168	0	-37.39953	-36.92466	-0.4748649	0.01038096	0.1783256	0.1419712	66.77104	3.047349
2169	1	-37.72776	-36.55727	-1.170489	0.02801684	0.3928477	0.2218768	24.74038	2.717585
2170	0	-38.58489	-37.52346	-1.06143	0.03700008	0.4719432	0.1752414	18.73366	3.108377
2171	1	-38.54324	-37.34837	-1.19487	0.015259	0.2472168	0.2722501	45.42546	2.934885
2172	0	-39.60868	-37.85796	-1.750729	0.03200233	0.4299758	0.3746763	21.65927	2.975051
2173	1	-37.45431	-37.18691	-0.2673954	0.0001739461	0.00339865	0.133265	3984.838	3.311878
2174	0	-40.38861	-37.80362	-2.584992	0.0777496	0.6872348	0.4521872	8.915122	3.285675
2175	1	-38.51479	-37.60934	-0.9054508	0.001484972	0.02852441	0.2476151	466.7746	2.580729
2176	0	-39.17086	-37.11787	-2.052994	0.05416918	0.5851405	0.3706274	12.79597	2.599529
2177	1	-37.88158	-36.73049	-1.151091	0.03247095	0.4341192	0.2043439	21.34668	2.943006
2178	0	-38.23447	-37.28136	-0.9531152	0.01639235	0.2620609	0.2103887	42.28481	3.404196
2179	1	-37.61665	-37.18463	-0.4320127	0.008201278	0.1447057	0.140269	84.51697	2.04695
2180	0	-38.05039	-36.7353	-1.315088	0.03903106	0.4876775	0.2194519	17.75886	2.549572
2181	1	-38.44295	-37.10793	-1.335011	0.03552213	0.4600289	0.235244	19.51311	2.172525
2182	0	-38.15943	-37.54282	-0.6166093	0.02124959	0.321203	0.1403076	32.61932	3.109416
2183	1	-38.35355	-37.50959	-0.8439604	0.008811177	0.1543006	0.2099552	78.66681	1.79143
2184	0	-37.18069	-36.56807	-0.6126167	0.006401613	0.1155102	0.1723605	108.277	2.824879
2185	1	-38.97287	-38.19179	-0.7810732	0.0003022437	0.005895525	0.2223394	2293.339	1.523506
2186	0	-39.38848	-38.27726	-1.111224	0.03920558	0.4889961	0.1785384	17.67981	3.368954
2187	1	-38.53847	-38.15392	-0.3845433	0.01945923	0.3002151	0.1140985	35.62048	2.626964
2188	0	-39.43831	-38.3373	-1.101006	0.01432805	0.234708	0.2511395	48.37694	1.51572
2189	1	-37.99508	-37.60396	-0.3911189	0.01102117	0.187854	0.1293904	62.89232	3.262774
2190	0	-42.74443	-39.23718	-3.507249	0.09623527	0.7408084	0.8758748	7.202631	2.864875
2191	1	-37.05242	-36.5502	-0.5022185	0.00260982	0.04941014	0.1628376	265.5919	2.747807
2192	0	-42.22788	-39.62804	-2.599844	0.06476787	0.6369785	0.5513276	10.70202	3.790365
2193	1	-38.10165	-37.93271	-0.1689435	0.005482836	0.1000799	0.1120442	126.4213	2.010433
2194	0	-39.36416	-37.63307	-1.731093	0.03900443	0.4874758	0.332791	17.77099	2.093738
2195	1	-37.17054	-37.01601	-0.1545304	0.001997634	0.03811892	0.1160142	346.9841	2.424282
2196	0	-42.15858	-40.69903	-1.459552	0.0454606	0.5330269	0.2315446	15.24721	1.419327
2197	1	-39.4895	-38.46344	-1.026066	0.001792932	0.03430321	0.2781444	386.5999	1.877394
2198	0	-37.586	-36.74144	-0.8445574	0.02415889	0.3534287	0.1691335	28.69118	2.830184
2199	1	-40.22125	-39.83675	-0.3844958	0.0003400249	0.006629217	0.1494697	2038.519	4.33836
2200	0	-37.13888	-36.58849	-0.5503899	0.00332705	0.06241319	0.1691512	208.3369	2.812505
2201	1	-37.35359	-36.76324	-0.5903507	0.0006942485	0.01347302	0.1827182	998.4137	2.412519
2202	0	-38.80124	-37.75543	-1.04581	0.01906227	0.2954366	0.2222797	36.36225	1.726577
2203	1	-37.29121	-36.96459	-0.3266219	0.007473065	0.133053	0.1275436	92.75273	2.384093
2204	0	-40.93078	-38.38381	-2.546968	0.07278637	0.6694897	0.4669318	9.523036	2.079105
2205	1	-40.12096	-38.11132	-2.009635	0.03980281	0.49347	0.4347532	17.41453	2.889166
2206	0	-38.2252	-36.88836	-1.336839	0.03751364	0.4759903	0.2291369	18.4772	2.337888
2207	1	-38.14585	-37.95678	-0.1890709	0.003440558	0.06444905	0.1176684	201.4636	1.836883
2208	0	-37.78159	-37.07332	-0.7082649	0.0166281	0.2650968	0.1641493	41.6853	3.223617
2209	1	-37.45448	-36.58309	-0.871387	0.01529014	0.2476301	0.1969202	45.33296	2.476438
2210	0	-38.16652	-36.7205	-1.446018	0.03730599	0.4743596	0.2563213	18.58005	2.495235
2211	1	-39.13117	-37.37285	-1.758315	0.05439919	0.5863901	0.2751369	12.74187	3.242949
2212	0	-38.92586	-37.36125	-1.564603	0.03038166	0.4152938	0.3182478	22.81465	2.352339
2213	1	-41.90991	-38.21195	-3.697964	0.1223295	0.7930142	0.7331337	5.666231	3.114138
2214	0	-38.05638	-37.16663	-0.8897435	0.005348738	0.09779724	0.2308085	129.5908	2.512591
2215	1	-41.92917	-38.56614	-3.363026	0.1135683	0.7778104	0.5935687	6.103353	2.316679
2216	0	-37.14664	-36.68286	-0.4637804	0.0009993861	0.01931802	0.1603028	693.573	2.987134
2217	1	-37.44229	-36.7955	-0.6467848	0.01420143	0.2329842	0.1597445	48.80828	3.045446
2218	0	-37.24264	-36.75927	-0.4833688	0.0005863376	0.01139481	0.1644304	1182.164	2.203679
2219	1	-37.76596	-36.90717	-0.8587889	0.01499865	0.2437476	0.1952573	46.21397	2.122881
2220	0	-43.47362	-39.19036	-4.283258	0.152727	0.8332449	0.8568176	4.538473	3.447099
2221	1	-38.03101	-37.16021	-0.8708023	0.03054495	0.4167983	0.1586536	22.69269	2.671754
2222	0	-40.34749	-38.28695	-2.060541	0.04014202	0.4959843	0.4552712	17.26737	2.795137
2223	1	-39.33092	-38.43453	-0.8963855	0.02260678	0.3365173	0.1820792	30.66103	3.732941
2224	0	-41.57846	-39.70322	-1.875241	0.0776413	0.6868651	0.222711	8.927557	2.361444
2225	1	-38.63327	-37.47368	-1.159591	0.04297384	0.5162491	0.1776723	16.12951	2.587558
2226	0	-39.4638	-37.46022	-2.003579	0.05978713	0.6140149	0.3258452	11.59358	3.278639
2227	1	-40.78534	-40.05986	-0.7254791	0.0163232	0.2611671	0.1677203	42.46393	1.159092
2228	0	-40.23958	-37.77374	-2.465848	0.06771139	0.6495107	0.4625491	10.23679	2.346569
2229	1	-39.88199	-38.33941	-1.542575	0.05850351	0.6077101	0.2092544	11.84796	2.316499
2230	0	-39.07514	-38.33317	-0.7419652	0.002579944	0.04886325	0.2070421	268.6675	1.368925
2231	1	-38.89134	-37.77191	-1.11943	0.007856701	0.1392187	0.2802963	88.22369	2.563013
2232	0	-38.26797	-37.39951	-0.868451	0.03181372	0.4282954	0.1554694	21.78768	2.878753
2233	1	-39.4012	-38.36585	-1.035343	0.002554929	0.04840502	0.2777312	271.298	3.334684
2234	0	-37.97561	-37.52699	-0.4486143	0.01510112	0.2451157	0.1293725	45.90037	2.21753
2235	1	-37.43048	-37.26945	-0.1610277	0.00183708	0.03512786	0.1170356	377.3091	2.14725
2236	0	-38.37131	-37.00002	-1.371282	0.03426661	0.4495869	0.2482982	20.22806	3.183832
2237	1	-38.53975	-37.20578	-1.333974	0.03535366	0.4586451	0.2355603	19.60609	3.291565
2238	0	-37.92932	-36.74566	-1.183658	0.03040131	0.4154752	0.2173714	22.79991	3.02499
2239	1	-40.29953	-38.11986	-2.179663	0.05211729	0.5737202	0.4330492	13.29976	2.132938
2240	0	-37.77744	-37.05204	-0.7254021	0.001322524	0.02545744	0.2072906	524.1093	2.88677
2241	1	-38.97006	-38.73007	-0.2399914	0.008684207	0.1523153	0.1149755	79.81698	3.523394
2242	0	-38.76702	-37.76126	-1.005763	0.03664273	0.4690991	0.1665917	18.91636	2.29296
2243	1	-38.91494	-37.01732	-1.897625	0.06332225	0.6305495	0.27881	10.94634	2.7807
2244	0	-37.38771	-36.79771	-0.590006	0.01654473	0.2640253	0.1460129	41.89534	2.661123
2245	1	-41.07127	-39.21585	-1.855418	0.02518967	0.3643172	0.4580545	27.51713	2.484234
2246	0	-37.53938	-36.54035	-0.9990324	0.02323456	0.3434334	0.1999806	29.8326	2.788341
2247	1	-41.86969	-40.20832	-1.661375	0.04079389	0.5007631	0.3026323	16.99145	1.256619
2248	0	-37.55745	-36.74036	-0.81709	0.02349477	0.3462697	0.166102	29.50219	2.567854
2249	1	-39.53677	-37.41651	-2.120253	0.05613504	0.5956295	0.3855558	12.34785	2.356338
2250	0	-38.09751	-36.70436	-1.393156	0.03707657	0.4725489	0.2439128	18.69502	2.936099
2251	1	-38.55545	-36.93926	-1.61619	0.03677534	0.4701572	0.3061577	18.84815	2.764449
2252	0	-41.18974	-39.18835	-2.001388	0.03114174	0.4222484	0.4872991	22.25782	2.483764
2253	1	-39.35438	-37.67167	-1.682703	0.03350275	0.4430852	0.3426952	20.68926	3.21142
2254	0	-37.96645	-37.02576	-0.9406881	0.01526205	0.2472573	0.2111347	45.41638	2.082019
2255	1	-38.28325	-37.93315	-0.350102	0.01554269	0.2509715	0.1165064	44.59635	2.993215
2256	0	-37.22591	-36.63314	-0.5927692	0.002584299	0.04894299	0.1783351	268.2148	2.576861
2257	1	-39.26079	-37.19904	-2.061742	0.062982	0.629009	0.3301195	11.00548	2.412788
2258	0	-37.7661	-36.9108	-0.8553024	0.02646442	0.3774184	0.1654824	26.19166	2.886141
2259	1	-38.3235	-37.28504	-1.038458	0.02104919	0.3188987	0.2145444	32.92988	3.397817
2260	0	-37.65829	-36.80351	-0.8547769	0.02610485	0.3737631	0.1662377	26.55243	2.682964
2261	1	-38.09007	-36.84436	-1.245712	0.03224585	0.4321345	0.2253389	21.4957	2.302236
2262	0	-41.20229	-39.99984	-1.202448	0.00300646	0.05663084	0.3261573	230.5526	4.075694
2263	1	-40.03819	-38.56301	-1.475179	0.01635464	0.2615736	0.3547995	42.38231	3.174954
2264	0	-39.18682	-37.80817	-1.378651	0.05332873	0.5805225	0.1910865	12.99763	2.648913
2265	1	-38.12654	-37.6187	-0.5078332	0.01881501	0.2924366	0.1302495	36.84011	2.299573
2266	0	-37.21649	-36.62612	-0.5903662	0.01297589	0.2160165	0.153618	53.41806	2.514386
2267	1	-37.82539	-36.95509	-0.870296	0.01564261	0.2522877	0.1957285	44.31147	2.092328
2268	0	-37.73439	-36.90579	-0.828602	0.01828233	0.2859117	0.180864	37.9135	2.158499
2269	1	-37.77646	-36.5812	-1.195269	0.02762829	0.3890389	0.2286953	25.08831	2.742298
2270	0	-38.31481	-37.15475	-1.160052	0.01822486	0.2852026	0.2521457	38.03307	3.125598
2271	1	-38.92474	-37.79398	-1.130754	0.008052876	0.1423484	0.2827038	86.07449	2.609637
2272	0	-37.7551	-36.98833	-0.7667708	0.01041002	0.1787614	0.1900181	66.58465	3.250955
2273	1	-39.16082	-37.95857	-1.202251	0.02765647	0.3893163	0.230206	25.06275	3.64259
2274	0	-39.15861	-37.01902	-2.139583	0.06024281	0.6162135	0.3709212	11.50589	2.747428
2275	1	-41.61964	-40.6457	-0.9739354	0.0008923208	0.01727244	0.2673963	776.7914	0.5913211
2276	0	-43.21504	-41.28427	-1.930771	0.01921235	0.2972486	0.5374186	36.07821	1.567522
2277	1	-40.55155	-39.4341	-1.117448	0.004955911	0.09106513	0.2914423	139.8627	1.227497
2278	0	-41.83346	-39.46151	-2.37195	0.04610765	0.5372445	0.5713666	15.03324	2.16373
2279	1	-38.27536	-37.86682	-0.4085455	0.004803456	0.08843408	0.1437525	144.3018	3.628902
2280	0	-40.20777	-38.90756	-1.300213	0.01265384	0.2114708	0.3138343	54.77762	1.556346
2281	1	-41.95713	-40.09844	-1.858686	0.02728047	0.3855996	0.4461794	25.40818	1.443245
2282	0	-39.03145	-37.7343	-1.297143	0.04566699	0.5343787	0.1962616	15.1783	2.277217
2283	1	-38.82573	-37.56053	-1.265201	0.0264301	0.3770709	0.2494474	26.22567	1.889977
2284	0	-40.27976	-37.85327	-2.426484	0.08005621	0.6949353	0.3735324	8.658256	2.304316
2285	1	-38.07072	-37.01293	-1.05779	0.0136674	0.2256542	0.2427725	50.71535	2.85253
2286	0	-38.74291	-37.08644	-1.656472	0.04944734	0.5580951	0.2665005	14.01789	3.141188
2287	1	-41.96971	-40.41069	-1.55902	0.0124221	0.2081772	0.4078687	55.79951	1.343776
2288	0	-39.77473	-37.23359	-2.541136	0.08433481	0.7083813	0.394341	8.218992	2.723006
2289	1	-37.599	-37.10551	-0.4934843	0.01251526	0.2095035	0.1403436	55.38416	2.204121
2290	0	-38.59707	-36.83205	-1.765016	0.0545669	0.5872975	0.2763313	12.7027	2.644147
2291	1	-38.02533	-37.01253	-1.012794	0.01206728	0.2030971	0.2373966	57.44023	2.441403
2292	0	-37.70157	-36.59986	-1.101718	0.0224571	0.3348528	0.2240544	30.86539	2.711101
2293	1	-38.46822	-38.05589	-0.412324	0.01167168	0.1973797	0.1309546	59.38711	3.450105
2294	0	-37.81435	-36.68502	-1.129327	0.03269842	0.4361142	0.1993034	21.19819	2.831995
2295	1	-37.37499	-37.17102	-0.2039694	0.00346126	0.06481972	0.1193997	200.2586	2.225612
2296	0	-39.06672	-36.99844	-2.068276	0.06165588	0.622903	0.3385667	11.24219	2.96994
2297	1	-38.78953	-37.73187	-1.057657	0.01513671	0.24559	0.2377538	45.79247	3.560991
2298	0	-37.9165	-36.78528	-1.131217	0.03490358	0.454922	0.1935561	19.85892	2.813501
2299	1	-37.57911	-36.74066	-0.8384519	0.009044183	0.1579272	0.2081158	76.64011	2.650362
2300	0	-38.1596	-37.72168	-0.4379194	0.01433183	0.2347595	0.1293948	48.36417	3.227037
2301	1	-37.5189	-36.7314	-0.787506	0.02198678	0.3295835	0.1647321	31.52564	2.827653
2302	0	-37.95527	-36.78821	-1.167057	0.03382714	0.4458602	0.2036929	20.49086	2.967773
2303	1	-38.15992	-36.9481	-1.211816	0.02097776	0.3180748	0.2554136	33.04201	2.921509
2304	0	-40.65712	-37.5518	-3.105324	0.1022167	0.754772	0.5385083	6.781152	2.789402
2305	1	-40.21598	-38.17325	-2.042735	0.04654057	0.5400333	0.4085851	14.8934	3.415062
2306	0	-40.30117	-37.99317	-2.308	0.05919556	0.6111298	0.4455014	11.70945	2.201511
2307	1	-41.4611	-38.71083	-2.750268	0.06643372	0.6441606	0.6259188	10.43367	2.578251
2308	0	-38.15226	-36.69774	-1.454515	0.03504076	0.4560608	0.2669142	19.78117	2.71793
2309	1	-38.15489	-37.33109	-0.8237987	0.02963981	0.4083859	0.1533167	23.38568	2.506911
2310	0	-42.5779	-39.65343	-2.924475	0.07795251	0.6879256	0.6331535	8.891916	1.883281
2311	1	-39.21076	-37.42855	-1.78221	0.04902162	0.5555202	0.3040303	14.13962	3.32227
2312	0	-38.62232	-37.12926	-1.493064	0.03004018	0.4121289	0.2977087	23.074	2.410385
2313	1	-41.82545	-39.38444	-2.441015	0.05483901	0.588763	0.5411823	12.63967	3.63995
2314	0	-37.1534	-36.67092	-0.4824811	0.001118839	0.02159357	0.1630534	619.5235	2.301153
2315	1	-40.71855	-39.30895	-1.409602	0.01573306	0.2534764	0.3352099	44.05674	3.903749
2316	0	-37.64274	-37.2385	-0.4042418	0.005383777	0.09839443	0.1419666	128.7474	1.945936
2317	1	-37.376	-36.51815	-0.8578498	0.01598916	0.2568277	0.1923635	43.35106	2.690055
2318	0	-39.3659	-37.44159	-1.92431	0.06893876	0.654525	0.2645095	10.05453	2.626701
2319	1	-37.58761	-36.53405	-1.053559	0.02374538	0.3489845	0.2096693	29.19083	2.700884
2320	0	-40.82978	-38.052	-2.777782	0.1045958	0.7599534	0.3752728	6.626909	2.671287
2321	1	-38.38027	-37.04852	-1.331758	0.04437076	0.5257867	0.2069287	15.62171	2.533468
2322	0	-38.79039	-36.95326	-1.837123	0.0601627	0.6158284	0.2744203	11.52121	2.817734
2323	1	-44.39595	-41.43552	-2.960425	0.05863519	0.6083645	0.8622464	11.82135	2.000471
2324	0	-39.55311	-37.49538	-2.057728	0.0485754	0.5527957	0.403005	14.26951	2.541604
2325	1	-43.1238	-40.66373	-2.460079	0.04897703	0.5552491	0.5992185	14.1525	1.529193
2326	0	-38.53086	-36.76984	-1.761026	0.04857915	0.5528187	0.2995239	14.26841	2.734039
2327	1	-38.1837	-37.28749	-0.8962163	0.01134035	0.1925473	0.2134543	61.1222	1.930876
2328	0	-38.31921	-37.23492	-1.084291	0.02407034	0.3524806	0.2152226	28.79674	1.998501
2329	1	-38.59024	-37.49366	-1.09658	0.01226998	0.2060048	0.2574061	56.49129	3.208958
2330	0	-38.37019	-37.49227	-0.8779229	0.006538198	0.1177733	0.2242957	106.015	1.910727
2331	1	-38.48551	-37.68026	-0.8052514	0.02863273	0.398814	0.1526556	24.20821	3.140572
2332	0	-39.65285	-38.74148	-0.9113687	6.682842e-05	0.001307554	0.254125	10372.04	3.821519
2333	1	-39.83003	-39.23101	-0.5990191	0.004683806	0.08636195	0.1742092	147.988	4.199035
2334	0	-39.28751	-37.99981	-1.287696	0.01325978	0.2199932	0.3072888	52.2744	3.069659
2335	1	-37.65152	-36.93626	-0.7152648	0.01010684	0.1741986	0.1812534	68.58201	2.068702
2336	0	-39.67641	-37.43533	-2.241078	0.05792035	0.6047903	0.4242366	11.96725	2.557953
2337	1	-42.90664	-40.73321	-2.173433	0.05095535	0.5670296	0.4374816	13.60303	4.240944
2338	0	-42.11675	-40.37249	-1.744262	0.03286276	0.4375491	0.367764	21.09218	1.113311
2339	1	-39.26273	-37.58101	-1.681724	0.03256983	0.4349877	0.3469017	21.28188	2.356089
2340	0	-38.37511	-37.49057	-0.8845309	0.001786204	0.03417746	0.2414591	388.0559	2.628208
2341	1	-42.2045	-39.71905	-2.485445	0.07580513	0.6804805	0.4207406	9.143803	3.844689
2342	0	-37.02193	-36.76308	-0.2588528	0.002117968	0.04035255	0.1285523	327.2698	2.870289
2343	1	-37.79655	-36.70566	-1.090893	0.03258245	0.4350984	0.1921031	21.27364	2.72863
2344	0	-38.1783	-37.17323	-1.005073	0.01696547	0.2694109	0.2198222	40.85635	2.009883
2345	1	-38.77571	-37.14055	-1.635158	0.04236723	0.5120149	0.2883217	16.36046	3.202438
2346	0	-37.8189	-37.48486	-0.3340362	0.01131047	0.1921096	0.1217129	61.28367	2.26079
2347	1	-39.0992	-37.26128	-1.837919	0.04452962	0.5268529	0.3425068	15.56598	3.097671
2348	0	-38.25703	-37.36504	-0.8919969	0.03302062	0.4389222	0.1564828	20.99135	2.704695
2349	1	-37.61088	-37.36581	-0.2450723	0.009348609	0.1626334	0.1144816	74.14442	2.653961
2350	0	-37.34223	-36.62153	-0.7207077	0.01649352	0.2633659	0.1665208	42.02544	2.872875
2351	1	-40.32371	-39.38586	-0.9378421	0.009833186	0.1700501	0.2273155	70.4906	1.053218
2352	0	-37.32518	-36.52572	-0.7994576	0.01810444	0.2837136	0.1761109	38.28604	2.645952
2353	1	-38.05438	-37.00982	-1.044553	0.01296738	0.2158968	0.2419609	53.45314	2.514687
2354	0	-39.99403	-38.9889	-1.005138	0.001371214	0.02637804	0.2740113	505.4991	1.421336
2355	1	-39.27249	-37.30927	-1.963221	0.06549115	0.6401261	0.288729	10.58383	3.091029
2356	0	-37.69982	-37.64115	-0.05866805	0.0005232467	0.01017705	0.1076277	1324.704	2.079249
2357	1	-37.4072	-37.02289	-0.3843165	0.00531932	0.09729543	0.1392926	130.3075	3.186109
2358	0	-37.12929	-36.70699	-0.4222968	0.0087648	0.1535762	0.1378114	79.08306	2.569501
2359	1	-37.74278	-36.9481	-0.7946786	0.02242618	0.3345083	0.1648912	30.90795	3.042788
2360	0	-37.78991	-36.78062	-1.009288	0.0187144	0.2912107	0.2153637	37.03817	3.046722
2361	1	-39.87364	-37.31947	-2.554168	0.08066903	0.6969264	0.4207473	8.592482	2.576415
2362	0	-38.41665	-37.69311	-0.7235347	0.001756269	0.03361767	0.20564	394.6702	3.55883
2363	1	-40.24274	-37.5907	-2.652046	0.07720596	0.6853712	0.4872752	8.977897	2.526017
2364	0	-41.92092	-41.25254	-0.6683873	0.008753912	0.153406	0.17629	79.18142	0.6680655
2365	1	-38.13169	-36.88194	-1.249751	0.02805448	0.3932148	0.2400512	24.70718	2.269766
2366	0	-40.51357	-38.98668	-1.526885	0.01981545	0.304464	0.3558011	34.98014	1.665283
2367	1	-38.7755	-37.17551	-1.599998	0.03373197	0.4450482	0.3144731	20.54867	2.972954
2368	0	-38.08614	-38.03239	-0.05375184	0.006086032	0.1102511	0.0990061	113.8915	2.829984
2369	1	-39.01098	-36.99046	-2.020519	0.05465562	0.5877762	0.3563276	12.68208	2.754426
2370	0	-38.63251	-36.99275	-1.639758	0.04463157	0.5275351	0.2805327	15.53042	2.337969
2371	1	-37.74753	-36.69183	-1.055699	0.02837395	0.3963177	0.1968195	24.429	2.44001
2372	0	-37.5542	-36.88458	-0.6696247	0.002547751	0.04827346	0.1926811	272.0624	2.98307
2373	1	-38.11456	-37.03271	-1.081856	0.01584829	0.2549869	0.2411412	43.73639	3.035766
2374	0	-38.75609	-38.0392	-0.7168914	0.006764579	0.1215068	0.1903255	102.4672	3.792518
2375	1	-38.3572	-37.38369	-0.9735112	0.03129997	0.4236809	0.1739498	22.1453	2.219569
2376	0	-37.71304	-36.64425	-1.068786	0.02013722	0.3082705	0.2240182	34.4212	2.776095
2377	1	-42.10734	-38.46026	-3.647085	0.117471	0.7848317	0.746265	5.900581	3.228914
2378	0	-38.22058	-37.78775	-0.4328349	0.01291302	0.2151319	0.1313448	53.67815	1.988175
2379	1	-37.98445	-36.66808	-1.316377	0.0331209	0.4397919	0.2388678	20.92779	2.911202
2380	0	-37.87641	-36.78871	-1.087704	0.01828344	0.2859253	0.2343537	37.91121	2.851666
2381	1	-40.28952	-37.41621	-2.873309	0.09590371	0.7399926	0.4668307	7.227532	2.932516
2382	0	-39.93846	-38.22734	-1.711125	0.0390006	0.4874468	0.3262293	17.77273	3.632285
2383	1	-38.46276	-37.07118	-1.391582	0.0321331	0.4311365	0.261143	21.57113	3.200815
2384	0	-42.61131	-39.48781	-3.123499	0.08316128	0.7047971	0.7177757	8.334975	2.097502
2385	1	-37.49952	-36.87466	-0.6248566	0.01511017	0.2452363	0.1542864	45.87289	3.04422
2386	0	-41.44887	-39.17224	-2.276636	0.09463242	0.7368216	0.2617138	7.324627	2.800801
2387	1	-38.01476	-36.81796	-1.196809	0.02147187	0.3237457	0.2498589	32.28164	2.59732
2388	0	-42.03853	-38.57242	-3.466113	0.1023065	0.7549711	0.771491	6.775205	2.638244
2389	1	-37.63468	-36.59647	-1.038214	0.02066779	0.3144826	0.2156508	33.53755	2.802675
2390	0	-37.36047	-36.59	-0.7704779	0.009919638	0.1713638	0.1920496	69.87626	2.584215
2391	1	-37.41648	-36.79606	-0.6204234	0.01746159	0.2756902	0.1485855	39.69553	2.582791
2392	0	-37.59312	-36.939	-0.6541249	0.00250438	0.04747814	0.1898339	276.7739	3.090772
2393	1	-38.15568	-37.98089	-0.1747904	0.01040879	0.1787431	0.1051257	66.59248	2.817098
2394	0	-37.73711	-36.88801	-0.8490997	0.01549376	0.2503257	0.1920268	44.73719	3.18803
2395	1	-37.54075	-37.50489	-0.03585979	0.001736875	0.03325475	0.1034125	399.0772	2.869377
2396	0	-38.0319	-37.13651	-0.8953943	0.01685872	0.2680497	0.1972847	41.11506	1.990171
2397	1	-38.63662	-37.05304	-1.583579	0.04623647	0.5380771	0.2592621	14.99135	3.145182
2398	0	-37.90647	-37.02088	-0.885589	0.007366837	0.1313351	0.2233915	94.0902	2.877754
2399	1	-39.75449	-38.58958	-1.16491	0.004230694	0.07845675	0.3087552	163.8377	3.101615
2400	0	-39.66792	-39.37089	-0.2970292	0.0186933	0.2909532	0.1056749	37.07999	3.189486
2401	1	-37.42914	-36.93779	-0.4913499	0.006710948	0.1206243	0.1520109	103.286	3.198508
2402	0	-37.36148	-37.25517	-0.1063061	0.002789279	0.05268631	0.1093229	248.504	2.798108
2403	1	-38.68981	-37.53406	-1.155754	0.01128549	0.1917433	0.2769219	61.41933	2.715258
2404	0	-37.63054	-36.60584	-1.024697	0.02810684	0.393725	0.1915327	24.66115	2.638127
2405	1	-40.67068	-39.08852	-1.582155	0.01599705	0.2569306	0.3968588	43.32968	3.035635
2406	0	-38.05089	-36.76304	-1.287854	0.04000827	0.4949952	0.2106284	17.3251	2.688964
2407	1	-38.20577	-36.75272	-1.453052	0.03494737	0.455286	0.2668759	19.83403	2.89258
2408	0	-37.65513	-36.80093	-0.8542031	0.01730793	0.2737535	0.1881259	40.04795	3.121151
2409	1	-39.2513	-37.61104	-1.640265	0.05846061	0.6074965	0.2308681	11.85665	2.429718
2410	0	-38.66131	-36.85885	-1.802458	0.05059146	0.5649	0.3034448	13.70087	2.544149
2411	1	-40.41911	-39.18065	-1.238461	0.003091097	0.05816205	0.3377132	224.2399	2.102971
2412	0	-39.81939	-37.57045	-2.248933	0.0683103	0.6519726	0.3692145	10.14704	3.274835
2413	1	-39.07819	-37.97589	-1.102296	0.006385397	0.115241	0.2813212	108.5519	2.253404
2414	0	-39.27403	-37.31926	-1.954765	0.04735617	0.5452164	0.3698914	14.63689	2.454286
2415	1	-40.27691	-37.57204	-2.704866	0.07771576	0.6871194	0.510019	8.919004	2.905393
2416	0	-38.16161	-37.10477	-1.056838	0.03651378	0.4680671	0.1756411	18.98316	2.771556
2417	1	-39.78523	-37.68561	-2.099616	0.04980747	0.5602551	0.4129937	13.91653	2.367622
2418	0	-37.71189	-37.29103	-0.4208569	0.001835977	0.03510727	0.1517635	377.5359	1.817736
2419	1	-40.69596	-38.66265	-2.033314	0.04781079	0.5480659	0.3975563	14.49771	3.676835
2420	0	-37.77672	-37.06199	-0.7147365	0.001018852	0.01968932	0.2059731	680.3219	2.920483
2421	1	-41.22597	-38.15138	-3.074591	0.1179136	0.785602	0.4183571	5.878434	2.893531
2422	0	-39.12988	-38.64326	-0.4866197	0.01890497	0.2935301	0.1273537	36.66481	1.928708
2423	1	-39.36474	-37.34568	-2.019064	0.04814358	0.5501341	0.3900928	14.3975	2.723333
2424	0	-39.4019	-38.53477	-0.8671276	0.006760265	0.1214359	0.2211924	102.5326	3.95301
2425	1	-37.66846	-36.57839	-1.090067	0.02278198	0.3384579	0.2204449	30.42525	2.638036
2426	0	-39.8701	-37.41802	-2.452085	0.07853307	0.6898875	0.3915531	8.826183	3.135283
2427	1	-44.75722	-43.29355	-1.463666	0.04939169	0.5577599	0.2199403	14.03368	4.285895
2428	0	-40.71383	-37.59025	-3.123583	0.1059454	0.7628048	0.5202926	6.542497	2.975233
2429	1	-39.17308	-37.76922	-1.403861	0.01963474	0.3023132	0.3154184	35.30208	3.047311
2430	0	-41.60757	-38.04547	-3.562105	0.1171107	0.7842009	0.6889652	5.918734	2.670956
2431	1	-38.13263	-36.98032	-1.152308	0.02029653	0.3101442	0.2429847	34.15102	2.259095
2432	0	-39.77377	-37.65877	-2.115007	0.07789871	0.6877427	0.2820274	8.898057	2.928605
2433	1	-38.32199	-36.75477	-1.567221	0.04584767	0.5355571	0.2564604	15.11848	2.56075
2434	0	-36.9694	-36.69355	-0.2758516	0.002918902	0.05504324	0.1292851	237.4685	2.588099
2435	1	-37.37554	-36.82088	-0.5546546	0.01296166	0.2158164	0.1482587	53.47671	2.334654
2436	0	-38.07353	-36.81785	-1.255683	0.02619184	0.3746502	0.2479176	26.46424	2.985183
2437	1	-42.9295	-39.19624	-3.733252	0.1218246	0.7921912	0.7649024	5.689713	2.23032
2438	0	-37.61209	-37.0315	-0.5805831	0.01317508	0.2188096	0.151695	52.61049	2.145426
2439	1	-38.64937	-37.98355	-0.6658221	0.005535632	0.1009764	0.1840167	125.2155	1.502167
2440	0	-38.0702	-37.74637	-0.3238321	0.01013549	0.1746314	0.1224936	68.38811	3.242821
2441	1	-37.31452	-36.69075	-0.6237728	0.003490636	0.06534535	0.1816107	198.5733	2.403682
2442	0	-39.52646	-37.38821	-2.138254	0.0763429	0.6823733	0.2950747	9.079393	2.765779
2443	1	-39.30136	-37.22909	-2.072272	0.07183081	0.6658764	0.2944134	9.64972	2.868798
2444	0	-39.00162	-37.195	-1.80662	0.06264382	0.6274674	0.2570085	11.06489	2.660983
2445	1	-42.05846	-38.83481	-3.223655	0.09637886	0.7411602	0.6582604	7.191901	3.45642
2446	0	-40.21132	-37.663	-2.548326	0.08517387	0.7108977	0.3925068	8.138026	3.200637
2447	1	-38.78012	-37.2711	-1.509016	0.02843099	0.3968693	0.3094506	24.37998	2.941013
2448	0	-38.87961	-37.20757	-1.672033	0.05047697	0.5642265	0.2667716	13.73195	2.287454
2449	1	-37.21727	-36.73573	-0.4815478	0.005644803	0.1028264	0.1528123	122.7939	3.051284
2450	0	-37.4968	-36.71183	-0.7849674	0.009403994	0.1634857	0.196277	73.70774	2.92693
2451	1	-39.88409	-38.8994	-0.9846907	0.001943731	0.03711611	0.266303	356.6066	3.863143
2452	0	-40.57318	-39.45104	-1.122139	0.01091848	0.1863359	0.2691598	63.48387	1.102604
2453	1	-37.15811	-37.0631	-0.09501601	0.0002726446	0.005320221	0.1120075	2542.311	2.42739
2454	0	-37.90972	-37.21279	-0.6969344	0.01168904	0.1976319	0.1740279	59.29888	3.386164
2455	1	-37.85325	-37.14344	-0.7098031	0.009012311	0.1574324	0.183075	76.91115	1.933093
2456	0	-38.05745	-36.63583	-1.421622	0.0396565	0.4923795	0.2419746	17.47878	2.666779
2457	1	-39.01918	-38.0905	-0.92868	0.01157039	0.1959067	0.2197822	59.90699	1.536567
2458	0	-38.20132	-36.70262	-1.498701	0.03825945	0.4817846	0.2665724	18.11702	2.843233
2459	1	-37.44743	-37.00863	-0.4387966	0.005596405	0.1020069	0.1465172	123.8558	3.226995
2460	0	-38.80108	-37.14571	-1.65537	0.0382921	0.482036	0.3116417	18.10157	2.341514
2461	1	-38.5413	-38.06748	-0.4738174	0.005735375	0.1043574	0.1514417	120.8547	1.548696
2462	0	-38.58714	-37.85155	-0.7355894	0.01729109	0.2735408	0.1671239	40.08696	1.767175
2463	1	-37.87447	-36.82772	-1.046754	0.03174154	0.4276504	0.1860046	21.83723	2.904759
2464	0	-37.95929	-37.17309	-0.7861981	0.005360096	0.09799087	0.2080716	129.3162	3.222732
2465	1	-40.44479	-38.21575	-2.229045	0.05133259	0.5692199	0.4600422	13.50306	3.271556
2466	0	-39.63253	-37.29889	-2.33364	0.08135838	0.6991395	0.3342089	8.519678	2.807923
2467	1	-37.97586	-36.86692	-1.108944	0.01893057	0.2938409	0.2372065	36.61523	2.365782
2468	0	-40.23759	-38.62753	-1.610059	0.03931995	0.4898575	0.2935428	17.62839	3.793867
2469	1	-38.9032	-37.45221	-1.450999	0.02644189	0.3771903	0.3003293	26.21398	2.186046
2470	0	-38.2965	-36.81271	-1.483795	0.04331717	0.5186206	0.2445193	16.00167	2.466586
2471	1	-44.21596	-41.4612	-2.754764	0.0842787	0.7082117	0.4886454	8.224465	1.485365
2472	0	-38.7667	-36.87546	-1.89124	0.05883928	0.6093753	0.2951468	11.78035	2.659973
2473	1	-38.71591	-38.1662	-0.5497101	0.01956446	0.3014741	0.1343895	35.4289	2.004437
2474	0	-39.82062	-37.24358	-2.577049	0.08620513	0.7139391	0.3981025	8.040672	2.843757
2475	1	-38.49625	-37.59344	-0.9028072	0.0109475	0.1867654	0.2160615	63.31555	1.762726
2476	0	-40.54874	-37.90095	-2.64779	0.07124761	0.6636383	0.5278127	9.728708	2.520913
2477	1	-37.82215	-37.35337	-0.4687817	0.01726303	0.2731862	0.1280376	40.15212	2.526161
2478	0	-37.56724	-36.65834	-0.9088914	0.0218393	0.3279188	0.1863803	31.73853	2.393294
2479	1	-37.84968	-36.944	-0.9056857	0.02012192	0.3080903	0.1903459	34.44736	3.2066
2480	0	-40.58068	-38.95395	-1.626731	0.01804116	0.2829295	0.403139	38.42032	2.547792
2481	1	-38.19953	-36.80482	-1.394709	0.03864152	0.4847153	0.2389507	17.93789	3.024333
2482	0	-39.29643	-37.14279	-2.153638	0.07167403	0.6652772	0.3200784	9.670827	2.629568
2483	1	-40.17849	-37.81306	-2.365431	0.06245601	0.6266067	0.4505972	11.09817	2.307865
2484	0	-39.32992	-38.19702	-1.132892	0.00508801	0.09333656	0.2954264	136.2315	2.806218
2485	1	-40.35184	-38.86382	-1.488016	0.0203832	0.3111605	0.3395031	34.0058	3.72218
2486	0	-38.21058	-37.33551	-0.8750643	0.02303432	0.3412388	0.1771649	30.09193	3.328819
2487	1	-39.73806	-38.42631	-1.311749	0.02398811	0.3515985	0.2705055	28.89545	3.805313
2488	0	-39.87861	-39.69015	-0.1884646	0.01829502	0.2860682	0.09533804	37.8872	2.45086
2489	1	-40.1852	-39.2487	-0.9365027	0.01757018	0.2770544	0.2035082	39.4502	4.094373
2490	0	-38.42657	-37.77261	-0.6539591	0.0217411	0.3268071	0.1446394	31.88189	2.084974
2491	1	-37.35959	-37.27702	-0.08257318	0.002181342	0.04152608	0.1076797	317.7618	2.492613
2492	0	-38.62313	-37.14967	-1.473468	0.03135698	0.4241956	0.2865514	22.10504	2.259461
2493	1	-37.01059	-36.53682	-0.4737697	0.002673281	0.0505704	0.1581285	259.2871	2.747055
2494	0	-39.13191	-37.60743	-1.524475	0.02468447	0.3590141	0.3313521	28.08029	2.610887
2495	1	-37.38818	-36.57321	-0.8149691	0.02040888	0.3114612	0.1731352	33.96302	2.663318
2496	0	-39.6275	-37.40974	-2.217762	0.0565587	0.5978342	0.4225089	12.25536	2.872059
2497	1	-38.4717	-37.33634	-1.135367	0.01281966	0.2138158	0.2655165	54.0691	2.863582
2498	0	-38.40136	-37.32938	-1.071977	0.01425321	0.2336898	0.244212	48.63097	2.062905
2499	1	-39.82986	-37.57431	-2.255547	0.07367484	0.6727904	0.3445404	9.408194	2.357611
2500	0	-37.74195	-36.60981	-1.13214	0.03006874	0.4123946	0.2074288	23.05208	2.847259
2501	1	-40.29891	-37.55391	-2.744995	0.09439766	0.7362285	0.4194426	7.342843	2.595603
2502	0	-37.32465	-36.52892	-0.7957317	0.0136646	0.2256154	0.1868126	50.72577	2.553474
2503	1	-38.03656	-37.06126	-0.9752975	0.01520309	0.2464736	0.218752	45.59253	2.09002
2504	0	-39.83281	-39.13199	-0.7008188	0.01312608	0.2181238	0.1711944	52.80685	1.285617
2505	1	-38.94702	-37.77395	-1.173071	0.04127232	0.5042264	0.1844644	16.79448	3.201729
2506	0	-39.57184	-39.04489	-0.5269522	0.02360242	0.3474378	0.1240821	29.36763	3.337142
2507	1	-38.71145	-37.34885	-1.362602	0.02154353	0.3245625	0.2946175	32.17426	2.438416
2508	0	-37.69043	-36.65084	-1.039595	0.02697662	0.3825718	0.1975363	25.69437	2.453261
2509	1	-37.14082	-36.58643	-0.5543943	0.008294923	0.1461885	0.1583204	83.56282	2.881815
2510	0	-38.42068	-36.83811	-1.582572	0.05015029	0.5622958	0.2450705	13.8214	2.830471
2511	1	-38.61057	-37.32131	-1.289263	0.02325059	0.3436086	0.2672607	29.81203	2.09895
2512	0	-38.34596	-37.51866	-0.8272953	0.01035323	0.1779095	0.202036	66.94982	1.762837
2513	1	-38.74539	-38.1523	-0.5930904	0.02568923	0.3694988	0.1287154	26.98202	3.003483
2514	0	-38.30044	-36.75267	-1.547765	0.04048581	0.4985133	0.2713095	17.12074	2.520967
2515	1	-39.28155	-38.33058	-0.9509719	0.01907346	0.2955719	0.2021359	36.34093	1.52929
2516	0	-41.85657	-38.54762	-3.308947	0.1287222	0.8029289	0.4539595	5.38483	2.657969
2517	1	-40.88125	-39.56248	-1.318771	0.003801151	0.07087712	0.3623017	182.3519	3.227056
2518	0	-38.38154	-37.14925	-1.232287	0.03411476	0.4483035	0.2165412	20.3181	3.244037
2519	1	-39.14523	-38.42259	-0.7226316	0.01100111	0.1875577	0.1803015	63.00704	1.418632
2520	0	-37.66929	-36.83267	-0.8366142	0.01114269	0.1896452	0.201666	62.20647	3.073418
2521	1	-38.17661	-37.42869	-0.7479161	0.0009178443	0.01776061	0.2132258	755.1904	1.989294
2522	0	-39.60255	-37.58166	-2.020893	0.07426951	0.6749685	0.2701984	9.332864	2.717397
2523	1	-40.63328	-38.1263	-2.506975	0.0617205	0.6232044	0.5245327	11.23042	2.50657
2524	0	-37.70924	-36.90169	-0.807552	0.01453375	0.2374969	0.1867271	47.69224	2.116697
2525	1	-41.61072	-38.59355	-3.017163	0.08833296	0.7200401	0.5999017	7.846983	3.421612
2526	0	-38.86357	-38.14045	-0.7231205	0.005834515	0.106029	0.1940475	118.8012	1.444446
2527	1	-42.89568	-38.97	-3.92568	0.1277521	0.8014824	0.8527313	5.425722	2.40066
2528	0	-38.71092	-37.06702	-1.643904	0.04945778	0.558158	0.2631334	14.01493	2.353339
2529	1	-37.7865	-36.58654	-1.199963	0.029366	0.4058058	0.2241998	23.60373	2.817965
2530	0	-38.95148	-37.24883	-1.702646	0.04968924	0.5595478	0.2781424	13.94964	3.235625
2531	1	-37.23677	-36.50359	-0.7331826	0.01306875	0.2173203	0.1769689	53.03853	2.709962
2532	0	-37.56101	-36.73405	-0.8269666	0.0229159	0.3399358	0.1691281	30.24744	2.482415
2533	1	-38.47666	-37.86582	-0.6108396	0.003754096	0.0700417	0.178611	184.6376	1.535969
2534	0	-39.75915	-38.07173	-1.687429	0.06339003	0.6308551	0.2257385	10.93464	3.120038
2535	1	-39.23995	-38.13979	-1.100163	0.01045203	0.1793909	0.2650498	66.31701	1.714086
2536	0	-38.87676	-37.03747	-1.839284	0.04738636	0.5454065	0.3294096	14.62757	2.468032
2537	1	-37.51079	-36.76644	-0.744353	0.01096114	0.1869671	0.1843648	63.23675	3.09101
2538	0	-38.75193	-36.91412	-1.837813	0.05121092	0.5685154	0.3116264	13.53514	2.509152
2539	1	-37.6286	-36.90056	-0.7280338	0.008758067	0.1534709	0.187114	79.14385	2.110012
2540	0	-39.15139	-38.16924	-0.9821449	0.01692143	0.2688497	0.2149731	40.96269	1.543655
2541	1	-38.76648	-37.41517	-1.351313	0.04081698	0.5009311	0.2218785	16.98184	3.293189
2542	0	-38.36723	-37.76964	-0.5975875	0.01564395	0.2523053	0.1490082	44.30769	1.879305
2543	1	-37.44334	-36.69395	-0.749393	0.02071511	0.3150327	0.161446	33.46095	2.656101
2544	0	-39.22464	-39.22406	-0.0005790562	0.009782578	0.1692798	0.08910281	70.85526	2.485837
2545	1	-37.61156	-36.76787	-0.8436916	0.02304686	0.3413765	0.1716626	30.07556	2.413712
2546	0	-37.30512	-36.64488	-0.660247	0.01598792	0.2568114	0.1578747	43.35444	2.525635
2547	1	-39.40294	-37.81258	-1.590358	0.0264688	0.3774628	0.3451086	26.18732	3.043587
2548	0	-37.72085	-36.81742	-0.9034324	0.01047437	0.1797255	0.2176465	66.17555	2.511
2549	1	-38.3516	-36.94913	-1.402471	0.02962545	0.408251	0.2735216	23.39702	2.388836
2550	0	-38.43969	-37.27563	-1.164056	0.01729029	0.2735307	0.2565218	40.08881	3.173743
2551	1	-37.50573	-36.63557	-0.8701638	0.01359627	0.2246704	0.2014423	50.98069	2.453595
2552	0	-37.45048	-36.77343	-0.6770513	0.01922574	0.29741	0.1533723	36.05308	2.743225
2553	1	-41.24933	-39.3943	-1.855025	0.057552	0.6029279	0.2898728	12.04384	1.718198
2554	0	-40.42518	-40.03492	-0.3902622	0.004316577	0.0799622	0.1421222	160.578	1.021165
2555	1	-39.0473	-37.00931	-2.037993	0.06653528	0.6445908	0.3065898	10.41774	2.869351
2556	0	-37.58574	-37.18437	-0.4013766	0.002384682	0.04527847	0.1476865	290.6666	3.369516
2557	1	-37.46496	-36.8862	-0.5787616	0.01690572	0.2686495	0.1436459	41.00074	2.53934
2558	0	-37.53662	-37.20766	-0.328963	0.007312955	0.1304619	0.128132	94.78346	3.124614
2559	1	-37.73414	-37.38354	-0.3506042	0.01067989	0.1827937	0.1248534	64.9021	2.227758
2560	0	-37.67639	-36.9706	-0.7057971	0.001777869	0.03402164	0.2019629	389.8752	2.363909
2561	1	-39.5079	-38.79534	-0.7125582	0.006676564	0.1200578	0.1897383	103.8179	1.214468
2562	0	-37.46633	-36.69274	-0.773585	0.01431335	0.2345082	0.1810539	48.42664	2.284029
2563	1	-38.40835	-38.23352	-0.1748268	0.002706742	0.05118141	0.117213	256.0818	1.718473
2564	0	-44.55809	-42.45188	-2.106216	0.02511634	0.3635515	0.5892329	27.59746	4.411481
2565	1	-38.0829	-36.98683	-1.096073	0.015316	0.2479733	0.2464401	45.25641	2.823701
2566	0	-37.36753	-36.63389	-0.7336392	0.01740017	0.2749169	0.1665415	39.83566	2.461275
2567	1	-39.06296	-37.24449	-1.818467	0.06153364	0.6223319	0.2641822	11.26452	2.506351
2568	0	-38.89862	-37.80051	-1.098104	0.007367303	0.1313426	0.2762853	94.08425	2.34103
2569	1	-43.86852	-41.49454	-2.373985	0.07505657	0.6778137	0.3803649	9.234997	1.473481
2570	0	-38.75306	-37.3004	-1.452667	0.04863249	0.5531457	0.2198799	14.25276	3.092284
2571	1	-37.70218	-36.75223	-0.9499524	0.01381239	0.227654	0.2175087	50.18299	2.45417
2572	0	-40.81578	-38.95803	-1.85775	0.05699485	0.6000837	0.2929602	12.16158	3.715481
2573	1	-40.04693	-38.36875	-1.678173	0.03067039	0.4179502	0.3550725	22.59988	3.540404
2574	0	-40.15022	-39.27013	-0.8800882	0.002550598	0.04832565	0.2378071	271.7587	4.208794
2575	1	-41.6293	-38.06593	-3.563372	0.1163209	0.7828059	0.697578	5.958921	3.049896
2576	0	-37.29496	-36.55034	-0.7446156	0.01012098	0.1744123	0.1866149	68.48615	2.624026
2577	1	-40.73773	-38.00052	-2.737209	0.07599247	0.6811421	0.539765	9.121261	3.166393
2578	0	-38.82073	-37.17625	-1.64448	0.03483679	0.4543663	0.3236859	19.89699	2.883061
2579	1	-42.4794	-38.73508	-3.744325	0.1134397	0.7775719	0.8706744	6.110271	2.873745
2580	0	-37.6853	-36.81668	-0.8686184	0.009366213	0.1629044	0.213516	74.00506	2.818485
2581	1	-39.87677	-38.24845	-1.62832	0.05097689	0.5671551	0.2535642	13.59728	3.526357
2582	0	-41.24684	-39.78539	-1.461454	0.02878099	0.4002374	0.2936217	24.08351	1.187061
2583	1	-39.46583	-37.71026	-1.755567	0.03291899	0.4380387	0.3716496	21.05615	2.777609
2584	0	-39.94851	-38.74521	-1.203297	0.0446514	0.5276677	0.181263	15.52353	2.053126
2585	1	-38.876	-37.04697	-1.829023	0.04867022	0.5533769	0.320187	14.24171	3.065585
2586	0	-39.70367	-38.05918	-1.64449	0.02568529	0.3694582	0.3683591	26.98615	2.460119
2587	1	-39.42848	-37.70841	-1.720073	0.03338223	0.4420489	0.3563505	20.76396	2.288995
2588	0	-37.68334	-36.55595	-1.127395	0.02608439	0.3735541	0.2183995	26.57326	2.622885
2589	1	-38.83941	-37.2487	-1.59071	0.03596081	0.4636072	0.3019091	19.27507	3.191604
2590	0	-39.43168	-37.94974	-1.481941	0.0199473	0.3060274	0.3395309	34.74893	2.730932
2591	1	-43.51039	-39.94005	-3.570331	0.1272854	0.8007795	0.601657	5.445612	2.089275
2592	0	-38.39576	-36.74051	-1.655257	0.04475994	0.5283921	0.2843981	15.48588	2.82676
2593	1	-38.72602	-37.17045	-1.555571	0.05359849	0.5820136	0.2272012	12.93222	2.908985
2594	0	-38.39446	-37.43207	-0.9623925	0.01104207	0.1881624	0.2290208	62.7733	3.380401
2595	1	-40.19728	-37.41725	-2.780025	0.08574342	0.7125844	0.4908836	8.08397	2.718053
2596	0	-37.91153	-36.63822	-1.273311	0.02959343	0.40795	0.2404887	23.42233	2.564112
2597	1	-39.76256	-39.22469	-0.537878	0.01115393	0.1898107	0.1495631	62.14378	3.965149
2598	0	-39.47298	-37.88301	-1.589974	0.02999112	0.4116722	0.3282313	23.11174	2.001485
2599	1	-40.66522	-38.78532	-1.8799	0.06139913	0.6217018	0.2814549	11.2892	1.930951
2600	0	-39.40333	-38.13788	-1.265443	0.02364479	0.3478968	0.2595205	29.31501	3.712005
2601	1	-37.29647	-36.66327	-0.6332046	0.004040799	0.07511626	0.1819124	171.5371	2.825424
2602	0	-39.45163	-38.17399	-1.277641	0.01527571	0.2474386	0.2956738	45.37577	3.483692
2603	1	-38.45308	-36.89776	-1.555321	0.0352895	0.4581167	0.2941883	19.64174	2.572808
2604	0	-37.96873	-36.91607	-1.052664	0.01427442	0.2339786	0.2394689	48.55869	2.64395
2605	1	-38.72074	-37.24264	-1.478101	0.03748116	0.4757357	0.2640242	18.49322	2.124663
2606	0	-36.92348	-36.52808	-0.3953993	0.0009485764	0.01834797	0.149815	730.7236	2.677353
2607	1	-37.95968	-37.46785	-0.4918295	0.001535347	0.02947286	0.1636193	451.4595	3.556207
2608	0	-37.62018	-36.86452	-0.7556581	0.01015803	0.1749715	0.1885883	68.23639	2.140062
2609	1	-40.29575	-37.67519	-2.62056	0.08064265	0.6968412	0.449797	8.595292	3.223707
2610	0	-40.42695	-39.0947	-1.332254	0.008780826	0.1538266	0.3422757	78.93873	1.835449
2611	1	-37.98679	-36.90781	-1.078978	0.02642169	0.3769857	0.2070881	26.23402	3.163297
2612	0	-39.30383	-37.28404	-2.019786	0.07058056	0.6610472	0.2843371	9.820653	2.906165
2613	1	-37.12736	-36.57235	-0.5550138	0.004051511	0.07530513	0.168205	171.0836	2.464976
2614	0	-38.76869	-37.22952	-1.539163	0.05012379	0.5621385	0.2347478	13.82871	2.370411
2615	1	-42.13347	-40.96744	-1.166028	0.002238367	0.0425804	0.3179233	309.6664	0.6466679
2616	0	-37.61354	-37.49668	-0.1168591	0.005183271	0.0949698	0.1068089	133.7278	2.487337
2617	1	-37.16396	-36.81278	-0.3511736	0.00359865	0.06727463	0.1380672	192.6131	3.040552
2618	0	-37.69442	-37.17664	-0.5177826	0.008893122	0.1555785	0.1513445	77.94194	1.981279
2619	1	-37.73616	-37.25722	-0.478942	0.005677984	0.1033877	0.1523432	122.0763	3.396481
2620	0	-39.43278	-37.61789	-1.814885	0.03631792	0.4664938	0.3758748	19.08554	2.61383
2621	1	-41.17497	-38.03224	-3.142732	0.0960793	0.7404252	0.6096644	7.214324	3.151646
2622	0	-37.8588	-36.95639	-0.9024117	0.008219438	0.1449935	0.2244616	84.33024	2.574821
2623	1	-38.09412	-37.30023	-0.7938976	0.02755232	0.3882901	0.1532534	25.15749	2.415804
2624	0	-38.24414	-36.73857	-1.505567	0.04549435	0.5332484	0.2423326	15.2359	2.637297
2625	1	-37.77568	-36.68552	-1.090163	0.01978465	0.3040981	0.2300013	35.0346	2.738955
2626	0	-42.34552	-40.12859	-2.216924	0.0344261	0.4509301	0.577102	20.13435	3.196659
2627	1	-38.48457	-37.75036	-0.7342067	0.0292186	0.40441	0.1410146	23.7228	2.909518
2628	0	-37.56851	-36.7499	-0.8186104	0.01967074	0.3027425	0.1755882	35.23747	2.316295
2629	1	-39.10742	-37.71792	-1.389498	0.05325313	0.580103	0.1933768	13.01608	2.799971
2630	0	-37.71107	-36.95275	-0.7583235	0.02449855	0.3570463	0.1544169	28.29339	2.684376
2631	1	-40.02538	-37.39262	-2.632765	0.08903446	0.7220015	0.4044216	7.785156	2.636042
2632	0	-37.68235	-36.75254	-0.9298001	0.01256451	0.2102035	0.2169602	55.16705	2.791816
2633	1	-41.27232	-39.47527	-1.797043	0.06526196	0.6391336	0.2453163	10.621	3.565695
2634	0	-39.4096	-38.14564	-1.263957	0.0210607	0.3190314	0.2687693	32.91188	3.689518
2635	1	-38.40732	-37.07024	-1.33708	0.04420924	0.5246989	0.208508	15.67878	2.966171
2636	0	-40.4743	-37.82902	-2.645289	0.07754072	0.686521	0.4817105	8.939137	2.35007
2637	1	-40.70536	-38.19451	-2.510845	0.06084205	0.6190738	0.5331414	11.39257	2.547965
2638	0	-38.71965	-37.4023	-1.317351	0.0390046	0.4874771	0.2200313	17.77091	3.306476
2639	1	-41.62667	-38.11482	-3.511854	0.1128291	0.7764327	0.6960499	6.143334	2.640203
2640	0	-39.59793	-37.4044	-2.193532	0.06018322	0.6159271	0.391811	11.51728	3.151231
2641	1	-37.35592	-37.02478	-0.3311404	0.009233126	0.1608524	0.124975	75.07178	2.784903
2642	0	-41.43797	-38.57865	-2.859316	0.08096341	0.6978749	0.5685113	8.56124	2.172613
2643	1	-40.28205	-38.31487	-1.967182	0.03997375	0.4947395	0.4156778	17.34006	2.089784
2644	0	-38.96568	-36.92479	-2.040886	0.06272092	0.6278198	0.3245004	11.05129	2.660587
2645	1	-38.10239	-37.38297	-0.7194245	0.008097749	0.1430622	0.1872485	85.59751	1.800229
2646	0	-38.17825	-36.83984	-1.338412	0.02890175	0.4013931	0.2591856	23.98288	2.972791
2647	1	-38.21009	-37.13972	-1.070372	0.02653817	0.3781643	0.2049761	26.11888	3.289752
2648	0	-40.47408	-38.66715	-1.806936	0.03187317	0.4288258	0.3970626	21.74705	3.499307
2649	1	-40.12828	-38.06164	-2.066644	0.04332349	0.518664	0.4379278	15.99934	2.421864
2650	0	-38.28827	-37.05985	-1.228418	0.02484053	0.3606591	0.2458989	27.90388	3.200826
2651	1	-37.43651	-37.12609	-0.3104239	0.008768547	0.1536347	0.1232186	79.04926	2.401621
2652	0	-38.02073	-37.35522	-0.6655072	0.01669133	0.2659081	0.1571382	41.52739	3.317843
2653	1	-37.58723	-37.14256	-0.444668	0.001121881	0.02165143	0.1569962	617.8437	1.88615
2654	0	-39.28259	-37.46954	-1.813055	0.03871229	0.4852554	0.3627097	17.90509	2.972127
2655	1	-37.7704	-37.53617	-0.2342273	0.003828392	0.07136031	0.1224311	181.0544	1.963981
2656	0	-40.5397	-38.41151	-2.128191	0.06701372	0.646606	0.3332694	10.34336	3.542894
2657	1	-38.20171	-36.7408	-1.460906	0.0378645	0.4787283	0.2581214	18.30599	2.947135
2658	0	-38.13759	-37.121	-1.016593	0.01722903	0.2727563	0.2215427	40.23135	3.280432
2659	1	-40.64883	-39.27334	-1.375493	0.00697297	0.1249247	0.3666448	99.40487	2.99439
2660	0	-37.29203	-36.67387	-0.6181519	0.01313385	0.2182326	0.1575942	52.77563	2.925209
2661	1	-39.04712	-37.13404	-1.913081	0.04966356	0.5593939	0.3434121	13.95686	3.04698
2662	0	-39.39844	-37.14304	-2.255394	0.06305063	0.6293206	0.4002692	10.9935	2.732364
2663	1	-37.85363	-36.96571	-0.8879181	0.01640723	0.262253	0.1970682	42.24646	3.236303
2664	0	-40.91269	-39.22506	-1.687632	0.07235444	0.6678646	0.1989291	9.579885	2.871296
2665	1	-39.60113	-37.5107	-2.090428	0.05298859	0.5786302	0.3912348	13.08106	3.16007
2666	0	-38.95633	-38.1528	-0.8035227	0.01545619	0.2498294	0.1835686	44.84594	3.751259
2667	1	-43.07173	-42.2246	-0.8471299	0.03077262	0.4188864	0.1544445	22.52481	1.27115
2668	0	-40.00821	-38.56091	-1.447297	0.03929667	0.4896824	0.2495328	17.63883	1.692876
2669	1	-38.0708	-37.09598	-0.9748196	0.00999104	0.1724467	0.235353	69.37688	2.365825
2670	0	-38.63972	-37.95251	-0.6872115	0.004845982	0.08916903	0.1898356	143.0354	1.513429
2671	1	-37.69525	-36.56806	-1.127193	0.0250017	0.3623516	0.2217206	27.724	2.729093
2672	0	-38.01259	-36.71303	-1.299564	0.03940484	0.4904955	0.2149336	17.59041	2.716725
2673	1	-38.51485	-36.86569	-1.649156	0.05306616	0.5790629	0.2513735	13.06194	2.729873
2674	0	-39.33588	-37.5537	-1.782184	0.04457097	0.5271298	0.3237501	15.55154	2.100002
2675	1	-37.98175	-36.95416	-1.027594	0.01281614	0.2137661	0.2384008	54.08393	2.680358
2676	0	-39.94863	-37.29402	-2.654613	0.08154742	0.6997415	0.4594677	8.499928	2.797894
2677	1	-40.25759	-38.52088	-1.736711	0.02919103	0.4041484	0.3844282	23.74521	1.969479
2678	0	-37.78292	-36.91456	-0.8683625	0.0261282	0.3740013	0.168456	26.5287	2.953298
2679	1	-39.97744	-37.59354	-2.383901	0.06488491	0.6374909	0.4435154	10.68272	2.415832
2680	0	-38.736	-37.7873	-0.9487044	0.001668201	0.03196823	0.2578919	415.5058	2.46152
2681	1	-39.49579	-37.65926	-1.836526	0.03706009	0.4724185	0.3800922	18.70333	2.53078
2682	0	-37.10539	-36.55655	-0.548836	0.007237433	0.1292361	0.1598124	95.77252	2.84099
2683	1	-39.72286	-37.33678	-2.386076	0.07779771	0.6873988	0.3703692	8.909609	3.086979
2684	0	-38.43895	-37.58387	-0.8550771	0.01275435	0.2128934	0.2008	54.34595	1.740605
2685	1	-40.56375	-38.3538	-2.20995	0.04960796	0.5590605	0.4624717	13.9725	2.162788
2686	0	-38.33751	-37.24647	-1.091046	0.01477111	0.2406973	0.2470991	46.92587	3.166478
2687	1	-39.13012	-38.70196	-0.4281643	0.00292942	0.05523414	0.1505333	236.6158	1.289675
2688	0	-38.62453	-37.97679	-0.6477457	0.01157391	0.1959579	0.1659445	59.88879	1.622573
2689	1	-37.45348	-36.93092	-0.5225606	0.01468612	0.2395535	0.1401207	47.19742	2.87876
2690	0	-37.97607	-36.70592	-1.270154	0.0368622	0.4708485	0.216337	18.80374	2.880521
2691	1	-36.9481	-36.57162	-0.3764804	0.0004675717	0.009100778	0.1480096	1482.44	2.823307
2692	0	-39.276	-37.15356	-2.122444	0.06969422	0.6575521	0.3190472	9.945548	2.999235
2693	1	-37.61925	-36.77046	-0.8487811	0.01426062	0.2337907	0.1953389	48.60569	3.082683
2694	0	-38.83189	-37.05512	-1.776773	0.04854762	0.5526253	0.3044135	14.27768	3.116126
2695	1	-37.84672	-37.13415	-0.7125686	0.004152756	0.0770877	0.1966269	166.9126	3.258797
2696	0	-38.70891	-37.10593	-1.602984	0.03941319	0.4905582	0.2910898	17.58668	2.267358
2697	1	-38.25459	-37.00611	-1.24848	0.03970708	0.4927568	0.2033596	17.45651	3.002717
2698	0	-39.33802	-37.40386	-1.934164	0.0478313	0.5481939	0.3599254	14.4915	3.165885
2699	1	-42.32671	-39.87806	-2.448656	0.0492026	0.5566177	0.590528	14.08761	3.589399
2700	0	-38.65989	-36.91496	-1.744926	0.05681831	0.5991757	0.2623571	12.19936	2.72128
2701	1	-38.15639	-37.27094	-0.8854444	0.03189253	0.4289985	0.157958	21.73384	2.781567
2702	0	-42.1958	-40.10328	-2.092517	0.08693444	0.7160562	0.242712	7.973218	2.350888
2703	1	-39.31884	-37.31675	-2.002096	0.05148617	0.5701066	0.365841	13.46278	2.373023
2704	0	-39.48386	-37.29394	-2.18992	0.05813935	0.6058909	0.4018345	11.92217	2.543958
2705	1	-43.26709	-38.5736	-4.693493	0.1797164	0.8580538	0.8820117	3.856895	2.721003
2706	0	-39.65861	-37.60368	-2.054931	0.06202983	0.6246414	0.3323183	11.17442	3.325304
2707	1	-40.95541	-38.60182	-2.353597	0.05000714	0.5614455	0.5309104	13.86097	2.929731
2708	0	-37.99578	-36.77277	-1.223013	0.02320993	0.343164	0.2502721	29.86425	2.678242
2709	1	-39.76524	-37.55021	-2.215032	0.06074499	0.6186129	0.3971621	11.41077	3.230528
2710	0	-39.31502	-37.08971	-2.225303	0.07274587	0.6693379	0.3386917	9.528337	2.670797
2711	1	-37.30727	-36.66809	-0.639178	0.01295509	0.215724	0.1613498	53.50384	2.954082
2712	0	-40.45087	-37.49871	-2.952157	0.09380855	0.7347295	0.5203027	7.388955	2.743418
2713	1	-39.66783	-38.0356	-1.632233	0.0432956	0.5184721	0.2837339	16.00965	3.58388
2714	0	-40.56502	-38.82776	-1.737254	0.07087333	0.6621886	0.2134692	9.780085	3.054512
2715	1	-38.974	-38.6657	-0.3082993	0.001891004	0.03613383	0.1355022	366.5498	1.371269
2716	0	-38.10153	-36.71466	-1.386865	0.03184422	0.4285677	0.2609771	21.76681	2.595634
2717	1	-38.29477	-37.04644	-1.24833	0.03659706	0.4687339	0.2124609	18.93997	3.14476
2718	0	-38.13049	-36.7093	-1.421189	0.03691111	0.4712372	0.2514342	18.77882	2.927833
2719	1	-39.3002	-37.24233	-2.057865	0.06841376	0.652395	0.3045538	10.13169	3.048383
2720	0	-37.89856	-37.24764	-0.6509171	0.007352004	0.1310948	0.1767018	94.28004	3.425893
2721	1	-42.66526	-39.79313	-2.872124	0.1049514	0.7607108	0.4103345	6.604457	3.593454
2722	0	-37.97368	-37.35307	-0.6206163	0.005545988	0.1011521	0.1758576	124.9817	1.79279
2723	1	-46.63806	-44.28179	-2.356276	0.03030796	0.4146128	0.7031321	22.87014	4.940314
2724	0	-38.39659	-37.03028	-1.366305	0.03016813	0.4133177	0.2617917	22.97614	3.156808
2725	1	-38.09385	-37.43805	-0.6558011	0.02495951	0.3619092	0.1384657	27.77086	2.610113
2726	0	-41.9213	-41.80178	-0.1195139	0.0207244	0.3151405	0.08598396	33.44595	3.122916
2727	1	-37.28987	-36.67791	-0.6119658	0.006694769	0.1203578	0.1715365	103.5356	3.005108
2728	0	-38.00813	-37.53123	-0.4769067	0.002251233	0.04281806	0.1595739	307.8967	1.685607
2729	1	-37.34145	-36.91618	-0.4252746	0.001433916	0.02756188	0.1533036	483.3946	3.217879
2730	0	-40.32221	-38.21776	-2.104444	0.05733315	0.6018146	0.3731397	12.08982	3.553506
2731	1	-38.19385	-37.52387	-0.669976	0.001836244	0.03511225	0.1946958	377.481	1.747776
2732	0	-39.89736	-37.27258	-2.62478	0.08132942	0.6990471	0.4473385	8.522712	2.721944
2733	1	-38.70458	-37.79471	-0.9098657	0.001447924	0.0278261	0.2488409	478.7178	3.115631
2734	0	-39.45082	-38.38305	-1.067768	0.01223686	0.2055307	0.2502125	56.64419	1.492453
2735	1	-37.63899	-37.06544	-0.5735447	0.007754763	0.1375863	0.1626176	89.38341	1.980695
2736	0	-37.55037	-36.9196	-0.6307738	0.007824591	0.138705	0.1720258	88.58574	3.223378
2737	1	-38.00105	-37.80535	-0.195692	0.0104857	0.1798951	0.1072295	66.10401	2.61688
2738	0	-38.77462	-37.47169	-1.302928	0.0298315	0.4101824	0.2468861	23.23541	1.946954
2739	1	-37.50686	-37.07194	-0.4349195	0.01356825	0.2242824	0.1304063	51.08598	2.796036
2740	0	-41.02721	-39.2435	-1.78371	0.02328367	0.3439701	0.4379935	29.76966	3.188792
2741	1	-37.76938	-36.94746	-0.8219199	0.005369365	0.09814887	0.2156104	129.0929	2.647411
2742	0	-38.68003	-37.53698	-1.143044	0.02130044	0.3217858	0.2373542	32.54145	3.488945
2743	1	-38.65882	-37.52671	-1.132117	0.01157121	0.1959187	0.2693636	59.90272	3.02398
2744	0	-38.18994	-37.44438	-0.7455602	0.01105402	0.1883388	0.1843455	62.70543	3.514365
2745	1	-40.13806	-38.42482	-1.713246	0.04693687	0.5425632	0.2922509	14.76765	1.786799
2746	0	-41.58848	-38.08576	-3.50272	0.1321606	0.8078988	0.5249009	5.244734	2.974269
2747	1	-40.05135	-39.21279	-0.8385633	0.0009970001	0.0192725	0.2331964	695.2328	1.063323
2748	0	-38.68847	-38.38611	-0.3023606	0.008669684	0.1520878	0.1223999	79.95069	3.525414
2749	1	-38.23172	-36.85452	-1.377201	0.03491363	0.4550056	0.2474998	19.8532	3.081655
2750	0	-37.55336	-36.73752	-0.8158447	0.02377302	0.3492829	0.1652445	29.15689	2.666947
2751	1	-41.45495	-39.33181	-2.123141	0.04081479	0.5009152	0.4800973	16.98274	1.80959
2752	0	-39.03012	-37.89279	-1.137332	0.01057191	0.1811836	0.2746214	65.56502	3.313623
2753	1	-38.86141	-37.1358	-1.725618	0.03847406	0.4834339	0.3334627	18.01596	2.614897
2754	0	-40.13523	-38.18783	-1.947404	0.03875542	0.4855841	0.4146121	17.88517	2.214565
2755	1	-40.37142	-38.22792	-2.143506	0.05914068	0.6108604	0.3782219	11.72031	3.548613
2756	0	-37.5319	-36.61707	-0.914834	0.01539122	0.2489701	0.2053709	45.03522	2.494914
2757	1	-39.35086	-37.1637	-2.187161	0.07349055	0.6721103	0.3226051	9.431786	2.925083
2758	0	-41.32897	-38.52372	-2.805249	0.1055889	0.7620576	0.3803502	6.564585	3.231125
2759	1	-37.57601	-36.89493	-0.681079	0.02106417	0.3190714	0.1500436	32.90645	2.69235
2760	0	-38.82113	-37.83605	-0.9850804	0.03842129	0.4830291	0.1591328	18.0407	2.968057
2761	1	-41.34934	-37.88575	-3.463582	0.1129811	0.7767172	0.661826	6.135072	2.913429
2762	0	-38.12138	-37.38565	-0.7357269	0.008837312	0.1547084	0.1883481	78.43417	3.489551
2763	1	-37.37901	-36.53661	-0.8423987	0.0142883	0.2341674	0.1940202	48.51154	2.667232
2764	0	-42.52499	-39.68583	-2.839163	0.06550595	0.64019	0.6931329	10.58144	2.149634
2765	1	-36.90351	-36.60371	-0.2997936	0.001680723	0.03220299	0.1347543	412.41	2.576024
2766	0	-37.93338	-37.46345	-0.4699268	0.00766515	0.1361477	0.1467968	90.42839	1.847764
2767	1	-38.35765	-37.54261	-0.8150471	0.002969937	0.05596905	0.221516	233.3878	3.34553
2768	0	-36.94536	-36.54666	-0.3986965	0.002630055	0.04978031	0.1467816	263.5485	2.51454
2769	1	-40.56977	-39.46832	-1.10145	0.0003472853	0.006770127	0.3061103	1995.901	1.44208
2770	0	-38.03061	-37.37813	-0.652481	0.01011559	0.1743308	0.1702025	68.52269	1.827424
2771	1	-37.90823	-37.7421	-0.1661277	0.00460279	0.08495525	0.1131268	150.5928	3.226751
2772	0	-39.94734	-37.88563	-2.061706	0.04382588	0.5221014	0.4326888	15.81593	2.676537
2773	1	-40.93679	-37.95426	-2.982538	0.08743013	0.7174796	0.5869231	7.928013	3.082885
2774	0	-40.06501	-39.41728	-0.6477283	0.0297262	0.4091965	0.1284083	23.31772	3.329027
2775	1	-43.38241	-39.07229	-4.310113	0.1442709	0.8236463	0.9918102	4.804485	3.283388
2776	0	-37.15087	-36.5631	-0.5877661	0.00501974	0.09216363	0.1714443	138.0843	2.776312
2777	1	-40.14298	-38.01413	-2.128853	0.07567707	0.680027	0.2950761	9.159276	2.349223
2778	0	-38.7792	-37.93403	-0.8451774	0.02670084	0.3798049	0.1632692	25.95975	3.399314
2779	1	-41.7736	-40.78636	-0.9872346	0.01248836	0.2091208	0.2300334	55.50347	4.609813
2780	0	-41.38738	-38.00079	-3.386596	0.1162181	0.782623	0.5853975	5.964195	2.554315
2781	1	-37.48601	-36.66005	-0.8259662	0.01112696	0.1894138	0.1995744	62.29437	2.455525
2782	0	-40.3569	-38.04143	-2.315468	0.05826967	0.6065435	0.4547496	11.89551	2.214475
2783	1	-38.48179	-37.76317	-0.7186129	0.0222256	0.3322667	0.1532474	31.18688	2.00813
2784	0	-39.2709	-37.18495	-2.085955	0.0560833	0.595359	0.3728288	12.35924	2.496701
2785	1	-38.19196	-36.92072	-1.271246	0.02301607	0.3410381	0.2633596	30.1158	2.537925
2786	0	-38.09878	-37.13652	-0.962268	0.0335812	0.4437583	0.1665505	20.64093	2.689577
2787	1	-41.83582	-39.13665	-2.699175	0.06020733	0.616043	0.6494217	11.51267	2.681673
2788	0	-39.03177	-38.97315	-0.05862376	0.009235244	0.1608851	0.09516073	75.05456	2.206208
2789	1	-44.37582	-43.40828	-0.9675377	0.0193126	0.2984554	0.2048192	35.89093	4.903976
2790	0	-41.68977	-39.72974	-1.960025	0.03064409	0.4177089	0.4708525	22.61928	3.660136
2791	1	-38.83716	-36.97684	-1.860327	0.05955328	0.6128786	0.2832907	11.63911	2.579184
2792	0	-37.89686	-37.0468	-0.8500588	0.00854233	0.1500894	0.2120433	81.14264	3.146448
2793	1	-38.12695	-37.07503	-1.05192	0.02405081	0.3522713	0.2084247	28.82012	2.083348
2794	0	-41.38808	-39.15509	-2.232983	0.04709409	0.5435609	0.4903546	14.71835	1.864002
2795	1	-39.14302	-38.39173	-0.7512832	0.03157264	0.4261369	0.1387518	21.95405	2.279883
2796	0	-39.47903	-37.11292	-2.366107	0.07656105	0.6831357	0.3694447	9.053522	2.710316
2797	1	-36.90704	-36.57969	-0.3273505	0.001888552	0.03608811	0.1381133	367.0258	2.706757
2798	0	-39.81213	-38.30714	-1.504991	0.04037668	0.4977126	0.2603503	17.16702	3.673088
2799	1	-40.06933	-39.4079	-0.6614305	0.03302477	0.4389583	0.1242532	20.9887	2.288179
2800	0	-38.9672	-38.06078	-0.906423	0.01866103	0.2905591	0.1944582	37.14411	3.710578
2801	1	-38.15021	-38.04588	-0.1043281	0.004534621	0.08376937	0.1064497	152.8567	2.05093
2802	0	-38.63544	-37.03156	-1.603888	0.0350402	0.4560562	0.3099183	19.78148	2.843416
2803	1	-37.86926	-36.92427	-0.9449878	0.01034469	0.1777813	0.2272974	67.0051	2.52784
2804	0	-39.27193	-37.21795	-2.053979	0.0516345	0.5709603	0.3845168	13.42411	2.751451
2805	1	-41.10521	-39.68275	-1.422457	0.008998771	0.1572221	0.3734339	77.02687	3.602719
2806	0	-39.65883	-38.68443	-0.9743966	0.01550902	0.2505273	0.2176126	44.69315	1.350297
2807	1	-41.78755	-40.56095	-1.226602	0.02297417	0.3405774	0.2520098	30.17072	0.9267685
2808	0	-37.54218	-36.63636	-0.9058216	0.02504854	0.3628422	0.1775736	27.67216	2.700972
2809	1	-38.41158	-36.8461	-1.565485	0.04151262	0.505952	0.2721831	16.69727	2.420818
2810	0	-39.46393	-38.24508	-1.218852	0.007849046	0.1390963	0.3096298	88.30974	2.796468
2811	1	-37.55919	-36.67918	-0.8800123	0.01581481	0.2545484	0.1971594	43.829	2.993753
2812	0	-38.25635	-37.84904	-0.4073042	0.009428223	0.1638582	0.1344943	73.51832	3.463528
2813	1	-38.22316	-36.85184	-1.371323	0.0358279	0.4625269	0.242892	19.34657	3.081882
2814	0	-38.06108	-37.01144	-1.049649	0.01856591	0.2893958	0.2247047	37.33441	2.135653
2815	1	-38.87818	-38.29799	-0.580189	0.02548574	0.3673957	0.1274312	27.19745	2.309884
2816	0	-37.42475	-36.70732	-0.7174308	0.01772278	0.2789654	0.1631188	39.11052	2.919807
2817	1	-37.49186	-36.75994	-0.7319276	0.01266101	0.2115725	0.1777678	54.74658	3.095924
2818	0	-37.24129	-36.86964	-0.3716506	0.009115749	0.1590368	0.1303577	76.03842	2.754501
2819	1	-37.03553	-36.64643	-0.3891001	0.003601277	0.06732148	0.1433988	192.4726	2.907938
2820	0	-38.08394	-37.19706	-0.8868776	0.005155658	0.0944968	0.2307765	134.444	2.432091
2821	1	-37.47034	-36.78887	-0.6814756	0.01273684	0.2126458	0.1688406	54.42067	3.104045
2822	0	-39.80253	-38.02487	-1.777657	0.05801547	0.605269	0.2665407	11.94763	3.40864
2823	1	-39.17556	-37.14889	-2.026669	0.05210678	0.5736604	0.3716698	13.30244	2.6088
2824	0	-38.52335	-36.79538	-1.727971	0.0493383	0.5574378	0.286694	14.04887	2.904391
2825	1	-38.03377	-36.69272	-1.341047	0.03169468	0.4272311	0.2498165	21.86951	2.882621
2826	0	-40.82402	-39.46894	-1.355076	0.01296883	0.2159171	0.3300613	53.44718	1.341353
2827	1	-42.88609	-38.68302	-4.203075	0.1565192	0.8372283	0.7495496	4.428512	3.27713
2828	0	-38.41169	-37.80152	-0.6101675	0.01544258	0.2496494	0.1513244	44.88546	3.477588
2829	1	-39.79101	-38.3172	-1.473808	0.03054244	0.4167752	0.2899662	22.69456	3.727385
2830	0	-39.94808	-38.94236	-1.005724	0.01722606	0.2727186	0.219157	40.23829	1.292276
2831	1	-38.69521	-36.95604	-1.739167	0.05705953	0.6004156	0.2599634	12.14779	2.849392
2832	0	-37.83264	-36.75379	-1.078852	0.03296096	0.4384038	0.1887917	21.02934	2.753168
2833	1	-38.06297	-37.40359	-0.6593829	0.005497929	0.1003363	0.182933	126.0742	1.773226
2834	0	-36.97369	-36.5532	-0.4204889	0.00074841	0.01451389	0.1540563	926.1597	2.773772
2835	1	-38.76385	-37.9189	-0.8449538	0.00578886	0.1052597	0.2193308	119.7381	3.663726
2836	0	-37.38119	-36.68479	-0.6964038	0.006439086	0.1161319	0.1873252	107.6468	2.390567
2837	1	-39.25561	-39.39901	0.1433987	0.002736273	0.05172022	0.08522969	253.318	2.089609
2838	0	-38.23023	-37.66179	-0.5684496	0.0107181	0.1833625	0.1551584	64.67071	3.527766
2839	1	-37.24092	-37.09901	-0.141909	0.002699253	0.0510447	0.1134294	256.7923	2.473155
2840	0	-38.22127	-37.15438	-1.066886	0.01215788	0.2043986	0.2502711	57.01217	2.475784
2841	1	-37.16735	-36.73114	-0.4362168	0.001487052	0.02856359	0.154874	466.1218	3.057823
2842	0	-41.15797	-38.37873	-2.779245	0.09672224	0.7419983	0.4200356	7.166368	2.296069
2843	1	-38.42123	-36.91758	-1.503646	0.03323186	0.4407519	0.2876117	20.85791	2.900655
2844	0	-39.02026	-37.72186	-1.298403	0.02286914	0.3394203	0.2711719	30.30928	3.484576
2845	1	-39.3326	-37.39821	-1.934389	0.04531192	0.5320493	0.3730494	15.29724	2.439926
2846	0	-39.90019	-38.6334	-1.266797	0.006761258	0.1214522	0.3298665	102.5175	2.732651
2847	1	-38.95849	-37.36452	-1.593964	0.03056057	0.416942	0.3269032	22.68109	2.916298
2848	0	-37.15981	-36.69718	-0.4626375	0.005892787	0.1070096	0.1494253	117.6264	2.992214
2849	1	-39.08666	-37.80445	-1.28221	0.0137017	0.2261279	0.3037058	50.5884	2.794532
2850	0	-40.09253	-38.53276	-1.559766	0.02353812	0.3467404	0.3488585	29.44786	1.826747
2851	1	-38.71738	-37.40616	-1.311212	0.02256554	0.3360593	0.2758483	30.71707	2.102769
2852	0	-38.31981	-37.12533	-1.194478	0.02029549	0.3101319	0.2534544	34.15278	2.205592
2853	1	-39.88972	-38.72111	-1.168611	0.002575818	0.04878768	0.3172297	269.0979	2.572372
2854	0	-38.50351	-36.76673	-1.736781	0.05168546	0.571253	0.2797983	13.41087	2.812166
2855	1	-38.29057	-36.91525	-1.375328	0.02801501	0.3928298	0.2723225	24.74199	2.466563
2856	0	-40.08023	-37.65582	-2.424409	0.087516	0.7177249	0.3354766	7.920234	3.01548
2857	1	-43.32275	-40.15841	-3.164342	0.08660944	0.7151162	0.7121515	8.003137	3.802199
2858	0	-37.40179	-37.04899	-0.3528024	0.00941562	0.1636644	0.127383	73.61673	2.907101
2859	1	-37.76503	-36.83296	-0.9320717	0.01118265	0.1902332	0.2217401	61.98414	2.765074
2860	0	-40.3656	-39.04178	-1.323819	0.01484668	0.2417122	0.3115298	46.68702	1.437359
2861	1	-39.00645	-37.81112	-1.195336	0.02108882	0.3193553	0.2508449	32.868	3.586987
2862	0	-37.85623	-37.76082	-0.09540799	0.00186698	0.03568584	0.109556	371.2664	2.018774
2863	1	-39.60639	-37.27743	-2.328967	0.07572445	0.6801949	0.360207	9.153545	3.064162
2864	0	-37.72843	-36.72452	-1.003905	0.02008837	0.3076946	0.2100901	34.5049	2.317401
2865	1	-38.79922	-37.426	-1.373223	0.02087655	0.3169049	0.3005819	33.20218	2.856123
2866	0	-37.85151	-36.87545	-0.976067	0.02297829	0.3406227	0.1961491	30.16531	3.151504
2867	1	-41.85952	-38.16917	-3.690347	0.1274105	0.8009683	0.6771799	5.440269	3.170517
2868	0	-38.40737	-37.28599	-1.121374	0.0368487	0.4707411	0.1864658	18.81063	2.314594
2869	1	-40.62601	-38.60452	-2.021491	0.04921019	0.5566636	0.3851931	14.08544	3.680435
2870	0	-41.50688	-38.72045	-2.78643	0.06893911	0.6545265	0.6264014	10.05448	2.445177
2871	1	-41.27603	-39.03133	-2.244695	0.05188986	0.5724236	0.463634	13.35805	3.687342
2872	0	-38.2355	-36.7222	-1.513302	0.04098827	0.5021747	0.2602648	16.91087	2.910823
2873	1	-40.39744	-38.53433	-1.863104	0.03023497	0.4139374	0.4298361	22.92534	2.818168
2874	0	-38.96212	-38.34393	-0.6181906	0.02472637	0.3594564	0.1337945	28.03271	3.24099
2875	1	-40.04233	-37.56837	-2.473962	0.07265534	0.6689981	0.4348615	9.54021	2.389982
2876	0	-37.71469	-36.82852	-0.8861701	0.01317787	0.2188487	0.205906	52.59933	3.07481
2877	1	-40.41365	-38.65107	-1.762577	0.05022995	0.5627678	0.2930743	13.79948	3.71209
2878	0	-41.38599	-39.99253	-1.393462	0.0188346	0.2926749	0.3157037	36.80179	1.051098
2879	1	-39.62089	-38.35723	-1.263661	0.01251838	0.2095479	0.3031496	55.37036	3.464204
2880	0	-37.27081	-36.67229	-0.5985258	0.001974879	0.03769576	0.1809155	350.9821	2.558067
2881	1	-39.78574	-37.2316	-2.554136	0.08046132	0.696254	0.42197	8.614663	2.937094
2882	0	-40.26914	-38.67506	-1.594083	0.05063054	0.5651295	0.2462318	13.6903	1.865668
2883	1	-38.7041	-36.86345	-1.840646	0.05049598	0.5643385	0.3156824	13.72678	2.884059
2884	0	-40.3436	-37.80771	-2.53589	0.0867587	0.7155486	0.3790737	7.989368	3.22798
2885	1	-38.84234	-37.63324	-1.209104	0.01239227	0.2077518	0.2875657	55.93385	2.565865
2886	0	-38.40853	-37.30216	-1.106375	0.04012792	0.4958802	0.1753748	17.27344	2.707173
2887	1	-38.68553	-38.38307	-0.3024581	0.003657251	0.06831908	0.1313935	189.5268	3.7356
2888	0	-38.20946	-36.90477	-1.304692	0.02826137	0.3952269	0.2528688	24.52632	2.304659
2889	1	-37.32218	-36.65534	-0.6668353	0.004572551	0.08442946	0.1867264	151.5887	2.662375
2890	0	-39.34167	-38.9205	-0.4211671	0.01805705	0.2831264	0.1207223	38.38652	1.924131
2891	1	-37.4106	-36.56692	-0.8436848	0.02043911	0.3118149	0.1781029	33.91279	2.555732
2892	0	-38.88999	-37.17441	-1.715578	0.03733981	0.4746257	0.3354637	18.56322	2.668164
2893	1	-38.69852	-37.80624	-0.8922858	0.005334037	0.09754651	0.231444	129.948	3.514582
2894	0	-38.99036	-37.0317	-1.958665	0.05634953	0.5967481	0.3270352	12.30085	3.044311
2895	1	-39.83214	-39.79765	-0.03448948	0.006439006	0.1161306	0.09663422	107.6482	1.750786
2896	0	-38.03186	-37.16151	-0.8703424	0.02998681	0.411632	0.1598359	23.11507	2.85704
2897	1	-43.13704	-40.79563	-2.341411	0.03872842	0.4853784	0.6150671	17.89763	3.70953
2898	0	-38.06823	-37.54387	-0.524366	0.005660232	0.1030875	0.1594628	122.4591	1.721623
2899	1	-44.30191	-39.49109	-4.810814	0.19967	0.8721781	0.7481921	3.471463	2.60666
2900	0	-38.15114	-37.60569	-0.5454512	0.01355964	0.2241632	0.1456648	51.1184	1.922367
2901	1	-39.73858	-37.34996	-2.388615	0.07310979	0.6706977	0.3967321	9.480907	2.4606
2902	0	-40.68584	-39.98791	-0.697929	0.03290073	0.4378798	0.129098	21.06784	3.388473
2903	1	-38.91486	-37.43902	-1.475843	0.05074434	0.5657967	0.2184213	13.6596	3.103632
2904	0	-42.68284	-39.07541	-3.607427	0.102835	0.7561379	0.8819828	6.740381	2.934685
2905	1	-38.15475	-37.40891	-0.7458418	0.01262381	0.2110451	0.1803534	54.90792	3.485095
2906	0	-39.22517	-38.27103	-0.9541435	0.006978775	0.1250196	0.2405582	99.32219	3.759267
2907	1	-38.00449	-37.37626	-0.6282212	0.01085388	0.185379	0.1643995	63.86168	1.855038
2908	0	-37.49762	-36.56877	-0.9288536	0.0200707	0.3074861	0.1949483	34.53527	2.475176
2909	1	-37.69585	-36.7984	-0.8974493	0.01196478	0.2016212	0.2118408	57.9323	2.953262
2910	0	-37.66897	-36.98229	-0.6866835	0.008955998	0.1565572	0.1790333	77.39475	2.030804
2911	1	-38.87866	-36.92108	-1.957579	0.0536086	0.5820694	0.339577	12.92977	2.807938
2912	0	-38.90257	-37.57048	-1.33209	0.04104515	0.5025866	0.2169537	16.88743	2.107732
2913	1	-39.92972	-38.20644	-1.723281	0.04185671	0.508407	0.3171615	16.56	3.635378
2914	0	-38.50144	-37.1414	-1.360035	0.02736846	0.3864724	0.2706501	25.32649	3.164105
2915	1	-37.48857	-36.58576	-0.9028082	0.01682552	0.2676257	0.198846	41.19618	2.465888
2916	0	-39.77568	-37.68251	-2.093171	0.05664648	0.5982886	0.3725528	12.23637	3.342367
2917	1	-40.07163	-37.44842	-2.623204	0.09264415	0.7317217	0.3806597	7.481823	2.78176
2918	0	-40.32609	-39.03371	-1.29238	0.02566576	0.3692567	0.2591027	27.00669	4.008006
2919	1	-37.68543	-36.69861	-0.9868223	0.0155099	0.2505388	0.2203307	44.69064	2.580194
2920	0	-38.38892	-38.21832	-0.1706071	0.01165193	0.1970928	0.1028645	59.48778	2.791388
2921	1	-38.689	-36.97841	-1.710594	0.05042366	0.5639124	0.2774681	13.74647	2.407786
2922	0	-41.64955	-39.80539	-1.844153	0.02241333	0.334365	0.4710396	30.92566	3.305941
2923	1	-40.18036	-37.81169	-2.368674	0.05793383	0.6048582	0.4818812	11.96446	2.771782
2924	0	-38.6825	-37.63393	-1.048566	0.006414447	0.1157232	0.2664951	108.0603	2.658501
2925	1	-37.84998	-36.81661	-1.033371	0.01808995	0.2835342	0.2225679	38.3167	3.0292
2926	0	-38.95162	-38.29849	-0.6531341	0.009123963	0.1591641	0.1727162	75.96996	1.448495
2927	1	-39.2877	-37.49273	-1.794975	0.04975154	0.5599207	0.3047774	13.93217	3.347468
2928	0	-37.4774	-37.42563	-0.0517734	0.002209289	0.04204297	0.1043725	313.7422	2.774925
2929	1	-39.40394	-38.93277	-0.4711667	0.02587528	0.3714129	0.1136418	26.78801	2.495697
2930	0	-39.14452	-38.8441	-0.3004269	0.01491246	0.2425941	0.1118517	46.48108	3.311259
2931	1	-39.53288	-37.74133	-1.791551	0.05635014	0.5967513	0.2767031	12.30072	2.144613
2932	0	-37.62453	-37.1086	-0.5159329	0.002893304	0.05457841	0.1644264	239.5695	1.915224
2933	1	-38.11121	-37.78094	-0.3302645	0.009980238	0.172283	0.1235547	69.45197	2.017037
2934	0	-37.88723	-37.70073	-0.1865006	0.00947466	0.1645714	0.1077768	73.158	2.602493
2935	1	-39.96066	-37.95925	-2.001404	0.04195978	0.5091387	0.4182495	16.51932	2.370926
2936	0	-40.73866	-37.66036	-3.078295	0.1041976	0.7591001	0.5096844	6.652235	3.067092
2937	1	-39.59431	-38.46844	-1.125876	0.04691964	0.5424537	0.1624689	14.77307	3.002535
2938	0	-40.70137	-37.9985	-2.702869	0.07154089	0.6647669	0.555394	9.688826	2.634979
2939	1	-38.94615	-37.17684	-1.769308	0.05756775	0.6030078	0.2660016	12.04055	2.438215
2940	0	-39.83378	-38.46024	-1.373545	0.01283406	0.214019	0.3368546	54.00841	3.084973
2941	1	-41.34784	-38.92555	-2.422284	0.07980708	0.6941193	0.3732781	8.685285	3.600829
2942	0	-38.95358	-37.29728	-1.656298	0.0475227	0.5462635	0.2737979	14.5856	3.272207
2943	1	-39.22488	-37.4003	-1.824582	0.04828145	0.5509866	0.3205236	14.35639	2.182142
2944	0	-38.81141	-37.55413	-1.257287	0.02663016	0.3790928	0.2467828	26.02865	1.889748
2945	1	-37.55584	-36.7034	-0.8524386	0.02010776	0.3079233	0.1805118	34.47162	2.342131
2946	0	-39.02074	-38.77205	-0.2486939	0.01073004	0.1835401	0.1126766	64.59875	3.437748
2947	1	-37.69912	-37.49847	-0.2006556	0.002139885	0.04075861	0.1212469	323.918	3.311162
2948	0	-39.1982	-38.65918	-0.5390281	0.0026309	0.04979576	0.168893	263.4639	4.034445
2949	1	-39.74975	-38.30102	-1.448729	0.01808178	0.283433	0.3372099	38.33401	3.257265
2950	0	-37.29813	-36.93799	-0.3601465	0.0009405884	0.01819534	0.1446419	736.9293	3.21295
2951	1	-39.06042	-38.77938	-0.281044	0.01777726	0.2796459	0.1053536	38.99066	2.392451
2952	0	-36.90092	-36.55766	-0.3432579	0.001403963	0.0269966	0.1412917	493.7076	2.717541
2953	1	-39.50558	-37.16128	-2.344305	0.06951966	0.6568566	0.3992812	9.97052	2.95178
2954	0	-36.97568	-36.75907	-0.216609	0.00158969	0.0304946	0.1241579	436.0267	2.723324
2955	1	-38.05453	-36.74831	-1.306217	0.03095988	0.4205957	0.2437825	22.38856	2.986149
2956	0	-38.42894	-37.29212	-1.136811	0.02736826	0.3864703	0.2165033	25.32668	2.004404
2957	1	-38.45885	-36.96793	-1.490914	0.03202329	0.4301621	0.2888628	21.6451	2.471784
2958	0	-38.65013	-37.64981	-1.000323	0.03229876	0.4326019	0.1761736	21.46049	3.28509
2959	1	-39.22017	-38.57164	-0.648524	0.02688416	0.3816462	0.1337747	25.78273	2.12019
2960	0	-37.65843	-36.69902	-0.9594103	0.01490732	0.2425253	0.2162056	46.49709	2.501187
2961	1	-39.55252	-38.66986	-0.8826595	0.0145186	0.2372919	0.201335	47.74203	3.96233
2962	0	-40.26961	-39.4828	-0.7868139	0.0260055	0.3727475	0.1555332	26.65387	3.760167
2963	1	-39.6603	-37.43614	-2.224156	0.06572172	0.64112	0.3735928	10.5467	3.217028
2964	0	-40.72941	-40.10322	-0.626181	0.005280693	0.09663597	0.1775029	131.2606	4.436943
2965	1	-37.68834	-37.31132	-0.377019	0.01005968	0.1734858	0.1293234	68.9035	3.133273
2966	0	-37.0776	-36.53898	-0.5386134	0.006851715	0.1229382	0.1590513	101.164	2.800281
2967	1	-39.08122	-38.4305	-0.6507224	0.01043861	0.17919	0.1691299	66.40224	1.440247
2968	0	-40.30707	-40.23077	-0.07630284	0.009409876	0.1635761	0.0966194	73.66167	1.75222
2969	1	-37.23447	-36.7691	-0.4653631	0.01112523	0.1893882	0.1391578	62.30408	2.522965
2970	0	-38.56411	-37.56513	-0.9989779	0.01413768	0.2321144	0.2273906	49.02835	3.503437
2971	1	-38.43921	-37.1815	-1.257718	0.02296217	0.3404454	0.2600188	30.18648	2.16388
2972	0	-41.88376	-40.00732	-1.876439	0.06674188	0.6454634	0.260093	10.38549	1.854929
2973	1	-42.1176	-38.80444	-3.313163	0.1186232	0.7868263	0.5257797	5.843267	3.421361
2974	0	-40.55491	-39.20111	-1.353793	0.05954155	0.6128214	0.1707337	11.6414	2.612365
2975	1	-38.63351	-36.94973	-1.683771	0.04380003	0.5219254	0.2966192	15.82527	3.044104
2976	0	-37.73728	-36.97923	-0.7580476	0.02474025	0.3596027	0.1538482	28.01699	2.720485
2977	1	-42.85403	-41.1826	-1.671428	0.01498555	0.2435724	0.4401618	46.25438	1.044045
2978	0	-40.85072	-38.34724	-2.503473	0.05844932	0.6074402	0.547419	11.85894	2.683367
2979	1	-39.52325	-37.47718	-2.046076	0.0558112	0.5939311	0.3596329	12.4195	2.242757
2980	0	-37.62174	-36.69217	-0.9295697	0.02624774	0.3752194	0.1787867	26.40788	2.54421
2981	1	-37.55159	-37.02056	-0.5310307	0.0160327	0.2573953	0.13865	43.23333	2.445094
2982	0	-37.96817	-36.91986	-1.048312	0.02046871	0.3121611	0.2184529	33.86375	3.169688
2983	1	-37.52622	-36.86866	-0.6575562	0.004875775	0.08968344	0.184211	142.1614	2.15573
2984	0	-37.30322	-36.67534	-0.6278862	0.009259303	0.1612565	0.1680884	74.85954	3.015458
2985	1	-38.84517	-37.62149	-1.223676	0.04611908	0.5373184	0.1811989	15.02951	2.900861
2986	0	-39.30078	-38.21471	-1.086067	0.03605074	0.4643363	0.1820376	19.22699	3.440726
2987	1	-37.66957	-37.30154	-0.3680264	0.006110825	0.1106658	0.1355182	113.4294	1.982813
2988	0	-39.0087	-38.31521	-0.6934915	0.01460938	0.2385186	0.1664208	47.44536	1.567153
2989	1	-38.2375	-37.37661	-0.8608931	0.01315397	0.2185143	0.2008343	52.6949	1.8439
2990	0	-37.97838	-36.70194	-1.276436	0.03352682	0.4432918	0.2282029	20.67441	2.43982
2991	1	-38.04823	-36.82526	-1.222972	0.03885705	0.4863575	0.2006326	17.83839	2.770456
2992	0	-40.53278	-38.46784	-2.064941	0.03888394	0.4865618	0.4654779	17.82605	2.833321
2993	1	-42.64215	-40.52034	-2.121811	0.0616336	0.622799	0.3572982	11.24625	1.460305
2994	0	-40.00049	-37.52303	-2.477465	0.07815975	0.6886284	0.4037416	8.868339	2.409947
2995	1	-38.10682	-37.37369	-0.7331221	0.01417721	0.2326539	0.1742089	48.89166	3.442998
2996	0	-39.78942	-38.30009	-1.489324	0.0202371	0.3094461	0.3406496	34.25131	2.025364
2997	1	-37.91076	-36.91863	-0.992131	0.03122262	0.4229813	0.1774127	22.20016	2.901599
2998	0	-39.31704	-38.97881	-0.3382304	0.00123094	0.02372263	0.1409272	563.1042	1.225129
2999	1	-38.97894	-37.65148	-1.327454	0.05063335	0.565146	0.1885955	13.68954	2.759221
3000	0	-39.37571	-37.94868	-1.427038	0.02018354	0.3088161	0.3203214	34.3422	3.219621
3001	1	-38.65025	-37.28967	-1.360579	0.02453574	0.3574406	0.2818531	28.25051	2.213095
3002	0	-39.99759	-37.36889	-2.6287	0.08807544	0.7193139	0.4082746	7.869926	2.634064
3003	1	-38.69544	-37.78438	-0.9110624	0.03145333	0.4250641	0.1630654	22.03732	2.158036
3004	0	-40.33805	-37.52471	-2.813332	0.0871212	0.716594	0.4977272	7.956125	2.603519
3005	1	-38.82788	-36.90209	-1.925788	0.05527665	0.5911025	0.3212909	12.5396	2.924869
3006	0	-39.07218	-37.51456	-1.557621	0.05739552	0.6021324	0.2157777	12.07668	2.867541
3007	1	-40.74505	-40.66612	-0.07893548	0.0167418	0.2665547	0.08734282	41.4022	2.311604
3008	0	-39.37383	-38.76674	-0.6070822	0.02769112	0.3896572	0.1268895	25.03139	3.159219
3009	1	-37.16063	-36.74442	-0.4162096	0.001155267	0.0222861	0.1525194	599.9887	3.069825
3010	0	-38.73406	-36.89224	-1.841816	0.05747018	0.6025122	0.2863999	12.06099	2.903844
3011	1	-37.05937	-36.75826	-0.3011146	0.005079358	0.09318804	0.1286074	136.4635	2.607267
3012	0	-37.9128	-36.71233	-1.200471	0.02358345	0.3472322	0.243406	29.39125	2.726406
3013	1	-38.27149	-37.46055	-0.8109429	0.001388112	0.02669728	0.2255937	499.3452	2.122421
3014	0	-38.83569	-36.95024	-1.885442	0.061118	0.6203793	0.2841453	11.34113	2.857042
3015	1	-39.02592	-38.00891	-1.017006	0.01797947	0.2821637	0.2192973	38.55215	1.614337
3016	0	-39.04774	-37.26734	-1.7804	0.04470104	0.5279992	0.3225798	15.50629	3.197031
3017	1	-40.20584	-39.07581	-1.130031	0.006787457	0.1218829	0.2875948	102.1218	1.373462
3018	0	-39.77725	-37.30394	-2.473309	0.08554711	0.712005	0.3622245	8.10252	2.826233
3019	1	-38.41558	-37.41897	-0.9966111	0.007720153	0.1370311	0.2483793	89.78412	2.258529
3020	0	-39.45277	-37.51774	-1.935035	0.06513384	0.6385768	0.2821251	10.64189	2.369971
3021	1	-37.30728	-36.84563	-0.4616531	0.009077851	0.1584495	0.1427108	76.35586	3.019541
3022	0	-37.71854	-36.68919	-1.029347	0.03010965	0.4127748	0.1870577	23.02076	2.758945
3023	1	-41.45411	-39.11043	-2.343687	0.06452111	0.6358943	0.4282287	10.74295	3.769118
3024	0	-41.53104	-37.97158	-3.559456	0.1214994	0.7916578	0.6458361	5.704941	2.655214
3025	1	-43.6107	-39.4533	-4.157394	0.151252	0.831644	0.7713923	4.582732	2.28087
3026	0	-39.71982	-38.88943	-0.8303926	0.03882362	0.4861032	0.1355537	17.85375	2.527669
3027	1	-44.46522	-39.29399	-5.171226	0.2125361	0.8798968	0.8945536	3.261315	3.273169
3028	0	-37.80746	-36.74419	-1.06327	0.03235566	0.433104	0.1874689	21.42275	2.723609
3029	1	-37.37099	-36.63286	-0.7381308	0.009711263	0.1681926	0.1864849	71.37559	2.906813
3030	0	-37.07705	-36.64015	-0.4368906	0.00523807	0.09590752	0.1469803	132.3287	2.911769
3031	1	-39.99042	-37.97338	-2.017042	0.0436305	0.5207691	0.4149322	15.88676	2.267894
3032	0	-38.61378	-37.48308	-1.130698	0.01355887	0.2241526	0.2615342	51.12129	2.116278
3033	1	-37.25859	-36.63303	-0.62556	0.004456124	0.08240122	0.179471	155.5493	2.457604
3034	0	-40.65979	-38.22906	-2.430725	0.07557337	0.6796589	0.3996425	9.171844	3.473035
3035	1	-39.70922	-38.62211	-1.087115	0.02887399	0.4011277	0.2016714	24.00594	1.617118
3036	0	-37.53945	-36.78666	-0.7527812	0.02158009	0.3249787	0.1600267	32.11975	2.83376
3037	1	-38.56653	-36.79582	-1.770707	0.04951576	0.5585068	0.2984625	13.99852	2.617311
3038	0	-40.0418	-38.44424	-1.597559	0.02064045	0.3141644	0.3774324	33.58198	2.847478
3039	1	-38.65545	-37.54358	-1.111876	0.04013996	0.4959691	0.1763123	17.26826	2.403141
3040	0	-39.49528	-37.51342	-1.981854	0.05545493	0.5920494	0.3389643	12.49929	3.313582
3041	1	-37.36055	-36.78591	-0.5746436	0.01166534	0.1972877	0.1540472	59.41936	3.033721
3042	0	-38.56777	-37.3669	-1.200872	0.01457776	0.2380917	0.2765375	47.54827	2.618935
3043	1	-40.47404	-38.82588	-1.648158	0.01966685	0.3026961	0.4025196	35.24444	2.656976
3044	0	-38.78956	-38.05998	-0.7295815	0.008213778	0.1449038	0.1888503	84.38835	3.793143
3045	1	-38.2477	-36.85295	-1.39475	0.03143061	0.4248596	0.2645843	22.05325	2.992311
3046	0	-38.69434	-37.20778	-1.486565	0.05236668	0.5751348	0.2157738	13.23642	2.804354
3047	1	-37.81578	-36.57301	-1.242772	0.03146062	0.4251298	0.2271836	22.03221	2.739669
3048	0	-39.94791	-37.61436	-2.333553	0.07780801	0.6874339	0.351367	8.90843	3.207574
3049	1	-37.98939	-37.17265	-0.8167407	0.02866006	0.3990768	0.15436	24.18513	2.752385
3050	0	-37.95599	-36.70409	-1.251898	0.03691363	0.4712573	0.2122691	18.77754	2.578816
3051	1	-38.78145	-37.27912	-1.502324	0.0385407	0.4839444	0.2664792	17.98481	2.116144
3052	0	-38.92859	-36.9063	-2.022284	0.05789005	0.6046376	0.3410149	11.97351	2.733322
3053	1	-37.31208	-36.6409	-0.6711834	0.00638972	0.1153128	0.1827873	108.4785	2.416172
3054	0	-42.88622	-40.10518	-2.781042	0.06581889	0.6415375	0.6511111	10.53113	1.78458
3055	1	-37.6415	-36.94816	-0.6933337	0.009387636	0.1632341	0.1791323	73.83618	2.05579
3056	0	-39.80276	-37.46366	-2.339094	0.06388294	0.6330651	0.4301265	10.85027	3.072718
3057	1	-39.92264	-37.90395	-2.018685	0.06479812	0.6371111	0.3081981	10.69703	3.383592
3058	0	-38.81622	-38.00179	-0.8144297	0.01113368	0.1895127	0.1972665	62.25677	3.754688
3059	1	-38.07729	-37.6607	-0.4165892	0.007225568	0.1290433	0.1400391	95.92978	1.803534
3060	0	-38.5911	-36.82571	-1.765384	0.05346385	0.5812704	0.280774	12.96478	2.606192
3061	1	-37.79138	-37.00872	-0.7826672	0.01137312	0.1930271	0.190454	60.94607	2.036278
3062	0	-38.61252	-37.51201	-1.100507	0.03482259	0.454248	0.1879172	19.9051	3.264591
3063	1	-38.70691	-37.42189	-1.285026	0.02692423	0.3820475	0.2526723	25.74437	3.408513
3064	0	-38.47963	-37.14855	-1.331087	0.03607114	0.4645015	0.2325125	19.21612	2.1616
3065	1	-39.3331	-37.91387	-1.419223	0.01826501	0.2856981	0.3265592	37.94946	2.916246
3066	0	-39.54319	-38.25653	-1.286655	0.04141904	0.5052811	0.206225	16.73499	1.945669
3067	1	-38.90377	-36.89742	-2.006352	0.06267502	0.6276101	0.3136886	11.05938	2.759821
3068	0	-41.77308	-38.69286	-3.080224	0.08125001	0.6987934	0.7061873	8.531042	2.844004
3069	1	-40.83866	-39.11327	-1.725385	0.02067908	0.3146138	0.4286635	33.51924	2.710252
3070	0	-39.91154	-38.34418	-1.567353	0.05535655	0.5915273	0.2242548	12.5215	3.371681
3071	1	-38.22302	-36.83455	-1.388477	0.0396154	0.4920725	0.2342218	17.49691	3.030337
3072	0	-36.94196	-36.53621	-0.405749	0.003255419	0.06112537	0.1465203	212.921	2.690349
3073	1	-37.26521	-36.91658	-0.3486236	0.008846296	0.1548485	0.127876	78.35451	2.54443
3074	0	-37.73382	-37.28697	-0.4468474	0.001556528	0.02987126	0.1563757	445.3164	3.454752
3075	1	-38.60486	-37.02222	-1.58264	0.04914715	0.5562819	0.248585	14.10351	2.412004
3076	0	-38.58093	-37.64407	-0.9368592	0.007037261	0.1259754	0.2362408	98.49673	3.39646
3077	1	-40.65105	-39.66468	-0.9863682	0.002340722	0.04446893	0.2652584	296.1253	0.9921999
3078	0	-40.88545	-39.81018	-1.075267	0.01491843	0.2426742	0.2427251	46.46246	0.992419
3079	1	-38.69204	-37.33218	-1.359861	0.02533088	0.3657882	0.2785051	27.36372	3.229728
3080	0	-37.59985	-36.79623	-0.8036225	0.007707409	0.1368265	0.2048235	89.93258	2.869025
3081	1	-37.41107	-37.31763	-0.09343311	0.003149695	0.05922023	0.1073765	220.068	2.702975
3082	0	-40.97962	-38.71343	-2.26619	0.06592657	0.6419992	0.3885055	10.51393	3.663055
3083	1	-37.88435	-37.30243	-0.5819176	0.006086908	0.1102657	0.1678943	113.8751	1.825125
3084	0	-38.01482	-36.85254	-1.162282	0.02292763	0.340065	0.2364662	30.23196	3.051277
3085	1	-39.05576	-37.60511	-1.450652	0.03368114	0.4446138	0.2710411	20.57968	1.938822
3086	0	-43.13462	-38.75899	-4.375631	0.1603074	0.8410269	0.8443078	4.323863	2.530475
3087	1	-43.29162	-43.50417	0.2125535	0.0075288	0.1339525	0.07432857	92.0661	3.625314
3088	0	-39.34476	-37.11564	-2.229114	0.06323317	0.6301472	0.3888829	10.96177	2.899093
3089	1	-38.70054	-37.69651	-1.004027	0.005669359	0.1032418	0.2575832	122.262	2.180363
3090	0	-39.60844	-38.5989	-1.009547	0.01085164	0.1853457	0.2407254	63.8749	1.367468
3091	1	-40.84032	-37.62912	-3.211198	0.1096077	0.7702392	0.5392997	6.323892	2.75326
3092	0	-38.49784	-37.09147	-1.406371	0.02566691	0.3692687	0.2903827	27.00548	2.685846
3093	1	-39.68247	-37.21558	-2.466893	0.07779094	0.6873758	0.4015824	8.910385	2.617661
3094	0	-37.45148	-36.75924	-0.692238	0.01317788	0.2188488	0.1696076	52.59928	3.078944
3095	1	-39.62884	-37.91506	-1.713775	0.0371192	0.4728861	0.3359047	18.67355	3.460416
3096	0	-38.71012	-38.26296	-0.4471532	0.009045288	0.1579444	0.1407211	76.63074	3.670921
3097	1	-39.47103	-39.04088	-0.4301447	0.008069963	0.1426203	0.1402672	85.89224	3.911781
3098	0	-38.36767	-37.42821	-0.9394593	0.03258855	0.4351519	0.1650935	21.26965	2.337945
3099	1	-39.88774	-38.39898	-1.488757	0.03668251	0.4694168	0.2698801	18.89585	1.680099
3100	0	-39.4061	-37.18993	-2.216175	0.06678287	0.645636	0.365109	10.37912	3.073555
3101	1	-38.15645	-37.08473	-1.071713	0.01537799	0.2487948	0.2402988	45.07398	3.090669
3102	0	-37.66875	-36.63098	-1.037767	0.02312767	0.3422632	0.2081929	29.97047	2.936946
3103	1	-38.46558	-37.9401	-0.5254758	0.003552776	0.0664559	0.1644638	195.1002	3.754682
3104	0	-38.27562	-37.13143	-1.144192	0.01832545	0.2864431	0.247826	37.82429	2.189327
3105	1	-37.44572	-36.80911	-0.6366113	0.008877846	0.1553404	0.1704775	78.07605	3.139269
3106	0	-37.10192	-36.74952	-0.3524064	0.006554565	0.1180439	0.1325841	105.7503	2.515373
3107	1	-38.78643	-38.34061	-0.4458173	0.002537865	0.04809226	0.1540641	273.1222	1.383587
3108	0	-40.44821	-37.95016	-2.498051	0.08428389	0.7082274	0.3779837	8.223958	2.321175
3109	1	-38.30559	-37.16132	-1.144265	0.01957082	0.3015501	0.243522	35.41738	2.114051
3110	0	-37.44835	-36.57656	-0.8717949	0.01412162	0.2318951	0.2002793	49.0841	2.726924
3111	1	-39.33472	-39.00316	-0.3315652	0.0214021	0.322949	0.1052816	32.38688	2.743873
3112	0	-39.77508	-37.60575	-2.169336	0.07491195	0.677294	0.3106057	9.252825	2.437908
3113	1	-37.97053	-36.79995	-1.170584	0.02062554	0.3139908	0.246319	33.60625	2.658789
3114	0	-40.01529	-37.69822	-2.317079	0.06713309	0.6471058	0.4018794	10.32497	3.307982
3115	1	-39.3073	-37.58148	-1.725821	0.0641646	0.6343182	0.2320209	10.80264	2.77631
3116	0	-38.04228	-36.6749	-1.367386	0.03869009	0.4850861	0.2323508	17.91537	2.562005
3117	1	-38.44174	-37.59813	-0.8436056	0.000556191	0.01081318	0.2358392	1246.24	2.201145
3118	0	-37.86474	-36.95378	-0.910955	0.021685	0.3261708	0.1871728	31.96436	2.158226
3119	1	-37.50534	-36.8466	-0.6587431	0.001082691	0.0209057	0.1945814	640.2078	2.550081
3120	0	-38.39908	-37.22814	-1.170944	0.0173568	0.2743702	0.2580521	39.93521	2.218733
3121	1	-39.51854	-38.42879	-1.089743	0.001740976	0.0333315	0.2966496	398.1372	2.55447
3122	0	-39.56655	-38.80912	-0.7574321	0.002879438	0.0543265	0.2093816	240.7231	1.174352
3123	1	-38.72738	-37.32399	-1.403392	0.05064218	0.5651978	0.2034495	13.68715	2.792758
3124	0	-40.9701	-39.76417	-1.205926	0.003182553	0.05981288	0.3264807	217.796	1.344598
3125	1	-38.06655	-37.15078	-0.9157774	0.006845783	0.1228408	0.2319391	101.2517	2.410109
3126	0	-37.2047	-36.77451	-0.4301877	0.001117796	0.02157372	0.1547482	620.1018	3.099647
3127	1	-38.46833	-37.36588	-1.102452	0.0304274	0.4157158	0.2003435	22.78036	3.337403
3128	0	-39.943	-39.13908	-0.8039157	0.004910471	0.09028201	0.2131405	141.157	4.20297
3129	1	-38.98379	-37.49065	-1.493148	0.04427862	0.5251666	0.2434875	15.65422	2.113603
3130	0	-38.54345	-37.39354	-1.149906	0.0157674	0.253927	0.2584174	43.96077	3.219818
3131	1	-38.59282	-36.96013	-1.632693	0.05040973	0.5638302	0.2567241	13.75027	3.025446
3132	0	-40.64256	-37.90577	-2.73679	0.07882825	0.6908769	0.5183529	8.793132	3.207771
3133	1	-41.72678	-39.18959	-2.537199	0.05286464	0.5779372	0.612672	13.11174	2.655061
3134	0	-38.6061	-38.26173	-0.344366	0.01591817	0.2559008	0.1152272	43.54441	2.201135
3135	1	-37.08535	-36.75764	-0.3277144	0.004816633	0.08866189	0.1325653	143.907	2.409806
3136	0	-40.72795	-37.6283	-3.099649	0.09813421	0.7453936	0.567249	7.063258	2.881768
3137	1	-37.10707	-36.58984	-0.5172349	0.002441926	0.04633129	0.1656938	283.8527	2.440547
3138	0	-42.20849	-39.10433	-3.10416	0.07851301	0.6898201	0.7518071	8.828437	2.756359
3139	1	-39.16131	-37.14082	-2.020499	0.06913601	0.6553197	0.2904057	10.02585	2.75872
3140	0	-43.1997	-41.64864	-1.55106	0.02466504	0.3588088	0.3403726	28.10242	0.6462195
3141	1	-37.75169	-36.83359	-0.9180977	0.01045431	0.1794251	0.2209244	66.30254	2.652503
3142	0	-38.63152	-37.65323	-0.9782884	0.03817788	0.4811556	0.1586001	18.15573	2.696444
3143	1	-39.93874	-37.72249	-2.216249	0.06537971	0.6396441	0.3724457	10.60187	3.349275
3144	0	-37.23803	-36.58118	-0.6568419	0.006363102	0.1148707	0.1802523	108.9323	2.538758
3145	1	-37.48933	-36.68994	-0.799382	0.008581532	0.1507052	0.2014538	80.77196	2.612353
3146	0	-36.99923	-36.62832	-0.3709103	0.005062558	0.09289953	0.1379371	136.9164	2.731271
3147	1	-40.02671	-37.49455	-2.53216	0.08951752	0.7233382	0.3632273	7.743145	2.674677
3148	0	-40.4713	-39.66982	-0.8014818	0.008151695	0.1439191	0.2031067	85.03105	0.9536624
3149	1	-38.35199	-36.73652	-1.615475	0.04779157	0.547946	0.2618491	14.50354	2.833001
3150	0	-38.72791	-36.87328	-1.854631	0.05484354	0.5887873	0.3010596	12.63863	2.936537
3151	1	-46.87518	-44.57577	-2.299408	0.02140368	0.3229671	0.7532968	32.38448	4.719594
3152	0	-39.54305	-38.81281	-0.7302405	0.03485978	0.4545577	0.1296981	19.88386	2.887564
3153	1	-39.23134	-37.21304	-2.018304	0.05498461	0.5895437	0.3538908	12.6062	2.391465
3154	0	-39.38114	-38.15309	-1.228047	0.009164108	0.1597855	0.3067384	75.63717	2.374013
3155	1	-40.97464	-39.28538	-1.68926	0.02761673	0.388925	0.3748573	25.09882	1.508913
3156	0	-38.21372	-37.49829	-0.7154283	0.02281174	0.3387868	0.1515005	30.38555	2.153485
3157	1	-37.86904	-36.64145	-1.227594	0.02826916	0.3953024	0.2340799	24.51956	2.866969
3158	0	-38.61114	-37.59636	-1.014781	0.01509337	0.2450124	0.2279148	45.92394	1.796771
3159	1	-40.01068	-37.31882	-2.691862	0.09036258	0.7256494	0.4210676	7.670732	2.902826
3160	0	-37.75092	-37.69827	-0.05264272	0.004322508	0.08006603	0.101391	160.3576	2.540299
3161	1	-40.40867	-38.33815	-2.070519	0.06700115	0.6465533	0.3146486	10.3453	2.058705
3162	0	-38.46802	-36.76136	-1.706663	0.0457114	0.5346687	0.2954034	15.16355	2.753326
3163	1	-37.60414	-36.61916	-0.9849802	0.01898749	0.2945312	0.2093825	36.50546	2.879411
3164	0	-41.00086	-38.65113	-2.349735	0.05058826	0.5648812	0.5245406	13.70174	3.136514
3165	1	-38.15477	-36.97385	-1.180917	0.02234547	0.3336076	0.2429035	31.01958	3.117223
3166	0	-38.61711	-36.81628	-1.800827	0.05191006	0.5725391	0.2973596	13.35285	2.889862
3167	1	-38.69102	-37.51871	-1.172306	0.0437473	0.5215663	0.1779903	15.84434	2.86537
3168	0	-38.13361	-37.19527	-0.9383418	0.0159471	0.2562787	0.2086114	43.46541	1.965717
3169	1	-37.78278	-37.41189	-0.3708887	0.004882332	0.08979661	0.1382857	141.9705	1.877415
3170	0	-37.3658	-36.56089	-0.8049144	0.01507971	0.2448301	0.1848045	45.96556	2.456388
3171	1	-39.26529	-38.40297	-0.8623202	0.0003518165	0.006858057	0.2409891	1970.195	3.72294
3172	0	-39.32056	-39.11635	-0.2042078	0.01701148	0.2699965	0.0986229	40.74584	2.533197
3173	1	-37.15579	-36.9508	-0.2049918	0.003943986	0.07340687	0.1187096	175.7479	2.604137
3174	0	-39.65145	-38.05067	-1.600785	0.02458909	0.3580056	0.3581096	28.18922	2.33419
3175	1	-37.6097	-36.85499	-0.7547132	0.02312629	0.342248	0.1568721	29.97227	2.612405
3176	0	-39.23618	-38.65134	-0.5848394	0.0002330988	0.004550893	0.1829015	2973.62	4.070003
3177	1	-38.60005	-37.04865	-1.551402	0.03219163	0.4316549	0.3061458	21.53191	2.725731
3178	0	-37.53736	-36.92332	-0.6140457	0.003072997	0.05783488	0.1809169	225.5606	3.163983
3179	1	-37.5852	-36.55846	-1.026738	0.02624485	0.37519	0.1970391	26.41079	2.761872
3180	0	-37.94846	-36.62114	-1.327318	0.0318788	0.4288761	0.2457702	21.7432	2.69072
3181	1	-38.78119	-37.43529	-1.345904	0.02017596	0.3087268	0.2953905	34.35511	2.950869
3182	0	-37.41159	-36.73079	-0.6807963	0.01787339	0.2808444	0.1569169	38.78096	2.851919
3183	1	-37.63045	-36.81859	-0.8118539	0.01970093	0.3031021	0.1743314	35.18347	3.073145
3184	0	-40.15126	-38.82192	-1.329339	0.01097502	0.1871722	0.3308637	63.15681	3.474014
3185	1	-39.41999	-38.1615	-1.258491	0.02518992	0.3643199	0.2521584	27.51684	1.638934
3186	0	-37.93281	-37.76574	-0.167076	0.009160004	0.159722	0.1061743	75.67106	2.690041
3187	1	-38.81529	-37.11775	-1.697537	0.03845719	0.4833045	0.3243066	18.02387	2.484392
3188	0	-40.05296	-38.34839	-1.704569	0.03300813	0.4388138	0.3527272	20.99929	3.573175
3189	1	-37.93067	-37.00578	-0.9248861	0.01737111	0.2745507	0.2017243	39.90229	3.256975
3190	0	-40.1756	-39.08907	-1.086534	0.0418513	0.5083685	0.1677945	16.56214	2.011546
3191	1	-37.90812	-36.65025	-1.257862	0.02920983	0.4043268	0.2380886	23.72993	2.519795
3192	0	-40.73926	-39.02924	-1.710014	0.04698674	0.5428801	0.2911029	14.75197	3.835074
3193	1	-38.1316	-37.09891	-1.032693	0.03449804	0.4515343	0.1764031	20.09237	2.927905
3194	0	-38.1831	-36.73307	-1.450029	0.03653602	0.4682453	0.2601659	18.97161	2.924607
3195	1	-40.18203	-38.41733	-1.764699	0.03057715	0.4170943	0.3876739	22.66879	2.036275
3196	0	-44.90785	-39.35986	-5.547987	0.239843	0.893554	0.8865569	2.890003	2.865992
3197	1	-37.29626	-36.59412	-0.7021435	0.007897301	0.1398677	0.1845623	87.77013	2.787757
3198	0	-40.86836	-38.23754	-2.630816	0.06515178	0.6386549	0.5655948	10.63896	2.734087
3199	1	-39.26824	-37.97312	-1.29511	0.03905675	0.4878719	0.2150333	17.74718	1.942849
3200	0	-38.48313	-36.7992	-1.683937	0.0501124	0.5620709	0.27136	13.83185	2.90578
3201	1	-42.70844	-40.60339	-2.105048	0.06449918	0.6357976	0.33742	10.7466	1.518946
3202	0	-39.08291	-38.31301	-0.7699035	0.03344807	0.4426154	0.1376638	20.72308	2.957077
3203	1	-41.25053	-39.13109	-2.119441	0.08428516	0.7082312	0.2588433	8.223834	3.22119
3204	0	-38.22989	-37.13021	-1.099681	0.03298543	0.4386165	0.1926986	21.01374	3.152763
3205	1	-40.47391	-38.14628	-2.327635	0.09004968	0.7247976	0.2938256	7.697386	2.891827
3206	0	-40.93649	-38.75539	-2.181109	0.0448956	0.529295	0.4802523	15.43909	3.367859
3207	1	-37.41118	-36.73174	-0.6794379	0.003550081	0.06640778	0.1918455	195.2483	2.607943
3208	0	-37.74781	-37.01694	-0.7308662	0.001651351	0.03165222	0.2074604	419.7455	2.43956
3209	1	-39.53322	-38.02641	-1.506812	0.02024168	0.3094999	0.3466369	34.24356	2.67938
3210	0	-40.81897	-38.16603	-2.652943	0.1001885	0.7501922	0.3525076	6.918428	3.079453
3211	1	-40.57779	-39.16657	-1.411214	0.01592702	0.2560164	0.334832	43.52022	1.491445
3212	0	-40.25145	-38.37427	-1.877184	0.03199715	0.4299298	0.4252132	21.66278	2.787272
3213	1	-38.75213	-38.16365	-0.5884753	0.0169832	0.2696366	0.1448894	40.8137	3.516136
3214	0	-37.31573	-36.88498	-0.4307502	0.01157512	0.1959756	0.133572	59.88249	2.55709
3215	1	-40.14323	-38.57662	-1.566602	0.05491508	0.5891712	0.2254884	12.62217	2.05589
3216	0	-38.98181	-36.98814	-1.993674	0.06346335	0.6311852	0.3063066	10.92201	2.605723
3217	1	-38.8514	-37.71016	-1.141238	0.009209047	0.1604804	0.2810553	75.26807	2.747212
3218	0	-38.3146	-37.0847	-1.229898	0.02056297	0.3132616	0.2616024	33.70852	3.016642
3219	1	-38.84088	-37.8929	-0.9479799	0.005294951	0.09687946	0.244835	130.9072	1.819346
3220	0	-37.82291	-37.22242	-0.6004829	0.006834195	0.1226506	0.1692444	101.4234	1.872828
3221	1	-38.04293	-37.44624	-0.5966932	0.0199114	0.3056022	0.1401656	34.81158	3.096703
3222	0	-37.53017	-36.60826	-0.9219017	0.01875425	0.2916966	0.1972317	36.95948	2.9224
3223	1	-38.40742	-37.16094	-1.246479	0.02338709	0.345098	0.2555741	29.63803	3.210567
3224	0	-38.73427	-37.66778	-1.066487	0.01603204	0.2573867	0.2368481	43.23513	3.536394
3225	1	-37.74372	-36.84732	-0.8963958	0.01761739	0.2776464	0.1953773	39.34448	3.154824
3226	0	-39.07423	-37.64781	-1.426415	0.04759487	0.546716	0.2173453	14.56349	2.216366
3227	1	-37.76827	-37.12924	-0.6390268	0.01777435	0.2796096	0.1507083	38.99704	2.211903
3228	0	-37.34037	-36.67509	-0.6652798	0.009203369	0.1603926	0.1746307	75.31451	3.011583
3229	1	-37.77378	-37.01638	-0.7574032	0.01303023	0.2167798	0.1814062	53.19532	2.032835
3230	0	-37.68415	-36.71551	-0.9686413	0.01736402	0.2744613	0.2107678	39.91858	2.982863
3231	1	-39.01526	-37.27975	-1.735509	0.04359773	0.5205451	0.3132638	15.8987	3.228819
3232	0	-37.17752	-36.53625	-0.6412727	0.012958	0.2157648	0.1616815	53.49185	2.620639
3233	1	-39.12122	-37.04592	-2.0753	0.06627514	0.6434871	0.3194155	10.45863	2.585948
3234	0	-38.7209	-36.98186	-1.739041	0.04643602	0.5393622	0.302017	14.92693	3.063549
3235	1	-39.85202	-37.55061	-2.301413	0.07982451	0.6941766	0.3306983	8.683388	2.504477
3236	0	-37.37644	-36.97076	-0.4056804	0.003785346	0.07059663	0.1454176	183.1133	2.055674
3237	1	-38.30017	-36.79665	-1.503515	0.04153792	0.5061332	0.2557367	16.68709	2.443644
3238	0	-39.15565	-37.53209	-1.623559	0.05387543	0.5835357	0.2422357	12.86574	3.21758
3239	1	-37.52494	-36.88891	-0.6360276	0.01890619	0.293545	0.1478737	36.66245	2.811599
3240	0	-42.20019	-41.91672	-0.2834709	0.02896341	0.401982	0.09017324	23.93182	2.647188
3241	1	-41.87881	-38.55768	-3.32113	0.1044315	0.759602	0.647632	6.637337	2.313424
3242	0	-39.63565	-38.29133	-1.344316	0.05417145	0.5851528	0.1824519	12.79543	2.52023
3243	1	-39.64823	-37.80756	-1.840666	0.06743396	0.6483604	0.2485117	10.2789	3.081924
3244	0	-39.53463	-37.39305	-2.141582	0.06159905	0.6226377	0.3646106	11.25256	3.212319
3245	1	-38.61225	-37.68264	-0.9296148	0.02998021	0.4115705	0.169612	23.12016	2.094717
3246	0	-38.45667	-36.79656	-1.660102	0.05176222	0.5716932	0.2588649	13.39099	2.736729
3247	1	-37.40927	-36.6347	-0.7745655	0.01157872	0.196028	0.1883694	59.86387	2.37414
3248	0	-40.73192	-39.87022	-0.8617033	0.03438219	0.4505608	0.1489214	20.16006	1.81935
3249	1	-37.96445	-36.76319	-1.201266	0.02607066	0.3734138	0.2351893	26.58725	2.366099
3250	0	-41.2576	-39.97621	-1.281396	0.003373883	0.0632539	0.3511232	205.445	1.442449
3251	1	-38.46372	-37.68988	-0.7738384	0.0205457	0.3130602	0.1658377	33.73684	1.898275
3252	0	-38.10595	-37.27237	-0.833582	0.002293896	0.04360557	0.2278254	302.1703	2.796902
3253	1	-37.16006	-36.55141	-0.6086443	0.01188374	0.2004515	0.1588841	58.32738	2.749428
3254	0	-38.56024	-37.63856	-0.9216786	0.00215827	0.04109906	0.2492838	321.1587	2.873836
3255	1	-41.90164	-38.06914	-3.832502	0.1305218	0.8055601	0.7470568	5.310585	2.862193
3256	0	-37.67714	-37.11371	-0.5634287	0.01841299	0.28752	0.1384801	37.64446	2.484235
3257	1	-41.31551	-39.13798	-2.177527	0.04779356	0.5479584	0.4593406	14.50294	1.758392
3258	0	-39.17255	-37.10577	-2.066782	0.05489492	0.5890631	0.3719401	12.6268	2.879849
3259	1	-39.51918	-38.83967	-0.679506	0.03151656	0.425633	0.129244	21.99311	2.30798
3260	0	-39.73161	-38.56257	-1.169043	0.006230698	0.1126672	0.3013973	111.2471	1.902002
3261	1	-39.65963	-38.15384	-1.505789	0.01935428	0.2989562	0.3506506	35.81364	2.836873
3262	0	-39.64489	-39.26157	-0.3833193	0.003998381	0.07436782	0.1417747	173.357	1.207228
3263	1	-37.58255	-36.82569	-0.756863	0.01354019	0.2238937	0.1800068	51.19183	2.166014
3264	0	-39.30708	-37.08936	-2.217723	0.06878894	0.6539194	0.3554576	10.07643	2.576617
3265	1	-38.59007	-37.62433	-0.9657413	0.03714314	0.4730753	0.1589287	18.66151	2.85514
3266	0	-41.0462	-38.13674	-2.909458	0.08047575	0.6963008	0.6018764	8.613118	2.566863
3267	1	-39.94519	-37.68619	-2.258995	0.06739759	0.6482092	0.3777877	10.28445	3.324293
3268	0	-44.34954	-40.34172	-4.007819	0.1453786	0.8249639	0.7216858	4.767876	2.080059
3269	1	-41.63531	-39.06243	-2.572876	0.09204079	0.7301392	0.3650745	7.53087	2.158137
3270	0	-37.70747	-37.00408	-0.703389	0.02117722	0.3203722	0.1531839	32.73079	2.380232
3271	1	-39.0482	-37.5905	-1.457693	0.03866749	0.4849136	0.2543915	17.92584	1.982752
3272	0	-37.18813	-36.53188	-0.6562451	0.01322159	0.2194598	0.1635105	52.42541	2.708211
3273	1	-41.72773	-39.7705	-1.957235	0.02647332	0.3775085	0.4980359	26.18286	3.189838
3274	0	-37.45641	-36.85924	-0.597175	0.003615129	0.0675685	0.1765332	191.7351	3.137579
3275	1	-37.31626	-37.0858	-0.2304536	0.003474944	0.06506461	0.1225805	199.47	2.226196
3276	0	-41.12449	-40.06606	-1.058424	0.02189536	0.3285523	0.2162704	31.65727	4.261042
3277	1	-37.30243	-36.65039	-0.6520419	0.004937119	0.09074139	0.1830393	140.3951	2.456878
3278	0	-38.02497	-36.7494	-1.275567	0.02945987	0.4066922	0.2414871	23.52852	2.398146
3279	1	-40.12456	-38.82408	-1.300483	0.05621191	0.596031	0.1696656	12.33097	2.821695
3280	0	-40.37395	-38.05526	-2.318693	0.05987278	0.6144297	0.4460033	11.577	2.166454
3281	1	-38.32594	-37.398	-0.9279369	0.009400526	0.1634323	0.2264549	73.73494	3.344397
3282	0	-37.54332	-36.76975	-0.7735753	0.01691166	0.2687251	0.1745273	40.98636	3.070817
3283	1	-38.77757	-37.52616	-1.251411	0.0321215	0.4310337	0.2270252	21.57892	3.44562
3284	0	-38.83932	-38.44338	-0.3959443	0.006948795	0.1245291	0.137715	99.7507	1.541181
3285	1	-37.30242	-36.54191	-0.7605152	0.01241533	0.2080806	0.1835591	55.82996	2.80282
3286	0	-38.33398	-37.24761	-1.086364	0.01643492	0.2626105	0.2402319	42.17526	3.263044
3287	1	-38.74729	-38.56262	-0.1846697	0.01392753	0.2292369	0.1010211	49.76813	2.776466
3288	0	-40.36223	-39.728	-0.6342365	0.02732523	0.3860437	0.1310579	25.36657	1.857869
3289	1	-38.11554	-36.99792	-1.117611	0.03448447	0.4514205	0.1920743	20.10027	3.036311
3290	0	-39.13881	-38.12053	-1.018284	0.01285172	0.2142681	0.2360729	53.93419	1.566382
3291	1	-42.44128	-40.347	-2.094282	0.07704609	0.6848196	0.2795899	8.996526	3.6783
3292	0	-39.88721	-38.10792	-1.779283	0.03102627	0.4211999	0.3908817	22.34065	3.008957
3293	1	-37.81777	-37.21783	-0.5999452	0.02082805	0.3163431	0.138813	33.27951	2.833554
3294	0	-37.61826	-36.59217	-1.026096	0.02197047	0.3293997	0.2091687	31.54904	2.870816
3295	1	-38.35754	-36.89132	-1.466221	0.04784569	0.5482835	0.2253714	14.48714	2.766667
3296	0	-38.33174	-37.61777	-0.7139639	0.0276969	0.389714	0.1411914	25.02617	2.894603
3297	1	-43.91732	-41.01484	-2.90248	0.1263612	0.7993733	0.3125898	5.485443	3.157539
3298	0	-38.50017	-37.13958	-1.360592	0.0337949	0.4455854	0.2473004	20.51041	2.138394
3299	1	-37.84113	-36.85333	-0.9878063	0.02646444	0.3774186	0.1889285	26.19165	2.298601
3300	0	-38.59729	-37.49494	-1.10235	0.01265948	0.2115507	0.257475	54.75321	3.223625
3301	1	-39.19154	-38.19546	-0.9960793	0.001131695	0.02183806	0.2724607	612.4856	3.110881
3302	0	-38.39833	-36.79475	-1.603574	0.04229509	0.5115075	0.2796424	16.38836	2.941195
3303	1	-37.4487	-36.52931	-0.9193907	0.02204813	0.3302743	0.1877926	31.43791	2.70331
3304	0	-39.10116	-37.85415	-1.247013	0.02878424	0.4002686	0.2369397	24.08079	1.781318
3305	1	-40.57101	-39.17031	-1.4007	0.02179758	0.3274469	0.3049621	31.79927	1.337683
3306	0	-38.19684	-37.23497	-0.9618662	0.01035033	0.1778659	0.2311479	66.96863	2.110977
3307	1	-37.67914	-36.69001	-0.9891235	0.02404529	0.3522121	0.1957541	28.82673	2.994816
3308	0	-37.92859	-36.97701	-0.9515789	0.02567468	0.3693488	0.1842507	26.9973	3.143068
3309	1	-41.11246	-39.40297	-1.709489	0.04129423	0.5043842	0.3153125	16.78557	3.995235
3310	0	-39.71173	-38.20606	-1.505668	0.02832972	0.3958895	0.3088579	24.46714	1.751689
3311	1	-37.78517	-36.82686	-0.9583095	0.02119147	0.3205358	0.1976224	32.70879	2.217818
3312	0	-37.39933	-37.25337	-0.1459636	0.004582453	0.08460169	0.1109004	151.2612	2.554305
3313	1	-39.94591	-37.65596	-2.289943	0.0602068	0.6160405	0.4313235	11.51277	2.351785
3314	0	-39.80269	-37.77312	-2.029576	0.05245343	0.5756252	0.3709307	13.21453	2.11329
3315	1	-39.73488	-37.78088	-1.954007	0.06073371	0.6185593	0.3059675	11.41289	3.380211
3316	0	-38.68207	-36.82493	-1.857137	0.05155875	0.5705247	0.3161493	13.44383	2.761804
3317	1	-42.11272	-40.89084	-1.221881	0.0009579018	0.0185261	0.3423216	723.6098	4.423323
3318	0	-38.92212	-38.83574	-0.08637506	0.008992689	0.1571276	0.09817435	77.07897	3.155573
3319	1	-37.41995	-37.0634	-0.3565552	0.005062617	0.09290054	0.135971	136.9148	2.091941
3320	0	-37.17332	-36.78287	-0.3904478	0.006737345	0.1210588	0.1373698	102.8814	2.347956
3321	1	-37.48548	-36.89822	-0.5872626	0.01505592	0.2445126	0.1487077	46.03818	2.322596
3322	0	-36.97447	-36.54819	-0.4262805	0.003049363	0.05740744	0.1499957	227.3088	2.485032
3323	1	-37.62095	-37.17996	-0.4409892	0.0128832	0.2147119	0.132476	53.80241	3.013825
3324	0	-38.06579	-37.7775	-0.2882846	0.006658129	0.1197539	0.1241677	104.1054	1.909653
3325	1	-38.44989	-37.09148	-1.358413	0.03616669	0.4652742	0.2386314	19.16535	2.186266
3326	0	-40.47695	-38.81033	-1.666621	0.02049853	0.3125095	0.4052316	33.81447	2.611001
3327	1	-38.69404	-37.68696	-1.007081	0.004509168	0.08332604	0.2626402	153.7195	2.736893
3328	0	-40.07491	-37.58486	-2.490051	0.06657505	0.6447591	0.481549	10.41152	2.840978
3329	1	-37.16354	-36.79289	-0.3706523	0.007359226	0.1312118	0.1334994	94.18752	2.443498
3330	0	-38.85078	-38.47616	-0.374617	0.005143296	0.09428492	0.1382915	134.7671	1.483967
3331	1	-37.69044	-37.60762	-0.08281892	0.003899615	0.07262201	0.1051233	177.7476	2.927422
3332	0	-40.79375	-37.91943	-2.874322	0.09930724	0.7481538	0.4453678	6.979825	3.223915
3333	1	-39.5453	-38.22859	-1.316712	0.01251154	0.2094506	0.3196973	55.40063	2.226034
3334	0	-38.16377	-37.0207	-1.143069	0.03776891	0.4779846	0.1880942	18.35232	2.522967
3335	1	-39.66307	-38.71797	-0.9450926	0.01377254	0.2271051	0.2165761	50.32819	1.318109
3336	0	-37.59268	-36.75341	-0.8392694	0.02456359	0.3577357	0.1672824	28.21848	2.7787
3337	1	-37.70776	-37.5804	-0.1273552	0.005181408	0.09493791	0.1079387	133.7758	2.953996
3338	0	-39.14837	-37.44994	-1.698435	0.03346052	0.4427224	0.348337	20.71537	2.838788
3339	1	-40.70597	-38.49796	-2.208012	0.05092041	0.5668258	0.4530974	13.61236	3.468316
3340	0	-37.36434	-37.14695	-0.2173923	0.002338045	0.04441959	0.1229486	296.4645	2.138151
3341	1	-38.5348	-36.77964	-1.755155	0.05075234	0.5658435	0.2887683	13.65744	2.857075
3342	0	-41.43007	-39.38227	-2.047803	0.0850346	0.7104827	0.2384116	8.151355	3.093893
3343	1	-38.34319	-36.89987	-1.443319	0.03003672	0.4120967	0.2832753	23.07666	2.653813
3344	0	-40.76416	-38.86896	-1.895196	0.06853963	0.6529076	0.2583721	10.11309	3.443492
3345	1	-38.11506	-37.36668	-0.7483828	0.01455351	0.2377641	0.17595	47.62748	1.877098
3346	0	-39.01974	-37.36164	-1.658108	0.04010671	0.4957235	0.3045877	17.28257	2.14829
3347	1	-38.68199	-38.63936	-0.04262438	0.00728417	0.129995	0.09626733	95.15802	3.066917
3348	0	-37.65307	-36.75274	-0.9003371	0.01999235	0.3065605	0.1896774	34.67062	3.071145
3349	1	-37.50275	-36.5285	-0.9742515	0.0202676	0.3098045	0.2034359	34.19977	2.695404
3350	0	-40.72177	-39.20267	-1.519107	0.01474112	0.2402939	0.3792797	47.02134	1.908958
3351	1	-38.2047	-36.91832	-1.286377	0.04166321	0.5070287	0.2054577	16.63691	2.572645
3352	0	-38.94128	-38.08747	-0.8538139	0.0256223	0.3688082	0.1672137	27.0525	1.868716
3353	1	-39.53755	-38.54918	-0.9883716	0.002625774	0.049702	0.2647222	263.9783	1.601408
3354	0	-41.62749	-39.91109	-1.7164	0.0760706	0.6814173	0.1942647	9.111893	2.937579
3355	1	-37.51982	-36.74441	-0.7754158	0.0148621	0.2419191	0.1799851	46.63857	2.24145
3356	0	-38.1841	-37.07433	-1.10977	0.02260259	0.3364708	0.2254019	30.66672	2.089254
3357	1	-41.08222	-38.92089	-2.161329	0.03920686	0.4890058	0.5102449	17.67923	2.715064
3358	0	-38.93711	-37.4539	-1.483204	0.05436752	0.5862184	0.2090567	12.74929	2.652723
3359	1	-38.05569	-36.87406	-1.181626	0.0203794	0.311116	0.2499213	34.01214	2.501173
3360	0	-37.55777	-36.53135	-1.026422	0.02274656	0.3380663	0.2069555	30.47261	2.716283
3361	1	-38.64838	-37.03302	-1.615358	0.04079228	0.5007514	0.2890281	16.99212	3.125
3362	0	-38.83333	-37.1552	-1.678126	0.03620034	0.465546	0.3283757	19.14753	2.817194
3363	1	-39.36671	-38.25847	-1.108243	0.03592895	0.4633486	0.1864398	19.29216	1.931737
3364	0	-37.55114	-36.76029	-0.7908524	0.01094688	0.1867561	0.193179	63.31918	3.048422
3365	1	-38.03646	-36.74038	-1.296082	0.02692619	0.3820673	0.2554743	25.74249	2.728997
3366	0	-37.81018	-37.55721	-0.2529702	0.01101405	0.1877488	0.1127064	62.93301	2.60872
3367	1	-37.83877	-37.03473	-0.8040476	0.02006943	0.3074712	0.1720778	34.53745	3.196407
3368	0	-38.93088	-38.1654	-0.7654792	0.01944093	0.2999959	0.1670438	35.65401	1.708911
3369	1	-39.14802	-38.25839	-0.8896332	0.007109805	0.127159	0.2251126	97.49173	3.820417
3370	0	-44.01104	-38.77246	-5.23858	0.2099006	0.878392	0.9931751	3.302263	3.099999
3371	1	-38.07135	-36.76323	-1.308117	0.0270249	0.3830544	0.2582071	25.64846	2.618482
3372	0	-37.32745	-36.98731	-0.3401389	0.009242732	0.1610007	0.1260876	74.99376	2.524932
3373	1	-37.59617	-36.92177	-0.674398	0.006254898	0.1130705	0.1837254	110.8167	3.190359
3374	0	-42.95688	-41.60767	-1.349211	0.02728546	0.3856491	0.2680505	25.40353	4.614215
3375	1	-40.87207	-38.99962	-1.872455	0.04040993	0.4979568	0.375787	17.15289	1.609616
3376	0	-37.24601	-36.58203	-0.6639873	0.01521282	0.246603	0.1602109	45.56336	2.606674
3377	1	-42.39021	-38.86855	-3.521656	0.1075127	0.7660396	0.7577274	6.44712	3.361307
3378	0	-37.96723	-37.03599	-0.9312352	0.02777249	0.3904565	0.1752687	24.95805	3.076625
3379	1	-40.49403	-38.27618	-2.217848	0.05048493	0.5642734	0.4603999	13.72978	2.189131
3380	0	-40.71527	-39.35847	-1.356795	0.01667328	0.2656767	0.3137726	41.57233	1.2881
3381	1	-37.68183	-36.89663	-0.7852013	0.004737787	0.08729759	0.2096997	146.3019	2.627602
3382	0	-44.63384	-39.45812	-5.175718	0.2136507	0.8805221	0.8845433	3.244301	2.569164
3383	1	-39.2648	-37.80642	-1.458382	0.02697903	0.382596	0.3002679	25.69207	1.929461
3384	0	-37.91264	-36.62088	-1.29176	0.03616235	0.4652392	0.2232581	19.16765	2.774268
3385	1	-43.33713	-41.78326	-1.553878	0.01922475	0.2973981	0.3685987	36.05493	4.779401
3386	0	-37.43658	-36.59783	-0.8387559	0.02055318	0.3131474	0.1769419	33.72457	2.506201
3387	1	-37.3691	-36.94315	-0.4259546	0.001772461	0.03392052	0.152676	391.0648	3.235974
3388	0	-42.39024	-40.8222	-1.568041	0.004810269	0.08855188	0.4582853	144.0974	2.475723
3389	1	-37.44031	-36.77132	-0.6689924	0.01553561	0.2508781	0.1602823	44.61668	2.317228
3390	0	-38.29415	-38.00729	-0.2868617	0.006975533	0.1249666	0.1234364	99.36835	1.837074
3391	1	-38.9971	-37.28921	-1.707891	0.03568134	0.4613317	0.340786	19.42604	2.819947
3392	0	-39.60676	-39.1783	-0.4284566	0.02454728	0.3575629	0.1109524	28.23723	2.36422
3393	1	-38.07116	-37.31416	-0.757005	0.008873939	0.1552795	0.1922992	78.11043	1.848721
3394	0	-38.51569	-36.84036	-1.675334	0.04197953	0.5092787	0.3017891	16.51155	2.609334
3395	1	-37.45844	-36.58064	-0.8778083	0.01522345	0.2467444	0.1983755	45.53153	2.497658
3396	0	-38.75832	-37.72429	-1.034025	0.0406287	0.4995587	0.1619847	17.06053	2.683158
3397	1	-38.6809	-37.12518	-1.55572	0.03836744	0.4826155	0.2817838	18.06603	3.200807
3398	0	-42.8943	-38.68203	-4.212262	0.1508967	0.831254	0.8189997	4.593522	3.285773
3399	1	-38.96194	-37.16202	-1.799926	0.05876987	0.609032	0.2696539	11.79426	3.05821
3400	0	-41.57499	-39.74519	-1.829797	0.02191755	0.3288029	0.4675888	31.62521	3.239775
3401	1	-39.68854	-37.87136	-1.817183	0.0555257	0.5924243	0.2872129	12.48336	3.434202
3402	0	-40.89806	-37.70021	-3.197854	0.1081509	0.7673337	0.5432158	6.409076	3.046739
3403	1	-40.51957	-38.49359	-2.025987	0.0370205	0.472105	0.4596356	18.72333	2.783124
3404	0	-39.39559	-37.72724	-1.668345	0.03195906	0.4295909	0.3452572	21.6886	3.193172
3405	1	-42.47723	-39.05108	-3.42615	0.1085203	0.768077	0.6789744	6.387256	2.180131
3406	0	-38.45019	-37.13767	-1.312515	0.02400738	0.3518054	0.2706392	28.87225	3.089797
3407	1	-37.30661	-36.75737	-0.5492421	0.005361883	0.09802134	0.1641698	129.2731	3.092464
3408	0	-37.47279	-36.95295	-0.5198481	0.01578007	0.2540932	0.1375983	43.92547	2.71891
3409	1	-37.46553	-36.64427	-0.821259	0.01785034	0.2805573	0.1806398	38.83104	2.367848
3410	0	-39.35575	-38.30765	-1.048102	0.009378998	0.1631012	0.2554471	73.90418	3.727852
3411	1	-37.46529	-36.9028	-0.5624923	0.01497916	0.243487	0.1452268	46.2741	2.371314
3412	0	-41.57314	-39.27423	-2.298904	0.091118	0.7276866	0.2812278	7.607138	2.389578
3413	1	-38.66112	-37.33409	-1.32703	0.01992079	0.3057135	0.2909144	34.79517	2.530425
3414	0	-36.99872	-36.62548	-0.3732371	0.002349542	0.04463142	0.1436599	295.0137	2.893006
3415	1	-37.90785	-36.98833	-0.9195207	0.01960992	0.302017	0.1943986	35.34676	3.241757
3416	0	-38.84691	-37.75008	-1.096827	0.01411779	0.2318426	0.2508361	49.09744	1.81613
3417	1	-37.26659	-36.58632	-0.6802692	0.006807707	0.1222157	0.1833697	101.818	2.578777
3418	0	-38.44247	-37.94235	-0.5001199	0.0158831	0.2554423	0.1347142	43.64055	3.353925
3419	1	-41.17891	-38.49666	-2.682251	0.06892777	0.6544807	0.564518	10.05614	3.290864
3420	0	-38.10907	-37.2126	-0.8964638	0.02578788	0.3705148	0.1740919	26.8788	3.207705
3421	1	-39.35649	-38.25009	-1.106402	0.04625768	0.5382139	0.1608325	14.98448	2.80467
3422	0	-37.36231	-36.75904	-0.6032721	0.01089419	0.1859763	0.1602574	63.62539	2.240152
3423	1	-37.87827	-37.73453	-0.1437375	0.006658985	0.119768	0.1074551	104.092	2.302006
3424	0	-39.56933	-38.27808	-1.291257	0.01112197	0.1893402	0.3178403	62.32235	2.22861
3425	1	-37.29141	-36.67621	-0.6152005	0.0146727	0.2393726	0.153751	47.24061	2.829288
3426	0	-38.55947	-36.87354	-1.685935	0.04604155	0.5368164	0.2879969	15.05482	2.457124
3427	1	-38.77044	-37.79253	-0.9779083	0.00726821	0.1297359	0.2453384	95.36697	1.853804
3428	0	-37.95156	-36.94931	-1.002249	0.02899303	0.4022645	0.1849512	23.90738	2.312861
3429	1	-40.83704	-37.70519	-3.131848	0.1021458	0.7546144	0.5535372	6.78586	3.060964
3430	0	-38.42379	-37.20372	-1.220069	0.02529767	0.3654427	0.2422846	27.39964	3.309838
3431	1	-38.51955	-37.63209	-0.8874564	0.0007346556	0.0142497	0.2457906	943.4994	2.497993
3432	0	-38.40034	-37.2536	-1.146741	0.02005033	0.3072457	0.2424777	34.57035	2.038475
3433	1	-37.91217	-37.31525	-0.5969197	0.00148618	0.02854717	0.1818764	466.3951	3.438585
3434	0	-39.39729	-37.13791	-2.259376	0.0732167	0.6710954	0.3481078	9.467064	2.973929
3435	1	-38.36322	-36.76722	-1.596004	0.04439137	0.5259253	0.2694356	15.61446	2.933841
3436	0	-39.17777	-38.01209	-1.16567	0.03718177	0.4733803	0.1939963	18.64213	3.43294
3437	1	-39.76272	-38.86774	-0.8949785	0.03773497	0.47772	0.1468384	18.36883	2.200156
3438	0	-38.69876	-37.49673	-1.202029	0.0340897	0.4480913	0.2101616	20.33304	2.031286
3439	1	-39.94714	-38.22388	-1.723262	0.03055692	0.4169084	0.3720444	22.6838	2.057982
3440	0	-38.81295	-37.33016	-1.48279	0.02622247	0.3749622	0.3109931	26.43333	2.510285
3441	1	-39.17778	-37.33974	-1.838031	0.04175555	0.5076872	0.3562348	16.60012	3.001033
3442	0	-37.24908	-36.54785	-0.701232	0.01221107	0.2051613	0.1734933	56.76384	2.463874
3443	1	-38.17959	-36.79535	-1.384238	0.04220448	0.5108691	0.224855	16.42355	2.90279
3444	0	-38.25008	-37.95255	-0.2975332	0.01485006	0.2417575	0.1116268	46.6764	2.814921
3445	1	-40.93408	-39.39385	-1.540232	0.03573383	0.4617602	0.2879694	19.3975	4.030483
3446	0	-39.21658	-37.05395	-2.162633	0.07112581	0.6631677	0.3254813	9.745368	2.849415
3447	1	-42.61828	-41.28779	-1.330486	0.01077451	0.184201	0.3321831	64.33214	4.717779
3448	0	-37.30974	-36.55324	-0.7565058	0.01703134	0.270249	0.1712837	40.69834	2.777794
3449	1	-37.88688	-37.05837	-0.8285124	0.005736813	0.1043816	0.2159129	120.8244	2.27512
3450	0	-38.89452	-37.58452	-1.309997	0.0276693	0.3894425	0.2563489	25.05113	1.896163
3451	1	-39.78242	-37.75896	-2.023451	0.04353474	0.5201141	0.4181653	15.9217	2.802232
3452	0	-37.52963	-36.94156	-0.5880756	0.01617467	0.259242	0.1464951	42.85387	2.357222
3453	1	-40.34128	-38.01153	-2.329751	0.06647674	0.6443429	0.4107957	10.42691	2.124718
3454	0	-39.84373	-39.64504	-0.1986825	0.0157236	0.2533523	0.09988015	44.08323	3.231062
3455	1	-40.70267	-39.8678	-0.8348654	0.01413197	0.2320364	0.1929898	49.04816	1.041434
3456	0	-37.4689	-36.73108	-0.7378219	0.005607044	0.1021872	0.1975551	123.6208	2.61842
3457	1	-39.96332	-37.70671	-2.256603	0.08305316	0.7044631	0.3021091	8.345826	2.660346
3458	0	-39.17914	-38.04166	-1.137481	0.04494201	0.5296033	0.1690219	15.42315	2.457406
3459	1	-40.79742	-38.10385	-2.693577	0.069431	0.6565025	0.5669042	9.983251	2.78021
3460	0	-37.75043	-36.75194	-0.9984894	0.01662022	0.2649956	0.2194473	41.70506	2.386946
3461	1	-37.10389	-36.78643	-0.3174656	0.002231178	0.04244756	0.1360945	310.6643	2.248816
3462	0	-40.16208	-38.17572	-1.986353	0.0688697	0.6542461	0.2817148	10.06462	3.349635
3463	1	-38.20947	-37.18879	-1.020682	0.009858949	0.1704419	0.2468583	70.3064	2.532271
3464	0	-38.60319	-37.36661	-1.236581	0.01663879	0.2652341	0.2783672	41.6585	2.392774
3465	1	-37.63524	-36.80245	-0.8327899	0.01035301	0.1779061	0.2031498	66.9513	2.290898
3466	0	-38.77483	-37.19852	-1.576306	0.04435139	0.5256565	0.2643293	15.62853	2.211584
3467	1	-38.34435	-37.52233	-0.8220166	0.02934462	0.4056036	0.1536832	23.62093	3.049839
3468	0	-38.9528	-38.21611	-0.736695	0.02913278	0.4035951	0.1415374	23.79269	2.201762
3469	1	-39.89991	-37.95945	-1.940464	0.07096423	0.6625416	0.2612344	9.767558	3.149832
3470	0	-38.05907	-37.26806	-0.7910115	0.02659808	0.3787693	0.1548855	26.06004	2.36517
3471	1	-40.41808	-38.21216	-2.205915	0.04750781	0.54617	0.4744786	14.59017	2.990435
3472	0	-40.62637	-37.81051	-2.815853	0.08966619	0.7237472	0.4813633	7.730307	3.239264
3473	1	-41.26785	-39.15707	-2.110778	0.06308825	0.6294912	0.3461905	10.98695	3.771079
3474	0	-41.16278	-37.77882	-3.383958	0.117391	0.784692	0.5742607	5.904601	2.714292
3475	1	-40.30675	-38.64592	-1.660826	0.02854723	0.3979909	0.3595907	24.28072	1.746575
3476	0	-39.5795	-38.57387	-1.005627	0.04414386	0.5242575	0.1498221	15.70201	2.829704
3477	1	-38.67171	-37.78305	-0.8886665	0.01109256	0.188907	0.2125917	62.48756	1.657976
3478	0	-39.2721	-37.49478	-1.777312	0.04958003	0.5588929	0.3001678	13.98037	2.127741
3479	1	-38.2199	-37.35127	-0.8686334	0.01302351	0.2166854	0.2027682	53.22278	1.859659
3480	0	-37.23411	-36.59075	-0.6433595	0.008964694	0.1566924	0.1714214	77.31967	2.907659
3481	1	-37.99495	-37.09593	-0.8990261	0.02268292	0.3373617	0.1823643	30.55811	2.111531
3482	0	-42.45399	-38.57668	-3.877312	0.1256436	0.7982684	0.8370318	5.516775	2.595495
3483	1	-39.57422	-37.83096	-1.743265	0.04413944	0.5242276	0.3132962	15.70358	3.494866
3484	0	-37.75595	-37.01358	-0.7423751	0.01510792	0.2452063	0.1735318	45.87972	2.070981
3485	1	-40.3182	-38.8608	-1.457405	0.01315193	0.2184858	0.3646803	52.70306	3.110139
3486	0	-38.58409	-37.48003	-1.104067	0.01266497	0.2116285	0.2578975	54.72949	2.105382
3487	1	-40.9838	-39.6387	-1.345103	0.003346029	0.06275402	0.3743676	207.1552	2.838048
3488	0	-37.93385	-36.62855	-1.305291	0.03529001	0.4581209	0.2291056	19.64146	2.842925
3489	1	-39.2437	-37.92736	-1.31634	0.01866296	0.2905827	0.2929808	37.14026	3.418112
3490	0	-38.56484	-37.06336	-1.501485	0.04553107	0.5334892	0.2412202	15.22361	3.122326
3491	1	-42.63599	-39.9394	-2.696586	0.05428258	0.5857573	0.704288	12.76924	2.884291
3492	0	-40.84273	-40.21574	-0.6269942	0.01365712	0.2255121	0.157823	50.75355	1.118696
3493	1	-37.93415	-36.80598	-1.128164	0.02089375	0.3171038	0.2351958	33.17486	2.379632
3494	0	-37.95398	-37.18112	-0.7728626	0.02380765	0.3496565	0.158215	29.11448	3.087453
3495	1	-37.46644	-36.93856	-0.5278834	0.003111931	0.05853847	0.1658901	222.7386	2.033935
3496	0	-39.20763	-37.7125	-1.495132	0.02336354	0.3448414	0.327831	29.66791	2.368284
3497	1	-37.26903	-37.09578	-0.1732477	0.0009463264	0.01830498	0.1199747	732.461	2.187069
3498	0	-38.99554	-36.92766	-2.067873	0.06378408	0.6326236	0.3284074	10.86709	2.689094
3499	1	-38.87682	-37.92252	-0.9542974	0.03833851	0.4823931	0.1544895	18.07966	2.518478
3500	0	-38.32486	-37.38787	-0.9369847	0.01060744	0.1817139	0.2246502	65.34539	3.370665
3501	1	-37.66552	-36.82523	-0.8402939	0.01274561	0.2127698	0.1978778	54.38321	3.110393
3502	0	-37.85116	-37.17272	-0.6784349	0.0004431136	0.008627473	0.2002521	1564.265	2.101101
3503	1	-39.00855	-37.98876	-1.019793	0.03826004	0.4817891	0.1651294	18.11674	3.1565
3504	0	-37.03204	-36.56006	-0.4719802	0.005803303	0.1055032	0.1510187	119.4401	2.802381
3505	1	-38.71227	-37.39794	-1.314326	0.01937698	0.2992288	0.289457	35.77168	2.953173
3506	0	-38.41775	-37.22256	-1.195185	0.03794241	0.4793334	0.1976718	18.2684	3.135568
3507	1	-37.96647	-36.94867	-1.017801	0.01785715	0.2806422	0.2198512	38.81623	2.166272
3508	0	-38.17269	-37.39207	-0.7806221	0.009933955	0.1715811	0.1939685	69.77555	3.485375
3509	1	-40.11536	-38.43207	-1.683292	0.03986653	0.4939437	0.3134174	17.38669	1.711975
3510	0	-38.84848	-37.42014	-1.428343	0.03807209	0.4803381	0.24912	18.20618	2.047303
3511	1	-42.36508	-38.49395	-3.871131	0.1282749	0.8022645	0.8015202	5.403607	2.563793
3512	0	-40.20689	-38.49071	-1.716178	0.02676993	0.3804998	0.3897188	25.89275	3.239421
3513	1	-40.09989	-38.46215	-1.637735	0.03222023	0.431908	0.3336159	21.51279	3.688703
3514	0	-41.33855	-38.86867	-2.469881	0.05621616	0.5960532	0.5463001	12.33003	3.358027
3515	1	-38.52764	-37.15674	-1.370892	0.03946932	0.4909792	0.2306141	17.56167	3.221217
3516	0	-38.54584	-36.9162	-1.629639	0.05115429	0.5681869	0.2532636	13.55013	2.525574
3517	1	-38.9301	-36.95412	-1.975977	0.05835319	0.6069608	0.3234601	11.87848	2.548096
3518	0	-39.63766	-39.26109	-0.3765743	0.02414072	0.3532343	0.1059494	28.71278	2.715515
3519	1	-41.90809	-39.32913	-2.57896	0.05366955	0.582405	0.6315775	12.91509	2.887101
3520	0	-38.84536	-37.67608	-1.169281	0.02486216	0.3608867	0.2317078	27.8796	1.811248
3521	1	-37.33777	-36.5607	-0.7770617	0.01168575	0.197584	0.1885549	59.31562	2.521766
3522	0	-37.92452	-37.1737	-0.7508181	0.007237662	0.1292398	0.195582	95.76949	1.948236
3523	1	-37.66426	-37.63476	-0.02949439	0.001252156	0.02412487	0.1034623	553.5631	2.239117
3524	0	-37.88175	-36.98627	-0.8954829	0.007977239	0.1411436	0.2236757	86.89062	2.450252
3525	1	-37.61052	-36.96757	-0.6429533	0.01053747	0.1806692	0.1675868	65.77927	3.241509
3526	0	-38.05462	-36.71393	-1.340691	0.04019609	0.4963834	0.2214681	17.24414	2.621479
3527	1	-37.88956	-36.6742	-1.215356	0.03571215	0.4615833	0.2081553	19.40928	2.639954
3528	0	-38.36539	-37.88274	-0.4826487	0.00873469	0.1531054	0.1464469	79.35567	3.589287
3529	1	-40.39429	-38.72015	-1.674138	0.04965526	0.5593442	0.2704548	13.95919	3.700631
3530	0	-38.07492	-37.74172	-0.3331989	0.0128142	0.2137387	0.119055	54.09213	3.076246
3531	1	-37.5111	-36.7494	-0.7617053	0.01191853	0.200954	0.1850719	58.1571	3.078474
3532	0	-39.34603	-37.4661	-1.879931	0.0410427	0.5025689	0.3752376	16.88844	2.546995
3533	1	-39.07395	-38.90196	-0.1719905	0.01510262	0.2451357	0.09810624	45.89582	2.69782
3534	0	-38.53145	-38.13327	-0.3981881	0.01463311	0.2388389	0.1238264	47.3684	3.298261
3535	1	-40.6236	-39.38867	-1.23493	0.004241808	0.07865175	0.3310969	163.4084	3.626922
3536	0	-36.98444	-36.55868	-0.4257656	0.004314592	0.07992744	0.1472628	160.6518	2.775103
3537	1	-37.67203	-37.01248	-0.6595463	0.006474231	0.1167144	0.1804569	107.0625	3.273394
3538	0	-38.29031	-37.01963	-1.270677	0.0423537	0.5119198	0.200294	16.36568	2.881743
3539	1	-43.12366	-40.76164	-2.362024	0.04479908	0.5286528	0.5762778	15.47235	4.006011
3540	0	-37.93955	-37.1598	-0.7797527	0.02423661	0.354259	0.1583465	28.59918	2.29802
3541	1	-38.87564	-38.78109	-0.09454649	0.0006470154	0.01256409	0.1113644	1071.299	3.695849
3542	0	-39.16994	-37.32878	-1.841162	0.04262305	0.5138075	0.3529994	16.26226	2.399853
3543	1	-38.27744	-37.60305	-0.6743901	0.001147611	0.0221406	0.1974687	603.9915	1.718103
3544	0	-38.19528	-37.3411	-0.8541865	0.002343582	0.04452161	0.2324052	295.764	2.803156
3545	1	-38.28334	-37.49092	-0.7924222	0.0006394793	0.01241897	0.2238084	1083.924	2.091087
3546	0	-38.15261	-37.14776	-1.004847	0.03384812	0.4460391	0.1731412	20.47816	2.943764
3547	1	-36.98307	-36.57764	-0.4054281	0.005334154	0.09754852	0.1422347	129.9451	2.622291
3548	0	-37.43361	-36.62977	-0.8038392	0.01580872	0.2544687	0.1827146	43.84588	2.96348
3549	1	-39.76736	-38.67702	-1.090334	0.0001292923	0.002527651	0.3036601	5361.088	2.784726
3550	0	-38.48789	-38.2678	-0.2200932	0.01214707	0.2042435	0.1073296	57.06289	3.048049
3551	1	-37.21019	-36.66437	-0.5458114	0.0004710475	0.009168015	0.1753105	1471.502	2.526548
3552	0	-38.59227	-37.83458	-0.757693	0.02756501	0.3884153	0.1477776	25.14591	3.172023
3553	1	-37.73268	-37.40657	-0.3261134	0.003366139	0.06311497	0.1350931	205.9176	1.875067
3554	0	-39.04711	-37.45685	-1.590258	0.0553476	0.5914798	0.2294797	12.52353	2.424346
3555	1	-38.02938	-37.77777	-0.2516077	0.01176604	0.1987487	0.1113637	58.91082	2.429306
3556	0	-38.69035	-37.39963	-1.290724	0.021655	0.3258303	0.2737526	32.00864	3.242223
3557	1	-37.95625	-36.90224	-1.054004	0.0277845	0.3905744	0.1981291	24.94726	3.126369
3558	0	-40.38782	-38.57467	-1.813155	0.07389513	0.6736001	0.2206786	9.380147	2.83729
3559	1	-40.2775	-37.73569	-2.541803	0.06999221	0.6587339	0.4832277	9.903205	3.128448
3560	0	-38.87219	-37.43889	-1.433297	0.02334109	0.3445967	0.3082712	29.69643	2.441004
3561	1	-38.73741	-36.94723	-1.790177	0.05194869	0.5727596	0.2940491	13.34292	3.038452
3562	0	-40.69015	-37.5934	-3.096749	0.1089323	0.7689006	0.4855891	6.363099	2.892319
3563	1	-38.33756	-37.36362	-0.9739389	0.03512261	0.4567386	0.1648763	19.73507	2.507211
3564	0	-38.53961	-36.94107	-1.598548	0.05286385	0.5779327	0.2396525	13.11193	2.750934
3565	1	-40.90399	-39.80138	-1.102604	0.00392704	0.07310723	0.2913518	176.5063	1.049377
3566	0	-37.4898	-36.83799	-0.6518134	0.001838972	0.03516318	0.1911842	376.921	2.891029
3567	1	-37.62272	-36.61847	-1.004246	0.01799545	0.2823622	0.2164679	38.51791	2.726847
3568	0	-39.04213	-37.74541	-1.296717	0.01464041	0.2389373	0.3040849	47.34479	2.704425
3569	1	-39.47407	-38.37323	-1.100843	0.005846219	0.1062261	0.2830604	118.5633	1.841396
3570	0	-42.17629	-41.30636	-0.8699229	0.02122265	0.3208939	0.1808253	32.66072	4.379624
3571	1	-38.44519	-37.50193	-0.9432643	0.004711915	0.08684932	0.2456984	147.1052	2.994141
3572	0	-38.23885	-37.88941	-0.3494381	0.01331654	0.2207849	0.1201486	52.05159	3.163178
3573	1	-37.50198	-36.85486	-0.6471177	0.002132253	0.04061723	0.1895018	325.0774	2.295191
3574	0	-37.46819	-36.59267	-0.8755201	0.01559159	0.2516161	0.1968955	44.45647	2.453139
3575	1	-38.47399	-37.11445	-1.359535	0.03807494	0.4803602	0.2325457	18.20482	3.218927
3576	0	-38.07422	-37.89544	-0.1787881	0.004608723	0.08505837	0.1145586	150.399	1.948745
3577	1	-39.88694	-38.28425	-1.602681	0.03107138	0.4216098	0.3273942	22.30822	1.771887
3578	0	-38.57839	-37.17829	-1.400103	0.03018667	0.4134897	0.2707198	22.96203	3.225733
3579	1	-37.56462	-36.77428	-0.7903344	0.008789944	0.153969	0.1990524	78.85683	2.969782
3580	0	-41.47241	-38.34463	-3.127788	0.09152764	0.7287802	0.640508	7.573091	3.227688
3581	1	-42.77148	-42.11164	-0.6598372	0.01906474	0.2954664	0.151098	36.35754	0.9758099
3582	0	-38.82429	-37.81643	-1.007863	0.007846688	0.1390586	0.2507413	88.33628	1.873063
3583	1	-37.30282	-36.57865	-0.7241682	0.008861938	0.1550925	0.1861188	78.21621	2.755477
3584	0	-40.21572	-37.63702	-2.578706	0.0810986	0.6983088	0.4285906	8.546969	2.390796
3585	1	-39.6548	-38.59955	-1.055258	0.04469744	0.5279752	0.1562191	15.50754	2.422401
3586	0	-39.35701	-37.36495	-1.992063	0.04825707	0.550836	0.3790927	14.36364	2.462195
3587	1	-36.98248	-36.53131	-0.4511675	0.001444207	0.027756	0.1573021	479.9499	2.651532
3588	0	-39.40515	-37.46864	-1.936501	0.05493902	0.5892995	0.326304	12.61666	2.197182
3589	1	-39.66586	-37.89597	-1.769897	0.03334998	0.4417711	0.3747255	20.78404	3.108478
3590	0	-40.14221	-37.41877	-2.723441	0.08161665	0.6999614	0.4917246	8.492718	2.809118
3591	1	-37.57365	-36.97148	-0.6021662	0.01040591	0.1786998	0.1611882	66.61093	3.225056
3592	0	-39.39727	-37.87517	-1.522108	0.03370258	0.4447971	0.2910294	20.56659	3.549915
3593	1	-37.23548	-36.54994	-0.6855404	0.01464681	0.2390237	0.1650155	47.32409	2.754321
3594	0	-38.25529	-37.15067	-1.104612	0.03097158	0.4207022	0.1992392	22.3801	2.164265
3595	1	-37.88746	-37.55797	-0.329489	0.0007251391	0.01406685	0.1407024	955.8816	3.540843
3596	0	-39.21025	-37.45432	-1.755937	0.05400563	0.5842482	0.2760136	12.83472	3.282936
3597	1	-40.02374	-39.6593	-0.3644428	0.01738951	0.2747826	0.1151457	39.86007	1.798379
3598	0	-41.59689	-39.44462	-2.152266	0.04009321	0.4956237	0.4993501	17.28839	1.859817
3599	1	-40.90285	-37.8487	-3.054142	0.09118591	0.7278685	0.5979117	7.601472	2.694455
3600	0	-40.67851	-38.99755	-1.680959	0.03457216	0.4521559	0.336969	20.04929	1.516744
3601	1	-37.97116	-36.67862	-1.292533	0.02859779	0.3984778	0.2486283	24.23779	2.595543
3602	0	-42.10585	-38.86401	-3.241848	0.1287505	0.8029708	0.4243291	5.383648	2.643488
3603	1	-37.74725	-36.84281	-0.9044335	0.0258353	0.3710023	0.1753674	26.82946	2.97974
3604	0	-38.66617	-37.39573	-1.270444	0.03441517	0.4508382	0.2240108	20.14074	3.367529
3605	1	-37.45913	-36.7889	-0.6702249	0.005605177	0.1021555	0.1846472	123.662	3.045459
3606	0	-42.09462	-39.42606	-2.668558	0.1000218	0.7498087	0.3588999	6.929964	2.216333
3607	1	-38.54585	-37.44672	-1.09913	0.01098158	0.1872692	0.2628031	63.11907	2.307726
3608	0	-41.04795	-39.9825	-1.065451	0.01235427	0.2072095	0.2492196	56.10588	0.9062318
3609	1	-37.84053	-36.86812	-0.972413	0.01784466	0.2804865	0.2101327	38.8434	3.14107
3610	0	-40.93951	-38.84434	-2.095169	0.06713076	0.6470961	0.3219112	10.32533	1.924955
3611	1	-37.06286	-36.57082	-0.4920394	0.006855867	0.1230063	0.1518046	101.1028	2.819945
3612	0	-43.17728	-38.59293	-4.584342	0.1798806	0.8581825	0.7889755	3.853374	3.099229
3613	1	-37.73886	-37.07464	-0.6642175	0.008045472	0.1422306	0.1773221	86.1537	1.965796
3614	0	-41.37261	-38.00288	-3.369735	0.1047706	0.7603261	0.6766396	6.615858	2.891208
3615	1	-38.95218	-38.90885	-0.04333233	0.009300835	0.1618972	0.09362986	74.52526	2.325723
3616	0	-39.7416	-38.39306	-1.348534	0.01168432	0.1975633	0.3339135	59.32284	2.873753
3617	1	-40.26583	-37.77636	-2.489468	0.06425104	0.6347014	0.4973299	10.78811	2.912387
3618	0	-38.11786	-37.25845	-0.8594106	0.03078509	0.4190005	0.1563253	22.51568	2.798869
3619	1	-38.30513	-37.29809	-1.007034	0.02758538	0.3886161	0.1895708	25.12734	2.07255
3620	0	-38.91287	-37.19261	-1.72026	0.04658658	0.5403281	0.295768	14.87869	3.217993
3621	1	-37.00262	-36.53825	-0.464364	0.002562399	0.04854188	0.1568937	270.5071	2.756285
3622	0	-40.12638	-38.76269	-1.36369	0.01376896	0.2270557	0.3291751	50.34128	3.561217
3623	1	-38.59235	-37.17485	-1.417502	0.03477891	0.453884	0.2581688	19.9301	3.27343
3624	0	-39.03808	-37.0145	-2.023579	0.05451725	0.5870292	0.3581188	12.71427	2.835148
3625	1	-38.09509	-37.29246	-0.8026261	0.004646836	0.08572039	0.21366	149.1654	2.017849
3626	0	-40.29548	-37.58029	-2.715187	0.09206512	0.7302034	0.4207627	7.528879	2.540256
3627	1	-39.92244	-38.36717	-1.55527	0.02297469	0.3405832	0.3500686	30.17003	1.969703
3628	0	-38.72269	-37.79138	-0.9313138	0.008251209	0.1454968	0.23094	84.00553	1.732492
3629	1	-38.56625	-37.08523	-1.481018	0.03080618	0.4191933	0.2909784	22.50027	2.368292
3630	0	-41.08484	-38.83672	-2.248115	0.0444	0.5259833	0.5171425	15.61142	2.367933
3631	1	-39.95301	-38.05094	-1.902068	0.03566408	0.4611907	0.413921	19.43544	2.666215
3632	0	-37.75145	-37.01272	-0.7387239	0.0222622	0.3326765	0.1562797	31.13561	2.988244
3633	1	-37.77682	-36.88741	-0.8894084	0.009088943	0.1586214	0.218857	76.26268	2.829799
3634	0	-39.84776	-38.49314	-1.354624	0.01629207	0.2607642	0.3147825	42.54506	1.751518
3635	1	-37.61772	-36.9756	-0.6421224	0.01337091	0.2215423	0.1608778	51.83992	2.120112
3636	0	-40.38753	-37.65597	-2.731563	0.09237937	0.7310293	0.4258153	7.503268	3.154565
3637	1	-43.56206	-42.31146	-1.250601	0.004110281	0.07634042	0.336952	168.6374	0.1761138
3638	0	-40.05819	-38.12795	-1.930244	0.03658883	0.4686681	0.4202241	18.94423	2.937325
3639	1	-39.09428	-37.76876	-1.325514	0.01571679	0.2532628	0.3082462	44.10234	2.831068
3640	0	-38.22848	-37.39812	-0.8303593	0.001467839	0.02820155	0.2297578	472.223	2.948183
3641	1	-38.69679	-37.993	-0.7037867	0.03004125	0.4121388	0.1352092	23.07318	2.559715
3642	0	-37.40664	-36.80042	-0.6062168	0.00014912	0.002914527	0.1870754	4648.251	2.764758
3643	1	-38.14018	-36.8116	-1.328583	0.03066528	0.4179033	0.250336	22.60365	2.369139
3644	0	-37.21456	-36.67859	-0.5359682	0.0002220536	0.004335878	0.174205	3121.53	2.4584
3645	1	-38.88909	-37.48826	-1.400832	0.0497109	0.5596775	0.2056166	13.94357	3.043896
3646	0	-37.918	-37.19574	-0.7222592	0.001242568	0.02394313	0.2068736	557.8343	2.140434
3647	1	-41.19434	-37.81634	-3.378004	0.1097807	0.7705798	0.6356413	6.313927	2.913471
3648	0	-37.99231	-37.13334	-0.8589681	0.006860492	0.1230822	0.2190845	101.0346	3.1051
3649	1	-37.18917	-36.89727	-0.2919027	0.00465162	0.08580345	0.1282004	149.012	2.325498
3650	0	-38.0336	-37.37906	-0.654538	0.005511718	0.1005705	0.1820134	125.7588	1.785134
3651	1	-37.82213	-36.96241	-0.8597138	0.02672181	0.3800159	0.1656108	25.93938	2.43925
3652	0	-38.42153	-37.45271	-0.9688264	0.009315738	0.162127	0.2361891	74.40604	1.991421
3653	1	-40.17833	-38.53969	-1.638642	0.06696735	0.6464115	0.2043955	10.35052	2.903442
3654	0	-39.93402	-38.17968	-1.754333	0.03421036	0.449112	0.3644815	20.26132	1.966883
3655	1	-38.13295	-36.72106	-1.411892	0.04247859	0.5127965	0.2302665	16.31756	2.632314
3656	0	-40.32912	-37.65726	-2.671863	0.07543042	0.6791503	0.5096521	9.189226	2.992582
3657	1	-38.24323	-36.9601	-1.283126	0.03513549	0.4568452	0.2245729	19.72784	3.147882
3658	0	-39.44589	-39.11358	-0.3323071	0.001594969	0.0305938	0.1393763	434.5834	1.205874
3659	1	-39.68357	-38.96586	-0.7177084	0.002567233	0.04863044	0.2021166	269.9978	4.163351
3660	0	-39.88739	-38.17445	-1.712938	0.04511656	0.53076	0.2997711	15.36347	1.837932
3661	1	-37.90569	-37.17288	-0.7328126	0.002407563	0.04569949	0.2056559	287.904	2.107026
3662	0	-37.64559	-36.72911	-0.9164791	0.01221991	0.2052879	0.215134	56.72278	2.583536
3663	1	-37.09472	-36.58281	-0.5119095	0.002485619	0.04713381	0.1647121	278.863	2.819826
3664	0	-40.00714	-37.86091	-2.146232	0.05638534	0.5969344	0.3943066	12.29304	2.128823
3665	1	-38.08215	-37.35989	-0.7222607	0.006337559	0.1144462	0.1925079	109.3713	1.82144
3666	0	-38.76107	-36.94888	-1.812188	0.05138212	0.5695062	0.3030087	13.49005	3.031884
3667	1	-40.55276	-39.4302	-1.122557	0.009119557	0.1590958	0.2762027	76.00667	1.129252
3668	0	-40.17999	-37.39598	-2.784007	0.09252127	0.7314008	0.4478439	7.49176	2.974001
3669	1	-41.72032	-38.78207	-2.938247	0.07801149	0.6881259	0.6413987	8.885194	3.316304
3670	0	-40.58259	-37.62295	-2.959642	0.09835145	0.7459088	0.491628	7.047656	2.583096
3671	1	-42.03315	-38.81489	-3.218259	0.09253649	0.7314406	0.6912368	7.490528	3.36294
3672	0	-38.05197	-36.86744	-1.184526	0.02197108	0.3294066	0.2450745	31.54817	2.975902
3673	1	-39.57554	-37.92605	-1.649492	0.02717053	0.3845066	0.3625202	25.51099	2.434888
3674	0	-37.70149	-36.86052	-0.8409731	0.009002394	0.1572784	0.2087643	76.99587	2.316578
3675	1	-37.73496	-37.01704	-0.7179205	0.01143868	0.1939856	0.1783483	60.59679	2.021706
3676	0	-37.62239	-37.41328	-0.2091063	0.0001808757	0.003533723	0.1257069	3832.175	3.363566
3677	1	-39.27321	-37.22505	-2.048158	0.05137014	0.5694371	0.3837151	13.49319	2.674299
3678	0	-37.49863	-36.83345	-0.6651878	0.001416803	0.02723898	0.1949173	489.2331	2.63948
3679	1	-38.25311	-36.86328	-1.389831	0.029843	0.4102898	0.2692573	23.22646	2.929472
3680	0	-37.95581	-36.99129	-0.9645144	0.01090741	0.186172	0.2299442	63.54829	2.918092
3681	1	-38.26839	-37.31842	-0.9499678	0.008127796	0.1435396	0.2356989	85.28107	2.149881
3682	0	-39.47015	-39.36147	-0.1086802	0.0143724	0.2353106	0.09304245	48.22764	2.507263
3683	1	-39.02517	-38.02741	-0.997761	0.001787847	0.03420817	0.2704013	387.6993	2.338672
3684	0	-37.7475	-36.92988	-0.8176175	0.005447141	0.09947303	0.214449	127.2497	2.65105
3685	1	-37.43406	-36.80403	-0.6300283	0.002926453	0.05518029	0.1842126	236.8557	2.998291
3686	0	-38.67056	-37.68632	-0.9842452	0.00542983	0.09917852	0.2533937	127.6554	3.152256
3687	1	-38.70256	-37.69541	-1.007153	0.004626821	0.08537282	0.2622231	149.8107	2.437715
3688	0	-39.65974	-38.57296	-1.08678	0.01014878	0.174832	0.2626492	68.29857	1.461019
3689	1	-38.36261	-36.98437	-1.378234	0.04205139	0.5097876	0.2239928	16.48334	3.066001
3690	0	-37.26291	-36.66866	-0.5942503	0.003931067	0.07317846	0.1752338	176.3255	2.92463
3691	1	-37.90867	-36.97131	-0.937354	0.01363151	0.225158	0.2153351	50.8489	2.15851
3692	0	-37.88611	-36.73214	-1.153972	0.03494146	0.4552368	0.1979051	19.83739	2.781804
3693	1	-37.57865	-36.53796	-1.040687	0.02587047	0.3713635	0.2008665	26.79299	2.709654
3694	0	-38.15805	-37.44732	-0.7107314	0.004298459	0.07964488	0.1958624	161.2548	1.786905
3695	1	-39.46576	-37.35804	-2.10772	0.06265439	0.6275157	0.3472553	11.06303	3.209539
3696	0	-39.33999	-37.14774	-2.192252	0.06801371	0.650757	0.3503337	10.19129	3.047616
3697	1	-45.17364	-40.60921	-4.564432	0.1828216	0.8604507	0.7419492	3.791386	2.254667
3698	0	-38.46757	-37.1052	-1.362366	0.03227399	0.4323832	0.2531197	21.47696	3.242031
3699	1	-37.96902	-36.67755	-1.291466	0.03540892	0.4590996	0.2255808	19.57549	2.500907
3700	0	-39.28814	-37.30707	-1.981067	0.04940035	0.557812	0.3689402	14.03122	2.422397
3701	1	-38.896	-37.63382	-1.262174	0.02864977	0.3989779	0.2410166	24.19381	1.864728
3702	0	-38.20881	-37.39701	-0.8118008	0.001701314	0.03258884	0.2247906	407.4188	3.088353
3703	1	-39.04935	-37.3875	-1.661852	0.05564799	0.5930709	0.2454676	12.45592	3.13638
3704	0	-37.84681	-36.73559	-1.111223	0.01965245	0.3025244	0.2353355	35.27026	2.580054
3705	1	-38.76769	-37.61039	-1.1573	0.01256333	0.2101867	0.2723889	55.17226	2.166025
3706	0	-38.40177	-37.18636	-1.215406	0.02329897	0.3441371	0.2480634	29.75012	2.091398
3707	1	-38.65885	-37.77283	-0.8860171	0.001455831	0.02797519	0.2429494	476.118	2.052619
3708	0	-39.80252	-37.25212	-2.550398	0.08202854	0.7012643	0.4111908	8.450073	2.647216
3709	1	-37.70631	-37.06105	-0.6452682	0.0006508663	0.01263824	0.1931516	1064.961	2.127281
3710	0	-37.6894	-36.69298	-0.996419	0.02306238	0.341547	0.1999444	30.05531	2.345247
3711	1	-37.90948	-37.17457	-0.7349134	5.243921e-05	0.00102621	0.21306	13218.11	2.402832
3712	0	-37.7959	-36.81266	-0.9832345	0.01336143	0.2214102	0.2263067	51.87673	2.753558
3713	1	-36.94325	-36.55204	-0.3912111	0.0001193651	0.002333877	0.1509466	5806.951	2.488826
3714	0	-40.18487	-37.48543	-2.699435	0.08905087	0.7220471	0.4322031	7.783722	2.552733
3715	1	-40.96246	-38.72666	-2.235801	0.05267702	0.5768848	0.4544476	13.15844	3.5904
3716	0	-41.08141	-38.02359	-3.057824	0.09427423	0.7359156	0.5744999	7.352457	2.440629
3717	1	-39.02133	-37.20018	-1.821151	0.06134616	0.6214532	0.2655946	11.29895	3.007041
3718	0	-38.41632	-37.77017	-0.6461507	0.005762371	0.104813	0.1798552	120.2885	3.684746
3719	1	-37.76489	-37.00031	-0.7645854	0.01665201	0.2654037	0.1736009	41.62544	2.100581
3720	0	-37.33001	-36.57149	-0.7585202	0.01514093	0.2456463	0.176274	45.77969	2.442234
3721	1	-43.65248	-41.74553	-1.906946	0.01664424	0.2653041	0.5441522	41.64487	1.38198
3722	0	-39.09028	-37.89919	-1.191093	0.02074407	0.315369	0.2510023	33.41424	1.719831
3723	1	-39.88884	-38.55529	-1.333552	0.05485887	0.5888696	0.1787544	12.6351	3.017451
3724	0	-37.5686	-36.65638	-0.9122206	0.01527846	0.2474752	0.2051614	45.36759	2.417594
3725	1	-40.37258	-37.58567	-2.786911	0.09159973	0.7289719	0.4550316	7.567131	2.52311
3726	0	-40.15924	-37.38961	-2.76963	0.08758444	0.7179201	0.4733364	7.914045	2.677665
3727	1	-38.49298	-37.70127	-0.7917087	0.01529816	0.2477366	0.1818182	45.30919	1.733621
3728	0	-38.28457	-37.17511	-1.109465	0.02402817	0.3520285	0.2208409	28.84728	2.030896
3729	1	-37.86251	-37.22712	-0.6353903	0.01504225	0.2443301	0.1560699	46.08003	3.276916
3730	0	-38.78752	-37.49386	-1.293657	0.04824607	0.5507681	0.1885816	14.36691	2.77162
3731	1	-38.58856	-37.58561	-1.002951	0.0156073	0.2518229	0.2236053	44.41174	1.790405
3732	0	-41.04504	-38.40701	-2.638033	0.07408468	0.6742942	0.5021547	9.356147	3.462211
3733	1	-37.36044	-36.66828	-0.6921612	0.01640172	0.2621819	0.1620444	42.26064	2.891892
3734	0	-38.70173	-36.83232	-1.869402	0.05587376	0.5942602	0.3011251	12.40559	2.650413
3735	1	-42.44854	-40.96768	-1.480859	0.002036713	0.03884506	0.4368061	340.3264	1.875643
3736	0	-38.72126	-37.94334	-0.7779234	0.01298138	0.2160935	0.1852949	53.39551	3.708358
3737	1	-44.4138	-41.21077	-3.203024	0.1039393	0.7585436	0.579502	6.668767	4.010506
3738	0	-37.49078	-36.57297	-0.9178157	0.02127944	0.3215452	0.1895441	32.57356	2.861399
3739	1	-38.65399	-37.95775	-0.6962372	0.0149215	0.2427153	0.1661442	46.45291	1.689682
3740	0	-39.36887	-38.05365	-1.315218	0.02089183	0.3170816	0.2835814	33.17791	3.588168
3741	1	-38.02292	-37.31248	-0.7104441	0.00294259	0.05547311	0.1995926	235.5568	1.911394
3742	0	-39.28074	-37.38326	-1.897484	0.0551529	0.5904431	0.3128711	12.56774	2.23251
3743	1	-37.22382	-36.95801	-0.2658078	0.003148625	0.05920092	0.1275785	220.1428	2.230547
3744	0	-41.52251	-39.40504	-2.117464	0.06003869	0.6152311	0.3638544	11.54501	1.659562
3745	1	-39.53239	-38.18097	-1.351424	0.02299049	0.340757	0.2854479	30.14929	3.661995
3746	0	-40.00251	-37.37951	-2.622999	0.07784431	0.6875576	0.4690761	8.904275	2.676164
3747	1	-38.84151	-37.33272	-1.508783	0.04890527	0.5548123	0.2316771	14.17326	3.17011
3748	0	-38.69968	-37.70847	-0.9912094	0.01481082	0.2412308	0.2234956	46.80005	3.590925
3749	1	-37.63109	-36.54926	-1.081827	0.02605945	0.3732993	0.2087445	26.59869	2.5901
3750	0	-38.44861	-37.4353	-1.013311	0.02262672	0.3367386	0.2046058	30.63401	1.898056
3751	1	-38.17819	-37.18682	-0.9913756	0.01485009	0.241758	0.2234088	46.67629	3.294692
3752	0	-40.65698	-39.29681	-1.360171	0.03763972	0.4769767	0.2341287	18.41531	1.52109
3753	1	-37.61794	-36.7981	-0.8198453	0.01094866	0.1867825	0.1988568	63.30884	3.052963
3754	0	-37.09698	-36.50378	-0.5931973	0.00803133	0.1420055	0.1651984	86.3054	2.618568
3755	1	-39.17615	-37.47933	-1.696818	0.03544714	0.4594136	0.33815	19.55439	3.131028
3756	0	-40.54141	-38.92749	-1.613919	0.01778451	0.2797364	0.3994525	38.97477	2.825146
3757	1	-37.1886	-36.59942	-0.5891825	0.01132132	0.1922686	0.1570647	61.22493	2.453608
3758	0	-39.62846	-39.00245	-0.6260089	0.0301874	0.4134965	0.1248335	22.96147	3.097056
3759	1	-39.19835	-38.25536	-0.9429973	0.01202524	0.2024923	0.2215236	57.64102	3.833437
3760	0	-37.80778	-37.0625	-0.7452812	0.02435759	0.3555485	0.1527199	28.45714	2.875499
3761	1	-42.36702	-39.87226	-2.494762	0.1052294	0.7612999	0.2802505	6.587009	3.082599
3762	0	-37.35299	-36.55253	-0.8004558	0.01286033	0.2143895	0.1898418	53.8981	2.529717
3763	1	-37.66503	-36.78022	-0.8848165	0.02426047	0.3545136	0.1758291	28.57106	2.966103
3764	0	-37.6067	-37.17771	-0.4289964	0.008925081	0.1560761	0.138424	77.66285	3.206688
3765	1	-37.39753	-36.52744	-0.8700897	0.02010868	0.3079342	0.1837239	34.47005	2.737537
3766	0	-38.33644	-37.17248	-1.163959	0.01577265	0.2539958	0.262055	43.94615	2.448569
3767	1	-38.14318	-36.68764	-1.455535	0.04058676	0.4992522	0.2470535	17.07816	2.877364
3768	0	-38.26264	-37.03257	-1.23007	0.01948814	0.3005614	0.26565	35.56764	2.662507
3769	1	-42.10447	-38.12714	-3.977334	0.1492201	0.8293895	0.6630433	4.645134	2.886016
3770	0	-37.34664	-36.92314	-0.4235023	0.01158437	0.1961102	0.13259	59.8347	2.519574
3771	1	-37.6451	-36.85631	-0.7887877	0.01750361	0.2762185	0.175727	39.60024	3.134074
3772	0	-37.65706	-36.89638	-0.7606752	0.01130685	0.1920564	0.1864858	61.30332	2.108245
3773	1	-37.32079	-36.5264	-0.7943884	0.01294264	0.2155488	0.1884742	53.5553	2.648896
3774	0	-38.65394	-37.20158	-1.45236	0.02646984	0.3774733	0.3006196	26.1863	2.527381
3775	1	-39.66642	-38.03748	-1.62894	0.02566719	0.3692715	0.3627684	27.00518	2.365424
3776	0	-43.80553	-39.15621	-4.649314	0.1714807	0.8512863	0.9480088	4.042129	2.449225
3777	1	-40.24989	-38.40438	-1.845509	0.03743939	0.4754081	0.3814724	18.51385	3.534289
3778	0	-39.9856	-38.00688	-1.978722	0.03921473	0.4890651	0.4250357	17.67568	2.769903
3779	1	-39.41721	-37.59149	-1.825718	0.03695852	0.4716136	0.3765461	18.75473	2.753866
3780	0	-40.41129	-39.09476	-1.316527	0.04151766	0.5059881	0.2121825	16.69524	3.724189
3781	1	-38.69246	-37.00775	-1.684713	0.04301274	0.5165187	0.3002191	16.11493	3.076633
3782	0	-43.63003	-39.6512	-3.978823	0.1360084	0.8131851	0.8002772	5.096355	3.611242
3783	1	-37.61066	-36.62691	-0.9837461	0.01745406	0.2755955	0.2137036	39.71265	2.531407
3784	0	-39.24325	-37.1373	-2.105953	0.05638146	0.5969142	0.3787609	12.29389	2.605058
3785	1	-40.12378	-38.67605	-1.447722	0.0568529	0.5993538	0.194808	12.19194	2.294089
3786	0	-39.78114	-38.41148	-1.369655	0.01279022	0.2134002	0.3357546	54.19354	2.288126
3787	1	-42.86756	-38.37245	-4.495113	0.1686221	0.8487868	0.8460211	4.110655	2.803489
3788	0	-39.25701	-37.14721	-2.109795	0.05571311	0.5934145	0.3838256	12.44137	2.824153
3789	1	-40.21404	-37.77118	-2.442859	0.0675049	0.6486552	0.4533571	10.2681	2.319399
3790	0	-37.63904	-36.91776	-0.7212767	0.004205175	0.07800879	0.1981998	164.8319	2.254961
3791	1	-39.6208	-37.73041	-1.890387	0.06959079	0.6571403	0.2533426	9.960329	3.01533
3792	0	-38.50486	-36.75647	-1.748388	0.04880234	0.5541846	0.2948314	14.20315	2.719688
3793	1	-39.22376	-37.4945	-1.72926	0.03725423	0.4739519	0.3404964	18.60587	3.171305
3794	0	-37.1055	-36.54212	-0.5633805	0.009611303	0.1666653	0.1568064	72.11792	2.755317
3795	1	-39.63092	-38.05683	-1.574095	0.05107035	0.5676992	0.239864	13.5724	2.055993
3796	0	-38.93405	-37.98409	-0.94996	0.006811534	0.1222785	0.2401205	101.7608	1.689139
3797	1	-38.96454	-37.40932	-1.555223	0.04842227	0.5518547	0.2443513	14.31464	2.2142
3798	0	-38.72243	-37.24201	-1.480423	0.0269156	0.3819612	0.3072349	25.75262	2.579896
3799	1	-42.20597	-40.49816	-1.707813	0.02013793	0.308279	0.4244287	34.41998	4.110885
3800	0	-41.52631	-38.50955	-3.016759	0.09165611	0.7291216	0.5721598	7.562477	3.434589
3801	1	-37.69647	-37.45352	-0.2429455	0.005354452	0.09789467	0.1208693	129.4525	2.076522
3802	0	-41.7781	-39.63914	-2.138958	0.03761405	0.4767761	0.5103108	18.42788	1.863348
3803	1	-37.09606	-36.65331	-0.4427428	0.0008442936	0.01635298	0.1573099	820.9789	2.956168
3804	0	-38.3631	-37.83992	-0.523176	0.02237297	0.3339146	0.1257801	30.98146	2.498858
3805	1	-43.52414	-41.65406	-1.87008	0.04146327	0.5055984	0.3693583	16.71714	0.9102739
3806	0	-37.61146	-36.85373	-0.7577298	0.02315892	0.3426057	0.1572735	29.93003	2.760354
3807	1	-38.08746	-36.97524	-1.11222	0.01590783	0.2557657	0.2483666	43.5727	2.545305
3808	0	-37.42444	-36.75924	-0.6652025	0.004145772	0.07696488	0.187549	167.1938	2.930309
3809	1	-38.64348	-37.3677	-1.275775	0.02852634	0.3977896	0.2447435	24.2985	1.985075
3810	0	-38.11987	-37.24702	-0.872859	0.003908812	0.07278478	0.2316075	177.3294	2.493684
3811	1	-37.79359	-36.8108	-0.9827897	0.01874052	0.2915293	0.2096545	36.98654	3.100034
3812	0	-38.40556	-37.7013	-0.7042583	0.01206029	0.2029966	0.1743902	57.47351	3.60199
3813	1	-37.81213	-36.8986	-0.9135291	0.009392768	0.163313	0.22324	73.79584	2.708338
3814	0	-38.51517	-37.6096	-0.9055612	0.002311612	0.04393234	0.2447674	299.8544	2.273096
3815	1	-37.04674	-36.86069	-0.1860548	0.0008722089	0.01688755	0.1216484	794.7031	2.386356
3816	0	-38.54472	-36.93205	-1.612671	0.0520708	0.5734557	0.2457994	13.31163	2.903215
3817	1	-38.32393	-37.10449	-1.219446	0.03890544	0.4867251	0.1997899	17.8162	2.367369
3818	0	-38.89096	-37.57116	-1.319794	0.02240422	0.3342633	0.2788604	30.93825	3.347957
3819	1	-38.02127	-37.65834	-0.362928	0.01295281	0.2156918	0.1224077	53.51327	2.206113
3820	0	-37.31859	-36.78511	-0.5334792	0.01096092	0.1869637	0.1493131	63.23808	3.000902
3821	1	-37.90714	-36.61935	-1.287791	0.03317505	0.4402607	0.2319586	20.89363	2.84908
3822	0	-40.14948	-38.21404	-1.935449	0.03853025	0.4838644	0.4109898	17.98969	2.167461
3823	1	-38.88432	-37.01618	-1.86814	0.06227255	0.6257628	0.2747535	11.13086	2.711525
3824	0	-37.42174	-36.9278	-0.493945	0.00145995	0.02805284	0.1641406	474.7747	3.221753
3825	1	-39.47085	-37.39513	-2.07572	0.0556862	0.5932725	0.3711081	12.44738	3.185741
3826	0	-37.76035	-36.73662	-1.02373	0.02963297	0.4083217	0.1872666	23.39108	2.882886
3827	1	-41.28489	-38.67462	-2.610271	0.1038762	0.7584073	0.3206364	6.672818	2.694084
3828	0	-40.41118	-39.15258	-1.258594	0.003065218	0.05769422	0.3447074	226.1331	2.539154
3829	1	-37.47409	-36.67809	-0.7959926	0.0150486	0.2444149	0.1832435	46.06057	2.302735
3830	0	-37.2096	-37.10543	-0.1041696	0.0003399775	0.006628297	0.11293	2038.803	2.921547
3831	1	-43.42138	-40.34735	-3.074029	0.07624198	0.6820196	0.7532747	9.091411	1.86123
3832	0	-37.33117	-36.95466	-0.3765122	0.001008041	0.01948314	0.1468885	687.6179	2.026955
3833	1	-38.7459	-37.12023	-1.625667	0.03905164	0.4878332	0.2992926	17.7495	2.289668
3834	0	-44.56965	-43.14887	-1.420784	0.004371568	0.08092438	0.3979921	158.558	0.02863907
3835	1	-38.22644	-37.3718	-0.8546475	0.02558749	0.3684485	0.1674354	27.0893	2.130725
3836	0	-37.21456	-36.66099	-0.5535736	0.006465123	0.1165635	0.1623327	107.2133	2.995524
3837	1	-38.41672	-37.03639	-1.380329	0.02710583	0.383862	0.2772254	25.57189	2.99707
3838	0	-38.29899	-36.80669	-1.492296	0.04690981	0.5423911	0.2344039	14.77617	2.652474
3839	1	-38.26802	-36.84724	-1.420785	0.04120423	0.5037357	0.2365436	16.82224	2.415295
3840	0	-38.98794	-37.64661	-1.341332	0.01744948	0.2755379	0.3055889	39.72307	2.48774
3841	1	-38.17571	-37.7667	-0.4090158	0.01576291	0.2538682	0.1231926	43.97329	2.245674
3842	0	-44.26302	-42.75392	-1.509101	0.006835934	0.1226792	0.4198667	101.3976	5.010794
3843	1	-38.94208	-38.15918	-0.7828941	0.0324886	0.4342743	0.1413669	21.33509	3.022827
3844	0	-37.91635	-37.0003	-0.9160473	0.008707757	0.152684	0.225979	79.60111	2.871595
3845	1	-37.82454	-36.63638	-1.188159	0.03002307	0.4119697	0.219522	23.08715	2.911026
3846	0	-39.69586	-37.24543	-2.45043	0.0822751	0.7020395	0.3707791	8.42475	2.681611
3847	1	-39.14329	-37.52554	-1.617753	0.05394304	0.5839059	0.2406035	12.84961	3.206429
3848	0	-38.78139	-37.27048	-1.510913	0.03021022	0.413708	0.302343	22.94413	3.099813
3849	1	-38.07731	-37.15643	-0.9208807	0.008164786	0.1441268	0.2288223	84.89471	2.243798
3850	0	-41.10009	-40.22174	-0.8783496	0.009458417	0.164322	0.2153233	73.28364	4.488279
3851	1	-37.13557	-36.58029	-0.5552824	0.007385625	0.1316393	0.1605096	93.85086	2.401816
3852	0	-38.70155	-37.99522	-0.7063219	0.01021969	0.1759011	0.1793536	67.82468	3.742764
3853	1	-39.29763	-38.02119	-1.276443	0.01172235	0.1981152	0.3105215	59.13039	2.496468
3854	0	-42.69731	-41.11652	-1.580783	0.009490383	0.1648127	0.4344679	73.0368	4.109134
3855	1	-39.18927	-37.55378	-1.635488	0.05130552	0.5690634	0.2542057	13.51019	3.305655
3856	0	-38.34067	-37.27689	-1.063778	0.0371445	0.473086	0.1752955	18.66083	2.948701
3857	1	-37.4061	-36.53688	-0.8692112	0.01553476	0.2508669	0.1958144	44.61911	2.60241
3858	0	-43.39329	-40.47358	-2.919708	0.1230206	0.7941309	0.3333891	5.634401	3.242359
3859	1	-38.19727	-36.99522	-1.20205	0.03934589	0.4900526	0.1951266	17.61676	2.517479
3860	0	-38.01519	-37.26213	-0.7530578	0.00265736	0.0502795	0.2091227	260.8405	3.217235
3861	1	-37.29012	-36.66759	-0.6225372	0.01365975	0.2255484	0.1571153	50.74378	2.413797
3862	0	-38.94766	-38.27421	-0.6734456	0.0001239639	0.00242365	0.2001558	5591.525	1.371536
3863	1	-42.55668	-38.91639	-3.640291	0.1451897	0.8247405	0.5010621	4.774079	2.655488
3864	0	-38.71771	-38.06796	-0.6497492	0.004263994	0.07904086	0.1843649	162.5582	3.81752
3865	1	-38.11184	-36.67013	-1.441711	0.03554502	0.4602164	0.2616481	19.50055	2.666887
3866	0	-39.3395	-37.10948	-2.230025	0.06800535	0.6507227	0.3638628	10.19254	3.001889
3867	1	-37.71614	-37.38075	-0.3353881	0.01240176	0.2078873	0.1200131	55.89101	2.824916
3868	0	-38.88488	-37.64278	-1.242101	0.03675541	0.4699984	0.2106699	18.85837	3.39543
3869	1	-37.25596	-36.67264	-0.5833222	0.001449612	0.02785792	0.1795128	478.1606	2.558011
3870	0	-41.39205	-38.39714	-2.994912	0.1150936	0.7806045	0.4020159	6.022467	2.631467
3871	1	-37.47694	-37.39791	-0.07902827	0.001493801	0.02869074	0.1083458	464.0156	2.266166
3872	0	-41.43192	-39.11827	-2.31365	0.08643897	0.7146209	0.3049072	8.01892	3.41074
3873	1	-37.36925	-36.80231	-0.5669346	0.006017323	0.1091004	0.1655602	115.1919	3.133082
3874	0	-39.61079	-37.49487	-2.11592	0.0641121	0.6340852	0.3429787	10.81149	2.274692
3875	1	-38.37641	-36.8302	-1.546209	0.04617664	0.5376907	0.2499636	15.01078	2.495797
3876	0	-37.56552	-36.68605	-0.8794731	0.022513	0.3354751	0.179263	30.78876	2.417028
3877	1	-42.09221	-38.53574	-3.556465	0.1405923	0.819131	0.4916899	4.930194	2.832721
3878	0	-39.0854	-38.14872	-0.9366785	0.0008686961	0.0168203	0.2577032	797.9167	1.919285
3879	1	-38.56933	-37.65006	-0.9192696	0.0203247	0.3104747	0.1923973	34.10369	1.801806
3880	0	-37.75828	-37.02375	-0.7345302	0.001813673	0.03469076	0.207745	382.1786	2.85018
3881	1	-39.00343	-38.33005	-0.6733778	0.02874898	0.3999306	0.1335757	24.11032	3.086448
3882	0	-38.29784	-38.34527	0.04743076	0.003961173	0.07371065	0.09220504	174.9853	2.444919
3883	1	-37.48417	-36.6578	-0.8263685	0.01745269	0.2755782	0.1825879	39.71577	2.343811
3884	0	-38.27785	-37.09971	-1.178143	0.01814398	0.2842031	0.2570423	38.20259	2.335109
3885	1	-37.3397	-36.66332	-0.6763792	0.004939737	0.0907865	0.1875417	140.3207	2.738366
3886	0	-37.33714	-36.68934	-0.6478003	0.01087879	0.1857481	0.1675911	63.71548	3.024484
3887	1	-38.77361	-38.00731	-0.7663033	0.02224714	0.3325079	0.160684	31.15668	1.861639
3888	0	-41.14841	-38.15296	-2.995448	0.1080854	0.7672015	0.4440895	6.41296	3.222211
3889	1	-42.26108	-41.18803	-1.073048	0.007134798	0.1275663	0.2703353	97.15022	0.478722
3890	0	-40.38084	-37.5843	-2.796547	0.08465932	0.7093591	0.5067629	8.187488	3.046919
3891	1	-39.25088	-37.92513	-1.325746	0.03702842	0.4721678	0.2281678	18.71933	1.882822
3892	0	-39.71202	-37.53256	-2.17946	0.07590608	0.6808373	0.309391	9.131642	2.500312
3893	1	-40.41326	-37.6567	-2.756557	0.09360254	0.7342017	0.4291132	7.405217	2.513671
3894	0	-39.15526	-36.98384	-2.171413	0.06842645	0.6524467	0.3411138	10.12981	2.840458
3895	1	-38.2145	-37.76095	-0.4535509	0.01104076	0.1881431	0.1376879	62.78076	1.873972
3896	0	-37.78124	-37.2997	-0.4815415	0.01523609	0.2469124	0.1334486	45.49376	3.037406
3897	1	-38.03724	-37.03223	-1.00501	0.01257171	0.2103057	0.2338833	55.13548	3.002987
3898	0	-37.87302	-37.5266	-0.3464184	0.0116578	0.1971781	0.1226262	59.4578	2.226106
3899	1	-37.9471	-37.63996	-0.3071449	0.01029977	0.1771062	0.1201872	67.29738	3.138838
3900	0	-42.61248	-41.31943	-1.293046	0.03336902	0.4419351	0.2325427	20.77218	1.043102
3901	1	-42.25979	-39.89703	-2.362762	0.04684883	0.5420031	0.5602442	14.7954	1.778044
3902	0	-37.20287	-36.6507	-0.5521719	0.01252944	0.2097051	0.1487968	55.32149	2.565625
3903	1	-37.37036	-37.18228	-0.1880859	0.003933741	0.07322574	0.1167365	176.2056	2.967431
3904	0	-38.95886	-38.17704	-0.7818241	0.03257746	0.4350546	0.1410386	21.27689	3.020209
3905	1	-38.18597	-37.53245	-0.653525	0.002896642	0.05463905	0.1886716	239.2934	3.554122
3906	0	-39.20417	-37.59703	-1.607146	0.04927034	0.5570274	0.2543092	14.06824	2.129984
3907	1	-38.64688	-37.04265	-1.604228	0.04253415	0.5131857	0.2788819	16.29625	3.15742
3908	0	-42.24594	-39.78117	-2.464765	0.06185862	0.6238471	0.5018725	11.20535	1.628881
3909	1	-37.6738	-36.86988	-0.8039127	0.006039355	0.1094696	0.2097679	114.7717	2.779517
3910	0	-39.09468	-38.70341	-0.391276	0.006694745	0.1203574	0.1375664	103.536	1.458803
3911	1	-39.56712	-37.9486	-1.618519	0.04864991	0.5532525	0.259482	14.24766	3.48186
3912	0	-42.7052	-39.0802	-3.625004	0.104512	0.7597743	0.8766074	6.632223	3.080571
3913	1	-37.69241	-36.90089	-0.7915193	0.005411319	0.09886348	0.2090304	128.0921	2.83688
3914	0	-39.53655	-37.50657	-2.02998	0.04955833	0.5587626	0.3865712	13.98649	3.127185
3915	1	-37.28149	-36.68063	-0.6008624	0.006275833	0.1134192	0.1706493	110.447	2.2747
3916	0	-40.82973	-38.62712	-2.202604	0.04385455	0.5222964	0.4979564	15.80559	2.434957
3917	1	-38.96979	-37.62418	-1.345611	0.04686411	0.5421004	0.202554	14.79057	2.305551
3918	0	-39.04005	-37.98035	-1.059708	0.003966338	0.07380191	0.2789634	174.7575	2.69095
3919	1	-37.22747	-36.60163	-0.6258397	0.01089934	0.1860525	0.1639032	63.59535	2.910907
3920	0	-38.8238	-37.84849	-0.9753052	0.002054697	0.03917897	0.2634021	337.3477	2.500235
3921	1	-43.21933	-39.80127	-3.418057	0.08755984	0.71785	0.9055849	7.916268	3.028453
3922	0	-39.21973	-38.89445	-0.3252791	0.0132109	0.2193104	0.1174558	52.46784	3.48706
3923	1	-38.12694	-36.80331	-1.323637	0.03511964	0.4567141	0.2339097	19.73674	3.04897
3924	0	-38.14413	-36.72991	-1.414212	0.03274201	0.4364953	0.2648323	21.16996	2.812833
3925	1	-38.19762	-37.13939	-1.058229	0.01651319	0.2636193	0.2333089	41.97537	3.225608
3926	0	-39.77806	-37.59955	-2.178507	0.06829721	0.6519191	0.3441703	10.14898	3.283937
3927	1	-37.25341	-36.74811	-0.5053066	0.01083239	0.1850603	0.1454291	63.9884	2.388067
3928	0	-37.11149	-36.80913	-0.3023533	0.001066103	0.02058983	0.1362777	650.169	2.203913
3929	1	-40.42515	-38.03063	-2.394523	0.08835334	0.7200974	0.3217701	7.845173	3.128475
3930	0	-38.85682	-37.57058	-1.286232	0.01591936	0.2559164	0.2955254	43.54113	2.780114
3931	1	-39.39757	-37.42039	-1.977184	0.06184667	0.6237916	0.3082571	11.20751	3.234599
3932	0	-38.1468	-36.95637	-1.190431	0.02092881	0.3175093	0.2501824	33.11928	2.342676
3933	1	-38.55325	-36.85158	-1.701667	0.04462367	0.5274824	0.2984823	15.53317	2.932078
3934	0	-37.10583	-36.70469	-0.4011441	0.007335082	0.1308206	0.1376796	94.49754	2.479755
3935	1	-37.94856	-37.37665	-0.5719082	0.01535844	0.2485358	0.1458174	45.13136	2.066471
3936	0	-40.15125	-37.56192	-2.589334	0.089031	0.7219919	0.387252	7.785459	3.098571
3937	1	-37.31938	-36.75601	-0.5633736	0.01184336	0.1998679	0.1519383	58.52622	2.982855
3938	0	-38.37244	-36.87541	-1.497029	0.04567022	0.5343998	0.2396763	15.17723	2.47767
3939	1	-38.60694	-37.30729	-1.299648	0.04455155	0.5269998	0.1998787	15.55832	3.03527
3940	0	-44.26954	-38.8541	-5.41544	0.2234098	0.8857328	0.979395	3.102581	3.031518
3941	1	-39.1315	-37.45187	-1.679622	0.03334259	0.4417075	0.342415	20.78864	2.965418
3942	0	-39.80449	-37.33808	-2.46642	0.06959996	0.6571768	0.4506298	9.959016	2.752616
3943	1	-41.83698	-40.0745	-1.762481	0.02358229	0.3472197	0.4269883	29.39269	1.413565
3944	0	-40.16487	-37.62418	-2.540689	0.07098963	0.6626402	0.4759369	9.764063	3.082108
3945	1	-43.53968	-38.7907	-4.748982	0.1766039	0.8555685	0.9742443	3.92487	3.224305
3946	0	-37.19859	-36.70067	-0.4979288	0.00877544	0.1537424	0.1486163	78.98717	2.344622
3947	1	-38.92412	-37.39712	-1.526997	0.03680012	0.4703546	0.2799348	18.83546	2.064914
3948	0	-41.75492	-38.95593	-2.798988	0.1075599	0.7661358	0.3675975	6.444288	2.418612
3949	1	-38.73337	-37.40618	-1.327193	0.04635126	0.538817	0.2003033	14.95422	2.41926
3950	0	-41.77505	-40.14474	-1.630311	0.03407361	0.4479549	0.3225911	20.34264	1.162509
3951	1	-37.00035	-36.52881	-0.4715475	0.005683876	0.1034873	0.1512082	121.9497	2.69858
3952	0	-39.32791	-37.04346	-2.284456	0.0706356	0.6612623	0.3702034	9.813001	2.873815
3953	1	-37.55416	-37.21152	-0.342637	0.007430638	0.1323675	0.1296803	93.28232	3.148377
3954	0	-39.1655	-37.10236	-2.063138	0.05929217	0.6116034	0.3482682	11.69037	3.052005
3955	1	-38.09124	-37.21362	-0.877615	0.01151952	0.1951655	0.2089909	60.17152	3.345979
3956	0	-37.80383	-36.96785	-0.8359755	0.01054365	0.1807615	0.2032499	65.74074	2.119525
3957	1	-37.86345	-37.08698	-0.776469	0.01299919	0.2163438	0.1849791	53.32234	1.98949
3958	0	-37.94179	-37.32494	-0.616845	0.02040105	0.3113696	0.142033	33.97605	3.03864
3959	1	-38.69585	-37.90176	-0.7940871	0.009731293	0.1684981	0.1971615	71.22868	1.576425
3960	0	-37.81804	-37.16162	-0.6564251	0.003049793	0.05741522	0.1888107	227.2768	1.953583
3961	1	-37.46427	-36.66246	-0.8018097	0.01217909	0.2047028	0.1919372	56.91288	2.350722
3962	0	-40.94151	-38.53701	-2.404498	0.05314304	0.5794911	0.5344279	13.04305	2.475316
3963	1	-38.39637	-36.8288	-1.567575	0.04919608	0.5565782	0.2446988	14.08948	2.619076
3964	0	-40.79106	-39.00634	-1.784726	0.02558153	0.368387	0.4244356	27.09561	3.27547
3965	1	-37.71254	-36.83468	-0.8778608	0.009601209	0.1665109	0.2147844	72.19374	2.446713
3966	0	-39.09371	-37.40965	-1.684057	0.04596789	0.5363385	0.2877558	15.07894	2.128107
3967	1	-38.16948	-37.10187	-1.067615	0.03421229	0.4491283	0.1834111	20.26018	2.373439
3968	0	-41.33504	-38.42716	-2.907883	0.09315384	0.7330457	0.5023941	7.440887	2.207805
3969	1	-38.78594	-37.83021	-0.9557237	0.001417653	0.02725502	0.2606293	488.94	2.585883
3970	0	-38.64429	-37.18115	-1.463135	0.03026967	0.4142586	0.2879955	22.89907	3.132999
3971	1	-37.22646	-36.82975	-0.3967174	0.009593101	0.1663868	0.1327683	72.25475	2.743093
3972	0	-38.78763	-37.72026	-1.067367	0.01153478	0.195388	0.2526049	60.09192	1.882664
3973	1	-39.29497	-37.72853	-1.566435	0.05581015	0.5939256	0.222618	12.41973	2.360282
3974	0	-42.88162	-40.85088	-2.030734	0.0880761	0.7193158	0.22452	7.869867	3.263293
3975	1	-38.57477	-36.86239	-1.712381	0.04631208	0.5385647	0.294587	14.96688	2.97305
3976	0	-39.87944	-37.96949	-1.909946	0.06988145	0.6582954	0.2572879	9.918901	3.153744
3977	1	-38.12927	-38.0723	-0.05696699	0.006763179	0.1214838	0.09837937	102.4884	2.560993
3978	0	-41.30201	-38.31557	-2.986433	0.1159042	0.7820631	0.3940832	5.980346	2.958257
3979	1	-38.84918	-38.85512	0.005946571	0.007855021	0.1391919	0.09096676	88.24256	2.439433
3980	0	-39.99911	-38.47112	-1.527982	0.01782622	0.2802567	0.3663423	38.88358	2.865222
3981	1	-37.66231	-37.10133	-0.5609816	0.005684833	0.1035035	0.1653523	121.9292	3.3434
3982	0	-40.60738	-37.94239	-2.664995	0.09534896	0.7386173	0.3820262	7.269583	2.486511
3983	1	-37.23822	-36.68699	-0.5512227	0.007943792	0.1406101	0.1586038	87.25646	2.277705
3984	0	-38.07558	-37.678	-0.3975786	0.01372096	0.2263937	0.1253559	50.51739	3.151875
3985	1	-38.30539	-37.36864	-0.9367501	0.02689954	0.3818003	0.1784246	25.768	2.085342
3986	0	-41.59774	-39.94438	-1.653366	0.02652401	0.3780212	0.3672661	26.13282	4.154611
3987	1	-39.22968	-37.59537	-1.634303	0.03147235	0.4252353	0.336004	22.02401	2.254551
3988	0	-38.60548	-37.45732	-1.148159	0.02435927	0.3555664	0.2284825	28.45517	3.462327
3989	1	-43.32798	-39.39556	-3.932423	0.1174073	0.7847204	0.9935846	5.903785	3.175693
3990	0	-39.76241	-38.17236	-1.59005	0.02946624	0.4067522	0.330699	23.52344	1.850529
3991	1	-41.89212	-38.3908	-3.50132	0.1302336	0.8051432	0.5386307	5.322337	3.214344
3992	0	-37.66734	-36.63033	-1.037003	0.02830682	0.3956676	0.1933573	24.48693	2.550307
3993	1	-37.59096	-36.92973	-0.6612281	0.009760741	0.1689471	0.1725606	71.01378	3.227799
3994	0	-39.54339	-37.87869	-1.664704	0.03456483	0.4520945	0.3315701	20.05354	1.976151
3995	1	-42.39094	-39.91442	-2.476523	0.07054705	0.6609162	0.4491563	9.825317	3.932525
3996	0	-39.11525	-37.3961	-1.719152	0.06224177	0.6256209	0.2368249	11.13637	2.803926
3997	1	-38.50712	-37.13108	-1.376042	0.02398066	0.3515185	0.2884988	28.90443	2.724134
3998	0	-39.02022	-38.07785	-0.9423668	0.0005572685	0.01083398	0.260316	1243.83	3.183993
3999	1	-37.69036	-36.64521	-1.045155	0.01880516	0.2923167	0.2229423	36.85942	2.670782
4000	0	-37.60226	-36.78296	-0.8192974	0.02273045	0.3378881	0.1682762	30.49421	2.927552
4001	1	-38.38546	-36.84147	-1.543983	0.03581483	0.4624204	0.2887209	19.35364	2.819939
4002	0	-38.47097	-37.03103	-1.439937	0.02916757	0.4039256	0.2858064	23.76431	2.957321
4003	1	-41.85733	-39.70219	-2.155139	0.05335012	0.580641	0.4152629	12.99242	1.51799
4004	0	-37.39348	-36.74374	-0.6497407	0.004869846	0.0895811	0.1827922	142.3345	2.288237
4005	1	-37.72424	-36.6783	-1.045947	0.02709201	0.3837243	0.1984714	25.58493	2.954676
4006	0	-39.26354	-38.18899	-1.074553	0.04239208	0.5121895	0.1645344	16.35086	3.096878
4007	1	-41.35951	-38.61558	-2.743922	0.07553961	0.6795389	0.5468884	9.175943	2.120267
4008	0	-37.26252	-36.60263	-0.6598968	0.006275957	0.1134212	0.1810265	110.4449	2.796782
4009	1	-37.99949	-36.67284	-1.326654	0.03037786	0.4152587	0.25087	22.81751	2.795656
4010	0	-38.97269	-37.93873	-1.033961	0.004661455	0.08597415	0.269216	148.6976	3.115755
4011	1	-38.88464	-38.57629	-0.3083479	0.01050189	0.1801373	0.1199888	66.00212	3.504853
4012	0	-37.56634	-36.64307	-0.9232673	0.01412933	0.2320003	0.2108352	49.05733	2.667518
4013	1	-38.65621	-37.34082	-1.315392	0.0232714	0.343836	0.2742553	29.78537	3.226056
4014	0	-38.90133	-37.36644	-1.534887	0.0537407	0.5827963	0.2221034	12.89799	2.488115
4015	1	-37.80151	-37.04621	-0.7553071	0.01192698	0.201076	0.1838696	58.11588	3.29985
4016	0	-39.54029	-37.19773	-2.342561	0.0663173	0.6436664	0.4170302	10.45198	2.813582
4017	1	-37.93236	-37.03976	-0.8926019	0.007448256	0.1326522	0.224705	93.06167	2.396606
4018	0	-41.4341	-40.16935	-1.264752	0.05450904	0.5869848	0.1676963	12.71619	3.363664
4019	1	-37.3231	-36.60864	-0.7144577	0.01762312	0.2777182	0.1628637	39.33169	2.734483
4020	0	-37.77409	-36.93168	-0.8424078	0.01547845	0.2501236	0.1907873	44.78142	2.103173
4021	1	-39.3335	-37.55583	-1.777667	0.04380285	0.5219446	0.325807	15.82425	2.102762
4022	0	-38.02147	-37.15414	-0.8673245	0.004578817	0.08453846	0.2281595	151.3813	2.566233
4023	1	-38.76806	-37.41313	-1.354922	0.04065811	0.4997735	0.2231811	17.04819	2.138382
4024	0	-39.75132	-37.39574	-2.355582	0.0635357	0.6315105	0.4394273	10.90957	2.632085
4025	1	-37.40879	-36.54873	-0.8600628	0.0158554	0.25508	0.1931543	43.71678	2.51602
4026	0	-42.53906	-38.68015	-3.858915	0.1202518	0.7895874	0.886808	5.76413	2.934928
4027	1	-39.3066	-37.2656	-2.040993	0.06887523	0.6542684	0.2975127	10.06381	2.534047
4028	0	-44.61768	-41.07612	-3.541566	0.1180486	0.7858359	0.6660753	5.87171	1.787578
4029	1	-37.61156	-37.15626	-0.4552967	0.01319536	0.2190933	0.1337937	52.52961	3.01172
4030	0	-43.3064	-39.86393	-3.442471	0.09887444	0.7471417	0.7908939	7.010378	2.024316
4031	1	-37.93972	-36.80286	-1.13686	0.01936299	0.2990609	0.242436	35.79752	2.593036
4032	0	-37.65092	-36.82962	-0.8213056	0.02437716	0.3557568	0.1647375	28.43429	2.498349
4033	1	-39.31341	-37.28692	-2.026496	0.05071591	0.5656302	0.3789788	13.66725	2.501864
4034	0	-37.82986	-36.94721	-0.882649	0.02630556	0.3758073	0.1704524	26.34984	2.369702
4035	1	-39.7691	-38.21086	-1.558243	0.02179434	0.3274102	0.3570143	31.804	2.278943
4036	0	-37.93664	-37.88685	-0.04978811	0.00494801	0.09092904	0.1002126	140.086	2.856316
4037	1	-37.52475	-36.54994	-0.9748091	0.02427077	0.3546235	0.1923582	28.55893	2.599465
4038	0	-39.89682	-39.00258	-0.8942488	8.330343e-05	0.001629551	0.2497533	8320.752	1.249361
4039	1	-39.5065	-39.5954	0.08890171	0.004832162	0.08893028	0.0873777	143.4445	2.028254
4040	0	-38.32253	-36.99423	-1.328299	0.02484122	0.3606664	0.2717251	27.90311	2.918607
4041	1	-45.37284	-41.3991	-3.973742	0.1784163	0.857026	0.4373875	3.884999	2.915611
4042	0	-38.48705	-37.42453	-1.062526	0.02976866	0.4095943	0.1943018	23.28446	2.039885
4043	1	-39.5387	-38.60026	-0.938445	0.01277757	0.2132215	0.2181863	54.2472	1.347217
4044	0	-38.08694	-37.18514	-0.9017999	0.03131201	0.4237896	0.1618848	22.13678	2.533726
4045	1	-37.28417	-36.72786	-0.5563093	0.003667416	0.06850009	0.1693393	189.0015	2.23266
4046	0	-38.72203	-37.06596	-1.656071	0.04882047	0.5542953	0.268763	14.19788	3.138458
4047	1	-37.36833	-36.53704	-0.8312901	0.01663327	0.2651632	0.185625	41.67233	2.817948
4048	0	-40.60722	-39.38604	-1.221183	0.002707277	0.05119119	0.3337329	256.0311	3.488624
4049	1	-37.16039	-36.57335	-0.5870375	0.0121944	0.2049223	0.1548071	56.84144	2.61256
4050	0	-37.00159	-36.62873	-0.3728636	0.004092532	0.07602792	0.1401136	169.3688	2.826967
4051	1	-39.93845	-39.542	-0.3964485	0.02532809	0.3657592	0.1062785	27.36674	2.91563
4052	0	-37.20348	-36.72288	-0.480593	0.009878376	0.1707372	0.1438041	70.16813	2.881411
4053	1	-38.68515	-36.83607	-1.84908	0.05540805	0.5918008	0.297015	12.50986	2.876647
4054	0	-37.33352	-36.53683	-0.7966924	0.01645679	0.2628926	0.1797602	42.11921	2.513921
4055	1	-40.57851	-39.46395	-1.114552	0.02454562	0.3575453	0.2203505	28.23914	4.090348
4056	0	-37.70675	-37.01074	-0.6960099	0.002085843	0.03975692	0.1991277	332.3103	2.222624
4057	1	-42.72934	-40.12106	-2.608278	0.07636053	0.682435	0.4720119	9.077297	1.6495
4058	0	-36.95459	-36.54569	-0.408895	0.001548754	0.02972507	0.1505686	447.5515	2.490889
4059	1	-39.10409	-38.76158	-0.342505	0.009420028	0.1637322	0.1260701	73.58229	1.627616
4060	0	-38.3833	-37.44986	-0.9334361	0.03415532	0.4486468	0.16051	20.29397	2.478699
4061	1	-37.1901	-36.87439	-0.3157043	0.006927875	0.1241866	0.127134	100.0519	2.509136
4062	0	-39.82909	-38.74269	-1.086402	0.003210244	0.06031196	0.2895868	215.9173	1.712183
4063	1	-37.49828	-36.8637	-0.6345839	0.00565325	0.1029694	0.1780611	122.6104	3.158133
4064	0	-37.16944	-36.58404	-0.5854082	0.005273707	0.09651663	0.170428	131.4345	2.429275
4065	1	-38.20523	-37.16294	-1.04229	0.02671661	0.3799636	0.1987982	25.94443	3.285376
4066	0	-37.49068	-36.70261	-0.7880672	0.01256617	0.2102271	0.1882852	55.15977	3.026554
4067	1	-40.27771	-37.82594	-2.451764	0.09182165	0.7295604	0.324435	7.548842	2.773082
4068	0	-37.83341	-36.89969	-0.9337201	0.02700636	0.3828691	0.1776166	25.66607	2.354943
4069	1	-42.82402	-39.55821	-3.265807	0.109498	0.7700227	0.5704531	6.330229	3.671086
4070	0	-38.94862	-37.08241	-1.866212	0.06177717	0.6234683	0.2761498	11.22012	2.575954
4071	1	-39.60911	-38.707	-0.902109	0.0124238	0.2082014	0.2114547	55.7919	4.002322
4072	0	-39.66016	-38.67478	-0.9853759	0.002841263	0.05363247	0.2631282	243.9575	3.770062
4073	1	-39.4377	-38.58347	-0.8542245	0.01318835	0.2189952	0.1994026	52.55754	3.946158
4074	0	-37.55265	-36.62184	-0.9308099	0.02548326	0.36737	0.1809521	27.20009	2.730539
4075	1	-43.24333	-38.80796	-4.435368	0.1761416	0.8551921	0.7166431	3.93517	3.169987
4076	0	-41.00349	-40.26102	-0.7424714	0.02926645	0.4048636	0.1420888	23.68402	1.669172
4077	1	-41.13343	-38.84666	-2.286772	0.04805968	0.5496141	0.5104428	14.42263	2.141487
4078	0	-38.13312	-37.04401	-1.089111	0.01419879	0.2329483	0.2486235	48.81734	2.519129
4079	1	-41.17108	-38.56529	-2.605783	0.0609053	0.6193737	0.5857134	11.38074	2.711556
4080	0	-45.59526	-39.55244	-6.042817	0.2678737	0.9046874	0.9786862	2.587589	2.904617
4081	1	-40.62135	-37.72663	-2.894722	0.09261773	0.7316528	0.4995948	7.483958	3.172024
4082	0	-41.38875	-38.25246	-3.136296	0.09086698	0.7270127	0.6520377	7.628152	3.106275
4083	1	-41.3553	-38.94655	-2.408752	0.08077618	0.6972722	0.363254	8.581084	2.029085
4084	0	-41.82603	-38.44714	-3.378891	0.1215387	0.7917224	0.5388438	5.703098	2.434021
4085	1	-37.06235	-36.61151	-0.4508384	0.006245105	0.1129073	0.1469395	110.9905	2.851517
4086	0	-37.94081	-36.68402	-1.256787	0.02748421	0.3876176	0.2437015	25.21984	2.842481
4087	1	-37.69392	-37.411	-0.2829183	0.004075994	0.07573661	0.1280911	170.056	1.958925
4088	0	-40.49938	-38.49867	-2.000712	0.03670624	0.4696062	0.4501579	18.88363	2.389387
4089	1	-37.6951	-36.97663	-0.7184675	0.005009126	0.09198108	0.1954119	138.3769	2.133667
4090	0	-37.00955	-36.64868	-0.3608673	0.002804563	0.05296463	0.1409847	247.1498	2.370478
4091	1	-38.98449	-37.16747	-1.817019	0.04697038	0.5427761	0.3240548	14.75711	3.136806
4092	0	-39.99086	-38.83196	-1.158895	0.001584547	0.03039797	0.3185927	437.4419	2.460099
4093	1	-37.42348	-36.59173	-0.8317482	0.01540144	0.2491053	0.1889699	45.00534	2.416296
4094	0	-39.97335	-37.9609	-2.012447	0.07733085	0.685801	0.2565866	8.963398	2.807097
4095	1	-38.75685	-37.25335	-1.503505	0.03289121	0.4377969	0.2889584	21.07394	2.178905
4096	0	-39.46413	-38.30143	-1.162698	0.04154153	0.506159	0.1818678	16.68564	2.088772
4097	1	-37.36533	-36.51519	-0.8501389	0.01856132	0.2893396	0.1840747	37.34364	2.604327
4098	0	-38.15693	-36.96762	-1.189307	0.01952394	0.3009897	0.2549102	35.50243	2.452782
4099	1	-37.47564	-36.59398	-0.8816592	0.01810462	0.2837159	0.1911987	38.28565	2.421728
4100	0	-38.93644	-37.59706	-1.339379	0.02660171	0.3788059	0.268004	26.05649	3.456062
4101	1	-37.41792	-36.5489	-0.8690203	0.01627597	0.2605557	0.1937379	42.58715	2.810656
4102	0	-38.24695	-36.88822	-1.358724	0.02894376	0.4017944	0.2643471	23.94807	2.393314
4103	1	-38.2487	-36.75937	-1.489325	0.0364332	0.4674207	0.2709863	19.02515	2.892168
4104	0	-39.74852	-38.36063	-1.387884	0.01667784	0.2657351	0.3236597	41.56097	3.409245
4105	1	-37.42959	-36.7864	-0.6431935	0.01690175	0.2685988	0.1532146	41.01038	2.432165
4106	0	-37.37547	-37.18817	-0.1872961	0.002891312	0.05454224	0.1183746	239.7344	2.214451
4107	1	-43.46459	-41.85098	-1.613616	0.007092786	0.1268816	0.464436	97.72566	1.021088
4108	0	-39.68559	-38.72934	-0.9562487	0.003649692	0.06818444	0.2526725	189.9194	3.893069
4109	1	-38.09249	-37.43195	-0.6605318	0.02141473	0.3230934	0.146266	32.36777	3.13854
4110	0	-38.69392	-38.20607	-0.4878483	0.009296066	0.1618237	0.1460476	74.5635	1.607102
4111	1	-42.99265	-40.22475	-2.767901	0.05526218	0.5910255	0.7459542	12.54289	2.768631
4112	0	-38.85454	-36.87047	-1.984069	0.05785262	0.6044489	0.3284024	11.98126	2.717073
4113	1	-40.74728	-38.88271	-1.86457	0.07621013	0.6819078	0.2248471	9.09521	2.561217
4114	0	-42.23466	-38.83034	-3.404323	0.107319	0.7656442	0.6756854	6.458757	3.456285
4115	1	-41.07302	-38.86575	-2.207273	0.07015853	0.6593905	0.3450224	9.879728	1.92901
4116	0	-41.62973	-38.4304	-3.199329	0.110805	0.7725777	0.5239987	6.255557	3.366288
4117	1	-41.02379	-37.70443	-3.319363	0.1152053	0.7808066	0.5552199	6.016626	2.967363
4118	0	-43.92113	-39.24925	-4.671886	0.1954392	0.8694205	0.6912464	3.546612	3.087436
4119	1	-39.38488	-37.85111	-1.533763	0.05785529	0.6044624	0.2093265	11.9807	2.503938
4120	0	-41.59236	-39.54251	-2.049848	0.04748983	0.5460571	0.4060208	14.5957	3.957439
4121	1	-38.00192	-37.51565	-0.4862697	0.01934246	0.2988142	0.1265248	35.83553	2.607416
4122	0	-40.74169	-38.44964	-2.292045	0.05253092	0.5760624	0.481733	13.19503	2.153372
4123	1	-44.22764	-42.01146	-2.216182	0.09093246	0.7271888	0.2595796	7.622659	2.024516
4124	0	-38.99904	-37.62282	-1.376223	0.01915354	0.2965394	0.308913	36.18898	2.450262
4125	1	-38.61074	-37.35997	-1.25077	0.02322315	0.3433086	0.2572682	29.84725	2.019779
4126	0	-42.81906	-38.90188	-3.917182	0.1351406	0.8120172	0.7617174	5.129081	2.361161
4127	1	-41.01563	-39.4578	-1.557825	0.01380726	0.2275833	0.3994882	50.20166	3.315578
4128	0	-37.6823	-36.56393	-1.118376	0.02949808	0.4070524	0.2062492	23.49805	2.690584
4129	1	-39.71786	-38.42074	-1.297119	0.01686751	0.2681619	0.2947857	41.09363	3.675904
4130	0	-38.14405	-37.40149	-0.7425643	0.01373687	0.2266132	0.1769589	50.4589	1.847849
4131	1	-37.89599	-37.02687	-0.8691139	0.008272094	0.1458274	0.2169492	83.79343	2.230374
4132	0	-38.22486	-37.33268	-0.8921784	0.004056282	0.07538923	0.2356341	170.8824	2.884859
4133	1	-37.69921	-36.64926	-1.049948	0.0217277	0.3266553	0.2149535	31.90154	2.422733
4134	0	-37.44076	-36.83029	-0.6104747	0.01724736	0.2729881	0.1475605	40.18859	2.5243
4135	1	-37.52726	-36.9796	-0.547653	0.002517754	0.04772347	0.1706285	275.3038	2.013714
4136	0	-40.25598	-37.7519	-2.504084	0.08007646	0.6950014	0.4035572	8.656066	3.28306
4137	1	-37.82204	-37.16173	-0.6603059	0.02257864	0.3362049	0.1438483	30.69924	2.527681
4138	0	-39.35669	-37.79662	-1.560071	0.05921919	0.6112457	0.2108059	11.70477	2.588161
4139	1	-37.81875	-37.01543	-0.8033133	0.02152442	0.3243448	0.1684533	32.20282	2.21162
4140	0	-37.54501	-36.54845	-0.9965584	0.02488047	0.3610791	0.1949019	27.85909	2.758164
4141	1	-38.57859	-37.14312	-1.435465	0.02712992	0.3841021	0.2928402	25.54918	2.938105
4142	0	-41.44449	-38.15797	-3.286517	0.1073569	0.7657217	0.6002732	6.456474	2.439667
4143	1	-40.18749	-37.77842	-2.409072	0.0801985	0.6953996	0.3663474	8.642894	2.341392
4144	0	-38.58169	-37.01151	-1.570177	0.04065634	0.4997606	0.2767913	17.04893	2.296159
4145	1	-40.05219	-37.36096	-2.691224	0.08471312	0.7095206	0.4557573	8.182288	2.639616
4146	0	-39.99691	-38.06467	-1.932238	0.0413642	0.5048873	0.3935962	16.75718	2.100771
4147	1	-40.53103	-39.08497	-1.446059	0.02333459	0.3445258	0.3122594	29.70471	1.392705
4148	0	-37.68826	-36.62114	-1.067122	0.02739614	0.3867464	0.2018497	25.30091	2.484044
4149	1	-38.41014	-37.63719	-0.7729502	0.009421275	0.1637514	0.1938851	73.57255	1.688623
4150	0	-38.82923	-37.31133	-1.517894	0.04699868	0.5429559	0.2401799	14.74823	3.22363
4151	1	-38.28506	-37.62134	-0.6637195	0.02420102	0.3538789	0.1410699	28.64124	3.063844
4152	0	-37.74558	-36.67615	-1.069425	0.02641922	0.3769606	0.2051263	26.23648	2.39492
4153	1	-39.23389	-37.32415	-1.909745	0.04432497	0.5254787	0.3690781	15.63785	2.535437
4154	0	-38.84295	-37.01386	-1.829087	0.04937	0.5576291	0.3170576	14.03985	2.426237
4155	1	-39.03957	-38.18729	-0.8522779	0.03666686	0.4692918	0.1428393	18.90392	2.795877
4156	0	-40.04252	-38.22481	-1.81771	0.04390826	0.5226614	0.3386137	15.78626	3.612672
4157	1	-37.29405	-36.57137	-0.7226845	0.01186954	0.2002465	0.1781126	58.39712	2.425327
4158	0	-39.54915	-39.1389	-0.4102553	0.01605837	0.2577296	0.1228317	43.16424	1.764662
4159	1	-37.66771	-37.08531	-0.5824014	0.01483943	0.2416149	0.1484399	46.70984	2.183806
4160	0	-37.61753	-36.5405	-1.077032	0.02594127	0.3720898	0.2080929	26.71986	2.621441
4161	1	-39.82288	-37.67976	-2.143112	0.05367856	0.5824546	0.4083995	12.91292	3.209539
4162	0	-40.14368	-38.57066	-1.573022	0.04129894	0.504418	0.2750716	16.78366	3.754219
4163	1	-38.15522	-37.46562	-0.689595	0.002600757	0.04924428	0.1964205	266.5175	1.788303
4164	0	-37.97913	-37.19646	-0.7826744	0.007651715	0.1359318	0.2007353	90.58716	3.333739
4165	1	-37.72406	-36.88273	-0.8413365	0.01764276	0.2779642	0.1848445	39.28792	2.157214
4166	0	-37.65464	-36.71315	-0.9414961	0.01338803	0.2217805	0.2169739	51.77365	2.696505
4167	1	-37.89118	-36.93381	-0.9573672	0.03124343	0.4231696	0.1713008	22.18538	2.753156
4168	0	-38.57223	-37.48881	-1.083424	0.01307743	0.217442	0.2511606	53.00331	2.016321
4169	1	-39.64253	-38.10704	-1.535489	0.03412732	0.4484098	0.2931855	20.31062	1.767244
4170	0	-37.13183	-36.65393	-0.4778944	0.007156503	0.1279198	0.1490382	96.85557	2.922511
4171	1	-38.13824	-37.20051	-0.9377228	0.01482582	0.2414323	0.2118108	46.75269	1.969562
4172	0	-38.43827	-37.19732	-1.240947	0.04390985	0.5226722	0.1901995	15.78569	2.725925
4173	1	-38.75887	-38.29637	-0.4625031	0.006257139	0.1131078	0.1486383	110.777	3.785498
4174	0	-38.05587	-37.30701	-0.7488597	0.01043125	0.1790797	0.186589	66.4491	1.851795
4175	1	-39.05843	-38.22796	-0.8304696	0.02342865	0.3455506	0.1684967	29.58546	1.768081
4176	0	-37.92149	-36.87355	-1.047944	0.03301202	0.4388476	0.1829137	20.99681	2.543933
4177	1	-37.66401	-37.24011	-0.4239007	0.01484106	0.2416368	0.126679	46.7047	2.761806
4178	0	-37.91467	-36.68852	-1.226152	0.03590616	0.4631634	0.2098389	19.30441	2.827029
4179	1	-38.76965	-36.84834	-1.921301	0.05463311	0.5876549	0.3227735	12.68731	2.708936
4180	0	-40.84417	-38.21458	-2.629594	0.08322474	0.7049929	0.4376221	8.32862	3.431768
4181	1	-39.2719	-38.07664	-1.19526	0.04554273	0.5335655	0.1775622	15.21971	2.328881
4182	0	-38.85676	-37.18333	-1.673438	0.03556598	0.4603882	0.3297817	19.48905	2.610348
4183	1	-38.61208	-37.67574	-0.9363392	0.008495593	0.1493544	0.2313036	81.58903	1.804328
4184	0	-40.22863	-38.92641	-1.302219	0.009827659	0.1699661	0.3272728	70.53025	3.552742
4185	1	-38.08158	-36.83961	-1.241967	0.03235423	0.4330913	0.2241532	21.4237	2.307719
4186	0	-39.77112	-38.59174	-1.179387	0.009061881	0.1582018	0.292592	76.49043	1.66785
4187	1	-38.25571	-36.89113	-1.364582	0.03016048	0.4132467	0.2613691	22.98197	3.036766
4188	0	-40.57494	-37.56967	-3.005271	0.09886267	0.747114	0.5108773	7.011212	2.650353
4189	1	-37.58388	-36.95791	-0.6259688	0.008195167	0.1446088	0.1703073	84.57999	3.249311
4190	0	-37.75363	-36.64089	-1.112741	0.02514675	0.3638692	0.2180922	27.56409	2.92672
4191	1	-41.97381	-40.10723	-1.866584	0.01993699	0.3059054	0.498874	34.7669	2.536119
4192	0	-38.72773	-37.02109	-1.70664	0.04095284	0.5019179	0.3159355	16.9255	2.968328
4193	1	-37.86925	-36.85584	-1.013417	0.02462955	0.3584337	0.1989193	28.14291	2.233459
4194	0	-38.21059	-37.93883	-0.2717622	0.001528355	0.02934128	0.1313117	453.525	3.620267
4195	1	-37.33659	-37.30023	-0.03636207	0.0008534031	0.01652747	0.1047638	812.2155	2.671358
4196	0	-36.89441	-36.6204	-0.2740035	0.0006179593	0.0120044	0.1333098	1121.671	2.752604
4197	1	-40.00635	-38.26549	-1.740855	0.06946712	0.6566468	0.2185375	9.978061	2.743698
4198	0	-38.06334	-37.12876	-0.9345807	0.007259266	0.1295907	0.2349651	95.48447	2.603336
4199	1	-40.45716	-39.14946	-1.307697	0.006533699	0.1176989	0.3447442	106.088	1.968496
4200	0	-38.52721	-36.86441	-1.662802	0.04338166	0.519064	0.2921859	15.97788	2.973479
4201	1	-37.61127	-36.99268	-0.6185928	0.0003836291	0.007475089	0.1887786	1806.816	3.09727
4202	0	-41.99043	-40.87677	-1.113663	0.0175377	0.2766467	0.2430641	39.52327	4.571865
4203	1	-37.28575	-37.11345	-0.172302	0.0002880398	0.005619507	0.1209811	2406.428	2.136064
4204	0	-37.2756	-37.04739	-0.2282117	0.005881518	0.1068201	0.118218	117.8517	2.675739
4205	1	-37.57628	-37.01371	-0.5625744	0.0005603274	0.01089301	0.1780493	1237.04	3.222477
4206	0	-37.70331	-36.83178	-0.8715346	0.0163114	0.2610144	0.1941284	42.49465	2.181572
4207	1	-40.02792	-39.411	-0.6169197	0.01552175	0.2506952	0.1521793	44.65652	1.383027
4208	0	-39.62559	-37.62844	-1.997146	0.04380706	0.5219733	0.4057452	15.82273	2.654019
4209	1	-37.94285	-37.51093	-0.4319213	0.01356878	0.2242898	0.1300149	51.08397	3.155445
4210	0	-37.08785	-36.54968	-0.5381659	0.006508674	0.1172848	0.1597524	106.4959	2.456143
4211	1	-38.07681	-37.31586	-0.760958	0.02765093	0.3892618	0.1480811	25.06777	2.566927
4212	0	-39.44072	-37.4639	-1.976824	0.0699723	0.6586552	0.2747304	9.906022	3.010257
4213	1	-38.41044	-37.58472	-0.8257211	0.00747259	0.1330454	0.2100959	92.75863	3.533596
4214	0	-37.28146	-36.60389	-0.6775667	0.01271706	0.2123661	0.1682289	54.50529	2.392655
4215	1	-38.23662	-37.04116	-1.195462	0.02298666	0.3407149	0.2442401	30.15432	3.175161
4216	0	-38.59484	-37.68655	-0.9082931	0.002771821	0.05236827	0.2438466	250.0692	3.166515
4217	1	-37.50543	-36.71788	-0.7875541	0.007668627	0.1362036	0.201669	90.38739	2.700659
4218	0	-37.3319	-36.63896	-0.6929387	0.0144063	0.2357706	0.1668067	48.11419	2.93587
4219	1	-40.13833	-38.02508	-2.113256	0.05534578	0.5914701	0.38716	12.52394	2.040239
4220	0	-38.33161	-37.07654	-1.255071	0.02097001	0.3179853	0.2667331	33.05421	2.946248
4221	1	-37.14184	-36.66656	-0.4752791	0.0002114206	0.004128828	0.1639717	3278.522	2.92552
4222	0	-39.83524	-38.36591	-1.469328	0.01670355	0.2660648	0.3509955	41.49699	2.972914
4223	1	-37.16677	-36.65012	-0.516658	0.0001230252	0.002405326	0.1711125	5634.19	2.780883
4224	0	-38.0567	-36.95718	-1.099521	0.0336912	0.4446999	0.1907564	20.57354	3.015185
4225	1	-42.19392	-41.33159	-0.8623272	0.003116464	0.05862034	0.2317607	222.4146	4.903801
4226	0	-38.60942	-37.42245	-1.186979	0.04392159	0.5227519	0.180177	15.78147	2.763054
4227	1	-39.47333	-38.55452	-0.9188145	0.007664274	0.1361336	0.2299702	90.43873	3.939638
4228	0	-39.02655	-37.9877	-1.038847	0.04231132	0.5116217	0.1589445	16.38207	2.636701
4229	1	-41.10467	-38.37222	-2.732446	0.08806373	0.7192808	0.4529815	7.870972	3.456592
4230	0	-37.60897	-36.89524	-0.7137307	0.002825775	0.05335071	0.2005804	245.2945	2.417056
4231	1	-40.43396	-38.78367	-1.650289	0.0688105	0.6540067	0.2014754	10.07328	2.685583
4232	0	-37.85194	-37.09831	-0.7536368	0.01753347	0.2765936	0.1695858	39.5328	3.253935
4233	1	-38.31706	-38.18752	-0.1295341	0.01010687	0.1741991	0.1009035	68.58179	2.568911
4234	0	-38.66386	-37.25081	-1.413044	0.02876022	0.4000383	0.2798283	24.1009	3.215983
4235	1	-37.10994	-36.68765	-0.4222844	0.0006190217	0.01202487	0.1546155	1119.746	2.25357
4236	0	-37.87094	-36.72597	-1.144971	0.02098947	0.3182099	0.2388589	33.02357	2.667009
4237	1	-37.97206	-37.20374	-0.7683255	0.0005753388	0.01118266	0.2186778	1204.764	2.521597
4238	0	-39.61322	-38.54105	-1.072172	0.016574	0.2644017	0.2363817	41.82136	1.416073
4239	1	-39.29069	-38.79883	-0.4918604	0.001039962	0.02009178	0.1647734	666.5119	1.169492
4240	0	-38.98185	-37.40582	-1.576028	0.0323008	0.43262	0.3132951	21.45913	2.21393
4241	1	-37.80519	-36.99612	-0.8090739	0.004415983	0.08170052	0.2157445	156.9633	2.743823
4242	0	-39.42043	-37.18101	-2.239422	0.07172127	0.665458	0.3485155	9.664457	3.034464
4243	1	-37.27229	-36.73428	-0.538002	0.01176156	0.1986837	0.1483032	58.93327	2.390404
4244	0	-37.54553	-36.54628	-0.9992469	0.02481455	0.3603857	0.1956086	27.93309	2.605692
4245	1	-38.71943	-37.37459	-1.34484	0.0377072	0.4775035	0.2303469	18.38235	3.337822
4246	0	-39.10254	-37.71902	-1.383518	0.02070045	0.3148623	0.3044488	33.48464	2.14288
4247	1	-41.43571	-38.71821	-2.717498	0.1005193	0.7509496	0.3742617	6.895663	3.338392
4248	0	-38.41113	-37.05023	-1.360903	0.04152785	0.5060611	0.2217784	16.69114	3.106565
4249	1	-39.98975	-37.51697	-2.472779	0.07862352	0.6901913	0.39923	8.816029	2.416338
4250	0	-40.396	-38.01409	-2.381912	0.05693317	0.5997668	0.4952536	12.17475	2.548381
4251	1	-40.22828	-37.41988	-2.808392	0.08784255	0.7186543	0.4902534	7.890791	2.931108
4252	0	-38.69851	-37.5183	-1.180204	0.01252942	0.2097049	0.2788333	55.32156	2.48941
4253	1	-40.55119	-38.95809	-1.593106	0.01668547	0.265833	0.3973457	41.54197	2.712986
4254	0	-37.60103	-36.90986	-0.6911691	0.01781849	0.2801603	0.1586761	38.90045	2.275329
4255	1	-37.54249	-37.06782	-0.4746744	0.002476201	0.0469609	0.1587129	279.9237	1.940035
4256	0	-39.33003	-38.98698	-0.3430487	0.0008207029	0.01590093	0.1424309	844.5775	4.05509
4257	1	-39.63797	-38.57356	-1.064418	0.005490556	0.100211	0.2743101	126.2435	3.675547
4258	0	-37.95793	-37.68951	-0.2684242	0.0001847363	0.003608966	0.1333818	3752.09	1.697188
4259	1	-38.55453	-37.55363	-1.000906	0.01384241	0.2280672	0.2287817	50.07415	3.489671
4260	0	-40.47438	-40.32961	-0.1447789	0.0008206873	0.01590063	0.1168145	844.5936	1.09766
4261	1	-40.32611	-38.50665	-1.81946	0.02904873	0.4027954	0.4184328	23.86153	2.437224
4262	0	-38.84343	-37.94156	-0.9018696	0.0007685951	0.01490143	0.2492394	901.8366	2.007233
4263	1	-37.0994	-36.63848	-0.4609209	0.0004471746	0.008706082	0.1610968	1550.059	2.350026
4264	0	-37.04458	-36.53915	-0.5054291	0.002556493	0.04843367	0.1634844	271.132	2.652215
4265	1	-37.25434	-36.68737	-0.5669675	0.0009814681	0.01897608	0.1777725	706.2351	2.786673
4266	0	-38.06772	-36.90624	-1.161481	0.02157054	0.3248699	0.2408503	32.13398	2.29772
4267	1	-39.84133	-38.5992	-1.242135	0.007696861	0.1366571	0.3176055	90.05583	2.047176
4268	0	-37.56584	-36.59196	-0.9738853	0.02617505	0.3744792	0.1870799	26.48122	2.653404
4269	1	-40.40079	-38.47466	-1.926127	0.03769956	0.4774439	0.4119826	18.38608	2.002685
4270	0	-38.5605	-36.93776	-1.622736	0.05041636	0.5638693	0.2541568	13.74846	2.998871
4271	1	-38.72781	-37.55079	-1.17702	0.02544196	0.3669418	0.2316034	27.24425	1.868685
4272	0	-39.24721	-38.45396	-0.7932514	0.03120614	0.4228321	0.14545	22.21189	2.127279
4273	1	-38.42562	-36.92585	-1.499766	0.03275384	0.4365987	0.2884391	21.16232	2.885176
4274	0	-37.9788	-36.98119	-0.9976131	0.01136411	0.1928952	0.236154	60.99441	2.699622
4275	1	-37.47521	-36.59099	-0.8842169	0.01398609	0.2300403	0.2031713	49.55974	2.641695
4276	0	-37.92293	-37.15685	-0.7660788	0.003665129	0.06845936	0.2088688	189.1195	3.145551
4277	1	-39.57761	-38.07742	-1.500193	0.03023922	0.4139767	0.2989967	22.92213	1.778514
4278	0	-38.18308	-38.27247	0.08938915	0.0007235204	0.01403575	0.09255395	958.0202	3.032523
4279	1	-40.10811	-39.30724	-0.8008677	0.01783768	0.2803995	0.1770253	38.8586	4.015079
4280	0	-37.33935	-36.68594	-0.6534057	0.01356765	0.2242741	0.1622518	51.08824	2.97095
4281	1	-38.42466	-36.83623	-1.588431	0.03829983	0.4820955	0.2914316	18.09792	2.859471
4282	0	-39.29406	-37.76554	-1.52852	0.02712247	0.3840279	0.3214323	25.5562	2.086911
4283	1	-37.9158	-36.8627	-1.053097	0.02625977	0.3753418	0.2022592	26.39578	2.243791
4284	0	-38.04569	-36.98594	-1.059752	0.02572991	0.3699181	0.2051395	26.93935	2.15498
4285	1	-37.40905	-36.90327	-0.5057791	0.01277082	0.2131261	0.1415678	54.27586	2.956461
4286	0	-38.82885	-37.60343	-1.225423	0.04351593	0.5199852	0.1883148	15.92858	2.344514
4287	1	-40.8812	-38.58002	-2.301187	0.05930278	0.6116553	0.4418068	11.68827	1.929194
4288	0	-37.76182	-36.83076	-0.9310577	0.01141653	0.193662	0.2207847	60.71433	2.48705
4289	1	-39.21066	-38.14246	-1.068202	0.02072216	0.3151145	0.2220451	33.44957	1.593538
4290	0	-37.53927	-36.7461	-0.7931778	0.01449726	0.2370032	0.1841572	47.81229	3.081811
4291	1	-38.22537	-36.83499	-1.390372	0.02895558	0.4019072	0.2728016	23.9383	2.720879
4292	0	-38.42891	-36.80955	-1.619357	0.04909578	0.5559704	0.2580691	14.11826	2.566487
4293	1	-37.43788	-36.79356	-0.6443251	0.01788252	0.2809581	0.1512776	38.76117	2.515316
4294	0	-37.87904	-36.6318	-1.247238	0.02907961	0.4030894	0.2360062	23.83619	2.541425
4295	1	-37.91368	-36.84019	-1.073495	0.02754206	0.3881889	0.2027219	25.16686	2.276473
4296	0	-41.72197	-38.18966	-3.532309	0.110328	0.7716513	0.7359834	6.282605	2.918171
4297	1	-39.19485	-37.86265	-1.332195	0.02973842	0.409311	0.2545531	23.30814	1.789856
4298	0	-43.0525	-40.92854	-2.12396	0.02531812	0.3656555	0.5980745	27.37752	2.388356
4299	1	-39.44107	-38.03017	-1.410895	0.0549486	0.5893508	0.1928838	12.61447	2.985028
4300	0	-41.50162	-40.71233	-0.7892882	0.001169474	0.02255602	0.2214439	592.7	0.512982
4301	1	-38.85267	-37.45063	-1.402046	0.02511595	0.3635474	0.2913883	27.59789	3.225133
4302	0	-38.93613	-37.60134	-1.334786	0.04853884	0.5525714	0.1956883	14.28026	2.441634
4303	1	-37.98576	-36.82713	-1.158633	0.03596436	0.463636	0.1959772	19.27317	2.87059
4304	0	-41.97073	-39.74642	-2.224311	0.03960821	0.4920188	0.5403426	17.50009	1.93312
4305	1	-38.37404	-36.72404	-1.649993	0.04792831	0.548798	0.2705224	14.46216	2.665066
4306	0	-38.33696	-37.25926	-1.077702	0.02108003	0.3192541	0.2230341	32.8817	3.374357
4307	1	-40.74067	-37.73055	-3.010126	0.1007696	0.7515199	0.4997202	6.878538	2.542494
4308	0	-39.41584	-38.10565	-1.31019	0.01347748	0.2230237	0.3133144	51.43003	2.195845
4309	1	-44.39058	-39.5121	-4.87848	0.2055249	0.8758092	0.7370226	3.37257	3.195369
4310	0	-40.00831	-37.32348	-2.684833	0.08237147	0.7023416	0.4680839	8.414893	2.832358
4311	1	-42.59502	-41.47819	-1.116825	0.01287855	0.2146464	0.2604218	53.82183	4.811517
4312	0	-42.08171	-38.14403	-3.937681	0.1481279	0.8281534	0.6471734	4.679382	2.832023
4313	1	-42.00945	-39.18436	-2.82509	0.09441996	0.7362849	0.454277	7.341109	3.620921
4314	0	-40.96011	-39.52345	-1.436665	0.01475534	0.2404852	0.3491951	46.97603	3.916994
4315	1	-37.6945	-36.68677	-1.007732	0.02829287	0.3955324	0.1878166	24.49901	2.515509
4316	0	-37.8221	-37.10572	-0.7163797	0.02113784	0.3199194	0.1552732	32.79177	2.272358
4317	1	-37.94371	-36.7759	-1.16781	0.03450172	0.4515652	0.201913	20.09022	2.483489
4318	0	-38.37014	-37.41746	-0.952683	0.005095598	0.09346682	0.2466828	136.0286	2.793634
4319	1	-37.52034	-36.73786	-0.7824894	0.01611278	0.2584377	0.1780885	43.01849	2.262645
4320	0	-36.9448	-36.54581	-0.3989873	0.003003309	0.05657377	0.1460521	230.7945	2.734399
4321	1	-41.09784	-38.77795	-2.319892	0.04694024	0.5425846	0.5360417	14.76659	2.617476
4322	0	-36.98533	-36.61295	-0.372384	0.002745037	0.05188004	0.1427377	252.5093	2.407421
4323	1	-38.82856	-37.83363	-0.9949304	0.03964929	0.4923257	0.1579443	17.48196	2.842016
4324	0	-37.07619	-36.71076	-0.3654297	0.001677937	0.03215077	0.1439014	413.0948	2.254283
4325	1	-38.28069	-37.1456	-1.135096	0.02939464	0.4060764	0.2100333	23.58073	2.10899
4326	0	-38.25421	-38.12234	-0.1318769	0.007532955	0.1340196	0.1048853	92.0153	3.09939
4327	1	-37.48163	-36.80556	-0.6760696	0.002319685	0.04408119	0.1945527	298.8109	2.719107
4328	0	-37.89058	-37.05813	-0.8324428	0.02771458	0.3898878	0.1589112	25.0102	2.535734
4329	1	-37.66043	-37.51223	-0.1482055	0.006401693	0.1155116	0.1083293	108.2756	2.471911
4330	0	-38.0723	-37.42595	-0.6463482	0.02450047	0.3570667	0.1380552	28.29118	2.764029
4331	1	-38.01685	-37.57832	-0.4385338	0.01807305	0.2833248	0.1228094	38.35253	2.668091
4332	0	-38.20737	-37.06235	-1.145026	0.02215356	0.331459	0.2349762	31.28829	2.126786
4333	1	-38.40758	-37.5307	-0.8768767	0.03003502	0.4120808	0.1607742	23.07797	2.251624
4334	0	-40.76432	-37.95114	-2.813175	0.1038105	0.7582652	0.3931302	6.677043	2.623548
4335	1	-40.31148	-39.36761	-0.9438613	0.03408054	0.4480136	0.1623636	20.33851	3.618766
4336	0	-38.1151	-36.73114	-1.383965	0.0408362	0.5010709	0.2291807	16.97384	2.55314
4337	1	-39.98371	-37.46557	-2.518134	0.089018	0.7219558	0.3607045	7.786596	2.70133
4338	0	-42.37833	-39.24582	-3.132514	0.07916282	0.6919918	0.7663616	8.755968	2.575163
4339	1	-37.20396	-36.50682	-0.6971456	0.0115483	0.195585	0.174411	60.02156	2.723528
4340	0	-40.07701	-38.0434	-2.033609	0.05274634	0.5772741	0.370892	13.14114	3.495958
4341	1	-37.61932	-37.11879	-0.5005235	0.01616087	0.2590627	0.1342408	42.89046	2.477794
4342	0	-40.15061	-38.00257	-2.148044	0.05053009	0.5645392	0.4290841	13.71751	2.205024
4343	1	-37.54043	-36.61984	-0.9205887	0.01741429	0.2750948	0.2007368	39.80336	2.915516
4344	0	-39.69235	-38.17588	-1.516476	0.05462414	0.5876065	0.2153473	12.68939	2.217829
4345	1	-39.69919	-38.85857	-0.8406233	0.008573384	0.1505773	0.2099598	80.84873	1.209331
4346	0	-38.89645	-37.7923	-1.104146	0.0427053	0.5143817	0.1687281	16.23094	2.93907
4347	1	-42.65546	-40.45708	-2.198375	0.07503157	0.6777239	0.319218	9.238074	3.838561
4348	0	-39.39238	-37.8835	-1.508873	0.02204085	0.3301923	0.3386352	31.4483	2.41707
4349	1	-37.34142	-36.59854	-0.7428827	0.01591665	0.2558809	0.1716477	43.54856	2.890804
4350	0	-41.07757	-38.39027	-2.687298	0.06747434	0.6485282	0.5791437	10.27275	3.080637
4351	1	-38.57591	-37.50221	-1.073699	0.04052095	0.4987707	0.1687971	17.1059	2.748373
4352	0	-42.74768	-40.05374	-2.693942	0.09119803	0.7279009	0.416994	7.600462	1.874484
4353	1	-37.48963	-36.62588	-0.8637465	0.01937684	0.2992271	0.1844593	35.77195	2.398766
4354	0	-39.59645	-37.79757	-1.798884	0.03380267	0.4456517	0.3832879	20.50569	2.755593
4355	1	-37.95827	-37.14294	-0.8153337	0.02786101	0.3913244	0.1558927	24.87875	2.85288
4356	0	-37.96774	-37.57977	-0.3879728	0.01531305	0.2479341	0.1213963	45.26514	2.412143
4357	1	-39.93493	-38.92767	-1.007253	0.000664075	0.01289251	0.2773482	1043.779	1.515199
4358	0	-37.45766	-36.63554	-0.8221139	0.01533441	0.2482174	0.1873353	45.20207	2.967692
4359	1	-39.45652	-38.39727	-1.059245	0.004717945	0.08695383	0.2758893	146.9172	3.500745
4360	0	-39.94998	-37.53392	-2.41606	0.07269055	0.6691304	0.4101932	9.535589	3.21128
4361	1	-39.62205	-38.06585	-1.556197	0.02270071	0.3375588	0.3517518	30.53416	2.329215
4362	0	-38.1478	-37.20695	-0.9408559	0.01860526	0.2898774	0.2014292	37.25544	1.966323
4363	1	-39.98544	-39.91838	-0.06705781	0.007318626	0.1305539	0.09860043	94.71001	3.5807
4364	0	-38.27136	-37.28	-0.9913671	0.01443672	0.2361832	0.2247153	48.01278	3.346974
4365	1	-39.38634	-37.28337	-2.102972	0.05866828	0.6085287	0.3656293	11.81468	2.37845
4366	0	-37.04656	-36.5582	-0.4883605	0.003865773	0.0720228	0.1577724	179.3036	2.82885
4367	1	-37.4639	-36.56473	-0.8991755	0.0155945	0.2516544	0.2016004	44.44818	2.730285
4368	0	-37.80091	-37.00291	-0.7979982	0.01964979	0.3024927	0.1720569	35.27505	2.156933
4369	1	-37.74143	-36.98192	-0.759503	0.02288316	0.339575	0.1581675	30.29071	2.970721
4370	0	-37.80438	-36.96774	-0.8366383	0.0272317	0.385115	0.1606716	25.45369	2.784544
4371	1	-39.62142	-37.27861	-2.342811	0.07766067	0.6869313	0.355374	8.925331	3.031982
4372	0	-37.05279	-36.53452	-0.5182775	0.006556387	0.1180741	0.1565011	105.7209	2.506927
4373	1	-38.61287	-36.84135	-1.771524	0.04833219	0.5512997	0.3037425	14.34131	2.910429
4374	0	-37.09625	-36.6652	-0.4310496	0.005867872	0.1065905	0.14483	118.1258	2.365453
4375	1	-41.52607	-38.4624	-3.063669	0.08557531	0.7120883	0.6534237	8.09985	2.450139
4376	0	-37.32649	-36.80108	-0.5254122	0.01336519	0.2214626	0.1431676	51.86213	2.469263
4377	1	-38.9217	-37.68322	-1.238475	0.04734494	0.5451457	0.1807433	14.64036	2.605922
4378	0	-39.57974	-37.62954	-1.950196	0.04841007	0.5517796	0.3627641	14.31824	3.305288
4379	1	-38.85723	-36.91856	-1.938676	0.0592078	0.6111899	0.3078779	11.70703	2.933589
4380	0	-37.33414	-36.53033	-0.803809	0.01788697	0.2810136	0.1774231	38.75151	2.754373
4381	1	-38.09028	-37.71847	-0.3718082	0.01651654	0.2636624	0.1174362	41.96686	2.654543
4382	0	-39.04095	-38.30555	-0.7354009	0.0195986	0.301882	0.1617336	35.36717	3.638705
4383	1	-37.31112	-36.70604	-0.6050829	0.007652317	0.1359414	0.1680711	90.58004	3.046136
4384	0	-37.77954	-36.68831	-1.091235	0.02411879	0.3529996	0.216574	28.73888	2.375316
4385	1	-38.67553	-37.39698	-1.278551	0.0252637	0.3650891	0.2569998	27.43648	1.990032
4386	0	-41.47517	-39.92378	-1.551394	0.01223773	0.2055431	0.4058261	56.6402	3.603312
4387	1	-37.73624	-36.97215	-0.7640985	0.004805759	0.0884739	0.2051237	144.2326	3.015699
4388	0	-40.49236	-37.6761	-2.816262	0.082803	0.7036876	0.5305855	8.371039	3.01421
4389	1	-40.87455	-39.42553	-1.449016	0.02915647	0.4038202	0.2884583	23.77336	4.093159
4390	0	-38.80536	-37.21898	-1.586382	0.03269042	0.4360442	0.3148185	21.20338	2.988162
4391	1	-38.22747	-36.95304	-1.274426	0.04049562	0.4985852	0.2063931	17.1166	2.963606
4392	0	-41.64239	-39.26252	-2.379864	0.056348	0.5967402	0.4983429	12.30119	3.722712
4393	1	-37.92449	-36.92149	-1.003001	0.01948175	0.3004848	0.2117067	35.57931	3.18541
4394	0	-42.30945	-39.16124	-3.148218	0.08989472	0.724374	0.6689831	7.710655	2.107554
4395	1	-38.53365	-38.00558	-0.5280625	0.003214408	0.06038697	0.1656798	215.6376	1.48303
4396	0	-39.05787	-37.46277	-1.595106	0.051821	0.5720298	0.2423735	13.3758	3.223806
4397	1	-39.66937	-38.86116	-0.8082147	0.03276435	0.4366905	0.1444284	21.15553	3.33417
4398	0	-40.27149	-37.38972	-2.881767	0.09445291	0.7363683	0.480544	7.338548	2.840696
4399	1	-38.01398	-37.42927	-0.5847106	0.003157323	0.05935787	0.1754776	219.5363	3.528423
4400	0	-38.01965	-37.19976	-0.8198884	0.004441967	0.08215418	0.2180103	156.0451	2.176342
4401	1	-40.26788	-38.60471	-1.663178	0.05522903	0.5908489	0.2472523	12.55041	3.53965
4402	0	-37.1108	-36.71092	-0.399883	0.00804842	0.1422775	0.1361275	86.12214	2.587633
4403	1	-42.66789	-39.35968	-3.30821	0.09070459	0.7265751	0.7761226	7.641809	3.399356
4404	0	-38.78169	-37.6241	-1.157593	0.0230059	0.3409264	0.2351001	30.1291	3.533619
4405	1	-39.39485	-37.27342	-2.121431	0.05716033	0.6009319	0.3804599	12.12637	3.069617
4406	0	-41.5975	-38.34839	-3.249109	0.09321232	0.7331969	0.7061201	7.436219	2.841864
4407	1	-40.58307	-38.22127	-2.361793	0.05551357	0.5923601	0.4952214	12.48609	3.155232
4408	0	-40.74199	-38.38113	-2.360858	0.07957459	0.6933545	0.3521938	8.71066	3.441502
4409	1	-39.10932	-37.25119	-1.858128	0.06098988	0.6197741	0.2769899	11.36495	2.431761
4410	0	-37.98345	-37.24659	-0.7368632	0.01774741	0.2792731	0.1662617	39.05624	2.023861
4411	1	-38.0805	-37.71571	-0.3647939	0.004016437	0.07468651	0.139137	172.5776	3.551439
4412	0	-38.57413	-37.36008	-1.214052	0.0170015	0.2698694	0.2707751	40.76978	3.085424
4413	1	-38.02328	-36.90599	-1.117281	0.01792714	0.2815134	0.2426068	38.66467	2.915409
4414	0	-37.36055	-36.69953	-0.6610128	0.00393621	0.0732694	0.1873186	176.0951	2.482108
4415	1	-39.39197	-37.67087	-1.7211	0.04687579	0.5421747	0.2948097	14.78689	2.030483
4416	0	-37.82173	-36.69557	-1.126162	0.02836813	0.3962614	0.2112056	24.43401	2.392668
4417	1	-39.01504	-37.68292	-1.332126	0.01984733	0.3048426	0.2927041	34.92395	3.263567
4418	0	-44.68084	-39.96816	-4.712684	0.2003977	0.8726407	0.671323	3.458858	2.613769
4419	1	-39.48225	-38.8885	-0.593752	0.009706531	0.1681204	0.1614246	71.41039	1.323438
4420	0	-42.5419	-41.03566	-1.506236	0.009151609	0.1595921	0.4051919	75.74047	4.269951
4421	1	-40.45256	-39.1981	-1.254463	0.002632012	0.04981609	0.3453935	263.3526	2.536864
4422	0	-40.48954	-38.79145	-1.698091	0.02263987	0.3368845	0.4057267	30.61622	2.286164
4423	1	-40.93135	-39.55575	-1.3756	0.02652747	0.3780561	0.2781809	26.12941	1.220702
4424	0	-38.8801	-37.08415	-1.795944	0.04684038	0.5419493	0.31788	14.79807	2.370988
4425	1	-39.26785	-37.95491	-1.312949	0.03541204	0.4591252	0.2304692	19.57377	1.843026
4426	0	-38.79886	-37.82398	-0.9748805	0.01579201	0.2542496	0.2168493	43.89228	3.653922
4427	1	-39.19135	-37.99569	-1.195663	0.04583018	0.5354432	0.1769139	15.12425	3.076492
4428	0	-37.80448	-37.48312	-0.3213648	0.01306625	0.2172853	0.1172363	53.04866	2.677716
4429	1	-39.66754	-37.54468	-2.122859	0.05058743	0.5648763	0.418074	13.70197	2.898122
4430	0	-37.54012	-37.04922	-0.4909007	0.009768522	0.1690657	0.1455196	70.95722	3.184055
4431	1	-37.48221	-36.81404	-0.6681749	0.002649779	0.05014095	0.1921248	261.5868	2.871111
4432	0	-40.04473	-37.46165	-2.583073	0.09176905	0.7294211	0.3702346	7.55317	2.844085
4433	1	-37.97482	-37.21049	-0.7643342	0.01238224	0.2076087	0.1843476	55.97916	1.916344
4434	0	-42.49638	-38.64085	-3.855526	0.1417636	0.8205926	0.6522081	4.88946	3.307463
4435	1	-37.4101	-36.90673	-0.5033702	0.00707344	0.126566	0.1530633	97.99294	2.106731
4436	0	-41.49457	-38.57336	-2.921214	0.07789672	0.6877359	0.6315894	8.898284	2.38624
4437	1	-38.52149	-37.05863	-1.462862	0.02935552	0.4057067	0.291659	23.61216	2.925033
4438	0	-38.94516	-37.40063	-1.544533	0.0338281	0.4458685	0.2971022	20.49028	3.292973
4439	1	-39.17406	-38.35306	-0.8209954	0.033199	0.4404679	0.1453907	20.87856	2.236276
4440	0	-37.44704	-36.73239	-0.7146505	0.02009501	0.3077729	0.1573052	34.4935	2.647773
4441	1	-38.20815	-36.93421	-1.273947	0.03114466	0.4222749	0.2354258	22.25573	2.232655
4442	0	-38.62294	-37.43281	-1.190129	0.03385438	0.4460924	0.208367	20.47437	3.347839
4443	1	-37.67877	-36.57139	-1.107373	0.02843884	0.3969451	0.2070675	24.37326	2.799364
4444	0	-39.90737	-37.82835	-2.079026	0.04541677	0.5327391	0.4304652	15.26192	2.572336
4445	1	-38.71931	-36.8365	-1.88281	0.05264262	0.5766914	0.3194424	13.16703	2.714074
4446	0	-40.72497	-37.77638	-2.948587	0.09905789	0.7475716	0.481395	6.997395	3.178692
4447	1	-37.8238	-36.80447	-1.01933	0.01918478	0.2969162	0.2160965	36.13006	3.07173
4448	0	-39.77228	-37.24631	-2.525963	0.07697185	0.6845628	0.4309765	9.005204	2.65992
4449	1	-38.81975	-37.50828	-1.311478	0.04519451	0.5312751	0.2004285	15.33698	2.327134
4450	0	-41.92399	-38.1675	-3.756493	0.1386309	0.8166318	0.6174397	4.999945	2.675241
4451	1	-39.31551	-37.81122	-1.504292	0.05494317	0.5893217	0.211783	12.61571	2.388309
4452	0	-37.73425	-36.58353	-1.150724	0.0312735	0.4234416	0.2077537	22.16404	2.688769
4453	1	-39.34452	-38.14485	-1.199672	0.009398901	0.1634073	0.2971699	73.74768	3.180046
4454	0	-41.24377	-39.53895	-1.704816	0.01732361	0.2739515	0.4403203	40.0117	2.87205
4455	1	-38.09593	-37.43225	-0.6636813	0.01164552	0.1969997	0.1684396	59.52049	3.477184
4456	0	-39.07233	-37.1283	-1.944031	0.06604751	0.6425166	0.281024	10.49468	2.666343
4457	1	-39.45093	-39.50685	0.05591756	0.008717989	0.1528441	0.0854843	79.50769	2.823363
4458	0	-38.85716	-36.93133	-1.925827	0.05316934	0.5796374	0.3310117	13.0366	2.914516
4459	1	-38.04098	-37.30563	-0.735347	0.006182516	0.1118635	0.1954713	112.1141	3.416081
4460	0	-37.46647	-37.04692	-0.4195519	0.008819378	0.1544286	0.1373277	78.59366	2.178958
4461	1	-37.7166	-37.28016	-0.4364434	0.003197176	0.06007648	0.1512117	216.7998	1.841575
4462	0	-43.51719	-40.80766	-2.70953	0.04973515	0.5598227	0.7607985	13.93677	2.378496
4463	1	-38.86763	-37.48284	-1.384782	0.02289949	0.3397551	0.2955101	30.26911	3.151117
4464	0	-38.86351	-38.03553	-0.8279723	0.03484719	0.4544528	0.1430393	19.89105	2.82427
4465	1	-39.65473	-38.09007	-1.564664	0.05285129	0.5778624	0.2317092	13.11505	2.114176
4466	0	-40.60362	-39.02109	-1.582525	0.01782035	0.2801834	0.3869111	38.89639	2.023891
4467	1	-39.30029	-37.53173	-1.768563	0.04819317	0.5504411	0.30344	14.38268	2.101251
4468	0	-38.88378	-37.69082	-1.192956	0.01194878	0.2013905	0.2847376	58.00987	2.33718
4469	1	-39.13331	-37.72359	-1.409726	0.05274221	0.5772509	0.1987577	13.14217	2.987332
4470	0	-38.00916	-36.79136	-1.217797	0.02505621	0.3629226	0.2425606	27.66368	2.391776
4471	1	-37.61463	-36.92682	-0.687814	0.008562302	0.1504032	0.1802354	80.95337	3.220907
4472	0	-38.15095	-36.80328	-1.347667	0.04166855	0.5070668	0.2184277	16.63478	2.566615
4473	1	-38.2339	-36.83115	-1.402748	0.03041126	0.4155669	0.2705771	22.79245	2.87474
4474	0	-44.37696	-40.29162	-4.085336	0.1741055	0.8535109	0.5197298	3.981191	2.616872
4475	1	-38.7048	-36.85838	-1.846426	0.05433537	0.586044	0.3007504	12.75683	2.922866
4476	0	-41.93454	-39.6523	-2.282236	0.04419117	0.5245769	0.5366733	15.6852	3.602076
4477	1	-38.59742	-37.59287	-1.004549	0.03568744	0.4613815	0.1686502	19.42272	3.101151
4478	0	-39.15513	-37.77579	-1.37934	0.02670487	0.3798455	0.2785246	25.95583	3.513555
4479	1	-39.61426	-39.18512	-0.4291362	0.0179813	0.2821865	0.1218185	38.54822	3.504314
4480	0	-39.32072	-37.63055	-1.690172	0.03108666	0.4217487	0.3572516	22.29725	2.787217
4481	1	-38.93532	-37.25142	-1.683898	0.0395685	0.4917219	0.3149303	17.51765	2.260389
4482	0	-38.17605	-36.72006	-1.455989	0.03803585	0.4800576	0.2562345	18.22352	2.926643
4483	1	-38.06535	-37.27233	-0.793022	0.005684106	0.1034912	0.2085397	121.9448	3.310463
4484	0	-37.66091	-36.93599	-0.7249199	0.01439574	0.2356273	0.1722533	48.14947	2.112581
4485	1	-38.55744	-37.13011	-1.427332	0.04847496	0.5521789	0.2148568	14.29908	2.9335
4486	0	-38.70989	-36.95106	-1.758835	0.05615677	0.5957431	0.2685296	12.34307	2.567136
4487	1	-37.95341	-37.14959	-0.8038188	0.01732693	0.2739933	0.1788341	40.00405	2.01189
4488	0	-40.77022	-39.54945	-1.220769	0.02440858	0.3560909	0.2455185	28.39768	1.207649
4489	1	-37.63847	-36.80157	-0.8368949	0.01205808	0.2029648	0.199131	57.48404	2.234391
4490	0	-39.55213	-37.77789	-1.774242	0.03296364	0.4384271	0.3784167	21.02763	2.709694
4491	1	-39.42792	-38.95399	-0.4739289	0.02628536	0.375602	0.1132979	26.37009	2.81995
4492	0	-37.71781	-36.90321	-0.8146036	0.01595119	0.2563321	0.1843207	43.45426	2.127391
4493	1	-39.1484	-38.46745	-0.6809494	0.0006885003	0.01336246	0.2000615	1006.749	1.284964
4494	0	-39.02956	-38.30079	-0.728767	0.001862661	0.03560526	0.2064083	372.1273	1.380843
4495	1	-39.56474	-38.59647	-0.9682743	0.002534119	0.04802358	0.2597913	273.5259	1.525729
4496	0	-39.12784	-37.79971	-1.328132	0.01955565	0.3013689	0.292741	35.44485	1.991255
4497	1	-37.19656	-36.88518	-0.3113818	0.006427412	0.1159383	0.1274838	107.8424	2.43942
4498	0	-39.19548	-37.47971	-1.715767	0.04077607	0.5006334	0.3196294	16.99887	2.127053
4499	1	-37.25838	-36.94772	-0.3106609	0.003333016	0.06252035	0.1330839	207.964	3.103207
4500	0	-39.02507	-37.54154	-1.483531	0.02776563	0.3903892	0.3045127	24.96422	3.25833
4501	1	-38.10746	-37.20275	-0.9047036	0.02581226	0.3707655	0.1754719	26.85341	3.211805
4502	0	-39.79303	-38.47921	-1.313818	0.02140596	0.3229931	0.2811356	32.38103	1.549136
4503	1	-37.37358	-36.69724	-0.6763334	0.01408607	0.2314091	0.1648035	49.20799	2.991989
4504	0	-40.38884	-38.98716	-1.401682	0.02491905	0.3614845	0.2920938	27.81596	1.392708
4505	1	-38.73021	-37.66868	-1.061524	0.01973957	0.3035621	0.2236501	35.1146	1.769676
4506	0	-37.59655	-37.25942	-0.3371275	0.002473977	0.04692007	0.1383216	280.1753	1.907562
4507	1	-38.71429	-37.51781	-1.196476	0.01975927	0.3037964	0.2558921	35.07959	1.937107
4508	0	-38.85657	-37.23368	-1.622892	0.03627803	0.4661725	0.3103891	19.10653	2.280388
4509	1	-38.1036	-37.29292	-0.8106879	0.001450994	0.02788398	0.225336	477.7052	2.406986
4510	0	-37.46339	-36.61147	-0.8519187	0.01391203	0.2290241	0.19692	49.82358	2.444121
4511	1	-37.70415	-36.96967	-0.7344758	0.007338588	0.1308775	0.1921376	94.45239	3.201673
4512	0	-37.57161	-36.94443	-0.6271851	0.004390843	0.08126132	0.1799288	157.862	2.067763
4513	1	-37.99017	-37.15239	-0.8377789	0.006773374	0.1216514	0.2147553	102.3341	3.174674
4514	0	-37.3316	-36.75903	-0.572576	0.001142596	0.02204528	0.1783659	606.6425	2.31847
4515	1	-38.18682	-37.37466	-0.8121581	0.003524456	0.06594999	0.2191536	196.6679	3.237177
4516	0	-37.21389	-37.08764	-0.1262522	0.001622058	0.03110252	0.1133795	427.3257	2.412811
4517	1	-42.3715	-40.06039	-2.311106	0.06364007	0.6319789	0.4196924	10.89168	1.535936
4518	0	-38.30849	-37.24543	-1.063066	0.01091732	0.1863188	0.2537242	63.49057	2.492991
4519	1	-37.89367	-37.10077	-0.7929026	0.007592366	0.1349769	0.2029691	91.29528	3.247774
4520	0	-38.88156	-38.00757	-0.8739908	0.01234456	0.2070709	0.205822	56.15002	3.749117
4521	1	-39.95585	-38.72521	-1.230638	0.02224295	0.3324609	0.2556563	31.16256	3.934038
4522	0	-38.72214	-37.45989	-1.262249	0.04371847	0.5213697	0.1948208	15.85479	3.094948
4523	1	-37.78732	-36.99437	-0.7929456	0.004257808	0.07893239	0.2127677	162.7944	2.421531
4524	0	-37.02555	-36.61717	-0.4083796	0.002841512	0.053637	0.1477677	243.9361	2.362089
4525	1	-37.3088	-36.69458	-0.6142173	0.01071974	0.1833869	0.1624208	64.66082	3.013929
4526	0	-39.37093	-37.29089	-2.080036	0.05551252	0.5923545	0.3736288	12.48632	3.099597
4527	1	-37.16605	-36.50334	-0.6627098	0.01015247	0.1748877	0.1718628	68.27372	2.687883
4528	0	-38.18758	-37.41786	-0.7697279	0.02181296	0.327621	0.1622272	31.77684	3.290759
4529	1	-37.53277	-36.87541	-0.6573616	0.004379065	0.08105545	0.185472	158.2866	3.10869
4530	0	-39.56719	-39.37647	-0.190726	0.0164522	0.2628333	0.098074	42.13098	2.316462
4531	1	-37.68347	-36.59526	-1.08821	0.02221977	0.3322013	0.2217904	31.19507	2.745555
4532	0	-40.28126	-38.60216	-1.679092	0.02295127	0.3403254	0.3963436	30.20083	2.378506
4533	1	-38.93077	-37.70563	-1.225139	0.02294838	0.3402936	0.2517331	30.20462	3.540351
4534	0	-37.29896	-36.51706	-0.7818933	0.01301673	0.2165902	0.1859391	53.2505	2.671877
4535	1	-37.70681	-37.30437	-0.4024459	0.013146	0.2184027	0.1269948	52.72687	2.970295
4536	0	-39.91495	-37.51844	-2.396509	0.07758975	0.6866888	0.3753547	8.933489	2.408215
4537	1	-38.20186	-37.36526	-0.836593	0.001780521	0.03407122	0.2301756	389.2946	2.368591
4538	0	-38.13752	-37.8068	-0.3307255	0.008807611	0.1542449	0.1256763	78.69866	3.354766
4539	1	-37.38656	-37.01106	-0.3755046	0.009542349	0.1656096	0.1300748	72.63905	2.935333
4540	0	-39.52479	-37.72918	-1.795601	0.04521102	0.5313841	0.3251699	15.33138	2.023133
4541	1	-37.23161	-36.5078	-0.7238179	0.0143627	0.2351789	0.1721439	48.26022	2.632263
4542	0	-37.6882	-36.88574	-0.8024553	0.01786406	0.2807283	0.1772405	38.8012	2.177053
4543	1	-38.45131	-38.00324	-0.4480722	0.01861907	0.2900463	0.1230338	37.22782	3.087495
4544	0	-37.19298	-36.61953	-0.5734433	0.004340863	0.08038729	0.1706347	159.6796	2.892709
4545	1	-42.16379	-41.12652	-1.03727	0.005738777	0.1044148	0.266029	120.7831	4.805516
4546	0	-39.88211	-38.45464	-1.427468	0.01745037	0.275549	0.3330737	39.72106	1.912233
4547	1	-41.76726	-38.77249	-2.994775	0.09794882	0.7449524	0.5121118	7.076626	3.527799
4548	0	-38.11117	-36.73578	-1.375385	0.0369007	0.4711546	0.2402124	18.78412	2.975162
4549	1	-37.93482	-36.96866	-0.9661612	0.03028107	0.4143641	0.1751792	22.89044	2.434853
4550	0	-38.17496	-37.48586	-0.6890967	0.01742239	0.2751968	0.1592361	39.78485	3.37693
4551	1	-37.55828	-37.0919	-0.466375	0.01494306	0.243004	0.1319852	46.38588	2.795041
4552	0	-39.01079	-37.95723	-1.053561	0.00406219	0.07549336	0.2768788	170.6339	2.80499
4553	1	-40.39297	-38.46709	-1.925883	0.05166924	0.5711599	0.3381199	13.41508	1.81623
4554	0	-38.927	-38.71381	-0.2131924	0.008372319	0.1474115	0.1124294	82.79034	3.483834
4555	1	-39.13333	-37.47554	-1.657795	0.04313513	0.5173654	0.291741	16.06921	2.078747
4556	0	-37.14551	-36.9477	-0.1978124	0.002306502	0.04383809	0.1206184	300.5188	2.365427
4557	1	-42.8106	-38.34011	-4.470489	0.1690548	0.8491704	0.8204132	4.100133	2.98957
4558	0	-39.48456	-38.29902	-1.185541	0.02960119	0.4080229	0.2202568	23.4162	3.718317
4559	1	-40.6526	-37.70454	-2.948055	0.08991758	0.7244366	0.5474509	7.708695	2.602774
4560	0	-39.43934	-37.83961	-1.599733	0.02784039	0.3911223	0.3416746	24.89718	3.188785
4561	1	-40.09749	-39.59596	-0.5015294	0.01923545	0.2975269	0.1286646	36.03489	1.670545
4562	0	-42.96272	-41.4009	-1.561824	0.02186618	0.3282227	0.3579316	31.69952	4.660648
4563	1	-37.2704	-36.72144	-0.5489656	0.01115568	0.1898364	0.1512268	62.13402	2.953104
4564	0	-37.20844	-36.63507	-0.5733641	0.01292101	0.2152444	0.1511454	53.64495	2.754386
4565	1	-37.58667	-36.89466	-0.6920102	0.001576258	0.0302422	0.1997657	439.7421	2.541576
4566	0	-37.51028	-36.83505	-0.6752284	0.001937157	0.03699373	0.1954423	357.8166	2.510895
4567	1	-38.58747	-38.63825	0.05078276	0.000887517	0.01718053	0.0959744	780.9959	3.330772
4568	0	-38.64643	-37.8984	-0.7480385	0.001801774	0.03446846	0.2106057	384.7025	1.608447
4569	1	-37.41257	-36.60479	-0.8077789	0.01485481	0.2418213	0.1859244	46.66147	2.929289
4570	0	-37.24183	-36.57682	-0.6650144	0.009855998	0.1703971	0.1729823	70.32745	2.88829
4571	1	-38.20352	-36.95326	-1.250265	0.02141727	0.3231224	0.2637823	32.36393	2.613436
4572	0	-37.20053	-36.50484	-0.6956907	0.01312241	0.2180724	0.1703276	52.82162	2.636454
4573	1	-38.12948	-36.77267	-1.356809	0.03845951	0.4833223	0.2306561	18.02278	2.443278
4574	0	-38.14465	-37.1029	-1.041758	0.0225827	0.3362499	0.2106407	30.69373	3.299528
4575	1	-39.84885	-38.2092	-1.63965	0.02951818	0.4072418	0.3472604	23.48204	3.469803
4576	0	-37.7297	-36.8601	-0.8696034	0.01256011	0.2101409	0.204298	55.18642	3.106694
4577	1	-38.27227	-37.40022	-0.8720503	0.01203318	0.2026065	0.2063286	57.603	3.468509
4578	0	-36.95351	-36.52528	-0.428238	0.001451867	0.02790044	0.1537196	477.4179	2.602024
4579	1	-38.25916	-37.35987	-0.8992879	0.007197775	0.1285914	0.2270143	96.3002	3.254181
4580	0	-37.38478	-36.72984	-0.6549454	0.003788062	0.07064485	0.1865756	182.982	2.396607
4581	1	-38.06193	-36.74405	-1.317882	0.03309224	0.4395435	0.2393244	20.94592	2.9999
4582	0	-38.91787	-37.73794	-1.179924	0.01117298	0.190091	0.2841478	62.0378	2.998202
4583	1	-37.45188	-36.51561	-0.9362657	0.02003919	0.3071141	0.1964861	34.58958	2.707758
4584	0	-37.55889	-36.78236	-0.7765269	0.0212959	0.3217338	0.1645313	32.54838	2.426816
4585	1	-38.85417	-37.29003	-1.56414	0.03192254	0.4292659	0.3112515	21.71341	2.311528
4586	0	-38.98258	-37.19965	-1.782933	0.05909413	0.6106317	0.2638987	11.72954	2.470054
4587	1	-38.19144	-37.03796	-1.153481	0.03725775	0.4739797	0.1914404	18.60411	2.438993
4588	0	-38.05516	-36.68376	-1.3714	0.0407839	0.5006904	0.2264862	16.99561	2.707382
4589	1	-38.89773	-36.9048	-1.992924	0.05609091	0.5953988	0.3396719	12.35757	2.726696
4590	0	-39.80923	-37.26471	-2.544519	0.08465266	0.7093391	0.3939051	8.188132	2.683869
4591	1	-37.89856	-36.94691	-0.9516474	0.01499741	0.2437311	0.2142608	46.21778	2.159391
4592	0	-37.22821	-36.63928	-0.5889336	0.0121031	0.2036121	0.155301	57.2702	2.431799
4593	1	-37.82066	-36.97425	-0.8464066	0.02666576	0.3794516	0.1635511	25.9939	2.461802
4594	0	-38.4038	-37.69478	-0.7090165	0.01471924	0.2399995	0.1687625	47.09123	1.768851
4595	1	-37.37791	-36.99987	-0.3780375	0.005909668	0.1072934	0.1372712	117.2904	3.140597
4596	0	-38.03142	-37.09567	-0.9357489	0.009671088	0.1675792	0.2273602	71.6721	2.238485
4597	1	-38.54255	-38.11368	-0.4288707	0.01974177	0.3035883	0.1187949	35.11069	2.374987
4598	0	-39.98788	-38.59718	-1.3907	0.05167128	0.5711715	0.1979844	13.41456	3.344604
4599	1	-37.04552	-36.81048	-0.2350457	0.00318544	0.05986493	0.1236493	217.5986	2.556561
4600	0	-37.64893	-36.7642	-0.8847386	0.02098559	0.3181652	0.1841399	33.02967	2.288863
4601	1	-39.73529	-37.29375	-2.441546	0.07028624	0.6598933	0.4353187	9.861777	2.932369
4602	0	-38.01331	-37.06862	-0.9446924	0.02808808	0.3935423	0.176853	24.67763	3.10366
4603	1	-40.30084	-38.19932	-2.101521	0.04499056	0.5299255	0.4429168	15.4065	3.200852
4604	0	-37.1633	-36.54591	-0.6173969	0.008796105	0.1540652	0.1674264	78.80161	2.832191
4605	1	-38.63186	-36.84272	-1.789139	0.05616545	0.5957884	0.2767578	12.34117	2.804653
4606	0	-38.82924	-37.27758	-1.551667	0.0495987	0.559005	0.2394711	13.97511	2.312696
4607	1	-39.25102	-37.37838	-1.872643	0.05558348	0.59273	0.3033441	12.47038	3.265001
4608	0	-37.87936	-37.10653	-0.7728339	0.00777699	0.1379426	0.1984182	89.12794	3.281895
4609	1	-37.63207	-36.73173	-0.9003435	0.02359762	0.3473857	0.1802605	29.37361	2.388484
4610	0	-39.64088	-38.36677	-1.274108	0.03804034	0.4800924	0.2136092	18.22137	1.816949
4611	1	-37.57251	-36.66476	-0.9077488	0.01511341	0.2452795	0.2047228	45.86305	2.917607
4612	0	-42.03942	-39.61052	-2.428898	0.07966729	0.6936599	0.376498	8.700524	1.859894
4613	1	-42.7359	-42.06354	-0.672363	0.03735141	0.474717	0.1181713	18.55746	1.945248
4614	0	-38.95699	-39.17307	0.2160714	0.001653093	0.0316849	0.08047755	419.3032	2.560373
4615	1	-37.36005	-36.62495	-0.7350925	0.01209034	0.2034287	0.1797748	57.33064	2.95643
4616	0	-37.82377	-37.06707	-0.7567039	0.001584436	0.03039589	0.2130919	437.4725	2.622896
4617	1	-37.00119	-36.77015	-0.2310419	0.002543911	0.04820308	0.1242764	272.4731	2.625392
4618	0	-38.03835	-37.35867	-0.679683	0.01586786	0.255243	0.1612464	43.68245	3.359661
4619	1	-37.61141	-36.62389	-0.9875169	0.02173624	0.3267521	0.2019198	31.88901	2.411808
4620	0	-37.27487	-36.612	-0.6628753	0.009476328	0.164597	0.1735409	73.14512	2.358196
4621	1	-42.17603	-38.24248	-3.933556	0.1479565	0.8279578	0.6460724	4.684804	2.72549
4622	0	-40.15941	-37.94158	-2.21783	0.06842245	0.6524304	0.3573409	10.13041	2.147902
4623	1	-38.79273	-36.9541	-1.838633	0.04769057	0.5473151	0.3277835	14.53426	2.904227
4624	0	-41.99704	-40.26628	-1.730766	0.02457032	0.3578069	0.4079256	28.21075	4.140608
4625	1	-39.03824	-37.58378	-1.454464	0.02616867	0.3744141	0.3025372	26.48767	2.100812
4626	0	-39.66465	-37.22387	-2.440776	0.08084229	0.6974853	0.3747248	8.574067	2.659592
4627	1	-38.75084	-37.24751	-1.503326	0.02761731	0.3889308	0.3112521	25.09829	2.689878
4628	0	-38.57453	-37.67831	-0.8962227	0.01977338	0.3039642	0.1894838	35.05456	3.551634
4629	1	-41.84671	-38.45004	-3.396671	0.1061194	0.763168	0.6819939	6.531768	3.289308
4630	0	-39.55214	-37.16428	-2.387859	0.07769413	0.6870455	0.3715734	8.921487	2.941361
4631	1	-39.61792	-38.58557	-1.032348	0.01012592	0.1744869	0.2488151	68.45274	3.90143
4632	0	-41.21554	-38.71118	-2.504363	0.055393	0.5917209	0.5720794	12.51326	2.895546
4633	1	-38.42905	-37.74228	-0.6867631	0.005685882	0.1035212	0.1875124	121.9067	1.610984
4634	0	-38.2598	-37.4444	-0.8153947	0.01772432	0.2789847	0.1799035	39.10711	1.878244
4635	1	-40.37195	-39.52154	-0.8504106	0.000913671	0.01768081	0.2362535	758.6398	0.9436157
4636	0	-37.50371	-37.06883	-0.4348819	0.01383365	0.2279466	0.1299134	50.10588	2.713004
4637	1	-37.87503	-37.5954	-0.2796264	0.0114603	0.1943015	0.1150237	60.48245	2.406794
4638	0	-37.16611	-36.54777	-0.6183411	0.01233289	0.2069042	0.1594176	56.20314	2.726543
4639	1	-37.47821	-37.11703	-0.361186	0.009652089	0.167289	0.128027	71.81317	2.981647
4640	0	-41.01949	-38.90292	-2.116575	0.06960402	0.657193	0.3175844	9.958436	1.956372
4641	1	-37.58169	-36.89046	-0.6912394	0.02085971	0.3167099	0.1520143	33.22899	2.823174
4642	0	-37.4087	-36.76126	-0.6474335	0.01563289	0.2521599	0.1566483	44.33902	2.956154
4643	1	-38.25266	-36.75944	-1.49322	0.03503823	0.4560399	0.2774577	19.7826	2.715996
4644	0	-39.63925	-37.93055	-1.708707	0.03012458	0.4129135	0.3689149	23.00935	3.056062
4645	1	-37.84479	-36.85762	-0.9871666	0.02251117	0.3354548	0.1996515	30.79125	2.207039
4646	0	-38.73808	-37.16668	-1.571394	0.0531501	0.5795304	0.2322914	13.04131	2.515142
4647	1	-39.08604	-37.34351	-1.742534	0.05114754	0.5681477	0.2835591	13.55192	2.21373
4648	0	-39.16827	-38.24248	-0.9257943	0.006481168	0.1168293	0.2354838	106.9479	1.518165
4649	1	-39.16509	-37.62503	-1.540064	0.02622065	0.3749437	0.3293333	26.43516	3.022011
4650	0	-38.22231	-37.05083	-1.171475	0.03750065	0.4758885	0.1942487	18.48361	2.408511
4651	1	-40.98747	-39.21524	-1.772233	0.02249011	0.3352204	0.4378765	30.82009	2.289433
4652	0	-38.14273	-36.69898	-1.44375	0.04320942	0.5178782	0.2352788	16.04158	2.739041
4653	1	-41.15112	-38.77709	-2.374027	0.07031359	0.6600008	0.4067393	9.85794	1.912177
4654	0	-37.72833	-37.32691	-0.4014202	0.007369537	0.1313788	0.1376506	94.05573	1.977743
4655	1	-41.58986	-37.91066	-3.679195	0.1317265	0.8072844	0.6300612	5.262019	2.8097
4656	0	-37.67194	-37.60383	-0.06810947	0.003953536	0.07357569	0.1035094	175.3233	2.82254
4657	1	-41.15988	-39.12976	-2.030117	0.04475873	0.528384	0.4137464	15.4863	1.649657
4658	0	-37.30379	-36.71257	-0.5912136	0.00601043	0.1089848	0.1696455	115.3241	2.237405
4659	1	-37.07814	-36.5592	-0.518935	0.002962516	0.05583449	0.1647596	233.9725	2.769752
4660	0	-39.42279	-37.522	-1.900793	0.04381708	0.5220415	0.3684225	15.81911	3.142847
4661	1	-37.54046	-36.71992	-0.8205459	0.01211708	0.2038128	0.1957387	57.20416	2.302696
4662	0	-40.62494	-39.15325	-1.471689	0.05256476	0.5762531	0.2119936	13.18654	1.942549
4663	1	-39.04272	-37.28948	-1.753239	0.037458	0.4755541	0.3477574	18.50465	2.780094
4664	0	-37.9107	-36.7974	-1.113298	0.01911414	0.2960636	0.2376245	36.26357	2.851634
4665	1	-38.8978	-37.36355	-1.534243	0.05083886	0.5663497	0.2312479	13.6342	3.146198
4666	0	-38.59974	-37.17933	-1.420415	0.03752465	0.4760766	0.2490716	18.47178	3.27154
4667	1	-37.62889	-37.31495	-0.3139386	0.003355635	0.06292645	0.1334782	206.5622	1.934858
4668	0	-40.72211	-37.88161	-2.840495	0.08060769	0.6967281	0.5607218	8.59902	3.029826
4669	1	-40.09398	-38.62075	-1.473227	0.02593893	0.3720658	0.3092693	26.72227	3.796077
4670	0	-39.87075	-37.44495	-2.425798	0.07218258	0.6672143	0.4171903	9.602693	3.149351
4671	1	-39.00855	-37.75131	-1.257238	0.03566881	0.4612293	0.2171914	19.43287	3.468752
4672	0	-38.2039	-36.76544	-1.438462	0.04417615	0.5244756	0.2308637	15.69053	2.833438
4673	1	-39.2908	-38.60664	-0.6841527	0.02690161	0.3818211	0.1385927	25.76601	3.340143
4674	0	-37.69811	-36.57437	-1.123734	0.02641879	0.3769563	0.2165759	26.2369	2.549622
4675	1	-40.24682	-38.05845	-2.188371	0.05812455	0.6058167	0.4012964	11.9252	3.457881
4676	0	-38.10976	-37.02955	-1.080202	0.01389802	0.2288316	0.2474674	49.87382	2.570588
4677	1	-38.53452	-37.44019	-1.094324	0.0383997	0.4828633	0.1775563	18.05085	3.048661
4678	0	-38.81101	-37.9575	-0.8535057	0.03553084	0.4601003	0.1453283	19.50833	2.663471
4679	1	-39.86583	-38.10977	-1.756067	0.04137754	0.5049832	0.329958	16.75177	3.581615
4680	0	-37.86584	-36.87609	-0.9897509	0.03048646	0.4162601	0.1788411	22.73623	2.906821
4681	1	-40.91783	-38.19468	-2.723151	0.07893105	0.6912202	0.5105892	8.78168	2.231221
4682	0	-39.59145	-37.23043	-2.361019	0.0720271	0.6666241	0.3918815	9.623422	2.532831
4683	1	-37.45211	-36.65484	-0.7972658	0.01707206	0.2707664	0.1783068	40.60127	2.352997
4684	0	-39.02168	-37.65218	-1.369506	0.045757	0.5349663	0.2107221	15.14844	3.251612
4685	1	-39.30945	-38.24663	-1.06282	0.0130672	0.2172985	0.2460742	53.04483	1.540244
4686	0	-38.73578	-37.15493	-1.580847	0.03209053	0.430759	0.315745	21.59974	2.798933
4687	1	-39.4975	-37.73483	-1.762663	0.04894627	0.5550619	0.2984628	14.16139	3.448397
4688	0	-41.38936	-38.03965	-3.34971	0.1163364	0.7828333	0.5632562	5.958131	3.197365
4689	1	-37.47205	-36.75573	-0.716325	0.005323903	0.09737362	0.1941285	130.1953	2.86577
4690	0	-39.07662	-37.06781	-2.008806	0.05502958	0.5897844	0.3503229	12.5959	2.996359
4691	1	-40.37265	-38.77456	-1.598093	0.06107357	0.6201696	0.2133137	11.34938	3.305149
4692	0	-37.24381	-36.51311	-0.7307037	0.01451513	0.237245	0.1729605	47.75343	2.729837
4693	1	-40.97716	-38.35106	-2.626097	0.06695992	0.6463803	0.5487357	10.35167	3.226737
4694	0	-41.30273	-38.36274	-2.939986	0.07823714	0.6888901	0.6404706	8.859566	2.897094
4695	1	-39.68112	-39.9961	0.3149779	0.0007225689	0.01401746	0.07386333	959.2818	2.823907
4696	0	-37.35766	-36.5781	-0.7795601	0.01896721	0.2942853	0.1705501	36.5445	2.581307
4697	1	-37.48662	-36.61213	-0.8744847	0.01732374	0.2739531	0.1919375	40.01141	2.935163
4698	0	-39.81214	-38.69213	-1.120014	0.004933907	0.09068603	0.292282	140.4865	3.557276
4699	1	-39.11736	-37.63789	-1.479465	0.03571176	0.4615801	0.2710759	19.40949	1.937817
4700	0	-37.34461	-36.69954	-0.6450762	0.005506812	0.1004872	0.1803119	125.8709	2.964839
4701	1	-40.23182	-38.88654	-1.345281	0.05408835	0.5846999	0.1828426	12.81509	2.271022
4702	0	-39.79512	-38.39991	-1.395218	0.01584259	0.2549123	0.329912	43.75213	3.336455
4703	1	-38.52565	-37.51953	-1.006123	0.03495915	0.4553838	0.1706626	19.82735	3.111335
4704	0	-40.41545	-38.55038	-1.86507	0.04383906	0.522191	0.3553835	15.81118	1.746364
4705	1	-37.62054	-36.71504	-0.9055085	0.01303583	0.2168583	0.2103483	53.17248	2.871787
4706	0	-40.47881	-39.12785	-1.350959	0.0403351	0.4974071	0.223315	17.18471	3.792726
4707	1	-37.8662	-37.28351	-0.5826922	0.019328	0.2986405	0.1393606	35.86233	2.995639
4708	0	-38.5303	-36.83496	-1.695334	0.05370886	0.5826213	0.2608745	12.90564	2.756254
4709	1	-38.22004	-36.66906	-1.550976	0.04343147	0.5194061	0.2610888	15.95956	2.724887
4710	0	-40.85195	-38.32633	-2.525622	0.09795549	0.7449683	0.3203121	7.076144	2.667867
4711	1	-38.24491	-37.23117	-1.013742	0.01263464	0.2111986	0.2357248	54.86087	3.203761
4712	0	-37.67283	-36.7413	-0.9315359	0.01945396	0.300152	0.1971823	35.63013	2.273273
4713	1	-37.13725	-36.61567	-0.5215816	0.005910054	0.1072999	0.1584592	117.2827	2.934133
4714	0	-41.64316	-38.16992	-3.473235	0.129891	0.8046454	0.5262546	5.336375	3.096339
4715	1	-37.12443	-36.54243	-0.5819975	0.006261997	0.1131888	0.167493	110.6911	2.488277
4716	0	-37.19093	-36.74005	-0.450885	0.0006625582	0.01286331	0.1590036	1046.168	2.202686
4717	1	-39.18732	-38.37233	-0.8149924	0.03272137	0.4363149	0.145499	21.18332	3.19172
4718	0	-38.45692	-37.47353	-0.9833836	0.006341736	0.1145156	0.2499351	109.2993	2.974472
4719	1	-38.38028	-36.94777	-1.432507	0.04458131	0.527199	0.2281832	15.54793	2.445186
4720	0	-39.43941	-38.75579	-0.6836157	0.005568109	0.1015273	0.1872344	124.4852	4.064462
4721	1	-36.97692	-36.52655	-0.4503716	0.00428416	0.07939434	0.1509962	161.793	2.708298
4722	0	-39.08541	-37.08577	-1.999646	0.05622833	0.5961167	0.3412998	12.32737	3.054307
4723	1	-37.71548	-37.63334	-0.08214093	0.001931697	0.03689204	0.1080134	358.8282	2.128313
4724	0	-39.15828	-38.0682	-1.09008	0.04452067	0.5267929	0.1621591	15.56911	2.613365
4725	1	-38.17221	-37.14792	-1.024291	0.02556371	0.3682027	0.1984579	27.1145	3.28904
4726	0	-38.09671	-36.68121	-1.415503	0.03389053	0.4464001	0.2609069	20.45254	2.649452
4727	1	-38.58712	-37.40627	-1.180855	0.04304297	0.5167281	0.1813135	16.10361	2.882617
4728	0	-38.94391	-37.86975	-1.074158	0.005635102	0.1026622	0.2764299	123.0053	2.859695
4729	1	-39.52984	-38.42847	-1.101371	0.02489713	0.3612543	0.2163881	27.84044	1.563325
4730	0	-39.37596	-38.06419	-1.311769	0.01913857	0.2963586	0.2896917	36.21729	3.538219
4731	1	-39.93335	-37.33583	-2.597517	0.07709979	0.685005	0.4621087	8.99026	2.88169
4732	0	-38.80188	-37.90722	-0.8946609	0.03441984	0.4508775	0.1538295	20.13801	3.074188
4733	1	-40.35027	-39.16091	-1.189357	0.05368355	0.5824821	0.1573417	12.91172	2.772601
4734	0	-39.08744	-37.11973	-1.967706	0.05256598	0.57626	0.3481229	13.18623	3.039166
4735	1	-37.85873	-37.26126	-0.597471	0.004947332	0.09091735	0.1732934	140.1053	1.838342
4736	0	-44.08618	-41.45191	-2.634268	0.04549797	0.5332721	0.7491664	15.23468	3.616052
4737	1	-40.47696	-37.97295	-2.504009	0.07672579	0.6837093	0.423086	9.034083	3.380509
4738	0	-42.38766	-39.11922	-3.268433	0.08629299	0.7141956	0.7938169	8.032486	2.968648
4739	1	-39.02445	-37.65427	-1.370182	0.02337309	0.3449456	0.2892852	29.65578	2.002397
4740	0	-37.15871	-36.5778	-0.5809185	0.004117617	0.07646954	0.1724581	168.337	2.764595
4741	1	-37.31736	-37.11902	-0.1983449	0.001201309	0.02316047	0.1225815	576.9934	3.129086
4742	0	-37.55836	-37.50323	-0.05512572	0.001993142	0.0380354	0.1050432	347.7661	2.328226
4743	1	-39.27007	-38.49872	-0.7713513	0.01212594	0.2039401	0.1863191	57.16235	3.908725
4744	0	-37.78783	-36.81314	-0.974683	0.02384627	0.3500729	0.1934908	29.06732	3.094669
4745	1	-37.52326	-37.08762	-0.4356381	0.005423929	0.0990781	0.1464114	127.7943	3.276795
4746	0	-38.85157	-36.88225	-1.969315	0.05586281	0.5942026	0.3328173	12.40802	2.708087
4747	1	-39.62368	-37.95844	-1.665232	0.05178174	0.571805	0.2601245	13.38594	3.450203
4748	0	-39.31932	-38.27676	-1.042555	0.03186001	0.4287085	0.1849155	21.75602	1.84458
4749	1	-40.17786	-38.59357	-1.584291	0.02185217	0.3280644	0.3661368	31.71983	3.37039
4750	0	-37.8841	-37.07556	-0.8085382	0.005111258	0.09373552	0.2135215	135.6119	3.038934
4751	1	-37.68083	-36.89322	-0.7876048	0.004869378	0.08957303	0.2098139	142.3482	2.644167
4752	0	-43.51317	-41.27211	-2.241055	0.02820246	0.394655	0.6455263	24.57754	2.276565
4753	1	-38.46883	-37.593	-0.8758239	0.002884687	0.05442188	0.2356802	240.285	3.20454
4754	0	-41.91133	-38.09197	-3.819361	0.1333788	0.8096029	0.7081405	5.196832	2.700491
4755	1	-37.70157	-36.91619	-0.7853748	0.004477726	0.08277801	0.2105079	154.7989	2.630944
4756	0	-38.30955	-36.82541	-1.484142	0.04219135	0.5107765	0.2485253	16.42866	2.429104
4757	1	-39.59815	-37.31254	-2.285609	0.06243746	0.6265215	0.4161365	11.10146	2.972417
4758	0	-37.45872	-36.88769	-0.5710329	0.008861186	0.1550807	0.1596941	78.22285	2.115841
4759	1	-38.13609	-37.00957	-1.126523	0.0377855	0.4781137	0.1849644	18.34426	2.61352
4760	0	-37.43967	-36.88311	-0.5565621	0.0023591	0.04480748	0.1725417	293.8184	3.16337
4761	1	-43.4997	-41.10753	-2.392169	0.05064867	0.5652359	0.5468106	13.6854	1.247061
4762	0	-38.40117	-37.35467	-1.046496	0.00950541	0.1650433	0.254582	72.92133	2.393059
4763	1	-38.99856	-37.34012	-1.658442	0.04003392	0.4951851	0.3050027	17.314	2.161977
4764	0	-39.29843	-37.57729	-1.721139	0.04096968	0.5020399	0.3204734	16.91854	2.076477
4765	1	-41.24702	-37.77867	-3.468351	0.1174137	0.7847317	0.624628	5.90346	2.873223
4766	0	-38.39515	-38.47646	0.08131029	0.001965567	0.03752252	0.09168193	352.6448	3.050995
4767	1	-40.68857	-38.02785	-2.660727	0.06895929	0.6546079	0.5522516	10.05154	2.883335
4768	0	-38.78091	-37.515	-1.265911	0.01926003	0.297823	0.2762327	35.98889	3.25709
4769	1	-37.9271	-37.16189	-0.7652147	0.02211817	0.3310616	0.1608019	31.33837	2.206105
4770	0	-37.15768	-36.71015	-0.4475322	0.007223679	0.1290125	0.1444439	95.95487	2.9416
4771	1	-41.36371	-38.06852	-3.295192	0.1001161	0.7500258	0.6707149	6.923432	2.968102
4772	0	-41.20178	-39.88295	-1.318828	0.04764321	0.5470188	0.1950424	14.54871	1.78483
4773	1	-38.76395	-36.85857	-1.905377	0.05905634	0.6104458	0.2984323	11.73705	2.705909
4774	0	-39.37962	-37.07517	-2.30445	0.07454319	0.6759627	0.3573971	9.298598	2.856908
4775	1	-39.18205	-37.20694	-1.975113	0.05056725	0.5647577	0.3607541	13.70743	2.454129
4776	0	-41.33411	-37.84141	-3.4927	0.1222796	0.7929332	0.5975088	5.668542	2.726821
4777	1	-38.68719	-37.12052	-1.566669	0.03656246	0.4684571	0.292243	18.95789	2.269778
4778	0	-39.6565	-37.47419	-2.182303	0.07046485	0.6605944	0.3350606	9.836779	3.203565
4779	1	-41.33364	-38.58924	-2.744399	0.08101255	0.6980327	0.5064422	8.556047	2.084921
4780	0	-37.99494	-37.10308	-0.8918623	0.02302205	0.341104	0.1801973	30.10797	2.123495
4781	1	-39.24005	-38.29573	-0.9443151	0.03547633	0.4596532	0.1592659	19.5383	2.138322
4782	0	-38.10963	-36.94706	-1.162568	0.02855955	0.3981097	0.2184452	24.27024	3.183762
4783	1	-39.32629	-37.84907	-1.477222	0.04482166	0.5288032	0.2378092	15.46456	2.012179
4784	0	-38.34749	-37.4817	-0.8657968	0.03056835	0.4170134	0.1578093	22.67533	2.339517
4785	1	-39.06078	-37.00456	-2.056215	0.06038097	0.6168761	0.3405865	11.47956	2.977696
4786	0	-38.8226	-38.13859	-0.6840184	0.01327347	0.2201842	0.1679922	52.22051	3.722169
4787	1	-40.67938	-38.34625	-2.33313	0.07322197	0.671115	0.3747246	9.466382	2.069492
4788	0	-38.40355	-37.79572	-0.6078276	0.0003586015	0.0069897	0.1868233	1932.918	1.566413
4789	1	-39.84372	-39.14357	-0.7001511	0.01319331	0.2190646	0.1709178	52.53777	1.285276
4790	0	-38.33281	-37.59171	-0.741106	0.003014647	0.05677909	0.2055979	229.9265	3.512154
4791	1	-38.96728	-37.82751	-1.139768	0.01563557	0.252195	0.2562875	44.33144	1.786928
4792	0	-39.77461	-38.2123	-1.562313	0.02131296	0.3219293	0.360916	32.52233	2.931498
4793	1	-38.98708	-37.72927	-1.257814	0.02977989	0.4096994	0.2361676	23.27568	3.548377
4794	0	-37.51334	-36.81986	-0.6934803	0.01253678	0.2098094	0.1713634	55.28911	3.135972
4795	1	-39.68089	-37.36698	-2.313914	0.08105769	0.6981776	0.3290757	8.551283	2.682749
4796	0	-38.83435	-37.74014	-1.094213	0.04076705	0.5005678	0.1716977	17.00263	3.050433
4797	1	-41.47982	-38.16026	-3.319568	0.1109815	0.7729188	0.5894764	6.245608	3.266244
4798	0	-41.8342	-39.86686	-1.967339	0.03332951	0.4415947	0.4566535	20.7968	3.875648
4799	1	-37.45336	-36.99274	-0.4606134	0.01356578	0.2242483	0.133805	51.09526	2.8197
4800	0	-37.79685	-37.05072	-0.7461333	0.01580364	0.2544022	0.1724817	43.85996	3.260562
4801	1	-36.97431	-36.60041	-0.3739009	9.681116e-05	0.001893451	0.1484035	7159.786	2.377747
4802	0	-37.60571	-36.53336	-1.072346	0.02569933	0.3696029	0.2078292	26.97142	2.698196
4803	1	-36.90564	-36.58129	-0.324353	0.0002761682	0.005388732	0.1408722	2509.873	2.456461
4804	0	-37.549	-36.71758	-0.8314187	0.009214785	0.160569	0.2061597	75.2212	2.67485
4805	1	-37.0844	-36.98055	-0.103845	0.0001120374	0.002190812	0.1132575	6186.75	2.506093
4806	0	-37.88636	-37.16251	-0.7238492	0.0009676427	0.01871213	0.208009	716.3256	2.21713
4807	1	-38.02981	-37.36666	-0.663145	0.0107307	0.1835499	0.1705389	64.59479	3.461516
4808	0	-37.84943	-36.79117	-1.058254	0.0165884	0.2645868	0.233067	41.78507	2.763246
4809	1	-38.04201	-37.04539	-0.9966153	0.02502557	0.3626017	0.1945138	27.69756	2.134341
4810	0	-39.22883	-37.04693	-2.181893	0.06170449	0.6231297	0.3790439	11.23334	2.758134
4811	1	-37.21262	-36.81336	-0.3992634	0.009667731	0.1675279	0.1329665	71.69699	2.646341
4812	0	-37.64271	-36.63651	-1.006197	0.02818131	0.3944495	0.1878243	24.59599	2.761985
4813	1	-39.75549	-37.35569	-2.399804	0.0670171	0.6466202	0.4372547	10.34284	2.599596
4814	0	-37.43039	-36.57258	-0.857815	0.01505904	0.2445543	0.1949009	46.02864	2.485075
4815	1	-38.99844	-38.26511	-0.7333311	0.02971589	0.4090999	0.1399049	23.32581	3.153405
4816	0	-38.00379	-36.63286	-1.370929	0.03887153	0.4864675	0.2325784	17.83174	2.690908
4817	1	-39.53128	-37.74537	-1.785908	0.03943753	0.4907408	0.349398	17.57582	3.335317
4818	0	-40.90211	-38.43607	-2.466034	0.06501449	0.6380568	0.4806001	10.66143	3.480468
4819	1	-39.00227	-36.9951	-2.007174	0.06050837	0.6174854	0.3237039	11.45539	2.532019
4820	0	-38.50841	-37.58916	-0.9192572	0.01058293	0.1813481	0.2207792	65.49674	1.784079
4821	1	-37.98942	-36.8292	-1.160221	0.02480373	0.3602718	0.2298078	27.94528	3.082367
4822	0	-37.66433	-36.82506	-0.8392711	0.02538309	0.3663308	0.1653573	27.30744	2.552031
4823	1	-37.75432	-36.6976	-1.056717	0.02226467	0.3327041	0.2147781	31.13216	2.993199
4824	0	-38.5327	-37.36728	-1.165421	0.03113182	0.4221585	0.2112521	22.26491	2.031304
4825	1	-37.93189	-36.71796	-1.213927	0.02471125	0.3592969	0.2428043	28.04986	2.839602
4826	0	-39.04326	-37.0194	-2.023862	0.05416653	0.585126	0.3599994	12.7966	2.793804
4827	1	-37.89746	-37.11446	-0.7829974	0.01857302	0.2894829	0.172093	37.32012	2.075236
4828	0	-37.43181	-36.79457	-0.637239	0.01639423	0.2620851	0.1534008	42.27996	2.399992
4829	1	-38.72209	-36.92749	-1.794603	0.04584217	0.5355213	0.321962	15.1203	2.874524
4830	0	-39.54613	-37.5105	-2.035638	0.06539512	0.6397108	0.3108349	10.59937	3.23984
4831	1	-38.72581	-37.60509	-1.120714	0.01025617	0.1764505	0.2713028	67.58342	3.004662
4832	0	-37.87328	-37.25499	-0.6182917	0.00693348	0.1242784	0.172044	99.97103	1.854205
4833	1	-40.10007	-39.49858	-0.601485	0.02092794	0.3174993	0.1388309	33.12065	3.722547
4834	0	-37.25448	-36.61667	-0.6378083	0.004429315	0.08193332	0.1817516	156.4908	2.635218
4835	1	-38.59089	-37.18914	-1.401748	0.04248739	0.5128582	0.2279141	16.31418	3.190101
4836	0	-38.78036	-37.17526	-1.605102	0.03411702	0.4483226	0.3143679	20.31676	2.418595
4837	1	-37.65745	-36.64737	-1.010075	0.01901296	0.2948397	0.2146262	36.45656	2.454986
4838	0	-37.45818	-36.87503	-0.5831438	0.01551102	0.2505536	0.1471475	44.68741	2.936893
4839	1	-40.07869	-38.05264	-2.026042	0.07220033	0.6672816	0.2796489	9.600332	3.252238
4840	0	-39.34115	-37.63061	-1.710547	0.03377061	0.4453781	0.3510405	20.52516	2.301484
4841	1	-38.51849	-37.49193	-1.02656	0.03844132	0.4831828	0.1658255	18.03131	2.583391
4842	0	-37.8072	-36.95432	-0.8528851	0.006553155	0.1180206	0.2187033	105.7731	2.757567
4843	1	-39.25131	-38.39211	-0.8592017	0.008126253	0.1435151	0.2152523	85.29727	3.905354
4844	0	-39.0732	-37.75044	-1.322761	0.05107487	0.5677255	0.1865454	13.5712	2.680075
4845	1	-37.75394	-37.1278	-0.6261409	0.01798852	0.2822761	0.1483293	38.53276	3.084634
4846	0	-42.08506	-38.25882	-3.82624	0.1320873	0.8077953	0.7261559	5.247643	2.598789
4847	1	-39.12221	-37.96583	-1.156378	0.009829333	0.1699915	0.2828537	70.51823	2.058267
4848	0	-39.38629	-37.15948	-2.226811	0.07535028	0.6788646	0.3269502	9.198999	2.730218
4849	1	-37.96176	-37.18645	-0.7753101	0.02602318	0.3729285	0.1537159	26.63576	2.426303
4850	0	-40.815	-38.31714	-2.497858	0.09778472	0.7445607	0.3122936	7.088502	2.805492
4851	1	-38.37729	-37.34548	-1.031802	0.009142847	0.1594565	0.2521566	75.81305	2.919951
4852	0	-38.55084	-37.22399	-1.326849	0.02099469	0.3182703	0.2864826	33.01535	2.592443
4853	1	-37.88419	-37.62452	-0.2596739	0.009252039	0.1611444	0.1163241	74.91832	3.075177
4854	0	-41.60086	-38.37936	-3.221495	0.09222454	0.7306229	0.6965395	7.515865	3.010293
4855	1	-37.18219	-36.86963	-0.3125591	0.007024834	0.1257725	0.1265613	98.67097	2.70778
4856	0	-39.60586	-37.8714	-1.734454	0.03077737	0.4189299	0.3750623	22.52132	2.871943
4857	1	-38.65748	-38.21368	-0.4437928	0.02047906	0.312282	0.1193315	33.84663	3.009735
4858	0	-40.15091	-37.4487	-2.702214	0.08025272	0.6955762	0.4907616	8.637055	2.699999
4859	1	-42.55413	-41.33516	-1.21897	0.009864568	0.1705273	0.3009739	70.26635	0.5011784
4860	0	-37.79664	-36.90173	-0.8949071	0.02757088	0.3884732	0.1694978	25.14055	2.474733
4861	1	-37.18253	-36.56927	-0.6132595	0.01293089	0.2153835	0.1572753	53.60397	2.590307
4862	0	-39.40198	-37.22858	-2.173407	0.0570797	0.600519	0.4012143	12.1435	2.764964
4863	1	-38.74703	-37.13258	-1.614456	0.03362872	0.4441653	0.3195186	20.61176	2.684295
4864	0	-38.1091	-37.56132	-0.5477744	0.01683063	0.2676909	0.1394108	41.18369	2.095814
4865	1	-38.62914	-37.58854	-1.040601	0.02115744	0.3201448	0.2146763	32.7614	1.811292
4866	0	-37.82222	-37.49979	-0.3224298	0.009037161	0.1578182	0.1242346	76.69966	3.182035
4867	1	-39.29542	-37.80787	-1.487551	0.05632925	0.5966426	0.2042287	12.30528	2.536984
4868	0	-39.50005	-39.55414	0.05408699	0.009021729	0.1575787	0.08527426	76.83086	2.804838
4869	1	-37.53407	-36.68904	-0.8450361	0.01185368	0.2000172	0.2013393	58.47526	2.905966
4870	0	-37.74471	-36.8495	-0.8952142	0.009479313	0.1646428	0.2189208	73.12209	2.731616
4871	1	-41.08867	-37.96864	-3.120031	0.09438122	0.7361868	0.6104495	7.344122	2.578403
4872	0	-38.62815	-37.31035	-1.317797	0.04490456	0.5293546	0.2025269	15.43601	3.053183
4873	1	-40.65695	-37.54282	-3.114131	0.1039621	0.7585928	0.5300408	6.667304	2.804375
4874	0	-38.8461	-37.10599	-1.740107	0.03939836	0.4904468	0.3339407	17.5933	2.666575
4875	1	-38.159	-37.12782	-1.031176	0.01719418	0.2723151	0.2249079	40.3129	2.059036
4876	0	-41.85274	-40.63333	-1.219407	0.05250943	0.5759412	0.1648532	13.20043	2.018935
4877	1	-37.83052	-36.97402	-0.8565006	0.00709713	0.1269524	0.2178153	97.66584	2.383318
4878	0	-42.3014	-40.29341	-2.007989	0.02853932	0.3979147	0.5088948	24.28745	3.697407
4879	1	-37.37184	-36.64692	-0.7249141	0.0189731	0.2943568	0.1614669	36.53315	2.692624
4880	0	-39.27686	-37.16978	-2.107077	0.07222022	0.6673569	0.3031688	9.597689	2.752278
4881	1	-37.75209	-36.9023	-0.8497948	0.007139699	0.1276461	0.2162295	97.08353	2.755432
4882	0	-45.50263	-42.90933	-2.593304	0.03288974	0.4377841	0.859286	21.07488	2.833653
4883	1	-39.86703	-38.87609	-0.99094	0.04500832	0.5300432	0.1458458	15.40042	2.82889
4884	0	-42.1169	-40.14221	-1.974688	0.04601342	0.536634	0.3845601	15.06402	4.143786
4885	1	-38.96987	-37.63788	-1.331997	0.02593982	0.3720749	0.2685322	26.72136	1.897628
4886	0	-37.53753	-36.73858	-0.7989565	0.01134732	0.1926494	0.1936524	61.08465	2.276472
4887	1	-38.43583	-37.4846	-0.9512285	0.0360385	0.4642372	0.1591022	19.23352	2.706482
4888	0	-38.29381	-37.12823	-1.165574	0.01814553	0.2842222	0.2538264	38.19933	3.077097
4889	1	-37.35724	-36.6207	-0.7365451	0.009535189	0.1654999	0.1866531	72.69359	2.879865
4890	0	-37.94135	-36.93885	-1.002498	0.03035649	0.4150614	0.1814683	22.83357	3.001592
4891	1	-37.36992	-36.88937	-0.4805505	0.008286258	0.1460515	0.1470687	83.65021	2.177485
4892	0	-40.10686	-37.76222	-2.344639	0.0694897	0.656737	0.3995834	9.97482	3.334664
4893	1	-37.37073	-36.67193	-0.6988014	0.009324515	0.1622622	0.1802751	74.336	2.302802
4894	0	-39.49736	-38.04584	-1.451521	0.03103504	0.4212796	0.2816089	22.33434	1.757266
4895	1	-38.45548	-37.0464	-1.409078	0.03807387	0.4803519	0.2443604	18.20533	3.195916
4896	0	-37.89297	-36.64831	-1.244659	0.02938385	0.4059745	0.2343888	23.58939	2.887645
4897	1	-40.07725	-37.943	-2.134255	0.046716	0.5411559	0.4466352	14.83747	2.917018
4898	0	-38.75019	-37.08178	-1.66841	0.05709411	0.6005928	0.2420865	12.14043	2.778687
4899	1	-40.00905	-38.06393	-1.945122	0.04611559	0.5372959	0.3728181	15.03065	1.982971
4900	0	-42.33704	-38.84376	-3.493281	0.106444	0.7638427	0.7477326	6.51185	3.36154
4901	1	-40.13729	-38.01975	-2.117537	0.08156474	0.6997965	0.2684723	8.498123	2.791092
4902	0	-40.14399	-37.46044	-2.683552	0.08797054	0.7190171	0.4319345	7.87931	3.082457
4903	1	-37.41658	-36.92039	-0.4961862	0.00494062	0.09080171	0.1566158	140.2956	3.216006
4904	0	-39.40123	-37.71357	-1.687659	0.03199143	0.4298789	0.3518294	21.66665	3.114206
4905	1	-38.27195	-36.77815	-1.493802	0.03610477	0.4647737	0.2734678	19.19822	2.896848
4906	0	-38.12616	-37.05975	-1.066406	0.01574119	0.2535831	0.2378038	44.03398	3.100885
4907	1	-40.45611	-39.99148	-0.4646243	0.01899952	0.2946769	0.1244167	36.48235	1.631675
4908	0	-37.69082	-37.22176	-0.4690586	0.005099867	0.09354008	0.1520819	135.9147	1.894305
4909	1	-42.79635	-40.79182	-2.00453	0.02199255	0.3296485	0.5562751	31.51737	3.177886
4910	0	-39.19907	-38.86224	-0.3368297	0.0096865	0.1678146	0.1248857	71.55806	3.675601
4911	1	-39.15501	-38.29698	-0.8580274	0.03526553	0.4579191	0.1465351	19.65509	3.088715
4912	0	-37.53319	-36.76797	-0.7652211	0.006228739	0.1126345	0.2012675	111.2821	2.510052
4913	1	-38.48927	-37.17591	-1.313358	0.04428348	0.5251994	0.2034066	15.6525	2.992202
4914	0	-38.6051	-37.95632	-0.6487745	0.005335087	0.09756443	0.1814195	129.9224	1.511683
4915	1	-39.11708	-38.36596	-0.7511239	0.004316799	0.07996608	0.2038829	160.5697	1.353729
4916	0	-37.91292	-37.49225	-0.4206783	0.009268643	0.1614007	0.1366127	74.7841	1.954053
4917	1	-37.37189	-36.94183	-0.4300667	0.008903383	0.1557383	0.1386147	77.85211	2.242041
4918	0	-37.97498	-36.8435	-1.13148	0.02103638	0.3187512	0.2355021	32.94992	2.33249
4919	1	-37.75339	-37.04	-0.713389	0.01016978	0.1751488	0.180753	68.15752	1.999584
4920	0	-37.0259	-36.60868	-0.4172273	0.006457733	0.116441	0.1416567	107.336	2.55973
4921	1	-41.27013	-37.94774	-3.322387	0.1115302	0.7739728	0.5865765	6.214883	2.553115
4922	0	-38.78908	-37.68061	-1.108468	0.01549725	0.2503718	0.2488757	44.72712	3.487084
4923	1	-38.70789	-37.1571	-1.550787	0.05112561	0.5680203	0.2341551	13.55773	3.042699
4924	0	-39.02341	-37.14325	-1.880159	0.06331316	0.6305084	0.2740179	10.94792	2.955201
4925	1	-40.23112	-38.03554	-2.195575	0.05350522	0.581499	0.4314524	12.95476	2.163529
4926	0	-42.82153	-38.43094	-4.390588	0.160837	0.8415442	0.850643	4.309626	2.705273
4927	1	-38.57324	-37.37297	-1.20027	0.03185222	0.428639	0.2165289	21.76135	3.368805
4928	0	-41.55209	-38.60208	-2.950011	0.07654746	0.6830883	0.6625505	9.05513	2.617279
4929	1	-38.42792	-37.69655	-0.7313646	0.01127267	0.1915553	0.1811866	61.48917	1.683024
4930	0	-42.02873	-40.25919	-1.769537	0.01560853	0.2518391	0.4812808	44.40824	2.968629
4931	1	-42.73237	-41.44925	-1.283124	0.06515875	0.6386852	0.1469492	10.63782	2.784257
4932	0	-39.78297	-38.7522	-1.030766	0.002350134	0.04464233	0.2772636	294.9394	1.591041
4933	1	-37.84196	-36.65093	-1.191034	0.02688195	0.381624	0.2301425	25.78485	2.47907
4934	0	-39.93023	-37.58304	-2.347189	0.06012004	0.6156232	0.4572952	11.52939	2.887753
4935	1	-38.06579	-37.00747	-1.058325	0.02503701	0.3627216	0.2068618	27.6849	2.132594
4936	0	-39.68044	-37.88258	-1.79786	0.03294751	0.4382869	0.3875488	21.03792	2.728215
4937	1	-39.05703	-37.07664	-1.980389	0.05229007	0.5747011	0.3539433	13.25581	2.539939
4938	0	-39.51764	-37.91839	-1.599244	0.04742291	0.5456365	0.2589786	14.61629	1.983631
4939	1	-41.23003	-38.53302	-2.697012	0.06642405	0.6441196	0.5935381	10.43518	3.078952
4940	0	-37.5667	-36.81076	-0.7559447	0.009507241	0.1650713	0.1903845	72.90729	2.19985
4941	1	-38.43065	-37.40864	-1.022011	0.007523561	0.133868	0.2554773	92.1302	2.614282
4942	0	-38.54795	-36.85757	-1.690378	0.05269621	0.5769926	0.2633249	13.15364	2.59259
4943	1	-40.0491	-40.29476	0.245659	0.003706061	0.06918782	0.075898	187.0307	2.972591
4944	0	-45.86817	-43.24091	-2.627265	0.06168845	0.623055	0.5918481	11.23626	4.687977
4945	1	-37.78294	-37.06057	-0.7223718	0.008408787	0.1479869	0.1869778	82.43129	3.299363
4946	0	-38.97379	-37.07585	-1.897935	0.06265877	0.6275358	0.2815226	11.06225	2.954511
4947	1	-41.80545	-38.81785	-2.987601	0.09451983	0.7365374	0.5336856	7.333352	3.552875
4948	0	-39.27116	-37.47177	-1.799386	0.06485895	0.6373774	0.2472955	10.68699	2.943442
4949	1	-40.93923	-39.96439	-0.9748376	0.0470151	0.5430601	0.1395049	14.74308	2.378133
4950	0	-38.39953	-37.25198	-1.14755	0.02071859	0.3150731	0.2403939	33.45533	3.318718
4951	1	-38.96633	-38.36818	-0.598148	0.01864555	0.29037	0.1429022	37.17495	1.811894
4952	0	-38.63121	-36.99597	-1.635242	0.05090916	0.5667602	0.2555701	13.61537	2.44474
4953	1	-37.73024	-36.77553	-0.9547039	0.01346139	0.2228003	0.2196309	51.4915	2.850627
4954	0	-37.35676	-36.74271	-0.6140555	0.003188428	0.05991881	0.1806239	217.3946	2.960336
4955	1	-38.51106	-36.89399	-1.617068	0.04846772	0.5521343	0.2597736	14.30121	2.461981
4956	0	-37.56328	-36.60219	-0.9610803	0.01817183	0.2845474	0.2068068	38.14405	2.854007
4957	1	-38.2288	-37.2856	-0.9431966	0.01978415	0.3040922	0.1985668	35.03548	1.939635
4958	0	-40.78419	-39.30536	-1.478829	0.01725976	0.2731449	0.351573	40.15971	3.832984
4959	1	-37.6225	-36.56545	-1.057045	0.02245522	0.3348319	0.214271	30.86797	2.580425
4960	0	-37.87234	-37.05636	-0.8159848	0.02514078	0.3638068	0.1621052	27.57063	3.015149
4961	1	-37.96345	-37.2879	-0.6755542	0.02442716	0.3562884	0.142294	28.37608	2.784115
4962	0	-37.95571	-36.71791	-1.237798	0.02542362	0.3667515	0.24618	27.26391	2.557718
4963	1	-39.63735	-37.28492	-2.352426	0.08023497	0.6955184	0.345994	8.638966	2.958673
4964	0	-38.69159	-36.97372	-1.717874	0.04273426	0.5145836	0.3115648	16.21994	2.468519
4965	1	-38.7294	-37.7288	-1.000602	0.03940528	0.4904988	0.1593911	17.59021	2.779347
4966	0	-42.76033	-39.33371	-3.426626	0.1054101	0.7616813	0.7098084	6.575717	2.108932
4967	1	-39.12464	-38.52653	-0.598105	0.009814943	0.1697726	0.1618807	70.62162	3.868801
4968	0	-39.83511	-37.89439	-1.94072	0.0656327	0.6407368	0.281741	10.561	3.309682
4969	1	-39.03355	-37.94386	-1.089694	0.0112947	0.1918784	0.259186	61.36924	1.784086
4970	0	-39.10032	-37.69362	-1.406699	0.02147233	0.3237509	0.3082097	32.28095	2.185168
4971	1	-37.47839	-37.41043	-0.06795974	0.002952716	0.05565677	0.1049675	234.7491	2.6798
4972	0	-37.15001	-36.77189	-0.3781264	0.005416544	0.09895242	0.138243	127.9685	2.968765
4973	1	-39.30988	-38.39386	-0.9160194	0.0008852963	0.01713803	0.2523747	782.955	1.635616
4974	0	-39.16363	-37.8029	-1.360724	0.02911743	0.4034491	0.2642274	23.80523	3.564476
4975	1	-40.91488	-38.40931	-2.505573	0.06968985	0.6575347	0.4680288	9.946171	2.059983
4976	0	-37.39392	-36.79913	-0.5947893	0.009719885	0.1683241	0.1615616	71.31229	2.185784
4977	1	-38.77809	-37.32339	-1.454701	0.02488103	0.361085	0.3081637	27.85846	2.606048
4978	0	-37.30428	-36.7466	-0.5576788	0.01333242	0.2210063	0.1479309	51.98958	2.437804
4979	1	-39.59349	-38.0396	-1.553895	0.06065692	0.6181939	0.2052958	11.42734	2.592211
4980	0	-37.72867	-36.69212	-1.036548	0.01990765	0.3055578	0.2176161	34.81814	2.396983
4981	1	-37.28233	-36.69398	-0.5883505	0.008036207	0.1420831	0.1643884	86.25302	2.257141
4982	0	-40.01414	-39.66677	-0.3473683	0.02359513	0.3473588	0.1036959	29.3767	2.977754
4983	1	-37.53129	-36.71763	-0.8136514	0.008554375	0.1502787	0.2044274	81.02838	2.644476
4984	0	-38.03464	-36.86872	-1.165919	0.02675265	0.3803261	0.2248448	25.90948	2.240411
4985	1	-40.85277	-38.27349	-2.579272	0.07965858	0.6936312	0.4376455	8.701476	3.466835
4986	0	-38.85836	-37.28833	-1.570027	0.0425368	0.5132042	0.2694951	16.29524	2.147659
4987	1	-39.74499	-37.95245	-1.792546	0.06440643	0.6353885	0.2471849	10.76208	2.340027
4988	0	-42.62515	-41.17136	-1.453795	0.003569863	0.06676097	0.4160345	194.1663	4.057958
4989	1	-38.41273	-36.84897	-1.563761	0.04558282	0.5338282	0.2565325	15.20632	2.453861
4990	0	-39.3072	-37.33892	-1.968281	0.06283144	0.6283239	0.3013043	11.03185	3.176702
4991	1	-40.21124	-37.59053	-2.620713	0.07523457	0.6784512	0.4855804	9.213148	2.531587
4992	0	-38.79937	-37.59476	-1.204609	0.01650113	0.263464	0.2701328	42.00604	3.302333
4993	1	-37.31977	-36.76337	-0.5563924	0.006280983	0.1135049	0.163215	110.3565	3.098771
4994	0	-39.68019	-38.43534	-1.244854	0.007332188	0.1307737	0.3201149	94.53484	2.720254
4995	1	-37.54795	-36.87031	-0.6776341	0.008169311	0.1441986	0.1794031	84.84769	2.112616
4996	0	-37.41216	-36.52405	-0.888114	0.01938116	0.299279	0.1889978	35.76397	2.770841
4997	1	-39.46501	-37.77184	-1.693167	0.03848205	0.4834951	0.3227788	18.01222	1.986301
4998	0	-41.89441	-40.82211	-1.072299	0.03837188	0.4826496	0.1737566	18.06394	3.889139
4999	1	-39.07748	-37.17112	-1.906362	0.04789194	0.5485716	0.3497567	14.47315	3.019122
5000	0	-41.89732	-38.47174	-3.42558	0.1319595	0.8076147	0.4873145	5.252725	2.645755
5001	1	-40.26085	-38.01942	-2.241428	0.05537934	0.5916483	0.4398949	12.51635	2.191851
5002	0	-42.35589	-40.40325	-1.952641	0.03518781	0.4572777	0.438332	19.6985	1.237846
5003	1	-37.23252	-36.67687	-0.5556497	0.01340242	0.2219807	0.1474851	51.71805	2.64674
5004	0	-40.24803	-38.62601	-1.622011	0.03690146	0.4711606	0.3073969	18.78373	1.619636
5005	1	-38.8123	-37.83959	-0.9727063	0.002167131	0.0412631	0.2623015	319.8455	2.835568
5006	0	-37.24011	-36.88901	-0.3510965	0.007950539	0.1407178	0.1298251	87.18241	2.849612
5007	1	-39.24497	-38.46849	-0.776488	0.01098824	0.1873675	0.1903127	63.08084	1.383924
5008	0	-39.38681	-37.82852	-1.558298	0.05934834	0.6118783	0.2100487	11.6793	2.584158
5009	1	-37.34224	-36.81808	-0.5241611	0.00553149	0.1009061	0.1597203	125.3093	2.136151
5010	0	-40.97561	-38.18541	-2.790204	0.09712876	0.7429841	0.4222324	7.136375	3.314377
5011	1	-38.51242	-36.93645	-1.575974	0.03909089	0.4881301	0.2846255	17.73168	2.378124
5012	0	-42.60731	-38.51964	-4.087669	0.1375141	0.815179	0.8735231	5.040553	3.110233
5013	1	-41.12182	-39.43185	-1.68997	0.01768009	0.2784315	0.4316525	39.20495	2.343447
5014	0	-40.3168	-38.027	-2.289801	0.0533437	0.5806054	0.4751662	12.99398	2.451445
5015	1	-37.01866	-36.73489	-0.2837679	2.581369e-05	0.0005053368	0.1357486	26851.93	2.988349
5016	0	-38.24	-36.83591	-1.404084	0.04368616	0.5211492	0.2246112	15.86652	2.54795
5017	1	-38.07377	-38.04434	-0.02942333	0.001884128	0.03600564	0.1025355	367.8875	2.049162
5018	0	-37.63065	-36.645	-0.9856522	0.02298792	0.3407287	0.1980113	30.15267	2.959966
5019	1	-39.48126	-37.19902	-2.282246	0.06676553	0.645563	0.3901422	10.38181	3.023298
5020	0	-38.34936	-38.05236	-0.2970013	0.0107229	0.1834338	0.1182653	64.64179	3.28258
5021	1	-38.16429	-37.14631	-1.017974	0.02323449	0.3434327	0.2038049	29.83268	2.040609
5022	0	-37.72851	-36.67113	-1.057382	0.02021814	0.3092232	0.221225	34.28342	2.456779
5023	1	-38.79369	-37.7259	-1.067791	0.02921544	0.40438	0.19686	23.72537	1.907244
5024	0	-40.87593	-38.9861	-1.889835	0.03319841	0.4404628	0.4233811	20.87893	3.566737
5025	1	-38.95522	-36.99103	-1.96419	0.05192998	0.5726528	0.3500318	13.34773	2.804225
5026	0	-40.20767	-38.74676	-1.460909	0.05560231	0.5928295	0.2009122	12.46616	2.183495
5027	1	-41.94457	-38.53648	-3.408085	0.1201728	0.789455	0.565616	5.76792	2.378171
5028	0	-37.51403	-36.63208	-0.881947	0.01701311	0.2700172	0.1942255	40.74194	2.954692
5029	1	-38.24965	-36.80952	-1.440135	0.03821164	0.4814161	0.2515786	18.13969	2.395529
5030	0	-40.16601	-37.80128	-2.364725	0.06913452	0.6553137	0.4097412	10.02607	2.222501
5031	1	-38.67199	-37.23497	-1.437019	0.0487154	0.5536533	0.2162127	14.2285	3.022127
5032	0	-38.60067	-37.64291	-0.9577535	0.009552215	0.1657608	0.2328092	72.56402	1.822857
5033	1	-38.67221	-36.82344	-1.848771	0.05665145	0.5983143	0.2917533	12.23529	2.796522
5034	0	-38.88758	-38.90172	0.01413665	0.00778288	0.138037	0.09031677	89.0605	2.44719
5035	1	-37.6974	-36.67819	-1.019204	0.02010027	0.3078349	0.213293	34.48448	2.385305
5036	0	-38.27308	-37.77889	-0.494188	0.009272145	0.1614547	0.1470261	74.75586	1.749155
5037	1	-43.84718	-41.05638	-2.790798	0.05139299	0.569569	0.8061075	13.48719	3.046871
5038	0	-39.92601	-37.87528	-2.050725	0.05167842	0.5712126	0.3830299	13.4127	2.094222
5039	1	-42.39557	-38.47792	-3.917652	0.1496876	0.8299134	0.6205172	4.630624	3.158377
5040	0	-38.23199	-37.73172	-0.5002688	0.02120896	0.3207367	0.1249696	32.68181	2.766813
5041	1	-41.87617	-39.33589	-2.540278	0.1047902	0.7603679	0.2951264	6.614618	2.656757
5042	0	-41.84555	-38.56996	-3.275597	0.1234783	0.7948644	0.472829	5.613514	3.242148
5043	1	-39.83282	-37.22098	-2.611846	0.08366549	0.7063464	0.4272551	8.284744	2.792733
5044	0	-38.50519	-37.14583	-1.359356	0.0253588	0.3660785	0.2782548	27.33359	3.061783
5045	1	-39.37117	-38.05968	-1.311497	0.05269983	0.5770129	0.1802701	13.15274	2.724715
5046	0	-39.73627	-37.61784	-2.118432	0.06399267	0.6335542	0.3444218	10.83166	3.320785
5047	1	-38.58269	-37.23406	-1.348632	0.02785946	0.3913091	0.265732	24.88014	2.114776
5048	0	-40.40192	-38.36625	-2.035664	0.06476154	0.6369508	0.3136377	10.70307	2.020397
5049	1	-37.53627	-37.18434	-0.3519292	0.007803507	0.1383674	0.1302034	88.82508	3.129597
5050	0	-40.58426	-37.5497	-3.034559	0.100487	0.7508759	0.5141279	6.897877	2.989125
5051	1	-41.34709	-40.11663	-1.230458	0.001945854	0.03715564	0.3404854	356.2174	3.986033
5052	0	-37.41738	-36.74618	-0.6711966	0.0167678	0.2668875	0.1578641	41.338	2.402739
5053	1	-39.88402	-37.80539	-2.078629	0.07731481	0.6857459	0.2742046	8.965258	2.990101
5054	0	-39.10226	-37.28628	-1.815983	0.0472877	0.5447848	0.3222714	14.65809	2.245983
5055	1	-40.17151	-39.25399	-0.9175278	0.04355832	0.5202755	0.138327	15.91308	2.542324
5056	0	-40.24622	-37.81579	-2.43043	0.07544181	0.6791909	0.400268	9.187838	2.256864
5057	1	-37.94705	-36.64954	-1.297511	0.03324152	0.4408354	0.2340045	20.85185	2.506982
5058	0	-38.17147	-36.94282	-1.228654	0.02644265	0.3771979	0.240453	26.21323	3.147088
5059	1	-37.53925	-36.64582	-0.8934281	0.01759984	0.2774263	0.1948466	39.38373	2.972175
5060	0	-38.30906	-37.24138	-1.067679	0.0176974	0.278648	0.2316171	39.16661	2.009723
5061	1	-39.26793	-38.9939	-0.2740297	0.01711799	0.2713494	0.105596	40.49232	2.222574
5062	0	-40.89808	-39.61801	-1.280075	0.007842372	0.1389895	0.3292095	88.38489	3.949071
5063	1	-41.07587	-38.58888	-2.486987	0.08542021	0.7116293	0.3678721	8.114557	3.461366
5064	0	-38.58631	-36.81545	-1.770865	0.0549928	0.5895876	0.2762851	12.60433	2.725702
5065	1	-40.95649	-37.74805	-3.208447	0.101955	0.7541895	0.5992169	6.798562	2.952701
5066	0	-38.91919	-38.97861	0.05941269	0.003744683	0.06987445	0.09138588	185.1017	2.065399
5067	1	-39.38371	-37.58304	-1.800674	0.04895197	0.5550966	0.3100011	14.15974	3.385812
5068	0	-38.94913	-38.96446	0.01532994	0.005928358	0.1076075	0.0926035	116.9206	2.135433
5069	1	-40.52749	-39.24893	-1.278554	0.003355311	0.06292065	0.3502189	206.5821	2.879579
5070	0	-39.32179	-37.55761	-1.764183	0.03601505	0.4640471	0.3588241	19.24604	3.019374
5071	1	-38.8661	-37.01644	-1.849668	0.0538601	0.5834517	0.3037598	12.8694	3.073716
5072	0	-38.41235	-37.80758	-0.604773	0.00738133	0.1315697	0.1686634	93.90546	1.610939
5073	1	-37.63379	-36.92742	-0.7063674	0.009629303	0.1669406	0.1808638	71.98311	2.073229
5074	0	-39.14403	-37.52194	-1.622086	0.02977917	0.4096927	0.3399587	23.27624	2.500969
5075	1	-37.24163	-36.59883	-0.6428065	0.005472566	0.09990532	0.1799901	126.6585	2.758858
5076	0	-37.47069	-36.697	-0.773694	0.01044067	0.1792209	0.1912554	66.38912	2.977959
5077	1	-37.31067	-36.81846	-0.4922162	0.00870982	0.1527163	0.1479067	79.58226	3.057399
5078	0	-37.91068	-37.22655	-0.684132	0.001708832	0.03272968	0.1978273	405.6262	3.274918
5079	1	-38.79888	-36.97095	-1.827933	0.0547259	0.5881548	0.2936156	12.6658	3.034726
5080	0	-38.34739	-37.09234	-1.255047	0.01976964	0.3039197	0.271288	35.0612	2.595581
5081	1	-38.80783	-37.11648	-1.691357	0.04180454	0.508036	0.3074226	16.58067	3.126212
5082	0	-38.3468	-37.37597	-0.9708302	0.005972126	0.1083424	0.2481092	116.0637	2.643486
5083	1	-38.22984	-36.79041	-1.439426	0.03297323	0.4385105	0.270709	21.02151	2.877063
5084	0	-37.31983	-37.24396	-0.07586747	0.0001762968	0.003444473	0.1100328	3931.705	2.972769
5085	1	-38.23574	-38.07412	-0.1616224	0.005118623	0.09386186	0.1118007	135.4167	1.941245
5086	0	-37.40407	-37.03521	-0.3688594	0.001942525	0.03709366	0.1438571	356.828	1.99615
5087	1	-39.329	-38.28642	-1.04258	0.003819115	0.0711958	0.2747968	181.4942	1.899141
5088	0	-39.87701	-37.83135	-2.045662	0.07743384	0.6861547	0.2648666	8.951476	2.85125
5089	1	-36.97485	-36.54592	-0.4289334	0.001568094	0.03008873	0.1535742	442.0317	2.771376
5090	0	-38.59449	-36.80652	-1.78797	0.05466253	0.5878135	0.282366	12.68048	2.688135
5091	1	-42.42273	-38.30608	-4.116653	0.1457371	0.8253862	0.800599	4.756149	2.694614
5092	0	-39.51701	-38.52366	-0.993343	0.03883564	0.4861947	0.1595167	17.84822	3.261218
5093	1	-37.9727	-37.02433	-0.9483693	0.009906579	0.1711656	0.2294831	69.96837	2.924761
5094	0	-40.04441	-39.01544	-1.028974	0.04712709	0.5437699	0.1470326	14.70804	2.682001
5095	1	-40.18925	-37.64236	-2.546895	0.08944609	0.7231412	0.3689915	7.749329	3.096236
5096	0	-38.63849	-37.28352	-1.354978	0.03280927	0.4370826	0.2493639	21.12657	2.058538
5097	1	-39.10136	-37.98698	-1.114376	0.009362467	0.1628467	0.2730138	74.03467	3.369373
5098	0	-37.82287	-37.39441	-0.428457	0.01388037	0.2285891	0.1289962	49.93721	3.056389
5099	1	-38.28022	-37.031	-1.249216	0.02034969	0.3107678	0.2675098	34.06181	2.58925
5100	0	-38.04205	-36.73336	-1.308689	0.03552596	0.4600603	0.2291203	19.51101	2.979496
5101	1	-40.3043	-37.41973	-2.884568	0.09382459	0.7347705	0.4861879	7.387692	2.925323
5102	0	-39.19449	-37.59797	-1.596523	0.05855144	0.6079484	0.2207038	11.83826	2.545256
5103	1	-41.02197	-39.14788	-1.874092	0.02691009	0.381906	0.4554833	25.75789	2.309282
5104	0	-40.31205	-39.03187	-1.280181	0.02725184	0.3853152	0.2502901	25.43487	1.385258
5105	1	-37.64345	-36.74625	-0.8971984	0.01428348	0.2341019	0.2049631	48.52789	3.009497
5106	0	-38.2439	-36.74905	-1.494843	0.03712873	0.4729614	0.2698216	18.66876	2.527336
5107	1	-38.9761	-38.09098	-0.8851147	0.01197197	0.2017248	0.2092227	57.89752	3.781737
5108	0	-38.58647	-38.32817	-0.2583009	0.01424438	0.2335696	0.1082545	48.66111	2.308777
5109	1	-37.96332	-37.163	-0.8003141	0.02264916	0.3369875	0.1653016	30.60366	2.178787
5110	0	-40.38612	-38.14135	-2.24477	0.08653799	0.7149088	0.2842142	8.009744	2.680042
5111	1	-37.60477	-36.67271	-0.9320595	0.02634203	0.3761777	0.1789938	26.31336	2.782218
5112	0	-39.52711	-37.25435	-2.272766	0.06608982	0.6426973	0.3901676	10.48796	2.481211
5113	1	-37.66312	-36.65751	-1.005609	0.02112159	0.3197326	0.2073992	32.817	2.966239
5114	0	-38.46375	-37.06752	-1.396226	0.04780669	0.5480404	0.2102518	14.49896	2.681362
5115	1	-38.14354	-37.10543	-1.03811	0.02963577	0.4083479	0.1899715	23.38887	3.182577
5116	0	-42.89569	-38.39521	-4.50048	0.1740968	0.8535036	0.7872726	3.981389	2.869395
5117	1	-37.71538	-37.30368	-0.4116981	0.01083272	0.1850652	0.1324328	63.98642	2.144432
5118	0	-39.41087	-37.53971	-1.871161	0.04304962	0.5167741	0.3615644	16.10112	2.262017
5119	1	-37.81768	-37.77848	-0.03920183	0.002855211	0.05388613	0.1021324	242.7657	2.268403
5120	0	-37.31127	-36.9928	-0.3184763	0.008298715	0.1462485	0.125042	83.52464	2.803989
5121	1	-37.49451	-36.85707	-0.6374396	0.0001242266	0.002428778	0.1930764	5579.7	2.656685
5122	0	-38.17807	-38.07787	-0.1001938	0.003156336	0.05934006	0.1080948	219.605	3.321251
5123	1	-37.27336	-37.22576	-0.04760183	0.0003420245	0.006668029	0.1067161	2026.601	2.479355
5124	0	-37.79597	-37.65083	-0.1451402	0.006992249	0.1252399	0.1071006	99.1308	2.421296
5125	1	-37.62046	-37.11661	-0.5038434	0.0005104986	0.009930754	0.1680117	1357.785	3.3463
5126	0	-37.77739	-37.12281	-0.6545796	0.006778182	0.1217305	0.1787936	102.2615	1.932941
5127	1	-38.15944	-37.47406	-0.6853849	0.0005597671	0.0108822	0.2013166	1238.278	3.418831
5128	0	-39.35152	-37.1606	-2.190917	0.06806635	0.6509733	0.3496063	10.1834	3.057186
5129	1	-40.17155	-39.07403	-1.097521	0.001732651	0.03317568	0.2990011	400.0502	3.647785
5130	0	-39.98117	-37.45297	-2.528205	0.08982278	0.724177	0.3602369	7.716831	2.778745
5131	1	-40.30986	-38.61641	-1.693456	0.02631215	0.3758742	0.3834349	26.34324	3.398561
5132	0	-37.51447	-36.74449	-0.7699855	0.0065755	0.11839	0.2012405	105.4136	2.580027
5133	1	-37.16602	-36.5419	-0.6241192	0.006315866	0.1140854	0.1745659	109.747	2.687586
5134	0	-39.8981	-38.22516	-1.672941	0.05331303	0.5804355	0.256528	13.00146	3.498266
5135	1	-40.66186	-38.91024	-1.75162	0.03481934	0.4542209	0.3603805	19.90696	3.81125
5136	0	-37.65323	-36.79666	-0.85657	0.009421836	0.16376	0.2107932	73.56816	2.843803
5137	1	-37.72029	-37.03528	-0.6850127	0.004388242	0.08121586	0.1906474	157.9556	3.221925
5138	0	-37.57364	-36.8253	-0.7483388	0.01628002	0.2606081	0.1717032	42.57657	2.216685
5139	1	-39.42683	-38.52777	-0.8990671	0.02799911	0.3926746	0.1691779	24.75605	1.784827
5140	0	-38.30975	-37.33977	-0.9699782	0.006407564	0.115609	0.2463777	108.1764	2.524923
5141	1	-38.00642	-36.74062	-1.265807	0.03891804	0.4868207	0.2092331	17.81044	2.707805
5142	0	-38.25431	-37.80727	-0.447038	0.01240893	0.2079895	0.1341757	55.85873	3.378545
5143	1	-39.01939	-38.0682	-0.9511944	0.02341973	0.3454535	0.1901412	29.59672	1.714363
5144	0	-39.49798	-37.11812	-2.379859	0.07109323	0.6630416	0.4046373	9.749833	2.814612
5145	1	-38.93002	-37.6991	-1.230917	0.03142429	0.4248026	0.2246214	22.05769	1.881443
5146	0	-39.95813	-37.46158	-2.49655	0.08790911	0.7188431	0.3585755	7.884816	2.964605
5147	1	-38.15836	-36.85714	-1.301226	0.03708456	0.4726122	0.2224645	18.69099	2.369593
5148	0	-40.31586	-38.50274	-1.813115	0.032376	0.4332833	0.3966959	21.40929	1.995346
5149	1	-41.21018	-38.1771	-3.033075	0.09605783	0.7403723	0.5465115	7.215936	2.335448
5150	0	-37.63454	-36.54343	-1.091116	0.02705571	0.383362	0.2077481	25.61926	2.639638
5151	1	-38.8057	-37.38335	-1.422354	0.0507387	0.5657637	0.2070615	13.66111	2.952454
5152	0	-39.23904	-38.0156	-1.223438	0.01664249	0.2652817	0.2747183	41.64924	1.769766
5153	1	-37.50862	-37.32515	-0.1834712	0.006551844	0.117999	0.11198	105.7942	2.744212
5154	0	-42.70798	-38.92979	-3.778189	0.13564	0.812691	0.6582125	5.110196	3.426937
5155	1	-39.14434	-38.60218	-0.5421636	0.008605565	0.1510825	0.155711	80.54639	1.411322
5156	0	-39.06324	-37.60041	-1.462836	0.02503604	0.3627113	0.3100011	27.68598	2.177901
5157	1	-39.0218	-36.97182	-2.049984	0.06191169	0.6240937	0.3312308	11.19574	2.583606
5158	0	-37.26997	-36.61336	-0.6566166	0.007758601	0.1376478	0.176694	89.3392	2.908251
5159	1	-39.53078	-38.02528	-1.505502	0.02750304	0.3878037	0.312434	25.20256	1.860609
5160	0	-38.02247	-37.18925	-0.83322	0.003799928	0.07085543	0.2229491	182.4106	2.328487
5161	1	-39.1723	-38.46409	-0.7082032	0.005700887	0.1037748	0.1915355	121.5859	1.316314
5162	0	-40.65974	-39.6432	-1.016538	0.03481828	0.4542121	0.1727929	19.90757	1.668674
5163	1	-37.59788	-36.76763	-0.8302496	0.02473698	0.3595682	0.1653748	28.02069	2.681865
5164	0	-39.57228	-37.27597	-2.296315	0.07954258	0.693249	0.3303297	8.714165	2.876112
5165	1	-44.52748	-40.37541	-4.152065	0.1684981	0.8486766	0.601392	4.113678	3.479346
5166	0	-41.49382	-39.2873	-2.20652	0.03857684	0.4842209	0.5386044	17.96796	2.548393
5167	1	-39.31487	-38.17904	-1.135834	0.02592065	0.3718784	0.2207603	26.74112	3.720902
5168	0	-39.85442	-38.06565	-1.788777	0.03145677	0.4250951	0.3922178	22.03491	2.941452
5169	1	-39.06766	-38.53878	-0.5288744	0.01489681	0.2423845	0.1405892	46.5299	3.633901
5170	0	-37.81806	-36.58481	-1.233251	0.02910184	0.4033009	0.232655	23.81798	2.67559
5171	1	-37.06909	-36.51267	-0.5564241	0.008345882	0.146994	0.1585279	83.0526	2.672805
5172	0	-38.1639	-36.88612	-1.277784	0.02803148	0.3929905	0.246956	24.72746	2.293367
5173	1	-38.38867	-37.04452	-1.344152	0.02802454	0.3929228	0.263928	24.73358	3.133753
5174	0	-40.44186	-38.18021	-2.261644	0.06676748	0.6455712	0.3821765	10.38151	3.50337
5175	1	-39.68158	-38.53896	-1.142626	0.004103238	0.07621644	0.3024951	168.9269	3.17087
5176	0	-40.40267	-37.79411	-2.608561	0.06946563	0.6566408	0.5204453	9.978275	2.89215
5177	1	-38.88979	-37.98308	-0.906706	0.02309465	0.3419011	0.1827046	30.01332	3.592907
5178	0	-38.31036	-36.96212	-1.348235	0.0382098	0.4814019	0.229495	18.14056	3.126102
5179	1	-40.50456	-38.33789	-2.166661	0.0530174	0.5787909	0.4220545	13.07396	3.511212
5180	0	-39.80969	-37.80248	-2.007213	0.04647312	0.5396005	0.394702	14.91501	3.251132
5181	1	-39.42044	-38.45916	-0.9612863	0.02218497	0.3318112	0.1954493	31.24401	1.557982
5182	0	-43.10771	-39.97813	-3.129574	0.08016681	0.6952963	0.753352	8.646311	3.620614
5183	1	-39.73631	-38.38176	-1.354548	0.01344215	0.222533	0.3276888	51.56521	3.2105
5184	0	-37.60934	-36.89864	-0.7106967	0.01725919	0.2731377	0.1630885	40.16104	3.098014
5185	1	-40.54296	-39.098	-1.444963	0.01566838	0.2526266	0.3475927	44.23861	1.627476
5186	0	-39.37258	-39.03375	-0.3388328	0.02151096	0.3241914	0.1058866	32.22298	2.846029
5187	1	-39.67247	-37.69042	-1.982056	0.05218879	0.5741266	0.3550411	13.28153	3.371956
5188	0	-39.01261	-37.86223	-1.150379	0.008647719	0.1517436	0.2858942	80.15376	2.915807
5189	1	-37.38261	-36.55899	-0.8236257	0.01374493	0.2267244	0.191879	50.4293	2.513259
5190	0	-38.80721	-37.198	-1.609214	0.03254043	0.4347297	0.3227721	21.3011	2.687916
5191	1	-38.11493	-36.89606	-1.218868	0.03966519	0.4924443	0.1975428	17.47495	2.644468
5192	0	-37.96826	-36.9611	-1.007153	0.01830095	0.2861412	0.2161632	37.87493	2.139586
5193	1	-41.20064	-38.39023	-2.810411	0.07265976	0.6690148	0.6087538	9.539629	2.55028
5194	0	-40.98456	-37.73468	-3.249884	0.1056164	0.7621155	0.5930853	6.562872	2.98279
5195	1	-38.41135	-36.79183	-1.619516	0.04978798	0.5601386	0.2555987	13.92198	2.630262
5196	0	-40.55585	-37.91229	-2.643557	0.09299919	0.7326452	0.3865432	7.453261	3.207899
5197	1	-38.17953	-36.71404	-1.465491	0.0428766	0.5155742	0.2415833	16.1661	2.584693
5198	0	-41.70698	-38.50813	-3.198845	0.1255993	0.7982	0.4249702	5.518717	2.7507
5199	1	-45.68578	-41.32522	-4.360562	0.1668047	0.8471547	0.7587446	4.155441	2.032725
5200	0	-39.2912	-37.25122	-2.03998	0.06290333	0.6286513	0.3233719	11.01924	3.154652
5201	1	-38.56823	-37.54724	-1.020988	0.0217455	0.326857	0.2087652	31.87543	3.513543
5202	0	-40.38169	-37.62126	-2.76043	0.08785094	0.7186781	0.4672392	7.890037	2.479072
5203	1	-37.48971	-36.73068	-0.7590304	0.01011527	0.174326	0.1893397	68.52483	2.272642
5204	0	-40.5439	-38.94112	-1.602781	0.01800211	0.2824449	0.3938156	38.50366	3.091035
5205	1	-41.52102	-39.69211	-1.828912	0.02341767	0.3454311	0.4573795	29.59933	1.922832
5206	0	-37.5658	-37.02466	-0.541136	0.0172532	0.2730619	0.1376642	40.175	2.744623
5207	1	-38.32547	-36.75386	-1.571608	0.04107726	0.5028189	0.2755444	16.87423	2.897831
5208	0	-39.10041	-37.67261	-1.427803	0.0535712	0.5818632	0.2000272	12.9388	2.931022
5209	1	-44.32188	-40.85653	-3.46535	0.1055069	0.7618852	0.7368256	6.569685	1.739653
5210	0	-39.50866	-37.22246	-2.286201	0.07815878	0.6886251	0.3334605	8.868449	2.71844
5211	1	-41.50085	-38.7114	-2.789448	0.07938731	0.6927361	0.5420823	8.731209	3.528964
5212	0	-40.36529	-38.94124	-1.424053	0.02585544	0.3712092	0.2947767	26.80856	1.418814
5213	1	-37.05617	-36.51253	-0.5436458	0.006433421	0.116038	0.1608011	107.7416	2.569906
5214	0	-38.47378	-38.12581	-0.3479718	0.01284322	0.2141482	0.1207774	53.96991	3.294759
5215	1	-41.60617	-38.26585	-3.340323	0.09932157	0.7481871	0.7095984	6.978818	2.960082
5216	0	-38.94731	-37.5283	-1.419001	0.02180937	0.3275804	0.3105427	31.78208	2.442956
5217	1	-37.11129	-36.74573	-0.3655611	0.005235213	0.09585866	0.136867	132.401	2.355322
5218	0	-39.32158	-37.62013	-1.701448	0.03164156	0.4267552	0.3584817	21.90623	2.610183
5219	1	-37.33282	-36.65401	-0.6788047	0.008593051	0.1508861	0.1785413	80.66368	2.969086
5220	0	-40.71241	-38.78668	-1.925726	0.03797739	0.4796047	0.4102044	18.25158	3.614222
5221	1	-37.99696	-36.99634	-1.000618	0.02466807	0.3588409	0.1962827	28.09896	2.151825
5222	0	-43.35331	-40.30975	-3.043552	0.0732955	0.671388	0.7617171	9.456886	3.655994
5223	1	-38.67584	-37.06764	-1.608204	0.03969124	0.4926388	0.2914661	17.46348	3.136849
5224	0	-41.61958	-38.20925	-3.410324	0.1239482	0.7956123	0.5374429	5.592231	3.201079
5225	1	-42.9693	-40.68231	-2.286986	0.03306141	0.4392762	0.6310339	20.96545	2.442307
5226	0	-41.06921	-38.79718	-2.272028	0.05442851	0.586549	0.4596971	12.735	1.881631
5227	1	-37.2098	-36.66739	-0.5424111	0.0121651	0.2045022	0.1481118	56.97834	2.517605
5228	0	-39.03067	-37.47152	-1.559149	0.05741387	0.6022258	0.2160515	12.07282	2.757879
5229	1	-38.87918	-37.92807	-0.9511058	0.001125852	0.02172693	0.2605001	615.6648	2.984933
5230	0	-39.26187	-38.49667	-0.7652022	0.03461748	0.4525354	0.1347733	20.02304	2.896916
5231	1	-37.69858	-36.95171	-0.7468682	0.00596557	0.1082323	0.1983433	116.1913	3.113648
5232	0	-37.75877	-36.61912	-1.139652	0.02613625	0.3740835	0.2209309	26.52053	2.887557
5233	1	-38.44726	-37.61524	-0.8320158	0.01454704	0.2376766	0.1913156	47.64866	1.742961
5234	0	-38.76367	-38.28201	-0.4816619	0.002395712	0.04548146	0.1600076	289.3283	1.381241
5235	1	-38.37472	-37.23111	-1.143604	0.03088096	0.4198762	0.2074268	22.44578	2.096935
5236	0	-37.93091	-36.82672	-1.104191	0.03328362	0.4411989	0.192756	20.82547	2.472858
5237	1	-43.05524	-39.78837	-3.266863	0.08600453	0.7133519	0.7958075	8.059426	2.133203
5238	0	-37.80945	-37.13712	-0.67233	0.008424663	0.1482372	0.1778115	82.27595	1.930091
5239	1	-38.32287	-37.51998	-0.8028897	0.03053287	0.4166872	0.148262	22.70167	2.541106
5240	0	-41.84392	-39.01366	-2.830261	0.0861943	0.7139074	0.5128967	8.041683	3.638468
5241	1	-38.23956	-37.83885	-0.4007037	0.006352994	0.1147028	0.1395415	109.1056	3.563717
5242	0	-38.05972	-37.21251	-0.8472116	0.01787405	0.2808526	0.1853271	38.77953	3.361174
5243	1	-38.45472	-37.57479	-0.8799238	0.001298222	0.0249975	0.2420118	533.9204	2.89071
5244	0	-39.74945	-37.32399	-2.425458	0.07833196	0.6892103	0.3823495	8.848842	2.523883
5245	1	-38.57675	-37.36585	-1.2109	0.01962669	0.3022172	0.2600966	35.31655	3.274729
5246	0	-38.8887	-36.96597	-1.922729	0.05605416	0.5952064	0.3168108	12.36567	3.005701
5247	1	-38.86032	-37.64417	-1.216149	0.0362542	0.4659805	0.2067314	19.11909	3.387824
5248	0	-42.39299	-39.77424	-2.618751	0.06752571	0.6487415	0.540383	10.26494	1.699074
5249	1	-37.81735	-36.72763	-1.089727	0.02548468	0.3673846	0.2121152	27.19859	2.333795
5250	0	-42.58674	-40.57823	-2.008506	0.04872758	0.5537278	0.3828249	14.22495	1.246389
5251	1	-38.88505	-37.66392	-1.221133	0.01795299	0.2818347	0.2690584	38.60902	1.938761
5252	0	-43.69147	-41.16968	-2.521792	0.1131355	0.7770057	0.257503	6.126699	2.829388
5253	1	-39.54545	-38.78589	-0.7595602	0.005962943	0.1081882	0.2008842	116.2425	4.077249
5254	0	-38.13487	-37.51408	-0.6207861	0.008701333	0.1525834	0.1682199	79.65989	1.752247
5255	1	-37.08546	-36.59343	-0.4920294	0.0003520349	0.006862294	0.1664106	1968.973	2.557065
5256	0	-38.08527	-36.94544	-1.139829	0.02751875	0.3879588	0.2166966	25.18818	3.187565
5257	1	-40.405	-37.55534	-2.849662	0.08960555	0.7235805	0.4983425	7.735539	2.583077
5258	0	-37.65969	-36.9564	-0.7032834	0.001709936	0.03275035	0.2016493	405.3645	2.392535
5259	1	-42.93209	-40.05289	-2.879194	0.106073	0.7630714	0.4067498	6.534622	2.078692
5260	0	-39.65473	-38.27664	-1.37809	0.0194728	0.3003777	0.3080978	35.59566	3.557426
5261	1	-44.23276	-40.97557	-3.257191	0.1331203	0.8092436	0.4050959	5.206925	3.483154
5262	0	-38.71979	-37.73165	-0.9881452	0.02819006	0.3945345	0.1844413	24.58836	1.939222
5263	1	-39.10516	-37.54234	-1.56282	0.04706885	0.543401	0.2509673	14.72624	2.12201
5264	0	-39.68542	-38.49014	-1.195284	0.03592711	0.4633336	0.2034003	19.29315	1.783313
5265	1	-40.03461	-38.16132	-1.873294	0.03588611	0.4630004	0.4009212	19.31519	3.208541
5266	0	-38.66253	-37.42826	-1.234272	0.01625949	0.2603422	0.2792175	42.63031	2.3299
5267	1	-38.55376	-37.36477	-1.188991	0.04328452	0.5183958	0.182172	16.01374	2.615135
5268	0	-43.79063	-39.90529	-3.885347	0.1390081	0.8171175	0.6986208	4.986381	3.650237
5269	1	-39.73862	-37.18913	-2.549484	0.08240239	0.7024384	0.4086514	8.411736	2.847746
5270	0	-38.25211	-36.81512	-1.436988	0.03143178	0.42487	0.2759946	22.05243	2.627515
5271	1	-40.94057	-37.77138	-3.169194	0.1144808	0.7794898	0.4827169	6.054704	2.986788
5272	0	-37.40404	-36.78859	-0.6154519	0.01201144	0.2022935	0.1596811	57.70725	2.236125
5273	1	-40.56563	-37.98308	-2.582543	0.07344354	0.6719365	0.479371	9.437824	3.317474
5274	0	-37.29849	-36.5063	-0.7921847	0.01627265	0.2605126	0.1794178	42.59585	2.702874
5275	1	-38.83627	-37.10214	-1.734129	0.04799873	0.5492358	0.2939753	14.44095	2.307331
5276	0	-41.04059	-38.1461	-2.894484	0.07845727	0.6896326	0.6100808	8.834709	2.858944
5277	1	-38.12311	-37.51523	-0.6078862	0.0008783318	0.01700475	0.1854676	789.1632	3.542978
5278	0	-37.29106	-36.81195	-0.479108	0.01230435	0.2064964	0.1387532	56.3335	2.775055
5279	1	-37.71709	-36.98342	-0.7336673	0.00597593	0.1084062	0.1957136	115.9898	2.11262
5280	0	-39.10144	-38.00567	-1.095766	0.02909066	0.4031946	0.202802	23.82713	1.792922
5281	1	-38.69169	-36.97876	-1.712928	0.04924991	0.5569039	0.2827663	14.07408	3.085087
5282	0	-38.13939	-36.89771	-1.24168	0.02566818	0.3692818	0.2462854	27.00414	2.294395
5283	1	-41.03203	-38.74789	-2.284144	0.05501851	0.5897251	0.4614385	12.59844	3.597749
5284	0	-40.16844	-37.74114	-2.4273	0.07945388	0.6929561	0.3770315	8.723893	2.335134
5285	1	-38.72152	-37.11605	-1.60547	0.03476596	0.4537759	0.3116137	19.93753	2.962787
5286	0	-40.51085	-37.59596	-2.91489	0.0880394	0.719212	0.5438312	7.873147	2.805098
5287	1	-37.52904	-36.55501	-0.9740291	0.01944477	0.3000419	0.2057685	35.64697	2.773479
5288	0	-41.32005	-39.81129	-1.50876	0.02693571	0.3821625	0.3159758	25.73339	4.202453
5289	1	-37.48721	-36.5605	-0.9267119	0.01762217	0.2777062	0.2013775	39.33382	2.79807
5290	0	-40.55309	-38.11072	-2.442375	0.05800954	0.6052391	0.518183	11.94885	2.791603
5291	1	-38.10788	-37.99108	-0.1168028	0.006433074	0.1160322	0.1049338	107.7474	2.207971
5292	0	-39.14854	-37.53637	-1.612174	0.03193195	0.4293496	0.3265236	21.70701	3.185014
5293	1	-38.17436	-37.43527	-0.7390854	0.006492048	0.1170095	0.1953474	106.7686	1.786518
5294	0	-40.21365	-37.67935	-2.5343	0.09263769	0.7317049	0.3483103	7.482345	2.942832
5295	1	-36.93242	-36.57096	-0.3614631	0.002846749	0.05373227	0.1409847	243.4872	2.72566
5296	0	-42.94414	-38.3936	-4.550539	0.1672647	0.847571	0.9115494	4.144014	2.944644
5297	1	-37.9501	-37.08225	-0.8678485	0.006308243	0.1139586	0.2227698	109.8796	2.344382
5298	0	-40.96216	-39.1523	-1.809866	0.03192061	0.4292486	0.3979612	21.71473	1.633929
5299	1	-37.5696	-37.0168	-0.5527969	0.01326443	0.2200581	0.1473519	52.25608	3.113772
5300	0	-37.2878	-36.66456	-0.6232404	0.006407241	0.1156036	0.1741875	108.1819	2.307394
5301	1	-40.7383	-37.95602	-2.782286	0.09145441	0.7285853	0.4538627	7.579155	3.300341
5302	0	-41.1595	-39.13545	-2.024047	0.03239111	0.4334165	0.4897468	21.3993	2.903614
5303	1	-38.77294	-36.86175	-1.911186	0.05350397	0.5814921	0.3246624	12.95506	2.677613
5304	0	-44.14436	-42.7083	-1.436057	0.06491558	0.637625	0.1718214	10.67767	1.962874
5305	1	-39.77036	-38.71138	-1.058984	0.01210589	0.2036522	0.2484836	57.25701	1.345201
5306	0	-38.58037	-37.65672	-0.9236501	0.03513145	0.4568118	0.1567703	19.7301	2.460083
5307	1	-39.54294	-37.31579	-2.227149	0.07295308	0.6701133	0.3383257	9.501273	2.482242
5308	0	-37.38115	-36.55422	-0.8269283	0.01386336	0.2283553	0.192192	49.99848	2.527814
5309	1	-40.43679	-39.11598	-1.320811	0.0524715	0.5757272	0.1825449	13.20998	2.162371
5310	0	-37.60604	-37.20303	-0.4030103	0.0135299	0.223751	0.1263792	51.23077	2.810503
5311	1	-37.51972	-37.26157	-0.258148	0.002851624	0.05382091	0.1271372	243.0711	3.247175
5312	0	-38.34092	-36.78404	-1.556874	0.04747335	0.5459535	0.2480581	14.60077	2.873169
5313	1	-37.85821	-37.07367	-0.7845461	0.002532762	0.04799871	0.2161926	273.6724	2.699251
5314	0	-41.61035	-38.35557	-3.254786	0.09949485	0.7485902	0.6498326	6.966664	3.270846
5315	1	-38.17013	-37.2363	-0.9338327	0.03176178	0.4278314	0.1660957	21.82331	2.980371
5316	0	-38.45562	-36.84156	-1.614061	0.05146705	0.5699964	0.2482495	13.46779	2.784992
5317	1	-37.38897	-36.63766	-0.7513108	0.01804523	0.2829799	0.1679731	38.41166	2.874558
5318	0	-38.01336	-36.72935	-1.284003	0.03174401	0.4276725	0.2358005	21.83553	2.403246
5319	1	-37.68686	-36.54803	-1.13883	0.02723834	0.3851811	0.2173395	25.44748	2.712565
5320	0	-38.24544	-37.27045	-0.9749934	0.01946792	0.3003192	0.2058997	35.60458	3.398694
5321	1	-37.81357	-37.20756	-0.60601	0.008528955	0.1498791	0.1661566	81.26988	3.389598
5322	0	-38.55664	-36.8606	-1.696036	0.04199896	0.5094164	0.3080176	16.50391	2.766235
5323	1	-37.66794	-36.75857	-0.9093672	0.01623388	0.2600103	0.2018344	42.69756	3.062627
5324	0	-37.93694	-37.13797	-0.7989695	0.0265055	0.3778341	0.1563273	26.15107	2.438253
5325	1	-37.27518	-36.58816	-0.6870194	0.01388944	0.2287137	0.1670373	49.90462	2.440125
5326	0	-38.60837	-37.08076	-1.527609	0.03216497	0.4314189	0.2990602	21.54975	2.972299
5327	1	-41.69979	-38.54744	-3.152348	0.09047287	0.7259485	0.6662882	7.661382	3.262536
5328	0	-38.17039	-36.79095	-1.379441	0.03248314	0.4342264	0.2567191	21.33867	2.983618
5329	1	-38.71798	-37.27832	-1.439658	0.02919023	0.4041407	0.2856353	23.74587	2.175241
5330	0	-43.48649	-40.26512	-3.221367	0.09807429	0.7452511	0.6412138	7.067573	3.872051
5331	1	-38.67263	-37.32501	-1.347626	0.02074339	0.3153611	0.2935372	33.41533	2.559811
5332	0	-39.49022	-37.30055	-2.189666	0.0711486	0.6632558	0.3342924	9.742247	3.10656
5333	1	-39.09935	-37.77884	-1.320513	0.01672481	0.2663372	0.3023721	41.44424	2.225811
5334	0	-39.85218	-37.40952	-2.442663	0.07746002	0.6862445	0.3938057	8.948451	3.137494
5335	1	-37.31013	-36.77423	-0.5359063	0.001242984	0.023951	0.1717001	557.6479	3.036726
5336	0	-38.20229	-36.79159	-1.410702	0.0309344	0.4203636	0.2707298	22.407	2.598307
5337	1	-38.02388	-37.32325	-0.7006328	0.01349009	0.2231988	0.1702848	51.38196	1.898523
5338	0	-37.90289	-37.51645	-0.3864423	0.009288275	0.1617035	0.1319782	74.62604	1.996139
5339	1	-37.85069	-36.91755	-0.9331364	0.01419677	0.2329207	0.2127235	48.82429	3.132767
5340	0	-41.02895	-38.4126	-2.616343	0.06557525	0.6404891	0.5541428	10.57026	2.33579
5341	1	-40.85517	-38.26649	-2.588675	0.07954617	0.6932608	0.4424825	8.713771	3.463982
5342	0	-39.11959	-38.0179	-1.101684	0.01240662	0.2079565	0.2582243	55.86914	3.591353
5343	1	-40.34707	-37.55615	-2.790924	0.08845809	0.7203917	0.4775928	7.835882	3.103683
5344	0	-43.3589	-38.75219	-4.606709	0.1695699	0.8496246	0.9333237	4.087679	2.598302
5345	1	-39.82336	-37.8835	-1.939865	0.07039789	0.6603318	0.2631752	9.846136	2.426427
5346	0	-40.10079	-38.1451	-1.955692	0.05829191	0.6066546	0.3172396	11.89097	3.527125
5347	1	-38.03393	-37.14249	-0.8914424	0.02325666	0.343675	0.1795257	29.80424	2.110807
5348	0	-40.49007	-38.88816	-1.60191	0.05536665	0.591581	0.2321068	12.51922	3.543489
5349	1	-40.51802	-38.1258	-2.392217	0.06866555	0.6534193	0.4239617	10.09454	2.107003
5350	0	-38.02533	-36.87094	-1.154394	0.03729328	0.4742595	0.191519	18.58638	2.680612
5351	1	-38.09788	-37.78364	-0.3142352	0.0005787782	0.011249	0.1388592	1197.604	1.628959
5352	0	-37.61422	-36.60619	-1.008038	0.02678907	0.3806921	0.1919077	25.87425	2.818748
5353	1	-37.08507	-36.57643	-0.5086437	0.001790645	0.03426046	0.1657947	387.0936	2.506933
5354	0	-41.25107	-38.7432	-2.507868	0.0658089	0.6414946	0.4955395	10.53273	3.577146
5355	1	-37.61989	-37.01396	-0.605933	0.01363738	0.2252392	0.1545769	50.82699	2.143008
5356	0	-38.07362	-37.04918	-1.024433	0.02968223	0.4087841	0.1872679	23.35226	2.251538
5357	1	-37.47999	-36.95201	-0.5279817	0.01179495	0.1991673	0.1467553	58.76645	3.093224
5358	0	-37.99501	-36.91448	-1.080533	0.02183653	0.3278876	0.221289	31.74255	2.187036
5359	1	-37.00649	-36.55843	-0.4480651	0.006082603	0.1101937	0.1468693	113.9557	2.56262
5360	0	-38.60677	-38.02658	-0.5801932	0.0238545	0.3501616	0.1304022	29.05729	3.064991
5361	1	-40.15866	-38.11242	-2.046241	0.07875217	0.6906224	0.2601302	8.801626	2.624195
5362	0	-37.82025	-36.79606	-1.02419	0.02256372	0.3360391	0.2070281	30.71954	2.252734
5363	1	-40.62366	-38.89431	-1.729346	0.02386696	0.3502958	0.4114144	29.04212	3.216063
5364	0	-38.27721	-37.05375	-1.22346	0.02959118	0.4079288	0.2288012	23.42412	3.242905
5365	1	-39.74743	-37.30779	-2.439641	0.07290661	0.6699397	0.4187012	9.50733	3.045178
5366	0	-37.77208	-36.81675	-0.9553303	0.01823659	0.2853475	0.205433	38.00859	3.115238
5367	1	-37.25136	-36.83774	-0.4136178	0.0004445647	0.008655562	0.1536595	1559.159	2.10228
5368	0	-39.46588	-38.94631	-0.5195662	0.01497025	0.2433678	0.1391422	46.30164	1.590465
5369	1	-38.36569	-36.97778	-1.387909	0.03681929	0.4705072	0.2435197	18.82565	3.162948
5370	0	-40.18717	-39.34102	-0.8461499	0.02093811	0.3176168	0.1772884	33.10457	1.377379
5371	1	-41.90835	-39.65579	-2.25256	0.04846899	0.5521421	0.4904307	14.30084	3.841268
5372	0	-40.24736	-38.74832	-1.499038	0.03632977	0.4665892	0.2740311	19.07932	1.572081
5373	1	-37.78085	-37.1208	-0.6600522	0.02179088	0.327371	0.1454211	31.80905	2.881892
5374	0	-39.32848	-37.09513	-2.233354	0.06378215	0.632615	0.3875182	10.86742	2.665204
5375	1	-37.89617	-37.47778	-0.4183945	0.003875785	0.07220013	0.1470902	178.8405	1.772698
5376	0	-39.43461	-37.10607	-2.328541	0.07557288	0.6796571	0.3608251	9.171904	2.894374
5377	1	-37.62783	-36.65137	-0.9764608	0.01676129	0.2668043	0.2142387	41.35404	2.825704
5378	0	-41.03814	-37.87882	-3.159327	0.1097251	0.7704705	0.5111906	6.317125	2.554209
5379	1	-37.77305	-36.77261	-1.000433	0.01762807	0.2777802	0.2167661	39.32064	3.013785
5380	0	-38.54615	-37.71659	-0.8295622	0.004009563	0.0745652	0.2214782	172.8735	1.768966
5381	1	-39.21707	-37.91212	-1.304946	0.02357577	0.3471489	0.270241	29.40083	1.769698
5382	0	-40.65928	-37.57101	-3.088269	0.09990269	0.7495343	0.5469933	6.938223	2.77062
5383	1	-37.54671	-36.97664	-0.5700737	0.01793499	0.281611	0.1403478	38.64776	2.687317
5384	0	-38.31395	-36.84219	-1.471757	0.03317498	0.4402601	0.2788088	20.89368	2.878419
5385	1	-38.51971	-37.52874	-0.9909632	0.008802212	0.1541606	0.243234	78.74693	3.282636
5386	0	-38.29245	-37.29458	-0.9978709	0.008314286	0.1464947	0.2466139	83.36822	2.397677
5387	1	-38.31784	-37.25168	-1.066161	0.03082869	0.419399	0.192111	22.48384	3.246769
5388	0	-41.05124	-39.6363	-1.414945	0.01808408	0.2834615	0.3259973	38.32914	4.121557
5389	1	-38.11819	-38.13369	0.01549722	0.004434894	0.08203072	0.09456207	156.294	2.616099
5390	0	-40.25068	-37.41522	-2.835458	0.0970184	0.7427171	0.4424687	7.144492	2.894124
5391	1	-40.17337	-39.97925	-0.1941255	0.003677273	0.06867556	0.1178699	188.4949	1.251183
5392	0	-38.17181	-37.26267	-0.9091449	0.007188815	0.1284456	0.229292	96.42023	2.158918
5393	1	-41.81298	-38.51927	-3.29371	0.1098362	0.770689	0.5837982	6.310734	3.404056
5394	0	-38.00293	-37.83502	-0.1679109	0.003588522	0.06709395	0.1149642	193.1568	1.935758
5395	1	-37.80713	-36.96676	-0.8403644	0.0203837	0.3111663	0.1776515	34.00498	2.164366
5396	0	-38.05068	-37.32121	-0.7294671	0.006145941	0.1112527	0.1944258	112.7813	1.851757
5397	1	-40.85686	-37.98983	-2.867028	0.1076483	0.7663156	0.3929889	6.439001	2.989392
5398	0	-40.425	-38.86396	-1.561045	0.01705611	0.2705639	0.382799	40.63922	2.216621
5399	1	-38.56157	-36.90164	-1.659932	0.04396238	0.5230287	0.2889683	15.76683	3.027334
5400	0	-37.64565	-36.72683	-0.918818	0.02717753	0.3845763	0.1745668	25.50442	2.705667
5401	1	-37.98222	-36.87227	-1.109948	0.02608267	0.3735366	0.2146273	26.57501	2.224776
5402	0	-40.44144	-37.71672	-2.724712	0.07826055	0.6889692	0.5162538	8.856917	3.068045
5403	1	-37.13995	-36.53124	-0.608712	0.01056087	0.1810188	0.161892	65.63353	2.766255
5404	0	-38.50188	-36.89809	-1.603793	0.03702931	0.4721748	0.3013026	18.71888	2.648462
5405	1	-37.90332	-36.62038	-1.282942	0.03438544	0.4505882	0.2269232	20.15816	2.568875
5406	0	-39.52264	-37.5866	-1.936042	0.04621869	0.5379623	0.3689105	14.99712	2.231828
5407	1	-39.06368	-37.95758	-1.106103	0.02384041	0.3500097	0.2206843	29.07447	1.695741
5408	0	-39.18412	-37.73171	-1.45241	0.02072517	0.3151495	0.3260484	33.44471	2.595971
5409	1	-39.62044	-37.78438	-1.83606	0.03739707	0.4750758	0.3781106	18.5348	3.121401
5410	0	-39.92795	-37.26648	-2.661466	0.08648863	0.7147653	0.4314372	8.014315	2.742701
5411	1	-37.61643	-36.89821	-0.7182137	0.01645054	0.2628119	0.1662069	42.13523	2.195588
5412	0	-38.93074	-36.95565	-1.975098	0.05911678	0.610743	0.3197087	11.72505	2.971186
5413	1	-38.77678	-37.51068	-1.266104	0.01704492	0.2704217	0.2850678	40.6659	3.058723
5414	0	-38.16963	-37.02171	-1.147919	0.03426535	0.4495763	0.1985985	20.22881	3.1021
5415	1	-39.38683	-38.06878	-1.318054	0.01998766	0.306505	0.2880426	34.67875	3.563135
5416	0	-37.84941	-37.22279	-0.6266196	0.001191693	0.02297794	0.1881401	581.6492	1.923035
5417	1	-42.22553	-39.4521	-2.773437	0.06567762	0.6409302	0.6474687	10.55378	2.086819
5418	0	-37.44058	-36.76008	-0.6804963	0.005619085	0.1023911	0.1865169	123.3559	2.993283
5419	1	-38.18815	-36.76624	-1.421911	0.04411306	0.5240493	0.2272765	15.71297	2.783352
5420	0	-37.26984	-37.02985	-0.2399856	0.003311397	0.06213198	0.1240407	209.3217	2.238125
5421	1	-38.43289	-38.16309	-0.2698005	0.0006541391	0.01270125	0.1326828	1059.633	1.529282
5422	0	-37.34735	-36.8288	-0.5185411	0.001647921	0.03158787	0.1677817	420.6192	3.125381
5423	1	-37.40536	-36.7557	-0.6496595	0.006217152	0.1124413	0.1793316	111.4895	3.053965
5424	0	-39.26057	-38.45791	-0.802667	0.002298019	0.04368163	0.2208771	301.6282	1.359636
5425	1	-37.22826	-36.60121	-0.6270481	0.008698158	0.1525337	0.1692841	79.68896	2.367793
5426	0	-38.86158	-37.79029	-1.0713	0.01814235	0.2841828	0.2310007	38.20604	1.717482
5427	1	-39.82531	-37.72739	-2.09792	0.04979634	0.5601886	0.412359	13.91964	2.325696
5428	0	-41.30654	-38.21262	-3.093917	0.09475666	0.7371345	0.5915688	7.315024	3.288819
5429	1	-40.25361	-37.42731	-2.826306	0.08755081	0.7178242	0.5011759	7.917085	2.800969
5430	0	-37.21018	-36.64802	-0.5621583	0.004715862	0.08691772	0.1678286	146.9821	2.959408
5431	1	-38.98226	-37.13812	-1.844145	0.05503019	0.5897876	0.2971347	12.59576	3.145356
5432	0	-37.53743	-37.1973	-0.3401255	0.005088648	0.09334753	0.1337061	136.2144	2.034835
5433	1	-38.32932	-37.47978	-0.8495413	0.00531072	0.09714867	0.2218326	130.5185	1.922852
5434	0	-39.28119	-37.70895	-1.572236	0.04071021	0.5001536	0.2771507	17.02637	1.954532
5435	1	-38.7963	-38.4346	-0.3617007	0.007555342	0.1343805	0.1319436	91.74266	3.676694
5436	0	-37.2307	-36.52687	-0.7038328	0.009943547	0.1717266	0.1796069	69.70824	2.576654
5437	1	-38.18467	-37.71192	-0.4727536	0.001199617	0.02312836	0.1612908	577.8071	3.671625
5438	0	-38.43678	-37.39847	-1.038312	0.02778209	0.3905507	0.195051	24.94943	3.366251
5439	1	-37.65311	-36.90521	-0.7478979	0.01063555	0.1821332	0.1858724	65.17264	2.099775
5440	0	-38.90748	-38.4235	-0.4839861	0.006980981	0.1250557	0.1503211	99.2908	3.823806
5441	1	-39.33465	-38.17547	-1.159184	0.007699351	0.1366971	0.2923126	90.02671	2.09821
5442	0	-39.07762	-37.94619	-1.13143	0.04331516	0.5186067	0.1719076	16.00242	3.067018
5443	1	-38.31802	-36.75486	-1.563158	0.03978312	0.4933234	0.2782666	17.42315	2.564373
5444	0	-39.93246	-38.78134	-1.151123	0.050586	0.5648679	0.158213	13.70235	2.782304
5445	1	-39.084	-37.54675	-1.537247	0.03105792	0.4214875	0.3067158	22.31789	3.307445
5446	0	-43.74371	-39.38491	-4.358802	0.1518995	0.8323505	0.9349172	4.563195	2.329126
5447	1	-37.74177	-37.2371	-0.504669	0.001475537	0.02834664	0.1658737	469.7593	3.429723
5448	0	-41.20897	-39.65712	-1.551853	0.02099533	0.3182776	0.3587669	33.01435	4.030041
5449	1	-37.58579	-36.73496	-0.8508289	0.02281199	0.3387896	0.1734668	30.38521	2.422495
5450	0	-37.37625	-37.278	-0.09825205	0.002403107	0.04561752	0.1090391	288.4379	2.417481
5451	1	-37.95415	-36.6992	-1.254949	0.02944539	0.4065556	0.2366074	23.54009	2.949946
5452	0	-38.75425	-37.83033	-0.923922	0.01812332	0.2839473	0.1993998	38.24616	1.691731
5453	1	-40.71058	-39.52307	-1.187516	0.05312692	0.5794014	0.1582921	13.047	2.399389
5454	0	-38.80722	-37.39656	-1.410666	0.03874103	0.4854745	0.242453	17.89181	2.071757
5455	1	-38.20556	-36.89381	-1.311758	0.02671206	0.3799178	0.2602969	25.94885	2.981969
5456	0	-45.96154	-42.57721	-3.384322	0.07832231	0.6891777	0.9975838	8.849932	1.473916
5457	1	-38.83136	-38.04458	-0.7867852	0.02683509	0.3811541	0.1537168	25.82988	2.028306
5458	0	-38.10404	-36.87462	-1.229424	0.02186718	0.328234	0.256705	31.69806	2.584748
5459	1	-40.27521	-37.50543	-2.769778	0.08346843	0.7057426	0.5017478	8.304304	2.970714
5460	0	-39.63006	-37.7861	-1.84396	0.0384127	0.4829631	0.3756809	18.04474	3.179868
5461	1	-42.91152	-39.31264	-3.598887	0.1188558	0.7872247	0.6973737	5.831835	3.581202
5462	0	-39.68024	-38.26775	-1.412495	0.02816105	0.3942524	0.2820519	24.61369	1.656978
5463	1	-38.9616	-37.86493	-1.096667	0.01711009	0.2712492	0.2404157	40.51102	3.627769
5464	0	-37.58905	-36.83755	-0.7515014	0.02281105	0.3387791	0.1570669	30.38647	2.736991
5465	1	-38.36994	-37.03831	-1.331634	0.03012621	0.4129286	0.2530205	23.00811	3.19429
5466	0	-39.0789	-37.7918	-1.287099	0.03592772	0.4633385	0.2229577	19.29282	3.494751
5467	1	-38.52841	-37.1065	-1.421908	0.04905255	0.555708	0.2119581	14.13071	2.807802
5468	0	-38.17423	-37.10636	-1.067869	0.01249385	0.2091989	0.2493311	55.47909	2.741493
5469	1	-38.37356	-37.11293	-1.260626	0.0216927	0.3262582	0.2654947	31.95302	3.0452
5470	0	-40.2255	-37.49461	-2.73089	0.08602352	0.7134075	0.4655019	8.057647	2.547474
5471	1	-41.08451	-37.90425	-3.180257	0.09740392	0.7436476	0.6212429	7.116215	2.670567
5472	0	-40.7479	-38.36496	-2.38294	0.09303782	0.7327454	0.2976983	7.450165	2.989861
5473	1	-42.21535	-38.3505	-3.864852	0.1394372	0.8176671	0.6803118	4.971034	2.56827
5474	0	-38.73666	-37.72547	-1.011192	0.01354448	0.2239531	0.2321219	51.17561	3.568019
5475	1	-37.34391	-36.50893	-0.8349841	0.01802432	0.2827205	0.1826867	38.45622	2.642967
5476	0	-39.83472	-38.76554	-1.069181	0.03871267	0.4852583	0.1723838	17.90492	1.965801
5477	1	-38.84837	-37.59235	-1.256019	0.01455746	0.2378174	0.2923	47.61456	2.768262
5478	0	-39.26251	-37.43445	-1.828064	0.0390182	0.4875801	0.3666071	17.76471	2.585799
5479	1	-38.33265	-37.05112	-1.281533	0.02126819	0.3214163	0.2727343	32.59079	2.709053
5480	0	-37.57564	-36.6893	-0.8863435	0.02525514	0.3649998	0.1736408	27.44579	2.754813
5481	1	-37.75302	-37.62994	-0.1230774	0.005961277	0.1081603	0.1063004	116.2749	2.408349
5482	0	-39.05023	-37.54223	-1.508	0.04415909	0.5243603	0.2475484	15.69659	2.083666
5483	1	-37.3708	-36.70403	-0.6667672	0.005138749	0.09420698	0.1852263	134.8864	2.37019
5484	0	-39.60889	-37.82007	-1.788821	0.04150558	0.5059016	0.3403285	16.7001	2.011407
5485	1	-38.28561	-37.80254	-0.4830755	0.01645633	0.2628866	0.1313694	42.12039	2.09253
5486	0	-38.73348	-37.03632	-1.697153	0.04199153	0.5093637	0.308394	16.50683	3.054993
5487	1	-41.11044	-38.18732	-2.923114	0.09307944	0.7328532	0.5106411	7.446835	3.366319
5488	0	-37.83607	-37.11091	-0.725158	0.02441407	0.3561492	0.149558	28.3913	2.834583
5489	1	-39.79194	-37.35028	-2.441658	0.08182703	0.7006281	0.3698746	8.470882	3.042004
5490	0	-36.96271	-36.59124	-0.3714681	0.002460763	0.04667739	0.1431809	281.6797	2.438841
5491	1	-40.60063	-38.53236	-2.068266	0.07134508	0.6640141	0.2952555	9.715417	3.451819
5492	0	-37.30948	-36.71047	-0.5990098	0.001298874	0.02500985	0.1827398	533.6523	2.722554
5493	1	-37.08453	-36.59033	-0.4941961	0.00640092	0.1154987	0.1531132	108.2887	2.410119
5494	0	-39.3814	-38.37806	-1.00334	0.001059855	0.02047082	0.2747249	654.0021	1.955686
5495	1	-37.1514	-36.89662	-0.2547867	0.001181871	0.02279146	0.1297349	586.483	2.200253
5496	0	-37.81425	-37.05572	-0.7585308	0.004404362	0.08149754	0.2051448	157.3774	2.168197
5497	1	-38.33959	-37.736	-0.6035894	0.01130262	0.1919945	0.159386	61.32625	3.569805
5498	0	-39.23246	-37.81298	-1.419478	0.01976616	0.3038783	0.319789	35.06737	3.038532
5499	1	-40.99122	-40.09183	-0.8993973	0.0159138	0.2558437	0.2007377	43.55636	4.32189
5500	0	-37.28707	-37.18205	-0.1050209	0.001467238	0.02819024	0.1112407	472.4162	2.889263
5501	1	-38.20121	-37.37834	-0.8228628	0.00179547	0.03435065	0.2269889	386.0533	3.017628
5502	0	-37.51649	-37.03538	-0.4811183	0.00516163	0.09459913	0.1537928	134.2884	1.995034
5503	1	-42.21253	-39.82646	-2.386077	0.05554976	0.5925517	0.507135	12.47795	1.602477
5504	0	-37.51562	-36.56951	-0.9461043	0.02044525	0.3118867	0.1972939	33.9026	2.479098
5505	1	-37.21977	-36.54383	-0.6759385	0.01366499	0.2256209	0.1657212	50.7243	2.778435
5506	0	-40.27549	-37.62444	-2.651042	0.08026109	0.6956034	0.4662252	8.636155	2.438916
5507	1	-41.30882	-40.20147	-1.107342	0.05126436	0.5688251	0.1499916	13.52103	2.270495
5508	0	-40.43296	-38.66967	-1.763289	0.05197799	0.5729268	0.2861296	13.3354	3.690102
5509	1	-38.28752	-37.14605	-1.141475	0.01652185	0.2637308	0.2535314	41.95337	3.040986
5510	0	-39.34041	-37.71202	-1.628384	0.03015238	0.4131716	0.3403076	22.98814	2.223393
5511	1	-36.9264	-36.57755	-0.3488503	0.003003052	0.05656911	0.1389106	230.8143	2.63574
5512	0	-38.7579	-37.47113	-1.286764	0.01966487	0.3026725	0.280445	35.24799	2.151284
5513	1	-38.34283	-37.44745	-0.895378	0.002720218	0.05142735	0.2408931	254.8131	2.778079
5514	0	-40.71656	-39.76556	-0.9509961	0.01075377	0.1838929	0.2273496	64.45619	4.353397
5515	1	-37.13601	-36.53306	-0.6029533	0.005921956	0.1074999	0.1718635	117.047	2.615915
5516	0	-37.52144	-36.58013	-0.9413048	0.02206171	0.330427	0.1919165	31.41856	2.480788
5517	1	-41.87136	-40.53029	-1.341064	0.02521075	0.3645371	0.2737832	27.49412	4.416042
5518	0	-38.52912	-37.42151	-1.107606	0.01155716	0.1957141	0.2628938	59.97555	2.99405
5519	1	-38.23619	-37.01823	-1.217966	0.02639072	0.3766717	0.2380711	26.26481	2.162919
5520	0	-37.36371	-37.00648	-0.3572221	0.008764217	0.1535671	0.12913	79.08832	2.938084
5521	1	-39.0223	-37.96971	-1.052599	0.02880263	0.4004447	0.1950258	24.06542	3.556517
5522	0	-41.41935	-39.41037	-2.008976	0.0353324	0.4584701	0.4627881	19.61789	3.64221
5523	1	-37.46005	-36.79542	-0.6646242	0.01352448	0.2236758	0.1641824	51.25132	3.082644
5524	0	-39.37503	-38.09218	-1.282853	0.02615563	0.3742812	0.2548761	26.50088	1.674656
5525	1	-38.75808	-37.02512	-1.732959	0.0404044	0.4979162	0.3268837	17.15524	2.773212
5526	0	-39.58606	-37.22481	-2.361248	0.06795825	0.6505289	0.4151605	10.1996	2.940859
5527	1	-37.72062	-36.70445	-1.016171	0.01702683	0.2701917	0.2220827	40.70911	2.827171
5528	0	-39.07355	-36.94776	-2.125796	0.06619559	0.6431484	0.3363369	10.4712	2.739571
5529	1	-37.3587	-36.75982	-0.5988794	0.004916644	0.09038846	0.1736129	140.9797	3.069463
5530	0	-38.68599	-37.61626	-1.06973	0.02126213	0.3213468	0.2206948	32.60008	1.801565
5531	1	-39.71069	-37.97858	-1.732117	0.04155034	0.506222	0.321364	16.68211	3.54409
5532	0	-37.6492	-36.79469	-0.8545051	0.008753701	0.1534027	0.2123532	79.18333	2.685329
5533	1	-38.9221	-37.84028	-1.081814	0.02825292	0.395145	0.202373	24.53364	3.546897
5534	0	-37.25473	-36.75145	-0.5032767	0.002422993	0.04598326	0.1634408	286.0706	2.193922
5535	1	-42.03489	-40.78226	-1.252631	0.018709	0.2911448	0.2747187	37.04886	0.776496
5536	0	-38.50286	-37.30393	-1.198929	0.01614057	0.258799	0.2699745	42.94441	2.972403
5537	1	-39.12661	-37.80654	-1.320071	0.01612615	0.2586115	0.3048053	42.98282	2.270176
5538	0	-38.98974	-37.39861	-1.591128	0.05641428	0.5970849	0.2262446	12.28673	2.527322
5539	1	-37.58701	-36.80944	-0.7775739	0.006757245	0.1213862	0.2022535	102.5784	2.894282
5540	0	-38.32778	-37.36794	-0.9598419	0.009914878	0.1712916	0.2321039	69.90981	2.011696
5541	1	-37.88346	-36.68945	-1.194011	0.02602401	0.372937	0.2336431	26.63491	2.450319
5542	0	-41.57177	-38.68878	-2.882984	0.08873194	0.7211586	0.5216256	7.811698	3.536168
5543	1	-38.95379	-37.01855	-1.935244	0.05289752	0.5781212	0.3354292	13.10359	2.999823
5544	0	-37.20575	-36.5439	-0.6618509	0.01331415	0.2207516	0.1642148	52.06093	2.544308
5545	1	-39.6383	-38.18889	-1.449407	0.0536889	0.5825115	0.2040561	12.91044	3.224455
5546	0	-38.21322	-36.76893	-1.444286	0.03274026	0.43648	0.2729247	21.1711	2.638193
5547	1	-37.43258	-37.13802	-0.294559	0.004979558	0.09147231	0.1279473	139.1985	3.135237
5548	0	-37.94891	-36.80577	-1.143141	0.0309573	0.4205722	0.2071072	22.39043	3.047538
5549	1	-38.38745	-36.9759	-1.411553	0.04374657	0.5215613	0.2261021	15.8446	2.413836
5550	0	-38.23126	-36.90485	-1.326409	0.04183493	0.5082521	0.2133313	16.56862	2.502074
5551	1	-38.38165	-37.42925	-0.9524034	0.0223112	0.3332247	0.1933757	31.06723	1.916507
5552	0	-38.28379	-37.6061	-0.6776919	0.01324546	0.2197932	0.1669988	52.33092	3.5271
5553	1	-38.62063	-37.3908	-1.229826	0.01871005	0.2911576	0.2685205	37.04678	3.204931
5554	0	-40.19745	-38.23168	-1.965767	0.05291788	0.578235	0.3457258	13.09854	1.903889
5555	1	-39.37488	-38.30915	-1.065731	0.009323661	0.1622491	0.2601936	74.34281	3.699892
5556	0	-37.22469	-36.76212	-0.4625705	0.009512514	0.1651522	0.1419674	72.86688	2.384604
5557	1	-40.60304	-37.55675	-3.046284	0.09733865	0.7434905	0.5438487	7.120986	2.781381
5558	0	-39.28481	-37.47548	-1.809332	0.03768236	0.4773097	0.3666579	18.39447	2.602688
5559	1	-38.9278	-36.94468	-1.983118	0.05835928	0.6069912	0.3257504	11.87724	2.954311
5560	0	-38.44599	-37.21113	-1.23486	0.03138682	0.4244648	0.2256282	22.08402	3.313976
5561	1	-42.58993	-40.64812	-1.941813	0.02196651	0.3293551	0.5226507	31.55472	1.835824
5562	0	-37.61198	-36.71601	-0.895963	0.01169848	0.1977688	0.2123234	59.25107	2.722289
5563	1	-40.61446	-39.11104	-1.50342	0.01325226	0.2198882	0.3813124	52.30406	2.175903
5564	0	-37.76055	-36.60487	-1.155682	0.02691873	0.3819925	0.2220332	25.74962	2.512415
5565	1	-37.76973	-36.97144	-0.7982818	0.004271232	0.07916776	0.2138655	162.2827	2.566655
5566	0	-40.24093	-39.10043	-1.140504	0.01125918	0.1913573	0.2728324	61.56286	4.046918
5567	1	-37.53848	-36.91203	-0.6264586	0.01075544	0.1839177	0.1643384	64.4462	2.106638
5568	0	-40.67008	-38.55164	-2.11844	0.05939834	0.6121227	0.367519	11.66947	3.653018
5569	1	-38.96639	-38.4374	-0.5289953	0.005515732	0.1006386	0.16053	125.6673	1.379937
5570	0	-42.42833	-39.46469	-2.963638	0.06979074	0.6579356	0.7389052	9.931794	3.042603
5571	1	-37.33313	-36.98126	-0.3518679	0.007377032	0.1315002	0.1309821	93.96016	3.00258
5572	0	-39.74516	-38.25665	-1.488509	0.03533631	0.4585023	0.2749932	19.61572	3.703403
5573	1	-38.0034	-37.02416	-0.9792377	0.01119233	0.1903754	0.2324175	61.93056	2.359194
5574	0	-40.11648	-37.4082	-2.708279	0.08168465	0.7001772	0.4838601	8.485647	2.909338
5575	1	-37.85457	-36.95734	-0.8972209	0.02942119	0.4063272	0.1655074	23.55945	2.643646
5576	0	-38.72648	-37.27638	-1.450102	0.02870807	0.399538	0.2906065	24.14468	3.165487
5577	1	-37.11635	-36.62197	-0.494378	0.006871517	0.123263	0.1521264	100.8725	2.908899
5578	0	-39.4695	-38.57388	-0.8956204	0.01592365	0.2559725	0.1999531	43.5294	3.915292
5579	1	-38.75258	-37.8137	-0.938879	0.01333209	0.2210016	0.2165779	51.9909	3.652592
5580	0	-38.78255	-38.16165	-0.6208996	0.01047781	0.179777	0.1640696	66.1538	3.752848
5581	1	-37.46657	-36.99711	-0.4694596	0.0007630018	0.01479406	0.161755	908.4476	1.983073
5582	0	-39.19975	-37.75971	-1.440038	0.03858127	0.4842548	0.2502441	17.9659	3.504534
5583	1	-38.40484	-38.39068	-0.01416698	0.002268548	0.04313779	0.1004362	305.5466	3.30214
5584	0	-40.21623	-38.14325	-2.072977	0.08014282	0.695218	0.2619816	8.6489	2.961038
5585	1	-39.05979	-37.73412	-1.325676	0.04168497	0.507184	0.2136271	16.62823	2.076361
5586	0	-37.57486	-36.99388	-0.5809792	0.007233204	0.1291673	0.1650426	95.82851	2.01514
5587	1	-37.9904	-36.98852	-1.001878	0.02551456	0.3676941	0.1941942	27.16673	3.19286
5588	0	-43.21795	-39.02075	-4.197205	0.1568828	0.8376005	0.7413452	4.418248	2.431585
5589	1	-39.04518	-37.79804	-1.247135	0.01833398	0.2865481	0.2746641	37.8067	3.452977
5590	0	-39.31317	-37.64668	-1.666494	0.05695833	0.5998961	0.242087	12.16937	3.207555
5591	1	-41.9243	-38.42881	-3.495496	0.104653	0.7600755	0.7685916	6.623288	2.88088
5592	0	-37.77023	-36.99044	-0.7797833	0.02137866	0.3226811	0.164875	32.42239	3.095739
5593	1	-41.86644	-40.24011	-1.626323	0.02650915	0.3778709	0.3575423	26.14747	4.279438
5594	0	-42.95786	-41.51337	-1.444491	0.04030775	0.4972059	0.2453047	17.19638	4.311005
5595	1	-40.8307	-38.50584	-2.324858	0.07014197	0.6593252	0.3881641	9.882061	3.582219
5596	0	-39.74389	-38.64451	-1.099374	0.009376861	0.1630683	0.2688939	73.92102	1.462425
5597	1	-40.78111	-38.24975	-2.531358	0.09134023	0.7282809	0.3537109	7.58863	2.379953
5598	0	-38.20932	-36.71453	-1.494795	0.04476574	0.5284308	0.2422165	15.48388	2.792021
5599	1	-40.54776	-38.60071	-1.947044	0.07637375	0.6824813	0.2436136	9.075726	3.126523
5600	0	-38.00919	-36.62087	-1.388317	0.03830656	0.4821473	0.2385543	18.09474	2.744936
5601	1	-38.10859	-36.82298	-1.285613	0.02542407	0.3667562	0.2582356	27.26342	2.843175
5602	0	-37.56119	-36.59514	-0.9660494	0.01757721	0.2771425	0.2095901	39.43444	2.782857
5603	1	-38.16121	-36.96228	-1.198927	0.02379287	0.3494972	0.2423126	29.13256	2.229195
5604	0	-41.5143	-38.38721	-3.127082	0.09342493	0.7337452	0.6231298	7.419296	2.349113
5605	1	-37.98035	-37.05173	-0.9286211	0.01326378	0.220049	0.2145745	52.25864	3.221911
5606	0	-39.03534	-38.57526	-0.4600867	0.02178368	0.3272895	0.119077	31.81957	2.224702
5607	1	-39.59873	-38.29221	-1.306517	0.02078066	0.3157937	0.2815667	33.3554	1.633057
5608	0	-39.27893	-37.88363	-1.395305	0.0299419	0.4112134	0.2703573	23.14974	3.588252
5609	1	-37.56363	-37.09602	-0.4676122	0.0119973	0.2020898	0.1377635	57.77528	2.231865
5610	0	-37.75005	-36.61609	-1.133955	0.02436149	0.35559	0.225253	28.45258	2.829595
5611	1	-37.92194	-36.72712	-1.194821	0.02300889	0.3409593	0.2440069	30.12519	2.641836
5612	0	-39.3737	-38.0897	-1.283999	0.03109688	0.4218414	0.2379648	22.28993	3.665418
5613	1	-37.05885	-36.55777	-0.5010744	0.00361981	0.06765194	0.1603473	191.4872	2.452313
5614	0	-38.35539	-37.4807	-0.8746982	0.002475165	0.04694189	0.2367809	280.0408	2.997434
5615	1	-37.8533	-37.00131	-0.8519852	0.02633072	0.3760628	0.1652462	26.32466	2.393782
5616	0	-38.96854	-38.66779	-0.3007532	0.005343979	0.09771608	0.1280813	129.7062	3.756157
5617	1	-38.62937	-37.32019	-1.309179	0.02051886	0.3127469	0.283363	33.78098	3.016155
5618	0	-40.94247	-40.08506	-0.857411	0.002777046	0.05246347	0.2317325	249.5987	4.52624
5619	1	-41.00264	-39.86449	-1.138149	0.007488918	0.133309	0.2870801	92.55639	0.986684
5620	0	-38.1979	-37.12144	-1.076456	0.01772111	0.2789445	0.2335806	39.11421	3.228087
5621	1	-40.17598	-38.41706	-1.758925	0.04071311	0.5001747	0.3340228	17.02516	3.690904
5622	0	-37.96168	-36.84569	-1.115995	0.02492434	0.3615401	0.2194914	27.81005	2.241218
5623	1	-38.82337	-37.54892	-1.274449	0.04126646	0.5041843	0.2041626	16.79686	3.258014
5624	0	-41.71315	-40.3008	-1.412347	0.005484287	0.1001045	0.3884939	126.3878	1.519598
5625	1	-39.48993	-37.35105	-2.138889	0.05349306	0.5814319	0.4077453	12.9577	2.780239
5626	0	-37.10737	-36.64056	-0.4668056	0.005398319	0.09864213	0.1511012	128.4005	2.940765
5627	1	-38.5657	-37.42844	-1.137258	0.02818158	0.3944521	0.2141258	24.59576	3.421771
5628	0	-37.95086	-36.83949	-1.111373	0.02290113	0.3397731	0.2248135	30.26694	2.258062
5629	1	-37.41163	-37.1852	-0.2264301	0.007051692	0.1262111	0.1160729	98.29516	2.721072
5630	0	-37.82984	-37.02686	-0.8029814	0.003706744	0.06919997	0.2165932	186.9962	2.606697
5631	1	-37.54401	-36.55774	-0.9862653	0.02533334	0.3658138	0.1916759	27.36106	2.638131
5632	0	-38.01254	-37.50953	-0.503007	0.001034122	0.01998046	0.1666341	670.276	1.680744
5633	1	-36.97028	-36.60918	-0.3611024	0.001076341	0.0207848	0.1445029	643.9849	2.379175
5634	0	-37.71518	-36.77448	-0.9407021	0.01397029	0.2298236	0.2150258	49.6158	2.370665
5635	1	-39.6189	-38.84589	-0.7730164	0.0005468504	0.01063288	0.2197945	1267.526	1.176426
5636	0	-37.58846	-37.0147	-0.5737626	0.009216709	0.1605988	0.1593285	75.20549	2.039048
5637	1	-37.96334	-38.07528	0.1119358	0.0004515858	0.008791458	0.0908388	1534.918	2.64933
5638	0	-42.7146	-38.3045	-4.410099	0.1622645	0.8429226	0.8500861	4.271711	2.863882
5639	1	-37.53873	-36.87338	-0.6653532	0.0008527013	0.01651403	0.1965092	812.884	2.609334
5640	0	-38.30261	-37.01666	-1.285942	0.02378633	0.3494266	0.2643663	29.14057	2.349201
5641	1	-41.52876	-40.15129	-1.377478	0.001601712	0.03072044	0.3963326	432.7541	2.866563
5642	0	-38.66634	-38.41864	-0.247704	0.01458036	0.2381268	0.1066062	47.53979	2.974714
5643	1	-37.56859	-36.97703	-0.5915617	0.01563184	0.252146	0.1481383	44.342	3.038738
5644	0	-37.15591	-36.5709	-0.5850125	0.004044766	0.0751862	0.1733439	171.3689	2.569959
5645	1	-39.70116	-37.18078	-2.520379	0.07781685	0.6874641	0.4234911	8.907417	2.810559
5646	0	-37.93205	-36.79704	-1.135008	0.02690125	0.3818174	0.2175437	25.76636	3.085701
5647	1	-43.02656	-38.8181	-4.208455	0.1471773	0.8270633	0.8599016	4.709608	3.320655
5648	0	-40.58293	-38.91343	-1.6695	0.02667318	0.3795263	0.3724542	25.98668	3.679749
5649	1	-37.39028	-36.9005	-0.4897838	0.009954299	0.1718897	0.1449762	69.63295	2.224989
5650	0	-38.6515	-38.29519	-0.3563056	0.005121107	0.09390447	0.1358248	135.351	1.560494
5651	1	-43.00836	-40.54705	-2.461317	0.09939149	0.7483499	0.2943313	6.973909	3.447578
5652	0	-37.1716	-36.72245	-0.4491553	0.003013462	0.05675764	0.1535442	230.0169	2.21778
5653	1	-38.35337	-36.74993	-1.603437	0.04057658	0.4991778	0.2864745	17.08244	2.715036
5654	0	-38.34893	-36.96139	-1.387531	0.03950424	0.4912409	0.2343679	17.54615	2.310907
5655	1	-37.9223	-37.70704	-0.2152541	0.01061712	0.1818583	0.109145	65.28582	2.662748
5656	0	-41.21015	-39.1077	-2.102452	0.03549625	0.4598167	0.5069589	19.52733	2.755993
5657	1	-37.74373	-37.009	-0.734728	0.01879116	0.2921462	0.1634789	36.88688	3.14643
5658	0	-37.98794	-36.86661	-1.121321	0.02858583	0.3983627	0.2095404	24.24793	2.258979
5659	1	-39.7055	-38.47653	-1.228971	0.01124981	0.1912198	0.2981082	61.61415	3.560849
5660	0	-42.25426	-40.36958	-1.884671	0.03945173	0.4908473	0.3855898	17.5695	4.240045
5661	1	-41.90419	-40.64898	-1.255213	0.01980953	0.3043938	0.2711802	34.99059	4.510924
5662	0	-38.26844	-37.41925	-0.8491888	0.02024058	0.309487	0.1795888	34.24542	3.413161
5663	1	-40.8489	-38.1668	-2.682103	0.08898208	0.7218559	0.42519	7.789739	2.264495
5664	0	-38.51675	-37.67695	-0.8397921	0.02426616	0.3545743	0.1680746	28.56435	1.970211
5665	1	-38.58609	-37.08246	-1.503638	0.02979899	0.4098782	0.3019002	23.26076	2.62776
5666	0	-38.98154	-37.67067	-1.310871	0.02149483	0.3240075	0.2799565	32.24715	3.391982
5667	1	-40.25414	-38.85842	-1.395723	0.01205471	0.2029163	0.3482214	57.50013	3.330198
5668	0	-39.34184	-37.99684	-1.345001	0.01456999	0.2379867	0.3194451	47.57362	2.466461
5669	1	-38.76103	-38.31316	-0.4478712	0.02235419	0.333705	0.116687	31.00748	2.822576
5670	0	-41.27317	-38.94981	-2.323363	0.05614319	0.5956721	0.4723316	12.34606	3.659894
5671	1	-38.4999	-37.671	-0.8289043	0.007596366	0.1350413	0.2103975	91.24721	1.706234
5672	0	-40.03943	-38.7957	-1.243721	0.009961238	0.171995	0.3080952	69.58444	3.654771
5673	1	-37.71041	-36.83237	-0.8780455	0.02730633	0.3858563	0.1672877	25.38412	2.69363
5674	0	-40.35022	-38.06177	-2.28845	0.05818357	0.6061125	0.4431663	11.91311	2.161443
5675	1	-38.39933	-37.97279	-0.4265419	0.01566622	0.2525982	0.1255421	44.24471	2.091105
5676	0	-38.57888	-36.79618	-1.782703	0.05129269	0.5689891	0.2945768	13.51357	2.867499
5677	1	-38.27074	-37.55376	-0.7169811	0.0088706	0.1552275	0.1847633	78.13983	1.718636
5678	0	-37.20414	-36.66501	-0.5391329	0.01092346	0.1864096	0.1502392	63.45493	2.427633
5679	1	-38.30023	-36.87304	-1.427196	0.03951891	0.4913507	0.2438003	17.53964	3.074277
5680	0	-40.32749	-38.49808	-1.829403	0.03010926	0.4127712	0.41633	23.02106	2.307819
5681	1	-41.77356	-38.59803	-3.175525	0.112421	0.7756651	0.5001252	6.165639	3.389191
5682	0	-38.18806	-36.85997	-1.32809	0.02664235	0.3792158	0.2648435	26.01674	2.507352
5683	1	-39.7732	-37.69551	-2.07769	0.05100909	0.5673427	0.3972368	13.5887	2.249052
5684	0	-39.21756	-38.79184	-0.425722	0.001595459	0.03060299	0.1530226	434.4501	1.223175
5685	1	-40.04538	-37.37762	-2.667764	0.08198431	0.7011249	0.4626856	8.454632	2.631327
5686	0	-37.69104	-37.01221	-0.678824	0.001191224	0.02296904	0.1982241	581.8781	3.015839
5687	1	-40.21881	-39.75135	-0.4674586	0.01965969	0.3026108	0.1236117	35.25727	1.716547
5688	0	-37.81572	-36.78518	-1.030541	0.01630631	0.2609485	0.2276018	42.50791	2.869719
5689	1	-39.12898	-37.62393	-1.505051	0.02883758	0.4007794	0.3064608	24.03625	3.32526
5690	0	-40.23126	-39.12475	-1.10651	0.007290503	0.1300977	0.2789201	95.07536	3.997133
5691	1	-40.85643	-39.28454	-1.57189	0.01414073	0.2321561	0.4032426	49.01777	2.974611
5692	0	-39.83629	-37.37476	-2.46154	0.07133006	0.6639562	0.4376093	9.717463	3.031519
5693	1	-38.87426	-37.84921	-1.025047	0.01256666	0.210234	0.238634	55.15763	3.599799
5694	0	-40.8801	-38.56397	-2.316122	0.07484175	0.6770413	0.3600714	9.261504	2.044576
5695	1	-39.10031	-38.04664	-1.053664	0.018779	0.2919981	0.2249305	36.91077	3.727506
5696	0	-39.41109	-37.55315	-1.85794	0.04200356	0.5094489	0.3621273	16.50211	3.173047
5697	1	-37.96234	-37.89456	-0.06777701	0.003854402	0.07182134	0.10362	179.8326	3.086609
5698	0	-40.82774	-39.43951	-1.388224	0.006189975	0.111988	0.3754727	111.979	2.391996
5699	1	-38.45276	-38.32623	-0.1265288	0.008331195	0.146762	0.1031561	83.19901	2.176012
5700	0	-37.77556	-36.882	-0.893566	0.01696367	0.269388	0.1966326	40.86068	2.149595
5701	1	-37.96166	-36.85931	-1.102346	0.01732712	0.2739958	0.2410447	40.0036	2.526871
5702	0	-37.799	-37.05281	-0.7461874	0.001390091	0.02673465	0.2114423	498.6345	2.599027
5703	1	-39.97817	-38.6508	-1.327369	0.009771271	0.1691075	0.3358754	70.93726	2.19418
5704	0	-40.079	-38.80134	-1.27766	0.006044632	0.109558	0.3368624	114.6715	2.524284
5705	1	-40.55309	-38.68672	-1.866374	0.0328477	0.4374178	0.4156176	21.10185	1.992317
5706	0	-38.68912	-37.85303	-0.8360915	0.009472789	0.1645427	0.2063718	73.17245	1.607103
5707	1	-40.31585	-38.88032	-1.435532	0.02968922	0.4088497	0.282461	23.34676	1.456948
5708	0	-40.25261	-40.0929	-0.1597121	0.01874801	0.2916205	0.092045	36.97178	2.48229
5709	1	-39.27762	-38.20081	-1.076812	0.04495887	0.5297152	0.1590345	15.41736	2.672631
5710	0	-37.76259	-36.8342	-0.9283897	0.0184912	0.2884803	0.1992545	37.48524	2.194513
5711	1	-38.24019	-36.72697	-1.513221	0.03726836	0.4740633	0.2742846	18.59881	2.794804
5712	0	-38.38077	-37.32398	-1.05679	0.01243683	0.2083871	0.2467826	55.73343	2.137656
5713	1	-38.477	-37.33358	-1.14342	0.03687276	0.4709325	0.1905575	18.79835	2.256991
5714	0	-39.6384	-37.88359	-1.754814	0.0463627	0.5388907	0.3071363	14.95054	3.513424
5715	1	-40.23459	-37.9609	-2.273688	0.05842501	0.607319	0.4351856	11.86388	2.188308
5716	0	-40.44513	-37.90727	-2.537851	0.06452273	0.6359014	0.5199843	10.74268	2.80437
5717	1	-39.67836	-38.51937	-1.158994	0.01692474	0.2688919	0.2565478	40.95468	1.459043
5718	0	-39.22071	-37.46694	-1.753775	0.03579755	0.4622797	0.3562017	19.36298	2.516573
5719	1	-40.88826	-37.81093	-3.077335	0.1125081	0.7758293	0.4527941	6.160866	2.982322
5720	0	-37.72789	-36.94606	-0.7818345	0.01336107	0.2214052	0.185026	51.87814	3.233592
5721	1	-37.9887	-36.87914	-1.109564	0.02340686	0.3453134	0.2228097	29.613	2.218876
5722	0	-38.9146	-37.08227	-1.832334	0.05108702	0.5677961	0.3104666	13.56797	2.363605
5723	1	-37.41651	-36.59875	-0.8177543	0.01181621	0.1994752	0.1960243	58.66068	2.52548
5724	0	-38.01923	-36.91922	-1.100016	0.01606402	0.2578032	0.2448134	43.14906	2.714608
5725	1	-40.47806	-38.90338	-1.574679	0.02065988	0.3143905	0.3687936	33.5504	1.801137
5726	0	-37.90978	-36.87967	-1.030108	0.01410024	0.2316028	0.2347048	49.15855	2.556933
5727	1	-40.22515	-37.78743	-2.437723	0.06193806	0.624216	0.4879351	11.19097	2.589323
5728	0	-38.83842	-38.05255	-0.7858687	0.0063455	0.1145782	0.2051278	109.2344	1.501785
5729	1	-38.85364	-39.06222	0.2085797	0.00152287	0.02923806	0.08123202	455.1584	2.613935
5730	0	-37.14188	-36.51291	-0.6289709	0.0113638	0.1928907	0.163342	60.99605	2.656208
5731	1	-37.56766	-36.67082	-0.8968386	0.0161099	0.2584003	0.1996708	43.02615	2.349461
5732	0	-37.9203	-36.98854	-0.9317566	0.009481036	0.1646693	0.2270631	73.1088	2.416955
5733	1	-38.16064	-38.05685	-0.1037928	0.007070232	0.1265136	0.1026494	98.03741	2.99619
5734	0	-43.39856	-40.67836	-2.720201	0.05079489	0.5660926	0.7575346	13.646	2.444071
5735	1	-37.26261	-36.64484	-0.6177618	0.01021833	0.1758807	0.1641562	67.83368	2.3279
5736	0	-38.52198	-37.56703	-0.9549492	0.01460111	0.238407	0.2161763	47.47222	1.780176
5737	1	-37.27216	-36.68047	-0.5916899	0.01306222	0.2172287	0.153634	53.06503	2.423775
5738	0	-38.9874	-38.54638	-0.4410114	0.0102202	0.1759088	0.1375574	67.8213	1.591921
5739	1	-37.28384	-36.74596	-0.5378845	0.002819315	0.05323315	0.1682515	245.8566	2.214887
5740	0	-36.91574	-36.54865	-0.3670866	0.001435328	0.02758851	0.1446349	482.9191	2.740559
5741	1	-39.65429	-38.54622	-1.108074	0.01361407	0.2249167	0.2554845	50.91405	1.437235
5742	0	-37.43812	-36.79244	-0.6456824	0.009727494	0.1684402	0.1699786	71.2565	3.124129
5743	1	-39.80989	-37.44906	-2.36083	0.08186599	0.7007513	0.3409668	8.466851	3.037469
5744	0	-37.85197	-37.60207	-0.2498964	0.00455819	0.08417961	0.1230891	152.0663	1.943462
5745	1	-39.84649	-37.37156	-2.474931	0.07054551	0.6609102	0.4484516	9.825532	2.613555
5746	0	-38.82778	-36.96441	-1.863369	0.04995806	0.5611534	0.3254012	13.87458	2.967455
5747	1	-37.23743	-36.53616	-0.7012769	0.01472199	0.2400365	0.1674549	47.08243	2.745362
5748	0	-38.60202	-37.48149	-1.120526	0.03423344	0.4493069	0.1933192	20.24767	2.112176
5749	1	-38.40487	-37.73253	-0.6723441	0.01775709	0.2793941	0.1558521	39.03494	1.888495
5750	0	-41.91802	-39.56532	-2.352704	0.04266872	0.5141264	0.5883741	16.24485	2.527003
5751	1	-40.44088	-38.43146	-2.009424	0.0368168	0.4704873	0.4533881	18.82693	2.748177
5752	0	-38.13787	-37.13363	-1.004238	0.0123052	0.2065084	0.2345842	56.32964	3.108858
5753	1	-37.69674	-36.94954	-0.7471976	0.02233725	0.3335158	0.1574426	31.031	2.948631
5754	0	-37.54516	-36.89019	-0.6549749	0.0171926	0.2722951	0.1543947	40.3166	3.009192
5755	1	-38.18716	-36.74869	-1.438468	0.04179751	0.5079859	0.2387541	16.58346	2.926249
5756	0	-37.49898	-36.72284	-0.7761422	0.01041637	0.1788566	0.19179	66.54405	2.293635
5757	1	-38.09371	-36.86406	-1.229649	0.02189765	0.3285782	0.2566523	31.65395	2.656242
5758	0	-37.91077	-37.01609	-0.8946879	0.008592736	0.1508811	0.2215631	80.66664	2.989463
5759	1	-37.86526	-36.82968	-1.035584	0.02534029	0.365886	0.2013462	27.35357	2.256554
5760	0	-37.40189	-36.54018	-0.8617067	0.01831078	0.2862623	0.1868766	37.8546	2.819798
5761	1	-38.18887	-36.81157	-1.377299	0.03133018	0.4239537	0.2603761	22.12395	2.42349
5762	0	-37.86012	-37.00781	-0.8523173	0.007342544	0.1309416	0.2161553	94.40151	2.279741
5763	1	-38.58355	-37.57203	-1.011523	0.03523071	0.4576319	0.1709298	19.67451	2.27976
5764	0	-37.17789	-36.71015	-0.4677406	0.006905325	0.1238172	0.1480569	100.3787	2.983534
5765	1	-37.35073	-37.15761	-0.1931194	0.004550906	0.08405285	0.1163071	152.3097	2.376556
5766	0	-39.72183	-38.01699	-1.704846	0.0659371	0.6420443	0.2215868	10.51225	2.943157
5767	1	-41.58942	-40.83485	-0.7545726	0.0434437	0.51949	0.1177171	15.95507	2.664364
5768	0	-40.24109	-37.85449	-2.386599	0.06167391	0.6229872	0.46535	11.2389	3.180896
5769	1	-38.4312	-37.01457	-1.416628	0.04178589	0.5079033	0.2336345	16.58807	2.318835
5770	0	-39.36563	-37.16167	-2.203963	0.07465772	0.6763772	0.3227064	9.284334	2.717239
5771	1	-38.54545	-37.09368	-1.451774	0.02832534	0.3958471	0.292671	24.47092	2.918098
5772	0	-37.99805	-37.18635	-0.8117035	0.002227708	0.04238344	0.2231036	311.1482	2.69094
5773	1	-38.69754	-37.57365	-1.123884	0.02380034	0.3495777	0.2247704	29.12342	3.517149
5774	0	-41.36227	-39.92935	-1.432923	0.005117447	0.09384168	0.3986304	135.4479	3.008761
5775	1	-39.34749	-38.18329	-1.164198	0.02045835	0.31204	0.2453297	33.88089	3.755419
5776	0	-38.97061	-38.29089	-0.6797167	0.0004777791	0.009298218	0.2004107	1450.769	1.36492
5777	1	-37.8152	-36.66213	-1.153073	0.03061285	0.4174222	0.2101949	22.64236	2.92465
5778	0	-37.34544	-36.68783	-0.6576102	0.006106759	0.1105978	0.1810453	113.5049	2.32544
5779	1	-39.81979	-38.79962	-1.020168	0.04177507	0.5078262	0.1571894	16.59237	3.232661
5780	0	-39.82537	-38.25163	-1.573737	0.03870945	0.4852337	0.2855239	17.90641	1.746708
5781	1	-39.48117	-37.29123	-2.189935	0.05791038	0.6047401	0.403142	11.96931	2.951993
5782	0	-39.69499	-37.99301	-1.70198	0.06622007	0.6432527	0.2200713	10.46733	2.853833
5783	1	-39.1934	-37.76096	-1.432446	0.0420808	0.5099957	0.2363729	16.47182	1.998404
5784	0	-38.18055	-36.68798	-1.492563	0.04294085	0.5160203	0.2479875	16.1419	2.831353
5785	1	-37.62824	-36.58866	-1.039574	0.02194954	0.3291638	0.2120696	31.57912	2.50482
5786	0	-38.08755	-36.98823	-1.099323	0.03462322	0.4525834	0.1882243	20.01972	2.989232
5787	1	-39.04399	-37.17822	-1.865772	0.06439192	0.6353245	0.2660189	10.76451	2.872971
5788	0	-38.70511	-37.68322	-1.021895	0.008745456	0.1532738	0.2510763	79.25798	3.331065
5789	1	-38.48208	-36.83681	-1.645272	0.05225411	0.5744973	0.2532881	13.26493	2.701939
5790	0	-38.97521	-37.76657	-1.208638	0.01224991	0.2057175	0.2880104	56.58388	2.260641
5791	1	-38.7138	-36.83652	-1.877281	0.0521817	0.5740863	0.3197562	13.28334	2.75085
5792	0	-37.87743	-36.62042	-1.257003	0.03048288	0.4162271	0.2336444	22.7389	2.542753
5793	1	-38.78947	-37.35026	-1.439212	0.04464769	0.5276429	0.229503	15.52481	3.238256
5794	0	-37.4903	-37.05434	-0.4359604	0.01358962	0.2245784	0.1305027	51.00563	2.552805
5795	1	-38.39506	-37.50154	-0.8935203	0.002800137	0.05288405	0.2401747	247.5404	2.297365
5796	0	-37.51956	-36.69338	-0.8261747	0.01005139	0.1733603	0.2026721	68.96035	2.813002
5797	1	-38.4073	-38.04469	-0.3626129	0.01554626	0.2510186	0.1179672	44.58611	3.103812
5798	0	-39.20403	-38.29398	-0.9100583	0.009558662	0.1658595	0.2219458	72.51508	3.850627
5799	1	-37.12145	-36.67369	-0.4477642	0.001737668	0.0332696	0.1561191	398.895	2.26891
5800	0	-37.6237	-37.18062	-0.443077	0.006486104	0.1169111	0.1453079	106.8665	1.974081
5801	1	-37.24484	-36.80959	-0.4352478	0.00224462	0.04269592	0.1530771	308.8038	3.131236
5802	0	-38.07003	-36.71137	-1.358654	0.04103345	0.5025019	0.222831	16.89225	2.766198
5803	1	-39.96454	-38.08812	-1.876422	0.0585531	0.6079567	0.2919835	11.83793	3.477139
5804	0	-38.50933	-37.14492	-1.364406	0.02406096	0.3523801	0.284838	28.80797	2.909479
5805	1	-39.99428	-37.75392	-2.240356	0.06485758	0.6373714	0.3843577	10.68722	3.354759
5806	0	-37.38673	-36.55375	-0.8329732	0.0204	0.3113572	0.1763027	33.9778	2.6596
5807	1	-39.08115	-37.45647	-1.624674	0.05910666	0.6106933	0.2252317	11.72706	2.888544
5808	0	-39.02426	-37.69178	-1.332475	0.03986109	0.4939033	0.220698	17.38907	2.028641
5809	1	-38.05112	-37.09205	-0.9590669	0.02262844	0.3367576	0.1937981	30.63169	3.277395
5810	0	-40.24862	-37.80507	-2.443547	0.09135182	0.7283118	0.3239225	7.587667	2.779847
5811	1	-38.14781	-37.62795	-0.51986	0.006360034	0.1148197	0.1571843	108.9848	3.579236
5812	0	-39.18804	-37.54792	-1.640127	0.04360991	0.5206284	0.2847157	15.89426	2.046843
5813	1	-39.1161	-37.00756	-2.108548	0.06660662	0.6448925	0.3286713	10.40658	2.62607
5814	0	-38.10021	-36.9986	-1.101612	0.02289083	0.3396596	0.222662	30.28056	3.223054
5815	1	-37.98289	-37.04121	-0.9416772	0.008839595	0.154744	0.2314143	78.4139	2.480017
5816	0	-38.92044	-37.56257	-1.357869	0.02046794	0.3121521	0.2977155	33.86502	2.234373
5817	1	-37.875	-37.10249	-0.7725064	0.008563184	0.150417	0.1961625	80.94503	3.297956
5818	0	-38.06565	-37.03365	-1.031999	0.01586362	0.2551876	0.2293639	43.69413	2.171842
5819	1	-42.51683	-41.88736	-0.6294709	0.02938507	0.405986	0.1266942	23.58841	3.806458
5820	0	-38.48754	-37.3062	-1.181338	0.04092737	0.5017331	0.1869042	16.93603	2.437763
5821	1	-39.8035	-37.23142	-2.572084	0.07875627	0.6906361	0.4400847	8.801169	2.803917
5822	0	-37.81745	-36.93877	-0.878684	0.0281413	0.3940604	0.1654318	24.63096	2.550528
5823	1	-38.55792	-37.10005	-1.457867	0.03907595	0.4880171	0.2529719	17.73846	2.208215
5824	0	-43.89027	-41.03961	-2.850657	0.07461463	0.6762213	0.6164923	9.289696	1.462689
5825	1	-39.87102	-38.92496	-0.9460583	0.009700128	0.1680226	0.2296221	71.45753	4.084459
5826	0	-38.86274	-37.07543	-1.787311	0.05371623	0.5826618	0.2859773	12.90387	2.384155
5827	1	-38.90121	-37.59761	-1.303596	0.03729983	0.4743111	0.2223153	18.58312	3.409546
5828	0	-37.60834	-36.58306	-1.025278	0.02219273	0.3318983	0.2083425	31.23307	2.859838
5829	1	-38.7267	-38.88068	0.1539804	0.002718249	0.05139142	0.08435405	254.9977	2.736359
5830	0	-47.05532	-44.55077	-2.504551	0.02892785	0.4016425	0.83157	23.96124	4.58631
5831	1	-38.10967	-37.25749	-0.8521831	0.009980678	0.1722896	0.2082203	69.44891	1.933947
5832	0	-38.39297	-37.62492	-0.7680464	0.002131916	0.040611	0.2138623	325.1287	1.803792
5833	1	-38.91163	-37.48145	-1.430187	0.02608452	0.3735554	0.2956322	26.57312	3.239664
5834	0	-38.10909	-37.39617	-0.7129154	0.0006207555	0.01205828	0.2067578	1116.619	3.305707
5835	1	-39.32082	-37.03973	-2.281089	0.07223074	0.6673968	0.3607382	9.596291	2.728941
5836	0	-37.6077	-37.16375	-0.4439424	0.0003187781	0.006216705	0.1586722	2174.388	1.868115
5837	1	-42.04128	-38.21677	-3.824501	0.1458401	0.8255072	0.5969024	4.75279	2.801316
5838	0	-40.21527	-39.05555	-1.159724	0.002266584	0.04310153	0.3157995	305.8114	3.406209
5839	1	-37.90428	-36.62194	-1.282345	0.03283467	0.4373042	0.2318106	21.11022	2.856486
5840	0	-38.04007	-37.02973	-1.010347	0.03414869	0.4485907	0.1733584	20.29791	2.647936
5841	1	-39.36721	-37.18463	-2.182579	0.05945685	0.6124084	0.39154	11.65799	2.592729
5842	0	-40.78797	-37.62307	-3.1649	0.1047305	0.7602408	0.5516249	6.618386	2.969426
5843	1	-37.28286	-36.53151	-0.7513421	0.01157595	0.1959876	0.1840524	59.87824	2.564659
5844	0	-38.91109	-37.88776	-1.023332	0.01398185	0.2299821	0.2335099	49.57477	1.668377
5845	1	-38.62875	-38.01072	-0.6180213	0.01969081	0.3029816	0.143634	35.20155	3.392956
5846	0	-39.3456	-37.16511	-2.180487	0.07251172	0.668458	0.3249208	9.559105	2.613921
5847	1	-38.21891	-36.87993	-1.338978	0.02803494	0.3930243	0.2625275	24.72441	2.403896
5848	0	-38.94161	-37.15139	-1.790225	0.04087748	0.5013709	0.3438437	16.9567	2.67876
5849	1	-39.00266	-37.78247	-1.220185	0.01299641	0.2163048	0.2882989	53.33373	3.117335
5850	0	-38.98108	-37.25046	-1.730617	0.04138908	0.505066	0.3216143	16.7471	3.15978
5851	1	-38.21255	-37.4901	-0.7224538	0.02546632	0.3671944	0.1469534	27.21819	2.315484
5852	0	-37.70703	-36.7628	-0.9442259	0.01263972	0.2112707	0.219879	54.8388	2.589952
5853	1	-39.35442	-37.74498	-1.60944	0.03028935	0.4144407	0.3332762	22.88419	3.260954
5854	0	-37.29254	-36.84674	-0.4457947	0.009361601	0.1628334	0.1399036	74.04152	2.974475
5855	1	-37.93784	-36.71054	-1.227299	0.03431682	0.4500103	0.2148495	20.19847	2.93654
5856	0	-37.79994	-37.49676	-0.3031811	0.001973325	0.03766685	0.1346538	351.2585	3.455686
5857	1	-41.94253	-40.02171	-1.920828	0.03806429	0.4802778	0.4076994	18.20991	1.312813
5858	0	-39.82958	-37.51266	-2.316926	0.05949941	0.6126161	0.4475701	11.64965	2.68045
5859	1	-38.45002	-37.30063	-1.149394	0.01805056	0.283046	0.2500876	38.40032	3.265271
5860	0	-39.71469	-38.30135	-1.413339	0.04841568	0.5518142	0.2120488	14.31658	3.41796
5861	1	-40.75918	-39.21755	-1.541629	0.01514012	0.2456354	0.3857386	45.78216	3.359218
5862	0	-37.41149	-36.51655	-0.8949353	0.01885327	0.292902	0.1917157	36.76535	2.594122
5863	1	-37.13885	-36.54012	-0.5987253	0.01141957	0.1937065	0.1583508	60.69817	2.707425
5864	0	-38.66629	-37.13958	-1.526712	0.03830502	0.4821354	0.2739685	18.09547	2.199377
5865	1	-39.40762	-37.23566	-2.17196	0.05857473	0.6080642	0.3922619	11.83355	2.980199
5866	0	-37.78325	-37.15377	-0.6294833	0.02165324	0.3258102	0.1413175	32.01125	2.768086
5867	1	-38.18491	-37.63453	-0.550385	0.0122849	0.2062182	0.1490451	56.42271	3.453359
5868	0	-37.2972	-36.91834	-0.3788551	0.006163644	0.1115484	0.1368915	112.4574	3.070643
5869	1	-37.83555	-37.31196	-0.5235962	0.01430555	0.2344022	0.141022	48.45302	2.124991
5870	0	-39.23525	-37.15329	-2.081956	0.07085145	0.6621035	0.3014197	9.783105	2.873732
5871	1	-37.91659	-36.86049	-1.056099	0.0274291	0.3870728	0.199544	25.2705	2.269142
5872	0	-40.87558	-38.64449	-2.231089	0.05819687	0.6061791	0.4183828	11.91039	3.64971
5873	1	-37.34688	-36.64015	-0.7067305	0.01814084	0.2841642	0.1604324	38.20922	2.711271
5874	0	-40.85578	-38.36239	-2.493384	0.05961699	0.6131887	0.5330581	11.62667	3.136153
5875	1	-38.00648	-37.14992	-0.8565618	0.01388535	0.2286576	0.197911	49.9193	1.966971
5876	0	-39.79139	-37.94216	-1.849221	0.04648465	0.5396746	0.3369642	14.91131	3.505848
5877	1	-40.15983	-37.42125	-2.738575	0.08725264	0.7169714	0.4610184	7.94414	2.608163
5878	0	-40.15215	-38.48198	-1.670164	0.02904182	0.4027296	0.3604374	23.8672	3.547371
5879	1	-37.56265	-36.60816	-0.9544833	0.01925103	0.2977146	0.2023387	36.00571	2.90752
5880	0	-42.2085	-38.98445	-3.224049	0.0940381	0.7353154	0.6806583	7.370919	2.189897
5881	1	-37.80437	-36.82596	-0.9784122	0.01970657	0.3031693	0.2059095	35.17341	2.215053
5882	0	-38.1004	-37.26539	-0.8350076	0.002968313	0.05593961	0.2259872	233.5155	2.936243
5883	1	-38.79423	-37.0757	-1.718527	0.03956541	0.4916988	0.3260413	17.51902	2.889893
5884	0	-39.42193	-37.34137	-2.080564	0.05095767	0.5670431	0.3986697	13.60241	2.735808
5885	1	-40.10921	-37.45262	-2.656589	0.08636956	0.7144188	0.4300606	8.025364	3.090274
5886	0	-40.75509	-38.84504	-1.910047	0.02985964	0.4104454	0.4528896	23.21351	2.525643
5887	1	-39.03858	-36.92976	-2.10882	0.06302527	0.6292055	0.345821	10.99792	2.777793
5888	0	-37.46339	-36.67767	-0.785729	0.008949661	0.1564586	0.1976913	77.44954	2.815194
5889	1	-41.70801	-39.11107	-2.596941	0.08452742	0.7089624	0.41584	8.200264	1.979161
5890	0	-40.98132	-39.09768	-1.883638	0.03164724	0.4268061	0.4300869	21.90229	3.553523
5891	1	-39.68447	-37.3258	-2.358661	0.06882969	0.6540843	0.4090217	10.07047	3.079523
5892	0	-43.01798	-40.36797	-2.650011	0.1034416	0.7574647	0.3356899	6.700854	3.522321
5893	1	-37.47245	-36.6218	-0.8506486	0.02051713	0.3127268	0.17915	33.78382	2.895549
5894	0	-39.74246	-38.66243	-1.08003	0.04292415	0.5159044	0.1641994	16.14819	3.249318
5895	1	-38.7018	-37.40595	-1.295844	0.03470948	0.4533046	0.2288201	19.96997	2.03262
5896	0	-37.3067	-36.9639	-0.3428039	0.007421467	0.1322192	0.1297188	93.3976	2.958974
5897	1	-42.17122	-38.61621	-3.555009	0.1224743	0.7932492	0.634177	5.659531	3.384983
5898	0	-38.78479	-37.97192	-0.8128673	0.007418556	0.1321721	0.207571	93.43425	1.547605
5899	1	-41.13698	-39.49767	-1.639305	0.01523819	0.2469403	0.4247287	45.4875	2.940774
5900	0	-39.27995	-37.89045	-1.389505	0.01689493	0.2685118	0.3231923	41.02693	2.643358
5901	1	-38.25009	-37.35815	-0.8919374	0.01083013	0.1850268	0.2140804	64.00172	3.410352
5902	0	-41.4563	-38.44624	-3.010061	0.08181916	0.7006032	0.6530657	8.471697	3.077735
5903	1	-37.5698	-37.05331	-0.5164899	0.00703348	0.1259137	0.1551722	98.54968	2.002666
5904	0	-40.53885	-38.73705	-1.801802	0.02880268	0.4004453	0.4125404	24.06537	2.061515
5905	1	-38.13903	-37.35996	-0.7790738	0.005626764	0.1025211	0.2058177	123.1875	3.393275
5906	0	-40.15191	-39.191	-0.9609019	0.01456635	0.2379375	0.2175737	47.58551	4.137629
5907	1	-37.61082	-37.13903	-0.4717964	0.00978576	0.1693283	0.1427312	70.83223	3.211729
5908	0	-38.98275	-38.74602	-0.2367377	0.004283255	0.07937848	0.1219527	161.8272	3.735965
5909	1	-38.33194	-36.85429	-1.477644	0.03742691	0.4753101	0.2641058	18.52002	3.045498
5910	0	-40.77569	-38.43613	-2.339566	0.05613101	0.5956085	0.4801295	12.34874	2.107762
5911	1	-42.00435	-40.87093	-1.133417	0.0004000126	0.007792664	0.3158184	1732.813	4.566197
5912	0	-39.16725	-37.77535	-1.391903	0.02769599	0.389705	0.2781243	25.02699	3.519587
5913	1	-38.32143	-36.9637	-1.35773	0.03218912	0.4316327	0.252251	21.53358	3.151538
5914	0	-37.94436	-36.97132	-0.9730449	0.02869735	0.399435	0.1803799	24.1537	2.325505
5915	1	-39.58367	-37.4143	-2.169364	0.05498565	0.5895493	0.4115925	12.60597	2.962927
5916	0	-37.406	-36.77872	-0.6272785	0.001358789	0.02614324	0.1878203	510.1212	2.79496
5917	1	-37.58061	-36.56687	-1.013743	0.02650928	0.3778723	0.19377	26.14734	2.637896
5918	0	-38.08573	-38.15096	0.06522419	0.002480917	0.0470475	0.09249287	279.3915	2.759392
5919	1	-41.59086	-39.01512	-2.575744	0.09865364	0.7466225	0.333471	7.026068	2.364536
5920	0	-40.60229	-39.30593	-1.296365	0.003508393	0.06566287	0.3557421	197.5683	2.763139
5921	1	-37.21028	-36.52579	-0.6844891	0.01282428	0.213881	0.1691412	54.04961	2.534641
5922	0	-40.01171	-38.90527	-1.106441	0.007255277	0.1295259	0.2790397	95.53697	1.405652
5923	1	-42.13056	-38.89508	-3.23548	0.1134772	0.7776416	0.5231627	6.108248	2.244765
5924	0	-38.21424	-37.63487	-0.5793735	0.01155339	0.1956592	0.1550226	59.99512	3.504108
5925	1	-38.91611	-38.26734	-0.6487761	0.006805848	0.1221851	0.1776895	101.8458	3.871217
5926	0	-39.33591	-37.07077	-2.265135	0.07298051	0.6702157	0.3512884	9.497703	2.685466
5927	1	-37.7469	-36.90614	-0.8407689	0.006614774	0.1190386	0.2158815	104.7877	2.679764
5928	0	-38.97146	-37.07965	-1.891813	0.04818718	0.550404	0.3432703	14.38447	2.96454
5929	1	-39.47882	-38.48238	-0.9964381	0.0004092453	0.007971568	0.2753543	1693.721	3.367553
5930	0	-37.70303	-37.34276	-0.3602643	0.008580395	0.1506874	0.1298602	80.78266	3.199217
5931	1	-39.71423	-38.53782	-1.176412	0.004170651	0.07740228	0.3125919	166.1964	2.7763
5932	0	-37.49664	-36.68761	-0.8090339	0.01690417	0.2686296	0.180846	41.00452	2.311157
5933	1	-37.47019	-37.074	-0.3961943	0.005534385	0.1009552	0.1405294	125.2438	2.053014
5934	0	-40.56806	-40.04981	-0.5182498	0.02971312	0.4090739	0.1128344	23.32798	3.159053
5935	1	-38.03416	-36.63378	-1.400382	0.03949547	0.4911752	0.2374287	17.55004	2.738634
5936	0	-39.21644	-37.47872	-1.73772	0.04997098	0.5612303	0.2869269	13.871	3.340132
5937	1	-40.56684	-37.67941	-2.887432	0.09766835	0.7442822	0.4618138	7.096948	3.13594
5938	0	-38.05969	-37.89849	-0.1612005	0.007478443	0.1331399	0.1080896	92.68603	3.076861
5939	1	-38.86673	-37.62975	-1.23698	0.01427988	0.2340529	0.2879141	48.54014	2.32642
5940	0	-37.25638	-36.54546	-0.7109242	0.01480741	0.241185	0.1688743	46.81084	2.528821
5941	1	-38.75447	-37.73616	-1.018311	0.007295609	0.1301806	0.2553547	95.00882	2.013117
5942	0	-37.60268	-36.70838	-0.8942976	0.01287953	0.2146602	0.208463	53.81773	2.429091
5943	1	-38.37907	-37.33549	-1.043581	0.01119238	0.1903762	0.2478635	61.93028	2.182614
5944	0	-41.53035	-38.14647	-3.383877	0.1069377	0.7648624	0.6655857	6.481783	2.550557
5945	1	-38.24257	-37.13573	-1.106841	0.01364249	0.2253099	0.2550673	50.80796	2.554283
5946	0	-43.34517	-40.08299	-3.262189	0.09409826	0.7354685	0.7065192	7.366206	1.861521
5947	1	-37.85756	-37.03258	-0.8249763	0.01221318	0.2051915	0.1963411	56.75403	2.034395
5948	0	-38.75958	-37.70313	-1.056447	0.02713298	0.3841326	0.2004502	25.5463	3.507562
5949	1	-37.29577	-37.18715	-0.1086189	0.000981862	0.0189836	0.1124097	705.9517	2.297698
5950	0	-38.4816	-37.30408	-1.17752	0.02324105	0.3435044	0.2390365	29.82426	1.988578
5951	1	-38.36629	-36.95919	-1.407098	0.02792881	0.3919879	0.2814557	24.81835	2.54967
5952	0	-38.08331	-37.2101	-0.8732089	0.004216066	0.0782	0.2306852	164.4062	2.542127
5953	1	-38.07955	-37.32657	-0.7529807	0.0134514	0.2226615	0.1795343	51.52976	3.439531
5954	0	-39.91186	-38.29574	-1.616116	0.02487694	0.361042	0.3621662	27.86304	2.087475
5955	1	-38.74847	-37.01306	-1.735405	0.04137893	0.5049932	0.3232042	16.75121	2.555294
5956	0	-39.77762	-38.52014	-1.257485	0.009394149	0.1633343	0.3148775	73.78499	3.315301
5957	1	-38.97712	-38.10444	-0.8726806	0.006647617	0.1195806	0.2227783	104.27	1.531433
5958	0	-38.3214	-36.88419	-1.43721	0.04183663	0.5082642	0.2383222	16.56795	3.048918
5959	1	-38.8044	-37.45645	-1.347948	0.01983903	0.3047441	0.2974071	34.93856	2.914981
5960	0	-39.14571	-37.0286	-2.117116	0.06819666	0.6515077	0.3241369	10.16395	2.912036
5961	1	-38.66039	-37.61079	-1.0496	0.03158854	0.4262796	0.1869384	21.943	3.354997
5962	0	-37.71618	-36.92775	-0.78843	0.004590118	0.08473497	0.2108171	151.0086	2.522747
5963	1	-37.38845	-37.21431	-0.1741373	0.0005554268	0.01079843	0.1207464	1247.954	2.078334
5964	0	-42.21461	-40.26778	-1.946832	0.02660884	0.3788778	0.4919391	26.0495	1.640498
5965	1	-41.15131	-38.14741	-3.003905	0.09862061	0.7465447	0.5119277	7.028421	3.332716
5966	0	-38.14197	-37.0993	-1.042669	0.01313718	0.2182793	0.2409269	52.76224	2.298053
5967	1	-38.81236	-37.41017	-1.402188	0.02189574	0.3285567	0.3049928	31.65671	2.757617
5968	0	-40.08329	-38.21876	-1.864526	0.04248239	0.5128231	0.3620629	16.3161	3.55852
5969	1	-37.79401	-36.88026	-0.9137484	0.01878427	0.2920623	0.1955472	36.90042	3.176178
5970	0	-38.72551	-36.88046	-1.845046	0.05799253	0.6051536	0.285214	11.95235	2.652376
5971	1	-38.3439	-36.70434	-1.639559	0.04612836	0.5373785	0.2746088	15.02649	2.760352
5972	0	-39.15931	-37.75643	-1.402873	0.01880817	0.2923533	0.318808	36.85351	2.487975
5973	1	-42.6363	-40.62697	-2.009334	0.08517004	0.7108863	0.2289757	8.138392	3.322888
5974	0	-38.56817	-38.11296	-0.4552161	0.01486955	0.242019	0.1306561	46.61521	3.38851
5975	1	-39.32537	-37.5329	-1.792468	0.0638015	0.6327015	0.2492867	10.86412	3.044167
5976	0	-37.7535	-36.71681	-1.036695	0.02470997	0.3592833	0.2033728	28.05132	3.0266
5977	1	-39.0525	-38.0283	-1.024202	0.03752833	0.4761054	0.1675824	18.46997	3.222694
5978	0	-39.21324	-38.88225	-0.3309937	0.01228347	0.2061978	0.1196867	56.42927	1.76362
5979	1	-37.1332	-36.55224	-0.5809625	0.006592866	0.1186769	0.1665395	105.1359	2.455391
5980	0	-37.78224	-37.39568	-0.3865584	0.01047002	0.1796604	0.1298084	66.20303	2.121737
5981	1	-38.94742	-37.84339	-1.104037	0.007188409	0.128439	0.2786326	96.42567	2.938209
5982	0	-38.24081	-36.76887	-1.471934	0.04474328	0.528281	0.236817	15.49165	2.587057
5983	1	-37.30402	-36.6839	-0.6201182	0.002907156	0.05482999	0.1824457	238.4279	2.470782
5984	0	-40.28093	-37.70338	-2.577551	0.0690505	0.6549756	0.5075213	10.03827	2.718799
5985	1	-37.74736	-36.77505	-0.9723106	0.01388937	0.2287128	0.2221848	49.90485	2.816742
5986	0	-44.89621	-41.46315	-3.433056	0.08955631	0.723445	0.8937066	7.739792	1.654969
5987	1	-38.22568	-36.82715	-1.398521	0.02948819	0.4069592	0.2729721	23.50593	2.642643
5988	0	-38.57282	-37.01929	-1.553532	0.03497918	0.45555	0.2949527	19.816	3.014829
5989	1	-41.46506	-38.25693	-3.208139	0.09505377	0.7378802	0.6603716	7.292159	3.139986
5990	0	-38.34542	-37.07051	-1.274916	0.03987608	0.4940146	0.2083094	17.38253	2.35489
5991	1	-41.97254	-38.50604	-3.466498	0.1351023	0.8119653	0.485623	5.130536	3.072928
5992	0	-41.3723	-38.92594	-2.446364	0.05102406	0.5674299	0.5742101	13.58471	2.672067
5993	1	-39.73795	-37.80372	-1.934238	0.0723822	0.6679695	0.2544647	9.57621	2.609974
5994	0	-39.6365	-37.75794	-1.878554	0.03743389	0.4753649	0.3943194	18.51657	2.748841
5995	1	-38.92694	-37.83224	-1.094699	0.01838334	0.2871555	0.2356661	37.70517	3.626588
5996	0	-37.81122	-36.77303	-1.038197	0.02310137	0.3419748	0.2083599	30.0046	3.08075
5997	1	-38.18041	-36.71688	-1.463533	0.03485346	0.454505	0.2700458	19.88747	2.714549
5998	0	-38.13401	-36.7345	-1.39951	0.03858202	0.4842606	0.2403024	17.96555	2.468689
5999	1	-37.43527	-36.58786	-0.8474091	0.02013768	0.308276	0.1795303	34.4204	2.853776
6000	0	-41.5785	-39.96311	-1.615392	0.01174033	0.1983759	0.4356974	59.03985	2.260448
6001	1	-40.93785	-37.78945	-3.148404	0.09734149	0.7434973	0.6022973	7.120779	2.727345
6002	0	-38.58922	-36.99815	-1.591072	0.03565111	0.4610847	0.3033424	19.44251	2.91708
6003	1	-37.58139	-36.60402	-0.9773664	0.02555056	0.3680667	0.1893957	27.12846	2.538217
6004	0	-39.86164	-37.56084	-2.300795	0.06038266	0.6168841	0.4349477	11.47924	3.080302
6005	1	-40.10021	-38.01003	-2.090183	0.04598244	0.536433	0.4318305	15.07417	2.309245
6006	0	-40.6156	-39.16272	-1.452873	0.01142294	0.1937556	0.3720072	60.6803	3.230071
6007	1	-42.3376	-38.54852	-3.789079	0.1214364	0.791554	0.8132677	5.707905	3.162448
6008	0	-42.64529	-38.7204	-3.92489	0.1364363	0.8137559	0.7536891	5.080371	2.424714
6009	1	-40.35101	-37.52896	-2.822042	0.09630593	0.7409816	0.440988	7.197347	2.624151
6010	0	-43.58693	-40.22136	-3.365569	0.1368768	0.81434	0.4281343	5.064023	2.400258
6011	1	-38.59159	-37.06113	-1.53046	0.04307609	0.5169573	0.2570741	16.09123	2.273182
6012	0	-38.07802	-37.85151	-0.2265057	0.008771214	0.1536764	0.113296	79.02523	3.146065
6013	1	-41.62539	-38.80955	-2.815843	0.08855598	0.7206663	0.488967	7.827221	3.57898
6014	0	-43.78407	-39.50457	-4.279496	0.1536577	0.8342399	0.842451	4.510982	2.275281
6015	1	-37.68576	-37.14619	-0.5395667	0.01193911	0.201251	0.1481633	58.05685	2.080791
6016	0	-38.9685	-37.20502	-1.763478	0.03902435	0.4876266	0.343648	17.76192	2.642074
6017	1	-37.13821	-36.79738	-0.340823	0.003336024	0.06257438	0.1371533	207.7764	3.020525
6018	0	-37.16155	-36.59191	-0.5696397	0.00753793	0.1340998	0.1624808	91.95457	2.906832
6019	1	-37.6921	-36.91951	-0.7725951	0.02338579	0.3450839	0.1591181	29.63967	2.907129
6020	0	-39.00323	-37.0367	-1.966537	0.05266865	0.5768377	0.3472122	13.16053	2.952203
6021	1	-38.64376	-37.67946	-0.9642982	0.01450106	0.2370546	0.2185154	47.79977	1.730348
6022	0	-42.6283	-38.90219	-3.726116	0.1110236	0.7729999	0.8846466	6.243242	2.702477
6023	1	-39.26232	-38.38944	-0.8728797	0.02925777	0.4047814	0.1619007	23.69104	1.909208
6024	0	-38.68422	-37.59617	-1.088049	0.009263793	0.1613258	0.2662908	74.82326	2.267987
6025	1	-39.2562	-37.94527	-1.310921	0.01489982	0.2424248	0.3073068	46.5205	2.204094
6026	0	-37.5734	-37.37848	-0.1949195	0.004954524	0.09104125	0.1158542	139.9019	3.062658
6027	1	-43.27894	-41.52889	-1.750048	0.07605336	0.6813566	0.2009614	9.113958	2.151277
6028	0	-37.41533	-36.79735	-0.617988	0.01718272	0.2721699	0.1488092	40.33979	2.787972
6029	1	-39.82271	-37.9669	-1.855813	0.03902404	0.4876243	0.3768916	17.76206	2.104539
6030	0	-39.70123	-37.55815	-2.143081	0.05522553	0.5908303	0.3995594	12.55121	3.184283
6031	1	-37.27381	-36.57179	-0.7020276	0.01471351	0.2399223	0.1676008	47.10958	2.481178
6032	0	-38.64629	-37.43279	-1.213498	0.01834484	0.2866818	0.2655381	37.78431	2.077142
6033	1	-38.24458	-36.93163	-1.312945	0.03654476	0.4683153	0.2268099	18.96707	3.119798
6034	0	-38.52065	-37.30579	-1.214861	0.03388134	0.446322	0.2135032	20.45808	3.310713
6035	1	-39.60711	-38.0457	-1.561409	0.02289205	0.339673	0.3526356	30.27895	2.988378
6036	0	-39.4809	-38.11746	-1.363441	0.02971834	0.4091228	0.2627067	23.32389	1.700081
6037	1	-41.50232	-38.87506	-2.627262	0.07377921	0.6731745	0.4989233	9.394884	3.630719
6038	0	-40.86589	-39.12473	-1.741156	0.0284808	0.3973503	0.3900344	24.33735	3.733029
6039	1	-37.3194	-36.58579	-0.7336155	0.009800066	0.1695461	0.185412	70.72883	2.828377
6040	0	-39.14004	-38.30008	-0.8399571	0.02124889	0.321195	0.175422	32.62039	3.685355
6041	1	-41.69385	-38.7436	-2.950251	0.07471623	0.6765886	0.6800758	9.277063	2.773848
6042	0	-38.22344	-36.82736	-1.396081	0.03002464	0.4119843	0.270251	23.08594	2.856089
6043	1	-39.61311	-37.14295	-2.470161	0.07946042	0.6929777	0.3935065	8.723175	2.842052
6044	0	-43.10714	-39.45306	-3.654083	0.1232831	0.7945522	0.692271	5.622404	3.607126
6045	1	-38.4689	-37.72396	-0.744941	0.003774142	0.07039773	0.2041854	183.6569	3.607488
6046	0	-37.94046	-37.85688	-0.08358274	0.005147094	0.09435003	0.103366	134.6677	2.988052
6047	1	-40.33545	-37.57256	-2.762892	0.08345771	0.7057097	0.4983799	8.305371	2.562555
6048	0	-38.59643	-36.86408	-1.732347	0.04670555	0.5410892	0.2988621	14.84079	2.506373
6049	1	-37.78732	-36.87594	-0.9113808	0.02881058	0.4005209	0.1693219	24.05877	2.600698
6050	0	-39.73126	-37.54703	-2.18423	0.05854556	0.6079192	0.3972681	11.83945	2.302848
6051	1	-41.23746	-39.98102	-1.256436	0.02313072	0.3422966	0.2590682	29.96652	4.292858
6052	0	-38.71888	-37.0841	-1.634783	0.03536876	0.4587694	0.3181626	19.59772	2.60374
6053	1	-38.53529	-37.56055	-0.9747414	0.034715	0.4533506	0.1659615	19.96679	2.331359
6054	0	-37.53502	-36.76282	-0.7722024	0.01577858	0.2540736	0.1770999	43.92963	3.083301
6055	1	-38.1092	-36.72263	-1.386572	0.04212304	0.5102943	0.2256396	16.4553	2.769478
6056	0	-42.9697	-41.13613	-1.833563	0.01301897	0.2166217	0.5322204	53.24132	2.879375
6057	1	-38.18545	-36.96993	-1.215524	0.03072895	0.4184867	0.2233736	22.55681	3.187635
6058	0	-37.27904	-37.1225	-0.1565337	0.0006519198	0.01265852	0.1184778	1063.24	2.18628
6059	1	-38.61275	-37.10236	-1.510384	0.03912485	0.4883868	0.266428	17.71629	3.2159
6060	0	-38.08189	-37.69727	-0.3846161	0.01684802	0.267913	0.1183943	41.14118	2.690421
6061	1	-37.57712	-36.69684	-0.8802841	0.01228722	0.2062514	0.2072893	56.41205	2.457138
6062	0	-38.69226	-37.43847	-1.253791	0.03023921	0.4139766	0.2336981	22.92213	3.428227
6063	1	-37.32729	-36.61426	-0.7130307	0.01394937	0.2295366	0.1712941	49.69021	2.383106
6064	0	-40.35948	-39.20053	-1.158945	0.01989392	0.3053951	0.2459979	34.84216	1.239165
6065	1	-37.58742	-36.53772	-1.049694	0.02592519	0.3719249	0.2025271	26.73644	2.722189
6066	0	-39.38684	-38.00407	-1.382763	0.01891584	0.2936621	0.3119859	36.64374	2.023294
6067	1	-39.76676	-37.8078	-1.958953	0.04080589	0.5008504	0.4074536	16.98645	2.503016
6068	0	-37.26708	-36.62154	-0.645536	0.01307487	0.2174061	0.1621044	53.01369	2.899965
6069	1	-40.22946	-38.10688	-2.122586	0.06333146	0.630591	0.3491011	10.94475	3.496846
6070	0	-40.57164	-38.87758	-1.694066	0.0344109	0.4508023	0.3421934	20.14325	1.568426
6071	1	-42.12999	-38.43962	-3.690375	0.1168849	0.7838037	0.785759	5.93017	3.112008
6072	0	-38.62611	-36.79974	-1.82637	0.05106423	0.5676636	0.3087198	13.57403	2.725159
6073	1	-39.42601	-38.22922	-1.196789	0.0137737	0.227121	0.2785568	50.32396	3.612432
6074	0	-43.1397	-38.44265	-4.697049	0.1759953	0.8550725	0.9329264	3.938442	2.954045
6075	1	-37.33948	-37.1982	-0.1412748	0.000804024	0.01558115	0.1164333	862.0976	3.082825
6076	0	-38.20299	-36.82325	-1.379742	0.0287978	0.4003986	0.2705193	24.06944	2.750832
6077	1	-38.64507	-36.95211	-1.692952	0.05526013	0.5910145	0.2546129	12.54335	2.878593
6078	0	-37.52917	-36.74301	-0.786161	0.008476251	0.1490499	0.1991038	81.77521	2.383754
6079	1	-38.70593	-37.95556	-0.7503642	0.03137059	0.4243185	0.1390206	22.09545	2.862415
6080	0	-37.63705	-36.74904	-0.8880044	0.02624221	0.3751631	0.1715211	26.41344	2.772639
6081	1	-41.30674	-38.23776	-3.068987	0.1091275	0.7692889	0.4709937	6.351721	2.430434
6082	0	-38.42055	-36.92258	-1.497964	0.04647539	0.5396151	0.2371873	14.91429	2.468985
6083	1	-40.43738	-38.89143	-1.545951	0.01583273	0.2547832	0.3836374	43.77938	2.333919
6084	0	-38.8601	-37.1781	-1.682001	0.05701768	0.6002009	0.2456643	12.15671	2.977769
6085	1	-38.14006	-37.88004	-0.260019	0.0005757819	0.01119121	0.1315368	1203.836	1.64177
6086	0	-37.48498	-37.2374	-0.2475821	0.003512361	0.06573381	0.1246323	197.3451	3.184193
6087	1	-37.35294	-36.74416	-0.6087833	0.001857513	0.03550921	0.183084	373.1588	2.867653
6088	0	-37.22391	-36.61288	-0.6110311	0.00845451	0.1487075	0.1671687	81.9855	2.940851
6089	1	-37.5866	-37.35661	-0.2299929	0.00166699	0.03194553	0.1256935	415.8076	3.305756
6090	0	-38.09675	-37.16366	-0.933088	0.007349821	0.1310595	0.2343147	94.30804	2.879887
6091	1	-38.07752	-37.77692	-0.3006005	0.001515803	0.02910504	0.1351776	457.2804	3.587563
6092	0	-37.88316	-36.98433	-0.8988343	0.007799416	0.1383019	0.224991	88.87167	2.539223
6093	1	-39.4041	-38.33389	-1.070209	0.001891856	0.03614972	0.2902914	366.3847	2.414768
6094	0	-37.25848	-36.61388	-0.6446001	0.01206097	0.2030064	0.164289	57.47026	2.388746
6095	1	-38.04934	-36.64358	-1.40576	0.03736352	0.4748121	0.2460072	18.55144	2.589649
6096	0	-39.99883	-37.46366	-2.535176	0.07714024	0.6851446	0.4339319	8.985547	2.467886
6097	1	-40.57654	-38.19188	-2.384656	0.05513813	0.5903643	0.5093684	12.5711	2.947575
6098	0	-40.53747	-37.93722	-2.60025	0.08351509	0.7058858	0.4232276	8.299664	2.286668
6099	1	-37.28393	-36.54192	-0.742014	0.01686439	0.2681221	0.1692179	41.10122	2.654934
6100	0	-38.71276	-37.49529	-1.217473	0.01399391	0.2301474	0.2834953	49.53206	2.565952
6101	1	-39.91667	-38.45092	-1.46575	0.04376335	0.5216756	0.2386378	15.83853	3.631539
6102	0	-38.79926	-37.13061	-1.668648	0.03883642	0.4862006	0.3133883	17.84786	3.06831
6103	1	-38.23742	-36.80096	-1.436459	0.03924634	0.4893034	0.2470186	17.66145	3.019814
6104	0	-42.96327	-39.53295	-3.430317	0.09881183	0.7469947	0.782031	7.014819	3.544543
6105	1	-39.68549	-38.03831	-1.647176	0.0369331	0.4714119	0.3150898	18.76764	1.84522
6106	0	-42.61596	-39.69603	-2.919927	0.1131384	0.7770111	0.3834179	6.126542	2.292381
6107	1	-37.69342	-36.99577	-0.6976543	0.003891746	0.07248274	0.1944316	178.107	2.128025
6108	0	-39.26548	-38.72719	-0.538291	0.01849919	0.2885783	0.1348781	37.46906	1.79137
6109	1	-37.7147	-36.6921	-1.022603	0.02130573	0.3218464	0.2104058	32.53337	2.997093
6110	0	-37.6133	-36.76619	-0.8471102	0.01500432	0.2438234	0.1929747	46.1965	2.230971
6111	1	-42.54343	-40.79455	-1.748884	0.02012371	0.3081114	0.4423122	34.4443	4.16908
6112	0	-37.52852	-36.83935	-0.6891735	0.02044347	0.3118659	0.1525952	33.90555	2.7723
6113	1	-38.54577	-36.90355	-1.64222	0.03884223	0.4862448	0.3051895	17.8452	2.611602
6114	0	-40.53932	-39.47078	-1.068535	0.009828081	0.1699725	0.2590716	70.52721	4.231896
6115	1	-43.80168	-41.63603	-2.165648	0.02500079	0.362342	0.6263357	27.72502	1.798986
6116	0	-41.42681	-39.48889	-1.93792	0.08269942	0.7033655	0.2207658	8.381524	2.666979
6117	1	-38.41197	-37.39683	-1.015144	0.01760515	0.2774929	0.2200497	39.37185	1.883068
6118	0	-38.27033	-36.91866	-1.35167	0.04453946	0.5269188	0.2105878	15.56254	2.749436
6119	1	-41.38186	-38.31097	-3.070893	0.1061915	0.7633182	0.4918744	6.52733	3.342554
6120	0	-37.30917	-36.5036	-0.8055663	0.01536476	0.2486196	0.1841819	45.11279	2.637126
6121	1	-40.69534	-38.02514	-2.670202	0.07515472	0.6781655	0.5107915	9.222936	3.272332
6122	0	-39.63666	-37.37154	-2.265114	0.07075494	0.6617278	0.3625001	9.796449	3.16663
6123	1	-40.61628	-39.01526	-1.601018	0.02792297	0.3919307	0.341715	24.82355	1.506723
6124	0	-41.13301	-38.3571	-2.775907	0.09385915	0.7348589	0.4359146	7.384972	3.406826
6125	1	-38.15868	-37.23147	-0.9272066	0.005889352	0.1069519	0.2377963	117.695	2.701317
6126	0	-37.94937	-37.03738	-0.9119867	0.03070121	0.4182327	0.1649595	22.5772	2.774917
6127	1	-40.48238	-39.52041	-0.9619749	0.04617355	0.5376707	0.139369	15.01178	2.925997
6128	0	-39.59421	-37.27978	-2.31443	0.07538739	0.6789969	0.3567027	9.194472	2.523513
6129	1	-42.25765	-40.26554	-1.992107	0.02391478	0.3508105	0.5346896	28.98405	2.465279
6130	0	-41.48916	-38.93456	-2.554598	0.09421811	0.7357732	0.3476047	7.356836	2.26157
6131	1	-37.85567	-36.65289	-1.20279	0.02553191	0.3678737	0.2373475	27.14827	2.790414
6132	0	-41.4515	-39.84109	-1.610404	0.02597776	0.3724636	0.354547	26.68233	1.222359
6133	1	-39.51878	-37.19586	-2.322919	0.07792562	0.6878342	0.3470735	8.894984	2.926326
6134	0	-41.64618	-37.94879	-3.69739	0.128467	0.8025503	0.6718642	5.395528	2.763591
6135	1	-39.4424	-37.38267	-2.059732	0.05187992	0.5723668	0.3853965	13.36061	3.065933
6136	0	-38.65968	-37.24447	-1.415218	0.04574552	0.5348914	0.220614	15.15224	2.331181
6137	1	-38.29745	-36.71271	-1.584749	0.04213896	0.5104067	0.2750333	16.44908	2.621415
6138	0	-38.6444	-37.45909	-1.185314	0.03187784	0.4288676	0.2132374	21.74385	2.000663
6139	1	-40.79137	-37.90626	-2.885107	0.08105318	0.6981631	0.582625	8.551758	2.809843
6140	0	-37.30599	-36.69466	-0.6113387	0.005982727	0.1085202	0.173162	115.8581	2.269035
6141	1	-37.89232	-37.55413	-0.3381908	0.01398146	0.2299767	0.1176941	49.57617	2.535912
6142	0	-39.78913	-38.62544	-1.16369	0.003028506	0.05703	0.3136603	228.8743	2.648736
6143	1	-36.94252	-36.52183	-0.4206953	0.001802997	0.03449129	0.1518096	384.4418	2.616755
6144	0	-41.30037	-37.88654	-3.413832	0.1137246	0.7780999	0.6231267	6.094961	3.067802
6145	1	-37.22588	-36.74624	-0.4796483	0.001121661	0.02164723	0.1625857	617.9652	2.204807
6146	0	-39.9724	-38.44035	-1.53205	0.01816789	0.2844987	0.3660647	38.15233	2.845552
6147	1	-39.48986	-37.56824	-1.921617	0.04173537	0.5075434	0.3874011	16.60815	2.525941
6148	0	-39.74521	-38.01757	-1.727637	0.05969099	0.6135484	0.2476058	11.61226	2.209046
6149	1	-37.67957	-37.04453	-0.6350431	0.01916133	0.2966333	0.1471967	36.17428	2.968138
6150	0	-38.28907	-37.61156	-0.6775134	0.006405882	0.1155811	0.183906	108.2048	3.609057
6151	1	-38.06111	-37.00722	-1.053893	0.02628432	0.3755914	0.2023501	26.37113	3.216495
6152	0	-38.34125	-37.80862	-0.53263	0.007566214	0.1345556	0.1565148	91.61083	3.634354
6153	1	-39.4616	-37.70503	-1.756577	0.04879749	0.554155	0.2972758	14.20456	3.438142
6154	0	-38.42557	-37.41558	-1.00999	0.03540703	0.459084	0.1702433	19.57654	2.379467
6155	1	-39.31536	-37.42308	-1.89228	0.05704199	0.6003256	0.303051	12.15152	2.238582
6156	0	-38.09863	-37.71956	-0.3790649	0.01073475	0.1836102	0.1283584	64.57038	3.307301
6157	1	-37.8367	-36.75238	-1.084317	0.02291794	0.3399583	0.2187605	30.24474	3.039745
6158	0	-37.52153	-36.63271	-0.8888177	0.01682375	0.267603	0.1960884	41.20052	2.379572
6159	1	-39.37577	-37.5369	-1.83887	0.05716191	0.60094	0.2868035	12.12603	2.212437
6160	0	-41.42714	-39.30879	-2.118351	0.08883689	0.7214515	0.2424596	7.80247	2.948892
6161	1	-40.68333	-39.02868	-1.654646	0.02437573	0.3557416	0.3790671	28.43595	3.65738
6162	0	-38.17475	-36.82293	-1.35182	0.04304184	0.5167202	0.2151227	16.10403	2.677846
6163	1	-37.12807	-36.9104	-0.2176662	0.002326373	0.04420447	0.1230025	297.9519	2.920593
6164	0	-37.65405	-36.58732	-1.066739	0.02147055	0.3237305	0.2193887	32.28363	2.721904
6165	1	-37.07739	-36.61743	-0.459953	0.0005622367	0.01092986	0.1606796	1232.839	2.382545
6166	0	-39.95973	-38.21521	-1.744515	0.03169624	0.4272451	0.3739689	21.86843	2.051017
6167	1	-38.63375	-37.72306	-0.9106941	0.00137409	0.02643238	0.249307	504.441	2.971629
6168	0	-37.56739	-36.70004	-0.8673479	0.01323412	0.2196349	0.2019061	52.37577	2.358683
6169	1	-37.70743	-36.95927	-0.748164	0.004222318	0.07830974	0.2035518	164.1627	2.995311
6170	0	-36.92696	-36.53055	-0.3964068	0.002472726	0.04689711	0.1467717	280.317	2.667966
6171	1	-37.55677	-37.28089	-0.275883	0.006687976	0.1202459	0.1225856	103.6408	2.194079
6172	0	-40.18673	-37.85418	-2.332553	0.05822094	0.6062997	0.4629043	11.90546	2.391812
6173	1	-37.72072	-36.761	-0.9597216	0.01318949	0.2190111	0.2215852	52.553	2.685684
6174	0	-38.31509	-37.35892	-0.9561665	0.006657026	0.1197357	0.2421434	104.1226	2.288728
6175	1	-38.98127	-37.8977	-1.08357	0.02402735	0.3520197	0.2151981	28.84826	1.72433
6176	0	-37.41317	-37.0537	-0.3594722	0.006534757	0.1177164	0.1335616	106.0708	2.162169
6177	1	-37.61623	-36.85634	-0.7598931	0.007491891	0.133357	0.1966575	92.51966	2.224244
6178	0	-38.85169	-37.52395	-1.327746	0.04935527	0.5575403	0.1920874	14.04403	2.61536
6179	1	-38.22332	-37.7153	-0.5080169	0.02151852	0.3242775	0.1253921	32.21166	2.672485
6180	0	-39.99091	-38.75992	-1.230989	0.04351113	0.5199523	0.1893787	15.93034	1.960032
6181	1	-37.91933	-36.60592	-1.313407	0.03611192	0.4648315	0.2283063	19.19442	2.744799
6182	0	-39.54482	-37.86691	-1.677916	0.04597836	0.5364065	0.2859519	15.07551	1.951302
6183	1	-38.98718	-37.17441	-1.81277	0.04150099	0.5058688	0.3485998	16.70194	2.74687
6184	0	-40.83095	-39.0519	-1.779051	0.07128112	0.6637676	0.2213021	9.724134	3.208707
6185	1	-37.34056	-36.71742	-0.6231395	0.001947118	0.03717916	0.1854964	355.9862	2.55562
6186	0	-39.29142	-37.32689	-1.96453	0.05418855	0.5852459	0.3391556	12.7914	3.220014
6187	1	-40.04204	-37.75174	-2.290298	0.05534682	0.5914756	0.462139	12.5237	2.633854
6188	0	-37.73424	-36.89111	-0.8431316	0.008041247	0.1421634	0.2120753	86.19896	2.927547
6189	1	-38.51748	-37.53207	-0.9854065	0.03727352	0.4741039	0.1617867	18.59624	2.581076
6190	0	-39.61482	-37.57725	-2.037576	0.04628149	0.5383675	0.4079729	14.97677	2.607764
6191	1	-38.67113	-37.09699	-1.574134	0.03244195	0.4338641	0.3120793	21.36577	2.680029
6192	0	-38.50089	-37.2457	-1.255191	0.01943707	0.2999495	0.2726046	35.6611	3.026521
6193	1	-40.82911	-38.66488	-2.164226	0.04144521	0.5054689	0.4957983	16.72442	2.870712
6194	0	-37.6962	-37.05546	-0.6407326	0.01298308	0.2161175	0.1615369	53.38849	2.062538
6195	1	-40.18216	-37.86696	-2.315201	0.06698986	0.646506	0.4019381	10.34705	3.380242
6196	0	-40.87841	-39.92336	-0.9550537	0.03946532	0.4909492	0.1521649	17.56345	3.512378
6197	1	-42.53829	-38.25384	-4.284445	0.1546002	0.8352359	0.8354339	4.483482	2.920804
6198	0	-37.80167	-37.00389	-0.7977773	0.02487316	0.3610023	0.1597833	27.86727	2.945017
6199	1	-37.5422	-36.52484	-1.017368	0.02293168	0.3401097	0.2045545	30.22662	2.667065
6200	0	-37.73649	-36.71341	-1.023077	0.01882828	0.292598	0.2180029	36.81416	2.951813
6201	1	-39.32337	-37.31034	-2.013034	0.04907083	0.555819	0.382702	14.12544	2.558624
6202	0	-40.00275	-38.44471	-1.558037	0.019095	0.2958323	0.3708141	36.29993	2.507967
6203	1	-38.85898	-37.22752	-1.631461	0.03336671	0.4419153	0.3262034	20.77361	2.836813
6204	0	-37.92197	-37.37312	-0.5488508	0.02048779	0.312384	0.1325341	33.83221	2.568744
6205	1	-38.22314	-36.7046	-1.518539	0.04106647	0.5027408	0.2613426	16.87867	2.558926
6206	0	-41.18265	-38.37103	-2.811622	0.08595549	0.713208	0.5051267	8.064025	2.18176
6207	1	-37.18515	-36.75752	-0.427626	0.005887536	0.1069213	0.144295	117.7313	3.013559
6208	0	-39.68275	-37.80325	-1.879498	0.06992727	0.6584769	0.2494107	9.912402	3.008608
6209	1	-37.04606	-36.60948	-0.4365739	0.007431898	0.1323878	0.1424501	93.26651	2.681246
6210	0	-37.53407	-36.86992	-0.6641457	0.006922766	0.1241029	0.1801438	100.1258	3.167032
6211	1	-40.09115	-38.17061	-1.920538	0.07489324	0.6772267	0.2422552	9.255136	2.647363
6212	0	-38.49438	-36.9114	-1.582986	0.03583892	0.4626165	0.3001024	19.34063	2.76343
6213	1	-39.26105	-37.76973	-1.491321	0.04468177	0.5278705	0.2416629	15.51298	3.430656
6214	0	-40.16543	-39.12682	-1.038604	0.03064882	0.4177523	0.1873647	22.61579	3.798649
6215	1	-37.08935	-36.67843	-0.4109241	0.003843796	0.07163338	0.1460615	180.3288	2.968376
6216	0	-38.30735	-37.54738	-0.7599635	0.0004369491	0.008508133	0.2172812	1586.334	3.314563
6217	1	-38.68113	-38.27662	-0.4045086	0.02011896	0.3080554	0.1153196	34.45243	2.909991
6218	0	-37.46148	-37.02183	-0.4396516	0.01291838	0.2152074	0.1322332	53.65587	2.465366
6219	1	-39.76743	-37.55861	-2.208816	0.05573507	0.5935302	0.4236465	12.43646	2.450632
6220	0	-40.09847	-38.69151	-1.40696	0.01451674	0.2372668	0.3401192	47.74812	1.901768
6221	1	-38.43514	-36.80565	-1.62949	0.0511173	0.5679721	0.2533581	13.55993	2.709565
6222	0	-38.09456	-36.75739	-1.337173	0.03435942	0.4503691	0.2396575	20.17343	3.009855
6223	1	-39.44816	-38.39886	-1.049305	0.0005544422	0.01077943	0.2897082	1250.17	2.490033
6224	0	-37.40166	-36.58489	-0.8167624	0.01621103	0.2597139	0.1840422	42.75774	2.421046
6225	1	-38.42491	-37.06604	-1.358873	0.02625116	0.3752542	0.2746364	26.40444	2.335774
6226	0	-41.37975	-38.40667	-2.973073	0.1133393	0.7773854	0.4032003	6.115681	2.581708
6227	1	-37.55349	-36.91651	-0.6369768	0.003679106	0.06870819	0.1835353	188.401	2.120411
6228	0	-37.23345	-36.72886	-0.504593	0.01158866	0.1961727	0.1437811	59.81254	2.824296
6229	1	-37.83125	-37.53442	-0.2968347	0.007916701	0.1401776	0.123027	87.55506	2.077796
6230	0	-37.34651	-36.90186	-0.4446441	0.0107424	0.1837239	0.1370434	64.52442	2.365448
6231	1	-39.05942	-37.3732	-1.686222	0.05474165	0.5882396	0.2547642	12.66215	2.316909
6232	0	-38.61522	-36.90736	-1.70786	0.04529886	0.5319633	0.2974857	15.30165	3.006884
6233	1	-40.04798	-37.75455	-2.293429	0.06100479	0.6198446	0.427978	11.36218	3.259119
6234	0	-37.4649	-36.64094	-0.8239674	0.01393643	0.229359	0.1914261	49.73636	2.361886
6235	1	-41.1722	-38.36792	-2.804288	0.09335021	0.7335528	0.4516994	7.425234	2.234493
6236	0	-37.04525	-36.64166	-0.4035827	0.005490994	0.1002185	0.1416583	126.2335	2.435701
6237	1	-38.17433	-37.72107	-0.4532578	0.003756555	0.07008538	0.1525655	184.5167	1.641522
6238	0	-38.06444	-37.24133	-0.8231028	0.007175155	0.1282234	0.2104288	96.60379	1.985303
6239	1	-37.8672	-37.06172	-0.8054766	0.008774529	0.1537282	0.2021335	78.99537	3.239734
6240	0	-39.89997	-38.05336	-1.846608	0.03355037	0.4434938	0.4034585	20.6599	2.563209
6241	1	-37.29641	-36.64856	-0.6478566	0.009181862	0.1600601	0.1716666	75.49092	2.985332
6242	0	-39.66735	-37.63616	-2.031187	0.07359846	0.6725088	0.2755944	9.417958	2.564002
6243	1	-39.26677	-37.75542	-1.511345	0.03687986	0.470989	0.275277	18.79473	1.902434
6244	0	-40.57555	-37.62212	-2.953431	0.1023158	0.7549917	0.4619752	6.774588	2.63848
6245	1	-43.14124	-40.41642	-2.724818	0.1130472	0.7768408	0.3158617	6.131485	3.310798
6246	0	-39.18233	-36.98644	-2.195899	0.06573288	0.641168	0.3631267	10.54491	2.733415
6247	1	-40.41396	-38.00949	-2.404471	0.08537403	0.7114925	0.3389563	8.118946	2.394825
6248	0	-41.12589	-39.31242	-1.813469	0.02382331	0.3498255	0.4477972	29.09533	2.198822
6249	1	-37.43244	-36.78253	-0.6499176	0.009918749	0.1713503	0.1702394	69.88252	2.181946
6250	0	-37.37503	-37.25167	-0.1233626	0.002831648	0.05345757	0.111137	244.7858	2.89087
6251	1	-38.11905	-36.96747	-1.151574	0.01752534	0.2764915	0.2525	39.55114	2.54874
6252	0	-39.28848	-37.12863	-2.159846	0.05887462	0.60955	0.3859004	11.77328	2.866929
6253	1	-38.11093	-36.66768	-1.443251	0.03659354	0.4687057	0.2581986	18.94179	2.816437
6254	0	-38.25457	-37.76502	-0.4895408	0.001409991	0.0271104	0.1635346	491.5969	1.564746
6255	1	-39.98579	-38.74455	-1.241239	0.005128522	0.09403163	0.3290451	135.1553	2.787639
6256	0	-37.43329	-36.73816	-0.6951324	0.01489763	0.2423955	0.1660167	46.52733	2.292484
6257	1	-37.51573	-37.34038	-0.175347	0.0008553875	0.01656547	0.1203814	810.3312	2.015678
6258	0	-42.51081	-40.75243	-1.758385	0.0191119	0.2960366	0.4529629	36.26782	1.276951
6259	1	-39.8813	-38.61207	-1.26923	0.05056086	0.5647201	0.1781106	13.70917	2.297326
6260	0	-40.94216	-37.89089	-3.051264	0.09454569	0.7366027	0.5685591	7.331346	3.153993
6261	1	-37.89597	-36.89199	-1.003978	0.0160241	0.2572832	0.2225211	43.25654	2.254
6262	0	-37.53908	-36.54636	-0.9927227	0.02269346	0.3374785	0.2002475	30.54392	2.546283
6263	1	-39.20329	-37.4101	-1.793187	0.04155517	0.5062566	0.341578	16.68017	2.263386
6264	0	-44.32311	-43.1634	-1.159714	0.01090876	0.186192	0.2795043	63.54044	0.02470999
6265	1	-38.12525	-36.80148	-1.323774	0.04040102	0.4978914	0.2171237	17.15667	2.905952
6266	0	-38.10248	-36.98581	-1.116673	0.02255345	0.335925	0.2271209	30.73353	3.201587
6267	1	-41.49226	-38.27223	-3.220028	0.09504834	0.7378666	0.6683208	7.292575	2.543425
6268	0	-39.07613	-37.14911	-1.927014	0.06611153	0.64279	0.2760324	10.48451	2.699508
6269	1	-40.1727	-38.07604	-2.096656	0.05453841	0.5871436	0.3851541	12.70934	3.48732
6270	0	-40.90283	-38.1181	-2.784735	0.1009707	0.7519767	0.3977465	6.864832	2.477512
6271	1	-42.22749	-39.54326	-2.684232	0.07634571	0.6823832	0.5093663	9.079058	1.786143
6272	0	-37.72346	-36.7391	-0.9843659	0.02399969	0.3517229	0.1949505	28.88151	2.322454
6273	1	-39.51105	-39.39553	-0.1155199	0.007304162	0.1303193	0.1035176	94.89757	3.547786
6274	0	-38.43866	-37.03198	-1.406683	0.03332375	0.441545	0.2606947	20.80039	2.223353
6275	1	-38.9296	-38.17432	-0.7552786	0.03098645	0.4208376	0.1404656	22.36936	2.316962
6276	0	-39.99235	-37.36032	-2.632029	0.08273866	0.7034876	0.4417113	8.377549	3.026156
6277	1	-43.76219	-41.49754	-2.264646	0.06704096	0.6467202	0.3818476	10.33916	4.210221
6278	0	-37.28363	-36.93366	-0.3499698	0.002737991	0.05175155	0.1395878	253.1591	3.163846
6279	1	-41.59825	-38.10322	-3.49503	0.1170446	0.7840847	0.6448706	5.922078	2.549258
6280	0	-37.2452	-36.55319	-0.6920092	0.01473181	0.2401687	0.1658871	47.05104	2.776039
6281	1	-41.25185	-39.9896	-1.262249	0.008113893	0.1433187	0.3221549	85.4272	4.202597
6282	0	-40.09827	-37.62574	-2.472527	0.07354411	0.6723082	0.4288204	9.424917	2.350254
6283	1	-36.99069	-36.53369	-0.4569987	0.001835407	0.03509662	0.1573501	377.6532	2.556446
6284	0	-39.9723	-37.81183	-2.160471	0.05781118	0.6042398	0.3919861	11.98985	3.367085
6285	1	-38.60428	-37.64548	-0.9587998	0.003171282	0.05960965	0.2550357	218.57	2.764968
6286	0	-39.15571	-36.99544	-2.160276	0.06257486	0.6271517	0.366405	11.07709	2.817038
6287	1	-38.93207	-38.03274	-0.8993358	0.03415947	0.4486818	0.1551198	20.29151	2.246017
6288	0	-40.98409	-37.76556	-3.218526	0.1151816	0.7807637	0.5021319	6.017865	3.006993
6289	1	-38.15484	-37.20599	-0.9488471	0.007985178	0.1412702	0.2359097	86.80422	2.975254
6290	0	-38.89924	-38.26757	-0.6316679	0.02475797	0.3597896	0.1355494	27.99693	3.241173
6291	1	-37.88072	-36.90885	-0.9718662	0.01274301	0.212733	0.2257118	54.39433	2.954399
6292	0	-38.5899	-37.72208	-0.8678192	0.0320283	0.4302066	0.154901	21.64171	3.085044
6293	1	-37.58413	-36.78635	-0.7977722	0.02382979	0.3498953	0.1621549	29.08742	2.7132
6294	0	-37.94119	-37.1356	-0.8055883	0.002549473	0.04830503	0.2207378	271.8786	2.592287
6295	1	-38.36165	-36.76294	-1.598704	0.04886925	0.5545928	0.2536039	14.18371	2.667318
6296	0	-38.28328	-36.89369	-1.389596	0.04462091	0.5274639	0.2184765	15.53413	2.578129
6297	1	-39.54607	-37.62199	-1.924078	0.04138836	0.5050608	0.3902641	16.7474	2.943586
6298	0	-37.19873	-36.63269	-0.5660399	0.009542977	0.1656192	0.1573758	72.63427	2.929614
6299	1	-40.19353	-38.54959	-1.643942	0.05542502	0.5918908	0.2418712	12.50603	2.00114
6300	0	-38.11833	-36.66598	-1.452358	0.03700288	0.4719654	0.2590583	18.73225	2.61385
6301	1	-38.61912	-36.97192	-1.647199	0.0526107	0.5765118	0.2525016	13.17502	2.972755
6302	0	-37.84891	-37.05952	-0.7893827	0.007899282	0.1398994	0.2013809	87.74813	3.229372
6303	1	-39.55676	-37.46321	-2.093549	0.0507702	0.5659481	0.4049509	13.65264	2.528686
6304	0	-40.14951	-38.07774	-2.071765	0.04674671	0.541352	0.4193973	14.82772	2.155995
6305	1	-40.34769	-38.95311	-1.394575	0.02072626	0.3151622	0.3077215	33.44294	1.431774
6306	0	-38.48146	-37.47132	-1.010144	0.03774653	0.4778102	0.1647344	18.3632	2.590042
6307	1	-38.45337	-37.18318	-1.270187	0.03995889	0.4946293	0.2070842	17.34651	2.30013
6308	0	-40.31678	-37.80912	-2.507654	0.06436977	0.6352266	0.5056083	10.76821	2.708421
6309	1	-37.91197	-36.61307	-1.298908	0.03299929	0.438737	0.2351348	21.00491	2.575301
6310	0	-37.05179	-36.59366	-0.4581329	0.006774889	0.1216763	0.1469117	102.3112	2.479679
6311	1	-38.95193	-37.88688	-1.06505	0.01151894	0.195157	0.2520768	60.17458	1.768444
6312	0	-40.46912	-39.9043	-0.5648194	0.0007011491	0.01360571	0.1780949	988.5874	0.7940986
6313	1	-40.37934	-38.72408	-1.655255	0.03713083	0.472978	0.3167597	18.6677	3.823218
6314	0	-39.3064	-38.35998	-0.9464141	0.01774224	0.2792085	0.2050363	39.06763	3.836511
6315	1	-37.91471	-36.80961	-1.105095	0.02171471	0.326508	0.2271823	31.92063	3.047336
6316	0	-38.24275	-37.90853	-0.3342153	0.01093242	0.1865423	0.1223865	63.40289	3.290042
6317	1	-38.05133	-37.06252	-0.9888077	0.03036017	0.4150954	0.1789916	22.83081	2.32387
6318	0	-38.55258	-37.59036	-0.9622197	0.007726338	0.1371303	0.2399614	89.71225	3.336781
6319	1	-42.72657	-40.60332	-2.123247	0.02689572	0.381762	0.5844769	25.77166	2.589211
6320	0	-43.46028	-38.64556	-4.814722	0.1938064	0.8683245	0.815986	3.576492	2.935966
6321	1	-39.06662	-37.76186	-1.304763	0.02111072	0.3196075	0.2797657	32.83389	3.444762
6322	0	-38.42761	-37.03473	-1.39288	0.02621086	0.374844	0.2842985	26.44504	2.545067
6323	1	-39.53405	-37.77029	-1.763757	0.05714577	0.6008574	0.2661106	12.12946	2.173668
6324	0	-38.14012	-36.65858	-1.481539	0.03966385	0.4924344	0.2568894	17.47554	2.626977
6325	1	-38.12126	-36.73305	-1.388212	0.03946795	0.4909689	0.2346477	17.56228	2.937452
6326	0	-37.1514	-36.63179	-0.5196172	0.001967644	0.03756116	0.1672055	352.2726	2.88344
6327	1	-40.6466	-38.09241	-2.554188	0.06319412	0.6299706	0.5385625	10.96854	2.79685
6328	0	-37.19679	-36.63698	-0.5598141	0.001396565	0.02685692	0.1754734	496.3229	2.571962
6329	1	-38.8665	-37.43346	-1.433042	0.02881224	0.4005368	0.2852708	24.05739	2.068726
6330	0	-40.95849	-39.63286	-1.32563	0.009233214	0.1608537	0.3378501	75.07106	1.366284
6331	1	-39.15857	-37.21748	-1.941095	0.06621309	0.643223	0.2795455	10.46843	2.968181
6332	0	-41.68746	-40.08718	-1.600278	0.0307349	0.4185412	0.3281647	22.55245	4.251954
6333	1	-37.74038	-36.67967	-1.060712	0.03019503	0.4135672	0.192785	22.95567	2.843102
6334	0	-38.33423	-36.98127	-1.352959	0.02589922	0.3716585	0.2743778	26.76325	2.466542
6335	1	-42.32522	-40.37498	-1.95024	0.08560225	0.7121679	0.2145229	8.097301	3.095727
6336	0	-40.97004	-38.58178	-2.38826	0.06687317	0.646016	0.433116	10.3651	3.605069
6337	1	-38.42564	-36.95117	-1.474462	0.04073352	0.5003235	0.2512526	17.01663	3.122939
6338	0	-40.52781	-37.50207	-3.025736	0.1019094	0.7540877	0.4994749	6.801605	2.759927
6339	1	-40.01203	-38.34233	-1.669706	0.03560456	0.460704	0.3283745	19.46793	3.667134
6340	0	-40.4045	-37.91404	-2.490459	0.09341522	0.7337202	0.3297285	7.420067	2.689516
6341	1	-39.59835	-37.39161	-2.206739	0.06381196	0.6327483	0.3771816	10.86234	2.351821
6342	0	-38.93392	-37.96818	-0.9657447	0.02969062	0.4088628	0.1765729	23.34566	3.448956
6343	1	-41.76306	-38.32584	-3.437227	0.1036813	0.7579854	0.7351082	6.685364	2.699626
6344	0	-40.59413	-38.63954	-1.954596	0.0375405	0.4762007	0.4248335	18.46398	1.977708
6345	1	-43.31313	-39.63379	-3.67934	0.1010433	0.7521409	0.9720391	6.859905	2.960204
6346	0	-38.73385	-36.83196	-1.901892	0.05415782	0.5850786	0.3187016	12.79865	2.752269
6347	1	-39.95201	-37.39186	-2.560153	0.08501374	0.7104204	0.3980762	8.153355	2.569418
6348	0	-37.95484	-36.67067	-1.284174	0.03473287	0.4534998	0.2260906	19.95652	2.913679
6349	1	-40.49474	-38.63477	-1.85997	0.03601418	0.4640401	0.3948998	19.24651	1.84133
6350	0	-39.23195	-38.02163	-1.210315	0.01754129	0.2766918	0.2677161	39.51519	3.608468
6351	1	-39.0879	-37.29407	-1.793825	0.04872	0.5536815	0.3088958	14.22716	2.221644
6352	0	-37.76749	-37.00485	-0.7626456	0.01110465	0.1890851	0.1873881	62.41956	3.270073
6353	1	-37.72404	-37.00167	-0.7223685	0.01459682	0.238349	0.171327	47.48619	3.240345
6354	0	-41.8481	-40.72819	-1.119911	0.007478995	0.1331488	0.2819314	92.67919	4.640828
6355	1	-38.92429	-37.75631	-1.167982	0.02534524	0.3659375	0.2298333	27.34822	1.783409
6356	0	-37.62915	-36.64384	-0.9853065	0.01894473	0.2940127	0.2095774	36.58787	2.420148
6357	1	-38.95676	-36.95913	-1.997631	0.06475202	0.6369091	0.3019737	10.70464	2.797213
6358	0	-39.60745	-37.46872	-2.138725	0.05733838	0.6018412	0.3861244	12.08871	3.194762
6359	1	-39.70471	-37.62486	-2.079856	0.05411741	0.5848583	0.3809964	12.80821	2.215389
6360	0	-36.94411	-36.63159	-0.3125196	0.002649848	0.05014219	0.1346244	261.58	2.746024
6361	1	-37.95684	-36.82874	-1.128105	0.02215622	0.3314887	0.2310249	31.28455	3.050006
6362	0	-37.60069	-36.92417	-0.6765199	0.01827263	0.285792	0.1553686	37.93363	3.021117
6363	1	-37.67755	-36.91273	-0.7648213	0.008636068	0.1515609	0.1944605	80.26189	2.135119
6364	0	-38.14334	-37.17223	-0.9711115	0.01173193	0.1982542	0.2287859	59.0821	3.190943
6365	1	-37.69684	-37.00314	-0.6937006	0.01095565	0.1868859	0.1752724	63.26844	3.273688
6366	0	-37.42269	-36.54975	-0.8729422	0.01493112	0.2428441	0.1982295	46.42298	2.678673
6367	1	-39.47367	-37.4775	-1.996163	0.06653915	0.6446072	0.2940138	10.41713	3.174701
6368	0	-39.7512	-38.70626	-1.044934	0.03372794	0.4450139	0.180529	20.55113	1.799379
6369	1	-39.02848	-37.7075	-1.320984	0.02635335	0.3762926	0.264044	26.30205	3.5201
6370	0	-39.14221	-37.35159	-1.79062	0.03954921	0.4915775	0.3504947	17.5262	2.431813
6371	1	-38.70994	-38.17775	-0.5321867	0.005399728	0.09866612	0.1613073	128.367	1.463166
6372	0	-38.58718	-37.64961	-0.9375746	0.004537393	0.08381762	0.2449075	152.7633	3.204488
6373	1	-38.06776	-36.70588	-1.361883	0.03341775	0.4423546	0.2489426	20.74189	2.924771
6374	0	-39.30931	-38.06311	-1.246208	0.02793132	0.3920124	0.2396188	24.81613	3.681561
6375	1	-38.00213	-36.65661	-1.345518	0.03199998	0.4299549	0.2498561	21.66086	2.80784
6376	0	-39.83744	-37.49054	-2.346901	0.0755111	0.6794375	0.3678319	9.179407	3.191339
6377	1	-38.5059	-37.5887	-0.9171987	0.009772031	0.1691191	0.2228635	70.93174	1.798206
6378	0	-40.14152	-39.4624	-0.6791208	0.0346923	0.453161	0.1235265	19.97986	2.378657
6379	1	-39.10645	-37.27779	-1.828658	0.06264111	0.627455	0.2627456	11.06537	2.526113
6380	0	-37.99984	-37.07718	-0.922668	0.01523355	0.2468786	0.2074476	45.50135	3.286447
6381	1	-41.47468	-39.09328	-2.381404	0.06202344	0.6246118	0.4606587	11.17557	3.743566
6382	0	-38.47136	-37.28934	-1.182027	0.0159683	0.2565555	0.2660964	43.40769	3.012612
6383	1	-39.2517	-37.67728	-1.574422	0.025957	0.372251	0.342117	26.70367	2.635709
6384	0	-38.27255	-37.1357	-1.136851	0.03533489	0.4584906	0.1934674	19.61651	3.114115
6385	1	-38.02062	-36.82527	-1.195352	0.02479969	0.3602292	0.2380381	27.94984	3.039486
6386	0	-37.94064	-36.88781	-1.052834	0.02510399	0.3634223	0.2055345	27.61104	2.208322
6387	1	-37.93799	-36.95334	-0.9846537	0.01128954	0.1918027	0.233359	61.3973	2.72494
6388	0	-38.20706	-36.93948	-1.267587	0.03054477	0.4167966	0.2359242	22.69283	3.164792
6389	1	-38.05287	-37.19332	-0.8595579	0.004738175	0.08730432	0.2258853	146.2899	2.32535
6390	0	-39.22037	-38.15246	-1.06791	0.002955044	0.05569901	0.2853077	234.564	2.56193
6391	1	-39.22646	-37.22428	-2.002181	0.05532892	0.5913805	0.3465412	12.52776	3.142324
6392	0	-38.01296	-37.37518	-0.6377783	0.01724174	0.2729171	0.151657	40.20169	2.05801
6393	1	-42.59751	-38.46065	-4.136862	0.1435742	0.8228079	0.8422887	4.827799	2.638503
6394	0	-37.54615	-36.61658	-0.9295746	0.01597547	0.256649	0.2067076	43.38823	2.497247
6395	1	-41.7456	-38.23217	-3.513427	0.1085205	0.7680773	0.7408952	6.387247	2.896416
6396	0	-38.02713	-37.26643	-0.7606981	0.001417973	0.02726106	0.2144484	488.8296	3.091702
6397	1	-37.10236	-36.66315	-0.4392083	0.002227712	0.04238352	0.1537212	311.1476	2.983828
6398	0	-37.05707	-36.83344	-0.2236283	0.002682382	0.05073665	0.1231174	258.4073	2.477528
6399	1	-40.31858	-37.72679	-2.591788	0.07179153	0.6657265	0.495247	9.654999	3.088463
6400	0	-37.81823	-36.79199	-1.026236	0.02256138	0.3360131	0.207459	30.72273	3.097759
6401	1	-39.03896	-36.94278	-2.096185	0.06183511	0.6237378	0.3472686	11.20961	2.847876
6402	0	-37.89319	-37.45471	-0.4384707	0.005661932	0.1031162	0.1463339	122.4224	3.461739
6403	1	-39.57995	-37.58877	-1.991178	0.04722179	0.5443687	0.3843371	14.67855	2.302911
6404	0	-38.24338	-37.65672	-0.5866597	0.01048076	0.1798212	0.1585403	66.13518	1.753979
6405	1	-40.26907	-40.40747	0.1383948	0.008156889	0.1440015	0.07934311	84.9769	2.329575
6406	0	-37.45949	-36.92008	-0.5394102	0.00725404	0.1295058	0.158276	95.55326	2.079255
6407	1	-38.80397	-37.9826	-0.8213689	0.0001246817	0.002437661	0.232063	5559.335	1.752977
6408	0	-37.60054	-36.76654	-0.8340036	0.008588564	0.1508156	0.2085299	80.70582	2.738712
6409	1	-37.65727	-37.01946	-0.6378103	0.0005504297	0.01070197	0.1919887	1259.284	2.16407
6410	0	-39.09752	-38.14088	-0.9566428	0.008379751	0.1475288	0.2364345	82.71692	1.565525
6411	1	-38.01886	-37.45943	-0.5594274	9.007797e-05	0.001761916	0.1786728	7694.969	1.726525
6412	0	-40.30338	-38.35111	-1.952273	0.06155273	0.6224212	0.3019239	11.26103	3.535352
6413	1	-37.18911	-36.65034	-0.5387687	0.0006376572	0.01238388	0.173671	1087.022	2.749018
6414	0	-37.36331	-36.52291	-0.8403984	0.01494355	0.2430105	0.1918485	46.38438	2.681883
6415	1	-41.74512	-40.19773	-1.547391	0.04153687	0.5061256	0.2672111	16.68752	1.326716
6416	0	-38.79178	-37.93608	-0.8557014	0.006231399	0.1126789	0.2203192	111.2346	3.672425
6417	1	-37.13141	-36.50817	-0.6232351	0.009579027	0.1661714	0.1665545	72.36092	2.722011
6418	0	-38.65388	-37.7339	-0.9199709	0.001562079	0.02997565	0.2509632	443.7337	2.302101
6419	1	-37.78142	-36.89108	-0.8903411	0.008602333	0.1510317	0.2205722	80.57665	2.657077
6420	0	-38.11873	-37.72288	-0.3958546	0.002809357	0.0530519	0.1459948	246.728	3.61294
6421	1	-37.14793	-36.54492	-0.6030014	0.007499683	0.1334828	0.1680836	92.42353	2.817778
6422	0	-37.25403	-36.5693	-0.6847283	0.007634758	0.1356591	0.1820498	90.78836	2.553546
6423	1	-45.23002	-42.32337	-2.906651	0.0485035	0.5523543	0.9428318	14.29066	2.798712
6424	0	-37.96574	-37.5488	-0.4169431	0.001560075	0.02993797	0.151761	444.3037	1.687624
6425	1	-38.68974	-38.22375	-0.4659908	0.0206169	0.3138901	0.1217727	33.62035	2.262091
6426	0	-36.99728	-36.54819	-0.4490888	0.0005473005	0.01064157	0.1589769	1266.484	2.58594
6427	1	-38.14599	-37.23948	-0.906507	0.008688058	0.1523756	0.2238957	79.7816	2.073467
6428	0	-37.51488	-36.5377	-0.9771815	0.02011714	0.3080339	0.204467	34.45556	2.605256
6429	1	-37.91617	-36.83934	-1.076836	0.02154685	0.3246003	0.2213765	32.1693	3.10109
6430	0	-38.07404	-37.28269	-0.7913491	0.001730623	0.03313773	0.2201488	400.5188	3.018697
6431	1	-41.5385	-39.99718	-1.541323	0.02455469	0.3576415	0.3376002	28.2287	4.237782
6432	0	-37.18264	-36.67253	-0.510113	0.00036118	0.007039722	0.1694253	1919.119	2.880691
6433	1	-38.84607	-37.80546	-1.040604	0.005817516	0.1057427	0.2666207	119.1483	2.209974
6434	0	-38.42316	-37.63222	-0.7909411	0.00277386	0.05240542	0.2168398	249.8854	1.81193
6435	1	-42.38671	-40.80429	-1.582417	0.005479552	0.1000241	0.4605464	126.497	2.422176
6436	0	-37.04879	-36.56349	-0.4852963	0.006126958	0.1109355	0.152345	113.1307	2.462414
6437	1	-44.29899	-42.46395	-1.835048	0.05810128	0.6056999	0.2819431	11.92998	1.250814
6438	0	-40.37373	-38.6563	-1.717437	0.0237624	0.3491683	0.4071448	29.16992	2.884109
6439	1	-38.25855	-37.41747	-0.8410866	0.009419761	0.1637281	0.2075607	73.58437	3.461562
6440	0	-37.67933	-37.01475	-0.6645844	0.02174981	0.3269058	0.1461665	31.86912	2.710517
6441	1	-37.22938	-37.07959	-0.1497943	0.0002392796	0.004671188	0.11837	2896.809	3.046699
6442	0	-40.40281	-39.63148	-0.7713314	0.02623933	0.3751338	0.1526387	26.41635	3.762312
6443	1	-37.33518	-36.70474	-0.6304344	0.01546019	0.2498822	0.1543841	44.83434	2.463759
6444	0	-40.14638	-38.92763	-1.218755	0.004277548	0.07927846	0.3256201	162.0431	2.062194
6445	1	-40.31032	-38.92755	-1.382765	0.02747144	0.3874915	0.27647	25.23155	1.416869
6446	0	-40.7327	-39.01108	-1.721619	0.02386695	0.3502957	0.4082474	29.04213	1.980777
6447	1	-39.40081	-37.43145	-1.969357	0.06036785	0.6168132	0.3123103	11.48206	2.270204
6448	0	-37.88074	-36.66891	-1.211836	0.02531474	0.3656203	0.2402403	27.38117	2.772452
6449	1	-43.02169	-39.73873	-3.28296	0.08389306	0.7070411	0.8332058	8.262271	2.334547
6450	0	-46.07185	-40.2776	-5.794251	0.2509718	0.8982711	0.9691344	2.761853	3.407064
6451	1	-38.94674	-37.04301	-1.903729	0.06045642	0.6172371	0.2921064	11.46524	2.514388
6452	0	-38.88421	-37.7205	-1.163707	0.01046818	0.1796328	0.2823745	66.21467	2.941321
6453	1	-41.54878	-38.3505	-3.198275	0.09121848	0.7279556	0.690293	7.598759	2.669157
6454	0	-37.96785	-37.01481	-0.9530422	0.01097006	0.1870989	0.2271202	63.18536	2.292059
6455	1	-37.825	-36.78629	-1.038709	0.01613815	0.2587676	0.2300143	42.95084	2.806931
6456	0	-37.03702	-36.5471	-0.4899243	0.002258703	0.04295601	0.1616477	306.8785	2.735232
6457	1	-41.2232	-39.50362	-1.71958	0.07331824	0.6714723	0.2026098	9.453953	2.51098
6458	0	-38.23581	-37.47085	-0.7649621	0.02492428	0.3615394	0.1545134	27.81012	3.170145
6459	1	-41.32547	-38.57382	-2.751651	0.06746032	0.64847	0.617761	10.27489	2.89597
6460	0	-40.95929	-38.43053	-2.528765	0.0668566	0.6459463	0.4985701	10.36767	2.107941
6461	1	-38.14079	-37.33966	-0.801131	0.01045785	0.1794782	0.1965278	66.28006	1.846716
6462	0	-38.01417	-36.85207	-1.162109	0.02011219	0.3079755	0.2460179	34.46404	2.482144
6463	1	-37.5998	-36.74429	-0.8555058	0.01677168	0.2669372	0.1898034	41.32842	3.076207
6464	0	-39.95541	-37.81684	-2.138571	0.06182567	0.6236939	0.3623528	11.21132	2.129119
6465	1	-37.96837	-37.38021	-0.5881648	0.01661721	0.264957	0.1455952	41.71261	3.226621
6466	0	-37.53382	-36.56773	-0.9660835	0.02042316	0.3116283	0.2013381	33.93927	2.49365
6467	1	-38.80223	-37.69428	-1.107948	0.04197694	0.5092603	0.1711226	16.51257	2.959836
6468	0	-39.74387	-37.64118	-2.102695	0.07022264	0.6596431	0.3104818	9.870708	3.233863
6469	1	-38.90071	-37.3352	-1.565504	0.02924732	0.4046823	0.3236801	23.69951	2.586099
6470	0	-38.07644	-37.07888	-0.9975578	0.01091304	0.1862554	0.2376504	63.5155	2.911772
6471	1	-39.67015	-38.17204	-1.498105	0.03034553	0.4149601	0.2979252	22.84182	3.654287
6472	0	-39.24145	-38.88979	-0.3516614	0.01065669	0.1824482	0.1250265	65.04338	1.639626
6473	1	-40.06812	-38.32092	-1.747199	0.02944754	0.4065758	0.3870765	23.53838	2.154237
6474	0	-37.70377	-36.99418	-0.7095947	0.003581294	0.06696498	0.197632	193.5466	3.098895
6475	1	-37.79551	-36.98487	-0.8106428	0.01198347	0.2018907	0.1941759	57.84192	3.245016
6476	0	-38.23619	-37.14382	-1.092366	0.02667805	0.3795754	0.2091206	25.98193	3.297265
6477	1	-38.85175	-37.30848	-1.543268	0.0294565	0.4066604	0.3156281	23.53121	2.42965
6478	0	-39.83648	-37.67428	-2.162202	0.05167542	0.5711953	0.4282179	13.41348	2.463289
6479	1	-38.04524	-37.15006	-0.8951722	0.01416533	0.2324919	0.2048899	48.93265	1.98135
6480	0	-38.8226	-37.2607	-1.561902	0.03008233	0.4125209	0.3187344	23.04167	2.82986
6481	1	-37.35661	-36.83993	-0.5166794	0.005664333	0.1031568	0.1582326	122.3705	2.122437
6482	0	-40.21503	-38.78389	-1.43114	0.01539795	0.249059	0.3441331	45.01556	1.83236
6483	1	-37.53934	-36.9871	-0.5522422	0.01612717	0.2586248	0.1414335	42.9801	2.413502
6484	0	-38.50531	-36.82711	-1.678202	0.04212933	0.5103387	0.3020163	16.45284	2.653512
6485	1	-37.73219	-37.34682	-0.3853693	0.01188794	0.2005123	0.127083	58.30673	2.251661
6486	0	-37.63702	-37.26862	-0.3683986	0.01201856	0.2023961	0.1247142	57.67306	2.384025
6487	1	-37.56566	-36.57105	-0.9946052	0.02341934	0.3454493	0.1985782	29.59721	2.854401
6488	0	-38.1364	-37.20626	-0.9301337	0.01392096	0.2291466	0.2129136	49.79164	1.970882
6489	1	-38.06695	-36.74613	-1.32082	0.03045372	0.4159584	0.2491437	22.76068	2.951456
6490	0	-38.69667	-37.07431	-1.622363	0.05447131	0.5867808	0.2399182	12.72499	2.581235
6491	1	-39.26668	-37.86816	-1.398519	0.01968624	0.3029272	0.3135097	35.20972	2.141029
6492	0	-42.623	-38.30269	-4.32031	0.1576818	0.8384127	0.8290529	4.395859	2.786
6493	1	-39.10527	-37.38925	-1.71602	0.03488386	0.454758	0.3474597	19.87014	2.841124
6494	0	-40.10915	-37.91164	-2.197506	0.0808945	0.6976533	0.29359	8.568533	2.519509
6495	1	-39.79683	-37.34211	-2.454721	0.07384987	0.673434	0.4194368	9.385895	3.07284
6496	0	-38.44668	-36.83192	-1.614752	0.04461097	0.5273974	0.2736844	15.53759	2.997252
6497	1	-37.30997	-36.70637	-0.6036032	0.01167569	0.1974379	0.1585505	59.36672	2.311911
6498	0	-39.6541	-37.73558	-1.918519	0.03993836	0.494477	0.3961323	17.35543	2.487015
6499	1	-39.72676	-38.64315	-1.083607	0.02469644	0.3591405	0.2131815	28.06669	1.504361
6500	0	-40.03025	-39.42398	-0.606274	0.03278565	0.4368765	0.1179832	21.14178	2.509023
6501	1	-37.42169	-36.67233	-0.7493617	0.007751959	0.1375413	0.1938836	89.41575	2.475707
6502	0	-40.02962	-37.51687	-2.512752	0.08409959	0.707669	0.3845815	8.24198	2.491057
6503	1	-38.49588	-37.8534	-0.6424831	0.007890764	0.1397633	0.1738893	87.84285	1.589127
6504	0	-39.30508	-37.32889	-1.976191	0.05588171	0.5943019	0.335024	12.40383	3.226256
6505	1	-37.2167	-36.53192	-0.6847791	0.01178904	0.1990818	0.1716826	58.79591	2.808293
6506	0	-41.68505	-39.73475	-1.950293	0.02546543	0.3671852	0.5016823	27.21914	2.511878
6507	1	-42.08888	-41.07525	-1.01363	0.05387654	0.5835418	0.1316263	12.86547	2.72659
6508	0	-40.63278	-37.78937	-2.84341	0.08529808	0.711267	0.5263065	8.126176	3.15113
6509	1	-37.53852	-36.59383	-0.9446926	0.01631413	0.2610498	0.2088548	42.48753	2.712336
6510	0	-38.89758	-36.99829	-1.899297	0.05166393	0.5711294	0.3292738	13.41646	2.998839
6511	1	-38.66226	-37.72722	-0.9350382	0.0331033	0.4396395	0.1631744	20.93891	2.231623
6512	0	-40.9057	-39.99161	-0.9140863	0.0302755	0.4143126	0.1663033	22.89466	3.856835
6513	1	-37.98518	-37.41638	-0.5688	0.01763479	0.2778643	0.1407649	39.30567	2.173848
6514	0	-39.4691	-38.33321	-1.135891	0.004481252	0.08283948	0.2988643	154.6771	2.335736
6515	1	-39.04915	-38.10593	-0.9432196	0.005393259	0.09855595	0.2433341	128.521	1.65604
6516	0	-39.14583	-38.07265	-1.073182	0.006369504	0.1149771	0.2733103	108.8228	1.969664
6517	1	-39.47254	-37.24069	-2.231845	0.06169721	0.6230958	0.3984994	11.23466	2.99195
6518	0	-38.83033	-39.02396	0.1936229	0.001507631	0.02895119	0.08247387	459.759	2.847691
6519	1	-38.36323	-37.43535	-0.9278849	0.0208521	0.3166218	0.1926216	33.24112	3.451441
6520	0	-38.30719	-37.6058	-0.7013846	0.02246389	0.3349285	0.1501236	30.85606	2.110804
6521	1	-37.77609	-36.92932	-0.8467711	0.02735241	0.3863132	0.1620314	25.34136	2.724827
6522	0	-38.20639	-37.01789	-1.188495	0.01814619	0.2842304	0.2597089	38.19794	2.740227
6523	1	-38.05282	-36.99163	-1.061188	0.01473893	0.2402644	0.2399394	47.02834	2.946393
6524	0	-38.10828	-36.95894	-1.149343	0.02611999	0.3739176	0.2231338	26.53704	3.197843
6525	1	-39.65699	-37.30188	-2.355107	0.06812691	0.6512218	0.411637	10.17435	3.047508
6526	0	-37.74065	-37.26015	-0.4804999	0.009560608	0.1658893	0.1444376	72.50032	3.296595
6527	1	-38.64684	-38.03872	-0.6081199	0.02707129	0.3835175	0.1281383	25.60451	2.660102
6528	0	-38.57912	-37.1161	-1.463016	0.03528072	0.4580444	0.2682821	19.64663	2.191652
6529	1	-39.13615	-37.40762	-1.72853	0.0570996	0.6006209	0.2570672	12.13927	3.170426
6530	0	-38.02033	-37.01805	-1.002277	0.01797359	0.2820907	0.2161089	38.56477	2.098915
6531	1	-37.29023	-36.55623	-0.7340042	0.01442909	0.2360797	0.1737433	48.03817	2.849992
6532	0	-39.11754	-37.80498	-1.312564	0.02990666	0.4108845	0.249012	23.17702	1.810856
6533	1	-38.3969	-37.30821	-1.088686	0.01145577	0.1942353	0.2583364	60.50637	2.423347
6534	0	-37.67867	-37.09435	-0.5843248	0.009006567	0.1573432	0.161499	76.96019	3.311794
6535	1	-38.34667	-37.0803	-1.266377	0.02347429	0.346047	0.2603894	29.52793	2.248295
6536	0	-37.67855	-36.71383	-0.9647241	0.02794999	0.3921949	0.1807837	24.79955	2.559286
6537	1	-38.78791	-37.91931	-0.8686029	0.01904463	0.2952231	0.1862292	36.39594	1.70056
6538	0	-37.03456	-36.5644	-0.4701587	0.006771348	0.1216181	0.1486965	102.3647	2.761065
6539	1	-39.07259	-36.99625	-2.076334	0.05803363	0.6053602	0.3592245	11.94389	2.854732
6540	0	-40.02496	-37.55374	-2.471214	0.083263	0.7051108	0.3733198	8.324792	3.148179
6541	1	-37.93499	-37.09097	-0.8440224	0.005683552	0.1034818	0.2194529	121.9567	2.295011
6542	0	-44.64439	-39.13579	-5.508596	0.2315214	0.8897315	0.9586307	2.99388	3.140145
6543	1	-41.00538	-38.92368	-2.081706	0.08391138	0.7070969	0.2505773	8.260467	2.531213
6544	0	-40.19877	-39.03583	-1.162936	0.04361016	0.5206301	0.1766722	15.89417	1.992165
6545	1	-39.22739	-38.00934	-1.218047	0.0095936	0.1663945	0.3018495	72.251	2.525629
6546	0	-41.81395	-39.80835	-2.005601	0.04583458	0.5354719	0.3976368	15.1228	1.413801
6547	1	-38.12996	-37.06976	-1.060202	0.03432978	0.4501195	0.1817546	20.19084	2.419728
6548	0	-42.43742	-39.46982	-2.967601	0.09739719	0.7436314	0.5022819	7.116706	3.691874
6549	1	-39.91886	-37.27815	-2.640716	0.08305694	0.7044748	0.4435668	8.345445	2.702661
6550	0	-39.18633	-37.69337	-1.492964	0.03868666	0.4850599	0.2634529	17.91696	1.940286
6551	1	-41.39391	-38.0258	-3.368108	0.107969	0.7669662	0.645697	6.419873	2.586744
6552	0	-40.20844	-38.53035	-1.678088	0.06837487	0.6522363	0.2084334	10.13745	2.904093
6553	1	-36.97924	-36.5659	-0.4133356	0.005197437	0.09521234	0.1436411	133.3633	2.601384
6554	0	-38.38437	-37.65458	-0.7297882	0.004501752	0.08319682	0.1990582	153.9728	3.595053
6555	1	-38.30443	-36.74465	-1.559774	0.03863131	0.4846373	0.2818756	17.94263	2.743888
6556	0	-39.04953	-38.37565	-0.6738799	0.031177	0.4225681	0.1291368	22.23265	2.631218
6557	1	-38.20627	-37.25075	-0.9555139	0.01645252	0.2628374	0.2107148	42.13016	3.386851
6558	0	-38.24044	-36.97631	-1.264135	0.04070839	0.5001403	0.2036669	17.02713	2.487247
6559	1	-40.37115	-37.60522	-2.765934	0.08728167	0.7170546	0.4736114	7.941498	2.492461
6560	0	-38.82836	-38.33461	-0.4937549	0.002150384	0.04095305	0.1625165	322.3364	1.351757
6561	1	-39.11704	-36.97751	-2.139531	0.06663639	0.6450183	0.3388716	10.40193	2.881363
6562	0	-38.18897	-37.34348	-0.8454823	0.03088667	0.4199283	0.153942	22.44163	2.571873
6563	1	-38.44826	-37.5393	-0.9089618	0.01903871	0.2951514	0.1939152	36.40726	1.824969
6564	0	-38.41828	-37.29393	-1.124348	0.03209319	0.4307827	0.2000162	21.59795	2.115196
6565	1	-39.92398	-37.96373	-1.960244	0.03885253	0.4863231	0.4193943	17.84047	2.77106
6566	0	-39.39613	-37.33572	-2.060411	0.06364691	0.6320096	0.3265982	10.89051	2.347108
6567	1	-37.05679	-36.51854	-0.5382429	0.005482744	0.1000783	0.162097	126.4234	2.723293
6568	0	-43.24461	-40.27447	-2.97014	0.06997214	0.6586545	0.7418214	9.906045	3.644673
6569	1	-38.60026	-37.86172	-0.7385449	0.01793495	0.2816105	0.1661009	38.64785	1.781756
6570	0	-38.56508	-37.0056	-1.559481	0.04472989	0.5281917	0.2585332	15.49629	2.326097
6571	1	-38.77064	-38.07735	-0.693289	0.01043346	0.1791128	0.1764975	66.43503	1.535584
6572	0	-39.00961	-37.56659	-1.443023	0.02539954	0.3665016	0.3023629	27.28975	3.238525
6573	1	-38.60964	-37.7458	-0.8638435	0.007578054	0.1347464	0.217935	91.4677	3.591158
6574	0	-39.8067	-37.40111	-2.405583	0.08472402	0.7095533	0.3424638	8.181235	2.913112
6575	1	-38.91206	-36.99915	-1.912907	0.04943216	0.5580037	0.3444762	14.02219	2.835236
6576	0	-41.82546	-38.58762	-3.237841	0.09803631	0.7451608	0.6522144	7.070311	3.370449
6577	1	-40.53537	-38.50041	-2.03496	0.04615554	0.5375543	0.407632	15.01764	1.886479
6578	0	-38.69022	-37.28091	-1.409313	0.02357631	0.3471547	0.2999672	29.40016	2.761211
6579	1	-38.03488	-37.57016	-0.4647202	0.00734939	0.1310525	0.1466874	94.31356	1.796182
6580	0	-39.28428	-37.20949	-2.074782	0.06822718	0.6516326	0.3105671	10.1594	3.04683
6581	1	-37.58611	-36.90108	-0.6850233	0.00154037	0.02956736	0.1984754	449.9874	2.451531
6582	0	-37.78764	-37.01948	-0.7681544	0.01345773	0.2227494	0.182263	51.50551	2.033905
6583	1	-37.5388	-36.91297	-0.6258255	0.004122087	0.07654822	0.1803678	168.1544	2.099263
6584	0	-41.19273	-40.02733	-1.165401	0.03205532	0.4304466	0.2085099	21.62347	1.339879
6585	1	-37.46906	-36.63517	-0.8338905	0.02148443	0.323889	0.1737819	32.26276	2.509821
6586	0	-38.80023	-37.51316	-1.287066	0.04754015	0.546373	0.1892202	14.58025	2.902947
6587	1	-38.41038	-36.81535	-1.595034	0.0470277	0.54314	0.2593343	14.73913	2.958645
6588	0	-41.39561	-39.46454	-1.931066	0.05089281	0.5666648	0.3436251	13.61975	3.942873
6589	1	-37.50143	-36.53503	-0.9663993	0.02113655	0.3199046	0.1993823	32.79378	2.783216
6590	0	-40.83933	-39.09112	-1.748207	0.04052296	0.4987854	0.3313507	17.10505	3.912165
6591	1	-37.08464	-36.67649	-0.4081476	0.004703985	0.08671186	0.1438973	147.3532	2.337408
6592	0	-38.07785	-36.79978	-1.278068	0.0373259	0.4745163	0.2166321	18.57014	2.977644
6593	1	-39.28388	-37.59903	-1.684857	0.03330034	0.4413431	0.3444175	20.81502	2.280473
6594	0	-37.31486	-36.68882	-0.6260423	0.01452962	0.237441	0.1557414	47.7058	2.88802
6595	1	-41.86513	-39.23908	-2.626054	0.05621179	0.5960304	0.6386795	12.33099	2.72773
6596	0	-39.42872	-37.78342	-1.645306	0.05635798	0.5967921	0.2390301	12.29901	3.25473
6597	1	-38.7312	-37.59822	-1.13298	0.01077636	0.1842286	0.2726403	64.32106	2.296966
6598	0	-39.12352	-38.2612	-0.8623209	0.006110131	0.1106542	0.2221627	113.4423	1.453828
6599	1	-38.03407	-37.2713	-0.7627735	0.0008689454	0.01682507	0.216567	797.6878	2.237413
6600	0	-37.78156	-37.059	-0.7225522	0.006605556	0.1188864	0.1918364	104.934	2.017738
6601	1	-40.87302	-39.34416	-1.528861	0.02979973	0.4098852	0.3096086	23.26018	4.052628
6602	0	-39.51556	-37.99958	-1.515979	0.0308681	0.4197589	0.3010678	22.45513	3.572842
6603	1	-38.1375	-37.21355	-0.9239562	0.02408539	0.3526419	0.1833002	28.77874	3.287119
6604	0	-38.52679	-37.00503	-1.521756	0.05054975	0.5646548	0.2293128	13.71218	2.887228
6605	1	-39.69483	-37.311	-2.383831	0.07098311	0.6626149	0.4068801	9.764959	2.49466
6606	0	-41.11592	-37.86427	-3.251654	0.1055786	0.7620361	0.5944531	6.565221	3.10559
6607	1	-40.33306	-37.71841	-2.614647	0.08523681	0.711085	0.4190484	8.132017	3.238352
6608	0	-38.73544	-37.6124	-1.123037	0.01039164	0.1784859	0.271414	66.70239	2.274402
6609	1	-39.53658	-38.73658	-0.7999972	0.009972034	0.1721586	0.1976569	69.50911	1.272534
6610	0	-39.07417	-37.8659	-1.208278	0.01701227	0.2700065	0.2691752	40.74396	3.506673
6611	1	-38.33664	-36.8138	-1.522847	0.04188238	0.5085893	0.2594632	16.54985	3.009616
6612	0	-39.79293	-38.92422	-0.8687084	0.01790689	0.2812615	0.1892664	38.7084	3.964115
6613	1	-38.50731	-36.75844	-1.748868	0.04861805	0.5530572	0.2957418	14.25699	2.724982
6614	0	-38.63007	-37.07531	-1.554756	0.0529876	0.5786246	0.2289835	13.08131	2.84161
6615	1	-39.1014	-37.90641	-1.194984	0.04654942	0.54009	0.1750066	14.89057	2.503303
6616	0	-41.55979	-40.19172	-1.368064	0.01910756	0.2959841	0.3066018	36.27607	0.9700361
6617	1	-38.93391	-37.53297	-1.400941	0.03281718	0.4371517	0.2610636	21.12147	1.953377
6618	0	-37.89571	-36.70683	-1.188876	0.03581115	0.4623904	0.2024324	19.35563	2.706107
6619	1	-40.03889	-37.37754	-2.661359	0.081455	0.6994474	0.4631821	8.509572	2.981635
6620	0	-38.1971	-37.39396	-0.8031414	0.02390777	0.350735	0.1628484	28.99255	3.243392
6621	1	-42.68433	-40.87125	-1.813086	0.02687859	0.3815903	0.4287174	25.78808	1.038807
6622	0	-39.21344	-37.34623	-1.867215	0.04374237	0.5215327	0.3566332	15.84613	2.388213
6623	1	-38.57514	-36.82368	-1.751465	0.04825645	0.5508322	0.2980293	14.36383	2.912197
6624	0	-38.6551	-38.69885	0.0437466	0.0003260266	0.006357461	0.09742173	2126.045	1.84491
6625	1	-37.28732	-36.58883	-0.6984918	0.007657995	0.1360327	0.1845122	90.51288	2.531381
6626	0	-41.24285	-39.70626	-1.536588	0.01080475	0.1846502	0.408038	64.15206	3.187093
6627	1	-39.82575	-37.90664	-1.919105	0.04092092	0.5016863	0.3909009	16.9387	2.20534
6628	0	-37.99598	-36.84677	-1.149203	0.02724728	0.38527	0.2195778	25.43913	2.253936
6629	1	-40.51706	-38.67669	-1.840363	0.06413599	0.6341913	0.2602842	10.80746	2.069423
6630	0	-37.41895	-37.1326	-0.2863506	0.003624014	0.06772688	0.1293548	191.2651	2.089405
6631	1	-41.3005	-38.76627	-2.534237	0.05606558	0.5952662	0.5838543	12.36315	2.685416
6632	0	-39.25372	-37.87701	-1.37671	0.05166001	0.5711069	0.1952649	13.41748	2.421024
6633	1	-40.4904	-38.34181	-2.148594	0.04353697	0.5201293	0.4738961	15.92089	2.897431
6634	0	-39.06672	-38.06128	-1.005443	0.001743822	0.03338477	0.272656	397.4874	2.357115
6635	1	-38.4162	-37.75184	-0.6643512	0.009627463	0.1669125	0.1734266	71.99687	1.653262
6636	0	-38.60207	-38.63897	0.03689451	0.005712391	0.1039692	0.09090483	121.341	2.431106
6637	1	-37.74209	-37.13	-0.6120864	0.01834245	0.2866524	0.1455298	37.78923	2.300491
6638	0	-38.03848	-36.91632	-1.122164	0.02221617	0.332161	0.2294622	31.20012	2.214422
6639	1	-38.23068	-37.47966	-0.7510215	0.02649149	0.3776924	0.1490381	26.1649	2.325994
6640	0	-37.89993	-36.71889	-1.181042	0.02309816	0.3419396	0.2403647	30.00877	2.543989
6641	1	-38.92137	-37.31766	-1.603711	0.04670261	0.5410703	0.2627985	14.84172	3.278057
6642	0	-40.98751	-38.29671	-2.690795	0.08604627	0.7134742	0.4470629	8.055517	3.443656
6643	1	-38.54997	-37.60619	-0.9437845	0.02495268	0.3618375	0.1846943	27.77847	3.444998
6644	0	-39.40866	-37.06893	-2.339722	0.0710326	0.6628068	0.389051	9.758156	2.805824
6645	1	-37.57408	-37.47698	-0.09710489	0.002735619	0.05170829	0.1084038	253.3786	3.007006
6646	0	-41.52339	-38.49905	-3.024344	0.1126276	0.7760543	0.4287	6.154326	3.256322
6647	1	-37.14167	-36.64838	-0.4932958	0.008227021	0.1451137	0.1490798	84.25251	2.393187
6648	0	-37.93855	-36.98936	-0.9491882	0.03124232	0.4231596	0.1699081	22.18616	2.826614
6649	1	-39.52269	-38.99326	-0.5294262	0.02814358	0.3940826	0.1166606	24.62896	2.902411
6650	0	-38.73079	-36.92774	-1.803047	0.04832523	0.5512568	0.313501	14.34338	2.974318
6651	1	-37.28356	-36.53959	-0.7439694	0.01120518	0.1905643	0.1836599	61.85956	2.764591
6652	0	-38.00867	-36.92747	-1.081201	0.01629239	0.2607684	0.2394763	42.54422	2.400107
6653	1	-37.96936	-36.80115	-1.168205	0.02539549	0.3664595	0.2297215	27.29411	2.305934
6654	0	-36.98107	-36.54002	-0.4410469	0.00445541	0.08238877	0.1492333	155.5743	2.7405
6655	1	-38.4789	-38.61797	0.139079	0.002178733	0.04147781	0.08627548	318.1423	2.677271
6656	0	-39.85107	-38.69346	-1.15761	0.02954099	0.4074566	0.2143721	23.46391	3.81441
6657	1	-39.15279	-37.65576	-1.497028	0.02312566	0.3422411	0.3295586	29.97308	2.62915
6658	0	-38.62437	-36.87073	-1.753636	0.05616773	0.5958003	0.2670958	12.34067	2.745463
6659	1	-37.66153	-36.64839	-1.013139	0.0262543	0.3752862	0.1943518	26.40128	2.915245
6660	0	-37.16903	-36.51752	-0.6515103	0.01207334	0.2031842	0.1653993	57.41141	2.584916
6661	1	-37.86188	-36.83626	-1.025622	0.01476745	0.2406481	0.2314624	46.93749	2.518125
6662	0	-37.95589	-37.076	-0.8798883	0.008183766	0.144428	0.2195731	84.69783	3.081775
6663	1	-38.02314	-37.29072	-0.7324152	0.009543859	0.1656327	0.185861	72.62756	1.854847
6664	0	-38.35	-37.07456	-1.27544	0.03829993	0.4820963	0.2131111	18.09787	2.290166
6665	1	-38.79473	-37.82215	-0.9725713	0.008894622	0.1556018	0.2384898	77.9288	1.753041
6666	0	-40.90186	-38.10514	-2.796719	0.07818542	0.6887152	0.5553874	8.865427	3.207252
6667	1	-38.44574	-37.09145	-1.354293	0.02454418	0.3575301	0.2800537	28.24079	2.930917
6668	0	-38.6072	-38.52343	-0.08376484	0.001159619	0.0223688	0.1093753	597.7367	1.691353
6669	1	-38.78607	-37.85212	-0.9339543	0.03403826	0.4476553	0.160859	20.36376	3.168773
6670	0	-36.94684	-36.53189	-0.4149539	0.003432916	0.06431216	0.1475049	201.9121	2.587882
6671	1	-39.46837	-37.53142	-1.936951	0.04482886	0.5288512	0.376567	15.46207	2.34074
6672	0	-38.52569	-37.27663	-1.249067	0.03936221	0.4901753	0.2044726	17.60946	2.254072
6673	1	-38.31231	-37.08886	-1.223447	0.0237809	0.349368	0.2483695	29.14722	2.159608
6674	0	-36.93668	-36.56663	-0.3700502	0.001736849	0.03325426	0.1444476	399.0833	2.791423
6675	1	-38.54436	-37.76783	-0.7765293	0.02906223	0.402924	0.1474361	23.85044	2.298679
6676	0	-38.39947	-37.66028	-0.7391883	0.01053236	0.1805929	0.1845294	65.81118	3.614014
6677	1	-40.17525	-37.61984	-2.555413	0.09109773	0.7276323	0.3635657	7.60883	3.031426
6678	0	-37.94717	-37.07427	-0.8729047	0.0241639	0.3534822	0.1739843	28.68523	3.163373
6679	1	-40.29769	-37.8435	-2.454183	0.09185473	0.7296479	0.3250688	7.546124	2.919443
6680	0	-42.4261	-38.59082	-3.835282	0.1223166	0.7929932	0.8412001	5.66683	2.622245
6681	1	-38.38703	-36.95963	-1.427404	0.02858942	0.3983973	0.2845613	24.24488	2.795157
6682	0	-40.51535	-38.36754	-2.147809	0.04312251	0.5172782	0.4763048	16.07391	2.834662
6683	1	-37.40482	-36.54208	-0.8627456	0.01511469	0.2452966	0.1957103	45.85917	2.730202
6684	0	-37.71648	-36.91855	-0.7979272	0.01515449	0.2458268	0.183324	45.73874	3.209721
6685	1	-37.33976	-37.11722	-0.2225443	0.003011991	0.056731	0.1224127	230.1293	2.189619
6686	0	-37.89829	-36.9714	-0.9268898	0.01116106	0.1899157	0.2206613	62.10404	3.048642
6687	1	-38.34988	-37.58529	-0.7645907	0.0219772	0.3294756	0.1610219	31.53937	3.347998
6688	0	-38.69488	-37.09693	-1.597958	0.05164898	0.5710435	0.243657	13.42035	3.045247
6689	1	-38.93851	-37.71896	-1.219556	0.02444356	0.3564626	0.2450998	28.35705	1.802403
6690	0	-38.36252	-37.79861	-0.5639149	0.01364667	0.2253676	0.148197	50.79241	1.828712
6691	1	-41.05984	-38.05584	-3.003994	0.08538734	0.7115319	0.6172082	8.117681	2.67111
6692	0	-39.19801	-38.28231	-0.9156919	0.0003873361	0.007546958	0.254073	1789.524	1.760561
6693	1	-38.03811	-37.10628	-0.9318276	0.009084667	0.1585552	0.2283543	76.29858	2.263627
6694	0	-38.11594	-37.51488	-0.60106	0.003572787	0.06681317	0.1773264	194.0074	3.571065
6695	1	-38.16792	-37.08508	-1.082837	0.01394036	0.229413	0.2479719	49.72232	2.414296
6696	0	-40.999	-38.82882	-2.170182	0.04657774	0.5402715	0.4638784	14.88151	1.92895
6697	1	-38.55903	-37.24775	-1.311281	0.02094582	0.3177059	0.2822519	33.09239	2.947563
6698	0	-38.41321	-37.06079	-1.352414	0.0431166	0.5172373	0.2150235	16.07611	2.404263
6699	1	-40.46851	-39.08889	-1.379614	0.008556502	0.1503121	0.3600151	81.00824	3.07474
6700	0	-37.27808	-36.53627	-0.7418059	0.01055977	0.1810024	0.1849414	65.64034	2.66852
6701	1	-37.56859	-37.0229	-0.5456884	0.012586	0.2105086	0.1477171	55.07287	3.135596
6702	0	-38.35554	-36.81535	-1.540189	0.03791695	0.4791358	0.2792124	18.28067	2.489109
6703	1	-38.85082	-37.59464	-1.256182	0.01537884	0.2488061	0.288975	45.07149	2.325564
6704	0	-42.54398	-38.24188	-4.302097	0.1592998	0.8400335	0.7956947	4.351211	2.853574
6705	1	-40.44525	-38.34998	-2.095272	0.05794237	0.6049012	0.3665643	11.9627	3.598993
6706	0	-38.09458	-36.88532	-1.209254	0.02081775	0.3162238	0.2553366	33.29597	2.734293
6707	1	-38.95999	-36.94762	-2.012371	0.06480028	0.6371205	0.3062489	10.69667	2.776777
6708	0	-38.80554	-36.86315	-1.942383	0.05656878	0.5978864	0.3207586	12.25318	2.851267
6709	1	-41.30441	-38.29769	-3.006711	0.1144125	0.779365	0.41072	6.058319	2.625633
6710	0	-37.53247	-37.30282	-0.229651	0.007849053	0.1390964	0.1151431	88.30966	2.47657
6711	1	-39.03362	-37.51788	-1.515747	0.03920984	0.4890283	0.2675394	17.67789	3.416089
6712	0	-40.30053	-39.68692	-0.6136194	0.03112662	0.4221113	0.1216713	22.26863	2.172419
6713	1	-38.68738	-37.78883	-0.8985498	0.003521639	0.06589965	0.238938	196.8252	3.379747
6714	0	-40.11248	-38.78999	-1.322495	0.02587531	0.3714133	0.2662349	26.78797	3.930135
6715	1	-37.8961	-36.81605	-1.080047	0.03392164	0.4466648	0.1864696	20.43378	2.640071
6716	0	-37.9126	-36.72073	-1.191869	0.03388606	0.4463621	0.2086364	20.45523	2.479851
6717	1	-37.32872	-36.51116	-0.8175581	0.01487854	0.2421396	0.1876885	46.58703	2.636666
6718	0	-37.24698	-36.79537	-0.4516064	0.009873393	0.1706615	0.1397053	70.20354	2.399332
6719	1	-37.99269	-36.90219	-1.090505	0.01937166	0.299165	0.2314262	35.7815	2.262109
6720	0	-38.84187	-36.97699	-1.864884	0.04865783	0.553301	0.3319357	14.24534	2.922162
6721	1	-38.31252	-36.96343	-1.349089	0.02525654	0.3650144	0.2758107	27.44427	2.60151
6722	0	-39.36839	-38.18131	-1.187077	0.04810876	0.5499185	0.1698456	14.40792	2.941735
6723	1	-40.73372	-38.91609	-1.817626	0.03555361	0.4602869	0.3809979	19.49583	3.757901
6724	0	-39.48414	-38.01688	-1.467266	0.0298299	0.4101674	0.2909898	23.23666	1.783952
6725	1	-37.23319	-36.57771	-0.6554822	0.007615275	0.1353456	0.1768514	91.02064	2.450032
6726	0	-38.29685	-37.36811	-0.9287403	0.004905764	0.09020084	0.2414935	141.2924	2.418431
6727	1	-38.19969	-38.30265	0.1029611	0.00147276	0.0282943	0.09034503	470.6451	2.398427
6728	0	-37.35274	-36.70843	-0.6443099	0.004103516	0.07622133	0.183781	168.9154	2.894401
6729	1	-37.26299	-36.77258	-0.4904144	0.003700315	0.06908561	0.1584668	187.3211	2.167262
6730	0	-38.08148	-36.73436	-1.347121	0.03350923	0.4431408	0.2449778	20.68526	2.428577
6731	1	-38.47473	-37.22009	-1.25464	0.04386218	0.5223483	0.1929517	15.80285	2.555959
6732	0	-38.58233	-37.14965	-1.432684	0.04089154	0.501473	0.2404346	16.95087	3.222285
6733	1	-38.41694	-37.11634	-1.300593	0.04226293	0.5112811	0.2066413	16.40083	3.040271
6734	0	-38.34445	-36.80142	-1.543029	0.03855257	0.4840352	0.2775034	17.97927	2.492055
6735	1	-38.5442	-37.66466	-0.8795367	0.0008201722	0.01589075	0.2435573	845.124	2.979978
6736	0	-37.641	-36.66149	-0.9795036	0.02192329	0.3288676	0.1997796	31.61694	2.98375
6737	1	-38.41978	-38.21174	-0.2080322	0.0006184212	0.0120133	0.1247982	1120.833	3.676686
6738	0	-39.11575	-37.46347	-1.652282	0.03323845	0.4408089	0.3336704	20.85377	3.088615
6739	1	-38.76571	-37.93275	-0.8329604	0.01603903	0.2574778	0.1875027	43.21627	1.645793
6740	0	-38.46924	-37.54997	-0.9192625	0.004863848	0.08947755	0.2393571	142.51	2.079233
6741	1	-38.17509	-37.39843	-0.7766591	0.003944257	0.07341167	0.2102597	175.7358	1.912495
6742	0	-38.82403	-38.07508	-0.7489536	0.002019514	0.03852556	0.2101512	343.2248	3.756993
6743	1	-40.09306	-39.07055	-1.022512	0.01715475	0.2718156	0.2230918	40.40554	1.249818
6744	0	-38.03014	-36.90689	-1.123254	0.01759406	0.2773539	0.2452113	39.39666	2.489798
6745	1	-39.89592	-38.93518	-0.9607397	0.0003651174	0.007116101	0.2658636	1898.423	1.406269
6746	0	-37.90599	-37.04673	-0.8592625	0.01207869	0.2032612	0.203576	57.38594	3.258367
6747	1	-42.28289	-40.59283	-1.69006	0.02048308	0.312329	0.4149322	33.83999	4.208618
6748	0	-37.97445	-37.12857	-0.8458714	0.0206544	0.3143267	0.1779508	33.5593	3.267445
6749	1	-39.33914	-37.06064	-2.278501	0.07395877	0.6738334	0.3511294	9.372075	2.765652
6750	0	-37.53091	-36.58337	-0.9475342	0.02228389	0.3329192	0.1925106	31.1053	2.477509
6751	1	-44.91663	-41.54135	-3.375276	0.1175054	0.7848918	0.5683775	5.898852	3.96164
6752	0	-38.56889	-37.6271	-0.9417946	0.03475061	0.4536479	0.1605019	19.94633	2.382356
6753	1	-42.21462	-39.06037	-3.154245	0.1174149	0.7847337	0.4562466	5.903401	3.407985
6754	0	-42.05532	-38.75117	-3.304141	0.1198013	0.7888304	0.5124577	5.785805	3.386635
6755	1	-37.25628	-36.63477	-0.6215104	0.008469548	0.1489444	0.1688938	81.83993	2.968567
6756	0	-39.08805	-38.50526	-0.5827819	0.02310153	0.3419766	0.1321383	30.00438	3.319409
6757	1	-40.47057	-37.6581	-2.81247	0.08208027	0.7014272	0.5340013	8.444748	2.664651
6758	0	-38.45116	-36.77118	-1.679974	0.04783264	0.5482022	0.2791328	14.49109	2.57455
6759	1	-39.80457	-37.2525	-2.552073	0.08459983	0.7091802	0.3971882	8.193246	2.696515
6760	0	-37.18376	-36.8831	-0.3006574	0.005887315	0.1069176	0.1270898	117.7357	2.426155
6761	1	-39.72231	-37.59805	-2.124258	0.05080828	0.5661709	0.4173552	13.64241	2.476421
6762	0	-38.86796	-38.42327	-0.4446891	0.002429389	0.04610084	0.1541264	285.3175	1.353325
6763	1	-39.7342	-37.57439	-2.159814	0.05917918	0.6110495	0.3842314	11.71269	3.270059
6764	0	-39.30096	-38.2682	-1.032764	0.001876598	0.03586522	0.2796829	369.3637	2.15404
6765	1	-40.02213	-38.36489	-1.65724	0.02348281	0.3461396	0.3848759	29.51722	2.541037
6766	0	-38.60961	-37.6604	-0.9492137	0.009710842	0.1681861	0.2303129	71.37869	1.795073
6767	1	-37.8335	-36.62335	-1.21015	0.03289263	0.4378093	0.2154884	21.07302	2.557112
6768	0	-38.93192	-38.28946	-0.6424597	0.01142899	0.1938441	0.1654078	60.64813	3.786477
6769	1	-40.97821	-38.8891	-2.089114	0.04244277	0.5125453	0.4534865	16.33134	1.901371
6770	0	-38.6583	-37.76676	-0.8915404	0.015421	0.2493642	0.200558	44.94825	1.684316
6771	1	-39.95642	-38.38309	-1.573334	0.05645337	0.5972879	0.2221317	12.27823	2.159032
6772	0	-37.60921	-36.69244	-0.9167631	0.02552993	0.3678532	0.1783105	27.15038	2.517051
6773	1	-42.35143	-39.72245	-2.628983	0.05904861	0.6104077	0.6153915	11.73859	1.912853
6774	0	-37.79641	-36.5931	-1.203317	0.02828236	0.3954305	0.228423	24.50811	2.576822
6775	1	-39.25768	-38.55641	-0.7012746	0.004702175	0.08668047	0.1929156	147.4099	1.271333
6776	0	-36.94998	-36.57822	-0.3717584	0.003321383	0.06231139	0.1414918	208.6924	2.518723
6777	1	-40.23014	-37.56891	-2.661237	0.07743011	0.6861419	0.49022	8.951908	3.039971
6778	0	-37.68098	-36.94573	-0.735254	0.01435681	0.2350988	0.1741383	48.28004	2.100722
6779	1	-38.78194	-37.03587	-1.746069	0.04074427	0.5004018	0.3296112	17.01214	2.692582
6780	0	-38.68618	-37.25957	-1.426611	0.0255593	0.3681571	0.2967705	27.11917	2.390452
6781	1	-42.14204	-38.56602	-3.576015	0.1265546	0.7996691	0.6113658	5.477061	3.350464
6782	0	-37.32342	-36.79644	-0.5269827	0.007540932	0.1341482	0.155689	91.91797	3.102997
6783	1	-38.73422	-37.96144	-0.7727793	0.01396606	0.2297657	0.1817978	49.63082	3.69794
6784	0	-36.99639	-36.56971	-0.4266781	0.001176196	0.02268369	0.1540788	589.3127	2.825836
6785	1	-39.74366	-38.46154	-1.282119	0.03418529	0.4489002	0.2273785	20.27618	1.681451
6786	0	-40.46699	-37.53024	-2.936743	0.09104424	0.7274889	0.5327467	7.613301	2.800702
6787	1	-43.02284	-39.7373	-3.285531	0.08489785	0.7100741	0.8235781	8.164485	2.270865
6788	0	-39.73347	-37.77628	-1.957188	0.05683607	0.5992671	0.3243161	12.19555	2.090548
6789	1	-42.65578	-39.10471	-3.551074	0.1149038	0.7802605	0.7029843	6.032413	3.525249
6790	0	-40.57493	-38.1609	-2.414027	0.05924703	0.6113823	0.4949714	11.69927	2.314882
6791	1	-38.48611	-36.89597	-1.590141	0.05015366	0.5623158	0.2469207	13.82047	2.549283
6792	0	-38.66906	-37.32558	-1.343471	0.04210648	0.5101772	0.2161717	16.46177	3.212188
6793	1	-39.38296	-38.16381	-1.219151	0.008358818	0.1471983	0.3075001	82.92406	2.676767
6794	0	-39.33223	-38.78408	-0.5481463	0.0001884365	0.003681075	0.1764232	3678.412	4.115752
6795	1	-40.12715	-37.4155	-2.711659	0.08127902	0.6988861	0.4882883	8.527996	2.742071
6796	0	-37.11163	-36.77146	-0.3401652	0.005897622	0.1070909	0.1321921	117.5299	2.445197
6797	1	-39.44159	-37.11269	-2.328897	0.07686489	0.6841923	0.3544257	9.017735	2.770308
6798	0	-39.38172	-38.44257	-0.9391433	0.00140855	0.0270832	0.2563766	492.0997	1.626921
6799	1	-40.14242	-37.97507	-2.167355	0.04741619	0.5455942	0.4571224	14.61837	2.772483
6800	0	-37.02611	-36.57598	-0.4501259	0.0005586198	0.01086006	0.1591164	1240.821	2.79461
6801	1	-43.55533	-39.42011	-4.135224	0.1378205	0.8155797	0.9121101	5.029347	2.28773
6802	0	-38.86787	-37.84103	-1.026845	0.008781362	0.153835	0.2521944	78.9339	3.446588
6803	1	-38.72535	-37.80093	-0.9244266	0.01993975	0.305938	0.1944466	34.76208	1.735602
6804	0	-41.1881	-39.55438	-1.63372	0.03336189	0.4418737	0.3269635	20.77662	4.084946
6805	1	-38.05735	-37.19643	-0.8609225	0.02296185	0.3404418	0.174856	30.18691	3.253128
6806	0	-40.06963	-37.93598	-2.133644	0.07664226	0.6834187	0.2924783	9.04393	3.187076
6807	1	-41.45935	-39.39561	-2.06374	0.0623231	0.6259956	0.3338726	11.12183	1.718807
6808	0	-39.35315	-38.15197	-1.201179	0.04428527	0.5252114	0.1818175	15.65187	2.212804
6809	1	-37.38607	-36.54024	-0.8458296	0.01591357	0.2558407	0.1902682	43.55699	2.51758
6810	0	-39.82477	-38.74096	-1.083812	0.0279553	0.3922467	0.2036321	24.79484	3.816626
6811	1	-37.54236	-36.53169	-1.010678	0.02212562	0.3311452	0.2055174	31.32781	2.731645
6812	0	-40.42513	-38.16143	-2.263707	0.0531726	0.5796556	0.4640478	13.0358	3.250057
6813	1	-38.60106	-37.67416	-0.9268996	0.01111437	0.1892284	0.2208091	62.36494	1.735998
6814	0	-42.99764	-38.96873	-4.028905	0.1579648	0.8386985	0.6170076	4.387984	2.555692
6815	1	-39.47745	-39.02077	-0.4566725	0.02592232	0.3718955	0.1119322	26.73939	2.548343
6816	0	-39.23947	-38.17381	-1.065666	0.00278176	0.05254936	0.2853657	249.1757	2.772755
6817	1	-38.58737	-37.64393	-0.9434397	0.02466501	0.3588085	0.1853825	28.10245	1.897878
6818	0	-36.93032	-36.54161	-0.3887026	0.00296966	0.05596403	0.1446265	233.4096	2.674963
6819	1	-38.39405	-37.51577	-0.8782794	0.001458922	0.02803346	0.2410663	475.1093	2.768699
6820	0	-37.31118	-36.57964	-0.7315475	0.01749381	0.2760953	0.1659738	39.62242	2.731734
6821	1	-37.66566	-37.37266	-0.293002	0.01083283	0.1850668	0.1176104	63.98578	2.494208
6822	0	-37.79379	-37.37977	-0.4140195	0.000521515	0.0101436	0.1535542	1329.103	1.753228
6823	1	-37.38701	-36.75222	-0.6347946	0.004228142	0.07841196	0.1817203	163.9366	2.992717
6824	0	-37.7856	-36.97406	-0.8115327	0.004797886	0.08833775	0.215112	144.4693	2.749948
6825	1	-37.94331	-37.31814	-0.6251658	0.001729002	0.03310737	0.1864463	400.8945	1.840207
6826	0	-39.13359	-37.75938	-1.374214	0.02696799	0.3824855	0.2760724	25.70259	3.514518
6827	1	-43.39561	-40.17985	-3.215766	0.1244773	0.7964483	0.4391279	5.568463	3.528356
6828	0	-39.81219	-37.68039	-2.131796	0.06575568	0.641266	0.3404699	10.54125	2.217773
6829	1	-37.74067	-37.19377	-0.5468939	0.01913278	0.2962887	0.1348313	36.22826	2.702803
6830	0	-42.11634	-39.26092	-2.855421	0.1156097	0.7815354	0.3471336	5.995578	2.590594
6831	1	-37.99418	-37.22723	-0.7669553	0.00029272	0.005710468	0.219252	2367.953	2.513041
6832	0	-43.09905	-40.56913	-2.529921	0.04364604	0.5208753	0.6928232	15.8811	3.033376
6833	1	-37.83434	-37.29068	-0.5436618	0.01794964	0.2817932	0.1366612	38.61621	2.336578
6834	0	-38.23929	-37.07004	-1.169245	0.03391173	0.4465805	0.2038952	20.43975	3.162935
6835	1	-38.03456	-36.79757	-1.236988	0.02551614	0.3677104	0.2456595	27.16505	2.964776
6836	0	-37.71131	-36.59515	-1.116164	0.02642531	0.3770223	0.2149228	26.23043	2.8691
6837	1	-37.98047	-37.05046	-0.9300091	0.01613394	0.2587128	0.206335	42.96206	2.049737
6838	0	-39.96889	-38.39411	-1.574783	0.0203224	0.3104477	0.3705947	34.10755	2.426133
6839	1	-38.20484	-37.48899	-0.7158547	0.00176681	0.03381482	0.2040363	392.3157	1.83044
6840	0	-38.00407	-38.05138	0.04731537	0.002002405	0.03820762	0.09480289	346.1573	2.899893
6841	1	-37.39454	-36.75885	-0.6356899	0.01571493	0.2532383	0.1546402	44.10757	2.925135
6842	0	-39.5725	-37.23791	-2.334588	0.06596036	0.6421439	0.4158096	10.50854	2.928458
6843	1	-37.82256	-36.88601	-0.9365483	0.01075614	0.1839281	0.224081	64.44199	2.486571
6844	0	-38.96706	-36.98084	-1.986216	0.05933533	0.6118147	0.3222868	11.68186	2.529882
6845	1	-38.83175	-37.15227	-1.67948	0.03608641	0.4646251	0.3293501	19.20799	2.721909
6846	0	-39.29405	-37.16178	-2.132262	0.05634727	0.5967364	0.3890458	12.30134	2.761822
6847	1	-39.72629	-37.77152	-1.954766	0.04047055	0.4984014	0.4076779	17.1272	2.76435
6848	0	-38.79918	-37.45166	-1.347516	0.02852339	0.3977612	0.2629579	24.30101	1.978025
6849	1	-41.0815	-38.33458	-2.746921	0.08593089	0.7131358	0.4736435	8.066333	3.453529
6850	0	-38.55078	-37.04372	-1.507063	0.0311757	0.4225564	0.2971016	22.23357	2.897806
6851	1	-41.7236	-40.16008	-1.563516	0.03986495	0.493932	0.2780446	17.38738	4.149846
6852	0	-40.13167	-37.45093	-2.680735	0.07846881	0.6896714	0.4925913	8.83341	2.789857
6853	1	-39.82473	-37.6393	-2.185429	0.07919681	0.6921047	0.2971063	8.752211	2.598037
6854	0	-38.58818	-37.13112	-1.457064	0.03957864	0.4917977	0.2509803	17.51316	2.19749
6855	1	-39.73462	-38.49562	-1.238994	0.0490926	0.5559511	0.1764274	14.11918	3.168043
6856	0	-37.41799	-36.68163	-0.7363587	0.01860318	0.289852	0.1641811	37.25961	2.874977
6857	1	-38.26328	-37.00798	-1.255299	0.02371187	0.3486224	0.256658	29.23208	3.07418
6858	0	-38.26306	-37.86682	-0.3962404	0.01026883	0.176641	0.1314443	67.50009	1.880918
6859	1	-38.28591	-37.06976	-1.216149	0.02588587	0.3715216	0.2393397	26.77705	2.131905
6860	0	-38.6802	-37.89688	-0.78332	0.01981174	0.3044201	0.1691624	34.98668	1.79137
6861	1	-37.5733	-37.22793	-0.3453764	0.002134173	0.0406528	0.1401384	324.7849	3.357775
6862	0	-47.00756	-45.14662	-1.860937	0.01033897	0.1776954	0.5680953	67.04216	-0.2603951
6863	1	-39.25902	-37.03831	-2.220706	0.06478717	0.6370631	0.3772537	10.69883	2.69871
6864	0	-38.63619	-37.58773	-1.048453	0.01634628	0.2614655	0.2315846	42.40398	1.812341
6865	1	-38.52963	-37.37957	-1.150066	0.01264101	0.2112889	0.2701291	54.83322	2.767169
6866	0	-37.86222	-36.9175	-0.944712	0.01411064	0.231745	0.2154621	49.1223	3.113095
6867	1	-39.65059	-38.04124	-1.60935	0.02604336	0.3731348	0.3538455	26.61512	3.174591
6868	0	-39.89975	-38.63466	-1.265096	0.006846077	0.1228456	0.3289116	101.2474	2.430044
6869	1	-41.49569	-38.23771	-3.257983	0.09894706	0.747312	0.6569773	7.005232	3.179802
6870	0	-38.96638	-37.20094	-1.765438	0.04069148	0.500017	0.336308	17.03421	2.439218
6871	1	-38.33116	-37.42457	-0.9065878	0.008227152	0.1451157	0.2253764	84.25117	1.941539
6872	0	-37.59774	-37.39065	-0.2070928	0.005652785	0.1029615	0.1161221	122.6205	3.052341
6873	1	-39.45352	-37.59603	-1.857489	0.04167544	0.507116	0.3636455	16.63203	2.251267
6874	0	-40.55486	-38.21967	-2.335194	0.05230727	0.5747986	0.5045658	13.25145	2.677416
6875	1	-40.18382	-38.37465	-1.809172	0.05842648	0.6073264	0.2734821	11.86358	3.518013
6876	0	-40.15631	-38.48827	-1.668042	0.05070624	0.5655735	0.2648498	13.66986	3.619592
6877	1	-37.14216	-36.51916	-0.6230012	0.01100631	0.1876345	0.1631919	62.97727	2.727158
6878	0	-37.84319	-37.10528	-0.7379117	0.005002708	0.09187068	0.1992668	138.5544	3.230569
6879	1	-37.65431	-36.89819	-0.7561274	0.005352935	0.0978688	0.2019283	129.4892	2.982459
6880	0	-38.58385	-37.58345	-1.000391	0.006509829	0.1173039	0.2536193	106.477	3.079851
6881	1	-39.48767	-37.77871	-1.70896	0.03167359	0.4270422	0.3610213	21.88407	3.060225
6882	0	-37.96541	-37.54588	-0.4195326	0.01312493	0.2181077	0.1292218	52.81148	3.173497
6883	1	-40.17774	-38.81593	-1.361808	0.04905087	0.5556978	0.1995994	14.13119	2.011673
6884	0	-39.28167	-37.01798	-2.263687	0.06904476	0.6549525	0.3708345	10.0391	2.814969
6885	1	-37.88473	-36.87162	-1.013105	0.01771443	0.278861	0.2192627	39.12896	3.101218
6886	0	-38.75633	-38.04906	-0.7072731	0.02774369	0.3901738	0.1401572	24.98396	3.134335
6887	1	-45.54276	-40.04828	-5.494485	0.2412572	0.8941775	0.8237493	2.873063	3.216273
6888	0	-38.44824	-37.24486	-1.203378	0.0404428	0.498198	0.1923816	17.13895	3.041335
6889	1	-38.79721	-36.85057	-1.946647	0.05640945	0.5970598	0.3228551	12.28778	2.721231
6890	0	-37.41713	-36.92894	-0.4881863	0.007478584	0.1331422	0.1498964	92.68428	3.172476
6891	1	-37.46173	-36.87008	-0.5916461	0.00124951	0.02407473	0.1815256	554.735	3.062249
6892	0	-37.51775	-37.06453	-0.4532185	0.0007757339	0.01503844	0.1591205	893.5373	3.324981
6893	1	-41.61317	-37.91182	-3.701355	0.1330734	0.8091784	0.6320379	5.208757	2.853948
6894	0	-39.11677	-38.18561	-0.931165	0.01707829	0.2708455	0.2038363	40.58646	1.546216
6895	1	-38.30924	-37.63801	-0.671227	0.01809904	0.2836468	0.1549279	38.29745	3.394714
6896	0	-37.80721	-36.81255	-0.9946546	0.01598024	0.2567112	0.2205926	43.37528	2.32948
6897	1	-37.09823	-36.54546	-0.552768	0.01000188	0.1726108	0.1542974	69.30172	2.61798
6898	0	-39.84367	-38.45608	-1.387586	0.01260881	0.2108324	0.3427065	54.97323	2.84083
6899	1	-36.98752	-36.51565	-0.4718691	0.00462703	0.08537644	0.1535319	149.8039	2.663816
6900	0	-39.61294	-37.97853	-1.63441	0.02884343	0.4008354	0.3487541	24.03137	2.10287
6901	1	-39.2496	-38.109	-1.140599	0.006643364	0.1195104	0.2912423	104.3368	3.016509
6902	0	-38.20517	-37.96271	-0.242462	0.01215798	0.2044	0.1097405	57.0117	2.938026
6903	1	-38.31363	-38.15825	-0.1553865	0.0008545356	0.01654916	0.1180038	811.139	3.575232
6904	0	-38.3409	-37.37845	-0.9624422	0.00966019	0.1674127	0.2335469	71.75296	3.275152
6905	1	-41.55658	-39.07433	-2.482251	0.05171141	0.5714019	0.5894397	13.40414	2.957237
6906	0	-37.86838	-37.28506	-0.583321	0.0118692	0.2002414	0.154943	58.39883	3.347057
6907	1	-38.6843	-37.28202	-1.402279	0.04734615	0.5451533	0.212909	14.63999	2.406846
6908	0	-37.44762	-36.67205	-0.7755646	0.008475032	0.1490307	0.1970085	81.78697	2.508711
6909	1	-38.45421	-37.46007	-0.9941367	0.02581987	0.3708437	0.1918674	26.84549	3.404887
6910	0	-39.72682	-37.99572	-1.731098	0.05484758	0.588809	0.266059	12.6377	2.063517
6911	1	-40.30696	-38.67986	-1.627098	0.02640149	0.3767809	0.3583643	26.25409	1.7486
6912	0	-44.13286	-39.77523	-4.357631	0.152403	0.8328958	0.9272053	4.548121	2.21668
6913	1	-38.26088	-37.36629	-0.8945992	0.03257145	0.4350019	0.1578892	21.28082	2.867242
6914	0	-38.54242	-36.79231	-1.750109	0.05344146	0.5811467	0.2766052	12.97021	2.804093
6915	1	-38.82932	-37.71427	-1.115044	0.009529106	0.1654066	0.2725538	72.74	3.090494
6916	0	-37.08101	-36.82493	-0.2560755	0.00249687	0.04734033	0.1275114	277.6064	2.347013
6917	1	-39.31862	-38.54528	-0.7733386	0.007844438	0.1390226	0.1983293	88.36161	3.978496
6918	0	-39.80695	-38.70638	-1.10057	0.0121617	0.2044533	0.2588308	56.99428	3.929622
6919	1	-37.98151	-37.11518	-0.8663299	0.01183785	0.1997882	0.2057185	58.55347	3.29594
6920	0	-38.01164	-37.53192	-0.4797178	0.002993685	0.05639942	0.1583535	231.5365	1.69597
6921	1	-39.16093	-37.77737	-1.383562	0.04013076	0.4959012	0.2313826	17.27222	1.973311
6922	0	-39.24274	-37.51321	-1.729536	0.03384276	0.4459934	0.3574059	20.4814	2.756281
6923	1	-38.33705	-37.21188	-1.125169	0.02873155	0.3997633	0.2099157	24.12495	3.31434
6924	0	-38.85474	-37.3725	-1.482234	0.03027273	0.414287	0.2935359	22.89675	2.140293
6925	1	-40.13059	-38.94725	-1.183339	0.004391633	0.08127512	0.3137836	157.8336	1.8057
6926	0	-42.08437	-39.67286	-2.411504	0.06370252	0.6322587	0.4636075	10.881	3.904015
6927	1	-38.26255	-37.36457	-0.8979749	0.01064798	0.1823185	0.2159317	65.09656	3.404013
6928	0	-41.93582	-38.09697	-3.838844	0.1326635	0.8086058	0.7294048	5.224852	2.729691
6929	1	-38.97678	-37.81889	-1.157888	0.0121597	0.2044246	0.2741074	57.00366	3.314392
6930	0	-40.36734	-37.61135	-2.755985	0.09276758	0.7320434	0.4339563	7.471868	2.523821
6931	1	-40.9215	-39.74033	-1.181168	0.01694837	0.2691931	0.2622126	40.89757	4.285112
6932	0	-38.27615	-37.09248	-1.183662	0.03510534	0.4565958	0.2033975	19.74478	3.153656
6933	1	-42.51836	-38.80769	-3.710669	0.1424796	0.8214749	0.5585767	4.864889	2.522219
6934	0	-41.23008	-39.26452	-1.965553	0.02904848	0.402793	0.4842559	23.86173	2.814148
6935	1	-41.97251	-39.23034	-2.74217	0.06798203	0.6506268	0.6074391	10.19604	3.526071
6936	0	-39.86692	-38.46813	-1.398794	0.0129124	0.2151231	0.3450861	53.68076	2.825721
6937	1	-37.57749	-36.72846	-0.8490263	0.01328719	0.2203756	0.198092	52.16659	3.01756
6938	0	-37.74106	-37.01676	-0.7243038	0.004466543	0.08258297	0.198068	155.1865	2.129313
6939	1	-39.48413	-38.01081	-1.473324	0.05445881	0.5867131	0.2067346	12.72792	3.164171
6940	0	-37.64823	-37.10795	-0.5402828	0.00575074	0.1046167	0.1618142	120.5318	1.93723
6941	1	-38.28365	-36.8943	-1.389355	0.04527074	0.531778	0.2164281	15.31115	2.799244
6942	0	-38.33306	-37.27579	-1.057265	0.01315987	0.2185968	0.2443908	52.67129	3.173965
6943	1	-42.50879	-39.24555	-3.263246	0.1346253	0.8113171	0.3989831	5.148714	2.850804
6944	0	-39.74823	-37.52281	-2.225417	0.05592603	0.5945347	0.4295774	12.394	2.545518
6945	1	-37.99461	-37.16802	-0.8265905	0.01769435	0.2786099	0.1820061	39.17336	1.999062
6946	0	-38.30315	-36.78757	-1.51558	0.04378295	0.5218092	0.2507609	15.83144	2.963375
6947	1	-38.97516	-37.99746	-0.9777035	0.01278633	0.2133453	0.2268943	54.21002	3.71299
6948	0	-37.21607	-36.82108	-0.3949834	0.009239154	0.1609455	0.1332027	75.0228	2.518461
6949	1	-38.15712	-36.91668	-1.240446	0.02956489	0.4076816	0.2328072	23.44494	2.231849
6950	0	-39.72202	-37.42969	-2.292325	0.06605227	0.6425369	0.3980855	10.49392	3.173164
6951	1	-39.07886	-38.00838	-1.07048	0.004604577	0.08498632	0.2794538	150.5344	2.336767
6952	0	-37.85356	-36.63543	-1.218133	0.0263708	0.3764697	0.238178	26.28465	2.633823
6953	1	-38.49457	-37.1408	-1.353772	0.02836835	0.3962635	0.2651881	24.43382	2.17419
6954	0	-41.06165	-39.13747	-1.924184	0.03456283	0.4520777	0.429812	20.0547	1.760522
6955	1	-37.25601	-36.55519	-0.7008191	0.01573511	0.2535033	0.1649999	44.05099	2.71384
6956	0	-38.29621	-36.99582	-1.300392	0.03898042	0.4872939	0.2164052	17.78193	2.336478
6957	1	-39.02543	-37.34041	-1.685026	0.04059185	0.4992895	0.3107609	17.07602	2.179632
6958	0	-38.12079	-37.35781	-0.7629775	0.02666913	0.3794855	0.1504527	25.99062	2.984752
6959	1	-40.59579	-38.69349	-1.9023	0.0332262	0.440703	0.4285235	20.86146	3.318401
6960	0	-39.23077	-38.04856	-1.182214	0.00793822	0.1405212	0.298115	87.31771	2.54242
6961	1	-40.46319	-40.25803	-0.2051529	0.01612641	0.2586149	0.09995812	42.98213	1.925871
6962	0	-38.60358	-38.09233	-0.5112446	0.01914424	0.2964271	0.1300882	36.20657	2.084407
6963	1	-39.26273	-37.54062	-1.722108	0.06368324	0.6321724	0.2327382	10.88429	2.755623
6964	0	-38.22485	-36.75572	-1.469134	0.04332604	0.5186816	0.2409303	15.9984	2.538684
6965	1	-39.35862	-37.51437	-1.844242	0.06339776	0.6308899	0.2640349	10.93331	2.405802
6966	0	-41.15454	-38.8638	-2.29074	0.09318999	0.7331392	0.2708952	7.438	2.719806
6967	1	-39.95713	-37.4536	-2.503531	0.08602474	0.7134111	0.3708286	8.057533	2.585975
6968	0	-37.81524	-36.87962	-0.9356213	0.02929681	0.4051512	0.172289	23.65948	2.540387
6969	1	-42.11926	-38.53388	-3.585379	0.1184821	0.7865838	0.6916585	5.850228	3.336457
6970	0	-37.72255	-36.81825	-0.904294	0.02557972	0.3683682	0.1759771	27.09753	2.397621
6971	1	-38.80919	-37.4508	-1.358393	0.02775098	0.3902453	0.26875	24.9774	1.995738
6972	0	-38.09838	-37.44379	-0.654589	0.02349924	0.3463182	0.1411804	29.49658	2.97928
6973	1	-38.81243	-37.93469	-0.87774	0.03385229	0.4460745	0.1524659	20.47564	3.084562
6974	0	-40.35216	-37.95833	-2.393828	0.05817398	0.6060645	0.4924824	11.91507	2.978538
6975	1	-38.94213	-37.35967	-1.582456	0.05015011	0.5622947	0.2450428	13.82145	2.265536
6976	0	-39.55687	-38.45018	-1.106689	0.002590392	0.04905456	0.2981205	267.5838	2.94493
6977	1	-41.17426	-39.95523	-1.219027	0.04751957	0.5462438	0.1768255	14.58656	1.897991
6978	0	-38.42483	-37.66898	-0.7558463	0.0009091169	0.01759372	0.21495	762.4401	1.803769
6979	1	-39.13555	-38.22384	-0.9117106	0.0346805	0.4530624	0.1558996	19.98665	2.179523
6980	0	-38.51453	-36.94299	-1.571538	0.04110042	0.5029863	0.275435	16.86472	2.344878
6981	1	-43.306	-41.57882	-1.727172	0.05104695	0.5675631	0.2796335	13.57862	4.244157
6982	0	-36.91337	-36.54351	-0.3698632	0.002198102	0.04183611	0.1434826	315.339	2.675292
6983	1	-38.40967	-37.3262	-1.083468	0.0350599	0.4562195	0.1841241	19.77037	2.262925
6984	0	-38.19137	-37.12646	-1.064902	0.03238848	0.4333933	0.1876881	21.40104	2.269776
6985	1	-37.65126	-37.10803	-0.5432233	0.01016961	0.1751462	0.15247	68.15871	2.034627
6986	0	-39.24871	-37.79516	-1.453544	0.0207505	0.3154437	0.3263016	33.40388	2.945738
6987	1	-37.38792	-36.53496	-0.8529522	0.02033204	0.3105608	0.1800332	34.09138	2.666899
6988	0	-39.05833	-37.43019	-1.628144	0.03070395	0.4182578	0.3375854	22.57518	2.593789
6989	1	-41.98463	-39.29012	-2.694506	0.06423203	0.6346172	0.610672	10.7913	2.054358
6990	0	-40.78679	-38.02232	-2.764468	0.08844539	0.7203561	0.4652067	7.837007	2.301351
6991	1	-40.64745	-38.83194	-1.815505	0.02810436	0.3937008	0.4223785	24.66333	3.266802
6992	0	-39.94094	-38.40515	-1.535786	0.01886757	0.2930758	0.3638212	36.73749	2.955629
6993	1	-38.67086	-37.09962	-1.571238	0.05205386	0.5733592	0.2358797	13.31596	2.989239
6994	0	-40.89448	-39.06979	-1.824697	0.04450986	0.5267205	0.3381021	15.57289	3.883024
6995	1	-39.13025	-37.40019	-1.730059	0.06173818	0.6232868	0.2411314	11.2272	2.590271
6996	0	-40.37243	-38.18403	-2.188393	0.08517421	0.7108988	0.2738597	8.137994	2.73514
6997	1	-44.70068	-40.12067	-4.58001	0.1696631	0.8497065	0.9075381	4.085432	3.639226
6998	0	-38.24544	-36.98018	-1.265261	0.03682804	0.4705768	0.2153849	18.82118	2.305966
6999	1	-41.48246	-38.56163	-2.920827	0.1023586	0.7550866	0.4468855	6.771755	2.281511
7000	0	-41.30388	-39.75431	-1.549564	0.01019552	0.1755369	0.4169403	67.98545	2.431113
7001	1	-38.01886	-37.22958	-0.7892776	0.01808714	0.2834994	0.1743698	38.32265	3.334392
7002	0	-38.14533	-37.17114	-0.9741852	0.01151169	0.1950514	0.2302053	60.21245	2.134283
7003	1	-41.22342	-39.31263	-1.910792	0.03989765	0.4941749	0.3933093	17.37313	3.901741
7004	0	-37.66882	-37.0769	-0.5919278	0.006074686	0.1100612	0.1696127	114.1042	1.951721
7005	1	-37.04457	-36.81361	-0.2309627	0.003028913	0.05703738	0.1234181	228.8435	2.723703
7006	0	-38.06976	-37.3068	-0.7629626	0.0003500739	0.006824243	0.2182015	1980.002	3.002707
7007	1	-37.73556	-37.03636	-0.6991942	0.007396064	0.1318082	0.1853263	93.71838	2.005005
7008	0	-38.7811	-37.68503	-1.096074	0.008476622	0.1490558	0.2714379	81.77163	2.309818
7009	1	-41.27668	-38.0824	-3.194275	0.110872	0.7727072	0.5208641	6.25178	3.24318
7010	0	-39.35139	-38.11881	-1.232575	0.03023007	0.413892	0.2288219	22.92906	1.717488
7011	1	-37.60319	-36.60143	-1.001755	0.02310037	0.3419639	0.2009063	30.00589	2.905795
7012	0	-38.31651	-36.78394	-1.53257	0.04675039	0.5413754	0.2445871	14.82656	2.876178
7013	1	-40.82581	-39.12997	-1.695834	0.05498623	0.5895524	0.2563377	12.60583	1.812928
7014	0	-37.5436	-36.74245	-0.8011425	0.008996034	0.1571796	0.2006306	77.0503	2.905071
7015	1	-37.66607	-36.69325	-0.9728158	0.02742231	0.3870055	0.1836161	25.27676	2.522632
7016	0	-38.09438	-36.82947	-1.264905	0.03955199	0.4915983	0.2071808	17.52497	2.562664
7017	1	-41.83428	-38.78466	-3.049623	0.07976976	0.6939968	0.699377	8.689348	2.559885
7018	0	-39.85815	-37.87015	-1.988008	0.07330366	0.6714182	0.2650494	9.455834	3.07807
7019	1	-37.26878	-36.86504	-0.4037368	0.01013052	0.1745563	0.1326924	68.42167	2.782681
7020	0	-38.21845	-37.54774	-0.6707082	0.008870102	0.1552197	0.1764098	78.14422	3.567725
7021	1	-43.16091	-40.41563	-2.745279	0.06927292	0.6558695	0.5983199	10.00603	3.980224
7022	0	-37.92591	-37.21328	-0.7126311	0.02084213	0.3165063	0.1553398	33.25702	2.19809
7023	1	-37.0905	-36.52144	-0.5690665	0.009441624	0.1640641	0.158079	73.41398	2.607983
7024	0	-40.16053	-37.83692	-2.32361	0.06629127	0.6435557	0.4093519	10.45609	2.192849
7025	1	-37.3057	-36.64039	-0.6653051	0.005188314	0.09505615	0.1848262	133.5978	2.76149
7026	0	-37.49876	-36.90528	-0.5934817	0.00955435	0.1657935	0.1617283	72.54781	2.105061
7027	1	-37.36077	-37.23712	-0.1236547	0.0009461001	0.01830066	0.1141703	732.6362	3.056016
7028	0	-42.93436	-38.55509	-4.379273	0.1526449	0.8331566	0.9442583	4.540914	3.059087
7029	1	-37.50942	-36.92282	-0.5865955	0.0001839398	0.003593443	0.1833503	3768.337	3.072913
7030	0	-38.37936	-37.12559	-1.253771	0.03553408	0.4601268	0.216852	19.50655	2.197314
7031	1	-38.27861	-37.83802	-0.4405864	0.0006493951	0.01260991	0.1574038	1067.374	3.723699
7032	0	-38.74543	-37.13078	-1.614643	0.03375917	0.4452805	0.3189901	20.53212	2.625676
7033	1	-37.05278	-36.54044	-0.5123395	0.004028734	0.07490345	0.1612298	172.0509	2.496446
7034	0	-38.51075	-37.67124	-0.8395122	0.009742344	0.1686667	0.206292	71.14788	1.694013
7035	1	-41.52983	-40.17704	-1.352788	0.002372102	0.04504689	0.3824815	292.2081	1.775481
7036	0	-39.9808	-39.49561	-0.4851938	0.01665699	0.2654677	0.1312754	41.61299	1.585921
7037	1	-40.7497	-37.99642	-2.753277	0.07415578	0.6745538	0.5629256	9.347177	2.61434
7038	0	-38.62713	-37.56942	-1.05771	0.03257007	0.4349898	0.1858656	21.28172	2.08402
7039	1	-38.95808	-37.47749	-1.480584	0.02478053	0.3600273	0.3166933	27.97145	2.447768
7040	0	-41.9106	-40.11509	-1.795507	0.03203104	0.4302309	0.3916762	21.63986	4.170078
7041	1	-40.03987	-38.02149	-2.018388	0.04716241	0.5439934	0.3952701	14.69703	2.074688
7042	0	-38.44828	-36.77183	-1.676448	0.04598762	0.5364666	0.2854948	15.07247	2.886928
7043	1	-37.43615	-36.55396	-0.8821949	0.0217798	0.3272456	0.181623	31.82524	2.609798
7044	0	-40.54581	-38.54971	-1.996095	0.03603162	0.4641815	0.4523748	19.23719	2.400636
7045	1	-38.10412	-36.8994	-1.204723	0.03863274	0.4846482	0.1976297	17.94196	2.558319
7046	0	-40.13279	-38.09046	-2.042336	0.04113315	0.5032228	0.440842	16.8513	2.807711
7047	1	-38.16641	-37.1184	-1.048014	0.03338146	0.4420423	0.1819745	20.76444	3.053247
7048	0	-37.36003	-36.8835	-0.4765222	0.01206588	0.203077	0.1388619	57.44689	2.905226
7049	1	-38.44952	-36.73779	-1.711722	0.04766612	0.5471622	0.2888155	14.54172	2.738969
7050	0	-38.90778	-38.7188	-0.188985	0.01078924	0.1844198	0.106057	64.24431	2.028216
7051	1	-41.08818	-39.19571	-1.892463	0.03369561	0.4447376	0.4215241	20.57084	3.705201
7052	0	-38.76968	-37.37377	-1.395909	0.04613809	0.5374414	0.2151982	15.02332	2.308936
7053	1	-39.6192	-37.54158	-2.07762	0.04843403	0.5519271	0.4119236	14.31116	2.619409
7054	0	-41.22696	-38.60191	-2.625048	0.09539939	0.7387428	0.3668047	7.26574	3.352742
7055	1	-38.97314	-37.76937	-1.203769	0.01171398	0.1979937	0.2887893	59.17267	2.31979
7056	0	-37.95405	-36.87508	-1.078969	0.02884946	0.4008931	0.2001047	24.02635	2.281121
7057	1	-38.39391	-36.91762	-1.47629	0.04302766	0.5166221	0.2436855	16.10934	2.378808
7058	0	-38.50192	-37.78098	-0.720936	0.02865764	0.3990536	0.1402627	24.18716	2.437299
7059	1	-37.71508	-37.70518	-0.009906928	0.002839943	0.05360846	0.09920526	244.0708	2.671671
7060	0	-37.71942	-37.15778	-0.5616423	0.01094866	0.1867825	0.1536046	63.30887	2.014658
7061	1	-37.72336	-37.04426	-0.6791017	0.001699246	0.0325501	0.1968613	407.9146	2.161249
7062	0	-38.34047	-37.44969	-0.8907829	0.009280912	0.16159	0.2185645	74.68524	1.8657
7063	1	-37.09535	-36.75395	-0.3413926	0.005648184	0.1028836	0.1328217	122.7204	2.445091
7064	0	-38.47584	-37.50492	-0.970915	0.008159541	0.1440436	0.2405803	84.94929	3.269136
7065	1	-38.95735	-37.46526	-1.492087	0.05423366	0.5854914	0.2113212	12.78076	2.576138
7066	0	-38.15625	-37.00856	-1.147688	0.03540033	0.459029	0.1953947	19.58025	3.048322
7067	1	-37.1877	-36.89479	-0.2929099	0.005978466	0.1084488	0.1259467	115.9406	2.826497
7068	0	-38.93559	-36.92884	-2.006748	0.0558997	0.5943965	0.3453317	12.39984	2.778496
7069	1	-38.3449	-36.7132	-1.631702	0.04478267	0.5285435	0.2776883	15.47802	2.799852
7070	0	-38.6566	-36.84739	-1.809207	0.05374563	0.5828234	0.2921867	12.89681	2.574921
7071	1	-37.75089	-37.04596	-0.7049295	0.001597542	0.03064212	0.2023025	433.8837	3.013368
7072	0	-37.96907	-37.37781	-0.5912541	0.02173605	0.3267499	0.135858	31.88929	2.849401
7073	1	-40.24847	-37.4736	-2.774875	0.08525932	0.7111519	0.4917134	8.12987	2.992598
7074	0	-37.74713	-36.71232	-1.034811	0.03083954	0.4194981	0.1861534	22.47592	2.727931
7075	1	-40.52355	-37.90324	-2.620309	0.0737002	0.6728838	0.4960194	9.404957	3.233942
7076	0	-40.3575	-37.52604	-2.831458	0.09989039	0.7495059	0.4231808	6.939078	2.926392
7077	1	-38.08761	-37.09904	-0.9885741	0.009649441	0.1672485	0.2397668	71.83288	2.555686
7078	0	-37.85844	-36.78646	-1.071976	0.01805144	0.283057	0.231454	38.39844	2.888049
7079	1	-37.09418	-36.61212	-0.4820654	0.008265813	0.145728	0.1473342	83.85711	2.809778
7080	0	-38.63343	-38.29895	-0.3344782	0.01638026	0.2619048	0.1133512	42.316	2.260829
7081	1	-39.72879	-39.23131	-0.4974789	0.003104903	0.05841152	0.1609382	223.2428	1.089952
7082	0	-39.74214	-39.12309	-0.6190447	0.02164951	0.3257679	0.1398574	32.01676	3.628315
7083	1	-37.76745	-36.74928	-1.018164	0.01783103	0.2803166	0.2200123	38.87309	2.370614
7084	0	-39.04312	-37.13439	-1.908737	0.05371252	0.5826414	0.3229154	12.90476	3.132117
7085	1	-38.56088	-37.45081	-1.110069	0.04005213	0.4953199	0.1762125	17.30613	2.462058
7086	0	-37.72436	-36.8851	-0.8392557	0.009529353	0.1654104	0.2068605	72.73812	2.246224
7087	1	-38.67396	-37.41826	-1.255696	0.02170049	0.3263466	0.2641598	31.94155	2.02875
7088	0	-37.64903	-37.48569	-0.1633444	0.002831198	0.05344938	0.1156712	244.8247	2.072994
7089	1	-37.55953	-36.71172	-0.8478134	0.01938717	0.2993511	0.1815171	35.75289	3.020838
7090	0	-37.69152	-36.97825	-0.7132722	0.001137275	0.02194414	0.2053279	609.4806	2.655906
7091	1	-36.98088	-36.58455	-0.3963228	0.002914294	0.05495958	0.1458468	237.844	2.431898
7092	0	-37.4596	-37.09907	-0.3605315	0.01069205	0.1829748	0.1260774	64.82827	2.852999
7093	1	-38.93176	-36.92935	-2.002408	0.05897188	0.6100298	0.3292335	11.75386	2.59889
7094	0	-37.45004	-36.9497	-0.5003359	0.006823904	0.1224817	0.1531384	101.5763	2.073604
7095	1	-38.20997	-37.56699	-0.6429813	0.024723	0.3594208	0.1371594	28.03653	2.466405
7096	0	-37.93969	-37.11262	-0.8270669	0.003600049	0.06729958	0.222208	192.5383	2.704007
7097	1	-38.48339	-37.12295	-1.360435	0.03428955	0.4497804	0.2455397	20.21453	2.150251
7098	0	-38.12827	-37.30556	-0.8227155	0.001447402	0.02781624	0.2280741	478.8907	2.739794
7099	1	-40.76357	-38.19746	-2.566103	0.09312085	0.7329604	0.3571198	7.443523	3.238543
7100	0	-38.35523	-37.39578	-0.9594468	0.006161594	0.1115142	0.2446452	112.4948	2.955691
7101	1	-38.9399	-36.90069	-2.03921	0.06113131	0.6204421	0.3313137	11.33866	2.695892
7102	0	-37.76632	-36.66826	-1.098061	0.02563642	0.368954	0.2134324	27.03759	2.395991
7103	1	-39.7392	-38.11535	-1.623852	0.03453555	0.451849	0.3184296	20.07054	1.816346
7104	0	-38.32163	-37.60259	-0.7190398	0.00498026	0.0914844	0.1956035	139.1789	3.58099
7105	1	-39.58998	-37.92989	-1.660089	0.03780038	0.4782296	0.3152982	18.33704	3.530306
7106	0	-37.23369	-37.17305	-0.06063395	0.0002936113	0.005727787	0.1081899	2360.765	2.466779
7107	1	-37.62827	-36.78236	-0.8459036	0.02185163	0.3280582	0.1749722	31.72062	3.012475
7108	0	-39.30849	-38.47308	-0.8354079	0.001219528	0.02350618	0.2317321	568.3733	1.413292
7109	1	-37.61131	-37.24214	-0.3691718	0.01031037	0.1772657	0.127859	67.22814	2.246387
7110	0	-37.62664	-36.98406	-0.6425891	0.0008618098	0.01668845	0.1920617	804.2925	3.06037
7111	1	-40.41403	-37.69409	-2.719939	0.09004853	0.7247944	0.4349832	7.697485	3.196941
7112	0	-40.04648	-38.78388	-1.262602	0.01158868	0.196173	0.306832	59.81242	3.703534
7113	1	-42.15037	-40.06924	-2.081133	0.03826658	0.4818395	0.4772197	18.11364	1.470595
7114	0	-38.72125	-37.83708	-0.8841653	0.03519262	0.4573174	0.1505707	19.69581	2.916589
7115	1	-38.80436	-37.31374	-1.490616	0.05205942	0.5733909	0.217592	13.31454	2.981926
7116	0	-37.88226	-37.20434	-0.6779211	0.02181701	0.3276668	0.1479883	31.77095	3.013424
7117	1	-39.17857	-38.69923	-0.4793373	0.004027019	0.07487319	0.1559995	172.1242	3.985329
7118	0	-38.70716	-37.75926	-0.9479038	0.02754594	0.3882272	0.1787859	25.16331	1.946415
7119	1	-39.94619	-37.3675	-2.578688	0.08159748	0.6999006	0.425573	8.494713	2.552072
7120	0	-36.94204	-36.5215	-0.4205408	0.002225472	0.04234212	0.150883	311.4608	2.606119
7121	1	-37.55951	-36.84779	-0.7117199	0.01003645	0.1731342	0.1807917	69.06301	3.164156
7122	0	-38.64233	-37.95359	-0.6887457	0.009792549	0.1694317	0.1772953	70.78312	3.727433
7123	1	-40.0112	-37.41791	-2.59329	0.07451746	0.6758694	0.4772553	9.301809	2.802447
7124	0	-38.10163	-37.00383	-1.097801	0.01482058	0.2413619	0.2486	46.76923	2.704005
7125	1	-37.56411	-36.98481	-0.5792991	0.0135458	0.2239714	0.1507091	51.17063	3.120755
7126	0	-38.94064	-37.43127	-1.509369	0.02988912	0.4107208	0.3032489	23.19062	2.161668
7127	1	-38.24284	-37.38149	-0.8613474	0.01828815	0.2859834	0.1868692	37.90144	3.439371
7128	0	-39.19215	-37.41238	-1.779773	0.06275436	0.6279724	0.24981	11.0454	3.003751
7129	1	-37.93372	-36.74752	-1.1862	0.02594705	0.372149	0.2320774	26.71391	2.368207
7130	0	-41.28646	-38.60714	-2.679321	0.06457839	0.6361464	0.5985339	10.73342	2.510992
7131	1	-39.13004	-37.87142	-1.258627	0.03734031	0.4746296	0.212418	18.56298	3.47026
7132	0	-37.84849	-36.59354	-1.254944	0.03221944	0.431901	0.2275139	21.51332	2.808155
7133	1	-38.05759	-36.72843	-1.329155	0.02913157	0.4035835	0.2559651	23.79368	2.562115
7134	0	-40.38818	-38.65862	-1.729565	0.02512252	0.363616	0.4042704	27.59067	2.244925
7135	1	-38.30834	-37.14007	-1.168271	0.04068828	0.4999936	0.1851019	17.03555	2.79577
7136	0	-37.05623	-36.64083	-0.4153948	0.002703982	0.05113103	0.1490974	256.3431	2.945258
7137	1	-38.52559	-37.02706	-1.498527	0.0398192	0.4935919	0.2607178	17.40736	3.174156
7138	0	-37.46056	-37.22093	-0.2396265	0.0005619591	0.0109245	0.1289068	1233.448	1.971405
7139	1	-37.55543	-36.91708	-0.6383537	0.005184992	0.09499928	0.1799198	133.6834	3.191783
7140	0	-38.81298	-37.62532	-1.187663	0.01476795	0.2406547	0.2721766	46.93592	2.063853
7141	1	-37.82278	-36.81598	-1.006799	0.02961473	0.4081502	0.1841703	23.40549	2.44568
7142	0	-37.62942	-36.64349	-0.9859327	0.02750065	0.38778	0.1858347	25.20476	2.785125
7143	1	-40.34664	-39.69105	-0.6555965	0.004833237	0.08894885	0.1839609	143.4126	0.9221543
7144	0	-38.23511	-36.91364	-1.321476	0.02967668	0.408732	0.2520586	23.35663	2.285897
7145	1	-37.2414	-36.6426	-0.5988026	0.005775654	0.105037	0.1715057	120.0119	2.33016
7146	0	-38.44127	-37.45855	-0.9827253	0.01587895	0.255388	0.2182889	43.65196	3.481125
7147	1	-37.80553	-36.8921	-0.9134244	0.01001609	0.1728261	0.2212598	69.20336	2.851188
7148	0	-40.964	-38.91102	-2.052983	0.0388318	0.4861655	0.4602836	17.84999	3.432767
7149	1	-39.77698	-39.11469	-0.6622933	0.02274085	0.3380032	0.1438046	30.48026	3.641877
7150	0	-40.79062	-39.01871	-1.771913	0.03143494	0.4248985	0.3857779	22.05022	3.744215
7151	1	-37.56237	-36.89207	-0.670304	0.001052007	0.02032131	0.1969293	658.8806	2.475061
7152	0	-40.58786	-39.00058	-1.587278	0.02689769	0.3817818	0.3419691	25.76976	1.515629
7153	1	-37.99983	-37.37775	-0.6220742	0.0003147599	0.006138664	0.1896214	2202.146	3.428075
7154	0	-41.19651	-37.91829	-3.278218	0.1027173	0.7558788	0.6356364	6.748109	3.014254
7155	1	-39.40472	-37.89169	-1.513032	0.02500702	0.3624073	0.3260927	27.71811	3.289193
7156	0	-38.68158	-38.78766	0.1060758	0.004114069	0.0764071	0.08676557	168.4822	2.739574
7157	1	-37.26731	-36.69597	-0.5713355	0.0005093134	0.009907851	0.1797456	1360.944	2.591255
7158	0	-38.38268	-37.11352	-1.269164	0.02587343	0.371394	0.252415	26.78992	2.148749
7159	1	-38.20027	-37.36382	-0.8364439	0.005195698	0.09518257	0.2193021	133.4079	3.278981
7160	0	-39.14946	-37.69158	-1.457881	0.02257246	0.3361362	0.3193929	30.70765	2.295448
7161	1	-40.30084	-37.66737	-2.633468	0.08018615	0.6953593	0.4585882	8.644226	2.401085
7162	0	-37.18401	-36.64202	-0.5419904	0.0007177123	0.01392412	0.1740345	965.7731	2.698031
7163	1	-42.55788	-39.96995	-2.587927	0.06918107	0.6555008	0.5118699	10.01932	1.628487
7164	0	-38.08619	-37.56673	-0.5194575	0.0006584069	0.01278341	0.1702994	1052.764	3.60664
7165	1	-39.44782	-37.75254	-1.695284	0.034674	0.4530081	0.3413393	19.9904	3.307865
7166	0	-37.82798	-37.72183	-0.106149	0.00346216	0.06483582	0.1082717	200.2066	3.13921
7167	1	-38.33545	-37.74223	-0.5932193	0.01019462	0.1755234	0.16023	67.99144	3.590943
7168	0	-38.84661	-38.38884	-0.4577682	0.02138294	0.32273	0.1194756	32.41589	2.281993
7169	1	-38.45647	-36.97721	-1.479262	0.03078669	0.4190151	0.2905478	22.51451	2.858241
7170	0	-38.84179	-37.88334	-0.958448	0.005143418	0.09428702	0.2479415	134.7639	1.863612
7171	1	-37.76179	-36.68444	-1.077354	0.02880659	0.4004827	0.1999028	24.0621	2.940171
7172	0	-38.08032	-36.7537	-1.326622	0.02819522	0.3945846	0.2587171	24.58386	2.586287
7173	1	-41.56181	-39.28483	-2.276981	0.04138257	0.5050193	0.5554667	16.74974	2.839991
7174	0	-38.39396	-37.03162	-1.362342	0.04288923	0.5156619	0.2178674	16.16133	3.048303
7175	1	-43.93573	-40.47627	-3.459462	0.1324058	0.8082441	0.5009404	5.23502	3.61768
7176	0	-37.83619	-37.00929	-0.8269079	0.008560331	0.1503722	0.207138	80.972	2.137242
7177	1	-39.21228	-37.22089	-1.991383	0.05385822	0.5834414	0.3500158	12.86985	2.373245
7178	0	-38.22973	-36.77812	-1.451619	0.04179751	0.5079859	0.2419146	16.58346	2.966359
7179	1	-38.05114	-36.65673	-1.394411	0.03677396	0.4701462	0.2452653	18.84886	2.554133
7180	0	-40.40576	-40.38575	-0.02001428	0.003574227	0.06683886	0.09917896	193.9293	3.822304
7181	1	-39.88344	-37.6664	-2.217041	0.06362689	0.6319198	0.3820852	10.89393	3.321441
7182	0	-37.46242	-37.01473	-0.4476884	0.0001143088	0.002235162	0.1597284	6063.813	3.288827
7183	1	-41.93553	-39.37235	-2.563183	0.05987853	0.6144575	0.5694865	11.57589	3.607654
7184	0	-37.08908	-36.99421	-0.09487823	0.0001623046	0.003171673	0.1121668	4270.656	2.599672
7185	1	-38.24738	-37.15604	-1.091342	0.03577744	0.4621158	0.1837081	19.37386	3.028512
7186	0	-40.6489	-40.64701	-0.001895268	5.043271e-05	0.0009869695	0.102369	13744	1.211841
7187	1	-37.06208	-36.52922	-0.5328618	0.008411092	0.1480232	0.1546938	82.4087	2.60074
7188	0	-38.78509	-37.95886	-0.8262344	0.0001287361	0.002516795	0.2331815	5384.25	1.78455
7189	1	-38.53112	-38.31733	-0.2137864	0.002641796	0.049995	0.1219815	262.3772	3.639218
7190	0	-38.00226	-37.09969	-0.9025694	0.02520176	0.3644434	0.1766144	27.50392	3.176463
7191	1	-39.26868	-38.19726	-1.071418	0.004554088	0.08410824	0.2799156	152.2033	3.231478
7192	0	-38.18532	-37.14401	-1.041314	0.03211577	0.4309829	0.1840202	21.58277	3.117531
7193	1	-39.11346	-37.9776	-1.135852	0.02428197	0.354743	0.2259343	28.54575	3.671188
7194	0	-38.1033	-37.09642	-1.006883	0.03463846	0.4527109	0.1715678	20.01091	2.628678
7195	1	-37.703	-36.95757	-0.7454319	0.02139468	0.3228642	0.1592715	32.39811	3.012211
7196	0	-37.89813	-36.90475	-0.9933808	0.02903325	0.4026479	0.1832142	23.87426	2.359332
7197	1	-37.64579	-37.41854	-0.2272478	0.007560615	0.1344654	0.1153357	91.67867	2.318086
7198	0	-37.53279	-36.54271	-0.9900829	0.02284056	0.339105	0.1993051	30.34721	2.556733
7199	1	-37.41115	-36.7687	-0.6424431	0.008574256	0.150591	0.1722116	80.8405	2.187219
7200	0	-38.62629	-37.21881	-1.407474	0.02415801	0.3534192	0.296966	28.69223	2.721293
7201	1	-38.85398	-37.65946	-1.194514	0.03853467	0.4838982	0.1958936	17.98762	2.125745
7202	0	-40.84641	-38.63344	-2.212965	0.05703943	0.6003125	0.4176411	12.15207	1.865252
7203	1	-38.88831	-37.87239	-1.015919	0.003271772	0.06141959	0.2696441	211.8568	2.54417
7204	0	-38.55422	-37.73144	-0.8227782	0.02014668	0.3083821	0.17514	34.40503	3.516959
7205	1	-42.23406	-39.02634	-3.207728	0.09371382	0.7344871	0.6727139	7.396424	2.160968
7206	0	-38.36067	-36.90362	-1.457053	0.03862358	0.4845782	0.2543864	17.94622	2.326717
7207	1	-39.98278	-37.40037	-2.582415	0.09041436	0.7257899	0.3771396	7.666339	2.764056
7208	0	-38.1678	-37.69477	-0.4730211	0.002792551	0.05274591	0.1577442	248.2129	3.644975
7209	1	-43.37832	-40.36639	-3.011935	0.1075369	0.7660889	0.4549834	6.445669	1.966813
7210	0	-39.48814	-37.18746	-2.300673	0.07336325	0.6716392	0.3620341	9.448152	2.556792
7211	1	-44.96852	-40.25861	-4.709911	0.2067369	0.8765354	0.6121204	3.352798	3.059166
7212	0	-41.5169	-38.04545	-3.471448	0.1096708	0.7703636	0.6989857	6.320252	2.792894
7213	1	-39.67955	-37.2177	-2.461842	0.07345392	0.6719749	0.4248036	9.43649	2.912381
7214	0	-37.52504	-37.00609	-0.5189564	0.005169941	0.09474151	0.1597047	134.0725	1.998271
7215	1	-37.34199	-36.58745	-0.7545422	0.01531299	0.2479333	0.175148	45.26532	2.423507
7216	0	-37.61874	-36.67475	-0.9439903	0.01421625	0.2331863	0.2149857	48.75738	2.666013
7217	1	-37.59634	-36.59608	-1.000266	0.02652155	0.3779963	0.1911429	26.13525	2.575583
7218	0	-37.77313	-36.64913	-1.124	0.02961604	0.4081625	0.2070671	23.40445	2.472884
7219	1	-39.90543	-40.01655	0.1111203	0.008030718	0.1419957	0.08168239	86.31198	2.930567
7220	0	-38.11833	-36.67374	-1.444597	0.03550141	0.459859	0.2625659	19.5245	2.739277
7221	1	-39.91805	-38.72325	-1.194805	0.003948073	0.07347913	0.3193971	175.5659	2.97494
7222	0	-38.04892	-37.19268	-0.8562468	0.00431397	0.07991654	0.2264918	160.675	2.892895
7223	1	-37.89721	-36.6356	-1.26161	0.02979894	0.4098778	0.2370022	23.2608	2.536127
7224	0	-38.57827	-36.88207	-1.696199	0.04448031	0.5265224	0.2974565	15.58323	2.975334
7225	1	-37.78667	-37.30481	-0.4818559	0.01090544	0.1861429	0.1419119	63.55977	3.27184
7226	0	-37.68382	-36.71174	-0.9720751	0.01461267	0.2385631	0.2198744	47.43466	2.71822
7227	1	-38.32771	-37.57648	-0.7512275	0.02142839	0.3232493	0.160121	32.34715	2.000962
7228	0	-37.58332	-36.53148	-1.051839	0.0254622	0.3671517	0.2042939	27.22259	2.679215
7229	1	-39.43367	-38.51203	-0.9216384	0.01235219	0.2071798	0.2158431	56.11534	1.373286
7230	0	-41.2574	-38.41067	-2.846727	0.07582954	0.6805669	0.6036257	9.14086	2.410923
7231	1	-37.73461	-37.25708	-0.4775282	0.01041545	0.1788429	0.1422804	66.5499	3.260344
7232	0	-39.26615	-37.11701	-2.149136	0.06740997	0.6482607	0.3384236	10.28256	3.030196
7233	1	-43.86106	-39.39174	-4.469316	0.16125	0.8419455	0.9149645	4.298586	2.341181
7234	0	-45.69744	-41.77941	-3.918031	0.1297584	0.8044521	0.8225871	5.341829	1.710956
7235	1	-38.70839	-37.21677	-1.491618	0.03607193	0.4645079	0.272998	19.21569	2.144639
7236	0	-39.77176	-37.37575	-2.396011	0.06535272	0.6395272	0.4459621	10.60625	2.82179
7237	1	-42.76517	-39.41697	-3.348197	0.08977923	0.7240576	0.8184148	7.720574	2.375236
7238	0	-38.12699	-37.69994	-0.4270586	0.007138391	0.1276248	0.1416873	97.10132	3.512587
7239	1	-36.93471	-36.58745	-0.3472526	0.002105292	0.04011758	0.1404588	329.2404	2.785698
7240	0	-37.53538	-37.46588	-0.06949391	0.002238803	0.04258846	0.1061942	309.6062	2.328191
7241	1	-37.80747	-36.58736	-1.220104	0.02871704	0.3996241	0.230868	24.13714	2.620999
7242	0	-39.91236	-40.11339	0.2010274	0.004177228	0.07751787	0.07883571	165.9347	2.20687
7243	1	-40.6445	-37.63005	-3.014446	0.09535383	0.7386294	0.5417862	7.269212	3.016753
7244	0	-37.46401	-37.27516	-0.1888505	0.004411964	0.08163034	0.1160392	157.1063	2.264661
7245	1	-40.11495	-37.4847	-2.630252	0.09192658	0.7298378	0.3872577	7.540226	2.662187
7246	0	-39.68604	-38.37691	-1.309129	0.01016681	0.175104	0.3279672	68.17744	2.771676
7247	1	-37.55785	-36.79764	-0.7602098	0.02208114	0.3306455	0.1600828	31.39092	2.825718
7248	0	-39.45848	-37.65651	-1.801967	0.03528517	0.4580811	0.3765033	19.64415	2.718378
7249	1	-37.27615	-36.69241	-0.5837333	0.01368697	0.2259245	0.1510773	50.64285	2.47251
7250	0	-41.73028	-38.06498	-3.665302	0.1210146	0.7908578	0.7228782	5.727797	2.980595
7251	1	-41.08659	-39.65407	-1.432521	0.01239581	0.2078024	0.3595373	55.91786	1.446318
7252	0	-38.29294	-37.18382	-1.109121	0.03173763	0.4276155	0.1979856	21.83992	3.228281
7253	1	-39.67593	-38.03374	-1.642192	0.044212	0.5247175	0.2828878	15.67781	3.576783
7254	0	-41.03687	-37.94805	-3.088814	0.1013704	0.7528795	0.5360615	6.837769	2.454143
7255	1	-39.91636	-37.47696	-2.439395	0.06714499	0.6471556	0.4540925	10.32314	2.562234
7256	0	-38.72819	-37.03772	-1.690473	0.05689704	0.599581	0.248177	12.18248	2.664042
7257	1	-40.4392	-37.91071	-2.52849	0.06507458	0.6383188	0.5111395	10.65158	2.537836
7258	0	-43.74358	-39.77354	-3.97004	0.1611394	0.8418382	0.5562249	4.301537	2.480535
7259	1	-38.1366	-36.74189	-1.394716	0.03371082	0.4448676	0.256189	20.56156	2.937373
7260	0	-41.61985	-38.69967	-2.920188	0.1064057	0.7637633	0.4217841	6.514193	2.33155
7261	1	-38.54948	-37.7129	-0.8365761	0.002807035	0.05300963	0.2268582	246.9322	1.8418
7262	0	-39.19152	-38.13343	-1.058085	0.03678279	0.4702166	0.1751933	18.84433	2.069719
7263	1	-38.30692	-37.16209	-1.144828	0.03819407	0.4812805	0.1872973	18.14803	2.998339
7264	0	-38.00372	-36.89875	-1.104973	0.01652872	0.2638192	0.2444201	41.93594	2.625792
7265	1	-39.37231	-38.18885	-1.183461	0.03054069	0.4167591	0.2169012	22.69586	1.723155
7266	0	-38.90398	-36.95714	-1.94684	0.06303121	0.6292324	0.2940814	10.99689	2.689911
7267	1	-40.65815	-39.05113	-1.607021	0.04172411	0.5074631	0.2828802	16.61263	1.558819
7268	0	-37.36626	-36.82269	-0.5435664	0.01059377	0.18151	0.1516112	65.4297	2.238499
7269	1	-38.17319	-37.31254	-0.8606437	0.02974042	0.4093298	0.1588451	23.30657	2.39771
7270	0	-40.87447	-37.71033	-3.164149	0.1007746	0.7515314	0.5828906	6.878193	2.709958
7271	1	-37.52979	-36.62022	-0.9095758	0.01460677	0.2384835	0.2065703	47.45382	2.539923
7272	0	-42.32459	-38.47424	-3.850343	0.1293598	0.8038688	0.7730914	5.35829	2.530192
7273	1	-37.51289	-36.68648	-0.8264175	0.02103541	0.31874	0.1735856	32.95144	2.424798
7274	0	-37.85175	-36.83937	-1.012387	0.03184567	0.4285806	0.1794567	21.76582	2.612523
7275	1	-38.64214	-37.27909	-1.363048	0.03322913	0.4407283	0.2498978	20.85962	3.338865
7276	0	-40.13372	-37.86266	-2.271055	0.08579947	0.7127494	0.2948439	8.078688	2.845732
7277	1	-41.97166	-39.33644	-2.635213	0.07681214	0.6840093	0.4818149	9.023927	1.832577
7278	0	-38.8724	-37.02737	-1.845024	0.04633129	0.5386884	0.3362804	14.96067	2.554634
7279	1	-37.12611	-36.73584	-0.3902726	0.002757368	0.05210486	0.1452888	251.38	3.034653
7280	0	-38.93455	-37.00665	-1.927893	0.05262756	0.5766067	0.3342444	13.1708	2.990776
7281	1	-38.10503	-37.42429	-0.6807359	0.001706981	0.032695	0.1971617	406.0662	1.828904
7282	0	-38.28925	-36.93384	-1.355405	0.02626297	0.3753743	0.27364	26.39257	2.834131
7283	1	-38.18765	-37.37738	-0.8102792	0.01220905	0.2051322	0.1934878	56.77325	3.476817
7284	0	-40.53523	-39.86166	-0.6735675	0.02027905	0.309939	0.1505816	34.18045	3.924213
7285	1	-38.57399	-36.82411	-1.749879	0.04563161	0.5341474	0.3087971	15.19006	2.765259
7286	0	-37.73491	-36.83591	-0.8990014	0.01619175	0.2594637	0.1998719	42.80867	3.136798
7287	1	-38.27224	-37.40274	-0.8695085	0.03171586	0.4274207	0.1558492	21.85491	2.900247
7288	0	-37.74688	-37.12476	-0.6221186	0.01588125	0.2554181	0.1521977	43.64563	2.148848
7289	1	-38.39424	-37.26225	-1.131988	0.02944757	0.4065762	0.2092251	23.53835	3.329263
7290	0	-37.36491	-37.0083	-0.356612	0.003088155	0.05810889	0.1398247	224.4535	2.055485
7291	1	-37.05338	-36.51107	-0.5423161	0.006988166	0.1251732	0.1593339	99.18871	2.699811
7292	0	-39.73687	-39.15285	-0.5840246	0.005391663	0.09852876	0.169909	128.5591	4.152473
7293	1	-38.22088	-37.76538	-0.455495	0.01886295	0.2930197	0.1235242	36.74648	2.93699
7294	0	-39.12783	-38.3736	-0.7542348	0.02977844	0.4096859	0.1427341	23.27681	2.146473
7295	1	-40.2262	-38.37916	-1.847039	0.04765444	0.5470891	0.3307191	14.54528	1.804386
7296	0	-38.20364	-37.11589	-1.087748	0.03722442	0.4737169	0.1793455	18.62076	2.86366
7297	1	-38.7675	-37.61755	-1.149941	0.02270491	0.3376053	0.234302	30.52852	1.822647
7298	0	-39.33585	-37.45583	-1.880023	0.04086059	0.5012482	0.3762387	16.96371	2.621308
7299	1	-41.46561	-38.8253	-2.640306	0.0606421	0.6181233	0.6085454	11.43013	2.988993
7300	0	-38.33849	-38.00518	-0.3333143	0.01535834	0.2485346	0.1148656	45.13164	2.329007
7301	1	-37.32653	-36.83084	-0.4956894	0.0127198	0.2124048	0.1402476	54.49354	2.839983
7302	0	-41.1854	-39.58932	-1.596077	0.01304251	0.2169522	0.4195737	53.14522	2.373465
7303	1	-39.68981	-39.06739	-0.6224181	0.0129769	0.2160306	0.1586193	53.41392	3.947814
7304	0	-41.1469	-38.85761	-2.28929	0.04818993	0.550421	0.5107888	14.38365	2.132011
7305	1	-40.03879	-37.95146	-2.087333	0.05704868	0.60036	0.3682859	12.1501	3.462237
7306	0	-46.52718	-44.38445	-2.142729	0.04320654	0.5178584	0.4733293	16.04264	5.111879
7307	1	-41.19439	-38.83173	-2.362659	0.04826927	0.5509114	0.5490583	14.36001	2.829491
7308	0	-37.04655	-36.74903	-0.2975229	0.004736267	0.08727126	0.1287689	146.3489	2.694487
7309	1	-37.80063	-37.16166	-0.6389778	0.02188123	0.3283928	0.1422069	31.6777	2.811482
7310	0	-40.99649	-39.44509	-1.551397	0.03643723	0.467453	0.2883236	19.02305	4.037189
7311	1	-40.80463	-38.7747	-2.029926	0.04731405	0.544951	0.3990013	14.64992	1.753632
7312	0	-37.90176	-37.07664	-0.8251179	0.02404121	0.3521684	0.1661533	28.83162	2.257065
7313	1	-39.58036	-38.78948	-0.7908779	0.03573544	0.4617733	0.1361119	19.39663	2.362858
7314	0	-39.98918	-38.27352	-1.715653	0.03443752	0.4510261	0.3495291	20.12767	3.564329
7315	1	-39.07492	-37.99943	-1.075488	0.007320041	0.1305768	0.2702874	94.69171	1.957257
7316	0	-38.10377	-37.49973	-0.6040439	0.02352126	0.3465573	0.13418	29.46897	2.750641
7317	1	-42.02284	-39.86443	-2.158407	0.0770761	0.6849232	0.2979797	8.993024	3.658109
7318	0	-40.21534	-39.42521	-0.7901329	0.008078411	0.1427547	0.2010227	85.80242	4.263324
7319	1	-38.86738	-37.25666	-1.610724	0.03193913	0.4294136	0.3260172	21.70213	2.769493
7320	0	-37.03085	-36.54921	-0.4816323	0.002221012	0.0422597	0.1603982	312.0862	2.757775
7321	1	-40.82221	-37.98523	-2.836982	0.08915625	0.7223396	0.4951965	7.774522	3.306739
7322	0	-37.69337	-37.47316	-0.2202147	0.008068995	0.1426049	0.1137079	85.90254	2.931356
7323	1	-40.58894	-38.25475	-2.334185	0.0639527	0.6333761	0.4275989	10.83844	3.500729
7324	0	-39.02795	-37.69083	-1.337124	0.0173781	0.2746389	0.3046125	39.88624	2.360839
7325	1	-38.56782	-37.64832	-0.9195009	0.02896294	0.4019774	0.1703354	23.93221	2.076101
7326	0	-39.31087	-38.3105	-1.000367	0.00453892	0.08384421	0.2607731	152.7119	1.68397
7327	1	-37.69375	-37.17689	-0.5168594	0.01259036	0.2105704	0.1435105	55.05382	2.124095
7328	0	-36.96781	-36.75139	-0.2164233	0.001313899	0.02529424	0.1246194	527.5497	2.749023
7329	1	-39.97495	-39.256	-0.718954	0.02151777	0.324269	0.1548402	32.21277	3.79895
7330	0	-37.96129	-36.87125	-1.090045	0.02959109	0.407928	0.2002247	23.42419	3.089667
7331	1	-41.71834	-39.5583	-2.160044	0.03815237	0.4809586	0.5172372	18.16787	3.472266
7332	0	-38.24255	-37.02809	-1.214466	0.02546457	0.3671762	0.2403635	27.22006	2.163286
7333	1	-37.68155	-37.11137	-0.570181	0.01918573	0.2969277	0.1379047	36.12827	2.737357
7334	0	-41.33315	-39.93699	-1.396154	0.04266231	0.5140817	0.2260835	16.2473	3.930868
7335	1	-43.58791	-40.64346	-2.94445	0.06009286	0.6154922	0.8312869	11.5346	2.638545
7336	0	-40.12611	-40.25086	0.1247497	0.008651759	0.1518069	0.07987287	80.11633	2.850547
7337	1	-40.69034	-38.26659	-2.423751	0.05687915	0.599489	0.5168087	12.18631	2.444877
7338	0	-38.27381	-37.37493	-0.8988851	0.007165001	0.1280581	0.2270279	96.7407	2.019184
7339	1	-38.12582	-37.47051	-0.6553141	0.01248192	0.2090292	0.1650742	55.5321	3.472724
7340	0	-38.36744	-36.71074	-1.656707	0.04625235	0.5381796	0.2788693	14.9862	2.730777
7341	1	-39.0028	-37.14562	-1.857181	0.05152667	0.57034	0.3163068	13.4522	3.153021
7342	0	-40.04531	-38.84293	-1.20238	0.01501867	0.2440151	0.2752354	46.15238	1.373854
7343	1	-37.5004	-36.58985	-0.9105503	0.02289874	0.3397468	0.1839166	30.2701	2.827436
7344	0	-38.18942	-36.79722	-1.392193	0.03272432	0.4363407	0.2591295	21.18141	2.420991
7345	1	-38.24638	-37.19933	-1.047051	0.02930742	0.4052516	0.1925688	23.65091	3.247554
7346	0	-37.53086	-36.70238	-0.828473	0.02203143	0.3300864	0.1715126	31.46174	2.457975
7347	1	-42.356	-38.24171	-4.114293	0.1571614	0.8378846	0.6796782	4.410417	2.912649
7348	0	-39.45337	-38.37748	-1.075888	0.01781669	0.2801378	0.2331331	38.90438	1.483213
7349	1	-41.48141	-39.78038	-1.701031	0.01650548	0.26352	0.4437559	41.99497	3.180824
7350	0	-38.30649	-36.91716	-1.389321	0.02856391	0.3981517	0.2740269	24.26653	2.468503
7351	1	-40.90324	-38.55176	-2.351478	0.07883743	0.6909076	0.3525578	8.792108	2.110984
7352	0	-42.45345	-39.3939	-3.059552	0.08661287	0.7151261	0.6412716	8.00282	3.64797
7353	1	-38.41064	-37.58344	-0.8271994	0.03076827	0.4188467	0.1514061	22.52799	2.405557
7354	0	-39.94967	-37.49169	-2.457979	0.07486465	0.6771238	0.4148163	9.258672	2.409701
7355	1	-37.57057	-36.69525	-0.8753255	0.01392898	0.2292568	0.2015354	49.76296	2.964088
7356	0	-38.37389	-37.22838	-1.14551	0.0158633	0.2551833	0.2569354	43.69502	2.255094
7357	1	-40.09359	-40.05454	-0.03905328	0.009983673	0.172335	0.09233511	69.42807	3.356277
7358	0	-37.75778	-36.56103	-1.196753	0.02934453	0.4056028	0.223549	23.621	2.719027
7359	1	-37.21282	-36.643	-0.569817	0.0123527	0.2071871	0.1518242	56.11302	2.489135
7360	0	-37.65198	-37.16201	-0.4899659	0.00518944	0.09507543	0.1550986	133.5688	3.360385
7361	1	-38.12071	-37.50234	-0.6183693	0.01254373	0.2099082	0.158948	55.25847	1.851936
7362	0	-38.44801	-37.21828	-1.229723	0.01871353	0.2912001	0.2684798	37.03989	3.017022
7363	1	-39.52113	-37.93793	-1.583207	0.02598471	0.3725348	0.3450006	26.67519	2.198364
7364	0	-37.75121	-36.811	-0.9402141	0.02348316	0.3461435	0.1878963	29.51677	2.279068
7365	1	-37.75394	-36.71199	-1.041957	0.01765354	0.2780992	0.2258752	39.26393	2.531598
7366	0	-38.04112	-36.70501	-1.336117	0.03539813	0.4590109	0.2359173	19.58146	2.953637
7367	1	-39.29351	-37.52355	-1.76996	0.03582535	0.4625061	0.3618717	19.34795	2.516443
7368	0	-37.45575	-36.53709	-0.9186647	0.02225926	0.3326436	0.1870975	31.13973	2.62152
7369	1	-42.39281	-39.00391	-3.388903	0.09723126	0.7432316	0.7672459	7.128851	3.315266
7370	0	-38.45076	-37.25018	-1.200586	0.01581649	0.2545705	0.271663	43.82432	2.601303
7371	1	-41.10492	-38.38725	-2.717673	0.08880396	0.7213597	0.441696	7.805364	3.453398
7372	0	-37.01728	-36.60754	-0.409745	0.002099283	0.04000617	0.1495292	330.1828	2.899632
7373	1	-40.05848	-37.79079	-2.267682	0.07517679	0.6782445	0.3414257	9.220228	2.299709
7374	0	-37.00708	-36.55192	-0.4551632	0.00550129	0.1003934	0.1491352	125.9972	2.517126
7375	1	-40.21203	-38.36292	-1.849111	0.04869065	0.5535019	0.3265896	14.23573	1.81723
7376	0	-38.74907	-37.74164	-1.007435	0.008925686	0.1560855	0.2468426	77.65758	3.42378
7377	1	-37.14489	-36.52696	-0.6179277	0.006910615	0.1239039	0.1720369	100.3018	2.70403
7378	0	-38.96731	-37.01557	-1.951744	0.05330724	0.5804033	0.3390416	13.00287	2.981814
7379	1	-37.25689	-36.73899	-0.5178938	0.01283496	0.2140317	0.1431635	54.00462	2.566747
7380	0	-39.01127	-37.35418	-1.657087	0.03674243	0.4698949	0.3190863	18.86503	3.188471
7381	1	-43.45175	-39.88013	-3.571626	0.1002496	0.7503324	0.8826181	6.914212	2.169956
7382	0	-37.69021	-36.70544	-0.984775	0.0285603	0.3981168	0.1828619	24.26961	2.571311
7383	1	-40.64259	-37.55741	-3.085183	0.1067134	0.7644	0.4952894	6.495412	2.916965
7384	0	-38.16922	-37.30702	-0.8621965	0.002746073	0.05189893	0.232946	252.414	2.629743
7385	1	-40.555	-38.12382	-2.431181	0.06283615	0.6283454	0.4786425	11.03103	3.315861
7386	0	-40.57532	-38.06111	-2.514211	0.06172461	0.6232235	0.5283111	11.22967	2.739959
7387	1	-42.0284	-38.20981	-3.818588	0.1456496	0.8252833	0.5949818	4.759006	2.983833
7388	0	-38.80892	-38.54929	-0.2596348	0.01670611	0.2660976	0.1046943	41.49064	2.569363
7389	1	-38.20537	-37.44044	-0.7649221	0.02240134	0.3342312	0.1601131	30.94222	3.27173
7390	0	-39.35496	-38.07852	-1.276438	0.02394282	0.351112	0.2612874	28.9501	3.684814
7391	1	-39.1429	-37.12178	-2.021116	0.05871225	0.6087467	0.3366835	11.80584	2.427877
7392	0	-41.26885	-38.49902	-2.769825	0.08077215	0.6972592	0.5212514	8.581512	3.481277
7393	1	-41.84867	-38.66507	-3.183603	0.125563	0.7981437	0.4187569	5.520314	3.065993
7394	0	-38.81945	-37.23708	-1.58237	0.04436064	0.5257187	0.2659022	15.62527	2.192093
7395	1	-42.82808	-38.87333	-3.954751	0.1558599	0.836549	0.5902005	4.447245	2.608252
7396	0	-39.92335	-37.28912	-2.63423	0.08725546	0.7169795	0.4153217	7.943883	2.932099
7397	1	-38.02786	-36.88131	-1.146546	0.02791953	0.3918971	0.2169255	24.82661	3.143839
7398	0	-37.15619	-36.6272	-0.5289813	0.009446018	0.1641316	0.1518582	73.37983	2.421423
7399	1	-39.13169	-38.24746	-0.8842333	0.006780077	0.1217616	0.2249456	102.2329	1.469858
7400	0	-40.50598	-38.26881	-2.237164	0.04768274	0.5472662	0.4883315	14.53665	2.65519
7401	1	-38.94953	-37.26067	-1.688865	0.05653151	0.5976933	0.2490608	12.26125	2.440561
7402	0	-38.57176	-37.10024	-1.471519	0.04952052	0.5585354	0.2212713	13.99717	2.940018
7403	1	-39.94423	-38.90384	-1.040395	0.04270005	0.514345	0.158319	16.23294	2.193923
7404	0	-39.14717	-38.15472	-0.9924537	0.00766217	0.1360998	0.2475515	90.46356	1.624501
7405	1	-37.52668	-36.70824	-0.8184418	0.01981494	0.3044581	0.1752013	34.98103	2.981666
7406	0	-38.10416	-36.96419	-1.139969	0.03747445	0.4756831	0.1882937	18.49653	2.84733
7407	1	-37.72	-37.1877	-0.5323065	0.006786707	0.1218706	0.1581966	102.1331	3.37129
7408	0	-38.73457	-38.00187	-0.7326998	0.02372683	0.3487841	0.1521602	29.21365	3.386339
7409	1	-39.30257	-37.23523	-2.067346	0.06220495	0.625451	0.3356386	11.14296	2.384094
7410	0	-37.4555	-36.85078	-0.6047173	0.01768568	0.2785014	0.1458078	39.19257	2.605164
7411	1	-38.92973	-36.96154	-1.96819	0.05834969	0.6069433	0.3209672	11.87919	2.981723
7412	0	-41.28305	-38.00857	-3.27448	0.1161808	0.7825567	0.5235859	5.966108	3.171127
7413	1	-39.38593	-37.75771	-1.628218	0.028038	0.3930542	0.3505671	24.7217	2.411212
7414	0	-39.35685	-38.42796	-0.9288939	0.01201462	0.2023394	0.2184541	57.69197	1.402691
7415	1	-40.49472	-37.85085	-2.643876	0.07825114	0.6889374	0.476227	8.857982	2.32941
7416	0	-37.26536	-37.16545	-0.09990578	0.00211852	0.04036277	0.1096596	327.1846	2.661951
7417	1	-37.85614	-37.25524	-0.6009082	0.002050578	0.03910251	0.1811532	338.0253	3.406942
7418	0	-37.40016	-36.92036	-0.4798015	0.001155907	0.02229827	0.1625319	599.6563	2.042887
7419	1	-38.00585	-37.81914	-0.1867037	0.0005537269	0.01076562	0.1222763	1251.785	3.502779
7420	0	-37.25146	-36.54371	-0.7077527	0.01223635	0.2055234	0.1745659	56.64657	2.471954
7421	1	-37.43912	-36.56583	-0.8732854	0.01621946	0.2598233	0.1947213	42.73552	2.483787
7422	0	-37.91661	-36.87661	-1.039999	0.01502078	0.2440434	0.2339753	46.14588	2.45904
7423	1	-38.25795	-36.71871	-1.539242	0.03918896	0.4888708	0.2739806	17.68731	2.610759
7424	0	-40.63183	-38.29856	-2.333267	0.05145872	0.5699484	0.5096674	13.46997	2.706316
7425	1	-37.63642	-36.58437	-1.052058	0.02842548	0.396816	0.1959616	24.38471	2.670653
7426	0	-38.59519	-37.30143	-1.293764	0.02851299	0.3976608	0.2492332	24.30988	2.025638
7427	1	-40.45416	-38.49064	-1.963524	0.03448859	0.451455	0.4475269	20.09787	2.670743
7428	0	-38.95917	-37.12401	-1.835164	0.04678448	0.541593	0.3308562	14.81575	3.071127
7429	1	-37.94222	-37.58759	-0.3546306	0.0140753	0.2312618	0.1194865	49.24565	2.399747
7430	0	-40.3468	-38.19925	-2.147554	0.08393149	0.7071581	0.2675567	8.258487	2.847507
7431	1	-37.49504	-36.53977	-0.9552708	0.01879025	0.2921351	0.2038205	36.88867	2.628654
7432	0	-38.0123	-37.20614	-0.8061562	0.007778435	0.1379658	0.2051371	89.11139	1.970117
7433	1	-37.59378	-36.86172	-0.7320587	0.02209414	0.3307917	0.1556105	31.37244	2.546114
7434	0	-37.91748	-37.37336	-0.5441255	0.00654898	0.1179516	0.1606158	105.8405	3.474507
7435	1	-37.526	-37.41234	-0.1136551	0.003348914	0.0628058	0.1092621	206.9767	2.316418
7436	0	-38.85231	-38.55196	-0.3003411	0.01711966	0.2713706	0.1084087	40.48837	2.344729
7437	1	-37.69592	-37.08522	-0.6107078	0.001404569	0.02700804	0.1846142	493.4945	3.254133
7438	0	-38.53634	-37.60452	-0.9318187	0.008232697	0.1452036	0.2311171	84.19443	1.854383
7439	1	-36.93153	-36.68468	-0.246851	0.001596131	0.03061563	0.1279584	434.267	2.595032
7440	0	-40.02297	-38.19602	-1.826955	0.03648186	0.4678112	0.3795593	18.99978	3.408855
7441	1	-39.51235	-38.72225	-0.7901046	0.03711672	0.4728665	0.1333786	18.6748	2.73259
7442	0	-39.69099	-37.56578	-2.125208	0.07003316	0.6588957	0.3184021	9.897415	2.345868
7443	1	-37.94985	-37.26982	-0.6800238	0.002817718	0.05320409	0.1939542	245.9959	1.906539
7444	0	-42.03477	-39.42236	-2.612409	0.109147	0.7693277	0.2982674	6.350583	2.830655
7445	1	-38.41241	-36.93189	-1.480521	0.03102353	0.421175	0.2899422	22.34262	2.703676
7446	0	-38.30356	-37.60796	-0.6956009	0.006910838	0.1239075	0.1859317	100.2986	1.679906
7447	1	-41.26721	-38.65526	-2.611951	0.08086786	0.6975676	0.4445248	8.571355	2.039475
7448	0	-39.55191	-38.86011	-0.6918033	0.03146588	0.4251771	0.1309368	22.02853	3.139441
7449	1	-40.63993	-38.27078	-2.369145	0.08829343	0.7199288	0.3139725	7.850496	3.18704
7450	0	-38.70029	-37.61011	-1.090175	0.009694872	0.1679424	0.2652374	71.49627	3.099649
7451	1	-39.74155	-38.02525	-1.716299	0.03338822	0.4421005	0.354978	20.76023	2.020768
7452	0	-37.99467	-36.73128	-1.263389	0.03840841	0.4829302	0.2102357	18.04675	2.789802
7453	1	-37.98265	-37.39911	-0.5835387	0.001173072	0.02262435	0.1802544	590.8823	3.494526
7454	0	-38.19777	-37.10458	-1.09319	0.03499457	0.4556778	0.1860945	19.80728	2.369622
7455	1	-38.6982	-37.47994	-1.21826	0.02758994	0.388661	0.2341411	25.12319	1.918317
7456	0	-40.15505	-37.99414	-2.160907	0.04878981	0.5541081	0.4454564	14.2068	3.115479
7457	1	-39.71037	-38.66788	-1.042489	0.004612918	0.08513127	0.2717079	150.2622	3.737388
7458	0	-43.06569	-39.73865	-3.327039	0.08996666	0.7245708	0.7991621	7.70449	3.518071
7459	1	-37.57707	-37.25155	-0.3255225	0.00247886	0.04700974	0.1367162	279.6233	1.923589
7460	0	-39.3482	-37.19461	-2.153593	0.07350421	0.6721608	0.3118952	9.430033	2.899226
7461	1	-39.67079	-37.576	-2.094792	0.06293308	0.6287866	0.3414479	11.01404	3.309825
7462	0	-38.29378	-37.32477	-0.9690124	0.006942361	0.1244238	0.2442874	99.84314	2.392148
7463	1	-37.87993	-36.62491	-1.255027	0.03353298	0.4433447	0.2233497	20.67061	2.547084
7464	0	-40.11406	-37.35844	-2.755619	0.08863913	0.7208991	0.4598481	7.819878	2.952106
7465	1	-40.4891	-38.10863	-2.380466	0.05557794	0.5927007	0.5040969	12.47162	2.604581
7466	0	-38.34685	-37.37413	-0.9727194	0.01586629	0.2552224	0.2161543	43.6868	1.882427
7467	1	-38.55276	-36.83444	-1.718319	0.04465679	0.5277037	0.3033522	15.52165	2.864906
7468	0	-37.95721	-37.10572	-0.8514945	0.01137521	0.1930577	0.2040181	60.93487	2.011697
7469	1	-37.96754	-36.80586	-1.161683	0.03497401	0.4555072	0.1993453	19.81892	2.921484
7470	0	-37.72031	-36.88796	-0.8323509	0.007643497	0.1357996	0.2109834	90.68457	2.920856
7471	1	-38.11675	-36.91226	-1.204494	0.02386072	0.3502285	0.2434319	29.04972	2.280307
7472	0	-37.98665	-37.32903	-0.6576227	0.002700852	0.0510739	0.189971	256.6402	1.843833
7473	1	-39.24665	-37.5773	-1.669356	0.03647289	0.4677392	0.3242576	19.00445	2.106586
7474	0	-38.82639	-37.53262	-1.293774	0.0225074	0.3354128	0.2713024	30.79642	1.985426
7475	1	-41.19834	-39.19507	-2.003268	0.03393279	0.4467596	0.4693419	20.42706	2.003369
7476	0	-38.30033	-37.21679	-1.083543	0.01175057	0.1985244	0.255943	58.9884	2.632905
7477	1	-42.51727	-39.44615	-3.071117	0.0892878	0.7227039	0.6246748	7.763067	3.686145
7478	0	-38.44121	-36.84038	-1.600826	0.04166274	0.5070253	0.281377	16.6371	2.456507
7479	1	-40.85474	-37.93249	-2.922248	0.0965369	0.7415465	0.4858797	7.180127	3.263309
7480	0	-38.52176	-37.41912	-1.102633	0.02296704	0.340499	0.2226497	30.18009	1.90351
7481	1	-39.04906	-37.2909	-1.758167	0.04072529	0.5002635	0.3337123	17.02007	3.113925
7482	0	-37.11919	-36.58467	-0.5345134	0.009126724	0.1592068	0.153391	75.94699	2.468807
7483	1	-40.38457	-39.17587	-1.208698	0.005383735	0.09839372	0.3173638	128.7484	3.673207
7484	0	-37.84188	-36.8068	-1.035087	0.02255194	0.3359082	0.2093311	30.73559	2.246371
7485	1	-37.06638	-36.79946	-0.2669182	0.002510985	0.04759931	0.1288758	276.046	2.35034
7486	0	-39.36344	-37.67532	-1.688117	0.03889715	0.4866621	0.3192755	17.82	2.023783
7487	1	-37.04013	-36.59639	-0.4437376	0.007232789	0.1291606	0.1438783	95.83401	2.712967
7488	0	-37.36585	-36.62122	-0.744625	0.008065773	0.1425537	0.1921139	85.93685	2.62807
7489	1	-38.56709	-37.29878	-1.268306	0.01783666	0.2803868	0.282519	38.86082	2.647954
7490	0	-37.10651	-36.53806	-0.5684491	0.005231201	0.09579005	0.1676627	132.5025	2.748127
7491	1	-41.94181	-39.878	-2.063806	0.03512568	0.4567641	0.4903008	19.73334	3.755342
7492	0	-37.95094	-37.3276	-0.6233369	0.001706875	0.03269303	0.1861638	406.0913	3.42993
7493	1	-37.52587	-36.64268	-0.8831928	0.01772345	0.2789738	0.192526	39.10903	2.359516
7494	0	-38.27657	-37.5125	-0.7640728	0.000568123	0.01104344	0.217772	1220.065	3.279758
7495	1	-37.80426	-36.72199	-1.082276	0.02524597	0.3649044	0.2112517	27.45575	3.029599
7496	0	-39.96186	-39.5981	-0.363758	0.004390538	0.08125599	0.1382603	157.8729	1.157483
7497	1	-38.16286	-37.35846	-0.8044033	0.02929209	0.4051065	0.1511121	23.66329	2.860522
7498	0	-39.57319	-37.80402	-1.769169	0.04045474	0.4982855	0.3386963	17.13389	3.420049
7499	1	-37.08219	-36.54574	-0.5364423	0.008302034	0.146301	0.155488	83.49125	2.513321
7500	0	-43.04941	-39.54147	-3.507938	0.1465681	0.8263577	0.4304822	4.729181	3.008981
7501	1	-39.61207	-38.14942	-1.462649	0.01758147	0.277196	0.3443619	39.42488	2.714625
7502	0	-43.65385	-39.81182	-3.842031	0.112228	0.7753004	0.9766127	6.176242	2.306011
7503	1	-39.21916	-37.81238	-1.40678	0.02002883	0.3069917	0.3145843	34.60747	2.201569
7504	0	-38.6218	-37.03811	-1.583697	0.04745119	0.5458143	0.2548816	14.60758	2.35282
7505	1	-36.97578	-36.5662	-0.4095784	0.00334757	0.06278168	0.1468911	207.0598	2.467493
7506	0	-38.05079	-37.00258	-1.048207	0.01562954	0.2521158	0.2338838	44.34853	3.075966
7507	1	-37.60368	-37.11606	-0.4876152	0.01067919	0.1827834	0.1431884	64.90632	2.115389
7508	0	-39.94779	-39.33688	-0.610911	0.02964926	0.4084746	0.1239012	23.37823	2.168731
7509	1	-40.21428	-37.68229	-2.531994	0.07481883	0.6769587	0.4469729	9.264341	3.232725
7510	0	-37.19009	-36.65302	-0.5370668	0.001433753	0.02755881	0.1714368	483.4495	2.405792
7511	1	-41.29977	-41.05197	-0.2477965	0.0244017	0.3560177	0.09280471	28.40569	2.380934
7512	0	-38.79456	-37.9486	-0.8459633	0.0009051602	0.01751805	0.2352334	765.7729	1.793205
7513	1	-37.4711	-36.72259	-0.7485165	0.02046869	0.3121608	0.1618671	33.86378	2.824398
7514	0	-38.27303	-37.59855	-0.6744863	0.0090581	0.1581432	0.1766079	76.52236	1.704801
7515	1	-40.85086	-39.54582	-1.305036	0.03608506	0.4646142	0.2264892	19.2087	3.956893
7516	0	-40.66649	-38.63274	-2.033746	0.04126288	0.5041584	0.4362713	16.79832	1.980603
7517	1	-41.58147	-37.9839	-3.59757	0.1311452	0.8064561	0.5854625	5.28534	2.727579
7518	0	-37.51879	-36.6476	-0.8711911	0.0122207	0.2052993	0.205606	56.71909	2.576789
7519	1	-40.21898	-38.42252	-1.796457	0.02846681	0.3972152	0.4122928	24.34931	2.563953
7520	0	-38.67615	-37.37523	-1.300914	0.01856627	0.2894003	0.2888902	37.33368	2.838195
7521	1	-39.10742	-37.2826	-1.824825	0.05085023	0.5664161	0.3091763	13.63115	2.242274
7522	0	-39.47599	-38.24717	-1.228827	0.04921318	0.5566817	0.1743454	14.08459	3.026332
7523	1	-37.84709	-36.75188	-1.095205	0.02165129	0.3257881	0.2251481	32.01413	2.995921
7524	0	-38.49859	-37.0301	-1.468486	0.03918579	0.4888468	0.2552761	17.68874	3.181219
7525	1	-38.65564	-37.81096	-0.8446728	0.03416585	0.4487358	0.1468548	20.28772	2.593815
7526	0	-39.0192	-37.19777	-1.821426	0.04508182	0.5305302	0.3342862	15.37531	3.097587
7527	1	-37.35024	-36.74332	-0.6069171	0.004123485	0.07657282	0.1769859	168.0974	3.019
7528	0	-39.104	-37.28648	-1.817523	0.0514654	0.5699869	0.3042713	13.46822	3.245165
7529	1	-39.90674	-37.36999	-2.536751	0.07852997	0.6898771	0.4261671	8.826531	3.075429
7530	0	-36.97849	-36.5276	-0.450887	0.003483827	0.06522353	0.1527917	198.9614	2.538693
7531	1	-39.98299	-38.41615	-1.566846	0.0371679	0.4732709	0.2898057	18.64908	3.741749
7532	0	-37.95096	-37.95995	0.008997848	0.000118799	0.002322826	0.1011622	5834.623	2.059173
7533	1	-38.07848	-37.09502	-0.9834614	0.03276365	0.4366844	0.172094	21.15598	2.477267
7534	0	-38.8405	-37.96326	-0.8772354	0.0001225882	0.002396797	0.2454038	5654.273	1.950566
7535	1	-39.78316	-37.74159	-2.041574	0.04831537	0.551196	0.3980064	14.34631	3.222162
7536	0	-41.69589	-40.71436	-0.9815383	2.384913e-05	0.00046689	0.2727629	29063.84	0.5758843
7537	1	-38.38862	-36.7379	-1.650728	0.04532569	0.53214	0.2808595	15.29259	2.845337
7538	0	-37.09822	-36.84457	-0.2536471	3.14398e-05	0.0006154302	0.1317102	22046.81	3.057252
7539	1	-38.28662	-37.01329	-1.273324	0.02155665	0.3247119	0.2694045	32.15467	2.766674
7540	0	-39.42578	-39.67736	0.251582	1.730469e-05	0.0003387997	0.07948553	40055.45	2.100417
7541	1	-40.07768	-38.3067	-1.770982	0.03058578	0.4171736	0.3900701	22.6624	3.236386
7542	0	-38.06322	-37.30148	-0.7617427	4.598767e-05	0.0009000321	0.2188736	15072.46	2.307942
7543	1	-39.08631	-37.15226	-1.934053	0.06151462	0.6222429	0.2966324	11.26801	2.44872
7544	0	-37.28542	-36.81658	-0.468841	0.0003364207	0.006559257	0.162632	2060.358	2.137682
7545	1	-39.6048	-37.22885	-2.375955	0.06890601	0.6543928	0.4157085	10.05931	2.953041
7546	0	-37.86658	-37.41259	-0.4539869	0.01746495	0.2757325	0.1257979	39.68789	2.638675
7547	1	-39.08136	-37.43349	-1.647865	0.04038573	0.4977791	0.3002978	17.16317	3.337176
7548	0	-37.16519	-36.73507	-0.4301119	0.005551757	0.10125	0.1453419	124.8519	3.005117
7549	1	-38.43623	-36.78085	-1.655376	0.04414041	0.5242341	0.2869323	15.70323	2.562563
7550	0	-38.31083	-37.18703	-1.1238	0.01383001	0.2278965	0.2587435	50.11906	2.503751
7551	1	-38.67266	-37.23068	-1.441984	0.02538342	0.3663342	0.3021178	27.30709	2.721151
7552	0	-36.89562	-36.65032	-0.2453069	0.0002350706	0.004589272	0.1302411	2948.677	2.757846
7553	1	-39.80324	-37.6555	-2.147736	0.06311356	0.6296059	0.359096	10.98254	3.337295
7554	0	-37.28588	-36.73481	-0.551066	0.0004903628	0.009541552	0.176186	1413.539	2.904358
7555	1	-38.66322	-37.31982	-1.343401	0.04651481	0.5398681	0.2031064	14.90164	2.448631
7556	0	-39.28647	-38.36684	-0.9196308	0.002542226	0.0481722	0.2474282	272.6537	3.696138
7557	1	-38.19023	-36.69834	-1.491884	0.03835839	0.4825459	0.2643917	18.07029	2.574628
7558	0	-38.37679	-37.54589	-0.8309002	0.03203498	0.4302659	0.1492724	21.6372	2.778981
7559	1	-37.73468	-36.74626	-0.9884259	0.02608631	0.3735738	0.1900581	26.5713	2.99913
7560	0	-39.45871	-37.31744	-2.14127	0.0729543	0.6701179	0.3104779	9.501115	2.553006
7561	1	-39.26389	-38.63216	-0.6317299	0.02430271	0.354964	0.1364324	28.5214	1.973043
7562	0	-38.24265	-37.07651	-1.166135	0.03918948	0.4888747	0.1886593	17.68707	2.903767
7563	1	-37.51693	-36.69181	-0.8251175	0.01960929	0.3020095	0.1768879	35.3479	2.362305
7564	0	-41.04768	-38.94151	-2.106178	0.03739209	0.4750367	0.4954047	18.53727	3.006762
7565	1	-41.78041	-39.28714	-2.49327	0.06810341	0.6511254	0.4727832	10.17786	3.781934
7566	0	-40.68916	-37.76069	-2.928473	0.08757247	0.717886	0.5549167	7.915126	2.592876
7567	1	-41.59464	-37.9629	-3.631747	0.122111	0.7926587	0.6882821	5.676371	2.764574
7568	0	-40.50006	-39.84129	-0.6587763	0.03580293	0.4623235	0.1191547	19.36007	2.97443
7569	1	-42.4097	-39.42526	-2.984444	0.07501193	0.6776534	0.7007985	9.240493	3.424552
7570	0	-37.54252	-36.52815	-1.01437	0.02225041	0.3325445	0.2059144	31.15211	2.659887
7571	1	-41.6368	-38.09583	-3.540969	0.133927	0.8103605	0.5319268	5.175558	2.816786
7572	0	-41.91673	-39.14877	-2.767969	0.09055415	0.7261685	0.453137	7.654505	3.639083
7573	1	-39.47824	-37.26473	-2.213513	0.07641354	0.6826205	0.3178216	9.070999	2.680968
7574	0	-40.66617	-38.97671	-1.689461	0.02153298	0.3244423	0.4085791	32.19002	3.187079
7575	1	-42.33356	-38.65682	-3.676743	0.1434571	0.8226662	0.5325396	4.83174	2.641017
7576	0	-40.90963	-39.32359	-1.586043	0.01726115	0.2731625	0.3913536	40.15649	3.513492
7577	1	-42.31793	-38.71571	-3.602219	0.1103238	0.7716432	0.7893238	6.282841	2.479487
7578	0	-42.26154	-38.3772	-3.884348	0.1508742	0.8312293	0.5902155	4.594206	3.009172
7579	1	-39.70391	-37.98345	-1.720458	0.03407006	0.4479248	0.3530406	20.34476	2.026424
7580	0	-41.18314	-38.17283	-3.010307	0.1104888	0.7719645	0.435691	6.273458	2.528549
7581	1	-38.56876	-37.0266	-1.542156	0.03268249	0.4359749	0.3012322	21.20852	2.53222
7582	0	-37.86544	-37.20448	-0.6609659	0.008710312	0.152724	0.1750943	79.57777	3.398525
7583	1	-38.7452	-37.12315	-1.622053	0.04618393	0.5377378	0.2696314	15.00841	2.269629
7584	0	-39.60335	-38.37053	-1.232828	0.01196976	0.2016929	0.2962321	57.90822	3.523762
7585	1	-37.40907	-36.58668	-0.8223949	0.01462168	0.2386846	0.1892841	47.40544	2.427918
7586	0	-42.17146	-40.48494	-1.686527	0.01758298	0.2772149	0.4307596	39.42149	1.325836
7587	1	-38.28935	-36.93126	-1.35809	0.04110678	0.5030322	0.2224747	16.86212	3.039664
7588	0	-38.82052	-38.47916	-0.3413643	0.006842877	0.1227931	0.1305952	101.2947	1.592136
7589	1	-38.48022	-37.16121	-1.319006	0.02991315	0.4109451	0.2505984	23.17199	2.110519
7590	0	-37.2883	-36.52774	-0.7605555	0.01168759	0.1976108	0.1854633	59.30623	2.617822
7591	1	-38.71497	-38.22177	-0.4932018	0.01944464	0.3000403	0.1272211	35.6472	2.094439
7592	0	-38.11838	-37.57251	-0.5458694	0.01232463	0.2067862	0.1482903	56.24079	1.88631
7593	1	-37.21975	-36.79389	-0.4258575	0.009131492	0.1592806	0.1375884	75.90733	2.876972
7594	0	-41.05047	-38.64731	-2.403166	0.07816954	0.6886615	0.3747793	8.867228	3.551727
7595	1	-37.70853	-36.70187	-1.006661	0.02443807	0.3564043	0.1981151	28.36342	2.355001
7596	0	-40.88341	-37.92315	-2.960262	0.09677899	0.7421363	0.5029822	7.162166	3.253388
7597	1	-41.7456	-38.01769	-3.72791	0.1291133	0.8035065	0.6863899	5.368518	3.046091
7598	0	-39.0157	-37.54718	-1.46852	0.03145861	0.4251117	0.2847281	22.03362	3.403911
7599	1	-39.15254	-37.55618	-1.596352	0.05203185	0.5732339	0.2419538	13.32159	3.256214
7600	0	-39.93275	-38.31491	-1.61784	0.02544736	0.3669978	0.3598795	27.23847	3.340502
7601	1	-38.51628	-37.52507	-0.9912149	0.03644209	0.467492	0.1646517	19.02051	2.967702
7602	0	-38.65356	-37.31086	-1.342698	0.02106396	0.319069	0.2907746	32.90678	2.884838
7603	1	-40.29931	-38.51353	-1.785774	0.02726598	0.3854557	0.4148903	25.42168	2.746673
7604	0	-38.07692	-37.0334	-1.043517	0.03146192	0.4251415	0.1861374	22.0313	2.31258
7605	1	-42.5418	-38.46671	-4.075089	0.158389	0.839125	0.6423123	4.376234	2.740602
7606	0	-38.70253	-36.81559	-1.886947	0.05461133	0.5875374	0.311969	12.69237	2.752058
7607	1	-45.10035	-43.86234	-1.238011	0.03187292	0.4288236	0.2247915	21.74722	0.6377925
7608	0	-38.74061	-38.3068	-0.433805	0.01684934	0.2679299	0.1243613	41.13794	3.306835
7609	1	-37.8121	-37.14791	-0.664186	0.005871236	0.1066471	0.182847	118.0581	3.355902
7610	0	-39.91366	-38.00338	-1.910277	0.04196966	0.5092087	0.3817675	16.51543	2.070086
7611	1	-39.39283	-38.45718	-0.9356542	0.005023504	0.09222836	0.2427648	137.9808	3.82343
7612	0	-38.53727	-37.39489	-1.142377	0.01956268	0.3014529	0.2430906	35.43211	1.954507
7613	1	-39.85005	-38.46267	-1.387385	0.01370521	0.2261764	0.3373716	50.57544	3.156922
7614	0	-40.61426	-37.70241	-2.911853	0.1062491	0.763438	0.4192094	6.523794	2.834648
7615	1	-38.95765	-37.58574	-1.371908	0.03806619	0.4802925	0.2354698	18.209	3.4263
7616	0	-40.30964	-38.18909	-2.12055	0.04349275	0.5198264	0.4610791	15.93707	2.806854
7617	1	-38.20487	-36.78668	-1.418188	0.03854448	0.4839733	0.2449629	17.98305	3.012144
7618	0	-39.36785	-37.20592	-2.161934	0.05694047	0.5998043	0.3974183	12.17319	2.754579
7619	1	-41.20361	-41.14599	-0.05761717	0.01839272	0.2872709	0.08352963	37.68595	2.78253
7620	0	-39.96958	-38.68085	-1.28873	0.01574451	0.2536267	0.2969972	44.0247	1.537276
7621	1	-37.88429	-37.16714	-0.7171523	0.002667584	0.05046633	0.2017181	259.8408	2.059346
7622	0	-37.73424	-37.28896	-0.4452817	0.01618766	0.2594106	0.1269781	42.81947	2.63094
7623	1	-37.99059	-37.24088	-0.749703	0.003945107	0.0734267	0.2046652	175.6979	3.279104
7624	0	-37.38284	-36.64472	-0.7381181	0.007291087	0.1301072	0.1929681	95.06775	2.647366
7625	1	-38.86822	-38.61744	-0.2507831	0.01375412	0.2268511	0.1081904	50.3956	2.13858
7626	0	-37.08526	-36.62525	-0.4600117	0.008425341	0.1482479	0.1437961	82.26934	2.546314
7627	1	-40.02792	-37.53956	-2.488357	0.08550577	0.7118827	0.3679316	8.106438	3.101013
7628	0	-38.57252	-36.99383	-1.578692	0.0371364	0.473022	0.2933897	18.6649	3.03823
7629	1	-42.66928	-38.73271	-3.936564	0.1295654	0.80417	0.8402623	5.349787	3.269985
7630	0	-39.13245	-37.43495	-1.697506	0.04854279	0.5525956	0.2812342	14.2791	3.329247
7631	1	-41.82559	-39.9905	-1.835085	0.01966643	0.302691	0.4852561	35.2452	2.96373
7632	0	-38.60824	-37.86374	-0.7444908	0.007048162	0.1261534	0.1948693	98.34439	1.572219
7633	1	-38.20892	-37.2384	-0.9705122	0.01454636	0.2376673	0.2197368	47.65091	1.974845
7634	0	-37.17873	-36.80565	-0.373083	0.004304863	0.07975705	0.1397246	161.0149	3.03968
7635	1	-40.55245	-37.55292	-2.999525	0.09639411	0.7411976	0.5259758	7.190762	2.980343
7636	0	-41.58774	-38.42364	-3.164107	0.1007729	0.7515274	0.5828806	6.878312	3.391691
7637	1	-37.65501	-37.10609	-0.548918	0.01769053	0.2785621	0.1378852	39.18183	2.866325
7638	0	-37.71693	-36.8593	-0.8576396	0.02398025	0.3515142	0.1717936	28.90492	3.005035
7639	1	-42.06733	-40.08604	-1.981295	0.02921323	0.4043591	0.4907954	23.72716	1.673743
7640	0	-38.51162	-37.63272	-0.8789086	0.0338905	0.4463999	0.1525618	20.45255	2.882262
7641	1	-38.39124	-37.27044	-1.120802	0.01862951	0.290174	0.2410588	37.20695	2.029764
7642	0	-41.44552	-38.54606	-2.89945	0.08220565	0.7018215	0.5814981	8.431868	3.406432
7643	1	-38.57982	-37.42268	-1.157141	0.03855807	0.4840774	0.1886451	17.97671	2.275699
7644	0	-38.14242	-37.3968	-0.7456179	0.01353252	0.2237874	0.1780132	51.22084	1.845017
7645	1	-38.33662	-37.42309	-0.9135346	0.02897323	0.4020756	0.1692975	23.92371	3.20401
7646	0	-37.96873	-37.50717	-0.4615609	0.002829744	0.05342293	0.1558648	244.9505	3.555878
7647	1	-40.73846	-39.67882	-1.059641	0.02182899	0.3278023	0.2167369	31.75351	1.177899
7648	0	-38.60781	-37.53939	-1.068417	0.01004241	0.1732245	0.2582578	69.022	3.149181
7649	1	-38.16447	-37.51419	-0.6502785	0.01660575	0.2648098	0.1549505	41.7414	1.954822
7650	0	-37.59243	-37.12102	-0.4714165	0.001395192	0.026831	0.1606309	496.8112	3.361406
7651	1	-39.8452	-37.64236	-2.20284	0.06269719	0.6277114	0.3816771	11.05547	3.311864
7652	0	-38.21816	-36.73542	-1.482735	0.04374985	0.5215836	0.242772	15.84342	2.572058
7653	1	-41.36277	-38.87101	-2.491763	0.05402167	0.5843358	0.5759669	12.83091	2.474824
7654	0	-39.58066	-37.6328	-1.947865	0.07210895	0.666935	0.2589537	9.612499	2.695255
7655	1	-44.18965	-42.9261	-1.263552	0.0126676	0.2116658	0.3024785	54.71812	5.206479
7656	0	-39.71275	-37.60402	-2.108738	0.05416153	0.5850988	0.3919165	12.79778	3.234792
7657	1	-38.20536	-37.93223	-0.2731302	0.01413711	0.2321066	0.1100384	49.03033	2.668746
7658	0	-44.24858	-41.77422	-2.474364	0.0359275	0.4633367	0.730881	19.29294	3.465724
7659	1	-37.52211	-36.75124	-0.7708703	0.006426969	0.1159309	0.2018417	107.8498	2.638651
7660	0	-40.66381	-38.78995	-1.873857	0.03666733	0.4692956	0.3967446	18.90367	1.764367
7661	1	-38.59242	-37.12645	-1.46597	0.04553426	0.53351	0.2327933	15.22254	2.331226
7662	0	-37.75386	-36.63917	-1.114688	0.02878002	0.4002281	0.2075849	24.08432	2.468484
7663	1	-41.81676	-40.13607	-1.680689	0.01915042	0.2965017	0.4188738	36.19488	3.921394
7664	0	-43.31528	-40.16567	-3.149609	0.08687489	0.7158844	0.6991104	7.978683	1.814622
7665	1	-38.2481	-36.81112	-1.43698	0.03325572	0.440958	0.2689723	20.84295	2.935496
7666	0	-37.50941	-36.57044	-0.9389619	0.02123528	0.3210388	0.1937158	32.6413	2.482389
7667	1	-41.7506	-39.60044	-2.150157	0.03799844	0.4797679	0.5132635	18.24146	3.526158
7668	0	-40.26002	-37.74826	-2.511757	0.06815237	0.6513262	0.4812716	10.17055	3.121534
7669	1	-38.36971	-37.99113	-0.3785801	0.0142742	0.2339757	0.1220393	48.55943	3.217682
7670	0	-40.97836	-38.34046	-2.637903	0.09685187	0.7423134	0.3640045	7.156777	3.251421
7671	1	-37.46612	-36.52585	-0.9402749	0.01887373	0.2931507	0.2005502	36.72549	2.672763
7672	0	-37.51692	-36.92968	-0.5872438	0.0119866	0.2019357	0.1552942	57.82686	3.147796
7673	1	-39.69416	-38.51412	-1.18004	0.04944107	0.5580574	0.1655102	14.01966	2.969767
7674	0	-37.3347	-37.00426	-0.3304392	0.0006242297	0.01212522	0.1410371	1110.404	3.244582
7675	1	-38.34228	-37.8653	-0.4769852	0.006028778	0.1092924	0.1512938	114.9731	1.628653
7676	0	-39.31135	-37.89538	-1.415972	0.02748065	0.3875824	0.2857678	25.2231	1.823575
7677	1	-38.69371	-37.33382	-1.359882	0.02290741	0.3398423	0.2882105	30.25864	3.075245
7678	0	-38.29127	-38.09762	-0.1936431	0.004257747	0.07893133	0.116851	162.7967	1.818227
7679	1	-41.54681	-37.89356	-3.65325	0.1290037	0.8033449	0.6379976	5.373082	2.967226
7680	0	-38.35224	-37.34776	-1.004473	0.02346817	0.3459806	0.2004092	29.53562	3.405434
7681	1	-38.36471	-37.91566	-0.449042	0.006311461	0.1140122	0.1465383	109.8236	3.640837
7682	0	-40.66954	-39.20483	-1.464711	0.0102663	0.1766029	0.3826382	67.51672	2.618532
7683	1	-37.73332	-36.64307	-1.09025	0.0206758	0.3145757	0.2271438	33.52456	2.656803
7684	0	-39.25796	-37.17162	-2.086339	0.07151866	0.6646817	0.2999038	9.691836	2.845136
7685	1	-38.60112	-37.01469	-1.586425	0.04156904	0.5063558	0.2777216	16.6746	2.299984
7686	0	-39.22056	-37.1494	-2.07116	0.07008338	0.6590941	0.3014358	9.890322	2.90654
7687	1	-37.65529	-36.8141	-0.8411942	0.009652016	0.1672878	0.2069031	71.81372	2.337893
7688	0	-37.9922	-36.66512	-1.327081	0.03054931	0.4168384	0.25037	22.68946	2.784287
7689	1	-38.25182	-37.09283	-1.158987	0.02185239	0.3280668	0.2392957	31.71952	3.226162
7690	0	-39.0844	-37.68738	-1.397023	0.02017727	0.3087423	0.3108775	34.35287	2.294814
7691	1	-39.85974	-38.47922	-1.380516	0.01512426	0.2454241	0.3284127	45.83015	1.926836
7692	0	-39.19005	-37.51125	-1.6788	0.06186613	0.623882	0.228669	11.20398	2.720468
7693	1	-39.37628	-37.65748	-1.718796	0.04221717	0.5109586	0.3141385	16.41861	2.024379
7694	0	-41.16593	-39.00878	-2.15715	0.05401841	0.5843181	0.4121893	12.83168	3.777912
7695	1	-37.20076	-36.73982	-0.4609319	0.003215198	0.06040121	0.154921	215.5846	3.069612
7696	0	-38.38699	-36.90294	-1.484047	0.04854963	0.5526376	0.227155	14.27709	2.78358
7697	1	-37.83582	-36.93906	-0.8967593	0.008281764	0.1459804	0.223	83.69559	2.555807
7698	0	-38.68847	-38.19552	-0.4929472	0.0199361	0.3058949	0.1263088	34.76844	2.140737
7699	1	-37.08391	-36.7336	-0.3503076	0.006069697	0.1099777	0.1332155	114.198	2.785814
7700	0	-41.56896	-38.17128	-3.397688	0.1211869	0.7911427	0.5518041	5.719655	3.219269
7701	1	-38.53768	-37.25169	-1.285996	0.02234599	0.3336134	0.2698149	31.01886	2.188691
7702	0	-42.63006	-39.25743	-3.37263	0.1314828	0.806938	0.4653055	5.27177	3.32819
7703	1	-37.98822	-37.54517	-0.4430511	0.01226388	0.2059175	0.1339159	56.51941	2.041192
7704	0	-38.78742	-36.96288	-1.824545	0.04711206	0.5436747	0.3258502	14.71273	2.925317
7705	1	-39.80709	-38.06261	-1.744484	0.04402195	0.5234326	0.3141993	15.74549	1.871496
7706	0	-37.78664	-36.67464	-1.112001	0.0216115	0.325336	0.2290904	32.07307	2.835743
7707	1	-38.03624	-37.14082	-0.8954266	0.005891939	0.1069954	0.2303495	117.6433	2.784913
7708	0	-38.2102	-36.88978	-1.320419	0.04115809	0.5034029	0.2140946	16.84109	2.953052
7709	1	-38.1273	-37.66722	-0.4600772	0.007178127	0.1282718	0.1463615	96.56379	3.530964
7710	0	-38.76403	-37.2056	-1.558431	0.05067543	0.5653929	0.237457	13.67817	2.383299
7711	1	-37.83762	-36.95813	-0.8794912	0.01427377	0.2339698	0.2013934	48.5609	2.099765
7712	0	-37.18893	-36.52413	-0.6648025	0.009609766	0.1666418	0.1735482	72.12945	2.528578
7713	1	-38.98334	-37.1858	-1.797545	0.04237419	0.5120638	0.3391237	16.35777	2.445608
7714	0	-39.87052	-38.70122	-1.169297	0.0199981	0.3066285	0.2481923	34.66065	3.94217
7715	1	-40.36754	-38.28452	-2.083024	0.04404381	0.5235807	0.4406533	15.73767	3.260399
7716	0	-42.44981	-40.28945	-2.160359	0.04253599	0.5131985	0.4863327	16.29555	1.393797
7717	1	-37.44007	-37.23795	-0.2021237	0.006673542	0.120008	0.1138924	103.865	2.672885
7718	0	-39.14913	-37.70101	-1.448121	0.02355639	0.3469387	0.3119249	29.42501	2.147709
7719	1	-37.86509	-37.08994	-0.7751524	0.002015101	0.03844357	0.2157431	343.9763	2.700541
7720	0	-38.39419	-37.48262	-0.9115732	0.005693609	0.1036518	0.2347559	121.7413	2.051759
7721	1	-37.85921	-37.85036	-0.008847075	0.001884629	0.03601498	0.1004466	367.7897	3.032412
7722	0	-39.6286	-37.27346	-2.355145	0.08153545	0.6997034	0.3406209	8.501175	2.793006
7723	1	-37.94758	-37.31952	-0.6280574	0.001529389	0.02936074	0.1875142	453.2185	3.415778
7724	0	-39.72511	-38.93044	-0.7946659	0.01438419	0.2354706	0.1847263	48.18812	4.002909
7725	1	-38.86569	-38.07963	-0.7860624	0.01282345	0.2138693	0.1872264	54.05309	1.548038
7726	0	-40.72615	-39.42185	-1.304298	0.05710185	0.6006325	0.1681866	12.13879	2.42193
7727	1	-42.02013	-40.03488	-1.985248	0.05697783	0.5999963	0.332878	12.16521	1.511693
7728	0	-38.24875	-37.46146	-0.7872896	0.0129962	0.2163018	0.1869994	53.33461	1.797338
7729	1	-39.00959	-38.29286	-0.7167346	0.003172591	0.05963326	0.2002006	218.4798	3.896734
7730	0	-38.316	-38.13057	-0.1854236	0.002266215	0.04309471	0.1192011	305.8612	3.548293
7731	1	-41.89969	-39.90968	-1.990015	0.04749673	0.5461004	0.3824023	14.59358	4.076327
7732	0	-38.27762	-37.51648	-0.7611419	0.0009016071	0.01745009	0.2161142	768.7907	1.942563
7733	1	-38.95821	-37.57939	-1.378824	0.04587272	0.5357201	0.2123474	15.11023	2.230722
7734	0	-37.40713	-36.78302	-0.6241123	0.0008302416	0.01608375	0.1886297	834.8741	2.56566
7735	1	-37.79031	-36.86858	-0.9217313	0.01264045	0.2112811	0.2149859	54.83563	3.032345
7736	0	-38.3981	-37.61194	-0.7861567	0.002146742	0.0408856	0.2177251	322.8834	1.847365
7737	1	-38.12009	-37.31867	-0.8014248	0.008254506	0.145549	0.2028004	83.97198	3.411394
7738	0	-39.88965	-37.49377	-2.395878	0.07293695	0.6700531	0.4006009	9.503375	2.380097
7739	1	-38.22296	-37.04664	-1.176323	0.02931865	0.4053579	0.2191084	23.64186	3.237994
7740	0	-38.78142	-37.81353	-0.9678931	0.002185227	0.04159796	0.2609753	317.1969	2.824537
7741	1	-43.46164	-41.46004	-2.001599	0.03450127	0.4515615	0.4648119	20.09048	4.474854
7742	0	-37.10237	-36.72835	-0.3740271	0.004656765	0.08589275	0.1391631	148.8474	2.32751
7743	1	-42.16374	-38.9698	-3.193943	0.129695	0.8043595	0.39912	5.344441	2.948733
7744	0	-40.49486	-38.62273	-1.872135	0.07459959	0.6761669	0.2317679	9.291569	3.0676
7745	1	-38.37673	-37.09903	-1.2777	0.02052322	0.3127978	0.2745651	33.77381	2.720683
7746	0	-38.01311	-37.08612	-0.9269958	0.01578183	0.2541162	0.20674	43.92059	2.027396
7747	1	-38.41408	-38.13066	-0.2834221	0.004263578	0.07903357	0.1278165	162.5741	1.669032
7748	0	-42.34948	-39.13433	-3.215143	0.08871245	0.7211042	0.7273332	7.813415	3.391569
7749	1	-38.05726	-37.53266	-0.5246016	0.01152009	0.1951739	0.1468291	60.16854	3.40814
7750	0	-39.3403	-37.81652	-1.523784	0.0364239	0.467346	0.2805238	19.03001	3.538628
7751	1	-37.63203	-36.61833	-1.013703	0.02306439	0.341569	0.2034244	30.0527	2.428598
7752	0	-41.13087	-39.2491	-1.881767	0.07854377	0.6899235	0.2213295	8.82498	3.050079
7753	1	-37.44752	-37.41868	-0.02883885	0.0008505867	0.01647353	0.1039827	814.9048	2.859104
7754	0	-37.91576	-37.34856	-0.5671948	0.005503731	0.1004348	0.1668091	125.9413	3.481391
7755	1	-37.86575	-37.12053	-0.7452257	0.002514811	0.04766951	0.2079094	275.6259	2.198686
7756	0	-37.93431	-37.1309	-0.803408	0.02085771	0.3166868	0.1700634	33.23217	3.22512
7757	1	-36.90322	-36.60389	-0.2993277	0.0005458103	0.0106128	0.1368683	1269.941	2.793433
7758	0	-39.19436	-37.83424	-1.360116	0.0199548	0.3061162	0.3005561	34.73587	2.023163
7759	1	-37.90979	-37.5649	-0.344889	0.002506742	0.04752148	0.1393348	276.5131	1.754113
7760	0	-41.4023	-38.62948	-2.772821	0.0680693	0.6509854	0.6255739	10.18296	2.613271
7761	1	-40.36437	-38.21902	-2.145344	0.05705029	0.6003682	0.3902738	12.14976	1.975775
7762	0	-39.57231	-38.74431	-0.8280062	0.01103776	0.1880988	0.2002341	62.79784	4.020037
7763	1	-40.61967	-37.74012	-2.879559	0.09141083	0.7284692	0.5005376	7.582769	3.180733
7764	0	-39.02373	-37.41956	-1.60417	0.03505007	0.456138	0.3099626	19.77592	3.260243
7765	1	-38.34587	-36.97928	-1.366588	0.03880343	0.4859496	0.2317939	17.86304	3.134786
7766	0	-37.81664	-36.89041	-0.9262277	0.0177079	0.2787794	0.2010364	39.14339	2.152107
7767	1	-39.52572	-37.73072	-1.794995	0.05722253	0.60125	0.2742571	12.11319	3.345193
7768	0	-37.04457	-36.52537	-0.5191934	0.007415169	0.1321173	0.1547557	93.47693	2.709134
7769	1	-37.08919	-36.92345	-0.165743	0.001326494	0.02553255	0.11844	522.5406	2.834392
7770	0	-37.50646	-37.00531	-0.5011455	0.002731205	0.05162779	0.1623843	253.788	1.9819
7771	1	-37.61221	-37.13289	-0.4793243	0.0008450773	0.01636799	0.1631693	820.2175	1.891903
7772	0	-39.15345	-37.92813	-1.225323	0.01102144	0.187858	0.2979823	62.8908	2.342441
7773	1	-37.30878	-36.54819	-0.7605926	0.01189707	0.2006442	0.1849221	58.26199	2.509339
7774	0	-37.51835	-36.88556	-0.632781	0.009025074	0.1576306	0.169473	76.80238	3.19656
7775	1	-37.79608	-36.78508	-1.010997	0.02752117	0.3879826	0.1904962	25.18597	3.010839
7776	0	-38.28611	-37.37355	-0.9125617	0.01433929	0.2348609	0.2079723	48.339	1.861607
7777	1	-40.21605	-37.78166	-2.434382	0.08406845	0.7075745	0.355749	8.245033	3.208332
7778	0	-39.40236	-37.81085	-1.591513	0.03261407	0.4353757	0.3167792	21.25301	1.962931
7779	1	-38.64128	-36.84054	-1.800745	0.04828558	0.5510121	0.3129553	14.35516	2.83349
7780	0	-37.84293	-36.63763	-1.205295	0.02605549	0.3732588	0.2361895	26.60273	2.587141
7781	1	-40.52769	-38.1278	-2.399886	0.08901676	0.7219523	0.3204828	7.786704	2.493471
7782	0	-38.16827	-37.82136	-0.3469166	0.01611206	0.2584283	0.1152055	43.0204	2.570399
7783	1	-37.61407	-37.06978	-0.5442887	0.013642	0.2253031	0.1453264	50.80979	3.11747
7784	0	-37.66656	-36.70812	-0.9584396	0.01963811	0.3023534	0.2020331	35.29603	3.029722
7785	1	-38.54066	-37.74261	-0.7980539	0.0277584	0.3903182	0.1534443	24.97072	2.173411
7786	0	-40.82121	-39.65496	-1.16625	0.01678576	0.2671173	0.258924	41.29377	4.26193
7787	1	-37.93276	-36.82173	-1.111027	0.01795312	0.2818364	0.2410057	38.60873	2.627611
7788	0	-38.21487	-36.81068	-1.40419	0.03472691	0.4534501	0.254942	19.95995	3.026027
7789	1	-39.33016	-38.27959	-1.050566	0.007009604	0.1255236	0.2647933	98.88535	1.684639
7790	0	-40.07032	-38.8347	-1.235619	0.01237963	0.2075716	0.295345	55.99093	1.481537
7791	1	-37.78178	-37.12347	-0.6583101	0.02225535	0.3325998	0.1442186	31.14519	2.807537
7792	0	-39.51278	-37.28684	-2.225944	0.05865958	0.6084855	0.4135237	11.81644	2.703934
7793	1	-42.95463	-39.90211	-3.052517	0.07433114	0.6751928	0.7574142	9.325125	2.109656
7794	0	-42.80538	-39.14622	-3.659157	0.112127	0.7751091	0.8145563	6.181806	3.415123
7795	1	-45.24854	-41.86793	-3.380606	0.131293	0.8066673	0.4702908	5.279392	1.995763
7796	0	-37.94695	-36.64264	-1.30431	0.03562345	0.4608585	0.2278053	19.45761	2.861138
7797	1	-40.1157	-38.02657	-2.089129	0.04383447	0.5221598	0.4446649	15.81283	2.57772
7798	0	-37.06359	-36.66375	-0.3998355	0.006282007	0.113522	0.1395603	110.3385	2.817715
7799	1	-40.24723	-37.86156	-2.385663	0.07241225	0.6680829	0.3994795	9.572237	2.213468
7800	0	-39.08304	-37.60928	-1.473767	0.04179063	0.507937	0.2473565	16.58619	3.418355
7801	1	-42.94473	-41.06614	-1.878594	0.0153958	0.2490306	0.538352	45.02184	3.0755
7802	0	-38.31896	-37.09814	-1.220825	0.0420484	0.5097665	0.1913774	16.48451	2.63752
7803	1	-37.10234	-36.74121	-0.3611281	0.00190151	0.03632967	0.1428319	364.5245	3.032054
7804	0	-39.92077	-37.8478	-2.072966	0.07334051	0.6715549	0.2884013	9.451083	2.385929
7805	1	-37.36814	-36.76786	-0.6002855	0.001593511	0.0305664	0.1822131	434.9811	2.91719
7806	0	-38.20034	-36.80083	-1.399507	0.03219268	0.4316642	0.2629995	21.5312	2.447181
7807	1	-37.21983	-36.78395	-0.435877	0.00247188	0.04688156	0.1526825	280.413	2.158049
7808	0	-38.04659	-37.3491	-0.6974879	0.01843814	0.287829	0.1582903	37.59311	3.292567
7809	1	-38.65332	-37.29605	-1.357274	0.02130098	0.321792	0.2940576	32.54063	2.698225
7810	0	-38.10024	-37.35938	-0.7408532	0.006714875	0.1206889	0.195078	103.2256	1.829557
7811	1	-37.78944	-36.67152	-1.117911	0.03098257	0.4208023	0.2018753	22.37216	2.502356
7812	0	-38.75035	-37.0872	-1.66315	0.04285819	0.5154463	0.2944571	16.17304	3.154868
7813	1	-37.42847	-36.57614	-0.8523221	0.01458121	0.2381382	0.195146	47.53703	2.487504
7814	0	-39.37946	-37.40516	-1.974307	0.06021251	0.6160679	0.3145494	11.51168	3.247711
7815	1	-37.98934	-37.13847	-0.8508625	0.02678855	0.3806868	0.1639967	25.87476	2.325022
7816	0	-38.77527	-37.82457	-0.9507064	0.01877778	0.2919833	0.202928	36.91316	3.638907
7817	1	-38.95017	-37.8159	-1.134275	0.02037201	0.3110293	0.2383879	34.02449	1.729205
7818	0	-36.98024	-36.55092	-0.4293205	0.004495625	0.08309003	0.1474098	154.1826	2.524244
7819	1	-41.84483	-40.0126	-1.832234	0.02752467	0.3880172	0.4330356	25.18276	1.419259
7820	0	-39.40316	-37.45028	-1.952879	0.05015183	0.5623049	0.3548985	13.82097	2.242257
7821	1	-37.26938	-36.51878	-0.7506085	0.01433518	0.234805	0.1768868	48.35287	2.773468
7822	0	-38.87164	-37.10612	-1.765526	0.04274577	0.5146638	0.326718	16.21558	2.427253
7823	1	-37.89226	-36.62068	-1.271576	0.03530283	0.4582266	0.2214699	19.63432	2.61388
7824	0	-40.19438	-39.04127	-1.153112	0.01878531	0.292075	0.2484273	36.89836	4.061097
7825	1	-38.55449	-37.08762	-1.466878	0.03027428	0.4143013	0.2890565	22.89558	3.03042
7826	0	-37.2766	-36.69718	-0.579413	0.00560648	0.1021776	0.1686148	123.6332	2.252893
7827	1	-37.86294	-36.90717	-0.9557638	0.01532451	0.2480861	0.2141528	45.23128	3.130964
7828	0	-37.6631	-36.58011	-1.082985	0.02384755	0.3500867	0.2156191	29.06576	2.535008
7829	1	-37.79688	-37.10793	-0.6889507	0.02035846	0.3108706	0.1527445	34.04713	3.065496
7830	0	-38.66244	-36.86711	-1.795325	0.05492547	0.5892269	0.2833958	12.61978	2.921553
7831	1	-38.88873	-37.39905	-1.489688	0.04594648	0.5361995	0.2369966	15.08597	3.265835
7832	0	-39.08983	-37.31977	-1.770056	0.03771148	0.4775369	0.3523913	18.38027	2.709034
7833	1	-38.4082	-37.13836	-1.269843	0.02552913	0.3678449	0.253818	27.15123	2.139051
7834	0	-37.93021	-37.12436	-0.8058489	0.01288553	0.2147447	0.1908005	53.79269	1.969269
7835	1	-38.35727	-37.95333	-0.4039412	0.01332929	0.2209625	0.1268559	52.00182	1.998702
7836	0	-37.50826	-36.90361	-0.6046519	0.01435296	0.2350465	0.1528263	48.29299	2.249555
7837	1	-38.9921	-37.34417	-1.647936	0.0426017	0.5136582	0.2910636	16.27041	3.309588
7838	0	-41.68485	-38.52208	-3.162769	0.1054448	0.7617545	0.5449247	6.573552	2.27186
7839	1	-37.449	-36.53393	-0.9150697	0.02217821	0.3317354	0.1866397	31.25353	2.648852
7840	0	-38.4449	-37.09305	-1.351852	0.0404962	0.4985894	0.2230065	17.11635	2.284392
7841	1	-38.05187	-36.77974	-1.272128	0.02727846	0.3855796	0.2481894	25.41006	2.954446
7842	0	-39.1725	-39.15534	-0.01715685	0.009833759	0.1700589	0.09052678	70.48649	2.411678
7843	1	-39.62038	-37.59483	-2.025544	0.06316416	0.629835	0.3175651	10.97374	3.304015
7844	0	-37.41191	-37.1732	-0.2387115	0.006690693	0.1202907	0.118108	103.5987	2.416081
7845	1	-39.3392	-38.36036	-0.97884	0.0039329	0.07321086	0.2574138	176.2433	1.632046
7846	0	-37.59596	-36.9715	-0.6244619	0.005521359	0.1007342	0.1765966	125.5392	3.248479
7847	1	-38.50479	-38.31695	-0.1878385	0.008467505	0.1489122	0.1094674	81.85967	3.280296
7848	0	-40.40763	-39.03473	-1.372902	0.008246582	0.1454235	0.3591756	84.05266	2.369447
7849	1	-43.05663	-40.764	-2.292624	0.06398828	0.6335347	0.4099853	10.83241	4.141841
7850	0	-37.7708	-37.08635	-0.6844549	0.01246021	0.2087202	0.1700075	55.62885	3.303753
7851	1	-40.01108	-38.51306	-1.498017	0.05898164	0.6100779	0.198788	11.75191	2.375488
7852	0	-37.13663	-36.91058	-0.2260433	0.004261874	0.07900369	0.1206919	162.6391	2.679718
7853	1	-40.11064	-40.18057	0.06992873	0.01069445	0.1830106	0.08197398	64.8137	2.775679
7854	0	-37.98221	-36.99993	-0.9822776	0.0225269	0.3356298	0.1986336	30.76975	2.118263
7855	1	-39.09125	-37.33363	-1.757615	0.05962224	0.6132142	0.2553889	11.62565	3.076819
7856	0	-44.16141	-39.71443	-4.446974	0.1902204	0.8658523	0.5942534	3.643917	3.026374
7857	1	-39.25417	-37.01743	-2.23674	0.06733076	0.6479309	0.3698218	10.29466	2.705363
7858	0	-39.95849	-37.38691	-2.571581	0.08869125	0.7210449	0.3822682	7.815282	2.680353
7859	1	-42.41278	-40.73375	-1.679038	0.01414268	0.2321827	0.4488367	49.01101	1.408793
7860	0	-38.19495	-37.2846	-0.9103544	0.02518472	0.3642656	0.1780375	27.52253	3.277418
7861	1	-41.5618	-38.49432	-3.067478	0.08291126	0.7040236	0.6810716	8.360109	2.923712
7862	0	-37.28393	-36.64141	-0.6425199	0.006221403	0.1125122	0.1780452	111.4133	2.368917
7863	1	-38.39392	-37.30068	-1.09324	0.02556278	0.3681931	0.212627	27.11548	3.384332
7864	0	-38.19111	-38.03067	-0.1604452	0.007314054	0.1304797	0.1082591	94.76922	2.124708
7865	1	-38.3657	-37.41927	-0.9464263	0.005854428	0.1063643	0.2425305	118.3971	3.02494
7866	0	-39.60942	-37.69528	-1.914133	0.06763859	0.6492095	0.2666845	10.24781	2.415361
7867	1	-38.38193	-37.84723	-0.5347049	0.001060165	0.02047672	0.1719374	653.811	3.738869
7868	0	-37.56609	-36.61464	-0.9514446	0.01695729	0.2693067	0.208368	40.87605	2.49638
7869	1	-37.54922	-37.08951	-0.4597156	0.01315923	0.2185878	0.1344549	52.67385	2.340223
7870	0	-37.86036	-36.63115	-1.229211	0.03500358	0.4557526	0.2131826	19.80218	2.650752
7871	1	-38.67126	-37.82108	-0.8501793	0.02041326	0.3115125	0.1793288	33.95573	3.562615
7872	0	-37.12382	-36.67581	-0.4480152	0.004274875	0.07923161	0.1506606	162.1445	2.285195
7873	1	-38.14502	-37.42812	-0.7169021	0.006994272	0.125273	0.189711	99.10213	3.508566
7874	0	-37.10501	-36.54658	-0.5584301	0.004121758	0.07654243	0.1686132	168.1678	2.562823
7875	1	-38.12922	-36.92332	-1.205902	0.03757432	0.4764654	0.2008433	18.44736	2.972768
7876	0	-38.05605	-37.20828	-0.8477718	0.00336704	0.06313113	0.2276046	205.8625	2.752415
7877	1	-39.31647	-38.68966	-0.626806	0.00675819	0.1214018	0.1739453	102.564	1.278541
7878	0	-36.9913	-36.58364	-0.4076591	0.004791912	0.08823444	0.1436485	144.6494	2.772172
7879	1	-37.74004	-36.87004	-0.8699952	0.01879545	0.2921984	0.1871463	36.87846	2.174641
7880	0	-39.08659	-38.46154	-0.62505	0.004234407	0.07852191	0.1799422	163.694	3.967409
7881	1	-38.4178	-36.92236	-1.495442	0.04646897	0.5395739	0.2366113	14.91634	2.471839
7882	0	-37.56022	-36.56953	-0.9906929	0.01913999	0.2963758	0.2101289	36.2146	2.594696
7883	1	-39.02262	-37.08657	-1.936058	0.05276305	0.5773678	0.3363406	13.13698	3.060186
7884	0	-38.85811	-37.22327	-1.634848	0.05297847	0.5785737	0.2481098	13.08356	3.115045
7885	1	-37.56023	-36.80826	-0.751967	0.005463669	0.09975408	0.2007757	126.8648	2.841166
7886	0	-37.79171	-36.87838	-0.9133229	0.02760805	0.3888395	0.1725575	25.10671	2.924816
7887	1	-38.407	-37.7407	-0.6663071	0.004476383	0.08275458	0.1868815	154.8454	3.669717
7888	0	-42.08852	-39.08473	-3.003791	0.1017152	0.7536538	0.489975	6.814586	3.574498
7889	1	-40.81853	-38.00383	-2.814705	0.08786238	0.7187106	0.4932197	7.88901	3.318471
7890	0	-37.04596	-36.83495	-0.211003	0.002436745	0.04623606	0.1219953	284.4562	2.515646
7891	1	-38.42225	-36.80874	-1.613509	0.04066295	0.4998088	0.2890219	17.04616	2.550712
7892	0	-38.0434	-38.10061	0.05720763	0.002676663	0.0506322	0.09297987	258.9594	2.647369
7893	1	-41.25993	-39.36566	-1.894264	0.0492871	0.5571287	0.3388073	14.06346	3.929728
7894	0	-38.61189	-37.21187	-1.400017	0.02550584	0.3676038	0.2892006	27.17602	3.018065
7895	1	-36.99575	-36.68986	-0.3058902	0.0004281958	0.008338642	0.1379985	1618.762	2.305837
7896	0	-38.22432	-37.79657	-0.4277447	0.007334664	0.1308139	0.141392	94.50292	3.544766
7897	1	-39.13146	-38.04259	-1.088877	0.004581199	0.08457988	0.2847366	151.3026	2.743552
7898	0	-38.68539	-38.16904	-0.5163444	0.02439112	0.3559053	0.1214126	28.41801	2.724383
7899	1	-38.97392	-38.52224	-0.4516844	0.01539918	0.2490754	0.1292251	45.01194	1.830888
7900	0	-37.81487	-36.79374	-1.021123	0.0267537	0.3803366	0.1945326	25.90846	2.323843
7901	1	-40.08617	-37.82512	-2.261049	0.05774829	0.6039221	0.4338474	12.0029	2.267578
7902	0	-40.04644	-37.96562	-2.080815	0.07368046	0.6728111	0.2892813	9.407477	3.236518
7903	1	-41.88276	-38.38348	-3.499281	0.1338754	0.8102894	0.51058	5.177555	2.659385
7904	0	-39.91886	-38.08154	-1.837319	0.03759447	0.476623	0.3775328	18.43748	3.369181
7905	1	-40.91559	-38.76566	-2.149932	0.07134507	0.6640141	0.3203796	9.715419	2.008112
7906	0	-40.98444	-38.11657	-2.867876	0.08022179	0.6954755	0.5794374	8.640385	2.463645
7907	1	-37.9843	-37.19605	-0.7882569	0.001979017	0.03777273	0.2187003	350.2482	2.916842
7908	0	-37.5192	-37.22131	-0.2978879	0.009423821	0.1637905	0.1205624	73.55267	2.862328
7909	1	-37.83118	-37.11082	-0.7203568	0.004993041	0.09170437	0.1958259	138.8226	3.260407
7910	0	-38.08602	-36.91096	-1.175062	0.037125	0.472932	0.1959839	18.67063	2.496434
7911	1	-38.78366	-37.00582	-1.777836	0.05730926	0.6016927	0.2692613	12.09486	2.969383
7912	0	-38.20929	-36.77936	-1.429931	0.03260127	0.4352635	0.2695635	21.26135	2.541942
7913	1	-37.38522	-36.70355	-0.6816722	0.00412667	0.07662886	0.190715	167.9677	2.622449
7914	0	-38.5319	-37.04166	-1.490239	0.03498168	0.4555708	0.2768529	19.81458	2.269734
7915	1	-39.39481	-37.97444	-1.42037	0.02038004	0.3111234	0.3173107	34.01108	3.286816
7916	0	-38.17963	-36.93011	-1.249522	0.02514538	0.363855	0.2500641	27.56558	2.292326
7917	1	-39.2582	-37.60417	-1.654032	0.03072066	0.4184108	0.3463573	22.5629	2.408759
7918	0	-38.88687	-37.98872	-0.8981495	0.006989429	0.1251938	0.2274244	99.17079	1.610655
7919	1	-38.04102	-37.34231	-0.6987032	0.02281236	0.3387936	0.1489864	30.38472	3.086919
7920	0	-38.19061	-37.54728	-0.6433281	0.004743098	0.08738958	0.1819493	146.1381	3.581589
7921	1	-37.94756	-36.93923	-1.008338	0.01240297	0.2079044	0.2352231	55.8856	2.562972
7922	0	-38.86841	-38.13456	-0.7338544	0.0008237162	0.01595868	0.2105283	841.4879	3.776393
7923	1	-38.94518	-37.7333	-1.211881	0.01157211	0.1959318	0.2917255	59.89806	2.699184
7924	0	-37.78557	-37.00388	-0.7816801	0.003375752	0.06328744	0.213022	205.3312	2.755062
7925	1	-37.96302	-36.69672	-1.266296	0.02694436	0.3822491	0.2479132	25.72513	2.591494
7926	0	-38.88058	-37.69634	-1.184241	0.02367573	0.3482317	0.2391755	29.27669	3.559257
7927	1	-38.4076	-36.7483	-1.659304	0.04774978	0.5476852	0.2737426	14.51624	2.865867
7928	0	-39.34109	-38.09628	-1.244817	0.01607971	0.2580075	0.2828949	43.10695	3.54601
7929	1	-37.61617	-37.26093	-0.3552415	0.00505424	0.09275663	0.1358086	137.1417	1.977961
7930	0	-37.80022	-36.98261	-0.8176088	0.008571303	0.1505446	0.205189	80.86835	2.146399
7931	1	-38.99629	-38.34344	-0.6528513	0.02192204	0.3288535	0.1441105	31.61874	3.454974
7932	0	-41.77297	-39.09829	-2.674684	0.05940625	0.6121614	0.6409218	11.66792	2.802243
7933	1	-39.36747	-38.31713	-1.05034	0.001093978	0.02112055	0.2878063	633.6026	2.648082
7934	0	-43.16536	-39.12246	-4.0429	0.1268638	0.8001403	0.9708889	5.46371	3.20229
7935	1	-37.1268	-36.56403	-0.5627719	0.006671161	0.1199688	0.1633567	103.902	2.424986
7936	0	-38.88743	-37.41833	-1.469099	0.02724073	0.3852049	0.3023835	25.44525	2.21657
7937	1	-37.52937	-36.59609	-0.933283	0.02013347	0.3082264	0.1956402	34.4276	2.909603
7938	0	-37.39886	-36.84112	-0.5577394	0.01160781	0.1964513	0.1515882	59.71388	3.059797
7939	1	-37.04198	-36.61011	-0.4318684	0.005061765	0.0928859	0.1466087	136.9379	2.864851
7940	0	-37.491	-36.68466	-0.806348	0.008917444	0.1559572	0.2019017	77.72936	2.633497
7941	1	-39.55571	-39.01714	-0.538569	0.001858459	0.03552686	0.1706676	372.9688	4.164476
7942	0	-38.87259	-37.36539	-1.507198	0.02896757	0.4020217	0.3065563	23.92838	2.26382
7943	1	-38.90801	-37.18178	-1.726226	0.04511082	0.530722	0.3038056	15.36543	2.259889
7944	0	-38.92937	-37.86373	-1.065634	0.006803378	0.1221445	0.2695976	101.8828	2.121382
7945	1	-39.75754	-37.68037	-2.077161	0.04838501	0.5516253	0.4120198	14.32566	2.400051
7946	0	-38.59098	-36.93773	-1.653246	0.05292135	0.5782545	0.2529206	13.09768	2.560534
7947	1	-39.44557	-37.58432	-1.86125	0.05012445	0.5621425	0.3239499	13.82853	3.371171
7948	0	-37.66707	-36.79099	-0.8760822	0.01516229	0.2459306	0.1982046	45.71522	3.097982
7949	1	-38.82742	-37.31055	-1.516873	0.03111769	0.4220303	0.3002765	22.27502	3.173868
7950	0	-38.07918	-36.87095	-1.208228	0.03223768	0.4320623	0.2170736	21.50115	2.293211
7951	1	-38.02241	-37.40311	-0.6193041	0.01011655	0.1743453	0.1646461	68.51618	1.831134
7952	0	-40.78721	-38.06327	-2.723936	0.09984382	0.7493984	0.3802904	6.942314	2.525995
7953	1	-37.40579	-36.8702	-0.5355949	0.01535551	0.248497	0.1406231	45.13997	2.586576
7954	0	-39.72919	-37.60399	-2.1252	0.05270989	0.5770695	0.4066762	13.15023	2.346647
7955	1	-37.69602	-36.97487	-0.7211523	0.00678053	0.1217691	0.1910951	102.2261	2.079795
7956	0	-37.47926	-36.67512	-0.8041361	0.02222034	0.3322077	0.1669428	31.19427	2.621224
7957	1	-40.59837	-37.56157	-3.036804	0.09736478	0.7435534	0.5385186	7.119075	2.940524
7958	0	-38.9777	-37.02291	-1.954784	0.05143442	0.5698082	0.3491909	13.47633	2.59712
7959	1	-38.21141	-36.92563	-1.285781	0.03603375	0.4641987	0.2223308	19.23606	2.304241
7960	0	-37.18133	-36.5779	-0.6034342	0.01137865	0.1931081	0.1591902	60.91645	2.833284
7961	1	-42.31272	-39.34212	-2.970596	0.1136599	0.7779801	0.4003855	6.098433	2.327696
7962	0	-38.05553	-36.64392	-1.411607	0.03825557	0.4817546	0.2443514	18.11886	2.827275
7963	1	-38.60573	-37.43329	-1.172448	0.02723414	0.3851394	0.2247834	25.4514	1.935174
7964	0	-38.37753	-37.41048	-0.9670519	0.03538873	0.4589336	0.1631303	19.58666	2.887937
7965	1	-37.26442	-36.66993	-0.5944888	0.0082292	0.1451482	0.1649502	84.2302	2.282736
7966	0	-37.21234	-36.6451	-0.5672401	0.001807671	0.03457863	0.1757577	383.4476	2.495396
7967	1	-39.308	-37.80431	-1.503695	0.03957232	0.4917505	0.2629842	17.51596	3.522382
7968	0	-38.66918	-37.48818	-1.181003	0.02211251	0.3309981	0.2437251	31.34638	3.4509
7969	1	-38.16359	-37.58498	-0.5786117	0.01804781	0.2830119	0.1413259	38.40617	3.237163
7970	0	-37.81021	-36.94534	-0.8648767	0.006997868	0.1253318	0.2199556	99.0512	2.574605
7971	1	-37.88146	-37.78582	-0.09564004	0.006566931	0.1182484	0.1025424	105.5512	2.575541
7972	0	-37.73654	-36.56179	-1.174747	0.02858384	0.3983436	0.221046	24.24962	2.75729
7973	1	-37.61991	-36.94347	-0.6764436	0.009756258	0.1688788	0.1752174	71.04642	3.23811
7974	0	-38.00719	-36.81251	-1.194674	0.02796906	0.3923812	0.2274617	24.78265	3.084918
7975	1	-39.397	-37.53213	-1.864872	0.06378714	0.6326373	0.2680599	10.86657	3.153236
7976	0	-39.34039	-37.71244	-1.627943	0.03136591	0.4242762	0.3343763	22.09875	2.140318
7977	1	-39.14822	-38.12856	-1.01966	0.02803712	0.3930456	0.1907581	24.72248	3.599129
7978	0	-39.69684	-37.61538	-2.081467	0.05117191	0.5682892	0.3978238	13.54546	3.17812
7979	1	-37.20023	-36.58163	-0.6186085	0.01240366	0.2079143	0.1593009	55.88248	2.818926
7980	0	-39.98269	-38.77756	-1.205129	0.0198886	0.3053321	0.257645	34.85148	3.959998
7981	1	-37.3164	-36.73488	-0.5815153	0.006927419	0.1241791	0.165846	100.0585	2.21113
7982	0	-41.7128	-39.52838	-2.184426	0.0707214	0.6615971	0.3345581	9.801095	3.757627
7983	1	-43.67764	-39.87916	-3.798478	0.1211701	0.791115	0.8240409	5.720447	3.673184
7984	0	-37.76577	-37.49211	-0.2736597	0.003159026	0.05938859	0.1285652	219.418	1.891873
7985	1	-39.27321	-37.32471	-1.948501	0.05593921	0.5946039	0.32561	12.39108	2.273653
7986	0	-39.12603	-37.5123	-1.613737	0.04825845	0.5508446	0.2596763	14.36323	3.337912
7987	1	-38.85532	-37.14878	-1.706542	0.03926394	0.489436	0.3235318	17.65353	2.413819
7988	0	-38.62021	-37.449	-1.171212	0.01584532	0.254948	0.2636919	43.74461	3.219625
7989	1	-38.4674	-37.53907	-0.9283317	0.03182606	0.4284056	0.1650346	21.77923	2.253981
7990	0	-38.88501	-37.02291	-1.862102	0.06222502	0.6255436	0.273283	11.13936	2.820913
7991	1	-38.64274	-36.82318	-1.819561	0.05624467	0.5962019	0.2849875	12.32378	2.721559
7992	0	-44.10816	-40.6232	-3.48496	0.09129384	0.728157	0.9184949	7.592486	1.993183
7993	1	-38.82795	-38.1883	-0.6396506	0.01014785	0.1748179	0.1679561	68.30484	3.781023
7994	0	-39.09175	-37.19021	-1.901543	0.05187529	0.5723403	0.3290304	13.3618	3.156082
7995	1	-39.46081	-37.24704	-2.21377	0.06547446	0.640054	0.3710264	10.58653	3.108621
7996	0	-39.25215	-37.48445	-1.767701	0.03617381	0.4653318	0.3592822	19.16158	2.517915
7997	1	-37.41997	-36.90676	-0.513216	0.01508407	0.2448883	0.1380393	45.95226	2.666563
7998	0	-39.82318	-39.01049	-0.8126916	0.03678933	0.4702687	0.1370579	18.84098	2.297918
7999	1	-39.71608	-39.20379	-0.5122847	0.01734302	0.2741964	0.1335795	39.96693	1.648922
8000	0	-37.83968	-37.25494	-0.5847429	0.003322856	0.06233787	0.1750734	208.5998	1.838768
8001	1	-39.23717	-37.28783	-1.949337	0.04620726	0.5378885	0.3739084	15.00083	2.600233
8002	0	-37.54301	-36.80608	-0.7369362	0.02196596	0.3293489	0.1566548	31.55552	2.68476
8003	1	-37.89878	-36.68626	-1.212518	0.02485192	0.3607789	0.241981	27.89109	2.59822
8004	0	-39.21798	-38.11327	-1.104709	0.03493057	0.4551464	0.1884209	19.84357	3.471396
8005	1	-38.03139	-36.74632	-1.285067	0.03467917	0.4530513	0.2264642	19.98742	2.997437
8006	0	-41.08945	-39.99926	-1.090191	0.02034514	0.3107144	0.2281937	34.06943	1.048625
8007	1	-40.89572	-38.75564	-2.14008	0.04964173	0.5592631	0.431056	13.96299	1.834309
8008	0	-37.55184	-37.2599	-0.2919397	0.00411478	0.07641961	0.1291811	168.453	3.245414
8009	1	-38.335	-37.16366	-1.171339	0.0160718	0.2579046	0.262883	43.12816	2.857132
8010	0	-39.35864	-38.38131	-0.9773246	0.003997683	0.0743555	0.2567889	173.3872	1.610898
8011	1	-38.16858	-36.79245	-1.376128	0.0317139	0.4274032	0.2586656	21.85626	2.964383
8012	0	-38.5685	-37.91863	-0.6498706	0.003622896	0.06770696	0.1860647	191.324	1.516618
8013	1	-37.11117	-36.61342	-0.4977493	0.001005988	0.01944398	0.1658262	689.021	2.827313
8014	0	-38.09717	-37.673	-0.4241788	0.01594426	0.2562416	0.1247548	43.47315	2.270357
8015	1	-40.53754	-39.09736	-1.440177	0.01198145	0.2018615	0.3644276	57.8517	1.973553
8016	0	-37.15066	-36.55994	-0.59072	0.01139152	0.1932963	0.1571505	60.84764	2.76141
8017	1	-37.51961	-37.04793	-0.4716791	0.004982991	0.0915314	0.1527329	139.1026	3.287516
8018	0	-37.44057	-36.66136	-0.7792073	0.009508568	0.1650917	0.1948617	72.89712	2.439225
8019	1	-37.79268	-36.80208	-0.9906056	0.01392722	0.2292326	0.2261662	49.76924	2.783152
8020	0	-40.52511	-37.52306	-3.00205	0.09583738	0.7398288	0.5314688	7.232535	2.896714
8021	1	-37.65525	-37.34042	-0.3148361	0.001875301	0.03584103	0.1364212	369.6192	1.868332
8022	0	-37.91716	-37.30118	-0.6159799	0.02241725	0.3344087	0.1379255	30.92026	2.586367
8023	1	-39.57084	-37.3461	-2.224742	0.07841557	0.6894922	0.3124479	8.839407	2.727905
8024	0	-37.5517	-37.01269	-0.5390078	0.0166384	0.2652291	0.1385697	41.65948	2.498653
8025	1	-38.24052	-37.10391	-1.136603	0.01730425	0.2737071	0.2495259	40.05646	2.259718
8026	0	-38.5284	-37.43878	-1.089626	0.01472364	0.2400586	0.246914	47.07717	1.990498
8027	1	-39.21555	-37.47561	-1.739947	0.04535438	0.5323288	0.306945	15.28292	3.348957
8028	0	-40.42799	-38.81257	-1.615423	0.05518981	0.59064	0.235853	12.55933	1.95853
8029	1	-39.7426	-37.71436	-2.02824	0.04526405	0.5317339	0.410033	15.31341	2.44527
8030	0	-41.73872	-38.54134	-3.197387	0.08918322	0.7224143	0.7097968	7.77217	2.620614
8031	1	-37.67504	-36.94276	-0.7322783	0.01838029	0.287118	0.1640282	37.71144	3.115566
8032	0	-40.16452	-38.87758	-1.286942	0.02613932	0.3741148	0.2559794	26.51742	1.412842
8033	1	-39.05533	-37.62517	-1.430164	0.02123237	0.3210054	0.3165988	32.64577	2.452338
8034	0	-41.05005	-39.34353	-1.706518	0.02157721	0.3249458	0.4153486	32.12405	1.865849
8035	1	-43.79968	-41.67737	-2.122309	0.02923544	0.4045696	0.5649447	23.70915	1.170648
8036	0	-38.20414	-37.12366	-1.080485	0.03338598	0.4420812	0.1879683	20.76163	3.10875
8037	1	-38.55789	-37.13842	-1.419478	0.0428388	0.5153114	0.2308424	16.18036	2.278129
8038	0	-37.35516	-36.58819	-0.7669728	0.01914448	0.29643	0.1679956	36.20611	2.689326
8039	1	-39.26655	-38.10445	-1.162105	0.009480682	0.1646638	0.2858827	73.11153	1.97543
8040	0	-38.61396	-37.39364	-1.220312	0.01674583	0.2666064	0.2734612	41.39222	3.075418
8041	1	-40.75087	-38.75497	-1.995895	0.05549853	0.5922805	0.3435455	12.48947	3.730693
8042	0	-41.25459	-40.24559	-1.008994	0.03443598	0.4510132	0.1724229	20.12857	3.861794
8043	1	-38.1632	-37.20672	-0.9564805	0.01692764	0.2689289	0.2095077	40.94766	1.963691
8044	0	-38.60546	-37.40202	-1.203438	0.01545429	0.2498043	0.2738363	44.85143	2.314767
8045	1	-37.89016	-37.21534	-0.6748178	0.01061267	0.181792	0.1728292	65.31316	3.392505
8046	0	-38.33768	-37.3782	-0.9594763	0.01429505	0.2342594	0.218098	48.48861	1.884809
8047	1	-39.27185	-37.5185	-1.753348	0.03474961	0.4536396	0.3613595	19.9469	2.663351
8048	0	-39.66101	-38.28229	-1.378724	0.03283243	0.4372847	0.2552726	21.11166	3.725134
8049	1	-40.89103	-39.52209	-1.368939	0.05522879	0.5908477	0.184228	12.55047	3.376704
8050	0	-38.85633	-37.2027	-1.653636	0.04854402	0.5526032	0.2691585	14.27873	3.21496
8051	1	-39.3736	-37.97732	-1.396282	0.02198649	0.3295803	0.3028084	31.52605	3.454326
8052	0	-38.31337	-37.1286	-1.184768	0.03343769	0.4425261	0.2084765	20.72952	3.218141
8053	1	-38.2243	-37.12614	-1.098166	0.01440077	0.2356957	0.2501701	48.13263	2.960493
8054	0	-37.78943	-37.01716	-0.7722652	0.003219195	0.0604732	0.211493	215.3169	2.849154
8055	1	-39.32163	-37.8425	-1.479131	0.03838485	0.4827492	0.2609439	18.05783	1.883912
8056	0	-37.61906	-36.92088	-0.6981793	0.005211901	0.09545988	0.1909396	132.9932	3.129309
8057	1	-40.72451	-37.80721	-2.917295	0.09231153	0.7308514	0.5132155	7.508782	2.454033
8058	0	-38.3296	-37.22331	-1.106282	0.03271167	0.4362301	0.1947265	21.1896	3.216182
8059	1	-42.16505	-38.69743	-3.467616	0.100917	0.7518547	0.7879663	6.86849	2.623419
8060	0	-37.00278	-36.59186	-0.4109205	0.005776725	0.1050551	0.1421268	119.9896	2.714029
8061	1	-42.94965	-40.01271	-2.936942	0.07497516	0.6775213	0.668635	9.245024	1.821326
8062	0	-38.02875	-36.90091	-1.127838	0.01872819	0.2913788	0.2424229	37.01091	2.946
8063	1	-38.2928	-36.80869	-1.484112	0.03351715	0.4432089	0.2809135	20.68037	2.740269
8064	0	-41.59129	-38.86888	-2.722412	0.09354334	0.7340497	0.4150555	7.409904	3.519349
8065	1	-38.94302	-38.02871	-0.9143078	0.001650038	0.03162758	0.2492361	420.0796	1.873743
8066	0	-40.47458	-37.60596	-2.868621	0.1029051	0.7562919	0.420892	6.735789	2.779897
8067	1	-38.65774	-36.95016	-1.707579	0.05609205	0.5954047	0.255346	12.35732	2.671151
8068	0	-37.80239	-36.72456	-1.077831	0.01883545	0.2926852	0.2302489	36.80015	2.807888
8069	1	-37.90753	-36.82798	-1.079551	0.02025636	0.3096725	0.226062	34.21874	2.290541
8070	0	-37.55656	-36.62342	-0.9331348	0.01515077	0.2457773	0.2098756	45.74995	2.735809
8071	1	-37.81952	-36.67506	-1.144452	0.02211529	0.3310293	0.2349685	31.34244	2.710075
8072	0	-39.3425	-37.41162	-1.930886	0.0672616	0.6476426	0.2726379	10.30524	2.518362
8073	1	-40.23303	-39.13673	-1.096306	0.02333247	0.3445027	0.2201064	29.70741	4.023543
8074	0	-42.3511	-38.88421	-3.466892	0.1149434	0.7803323	0.645867	6.030335	3.485592
8075	1	-38.6622	-36.83017	-1.832039	0.04987848	0.560679	0.3157189	13.89672	2.776426
8076	0	-40.80715	-38.38918	-2.417971	0.08442761	0.7086615	0.3481873	8.209959	3.38402
8077	1	-39.97278	-38.03615	-1.936635	0.07126354	0.6636998	0.2591382	9.726534	3.160234
8078	0	-42.02695	-40.54384	-1.48311	0.02422273	0.3541109	0.3200058	28.61556	0.9306202
8079	1	-37.36988	-36.88028	-0.4896028	0.006732171	0.1209737	0.1517	102.9604	3.156328
8080	0	-38.95624	-37.6852	-1.271041	0.01449987	0.2370384	0.2969654	47.8037	2.455365
8081	1	-38.57039	-36.99167	-1.578723	0.03599849	0.4639129	0.2981531	19.2549	2.439556
8082	0	-38.20256	-37.15929	-1.043274	0.01725364	0.2730674	0.2274542	40.17398	3.281748
8083	1	-38.6745	-36.94516	-1.729334	0.05325322	0.5801035	0.2716395	13.01606	2.489099
8084	0	-37.28636	-36.71954	-0.5668207	0.01200811	0.2022455	0.1521086	57.72327	2.942669
8085	1	-37.4032	-37.09826	-0.3049421	0.009297828	0.1618508	0.1216322	74.54937	2.617149
8086	0	-37.8854	-37.06265	-0.8227474	0.0238528	0.3501432	0.1662017	29.05937	2.26012
8087	1	-38.27862	-37.22336	-1.055262	0.01121067	0.190645	0.2507109	61.82924	2.409608
8088	0	-40.10203	-38.68051	-1.421519	0.01211934	0.2038454	0.3569949	57.19346	2.650957
8089	1	-39.2919	-37.29671	-1.995198	0.05084222	0.5663693	0.3666462	13.6333	3.084099
8090	0	-38.08228	-37.20016	-0.8821217	0.005158867	0.09455178	0.2296712	134.3604	2.893341
8091	1	-39.61727	-38.52576	-1.091506	0.02325167	0.3436205	0.2193025	29.81064	1.504859
8092	0	-39.34897	-37.38862	-1.960356	0.04500889	0.530047	0.3845056	15.40023	2.761854
8093	1	-37.86871	-36.87382	-0.9948848	0.01368217	0.2258581	0.2279237	50.66064	2.4124
8094	0	-37.64566	-37.41108	-0.2345768	0.003747679	0.06992769	0.1226136	184.9537	2.023167
8095	1	-37.34863	-37.21803	-0.1305986	0.003310529	0.06211638	0.1111894	209.3766	2.8136
8096	0	-38.32552	-37.56161	-0.7639086	0.01066334	0.1825473	0.1887982	65.0028	3.571131
8097	1	-38.71713	-37.39622	-1.32091	0.04122958	0.5039185	0.2139835	16.81189	3.24729
8098	0	-39.09841	-37.7717	-1.326718	0.03775239	0.4778558	0.2260657	18.36035	3.474466
8099	1	-40.55572	-38.31472	-2.241005	0.04776011	0.5477497	0.4896755	14.5131	2.539327
8100	0	-38.54446	-37.32131	-1.223149	0.02256812	0.3360879	0.2525859	30.71356	3.327388
8101	1	-39.48038	-38.18528	-1.295106	0.01450748	0.2371414	0.3041659	47.77862	1.930964
8102	0	-40.08653	-39.40424	-0.6822912	0.01275326	0.212878	0.1689392	54.35058	4.091481
8103	1	-38.05788	-36.67824	-1.379638	0.04079408	0.5007645	0.228327	16.99137	2.750458
8104	0	-37.31307	-37.17276	-0.1403114	0.003676174	0.06865601	0.1116962	188.5512	2.564364
8105	1	-39.66676	-39.07986	-0.5868941	0.002177577	0.04145641	0.178312	318.3112	4.195866
8106	0	-40.32466	-38.75112	-1.573534	0.01895958	0.2941928	0.3773263	36.5592	2.114841
8107	1	-37.77774	-36.80003	-0.9777084	0.02767782	0.3895264	0.1838519	25.04342	2.97396
8108	0	-37.3457	-36.63025	-0.7154529	0.007602435	0.135139	0.1878158	91.17437	2.815109
8109	1	-41.99953	-38.21006	-3.789476	0.1294731	0.8040349	0.7262759	5.353602	3.139119
8110	0	-39.83836	-38.99508	-0.8432728	0.02362474	0.3476797	0.1701957	29.33988	1.558642
8111	1	-39.8337	-38.3593	-1.474397	0.01737216	0.274564	0.3494631	39.89988	3.073008
8112	0	-37.29805	-36.76698	-0.531071	0.00172455	0.03302403	0.1697134	401.9293	3.05148
8113	1	-38.46909	-37.43141	-1.037671	0.007973544	0.1410847	0.2578653	86.93088	2.760014
8114	0	-37.04668	-36.83175	-0.2149289	0.002805347	0.05297891	0.1218392	247.0807	2.596578
8115	1	-39.60609	-37.13499	-2.471104	0.07865518	0.6902975	0.3983837	8.812479	2.805196
8116	0	-39.70838	-39.88135	0.172976	0.00585293	0.1063391	0.0791818	118.4274	2.523704
8117	1	-39.08721	-37.4273	-1.659903	0.03211009	0.4309325	0.3416254	21.58659	2.569342
8118	0	-38.70796	-37.94025	-0.7677063	0.002035119	0.03881545	0.2140821	340.593	3.66194
8119	1	-39.66789	-38.03305	-1.634846	0.02578618	0.3704973	0.3643043	26.88057	2.971614
8120	0	-39.82194	-38.18725	-1.634685	0.06373698	0.632413	0.2130937	10.87512	3.019564
8121	1	-39.39792	-37.69181	-1.706111	0.04188159	0.5085837	0.3116528	16.55017	2.003137
8122	0	-39.07922	-37.75016	-1.329067	0.03793798	0.4792991	0.2260042	18.27053	1.959938
8123	1	-39.96631	-38.65726	-1.309053	0.02933837	0.4055445	0.2501392	23.62596	1.520895
8124	0	-37.38078	-36.66573	-0.7150516	0.01882773	0.2925913	0.1602109	36.81523	2.595976
8125	1	-40.24067	-37.91543	-2.325246	0.07740991	0.6860726	0.3504256	8.954244	3.323034
8126	0	-40.57663	-38.44686	-2.129766	0.05273223	0.5771949	0.4084082	13.14466	1.905983
8127	1	-38.9312	-37.21559	-1.715611	0.03799432	0.479736	0.3323875	18.24344	2.454354
8128	0	-38.06662	-37.1965	-0.8701183	0.02521184	0.3645485	0.1709507	27.49292	2.178722
8129	1	-40.05187	-37.46281	-2.589057	0.08986739	0.7242992	0.3825976	7.713	3.006043
8130	0	-37.94125	-37.06479	-0.8764592	0.02710563	0.3838601	0.1674968	25.57207	3.032004
8131	1	-38.74923	-36.92303	-1.826201	0.05926129	0.6114521	0.274918	11.69646	2.805802
8132	0	-37.33833	-36.77197	-0.5663661	0.000438716	0.008542341	0.179033	1579.945	2.333813
8133	1	-38.44464	-36.91795	-1.526697	0.03567583	0.4612867	0.2843308	19.42904	2.419645
8134	0	-39.53691	-38.43219	-1.104721	0.004309188	0.07983281	0.2903974	160.8533	1.973501
8135	1	-40.49772	-37.79214	-2.70558	0.08583452	0.7128525	0.4550811	8.07539	3.260492
8136	0	-37.43146	-36.72507	-0.7063952	0.01909925	0.2958837	0.158222	36.29185	2.525733
8137	1	-38.24984	-36.95284	-1.297005	0.0347494	0.4536378	0.2289568	19.94702	2.256775
8138	0	-39.259	-37.31161	-1.947399	0.04577675	0.5350951	0.3754609	15.14191	2.861198
8139	1	-41.72478	-39.55055	-2.174232	0.03903483	0.487706	0.5181287	17.75714	3.492932
8140	0	-40.30973	-38.80454	-1.50519	0.02430604	0.3549995	0.3267652	28.51748	3.806319
8141	1	-38.99835	-38.59961	-0.3987355	0.0109782	0.1872192	0.1304589	63.13853	3.635067
8142	0	-37.54742	-36.88738	-0.6600447	0.00300035	0.05652016	0.1896277	231.0221	3.046465
8143	1	-38.11386	-36.94557	-1.168296	0.01836084	0.2868787	0.2537452	37.75138	2.74395
8144	0	-38.01416	-37.3318	-0.6823552	0.001369629	0.0263481	0.1984246	506.0839	1.911584
8145	1	-39.24969	-38.08664	-1.163049	0.007036293	0.1259596	0.2962061	98.51028	2.473403
8146	0	-40.30802	-39.04791	-1.260106	0.006240906	0.1128373	0.3300842	111.0652	3.433755
8147	1	-39.01868	-37.11407	-1.904609	0.0503631	0.563555	0.3371667	13.763	2.416108
8148	0	-38.50497	-37.75082	-0.7541502	0.005759238	0.1047601	0.2003761	120.354	1.632454
8149	1	-38.98415	-37.48982	-1.494322	0.02573243	0.369944	0.3167855	26.93672	3.003862
8150	0	-39.47618	-38.38929	-1.086887	0.001916995	0.0366182	0.295069	361.58	2.708467
8151	1	-38.54795	-37.43816	-1.109788	0.03999138	0.4948701	0.1763143	17.33242	2.967654
8152	0	-38.31354	-37.83978	-0.473753	0.009802902	0.1695893	0.1429761	70.70836	1.76758
8153	1	-37.71692	-36.63474	-1.082187	0.02167857	0.3260978	0.2221505	31.97385	2.842457
8154	0	-37.37373	-36.55912	-0.8146094	0.01265423	0.2114763	0.1931093	54.77594	2.5718
8155	1	-37.39282	-36.80327	-0.5895548	0.01345897	0.2227667	0.1524495	51.50077	2.313841
8156	0	-41.3014	-38.06777	-3.233621	0.1220368	0.7925378	0.4627189	5.67982	2.757476
8157	1	-37.51016	-36.83204	-0.6781226	0.01496383	0.2432819	0.1630641	46.32151	3.085746
8158	0	-39.31864	-37.79817	-1.520461	0.05609742	0.5954328	0.2117542	12.35613	3.074002
8159	1	-39.7547	-37.83922	-1.91548	0.04321136	0.5178916	0.3770863	16.04086	3.313742
8160	0	-38.75778	-37.08674	-1.671041	0.03666702	0.4692932	0.3239149	18.90383	2.701038
8161	1	-38.76681	-37.33645	-1.430366	0.03966437	0.4924382	0.2440724	17.47531	2.107395
8162	0	-37.92128	-37.75123	-0.1700475	0.001134189	0.02188547	0.1192745	611.139	1.83576
8163	1	-39.44403	-37.27379	-2.170241	0.0566277	0.5981915	0.4025079	12.24043	2.624709
8164	0	-39.40714	-38.0158	-1.391337	0.03545205	0.4594539	0.2491212	19.55168	3.615436
8165	1	-39.28056	-37.71497	-1.565586	0.02571828	0.3697982	0.3402529	26.95154	2.454223
8166	0	-39.51237	-38.61448	-0.8978864	0.01935322	0.2989435	0.1909292	35.8156	1.476153
8167	1	-38.00365	-37.89139	-0.1122593	0.0005644132	0.01097186	0.1134869	1228.085	3.413243
8168	0	-38.13576	-36.89139	-1.244365	0.02267447	0.3372681	0.2576147	30.56949	2.85937
8169	1	-44.11575	-42.3179	-1.797851	0.01063437	0.1821155	0.5311425	65.17992	4.192106
8170	0	-41.30287	-39.83246	-1.470407	0.031874	0.4288333	0.2835967	21.74648	1.220522
8171	1	-41.84529	-39.1187	-2.726588	0.06150328	0.6221898	0.6553626	11.27008	2.718408
8172	0	-37.9693	-37.21562	-0.7536759	0.007472066	0.1330369	0.1954933	92.76513	3.368405
8173	1	-40.2607	-38.33371	-1.926993	0.04490012	0.529325	0.3724605	15.43754	3.592151
8174	0	-38.16868	-37.19178	-0.976898	0.009431119	0.1639027	0.2377155	73.49575	2.287707
8175	1	-38.0833	-36.99277	-1.090533	0.02768702	0.3896168	0.2057836	25.0351	3.202436
8176	0	-38.78694	-37.73852	-1.048418	0.007805142	0.1383936	0.2612723	88.80648	3.214697
8177	1	-37.27449	-36.52734	-0.7471536	0.01278208	0.2132853	0.1801868	54.22802	2.7887
8178	0	-40.92683	-38.69676	-2.230072	0.08979593	0.7241034	0.2674703	7.719138	2.696332
8179	1	-37.68467	-36.94512	-0.7395509	0.01256286	0.2101801	0.1793767	55.1743	2.075328
8180	0	-38.83096	-37.82503	-1.005936	0.006938936	0.1243677	0.2534881	99.89244	1.920488
8181	1	-38.92804	-37.06631	-1.861734	0.06182814	0.6237055	0.2747182	11.21087	2.929776
8182	0	-39.46739	-37.25873	-2.208656	0.06855152	0.652956	0.3534325	10.11133	3.118607
8183	1	-39.81841	-39.26718	-0.5512272	0.01966698	0.3026976	0.1343988	35.24421	1.690877
8184	0	-38.62039	-36.97252	-1.647863	0.05334491	0.5806122	0.2500623	12.99369	2.938432
8185	1	-39.08887	-37.71411	-1.374769	0.02663239	0.3791153	0.2775383	26.02647	3.485342
8186	0	-40.0601	-38.69995	-1.360145	0.02718115	0.3846123	0.2713971	25.50102	3.891285
8187	1	-42.44494	-41.51264	-0.9322992	0.01462454	0.2387232	0.211265	47.39617	0.6269084
8188	0	-38.06573	-37.56655	-0.4991814	0.009762608	0.1689755	0.1467419	71.00021	3.451488
8189	1	-38.97042	-37.82605	-1.14437	0.008457639	0.1487568	0.2849454	81.95516	2.816282
8190	0	-41.56879	-38.74922	-2.819576	0.07190527	0.6661604	0.6209422	9.639728	3.264641
8191	1	-38.20955	-37.04827	-1.161282	0.0393557	0.4901263	0.1873056	17.61237	2.6082
8192	0	-39.7984	-37.74502	-2.053376	0.04543552	0.5328622	0.4194528	15.25562	2.933454
8193	1	-41.40588	-39.14522	-2.260662	0.04554469	0.5335784	0.5152721	15.21906	3.437471
8194	0	-40.87479	-37.67385	-3.200946	0.1054337	0.761731	0.5662198	6.574247	2.993344
8195	1	-42.21367	-41.68549	-0.5281857	0.03314595	0.4400088	0.1085667	20.91197	3.334883
8196	0	-40.64175	-38.99322	-1.648532	0.06948724	0.6567271	0.1992082	9.975173	2.632259
8197	1	-38.52965	-37.22842	-1.301236	0.04006067	0.4953831	0.213308	17.30244	3.187867
8198	0	-38.42397	-37.18665	-1.237319	0.04175621	0.5076919	0.1953649	16.59986	2.448997
8199	1	-38.59531	-37.07336	-1.521954	0.03434378	0.4502374	0.2883606	20.18261	2.304507
8200	0	-39.62195	-37.28753	-2.334418	0.08103906	0.6981178	0.335981	8.553248	2.755434
8201	1	-37.82225	-37.02883	-0.7934149	0.005867514	0.1065845	0.2080818	118.133	2.190934
8202	0	-39.61165	-37.62721	-1.984437	0.04341451	0.5192896	0.4028486	15.9658	2.847224
8203	1	-37.51473	-36.93514	-0.5795887	0.001448936	0.02784519	0.1788455	478.3835	3.160473
8204	0	-38.51463	-37.2387	-1.275931	0.03346385	0.442751	0.2282906	20.71331	2.090002
8205	1	-37.87102	-37.13365	-0.7373662	0.01062227	0.1819352	0.1839596	65.25412	3.353679
8206	0	-38.71209	-37.5636	-1.148492	0.04269398	0.5143027	0.1764071	16.23525	2.510469
8207	1	-41.36059	-39.52495	-1.835636	0.02254918	0.3358775	0.4661491	30.73935	2.403145
8208	0	-38.12767	-36.91697	-1.210705	0.03391982	0.4466493	0.2125021	20.43487	2.301394
8209	1	-38.0314	-36.97063	-1.06077	0.0142688	0.2339022	0.2414371	48.57781	2.836192
8210	0	-37.7977	-36.67224	-1.125465	0.02878788	0.4003035	0.2098109	24.07774	2.957892
8211	1	-43.13252	-41.53939	-1.59313	0.006691464	0.1203034	0.4576054	103.5868	1.206598
8212	0	-38.20111	-37.40252	-0.7985863	0.02778652	0.3905942	0.1534651	24.94545	3.029213
8213	1	-39.37673	-37.51726	-1.859473	0.04807743	0.5497242	0.332862	14.41731	2.146032
8214	0	-39.58442	-38.13422	-1.450199	0.02376627	0.34921	0.3116485	29.16517	3.528528
8215	1	-38.317	-37.12088	-1.196121	0.03788154	0.4788608	0.1980272	18.29776	2.341987
8216	0	-37.68114	-37.47039	-0.2107571	0.007877338	0.1395487	0.1129429	87.99256	2.381394
8217	1	-37.81656	-37.0784	-0.7381602	0.01935051	0.298911	0.1627499	35.82061	3.171893
8218	0	-41.35611	-39.13934	-2.216771	0.05326586	0.5801737	0.4421877	13.01297	1.717054
8219	1	-38.63029	-38.06318	-0.5671127	0.0006125702	0.01190055	0.1787272	1131.539	3.832534
8220	0	-39.32855	-37.86346	-1.465087	0.02068451	0.314677	0.3303979	33.51045	2.376152
8221	1	-37.96947	-37.05386	-0.9156095	0.007424407	0.1322667	0.2300124	93.36061	2.636408
8222	0	-39.31435	-37.7857	-1.528655	0.03208576	0.4307168	0.2997086	21.60295	1.915771
8223	1	-38.50936	-37.70799	-0.8013656	0.004017056	0.07469743	0.2152977	172.551	3.54075
8224	0	-40.31436	-37.55808	-2.756287	0.09818971	0.7455254	0.4020806	7.059265	2.736637
8225	1	-40.01683	-38.59388	-1.422954	0.01943112	0.2998783	0.3224246	35.67201	1.685763
8226	0	-38.88606	-37.7558	-1.130255	0.009797553	0.1695079	0.275684	70.74697	3.105013
8227	1	-39.00815	-37.2654	-1.742746	0.04299384	0.5163877	0.3182421	16.12201	3.19965
8228	0	-38.27122	-37.64364	-0.6275793	0.02125953	0.321317	0.1418353	32.60407	2.164006
8229	1	-37.64582	-37.53369	-0.1121252	0.005242256	0.09597909	0.1062159	132.2231	2.79767
8230	0	-38.78103	-38.02247	-0.7585588	0.009997968	0.1725516	0.1895643	69.32881	3.767267
8231	1	-40.83936	-38.90175	-1.93761	0.03352025	0.4432354	0.4420847	20.67846	2.021241
8232	0	-40.20735	-39.27118	-0.9361746	0.02242656	0.3345125	0.189953	30.90742	1.37
8233	1	-41.40997	-39.70573	-1.704235	0.04486357	0.5290821	0.2982374	15.45011	4.021073
8234	0	-41.74237	-40.25625	-1.486119	0.01071241	0.1832778	0.3884622	64.70509	3.963229
8235	1	-38.62325	-38.03719	-0.5860682	0.02503921	0.3627446	0.1289937	27.68247	2.391736
8236	0	-39.74132	-38.31228	-1.429042	0.02390484	0.3507035	0.3045275	28.9961	1.700803
8237	1	-38.32108	-37.19578	-1.125292	0.015084	0.2448873	0.2545801	45.95249	3.025648
8238	0	-37.56988	-36.71592	-0.8539555	0.02423353	0.3542261	0.1705506	28.60282	2.809478
8239	1	-41.27577	-37.90454	-3.371234	0.111317	0.7735644	0.6177981	6.226785	3.093565
8240	0	-39.31763	-37.41715	-1.900479	0.05610721	0.5954841	0.3096075	12.35398	2.227296
8241	1	-42.92183	-38.57568	-4.346156	0.1681615	0.8483764	0.7336959	4.121915	3.149995
8242	0	-37.2769	-36.63173	-0.6451656	0.01569596	0.2529892	0.1561543	44.16086	2.602397
8243	1	-37.581	-36.61436	-0.966643	0.02004786	0.3072165	0.2025216	34.57462	2.421873
8244	0	-37.3358	-36.64159	-0.6942141	0.008939509	0.1563007	0.1804286	77.5375	2.345946
8245	1	-43.23607	-40.55255	-2.683518	0.06080645	0.6189048	0.6339454	11.39924	3.933419
8246	0	-37.01526	-36.65474	-0.3605285	0.004096893	0.07610472	0.1383874	169.1885	2.428798
8247	1	-38.71682	-37.81038	-0.9064406	0.01349733	0.2232993	0.2091763	51.35438	1.652291
8248	0	-38.64525	-36.93219	-1.713069	0.04170585	0.5073329	0.3146088	16.6199	2.588903
8249	1	-37.96295	-36.83566	-1.127283	0.03231989	0.4327885	0.1999627	21.44646	3.01767
8250	0	-38.57342	-38.54506	-0.02835376	0.005018176	0.09213674	0.09799025	138.1273	2.084239
8251	1	-38.85324	-37.62051	-1.232733	0.03812051	0.4807125	0.2047194	18.18305	2.083729
8252	0	-37.79103	-37.12965	-0.6613801	0.0169403	0.2690903	0.1559416	40.91705	3.190749
8253	1	-37.70191	-36.74464	-0.9572641	0.02801688	0.3928481	0.1792706	24.74034	2.843131
8254	0	-37.62204	-36.95994	-0.6620983	0.000396228	0.007719315	0.1971377	1749.365	2.359918
8255	1	-39.98681	-37.30175	-2.685058	0.08562946	0.7122483	0.4471304	8.094728	2.926619
8256	0	-38.76155	-37.47198	-1.289568	0.02523553	0.3647955	0.2599502	27.46712	3.408064
8257	1	-39.00038	-37.13706	-1.863323	0.04736471	0.5452702	0.3375272	14.63425	2.414009
8258	0	-39.58219	-37.76619	-1.816004	0.04236072	0.5119691	0.3455076	16.36297	2.053417
8259	1	-38.74685	-37.26405	-1.4828	0.02919284	0.4041656	0.2982168	23.74374	2.281353
8260	0	-39.99728	-38.63696	-1.360313	0.01746304	0.2757084	0.311385	39.69225	3.709372
8261	1	-38.49433	-37.10995	-1.384374	0.02672462	0.3800442	0.2798521	25.93665	2.327003
8262	0	-38.3138	-37.50279	-0.811007	0.0259505	0.3721844	0.1594658	26.71036	3.214906
8263	1	-38.49762	-37.08646	-1.411153	0.03034139	0.4149218	0.2731304	22.84494	2.242325
8264	0	-37.97983	-36.96815	-1.011685	0.01821041	0.2850242	0.217423	38.06324	3.195225
8265	1	-42.03128	-38.50302	-3.52826	0.1202645	0.7896087	0.637016	5.763522	2.385859
8266	0	-37.88846	-37.04415	-0.8443108	0.006068265	0.1099537	0.2183264	114.2249	2.953117
8267	1	-39.20463	-36.9904	-2.214228	0.06827897	0.6518445	0.3567785	10.15169	2.733052
8268	0	-43.57954	-42.37547	-1.204073	0.01104371	0.1881867	0.2916253	62.76397	0.2147879
8269	1	-40.03903	-37.73946	-2.299564	0.05569179	0.593302	0.4641733	12.44613	2.718107
8270	0	-38.32723	-37.35979	-0.9674353	0.007032399	0.125896	0.2435924	98.56483	2.990821
8271	1	-41.74321	-38.47086	-3.272353	0.1095766	0.7701779	0.5735618	6.325687	2.31879
8272	0	-37.63609	-36.69408	-0.9420055	0.01900144	0.2947002	0.2005354	36.47866	2.320918
8273	1	-39.06358	-37.19231	-1.871277	0.04687393	0.5421629	0.3425896	14.78748	3.070365
8274	0	-38.77757	-37.04187	-1.735704	0.04660841	0.5404679	0.3002788	14.87172	2.349723
8275	1	-38.88351	-38.3016	-0.5819139	0.00486618	0.08951781	0.170814	142.4418	1.385556
8276	0	-38.61354	-37.47692	-1.136621	0.03491638	0.4550284	0.1945697	19.85164	2.12203
8277	1	-37.74457	-37.51681	-0.2277616	0.009346342	0.1625985	0.1125205	74.1624	2.463876
8278	0	-41.18632	-38.31758	-2.868736	0.07722695	0.6854435	0.6049965	8.975458	2.471785
8279	1	-36.8957	-36.63573	-0.2599628	0.0007059352	0.01369774	0.1312878	981.8849	2.72689
8280	0	-39.37374	-37.19018	-2.183559	0.06287223	0.6285097	0.373464	11.0247	3.059658
8281	1	-37.05888	-36.66075	-0.3981314	0.004866463	0.0895227	0.1421366	142.4335	2.381805
8282	0	-39.18589	-37.71767	-1.468225	0.02679564	0.3807581	0.3040246	25.86791	2.006253
8283	1	-38.30598	-37.2225	-1.083479	0.01368681	0.2259223	0.2490215	50.64344	3.078751
8284	0	-38.33267	-37.82713	-0.5055463	0.0212916	0.3216846	0.1254843	32.55496	2.911755
8285	1	-39.46107	-37.5391	-1.921971	0.04922695	0.5567651	0.3486219	14.08064	2.173928
8286	0	-38.24266	-37.29091	-0.9517531	0.01372725	0.2264805	0.2181629	50.49426	3.376165
8287	1	-37.26725	-36.61107	-0.6561784	0.01269348	0.2120322	0.1647239	54.60657	2.400172
8288	0	-40.35603	-38.73198	-1.624056	0.02832051	0.3958002	0.3477207	24.4751	3.728965
8289	1	-39.85773	-38.68232	-1.175418	0.049155	0.5563294	0.1654141	14.10125	2.408934
8290	0	-40.43249	-39.66792	-0.7645706	0.008599113	0.1509812	0.1945132	80.60683	4.314707
8291	1	-37.45939	-36.75737	-0.7020221	0.006057618	0.1097755	0.1893985	114.4257	2.971506
8292	0	-38.30356	-36.99318	-1.310383	0.03809178	0.4804905	0.2213392	18.19676	2.301213
8293	1	-37.81544	-37.08743	-0.7280094	0.01717102	0.2720218	0.1661434	40.36727	3.235007
8294	0	-40.20437	-39.65075	-0.5536206	0.008323795	0.146645	0.1581335	83.27298	4.179944
8295	1	-38.5937	-37.0766	-1.517101	0.05194253	0.5727244	0.2238012	13.3445	2.685957
8296	0	-37.2003	-36.70363	-0.4966751	0.01017915	0.17529	0.1455159	68.09483	2.423358
8297	1	-38.50635	-37.06115	-1.445203	0.03019129	0.4135326	0.2831904	22.95851	3.052619
8298	0	-37.45214	-36.54839	-0.9037504	0.01987221	0.3051377	0.1906492	34.88022	2.830855
8299	1	-40.65747	-37.84935	-2.808125	0.08754823	0.7178169	0.4921643	7.917318	3.251573
8300	0	-39.59671	-38.40023	-1.196488	0.01518487	0.2462312	0.2729768	45.64724	3.754158
8301	1	-38.64849	-37.12723	-1.521253	0.03105606	0.4214706	0.301857	22.31923	2.960785
8302	0	-39.01357	-37.53769	-1.475878	0.02356557	0.3470383	0.3206629	29.41355	2.804693
8303	1	-37.52473	-36.56777	-0.9569635	0.01915956	0.296612	0.2031034	36.17761	2.829104
8304	0	-38.47209	-37.19873	-1.273361	0.02517953	0.3642115	0.2559735	27.5282	2.108749
8305	1	-39.82797	-37.52174	-2.306222	0.05911718	0.610745	0.4452022	11.72497	2.628808
8306	0	-37.19476	-36.55073	-0.6440342	0.01158497	0.196119	0.1653038	59.83157	2.827059
8307	1	-38.25597	-37.52387	-0.7320978	0.02245326	0.3348101	0.1548292	30.87067	2.095578
8308	0	-37.23124	-36.7211	-0.5101401	0.00401142	0.07459798	0.1609149	172.7935	3.05464
8309	1	-40.52299	-38.52144	-2.001558	0.03577263	0.4620766	0.4565199	19.37647	2.695101
8310	0	-37.05696	-36.81318	-0.2437767	0.001387109	0.02667833	0.1279428	499.7064	2.944733
8311	1	-38.9421	-37.20625	-1.735846	0.04728012	0.544737	0.2974852	14.66044	2.245746
8312	0	-37.06498	-36.59256	-0.4724246	0.0002368257	0.004623431	0.1634457	2926.824	2.487905
8313	1	-37.77223	-36.92513	-0.8470929	0.006637087	0.1194069	0.2171826	104.4354	2.71655
8314	0	-45.18313	-41.03619	-4.14694	0.1655983	0.846052	0.6233361	4.185714	3.635671
8315	1	-40.14232	-37.92331	-2.219006	0.05994132	0.6147611	0.403296	11.56376	3.400427
8316	0	-41.05677	-38.82403	-2.23274	0.07135627	0.6640572	0.3479841	9.713894	1.950952
8317	1	-37.53538	-36.85969	-0.6756828	0.004832517	0.08893642	0.1876952	143.434	2.192217
8318	0	-38.91298	-37.30984	-1.603141	0.03577273	0.4620774	0.3064989	19.37641	2.204285
8319	1	-37.98336	-36.81594	-1.167425	0.03220392	0.4317637	0.2084941	21.52369	2.355217
8320	0	-44.01389	-38.92095	-5.09294	0.2009802	0.8730088	0.9738698	3.448833	3.224674
8321	1	-39.60419	-38.10663	-1.497557	0.03362221	0.4441096	0.2842937	20.61575	1.752945
8322	0	-42.75615	-38.94249	-3.813661	0.12498	0.7972366	0.792811	5.546066	3.406714
8323	1	-38.49626	-36.764	-1.732253	0.05076996	0.5659467	0.2821599	13.6527	2.651076
8324	0	-41.67916	-39.54746	-2.131703	0.03959022	0.4918843	0.492675	17.50804	3.659647
8325	1	-38.55079	-36.97941	-1.57138	0.04215862	0.5105455	0.2713054	16.44141	2.317956
8326	0	-38.1843	-37.22279	-0.9615091	0.02130334	0.3218191	0.1979427	32.53701	1.98742
8327	1	-39.49787	-37.46335	-2.03452	0.05313968	0.5794724	0.3691732	13.04387	2.275103
8328	0	-37.07439	-36.66529	-0.4090988	0.00489852	0.0900759	0.143639	141.5013	2.917732
8329	1	-39.20859	-37.62885	-1.579743	0.03425865	0.4495198	0.3058834	20.23276	3.394883
8330	0	-38.01651	-36.69415	-1.322353	0.03372626	0.4449995	0.2382532	20.55215	2.459199
8331	1	-42.28085	-40.66166	-1.619193	0.05218518	0.574106	0.2470084	13.28245	1.509071
8332	0	-41.04333	-40.16327	-0.8800596	0.004813866	0.08861407	0.2303178	143.9897	4.535323
8333	1	-39.26738	-37.03797	-2.22941	0.06707562	0.6468654	0.3684466	10.33382	2.649722
8334	0	-39.84454	-37.99478	-1.849764	0.0404624	0.4983417	0.3670838	17.13065	3.41446
8335	1	-41.10565	-38.49685	-2.608792	0.09979171	0.749278	0.3391789	6.945939	2.517705
8336	0	-40.43355	-37.5971	-2.836448	0.08461926	0.7092387	0.5276909	8.191364	2.953069
8337	1	-37.53024	-36.52858	-1.00166	0.02424044	0.3542999	0.1976778	28.59466	2.666683
8338	0	-39.67354	-37.76049	-1.913048	0.07012501	0.6592584	0.2572009	9.88445	2.518194
8339	1	-40.79936	-39.2265	-1.572861	0.06393806	0.6333109	0.1997504	10.84092	3.241022
8340	0	-38.90328	-37.92518	-0.9781051	0.003515869	0.06579652	0.2587445	197.1482	2.041655
8341	1	-39.08382	-37.40701	-1.676805	0.03904673	0.4877961	0.3150178	17.75173	2.158412
8342	0	-37.99895	-36.67231	-1.326645	0.03888887	0.4865992	0.2224491	17.82379	2.786636
8343	1	-39.92189	-39.05109	-0.8707984	0.004511166	0.08336085	0.2291724	153.6514	1.129446
8344	0	-38.44214	-37.70926	-0.7328822	0.02603439	0.3730431	0.1473071	26.62429	2.215203
8345	1	-37.80757	-37.55192	-0.2556534	0.00879105	0.1539863	0.1166143	78.84692	2.23844
8346	0	-37.49585	-36.56236	-0.9334966	0.02392399	0.3509095	0.1854798	28.97289	2.644525
8347	1	-38.56929	-37.39434	-1.174946	0.04173073	0.5075104	0.1836176	16.60999	2.98471
8348	0	-40.76616	-38.59921	-2.166954	0.06077271	0.6187446	0.3783709	11.40557	1.870294
8349	1	-37.60153	-36.68594	-0.9155911	0.01775526	0.2793712	0.1987763	39.03898	2.324159
8350	0	-39.97841	-38.20219	-1.776214	0.02990263	0.4108469	0.3959186	23.18014	2.970928
8351	1	-39.25851	-37.6982	-1.560307	0.03546926	0.4595952	0.294909	19.54219	1.946917
8352	0	-37.44858	-36.68176	-0.7668118	0.009492598	0.1648467	0.1925046	73.01976	2.923596
8353	1	-38.81982	-37.06118	-1.758643	0.05877831	0.6090738	0.2587176	11.79257	2.912132
8354	0	-39.78537	-37.77786	-2.007514	0.05742509	0.6022829	0.3382293	12.07046	3.416784
8355	1	-38.37074	-37.07125	-1.299489	0.02170717	0.3264224	0.2759591	31.93172	2.705537
8356	0	-39.44778	-38.25805	-1.18973	0.03782397	0.4784132	0.1969258	18.3256	1.915059
8357	1	-38.31992	-37.21779	-1.102126	0.02513303	0.3637259	0.215831	27.57914	2.01668
8358	0	-37.84453	-37.00968	-0.8348481	0.0135108	0.2234861	0.1946873	51.30319	2.047661
8359	1	-39.45911	-38.30563	-1.15348	0.01167499	0.1974278	0.2747769	59.37025	1.661086
8360	0	-37.88299	-37.10592	-0.7770675	0.01948133	0.3004797	0.1688945	35.58008	3.226484
8361	1	-37.1592	-36.50454	-0.654665	0.009643757	0.1671616	0.1717153	71.87523	2.613642
8362	0	-38.05326	-37.32307	-0.7301943	0.0124988	0.2092694	0.1778671	55.45711	3.441893
8363	1	-39.77951	-38.22728	-1.552227	0.02331122	0.3442708	0.3473496	29.73449	3.308447
8364	0	-37.96126	-37.11506	-0.8461996	0.01710601	0.2711975	0.1871593	40.52068	2.009516
8365	1	-39.34556	-38.14221	-1.203344	0.04927147	0.5570342	0.1698188	14.06792	2.754214
8366	0	-39.0892	-37.53732	-1.551878	0.03465373	0.4528386	0.2958221	20.0021	2.027893
8367	1	-37.10669	-36.54263	-0.5640565	0.004787333	0.08815523	0.1679778	144.7878	2.743144
8368	0	-39.44645	-38.10658	-1.339868	0.01533937	0.2482831	0.3143743	45.18746	2.099414
8369	1	-37.7616	-37.29345	-0.468152	0.01375959	0.2269265	0.1344489	50.37558	3.10072
8370	0	-39.97614	-37.71327	-2.262865	0.05461694	0.5875676	0.4542932	12.69107	2.879019
8371	1	-37.61914	-36.74351	-0.8756348	0.01794173	0.2816948	0.1904881	38.63323	2.259948
8372	0	-39.49759	-37.9496	-1.547991	0.04083147	0.5010365	0.270049	16.97581	3.566886
8373	1	-39.11648	-38.03289	-1.083597	0.01335871	0.2213724	0.2502078	51.88728	1.660128
8374	0	-37.08799	-36.52694	-0.5610525	0.004926528	0.09055885	0.1671449	140.6969	2.60367
8375	1	-40.62923	-39.93334	-0.6958974	0.03373474	0.4450719	0.1273271	20.54699	2.088386
8376	0	-37.85498	-36.93704	-0.917938	0.00979999	0.169545	0.2229403	70.72937	2.894293
8377	1	-38.9173	-37.46338	-1.453918	0.03863446	0.4846614	0.2535513	17.94117	2.033255
8378	0	-38.26674	-37.17876	-1.087982	0.02445079	0.3565394	0.2148606	28.34867	3.332461
8379	1	-40.28664	-39.06486	-1.221773	0.007525362	0.1338971	0.3119587	92.10815	1.55943
8380	0	-40.21539	-38.89759	-1.317801	0.0139529	0.2295851	0.3135951	49.67764	1.538308
8381	1	-39.05643	-38.66991	-0.3865204	0.000462815	0.009008752	0.1495131	1497.676	1.254951
8382	0	-39.53654	-37.41836	-2.11818	0.05573295	0.5935191	0.3869491	12.43694	2.362943
8383	1	-37.42087	-36.84825	-0.5726248	0.0009698778	0.01875481	0.1788103	714.6748	2.203555
8384	0	-38.19169	-36.92685	-1.264839	0.02239663	0.3341787	0.2639774	30.94872	2.608813
8385	1	-37.21694	-36.59415	-0.6227854	0.01376564	0.2270099	0.1569194	50.35344	2.754375
8386	0	-38.31121	-37.13836	-1.172854	0.0408222	0.5009691	0.1856006	16.97966	2.640034
8387	1	-40.7193	-38.11799	-2.601308	0.06662713	0.6449792	0.5378227	10.40338	2.472099
8388	0	-40.29858	-38.27113	-2.02745	0.04526042	0.53171	0.4097301	15.31464	3.447074
8389	1	-40.41654	-37.84901	-2.56753	0.09011781	0.7249834	0.3731273	7.691567	3.192572
8390	0	-39.57647	-37.4152	-2.161273	0.06739318	0.6481908	0.3426374	10.28512	3.209768
8391	1	-40.14278	-38.97947	-1.163309	0.008332496	0.1467825	0.2909072	83.18602	3.863595
8392	0	-37.49425	-36.81188	-0.6823727	0.009521525	0.1652904	0.1768448	72.79792	2.156832
8393	1	-39.72926	-37.57383	-2.155433	0.06617518	0.6430615	0.3465537	10.47443	2.262383
8394	0	-38.1636	-36.80998	-1.353623	0.04184954	0.508356	0.2191715	16.56284	2.885441
8395	1	-37.54852	-36.97437	-0.5741493	0.01669006	0.2658918	0.1434212	41.53055	2.920244
8396	0	-38.39428	-37.2953	-1.098988	0.01640171	0.2621818	0.2433979	42.26066	2.048988
8397	1	-41.96544	-38.67242	-3.293018	0.1285948	0.8027401	0.4475902	5.390165	3.136719
8398	0	-37.45111	-37.10926	-0.3418492	0.01036637	0.1781067	0.1243145	66.86501	2.809468
8399	1	-40.44172	-38.27945	-2.162278	0.04442074	0.5261225	0.474465	15.60414	2.797379
8400	0	-39.3559	-38.77962	-0.5762862	0.02254704	0.3358537	0.1323151	30.74227	3.42246
8401	1	-38.67692	-36.92613	-1.750792	0.05461861	0.5875766	0.2722298	12.69068	2.535603
8402	0	-38.93593	-38.12496	-0.8109655	0.02874361	0.3998791	0.1532901	24.11482	3.321836
8403	1	-38.89114	-37.47013	-1.421006	0.02313627	0.3423574	0.3053878	29.95934	2.342957
8404	0	-37.84425	-37.17916	-0.6650902	0.008209905	0.1448424	0.1770652	84.42816	1.904318
8405	1	-40.98942	-39.18061	-1.808811	0.03402305	0.4475263	0.3859084	20.37287	1.564449
8406	0	-37.67752	-36.90157	-0.7759551	0.02440508	0.3560537	0.1573713	28.40176	2.603021
8407	1	-38.11015	-36.87145	-1.238709	0.04008412	0.4955565	0.2003126	17.29232	2.670196
8408	0	-37.6342	-36.66744	-0.9667609	0.01557703	0.2514242	0.2157499	44.49803	2.774577
8409	1	-40.23846	-39.08598	-1.152478	0.01238963	0.2077141	0.2717446	55.94577	1.259324
8410	0	-42.04384	-40.58673	-1.45711	0.006195684	0.1120832	0.4022164	111.8758	3.878239
8411	1	-37.88166	-36.9867	-0.8949668	0.01956492	0.3014796	0.1898041	35.42806	2.1051
8412	0	-38.7618	-36.84474	-1.917057	0.05799225	0.6051522	0.3065113	11.95241	2.824759
8413	1	-37.75124	-37.14551	-0.6057207	0.006763785	0.1214938	0.1703025	102.4792	3.369302
8414	0	-40.53649	-39.38827	-1.148221	0.008638855	0.1516046	0.2853137	80.236	4.106409
8415	1	-37.51342	-36.76433	-0.7490907	0.02181735	0.3276706	0.1589037	31.77045	2.667443
8416	0	-38.63969	-37.23211	-1.407575	0.02398599	0.3515757	0.2977186	28.89801	2.680498
8417	1	-37.04732	-36.53684	-0.510471	0.004637893	0.08556512	0.15955	149.453	2.49263
8418	0	-37.90296	-36.99327	-0.9096893	0.0184582	0.2880754	0.1956542	37.55226	3.250441
8419	1	-38.19679	-36.66371	-1.533082	0.04205315	0.5098001	0.2615006	16.48264	2.686252
8420	0	-40.36349	-38.09076	-2.272726	0.05120556	0.5684844	0.4814455	13.53656	2.557759
8421	1	-40.1395	-38.0501	-2.089398	0.05610999	0.5954986	0.3739735	12.35336	3.494248
8422	0	-41.42837	-39.53681	-1.89156	0.02907048	0.4030024	0.4495779	23.84368	3.630394
8423	1	-40.44739	-37.63793	-2.809455	0.08346464	0.705731	0.5220834	8.30468	3.024748
8424	0	-39.58294	-38.50145	-1.08149	0.01231895	0.206705	0.2533757	56.26675	3.858483
8425	1	-43.07885	-38.99386	-4.084992	0.1676732	0.8479389	0.5689702	4.133918	2.883789
8426	0	-38.8414	-37.53823	-1.303169	0.04700806	0.5430154	0.1937426	14.74528	3.023619
8427	1	-38.35987	-37.43495	-0.9249191	0.02030525	0.3102466	0.1935405	34.13635	1.885791
8428	0	-40.59561	-37.94577	-2.64984	0.08195379	0.7010286	0.4546622	8.457781	2.279325
8429	1	-43.83592	-40.96356	-2.872367	0.06901284	0.6548238	0.6819025	10.04374	4.033358
8430	0	-38.11405	-37.16081	-0.9532474	0.02195175	0.3291887	0.1945242	31.57594	2.031386
8431	1	-38.27604	-36.93083	-1.345204	0.03958973	0.4918806	0.2243836	17.50826	3.07308
8432	0	-38.59865	-37.29903	-1.299627	0.02250803	0.3354198	0.2728926	30.79555	3.184541
8433	1	-37.64421	-36.74162	-0.9025933	0.01810657	0.2837401	0.1952381	38.28152	3.069388
8434	0	-39.79773	-38.42137	-1.376355	0.01440982	0.2358183	0.3303662	48.10243	3.27515
8435	1	-41.29302	-38.10307	-3.189959	0.09863034	0.7465676	0.6165253	7.027728	2.480191
8436	0	-37.60484	-37.353	-0.2518403	0.005253089	0.09616429	0.1221239	131.9504	3.168702
8437	1	-41.18071	-39.48592	-1.694792	0.01712294	0.2714123	0.4371661	40.48061	2.612831
8438	0	-38.43925	-37.42176	-1.017498	0.0192932	0.2982221	0.2153709	35.92702	3.467817
8439	1	-37.97425	-37.19834	-0.7759126	0.02218973	0.3318646	0.1623671	31.2373	2.173499
8440	0	-40.42277	-39.83813	-0.5846459	0.003718979	0.06941755	0.1740796	186.381	0.8872653
8441	1	-40.36161	-37.83461	-2.526999	0.066569	0.6447335	0.4997167	10.41246	2.493358
8442	0	-39.03759	-37.90849	-1.129108	0.01507587	0.2447789	0.2555827	45.97725	1.741974
8443	1	-37.22185	-36.95727	-0.2645852	0.001100031	0.02123575	0.1311639	630.1161	3.128024
8444	0	-38.15201	-36.91547	-1.236547	0.0218273	0.3277831	0.2586858	31.75598	2.836248
8445	1	-37.22168	-36.87203	-0.3496515	0.001445708	0.0277843	0.1421142	479.4518	2.114125
8446	0	-38.19897	-37.4929	-0.7060688	0.006896658	0.1236752	0.1879258	100.5048	1.739
8447	1	-38.24611	-38.0648	-0.1813114	0.002156308	0.04106274	0.1188964	321.4509	1.741983
8448	0	-38.51837	-37.61537	-0.903	0.00277593	0.05244314	0.2425453	249.6991	2.169815
8449	1	-37.09667	-36.62227	-0.4743982	0.005422501	0.09905381	0.1522008	127.8279	2.922358
8450	0	-38.1289	-38.08667	-0.0422303	0.006146676	0.111265	0.09778813	112.7678	2.502381
8451	1	-39.04884	-37.95866	-1.090179	0.01890486	0.2935288	0.2328811	36.66502	3.68504
8452	0	-37.06499	-36.59037	-0.4746173	0.000261633	0.005106081	0.163747	2649.311	2.500474
8453	1	-38.1874	-37.51775	-0.669652	0.0003470923	0.006766383	0.1987704	1997.011	3.465777
8454	0	-37.63156	-37.6515	0.01994476	0.0009831613	0.0190084	0.09884653	705.0187	2.452314
8455	1	-37.92676	-37.36614	-0.5606168	0.0004293724	0.008361426	0.1780301	1614.326	1.780006
8456	0	-38.33355	-37.42893	-0.9046195	0.00339609	0.0636522	0.2408194	204.1015	2.843972
8457	1	-37.38515	-36.97192	-0.4132247	0.009114164	0.1590123	0.1358945	76.05165	3.030177
8458	0	-40.02234	-37.71219	-2.31016	0.05781599	0.6042641	0.4552502	11.98885	3.025395
8459	1	-38.17645	-37.15767	-1.01878	0.01006519	0.1735691	0.2456726	68.8658	2.728991
8460	0	-43.56579	-39.55408	-4.011712	0.1237893	0.79536	0.982848	5.59941	2.355308
8461	1	-39.83282	-37.28088	-2.551944	0.08381022	0.7067886	0.4015916	8.270437	2.641652
8462	0	-40.05787	-38.0797	-1.978163	0.07561277	0.6797988	0.2540299	9.167065	2.576701
8463	1	-42.35032	-39.20949	-3.14083	0.08228252	0.7020628	0.7394463	8.42399	3.284193
8464	0	-37.59057	-36.80482	-0.7857474	0.02069036	0.314745	0.1674818	33.50097	2.351859
8465	1	-37.98034	-36.89586	-1.084472	0.03503369	0.4560023	0.1843774	19.78516	2.615761
8466	0	-38.20048	-36.8584	-1.34208	0.03474111	0.4535686	0.2395413	19.95179	2.316815
8467	1	-39.43042	-37.10627	-2.324147	0.06846838	0.6526176	0.3971675	10.12361	2.7038
8468	0	-42.9962	-38.53265	-4.463552	0.1599697	0.8406953	0.9263099	4.332992	3.105308
8469	1	-39.0608	-38.09286	-0.9679391	0.01518466	0.2462284	0.2172048	45.64786	1.556278
8470	0	-39.66999	-37.64068	-2.029315	0.0752603	0.6785432	0.2686966	9.209997	2.830952
8471	1	-37.82852	-36.93293	-0.8955844	0.01147004	0.1944436	0.2129291	60.43113	2.210036
8472	0	-41.07433	-39.40114	-1.673181	0.02515418	0.3639468	0.3819356	27.55594	3.859658
8473	1	-38.79675	-37.48326	-1.313485	0.04574497	0.5348879	0.1992756	15.15242	3.094119
8474	0	-42.52062	-38.31134	-4.209286	0.1485848	0.8286726	0.8436739	4.664994	2.774979
8475	1	-42.0405	-38.31264	-3.727858	0.1330107	0.8090909	0.6495884	5.211215	2.539544
8476	0	-40.25465	-38.18934	-2.065316	0.04120066	0.50371	0.4506599	16.82369	2.807352
8477	1	-41.78293	-38.29399	-3.48894	0.1064124	0.7637772	0.7448258	6.513782	2.932095
8478	0	-40.33395	-38.83861	-1.495339	0.01906187	0.2954317	0.3484416	36.36302	3.616027
8479	1	-38.91693	-37.19755	-1.719384	0.05666211	0.5983694	0.256306	12.23299	2.444884
8480	0	-38.05531	-37.10761	-0.9477008	0.008081116	0.1427977	0.2353203	85.77369	2.752424
8481	1	-38.11828	-37.36101	-0.7572716	0.0007818268	0.01515536	0.215644	886.5739	3.157271
8482	0	-37.71734	-36.58591	-1.131431	0.02699672	0.3827728	0.2164748	25.67524	2.847175
8483	1	-40.43329	-38.81742	-1.615868	0.03981562	0.4935652	0.2931927	17.40893	1.588636
8484	0	-39.21025	-37.03879	-2.171457	0.06902577	0.654876	0.3382531	10.04186	2.928348
8485	1	-38.48573	-37.01973	-1.466001	0.02931554	0.4053285	0.292741	23.64436	2.575382
8486	0	-38.11686	-36.65709	-1.459774	0.04194529	0.5090359	0.2433869	16.52503	2.728946
8487	1	-40.11404	-37.54947	-2.56457	0.08176977	0.7004469	0.4185869	8.476815	2.435455
8488	0	-39.07602	-37.83284	-1.243186	0.01200443	0.2021926	0.2991701	57.74096	2.51281
8489	1	-37.51111	-36.54483	-0.966283	0.02369839	0.3484768	0.1922735	29.2487	2.595199
8490	0	-38.90463	-37.32164	-1.582986	0.03019745	0.4135897	0.3249968	22.95383	2.827097
8491	1	-38.06654	-37.01427	-1.052264	0.02147124	0.3237385	0.2162339	32.28258	3.243367
8492	0	-37.57875	-36.90223	-0.6765173	0.001877556	0.03588309	0.1958592	369.1752	2.346289
8493	1	-38.57295	-37.48584	-1.087109	0.03249189	0.4343032	0.1916226	21.33293	3.317403
8494	0	-39.44497	-38.40136	-1.043613	0.01303863	0.2168977	0.2414904	53.16104	3.852837
8495	1	-41.65678	-38.33049	-3.326288	0.1194804	0.7882879	0.5263144	5.801347	2.462018
8496	0	-39.40098	-38.06604	-1.334948	0.03098478	0.4208224	0.2507999	22.37057	1.727312
8497	1	-43.40261	-41.04727	-2.355344	0.03406383	0.4478721	0.6661781	20.34848	3.134487
8498	0	-39.98103	-38.35483	-1.626197	0.02342645	0.3455267	0.3734092	29.58823	2.252992
8499	1	-39.02722	-36.95472	-2.072504	0.05931519	0.6117161	0.3514314	11.68583	2.844002
8500	0	-39.41082	-37.44061	-1.970204	0.06118715	0.6207053	0.308978	11.32831	2.279952
8501	1	-43.72248	-40.99704	-2.725434	0.04866379	0.5533375	0.7847821	14.24359	2.822246
8502	0	-39.94346	-37.91525	-2.028213	0.04941531	0.5579022	0.3866692	14.02697	2.089557
8503	1	-38.10788	-37.34453	-0.7633558	0.007252327	0.129478	0.1980086	95.57583	3.438497
8504	0	-37.4193	-36.8367	-0.5826028	0.01129675	0.1919084	0.1560888	61.35813	2.207757
8505	1	-42.33243	-39.33467	-2.997766	0.08229322	0.7020963	0.6407799	8.422895	2.005234
8506	0	-37.64829	-37.59283	-0.05545549	0.001678992	0.03217053	0.1055452	412.8353	3.045018
8507	1	-41.59029	-39.84003	-1.750261	0.06010569	0.615554	0.2517924	11.53214	1.787608
8508	0	-38.93182	-38.16797	-0.763849	0.0281747	0.3943852	0.1474151	24.60176	3.280393
8509	1	-38.65649	-36.92823	-1.728262	0.04192042	0.5088595	0.3184583	16.53483	2.727271
8510	0	-40.40806	-38.03859	-2.369466	0.05585578	0.5941656	0.4966292	12.40959	2.595503
8511	1	-39.928	-38.00046	-1.927545	0.03722001	0.4736821	0.4153714	18.62297	2.802034
8512	0	-37.78994	-37.70734	-0.08259321	0.005021925	0.09220121	0.1034465	138.0242	2.41632
8513	1	-39.02701	-38.05372	-0.9732899	0.01305173	0.2170815	0.2250497	53.1077	1.569181
8514	0	-38.77953	-36.94731	-1.832215	0.04960393	0.5590364	0.3170018	13.97363	2.987443
8515	1	-37.65632	-37.07186	-0.5844548	0.009678742	0.1676961	0.1599935	71.61542	3.287497
8516	0	-38.12789	-37.57817	-0.5497162	0.01048719	0.1799173	0.1527763	66.09468	3.484109
8517	1	-40.34214	-39.19615	-1.145993	0.009274526	0.1614914	0.282134	74.73667	4.037579
8518	0	-37.42848	-37.41215	-0.01633335	0.0007301146	0.01416246	0.1028654	949.3676	2.776414
8519	1	-38.1023	-37.67877	-0.4235246	0.01103938	0.1881227	0.1336177	62.7886	1.951666
8520	0	-41.66988	-39.6915	-1.978385	0.02737592	0.3865462	0.5022367	25.3196	2.296172
8521	1	-37.41861	-36.89032	-0.528292	0.003037177	0.05718695	0.1661332	228.2209	2.072092
8522	0	-38.32697	-36.93098	-1.395984	0.02801411	0.392821	0.2780097	24.74279	2.535929
8523	1	-37.89402	-36.99394	-0.9000791	0.01926437	0.2978751	0.1915886	35.98079	3.244168
8524	0	-41.4596	-38.26201	-3.197594	0.0959876	0.7401994	0.6448814	7.221216	2.462394
8525	1	-41.83083	-40.1375	-1.693334	0.02103273	0.318709	0.4130732	32.95565	1.344963
8526	0	-39.4947	-37.86088	-1.633826	0.05642812	0.5971567	0.2360678	12.28372	3.265887
8527	1	-42.84731	-40.37553	-2.471774	0.04319834	0.5178018	0.6578334	16.04569	2.234625
8528	0	-40.95783	-38.02905	-2.928787	0.08533579	0.711379	0.5729093	8.122584	2.456516
8529	1	-39.47638	-38.06465	-1.411726	0.01652034	0.2637114	0.3322074	41.95719	2.846957
8530	0	-38.10362	-37.45516	-0.6484577	0.02440228	0.356024	0.1385388	28.40501	2.509227
8531	1	-39.70681	-37.46719	-2.239618	0.0680286	0.6508182	0.3672494	10.18906	3.229376
8532	0	-39.65342	-38.63211	-1.021314	0.006421155	0.1158345	0.2593061	107.9474	3.84051
8533	1	-38.35033	-36.78681	-1.563516	0.04083416	0.501056	0.2742639	16.97469	2.488794
8534	0	-38.0633	-36.86913	-1.19417	0.03849911	0.4836259	0.1959246	18.00424	2.779252
8535	1	-41.68828	-40.64657	-1.041708	0.05311152	0.5793156	0.1368454	13.05079	2.931934
8536	0	-38.5803	-36.8157	-1.764605	0.05433924	0.586065	0.2771075	12.75592	2.832397
8537	1	-38.71301	-37.2042	-1.508803	0.05214755	0.5738923	0.2213099	13.29204	2.558946
8538	0	-38.4504	-38.0345	-0.4158998	0.01672749	0.2663715	0.1223649	41.4376	3.160162
8539	1	-38.41431	-37.333	-1.08131	0.0365646	0.4684742	0.1798633	18.95678	3.071853
8540	0	-38.87798	-37.72752	-1.150465	0.0109013	0.1860815	0.2769602	63.58393	2.185863
8541	1	-40.54048	-38.30057	-2.23991	0.05437542	0.5862613	0.445501	12.74744	2.065737
8542	0	-37.75636	-36.96581	-0.7905499	0.01336588	0.2214722	0.1866329	51.85945	3.246045
8543	1	-41.04189	-39.19896	-1.84294	0.02847475	0.3972919	0.4318613	24.34252	3.507831
8544	0	-38.36349	-37.54691	-0.8165769	0.01516837	0.2460117	0.1867384	45.69687	3.536413
8545	1	-38.26683	-36.98283	-1.284002	0.04282581	0.515221	0.2016316	16.18527	2.625765
8546	0	-36.98863	-36.73134	-0.2572887	0.001215673	0.02343305	0.1299978	570.1755	2.881753
8547	1	-37.50149	-37.07242	-0.4290724	0.01351323	0.2235198	0.1297468	51.29398	2.760555
8548	0	-39.85104	-39.00133	-0.8497134	0.005916251	0.1074041	0.219981	117.1599	1.140127
8549	1	-38.8254	-37.51497	-1.310433	0.02458737	0.3579875	0.2678726	28.19118	3.397803
8550	0	-41.22968	-40.00807	-1.22161	0.002090607	0.03984528	0.3367966	331.5531	1.312418
8551	1	-40.51931	-37.69249	-2.826811	0.08303312	0.7044011	0.534472	8.34784	2.605627
8552	0	-39.17499	-37.47198	-1.703006	0.06079586	0.6188546	0.2378404	11.40122	2.529387
8553	1	-37.62836	-36.79193	-0.8364317	0.02041326	0.3115124	0.1768804	33.95574	2.288517
8554	0	-37.48068	-36.55212	-0.9285547	0.01890232	0.2934979	0.1981334	36.66996	2.515481
8555	1	-39.78953	-37.6882	-2.101328	0.05128686	0.5689554	0.4051459	13.5151	2.290838
8556	0	-37.96679	-36.82701	-1.139775	0.02778227	0.3905525	0.2158799	24.94926	3.105762
8557	1	-40.1894	-37.67431	-2.515087	0.06644652	0.6442149	0.4946542	10.43166	2.826541
8558	0	-38.76265	-37.84513	-0.9175252	0.0007924823	0.01535979	0.2530866	874.6532	3.025218
8559	1	-41.40464	-38.94507	-2.459565	0.06327415	0.6303323	0.4893857	10.95467	3.654104
8560	0	-37.46231	-36.79075	-0.6715625	0.003066306	0.0577139	0.1916458	226.0528	2.857747
8561	1	-39.09964	-37.8859	-1.213741	0.02090362	0.317218	0.2561738	33.1592	3.606787
8562	0	-37.46152	-36.82878	-0.6327338	0.001219019	0.02349651	0.1892209	568.6108	2.38476
8563	1	-42.00342	-38.36185	-3.641577	0.1401748	0.8186046	0.5385371	4.944876	2.718548
8564	0	-37.6758	-36.96068	-0.7151187	0.007335307	0.1308243	0.1884629	94.49464	3.212538
8565	1	-39.67461	-37.88851	-1.786101	0.04916512	0.5563908	0.3045975	14.09835	3.502264
8566	0	-38.52964	-37.94969	-0.5799534	0.006036538	0.1094224	0.1676841	114.8253	1.538961
8567	1	-40.06861	-38.58124	-1.487375	0.04807729	0.5497234	0.2294378	14.41735	3.57395
8568	0	-39.30481	-39.39166	0.08684757	0.0003176133	0.006194084	0.09332306	2182.362	3.53962
8569	1	-39.31433	-37.33289	-1.981439	0.04668114	0.5409332	0.3835304	14.84855	2.772995
8570	0	-36.90502	-36.56081	-0.3442086	0.000736989	0.01429452	0.1427649	940.5122	2.762989
8571	1	-40.04993	-37.8609	-2.18903	0.07650596	0.6829434	0.3097302	9.060042	3.225793
8572	0	-37.95278	-36.86115	-1.091628	0.0177057	0.2787518	0.2372032	39.14826	2.41609
8573	1	-37.50007	-36.79734	-0.7027343	0.01008433	0.1738585	0.1790533	68.73506	2.172921
8574	0	-39.75952	-37.65146	-2.108061	0.06034558	0.6167065	0.3588899	11.4863	2.182073
8575	1	-40.06558	-38.37571	-1.689871	0.03309773	0.4395911	0.3471409	20.94244	3.610065
8576	0	-38.49437	-37.16836	-1.326013	0.02529626	0.365428	0.2693676	27.40118	2.207553
8577	1	-37.27736	-36.95688	-0.3204825	0.0057514	0.1046278	0.1298837	120.518	3.0081
8578	0	-37.52258	-36.67329	-0.8492902	0.02358528	0.347252	0.1713184	29.38898	2.590467
8579	1	-38.15166	-36.80831	-1.343352	0.03093831	0.4203991	0.2530826	22.40417	3.007303
8580	0	-38.76547	-37.69353	-1.071933	0.01804422	0.2829674	0.2314677	38.41381	3.571483
8581	1	-38.22951	-37.22787	-1.001643	0.03541136	0.4591197	0.1688179	19.57414	2.839063
8582	0	-42.55642	-42.00632	-0.5501007	0.01273933	0.212681	0.1480493	54.41003	0.8272625
8583	1	-37.906	-37.4866	-0.4194	0.004211947	0.07812769	0.1465407	164.5669	1.777019
8584	0	-39.72077	-38.62409	-1.096686	0.03547989	0.4596824	0.1854704	19.53634	3.583351
8585	1	-40.055	-38.38377	-1.671229	0.02381645	0.3497514	0.3884627	29.10372	2.773891
8586	0	-38.3401	-37.33321	-1.006888	0.008272126	0.1458279	0.248996	83.79312	2.389149
8587	1	-38.46017	-37.35328	-1.106895	0.02211546	0.3310312	0.2263067	31.3422	1.933693
8588	0	-39.30839	-38.06888	-1.239512	0.01892146	0.2937303	0.2703256	36.63287	1.703246
8589	1	-40.75206	-39.48107	-1.270994	0.03402659	0.4475562	0.2253676	20.37075	3.970311
8590	0	-38.319	-36.90937	-1.409636	0.02855001	0.3980178	0.2797055	24.27835	2.762253
8591	1	-40.66024	-39.26322	-1.39702	0.0114916	0.1947583	0.3514581	60.31772	1.674888
8592	0	-37.61319	-36.8899	-0.7232814	0.008583215	0.1507316	0.1866874	80.75613	3.173983
8593	1	-38.389	-36.72018	-1.668814	0.04727676	0.5447158	0.2782111	14.66148	2.681636
8594	0	-37.04717	-36.72969	-0.317485	0.00244904	0.04646201	0.1356789	283.0282	2.320333
8595	1	-41.56514	-39.37759	-2.187555	0.08353204	0.7059378	0.280052	8.297979	2.211514
8596	0	-39.64046	-38.4821	-1.158356	0.005441775	0.09938176	0.3015352	127.3752	3.230912
8597	1	-40.71081	-38.74602	-1.964789	0.04253808	0.5132132	0.3999316	16.29475	1.766969
8598	0	-37.54491	-36.81951	-0.7253964	0.003776173	0.07043379	0.2002277	183.5581	2.695011
8599	1	-38.32063	-36.80251	-1.518121	0.04208708	0.5100401	0.257494	16.46936	2.998806
8600	0	-37.41236	-37.17725	-0.2351096	0.0041582	0.07718341	0.1219696	166.6941	3.081705
8601	1	-39.97832	-38.14654	-1.83178	0.03428237	0.4497198	0.3934311	20.21877	2.203425
8602	0	-39.63071	-38.3064	-1.32431	0.01911786	0.2961085	0.2934335	36.25652	1.685247
8603	1	-41.82908	-38.89793	-2.931156	0.1167489	0.7835639	0.3684674	5.937078	2.628062
8604	0	-37.9624	-36.84758	-1.114825	0.0185567	0.289283	0.2398689	37.35294	2.885958
8605	1	-39.54505	-38.08506	-1.459982	0.01867215	0.2906949	0.3381937	37.12199	2.992044
8606	0	-42.12279	-39.77396	-2.34883	0.05973842	0.6137786	0.4605222	11.60304	3.944746
8607	1	-38.03519	-36.79789	-1.237303	0.03194525	0.429468	0.2244029	21.69797	2.334716
8608	0	-43.01466	-38.95654	-4.058125	0.1366337	0.8140181	0.8587065	5.073033	2.409296
8609	1	-42.07778	-39.80456	-2.273221	0.05804183	0.6054014	0.4373433	11.9422	1.543164
8610	0	-39.81267	-38.64617	-1.166504	0.01100195	0.1875701	0.2810384	63.00222	3.787669
8611	1	-37.8098	-36.97954	-0.8302594	0.006681992	0.1201473	0.2134218	103.7336	2.978114
8612	0	-38.52103	-36.97682	-1.544214	0.05093948	0.5669371	0.2332335	13.60727	2.604235
8613	1	-38.86869	-37.54851	-1.320186	0.01887454	0.2931605	0.2932319	36.72392	2.259181
8614	0	-39.73154	-37.68626	-2.045271	0.04516711	0.5310941	0.4176475	15.34628	2.755375
8615	1	-39.62692	-37.86087	-1.76605	0.06690905	0.6461668	0.2323602	10.35954	2.956227
8616	0	-40.24529	-37.70931	-2.535979	0.08234422	0.7022562	0.403501	8.417679	3.250606
8617	1	-41.4272	-39.86676	-1.560447	0.01477618	0.2407653	0.3950923	46.90978	3.788564
8618	0	-39.5506	-37.20918	-2.341427	0.06895365	0.6545851	0.4013299	10.05236	2.998997
8619	1	-37.34724	-37.10178	-0.2454632	0.00704044	0.1260274	0.1183221	98.45225	2.701706
8620	0	-39.10251	-37.84443	-1.258075	0.0150537	0.2444829	0.2908555	46.04498	2.065094
8621	1	-37.29058	-36.91282	-0.3777619	0.009981563	0.1723031	0.1295624	69.44275	2.569613
8622	0	-38.74069	-38.09151	-0.6491716	0.01539748	0.2490529	0.1574435	45.01692	1.702398
8623	1	-37.62244	-37.16505	-0.4573885	0.01039577	0.1785478	0.1394824	66.67591	3.180438
8624	0	-38.09605	-37.25475	-0.8412944	0.002821446	0.05327193	0.2278847	245.6709	2.820973
8625	1	-39.18575	-37.01271	-2.173036	0.06864461	0.6533343	0.3406165	10.09762	2.898783
8626	0	-37.20726	-36.55145	-0.655818	0.008529552	0.1498885	0.1746406	81.26419	2.475668
8627	1	-41.9294	-40.00114	-1.928265	0.03155962	0.4260199	0.4502723	21.96311	3.939687
8628	0	-37.38613	-36.68807	-0.6980607	0.01877527	0.2919528	0.1576285	36.91808	2.645348
8629	1	-40.51361	-37.84869	-2.664922	0.07511199	0.6780124	0.5084083	9.228183	3.170187
8630	0	-39.58293	-38.16198	-1.420951	0.01813365	0.2840752	0.3277316	38.22436	3.243189
8631	1	-38.95095	-36.93202	-2.018926	0.0642847	0.6348504	0.3105163	10.78246	2.808125
8632	0	-37.35904	-36.7376	-0.6214402	0.003247509	0.06098301	0.1818109	213.4397	2.939693
8633	1	-38.52149	-37.53837	-0.983122	0.01882325	0.2925368	0.2094792	36.824	3.525692
8634	0	-38.97166	-38.72595	-0.2457125	0.00357927	0.06692887	0.124282	193.656	3.772543
8635	1	-37.18724	-36.59853	-0.58871	0.007072634	0.1265528	0.1667012	98.00411	2.37026
8636	0	-37.4861	-36.9739	-0.5121948	0.006406337	0.1155886	0.1558821	108.1971	3.241053
8637	1	-39.64955	-38.55091	-1.098646	0.0383367	0.4823792	0.1784841	18.08051	1.963466
8638	0	-40.03624	-38.19217	-1.844071	0.0507085	0.5655868	0.3158161	13.66925	3.593878
8639	1	-37.54391	-36.70536	-0.8385412	0.01934487	0.2988432	0.1799493	35.83106	3.009561
8640	0	-38.29225	-36.74539	-1.546859	0.04187968	0.5085702	0.2657788	16.55092	2.925545
8641	1	-38.0686	-36.88369	-1.184911	0.01982824	0.304616	0.2527034	34.95757	2.689736
8642	0	-39.62171	-37.8126	-1.809109	0.0371539	0.4731603	0.3693229	18.65611	2.203308
8643	1	-41.33315	-38.44429	-2.888853	0.07516376	0.6781979	0.6355461	9.221827	2.647456
8644	0	-41.71703	-38.30489	-3.412143	0.1324808	0.8083495	0.4772828	5.232057	2.888813
8645	1	-38.56041	-36.96778	-1.592624	0.03700872	0.4720117	0.2980428	18.72929	2.970202
8646	0	-41.8341	-38.6417	-3.192396	0.09133376	0.7282636	0.6851299	7.589167	2.379122
8647	1	-39.20987	-37.50947	-1.700401	0.06194106	0.6242299	0.2334149	11.19043	2.925362
8648	0	-42.14923	-39.07957	-3.069655	0.08551362	0.7119059	0.6579206	8.105694	2.129202
8649	1	-39.05007	-38.23637	-0.8136975	0.03549784	0.4598297	0.1397218	19.52646	2.611637
8650	0	-37.38628	-36.71058	-0.6757016	0.004622329	0.08529479	0.1882569	149.9563	2.844643
8651	1	-38.18069	-37.06922	-1.111461	0.01741331	0.2750825	0.2429561	39.80559	3.105875
8652	0	-37.25683	-36.89473	-0.3621038	0.007330162	0.1307409	0.1324174	94.56096	2.948801
8653	1	-38.68518	-37.23197	-1.453208	0.04275401	0.5147212	0.2390476	16.21245	2.208152
8654	0	-39.96554	-37.81187	-2.153677	0.04901624	0.5554875	0.4408349	14.14117	2.93621
8655	1	-39.89781	-38.49305	-1.404757	0.02439539	0.3559507	0.2951686	28.41304	1.585651
8656	0	-36.98011	-36.54759	-0.4325162	0.005276516	0.09656461	0.1462593	131.3646	2.611292
8657	1	-38.26247	-36.76873	-1.493736	0.04110222	0.5029993	0.2548115	16.86398	2.97353
8658	0	-38.17813	-37.23732	-0.9408081	0.02217002	0.3316436	0.191528	31.26507	2.003844
8659	1	-40.13727	-38.55579	-1.58148	0.0642017	0.6344828	0.2007304	10.7964	2.998751
8660	0	-38.69994	-37.36198	-1.337957	0.02229187	0.3330085	0.2844226	31.09416	2.225223
8661	1	-38.89942	-37.02544	-1.873985	0.05747499	0.6025367	0.2957426	12.05998	2.465971
8662	0	-37.25701	-36.84862	-0.4083933	0.005838961	0.1061039	0.1416435	118.7107	3.071554
8663	1	-38.20907	-36.93703	-1.272043	0.02245462	0.3348252	0.2656682	30.8688	2.68913
8664	0	-43.00463	-40.95487	-2.049759	0.02205331	0.3303325	0.5815134	31.43053	2.677066
8665	1	-38.15788	-36.78268	-1.375194	0.04306445	0.5168767	0.2201398	16.09558	2.678052
8666	0	-37.93913	-36.70328	-1.235843	0.03294063	0.438227	0.2209469	21.04232	2.436446
8667	1	-37.51492	-36.60686	-0.9080566	0.01469991	0.2397392	0.2059855	47.15315	2.571915
8668	0	-38.25617	-36.84085	-1.415311	0.03092977	0.4203213	0.2719984	22.41036	2.891974
8669	1	-38.10819	-36.95424	-1.153945	0.02294842	0.340294	0.2344343	30.20458	2.202346
8670	0	-38.21148	-36.81833	-1.393153	0.02941413	0.4062605	0.271795	23.56511	2.649823
8671	1	-41.8821	-39.64005	-2.242054	0.05229443	0.5747258	0.4597762	13.2547	3.913744
8672	0	-44.81403	-41.80613	-3.007906	0.0562209	0.5960779	0.9355422	12.32899	3.143755
8673	1	-37.72947	-36.82076	-0.9087105	0.01064682	0.1823011	0.2182659	65.10369	2.504797
8674	0	-37.25425	-36.53445	-0.7198065	0.01366786	0.2256604	0.1731459	50.71368	2.504865
8675	1	-37.79456	-37.38683	-0.4077278	0.01299089	0.2162273	0.1279473	53.35638	3.060794
8676	0	-39.1124	-37.68384	-1.428563	0.0209374	0.3176086	0.3174121	33.10569	2.967535
8677	1	-38.18102	-37.13247	-1.048551	0.03196974	0.429686	0.1857396	21.68135	2.269915
8678	0	-37.86239	-37.362	-0.5003846	0.004262665	0.07901757	0.1587882	162.6089	1.791201
8679	1	-38.86685	-37.65021	-1.216639	0.01899545	0.2946276	0.2639366	36.49017	3.433899
8680	0	-38.04425	-36.68966	-1.354595	0.03072345	0.4184364	0.256722	22.56085	2.657179
8681	1	-39.52427	-37.16963	-2.354635	0.07040366	0.6603545	0.3984208	9.845328	2.96767
8682	0	-37.52518	-36.66031	-0.8648622	0.02306337	0.3415578	0.1752947	30.05402	2.508733
8683	1	-41.27057	-39.41689	-1.853676	0.0726638	0.6690299	0.2338366	9.539099	2.214856
8684	0	-37.56902	-36.53129	-1.037727	0.02329349	0.3440773	0.2076975	29.75712	2.709251
8685	1	-38.38773	-37.57935	-0.808385	0.03148243	0.425326	0.1470927	22.01695	2.767268
8686	0	-40.29587	-38.26194	-2.033922	0.05167707	0.5712048	0.3766545	13.41305	1.917346
8687	1	-37.63475	-37.02596	-0.608783	0.003825228	0.07130421	0.178065	181.2041	1.998757
8688	0	-38.35728	-37.83189	-0.5253909	0.002174484	0.04139918	0.167683	318.764	1.53946
8689	1	-38.55179	-37.30218	-1.249603	0.02161339	0.3253574	0.2628784	32.07026	3.243987
8690	0	-37.29635	-36.71773	-0.578615	0.001462198	0.02809523	0.178638	474.0446	2.87547
8691	1	-38.45505	-37.34001	-1.115042	0.02463166	0.358456	0.2201907	28.1405	1.952984
8692	0	-38.5018	-37.8465	-0.6552983	0.0002818955	0.005500075	0.1961182	2458.88	1.573822
8693	1	-38.63621	-37.44578	-1.190434	0.03712321	0.4729178	0.1990248	18.67153	2.158797
8694	0	-38.20572	-37.26841	-0.9373118	0.005998305	0.1087815	0.2398421	115.5572	2.50306
8695	1	-39.18321	-37.69662	-1.486594	0.02238705	0.3340718	0.3295585	30.96197	2.587354
8696	0	-39.00626	-37.34367	-1.662583	0.03314973	0.4400416	0.3375481	20.90959	2.819723
8697	1	-40.90557	-38.21511	-2.690466	0.07162049	0.6650722	0.5479316	9.678057	3.219329
8698	0	-38.65548	-37.22874	-1.42674	0.03042102	0.4156569	0.2771093	22.78514	3.234428
8699	1	-39.45073	-38.40368	-1.047054	0.005283992	0.09669231	0.2703759	131.1787	3.586809
8700	0	-39.907	-38.00234	-1.904659	0.04197566	0.5092513	0.3795966	16.51307	3.383042
8701	1	-37.57808	-36.89339	-0.6846903	0.00485572	0.08933721	0.1893315	142.7486	2.169377
8702	0	-39.19571	-39.0697	-0.1260022	0.004524434	0.08359196	0.1087978	153.2009	3.636747
8703	1	-39.26698	-39.17106	-0.09591964	0.003198889	0.06010734	0.1075691	216.6838	1.587229
8704	0	-37.16583	-36.7593	-0.4065351	0.008388381	0.147665	0.1363795	82.63182	2.468602
8705	1	-37.35478	-36.77735	-0.5774336	0.004584775	0.08464206	0.1707277	151.1846	3.094829
8706	0	-37.29997	-36.52151	-0.7784625	0.01273463	0.2126146	0.1860422	54.43009	2.612549
8707	1	-37.2821	-36.70163	-0.5804668	0.01208638	0.2033718	0.1540281	57.34944	2.365005
8708	0	-38.00298	-37.70582	-0.297154	0.01267826	0.2118167	0.1150609	54.67212	2.924975
8709	1	-37.18962	-36.60945	-0.5801676	0.01101007	0.18769	0.156341	62.95577	2.865368
8710	0	-39.70842	-38.03445	-1.673966	0.0406058	0.4993914	0.3072823	17.07015	3.585749
8711	1	-37.34416	-36.85623	-0.4879231	0.01217114	0.2045888	0.1402454	56.95005	2.899862
8712	0	-38.63276	-37.93191	-0.7008538	0.001088956	0.02102498	0.2029323	636.5242	1.55445
8713	1	-37.89549	-37.26491	-0.6305738	0.0004382296	0.008532924	0.1909067	1581.699	3.337247
8714	0	-38.33173	-37.6717	-0.6600223	0.0008941398	0.01730724	0.19535	775.2112	3.592148
8715	1	-40.23988	-38.75007	-1.489816	0.01586046	0.2551462	0.3625534	43.70285	2.084705
8716	0	-37.89396	-37.51362	-0.3803341	0.01506919	0.2446897	0.1208883	45.99765	2.826484
8717	1	-39.21773	-37.68711	-1.530622	0.03467192	0.4529907	0.289526	19.9916	1.93832
8718	0	-41.23802	-37.85629	-3.381728	0.1173036	0.784539	0.5736896	5.909002	3.084725
8719	1	-39.25938	-38.14412	-1.115262	0.01232838	0.2068398	0.2620439	56.22369	3.640529
8720	0	-40.24573	-37.48657	-2.759159	0.08221468	0.7018499	0.5053184	8.430941	2.883286
8721	1	-39.89322	-37.81954	-2.073681	0.0657592	0.6412811	0.3212315	10.54069	2.184888
8722	0	-44.75371	-40.34608	-4.407624	0.1684053	0.848594	0.7775265	4.115946	3.64336
8723	1	-37.78551	-36.98624	-0.7992688	0.02269988	0.3375496	0.1650106	30.53528	3.064712
8724	0	-40.42102	-38.92931	-1.491711	0.04989555	0.5607808	0.2245915	13.89197	1.872693
8725	1	-38.28742	-37.53882	-0.7486016	0.02788557	0.3915648	0.1457786	24.85684	2.422139
8726	0	-38.47913	-36.76291	-1.71622	0.04628402	0.5383838	0.2958373	14.97595	2.694235
8727	1	-39.6008	-39.02874	-0.5720624	0.03040377	0.4154979	0.1179166	22.79806	2.744472
8728	0	-38.78166	-37.37002	-1.411645	0.02272454	0.3378227	0.3043072	30.50214	2.577149
8729	1	-38.73521	-37.02618	-1.709031	0.04367754	0.5210904	0.3047343	15.86965	3.078444
8730	0	-38.7504	-37.74977	-1.000635	0.0116001	0.1963392	0.2360804	59.75353	3.54716
8731	1	-40.22623	-37.83636	-2.389868	0.06772927	0.6495846	0.428598	10.23409	3.330607
8732	0	-40.23473	-37.76374	-2.470993	0.06358692	0.6317405	0.4928279	10.90078	2.916772
8733	1	-38.92109	-36.96244	-1.958652	0.05226724	0.5745717	0.3464441	13.2616	2.714838
8734	0	-37.62381	-36.73535	-0.8884613	0.0251861	0.36428	0.1741787	27.52102	2.866636
8735	1	-38.52686	-38.06421	-0.4626471	0.02099118	0.3182297	0.1207262	33.02088	2.417797
8736	0	-37.1275	-36.55444	-0.5730555	0.006071349	0.1100053	0.1664496	114.1669	2.455547
8737	1	-38.37278	-38.31112	-0.06165795	0.0007689466	0.01490818	0.107576	901.4244	1.785409
8738	0	-40.01321	-38.33197	-1.681243	0.03412089	0.4483554	0.3392203	20.31445	1.781419
8739	1	-37.26096	-36.65254	-0.6084278	0.002614665	0.04949878	0.1810719	265.0999	2.643104
8740	0	-38.85674	-37.13256	-1.724176	0.04470689	0.5280383	0.3049182	15.50426	2.293413
8741	1	-37.56096	-36.95037	-0.6105895	0.01511413	0.2452891	0.1520923	45.86087	2.242108
8742	0	-41.64607	-38.55118	-3.094893	0.08339854	0.7055279	0.6951997	8.311263	2.777099
8743	1	-40.56239	-39.90919	-0.6532034	0.003383829	0.06343232	0.1873174	204.8411	0.8249651
8744	0	-37.7069	-36.56655	-1.140353	0.02964322	0.4084179	0.2104002	23.38299	2.763654
8745	1	-39.0922	-37.85626	-1.235934	0.02686118	0.3814158	0.240782	25.80479	3.612792
8746	0	-37.6819	-36.54599	-1.135911	0.02728365	0.3856311	0.2165673	25.40523	2.678769
8747	1	-38.47371	-37.25236	-1.221352	0.03796478	0.4795069	0.2028486	18.25764	2.242568
8748	0	-39.18959	-37.66228	-1.527308	0.05464849	0.5877378	0.2176178	12.68374	2.39535
8749	1	-41.19733	-38.78274	-2.414598	0.05432597	0.585993	0.5309064	12.75904	3.336282
8750	0	-37.53609	-36.67615	-0.8599383	0.01983438	0.3046888	0.1825744	34.94676	2.356184
8751	1	-42.18552	-38.17619	-4.009331	0.1389352	0.8170238	0.791652	4.988996	2.961572
8752	0	-39.11465	-37.91453	-1.20012	0.04379397	0.5218842	0.1828899	15.82746	2.274438
8753	1	-38.12561	-37.87657	-0.2490421	0.00742088	0.1322097	0.1181099	93.40499	1.984848
8754	0	-41.06979	-38.26857	-2.801221	0.09468741	0.7369602	0.4418895	7.320374	2.283634
8755	1	-37.41365	-36.73811	-0.6755332	0.005031719	0.09236959	0.1871398	137.7556	2.341397
8756	0	-39.87784	-37.50843	-2.369417	0.0687129	0.6536113	0.4141275	10.08758	3.190489
8757	1	-39.62969	-38.66644	-0.9632486	0.01651839	0.2636862	0.2121534	41.96216	1.373041
8758	0	-37.21293	-36.71763	-0.4953065	0.01184304	0.1998633	0.1419411	58.52781	2.629578
8759	1	-37.08332	-36.72104	-0.3622839	0.005340433	0.09765561	0.1362166	129.7923	2.403976
8760	0	-39.10861	-37.02501	-2.083605	0.0572911	0.6016001	0.3656614	12.09869	2.829957
8761	1	-37.46743	-36.72912	-0.7383114	0.00909479	0.1587121	0.1881499	76.21365	2.278518
8762	0	-38.21623	-37.50791	-0.7083172	0.01425333	0.2336914	0.1697582	48.63056	3.485573
8763	1	-40.75553	-38.69949	-2.056037	0.03865614	0.484827	0.4628387	17.9311	3.231317
8764	0	-38.12243	-37.22098	-0.9014454	0.008276677	0.1458999	0.2240636	83.74704	2.102975
8765	1	-39.60309	-37.2944	-2.308692	0.06803064	0.6508266	0.3935023	10.18875	2.464579
8766	0	-39.26653	-37.91333	-1.353193	0.01753504	0.2766133	0.3088616	39.52926	2.125286
8767	1	-37.79628	-37.26876	-0.5275219	0.00955812	0.1658512	0.1513968	72.5192	1.945676
8768	0	-40.27313	-37.48	-2.793127	0.08407537	0.7075955	0.5092162	8.244354	2.851701
8769	1	-39.1401	-37.4257	-1.714396	0.05518517	0.5906152	0.2604072	12.56039	2.283928
8770	0	-37.9137	-37.1088	-0.8049081	0.02761599	0.3889178	0.1548108	25.09949	2.613663
8771	1	-40.29511	-38.23838	-2.056726	0.04528911	0.5318991	0.4217319	15.30494	2.085522
8772	0	-37.53975	-36.92119	-0.6185597	0.004195616	0.07784092	0.1788761	165.2075	2.083964
8773	1	-44.05283	-41.13071	-2.922121	0.1151262	0.7806635	0.3736204	6.020762	3.61412
8774	0	-38.12598	-37.18013	-0.9458497	0.01314904	0.2184453	0.2186575	52.71466	3.294398
8775	1	-41.17894	-39.08283	-2.096108	0.0368699	0.4709098	0.4940723	18.79981	3.190561
8776	0	-37.40315	-36.70794	-0.6952039	0.005676335	0.1033598	0.1891274	122.1117	2.877513
8777	1	-45.4332	-43.40528	-2.027925	0.01092385	0.1864155	0.6658171	63.45262	1.528722
8778	0	-38.09308	-36.9161	-1.176978	0.02222167	0.3322227	0.242372	31.19239	3.063142
8779	1	-37.34972	-36.56601	-0.7837096	0.01482833	0.241466	0.1815706	46.74479	2.442799
8780	0	-37.99002	-37.45056	-0.5394635	0.007808746	0.1384513	0.157049	88.76549	1.802859
8781	1	-37.31752	-36.87074	-0.446782	0.005472524	0.09990461	0.1479505	126.6595	2.136995
8782	0	-39.61139	-38.51835	-1.093043	0.01986991	0.3051104	0.230387	34.88427	1.454348
8783	1	-41.65514	-38.68348	-2.971663	0.07628319	0.6821641	0.6795845	9.086499	2.828586
8784	0	-37.05403	-36.82766	-0.2263669	0.002685274	0.05078947	0.12345	258.129	2.474848
8785	1	-43.26706	-38.82448	-4.442579	0.1602818	0.8410019	0.9030929	4.324552	2.527656
8786	0	-39.2521	-37.42514	-1.826963	0.03893283	0.4869329	0.3666456	17.80367	2.633618
8787	1	-38.2642	-36.75778	-1.506424	0.0465155	0.5398725	0.239067	14.90143	2.704628
8788	0	-38.33422	-37.88205	-0.4521661	0.004648497	0.08574923	0.1504909	149.1121	1.601507
8789	1	-37.67907	-36.67651	-1.002563	0.0218354	0.3278748	0.2046939	31.74419	2.35526
8790	0	-38.09966	-37.30085	-0.7988093	0.02694768	0.3822823	0.155329	25.72196	2.349228
8791	1	-38.52866	-37.50785	-1.020813	0.02167102	0.3260122	0.2089485	31.98498	3.497615
8792	0	-37.77029	-36.8475	-0.9227865	0.01669071	0.2659002	0.2032453	41.52891	3.139447
8793	1	-38.20165	-37.0917	-1.109954	0.0206895	0.314735	0.2316189	33.50236	2.097808
8794	0	-42.90753	-39.65894	-3.248599	0.08076689	0.6972423	0.8414108	8.582071	2.984197
8795	1	-40.0588	-37.4202	-2.638601	0.08080951	0.6973797	0.4569072	8.577545	2.565965
8796	0	-37.84198	-37.50174	-0.340243	0.01370508	0.2261746	0.1183972	50.57593	2.774943
8797	1	-41.40114	-39.24098	-2.160154	0.03686906	0.4709031	0.5267575	18.80024	2.698078
8798	0	-38.062	-36.68652	-1.37548	0.03379488	0.4455852	0.2510098	20.51042	2.886303
8799	1	-36.97482	-36.61951	-0.3553044	0.004307795	0.0798084	0.1372568	160.9053	2.713766
8800	0	-38.93895	-38.10519	-0.8337653	0.005083015	0.09325083	0.2190639	136.3654	1.519857
8801	1	-41.30716	-38.19374	-3.113426	0.1024733	0.7553405	0.5409251	6.764172	2.361019
8802	0	-39.33891	-37.51045	-1.828468	0.055751	0.5936142	0.2895493	12.43291	2.198587
8803	1	-38.75357	-37.54999	-1.203588	0.02332941	0.3444693	0.2450436	29.71131	1.875441
8804	0	-37.765	-36.96228	-0.8027152	0.01352937	0.2237437	0.1884814	51.23277	3.242433
8805	1	-37.49262	-37.12457	-0.3680537	0.01116624	0.1899918	0.1261813	62.07526	2.861482
8806	0	-40.5325	-37.5737	-2.958798	0.0917032	0.7292465	0.5395808	7.558593	2.728997
8807	1	-37.939	-36.77286	-1.166138	0.02106426	0.3190724	0.2437111	32.90632	2.751362
8808	0	-42.68348	-38.65695	-4.026529	0.1294227	0.803961	0.9212168	5.355687	2.886917
8809	1	-38.41234	-37.21547	-1.196867	0.01839159	0.287257	0.2609861	37.68826	3.100166
8810	0	-38.32337	-36.89418	-1.429193	0.03622058	0.4657094	0.255939	19.13683	2.319957
8811	1	-42.17947	-39.42892	-2.750555	0.06288077	0.6285487	0.658324	11.0232	2.217039
8812	0	-39.30781	-38.13558	-1.172228	0.006849072	0.1228948	0.2997289	101.2031	2.663394
8813	1	-37.24492	-36.50504	-0.7398789	0.0124028	0.2079021	0.1798418	55.88634	2.66999
8814	0	-40.77428	-38.52639	-2.24789	0.06660523	0.6448866	0.377821	10.4068	3.606703
8815	1	-37.41515	-36.61011	-0.805047	0.01803437	0.2828452	0.1772734	38.4348	2.425233
8816	0	-38.56521	-37.46662	-1.098582	0.01501198	0.2439258	0.2481225	46.17293	3.345556
8817	1	-37.71304	-37.11607	-0.5969702	0.01674894	0.2666461	0.1466098	41.38455	2.240812
8818	0	-39.51076	-37.10135	-2.409407	0.07565666	0.6799546	0.3907531	9.161748	2.834994
8819	1	-38.49509	-38.68688	0.1917883	0.0003448917	0.006723676	0.08399365	2009.753	2.491223
8820	0	-43.22118	-39.90067	-3.320515	0.09278678	0.7320934	0.7629578	7.470323	3.674665
8821	1	-38.22351	-37.1514	-1.07211	0.02328929	0.3440314	0.2149756	29.76249	2.034997
8822	0	-38.84308	-37.60266	-1.240414	0.03519726	0.4573557	0.2149953	19.69322	3.416252
8823	1	-39.26638	-38.4464	-0.819985	0.007304918	0.1303316	0.2093896	94.88774	3.937776
8824	0	-40.27611	-39.08033	-1.195781	0.004262632	0.07901699	0.3182915	162.6101	3.522961
8825	1	-42.26341	-40.24964	-2.013769	0.03324882	0.4408984	0.4789014	20.84727	3.963226
8826	0	-38.67238	-36.97721	-1.695162	0.04005052	0.495308	0.3163363	17.30682	2.574279
8827	1	-38.51764	-38.09049	-0.427152	0.01524526	0.2470343	0.1263679	45.46639	3.3065
8828	0	-39.93696	-37.32833	-2.608633	0.08536081	0.7114532	0.4158066	8.120204	3.007167
8829	1	-37.26453	-36.79327	-0.4712614	0.004098951	0.07614095	0.1545876	169.1036	2.15652
8830	0	-38.45245	-37.03627	-1.416188	0.0268664	0.3814682	0.2883203	25.79978	2.748088
8831	1	-38.74951	-37.791	-0.9585045	0.007516499	0.1337541	0.2397813	92.21676	3.484864
8832	0	-39.44297	-37.92321	-1.519761	0.02162077	0.3254414	0.3443798	32.05931	2.624278
8833	1	-39.21367	-37.5453	-1.668365	0.04755225	0.5464489	0.2770061	14.57654	2.090818
8834	0	-40.42671	-38.59715	-1.829561	0.05901285	0.6102317	0.276813	11.7457	1.94644
8835	1	-37.34125	-36.78813	-0.5531209	0.002409685	0.04573851	0.1718261	287.6506	3.073832
8836	0	-39.46018	-37.95076	-1.509417	0.0473393	0.5451102	0.2370093	14.64211	3.440414
8837	1	-42.67543	-41.20971	-1.465723	0.0001800296	0.003517233	0.441678	3850.184	1.859737
8838	0	-38.19585	-36.8535	-1.342352	0.04044003	0.4981777	0.2210733	17.14012	2.984262
8839	1	-36.9971	-36.62713	-0.3699764	1.229346e-05	0.0002407031	0.1479988	56383.41	2.334956
8840	0	-37.50264	-37.12302	-0.3796173	0.01041504	0.1788367	0.1290107	66.55255	2.98111
8841	1	-36.97983	-36.63676	-0.3430628	1.321168e-05	0.0002586785	0.1440669	52464.74	2.923476
8842	0	-38.17718	-37.34981	-0.8273697	0.00950411	0.1650233	0.2044892	72.93131	3.433339
8843	1	-37.51152	-37.06935	-0.4421709	7.758187e-05	0.001517741	0.158932	8934.397	3.327546
8844	0	-39.12592	-38.239	-0.8869154	0.03630203	0.4663659	0.1486376	19.09389	3.062536
8845	1	-41.64475	-40.3389	-1.305842	0.001712413	0.03279675	0.3683575	404.778	3.829431
8846	0	-38.91501	-36.92643	-1.988577	0.0590579	0.6104535	0.3243171	11.73674	2.929536
8847	1	-37.37158	-37.35176	-0.01982818	0.0001855769	0.003625347	0.1040226	3735.094	2.43917
8848	0	-38.51814	-37.99146	-0.5266726	0.02367529	0.3482269	0.1239198	29.27724	2.573467
8849	1	-37.0004	-36.57618	-0.4242196	0.000355104	0.006921844	0.1554936	1951.955	2.818441
8850	0	-40.25012	-38.40758	-1.842537	0.0303403	0.4149118	0.4204598	22.84576	2.772738
8851	1	-38.6511	-37.86462	-0.7864799	0.0001170927	0.002289515	0.2241302	5919.645	1.761369
8852	0	-38.03279	-36.73473	-1.298066	0.03919117	0.4888875	0.2152605	17.68631	2.598303
8853	1	-36.95378	-36.5372	-0.4165809	0.000145556	0.002845002	0.1547678	4762.065	2.635116
8854	0	-37.82004	-36.90006	-0.919977	0.009572339	0.166069	0.2241149	72.41147	2.616649
8855	1	-38.28047	-37.98665	-0.2938159	0.0003667652	0.007148063	0.1364607	1889.894	3.696539
8856	0	-37.21927	-36.62233	-0.5969392	0.007065876	0.1264426	0.1680947	98.09785	2.946693
8857	1	-38.04709	-37.41977	-0.6273194	0.0006055879	0.01176597	0.1898371	1144.586	1.798434
8858	0	-38.48779	-38.32781	-0.1599813	0.0005126975	0.009973244	0.1191211	1351.961	1.601173
8859	1	-39.35394	-38.1569	-1.197037	0.007603891	0.1351624	0.3039991	91.15691	2.599674
8860	0	-37.53466	-36.78341	-0.7512474	0.006129537	0.1109786	0.1987529	113.0831	2.876183
8861	1	-37.48153	-36.61228	-0.8692486	0.01971917	0.3033193	0.1845823	35.15092	2.920944
8862	0	-43.44758	-41.54625	-1.901336	0.0418112	0.5080833	0.379217	16.57803	4.507842
8863	1	-41.60014	-39.17568	-2.424455	0.05890224	0.6096863	0.5026021	11.76776	3.694789
8864	0	-39.59164	-37.54369	-2.047947	0.05134474	0.5692902	0.3837719	13.49987	2.288232
8865	1	-37.17296	-36.50078	-0.6721751	0.01117384	0.1901035	0.171012	62.03305	2.620003
8866	0	-40.38245	-39.55926	-0.8231877	0.04136233	0.5048738	0.1298398	16.75794	2.889234
8867	1	-38.4563	-37.2979	-1.1584	0.03021157	0.4137205	0.2125188	22.9431	2.044538
8868	0	-41.98273	-38.74216	-3.240573	0.1202902	0.7896517	0.4775862	5.76229	3.335471
8869	1	-39.60025	-37.69252	-1.907735	0.06539882	0.6397268	0.2735014	10.59877	3.213876
8870	0	-42.91637	-40.48741	-2.42896	0.0399242	0.494372	0.6600984	17.36158	2.456706
8871	1	-37.45954	-36.67773	-0.7818095	0.01702249	0.2701365	0.175695	40.71949	2.991394
8872	0	-38.90903	-38.06291	-0.8461225	0.01906751	0.2954999	0.1820306	36.35227	3.671735
8873	1	-42.28578	-39.55654	-2.729242	0.08696328	0.7161394	0.4586065	7.970573	1.881255
8874	0	-38.24588	-37.53097	-0.7149056	0.001881805	0.03596231	0.2035119	368.3417	1.795446
8875	1	-37.59745	-36.65248	-0.9449734	0.02416714	0.3535169	0.1869774	28.68139	2.917341
8876	0	-38.46315	-36.75676	-1.706387	0.05069554	0.5655108	0.2752443	13.67274	2.813722
8877	1	-40.90377	-39.27533	-1.628443	0.01630591	0.2609433	0.413851	42.50896	2.965709
8878	0	-37.70138	-36.66155	-1.039828	0.01931601	0.2984964	0.2201634	35.8846	2.48431
8879	1	-37.58444	-36.92007	-0.6643643	0.006217022	0.1124392	0.1819885	111.4918	2.085828
8880	0	-37.06386	-36.70223	-0.3616273	0.006047383	0.1096041	0.1347745	114.6194	2.510653
8881	1	-38.95349	-37.75174	-1.201747	0.02471303	0.3593156	0.2398587	28.04784	3.579751
8882	0	-37.71759	-36.82212	-0.8954675	0.01278598	0.2133403	0.208983	54.21152	3.03729
8883	1	-38.49165	-37.01127	-1.480376	0.03024585	0.4140381	0.2931023	22.9171	2.850857
8884	0	-40.17488	-38.66343	-1.51145	0.06207822	0.6248654	0.1928533	11.16571	3.00996
8885	1	-37.98429	-37.03013	-0.9541624	0.01648422	0.2632461	0.210336	42.04914	2.07397
8886	0	-40.77934	-38.39163	-2.387706	0.05309654	0.5792322	0.5258737	13.05447	2.627004
8887	1	-39.4716	-38.42198	-1.049621	0.01642045	0.2624237	0.2316126	42.21243	3.872685
8888	0	-38.97314	-37.62772	-1.345423	0.02073975	0.3153189	0.2929063	33.42119	3.241697
8889	1	-37.57851	-36.98817	-0.5903443	0.01070363	0.1831472	0.1586254	64.75813	3.221148
8890	0	-38.43533	-37.64912	-0.7862098	0.004346576	0.08048726	0.2110745	159.4697	3.534078
8891	1	-38.06482	-36.81498	-1.249835	0.02507935	0.3631647	0.2503759	27.63816	2.433962
8892	0	-39.23431	-37.74674	-1.48757	0.02662112	0.3790016	0.3107283	26.0375	3.340887
8893	1	-42.05092	-38.36422	-3.686697	0.1244805	0.7964533	0.7032243	5.56832	2.498395
8894	0	-39.11579	-37.34831	-1.767475	0.04725998	0.5446099	0.307132	14.66668	3.284996
8895	1	-39.49517	-38.60211	-0.8930646	0.02085308	0.3166331	0.1860273	33.23956	1.524413
8896	0	-41.18926	-37.76509	-3.424172	0.1146603	0.7798175	0.6213361	6.045224	2.84706
8897	1	-39.63448	-38.55908	-1.075401	0.03519424	0.4573308	0.1822985	19.6949	1.859475
8898	0	-41.5803	-39.73652	-1.843789	0.02850183	0.3975532	0.4320627	24.31939	3.839544
8899	1	-41.29844	-39.66994	-1.628499	0.06824935	0.6517234	0.1987016	10.1561	3.233371
8900	0	-38.40376	-36.75907	-1.644688	0.04236407	0.5119927	0.2910953	16.36167	2.725135
8901	1	-39.39172	-38.59307	-0.7986438	0.01435905	0.2351293	0.1855284	48.27248	3.908419
8902	0	-37.28756	-36.99528	-0.2922801	0.003396613	0.06366156	0.1305427	204.0701	2.163339
8903	1	-38.46519	-37.38356	-1.081636	0.01570827	0.2531509	0.2415655	44.12626	1.981681
8904	0	-37.08121	-36.5907	-0.4905028	0.0005591597	0.01087048	0.1656713	1239.623	2.525764
8905	1	-37.1967	-36.56301	-0.6336902	0.01289515	0.2148803	0.1606027	53.75254	2.53041
8906	0	-41.91064	-40.00022	-1.910421	0.05946979	0.6124716	0.2981947	11.65545	3.906566
8907	1	-37.58506	-36.60408	-0.9809766	0.02012111	0.3080807	0.2052329	34.44876	2.447968
8908	0	-38.17365	-37.05056	-1.123095	0.02400829	0.3518152	0.2239344	28.87116	3.255152
8909	1	-40.37556	-37.82868	-2.546886	0.08975308	0.7239858	0.3673914	7.722824	3.176202
8910	0	-37.52759	-37.14335	-0.384238	0.003089758	0.05813787	0.1437381	224.337	1.947764
8911	1	-40.59373	-39.19559	-1.398143	0.02366613	0.3481277	0.2962591	29.28858	1.319268
8912	0	-38.30033	-37.02681	-1.273523	0.03793473	0.4792738	0.2138029	18.2721	3.117964
8913	1	-40.80247	-38.78577	-2.016704	0.04511251	0.5307332	0.4061985	15.36485	1.763868
8914	0	-38.68037	-37.48652	-1.193849	0.0282679	0.3952903	0.2263167	24.52065	3.457421
8915	1	-40.95724	-37.89309	-3.06415	0.09200864	0.7300544	0.5969479	7.533501	2.614799
8916	0	-37.81825	-36.87161	-0.9466441	0.02400605	0.3517912	0.1877167	28.87385	2.24547
8917	1	-39.60076	-38.54062	-1.060147	0.0413079	0.5044825	0.1646842	16.78002	2.178582
8918	0	-38.21755	-37.84798	-0.3695751	0.01245788	0.208687	0.1240886	55.63926	3.248927
8919	1	-40.95302	-39.63126	-1.321761	0.03027433	0.4143017	0.2500111	22.89554	1.278989
8920	0	-37.99226	-37.85352	-0.1387353	0.008487945	0.149234	0.104192	81.66254	2.762653
8921	1	-37.8809	-37.56146	-0.3194343	0.002263698	0.04304824	0.1363	306.2013	1.772012
8922	0	-37.7593	-37.35425	-0.4050554	0.002855666	0.05389441	0.1472479	242.7269	3.452509
8923	1	-37.20172	-37.06669	-0.135036	0.001693676	0.03244574	0.1142641	409.256	2.407397
8924	0	-38.67723	-38.15929	-0.5179384	0.01991956	0.305699	0.1295354	34.79731	3.247425
8925	1	-38.20089	-36.83438	-1.366512	0.02912695	0.4035397	0.2657255	23.79745	2.902543
8926	0	-37.82527	-37.12078	-0.7044902	0.01413602	0.2320918	0.1693902	49.0341	3.304928
8927	1	-37.6732	-37.35484	-0.3183574	0.01200865	0.2022533	0.1186436	57.72068	2.646414
8928	0	-37.2066	-36.60099	-0.60561	0.01211903	0.2038409	0.1578771	57.19494	2.462587
8929	1	-37.65386	-36.78527	-0.8685955	0.01128573	0.1917468	0.2077995	61.41802	2.961505
8930	0	-39.07481	-37.87481	-1.200004	0.0121245	0.2039195	0.2860405	57.16912	2.09368
8931	1	-39.57931	-38.4267	-1.152607	0.0171072	0.2712125	0.2542582	40.51786	1.491946
8932	0	-38.31388	-37.35924	-0.9546332	0.03135705	0.4241963	0.1705592	22.10499	3.127664
8933	1	-40.63944	-38.7037	-1.935742	0.03888104	0.4865398	0.4090781	17.82738	3.589624
8934	0	-37.43969	-36.7838	-0.6558919	0.006691064	0.1202968	0.1792488	103.593	2.194168
8935	1	-37.47731	-36.83584	-0.641473	0.01844793	0.2879493	0.1496467	37.57317	2.807568
8936	0	-39.46246	-37.21481	-2.247642	0.06110173	0.6203025	0.4082644	11.34415	2.823701
8937	1	-39.57514	-38.40846	-1.16668	0.01143763	0.1939703	0.279363	60.60234	3.670296
8938	0	-40.68043	-38.84477	-1.835665	0.03582726	0.4625216	0.3864365	19.34692	3.710238
8939	1	-38.1448	-37.1277	-1.017096	0.02795966	0.3922893	0.190478	24.79098	2.156312
8940	0	-38.20542	-37.00444	-1.200974	0.02026533	0.3097778	0.2552148	34.2036	2.981517
8941	1	-39.22803	-37.6806	-1.547432	0.02526009	0.3650515	0.3363013	27.44041	2.470502
8942	0	-40.27323	-39.24021	-1.033021	0.04816576	0.5502715	0.1454785	14.39087	2.812013
8943	1	-41.83699	-40.42211	-1.414878	0.009713892	0.1682327	0.3668893	71.35628	4.191115
8944	0	-38.77938	-37.34061	-1.438772	0.0348346	0.454348	0.2635115	19.89824	3.352378
8945	1	-37.03033	-36.59116	-0.4391631	0.00115325	0.02224777	0.1560652	601.0383	2.396378
8946	0	-38.30693	-37.17255	-1.134381	0.03836502	0.4825969	0.1849036	18.06717	2.458319
8947	1	-39.56233	-39.36641	-0.195917	0.01030913	0.1772469	0.1075215	67.23626	3.52756
8948	0	-38.05444	-37.95408	-0.1003628	0.00377899	0.07048381	0.1071663	183.4213	3.223319
8949	1	-37.00071	-36.59992	-0.4007863	0.004880942	0.08977262	0.1424853	142.0109	2.487759
8950	0	-40.53836	-39.10782	-1.430542	0.02740739	0.3868579	0.2902619	25.29052	4.006799
8951	1	-40.89967	-38.67131	-2.228362	0.05975935	0.6138802	0.4081347	11.59897	3.667475
8952	0	-38.97466	-37.39506	-1.579601	0.04121951	0.503846	0.2771981	16.816	2.089353
8953	1	-38.33638	-37.47646	-0.8599237	0.01637441	0.2618292	0.1917167	42.33113	1.822295
8954	0	-37.82435	-37.01907	-0.8052804	0.004680165	0.08629879	0.214127	148.1031	2.36875
8955	1	-38.56227	-37.16608	-1.396189	0.0244198	0.3562101	0.2925496	28.38464	2.767151
8956	0	-39.63154	-37.87581	-1.755734	0.03130954	0.4237673	0.3802595	22.13853	2.715321
8957	1	-39.07468	-37.02732	-2.047355	0.0561653	0.5957876	0.3582965	12.3412	2.901082
8958	0	-37.7275	-36.59877	-1.12873	0.02920974	0.4043259	0.2092464	23.73	2.850741
8959	1	-41.76375	-38.6829	-3.080851	0.0814275	0.6993598	0.7048611	8.512446	2.739764
8960	0	-40.04979	-37.55711	-2.49268	0.068059	0.6509431	0.4728006	10.1845	2.587864
8961	1	-37.90722	-36.60489	-1.302323	0.03377073	0.4453792	0.2333819	20.52509	2.598085
8962	0	-39.75715	-37.22778	-2.529361	0.08366115	0.7063332	0.3934517	8.285174	2.911162
8963	1	-37.19934	-36.56052	-0.6388191	0.01205652	0.2029424	0.1633523	57.49148	2.48061
8964	0	-37.86341	-37.35676	-0.5066585	0.007431051	0.1323741	0.1527936	93.27714	1.858883
8965	1	-37.83896	-37.1769	-0.6620578	0.002962303	0.05583064	0.190112	233.9893	3.317226
8966	0	-37.57881	-36.81802	-0.7607965	0.005106765	0.09365843	0.20358	135.7312	2.552719
8967	1	-37.31285	-36.53002	-0.7828226	0.01751656	0.2763812	0.1746499	39.57097	2.725979
8968	0	-38.216	-37.02991	-1.186092	0.03184928	0.4286128	0.2134895	21.76335	2.197563
8969	1	-40.8895	-38.97085	-1.918653	0.03088524	0.4199153	0.4502338	22.44267	3.234683
8970	0	-39.10273	-37.08497	-2.017769	0.060808	0.6189122	0.3257701	11.39895	3.066501
8971	1	-37.72097	-36.67545	-1.045526	0.01818916	0.2847617	0.2249743	38.1077	2.61498
8972	0	-42.564	-40.17637	-2.38763	0.04164859	0.5069243	0.6181305	16.64275	2.127746
8973	1	-39.21775	-37.41195	-1.805802	0.05067798	0.5654078	0.3040895	13.67748	3.308252
8974	0	-39.01382	-38.12604	-0.887783	0.0125352	0.209787	0.2081192	55.29606	1.515351
8975	1	-38.97349	-37.71027	-1.263215	0.01454618	0.2376649	0.2944579	47.65149	2.319659
8976	0	-37.36687	-36.65165	-0.7152236	0.01477176	0.240706	0.1696874	46.92379	2.357166
8977	1	-40.56025	-37.73345	-2.826802	0.085391	0.7115428	0.5169586	8.117333	3.138582
8978	0	-37.62393	-37.19981	-0.4241248	0.01303393	0.2168317	0.1299835	53.18021	2.965977
8979	1	-38.86298	-37.91837	-0.9446111	0.0163692	0.2617619	0.2086754	42.34459	1.63233
8980	0	-37.71575	-37.49864	-0.2171096	0.006164096	0.111556	0.116447	112.4491	3.113818
8981	1	-40.60149	-38.30382	-2.297667	0.06754501	0.6488216	0.3918666	10.262	3.536964
8982	0	-37.43711	-36.72331	-0.7137988	0.008670564	0.1521016	0.1846974	79.94257	2.269135
8983	1	-39.15446	-37.92671	-1.227748	0.01077598	0.1842229	0.2997434	64.32335	2.449455
8984	0	-39.54849	-39.31015	-0.2383386	0.01814109	0.2841673	0.1004317	38.20868	2.984198
8985	1	-39.1286	-38.33629	-0.7923091	0.01780914	0.2800437	0.1755874	38.92086	1.582922
8986	0	-40.10388	-37.59039	-2.513492	0.08205736	0.7013551	0.3961305	8.447105	2.418985
8987	1	-38.73745	-38.20554	-0.5319054	0.02296846	0.3405146	0.12582	30.17822	3.079631
8988	0	-41.18671	-38.02332	-3.163384	0.1194037	0.788158	0.4476799	5.805072	2.935469
8989	1	-39.10709	-38.24546	-0.8616296	0.01159507	0.196266	0.2054572	59.77946	1.46014
8990	0	-41.11507	-38.29329	-2.821779	0.1025276	0.7554604	0.4037787	6.760593	3.260358
8991	1	-39.61747	-37.29923	-2.318245	0.06870532	0.6535806	0.393511	10.0887	3.098953
8992	0	-40.81127	-37.8762	-2.935075	0.09051636	0.7260663	0.5358395	7.657701	2.446163
8993	1	-41.98711	-38.10371	-3.883401	0.1378737	0.8156492	0.7085255	5.027406	3.062205
8994	0	-39.71266	-37.33568	-2.376981	0.08297103	0.7042089	0.3411516	8.354086	2.887734
8995	1	-42.64776	-38.8177	-3.830061	0.151165	0.8315487	0.5567373	4.58537	3.169359
8996	0	-40.26605	-37.43476	-2.831292	0.09122201	0.727965	0.4782261	7.598465	2.988173
8997	1	-37.48284	-36.93341	-0.5494241	0.01249285	0.2091848	0.1484652	55.4835	2.225595
8998	0	-39.3384	-37.87396	-1.464442	0.02578534	0.3704887	0.3072301	26.88144	3.430776
8999	1	-39.73532	-37.37955	-2.355774	0.07201878	0.6665925	0.3898772	9.624534	3.15016
9000	0	-37.949	-37.18565	-0.7633476	0.023007	0.3409385	0.1584993	30.12766	2.241668
9001	1	-39.57246	-38.48146	-1.091	0.03671055	0.4696406	0.1812406	18.88142	3.496719
9002	0	-39.49	-38.59102	-0.8989842	0.0135826	0.2244812	0.2073725	51.03199	3.952413
9003	1	-37.32257	-37.20938	-0.1131983	0.001979408	0.03778	0.1113456	350.179	2.898271
9004	0	-38.47275	-37.62557	-0.8471884	0.001916271	0.03660472	0.2321817	361.7166	3.247742
9005	1	-38.5652	-38.33298	-0.2322194	0.01137958	0.1931216	0.1098232	60.91149	2.112702
9006	0	-40.25757	-39.37338	-0.8841916	0.004993808	0.09171757	0.2306843	138.8013	4.264523
9007	1	-39.64616	-38.63287	-1.013285	0.02929956	0.4051772	0.1861957	23.65726	3.697205
9008	0	-38.56056	-37.61093	-0.9496259	0.01077158	0.1841575	0.2269812	64.34965	1.798957
9009	1	-39.50429	-37.97332	-1.53097	0.05949918	0.6126149	0.2039512	11.64969	2.921348
9010	0	-37.63069	-36.75338	-0.8773083	0.01873174	0.2914221	0.1886897	37.00389	2.259213
9011	1	-38.8301	-37.5453	-1.284801	0.03983642	0.4937199	0.2104966	17.39984	3.31329
9012	0	-37.45141	-36.70774	-0.7436716	0.01160008	0.1963388	0.1825838	59.75367	3.041926
9013	1	-39.44949	-37.81932	-1.630177	0.02709686	0.3837726	0.3559556	25.58035	2.510272
9014	0	-37.59554	-36.65504	-0.9405017	0.02645148	0.3772874	0.1802324	26.20448	2.619176
9015	1	-39.33462	-37.1141	-2.220525	0.06223713	0.6255995	0.3910203	11.1372	2.851074
9016	0	-37.6363	-37.4379	-0.1983957	0.001705335	0.03266417	0.1217181	406.4581	1.966044
9017	1	-38.09043	-36.90119	-1.189237	0.02383129	0.3499114	0.2398456	29.0856	3.090537
9018	0	-37.95983	-38.06557	0.1057421	0.0005554649	0.01079917	0.09126914	1247.868	2.717036
9019	1	-39.47023	-38.09379	-1.376435	0.01943204	0.2998893	0.3077655	35.67033	3.438721
9020	0	-37.34964	-36.75812	-0.5915202	0.0003178517	0.006198713	0.1839073	2180.725	2.500418
9021	1	-39.09265	-38.67398	-0.4186629	0.02323989	0.3434917	0.111919	29.82575	2.720513
9022	0	-36.89388	-36.59528	-0.2986006	0.0001683249	0.00328906	0.1375	4117.913	2.789553
9023	1	-39.80087	-38.20412	-1.596755	0.04695728	0.5426929	0.2600395	14.76123	1.889967
9024	0	-38.1176	-38.10052	-0.01708338	0.002783145	0.05257458	0.09999996	249.0517	2.13627
9025	1	-39.30507	-37.25166	-2.053416	0.06920419	0.6555937	0.2998352	10.01597	2.543192
9026	0	-42.28821	-41.85334	-0.434873	0.00279962	0.05287462	0.1518247	247.5862	4.748303
9027	1	-39.1627	-38.25892	-0.903779	0.03870412	0.4851931	0.1461221	17.90887	2.856966
9028	0	-39.28385	-39.57206	0.2882071	0.000227716	0.004446116	0.0763996	3043.91	2.816442
9029	1	-40.14854	-37.70075	-2.447791	0.07146754	0.6644853	0.4307964	9.69877	2.307564
9030	0	-39.59559	-38.38265	-1.212937	0.008361775	0.147245	0.3055822	82.89474	2.043726
9031	1	-40.04511	-37.75087	-2.294237	0.05696057	0.5999077	0.4535061	12.16889	3.058576
9032	0	-37.10052	-36.51417	-0.5863522	0.006448292	0.1162845	0.1677818	107.4931	2.629109
9033	1	-39.78389	-37.41565	-2.368244	0.08080994	0.6973811	0.3486669	8.577499	3.059498
9034	0	-37.62406	-37.28144	-0.3426197	0.002287794	0.04349299	0.1394496	302.9762	3.379951
9035	1	-39.77959	-37.81397	-1.965614	0.05820183	0.606204	0.3208108	11.90937	3.424313
9036	0	-37.02143	-36.53872	-0.4827105	0.002019498	0.03852527	0.161029	343.2274	2.681639
9037	1	-38.6685	-37.02359	-1.644911	0.03739242	0.4750393	0.3123435	18.5371	2.90429
9038	0	-37.00559	-36.54822	-0.4573732	0.004118977	0.07649349	0.1524123	168.2814	2.476369
9039	1	-38.18874	-37.62765	-0.5610895	0.01409911	0.2315874	0.1468374	49.16248	3.400065
9040	0	-41.86471	-40.50237	-1.36234	0.02183866	0.3279116	0.2933147	31.73946	4.45225
9041	1	-42.36094	-38.91784	-3.443099	0.09726901	0.7433227	0.8095432	7.126084	3.069787
9042	0	-40.57839	-38.52252	-2.055874	0.04526887	0.5317657	0.4214933	15.31178	3.531012
9043	1	-39.1961	-37.63887	-1.557233	0.03295885	0.4383855	0.304617	21.03069	2.00723
9044	0	-39.11835	-37.42649	-1.691851	0.05534147	0.5914472	0.2540407	12.52492	3.196332
9045	1	-38.14012	-37.10206	-1.038065	0.03398362	0.4471915	0.1786468	20.39651	2.985086
9046	0	-37.59998	-36.75472	-0.8452567	0.02414965	0.3533298	0.1692739	28.70217	2.855181
9047	1	-38.03569	-37.42664	-0.6090476	0.0127677	0.2130821	0.1569757	54.28911	1.899308
9048	0	-42.05242	-38.92312	-3.129302	0.08313689	0.7047219	0.7222015	8.33742	3.162632
9049	1	-37.37637	-36.81618	-0.5601923	0.0008665659	0.01677952	0.1768589	799.8782	2.226077
9050	0	-38.82172	-37.05802	-1.763706	0.04113904	0.5032653	0.3336103	16.84889	2.727756
9051	1	-38.85011	-37.14435	-1.705758	0.05520949	0.5907449	0.2580789	12.55485	2.434479
9052	0	-38.22054	-36.98794	-1.232596	0.02246934	0.3349892	0.2553395	30.84858	3.033176
9053	1	-41.74	-38.47736	-3.262641	0.1111715	0.7732847	0.5553647	6.234938	2.32748
9054	0	-41.08711	-37.90477	-3.182339	0.110651	0.7722794	0.5162927	6.264263	2.549448
9055	1	-41.7529	-38.68862	-3.064273	0.08112663	0.6983986	0.6962247	8.544016	3.00395
9056	0	-38.07637	-37.36733	-0.7090426	0.004752898	0.08755928	0.1942807	145.8367	1.827585
9057	1	-40.87652	-38.99308	-1.883438	0.02760916	0.3888505	0.4552425	25.10569	2.66084
9058	0	-38.30808	-36.70272	-1.605358	0.04665392	0.5407591	0.2634127	14.85721	2.767344
9059	1	-38.07423	-37.28728	-0.786952	0.007728229	0.1371607	0.201378	89.6903	1.895443
9060	0	-40.11146	-37.74034	-2.371118	0.07600333	0.6811804	0.3742373	9.119958	2.295923
9061	1	-38.52937	-36.79643	-1.732945	0.05099272	0.5672474	0.2814679	13.59306	2.592471
9062	0	-39.95938	-38.49705	-1.462333	0.01545203	0.2497744	0.3547658	44.85801	2.973694
9063	1	-39.14221	-37.55492	-1.587286	0.02766401	0.3893905	0.3382898	25.05592	2.636265
9064	0	-38.41752	-37.18565	-1.231863	0.01788251	0.280958	0.2722318	38.76118	2.795632
9065	1	-42.00015	-39.46001	-2.54014	0.05773365	0.6038481	0.5736337	12.00595	1.909449
9066	0	-37.1411	-36.75379	-0.3873121	0.0003277677	0.006391267	0.1499172	2114.752	3.075382
9067	1	-41.52258	-39.40333	-2.119257	0.0884699	0.7204249	0.2439408	7.834836	3.048061
9068	0	-38.02879	-37.08257	-0.9462233	0.0325025	0.4343965	0.1664162	21.32597	2.690152
9069	1	-37.14122	-36.57446	-0.5667546	0.007157248	0.1279319	0.1628862	96.84549	2.406634
9070	0	-37.25335	-36.56883	-0.6845127	0.01445355	0.2364112	0.1652967	47.95689	2.503285
9071	1	-37.6127	-37.26544	-0.3472585	0.00925304	0.1611599	0.12697	74.91021	2.209119
9072	0	-40.43985	-38.66794	-1.771916	0.05130032	0.5690333	0.2913849	13.51156	3.703992
9073	1	-40.25868	-37.77021	-2.488464	0.06413912	0.6342052	0.497617	10.80693	2.659148
9074	0	-39.44946	-37.08708	-2.362377	0.07256656	0.6686644	0.3894351	9.551881	2.717729
9075	1	-37.58489	-36.84398	-0.7409111	0.01656566	0.2642945	0.1697462	41.84241	2.21664
9076	0	-37.30338	-36.59536	-0.7080253	0.01630305	0.2609064	0.1648652	42.5164	2.81134
9077	1	-37.92708	-37.17412	-0.7529581	0.004027998	0.07489047	0.2050922	172.0823	3.217503
9078	0	-39.28362	-37.64848	-1.635138	0.06091977	0.6194422	0.2218455	11.37803	2.614303
9079	1	-38.30365	-37.41606	-0.8875889	0.00745016	0.132683	0.2235754	93.03789	1.947
9080	0	-41.339	-38.4347	-2.904292	0.08204841	0.7013269	0.5856199	8.448027	2.273299
9081	1	-38.93228	-37.56614	-1.366132	0.03499922	0.4557164	0.2444794	19.80464	1.95574
9082	0	-40.29619	-37.69715	-2.599041	0.07007737	0.6590704	0.5110788	9.89117	2.798156
9083	1	-38.42237	-37.09324	-1.329121	0.02945361	0.4066331	0.2547948	23.53352	3.222571
9084	0	-40.71249	-37.91735	-2.795146	0.07886589	0.6910027	0.5492102	8.788935	2.50536
9085	1	-37.10805	-36.52376	-0.5842903	0.005774563	0.1050186	0.1690373	120.0346	2.62303
9086	0	-39.40565	-37.90061	-1.505046	0.05204748	0.5733229	0.2207918	13.31759	3.278704
9087	1	-37.8596	-37.26701	-0.5925884	0.00601651	0.1090868	0.1698643	115.2075	1.841727
9088	0	-39.26643	-37.399	-1.867424	0.05604837	0.5951761	0.2997897	12.36695	3.268723
9089	1	-39.32457	-38.1169	-1.207671	0.008291357	0.1461322	0.30428	83.59876	2.666965
9090	0	-38.2415	-37.46538	-0.7761241	0.0295611	0.4076459	0.1463415	23.44795	2.643202
9091	1	-39.22386	-38.16572	-1.058144	0.04368706	0.5211554	0.1589228	15.86619	2.564806
9092	0	-38.33573	-36.74009	-1.595638	0.04788548	0.5485314	0.2563657	14.4751	2.655623
9093	1	-37.70226	-36.68103	-1.021234	0.02027997	0.3099497	0.2131848	34.17891	2.963935
9094	0	-42.96878	-41.90675	-1.062031	0.04397091	0.5230866	0.1589033	15.76377	1.641044
9095	1	-42.79364	-38.70771	-4.085925	0.1551355	0.8357964	0.679848	4.468011	3.262983
9096	0	-37.98361	-37.10301	-0.880602	0.02457423	0.3578484	0.1743153	28.20626	2.189062
9097	1	-37.92475	-37.37264	-0.5521063	0.0194676	0.3003154	0.1348963	35.60517	2.949932
9098	0	-37.8328	-36.73721	-1.095589	0.01920639	0.2971768	0.2331494	36.08941	2.540491
9099	1	-37.49534	-36.80008	-0.6952525	0.003334764	0.06255175	0.1954973	207.8549	2.792177
9100	0	-40.58741	-39.5334	-1.054011	0.008210297	0.1448486	0.2612383	84.42413	4.251446
9101	1	-38.99654	-37.73816	-1.258376	0.02677769	0.3805778	0.2465373	25.88525	1.810566
9102	0	-41.40339	-37.85489	-3.548496	0.1213524	0.7914157	0.640125	5.711856	2.975443
9103	1	-38.53402	-36.77565	-1.758366	0.04876674	0.5539672	0.2979375	14.21352	2.81264
9104	0	-41.3884	-38.1361	-3.252295	0.0967147	0.7419799	0.6741793	7.166927	2.957787
9105	1	-37.5064	-36.60341	-0.9029871	0.02147004	0.3237247	0.1862521	32.2844	2.455396
9106	0	-40.83496	-37.89926	-2.935702	0.1098205	0.770658	0.4082053	6.31164	2.897691
9107	1	-37.57657	-36.97604	-0.6005356	0.007150176	0.1278168	0.1684995	96.94127	3.262693
9108	0	-45.0706	-42.41707	-2.653529	0.03973145	0.4929385	0.8285526	17.44581	3.525847
9109	1	-37.97657	-36.74659	-1.229988	0.03148382	0.4253385	0.2242241	22.01598	3.02179
9110	0	-39.66835	-38.59419	-1.074156	0.007647425	0.1358628	0.2686822	90.63798	1.507644
9111	1	-40.69657	-38.92301	-1.773555	0.0238447	0.350056	0.4301458	29.06923	2.602659
9112	0	-37.33418	-36.65711	-0.6770664	0.004985017	0.09156627	0.1875507	139.0461	2.708661
9113	1	-39.37829	-37.72682	-1.651468	0.06268387	0.6276505	0.2199481	11.05782	2.782949
9114	0	-39.35157	-37.04904	-2.302529	0.0693753	0.6562796	0.383726	9.991268	2.788517
9115	1	-39.58186	-37.63132	-1.950543	0.04281069	0.5151159	0.3927592	16.19098	2.446762
9116	0	-37.6455	-36.86901	-0.7764822	0.01547657	0.2500988	0.1786199	44.78686	3.168085
9117	1	-38.88437	-37.33766	-1.546712	0.03177645	0.4279625	0.3065057	21.81324	3.165706
9118	0	-38.01821	-38.06269	0.04448266	0.001978998	0.03777238	0.09510326	350.2516	2.332005
9119	1	-40.81849	-39.56273	-1.255756	0.01277146	0.2131352	0.2996895	54.27313	1.156135
9120	0	-37.76345	-36.75965	-1.003794	0.02765851	0.3893364	0.1887624	25.0609	2.402927
9121	1	-39.83646	-37.43338	-2.403075	0.0646794	0.6365904	0.4534158	10.71666	2.81057
9122	0	-38.66634	-37.47577	-1.190571	0.03642875	0.4673849	0.2010144	19.02748	2.121291
9123	1	-40.31236	-38.04129	-2.27107	0.05165482	0.571077	0.4776083	13.41883	2.554234
9124	0	-39.75882	-38.26779	-1.491031	0.029628	0.4082749	0.2988388	23.395	3.69006
9125	1	-37.43334	-37.13958	-0.2937556	0.00675633	0.1213712	0.1246758	102.5923	3.027519
9126	0	-37.65615	-36.73217	-0.9239808	0.02055414	0.3131587	0.1926804	33.72299	3.054262
9127	1	-37.42911	-36.69022	-0.7388926	0.01667833	0.2657414	0.1691345	41.55976	2.352876
9128	0	-38.36449	-37.16477	-1.19972	0.041555	0.5062554	0.1886913	16.68024	2.876286
9129	1	-40.40913	-38.62255	-1.78658	0.03339902	0.4421934	0.3807657	20.75352	1.809428
9130	0	-40.6727	-39.33644	-1.336257	0.05258026	0.5763404	0.1851017	13.18265	2.089065
9131	1	-38.09066	-37.68233	-0.4083278	0.001994605	0.03806261	0.1495384	347.511	1.642418
9132	0	-39.52452	-37.73308	-1.79144	0.03430455	0.4499069	0.3777574	20.20569	2.845408
9133	1	-39.24476	-37.98339	-1.261371	0.01146613	0.1943865	0.3069856	60.45172	2.809
9134	0	-38.58715	-36.93257	-1.654582	0.05130461	0.5690581	0.2591093	13.51043	2.491538
9135	1	-37.30943	-36.61624	-0.6931929	0.009451565	0.1642168	0.1789454	73.33676	2.370201
9136	0	-40.72033	-38.88023	-1.840104	0.02724349	0.3852323	0.4381939	25.44267	2.999999
9137	1	-36.95094	-36.55168	-0.3992611	0.0006555986	0.01272935	0.1510184	1057.274	2.776581
9138	0	-43.21945	-38.50663	-4.712814	0.1761731	0.8552178	0.9453722	3.934466	2.794998
9139	1	-38.13384	-37.35548	-0.778355	0.009829638	0.1699962	0.1938146	70.51604	3.46602
9140	0	-39.78399	-37.25631	-2.527681	0.07498562	0.6775589	0.4440021	9.243735	2.782504
9141	1	-38.37869	-37.56552	-0.8131658	0.01287299	0.214568	0.1922357	53.84506	3.563653
9142	0	-39.42525	-37.64835	-1.776893	0.05290257	0.5781495	0.2862852	13.10233	3.38162
9143	1	-37.96966	-36.91854	-1.051116	0.02287531	0.3394884	0.2117441	30.3011	2.169134
9144	0	-44.44875	-40.46478	-3.983972	0.1543489	0.8349715	0.6208118	4.490782	2.196192
9145	1	-39.09177	-37.42372	-1.668048	0.03229693	0.4325858	0.3435114	21.4617	2.652979
9146	0	-41.87855	-38.83571	-3.042846	0.08073257	0.6971316	0.6852695	8.585719	2.391065
9147	1	-38.22139	-37.45819	-0.7631953	0.006248623	0.1129659	0.2008038	110.928	3.488559
9148	0	-37.23959	-36.76994	-0.4696516	0.006268578	0.1132984	0.1496804	110.5749	2.220921
9149	1	-39.83684	-37.3707	-2.466143	0.06901244	0.6548223	0.4542597	10.0438	2.839728
9150	0	-40.28495	-39.18641	-1.098534	0.01211762	0.2038207	0.2584651	57.20157	1.183183
9151	1	-42.78826	-38.8679	-3.920363	0.1399145	0.8182747	0.7143128	4.954078	3.400213
9152	0	-38.55899	-37.37967	-1.17932	0.01883652	0.2926983	0.2548397	36.79804	2.031249
9153	1	-37.60246	-36.89624	-0.70622	0.01483112	0.2415034	0.1680255	46.736	2.160101
9154	0	-40.24044	-39.3889	-0.8515462	0.0069813	0.1250609	0.2170937	99.28626	4.271165
9155	1	-38.67379	-37.79799	-0.8758015	0.03473739	0.4535376	0.1502799	19.95392	2.90291
9156	0	-37.44192	-37.34634	-0.09557714	0.003172314	0.05962826	0.1075726	218.4989	2.473743
9157	1	-42.03321	-38.47742	-3.555786	0.1331566	0.8092943	0.5457743	5.205502	2.542697
9158	0	-37.42052	-36.8179	-0.602629	0.001677937	0.03215076	0.1824229	413.0949	2.997332
9159	1	-37.65794	-37.02243	-0.6355064	0.01997804	0.3063913	0.1455757	34.69545	2.471711
9160	0	-37.48339	-37.15339	-0.3299967	0.0006246066	0.01213248	0.1409739	1109.734	3.337415
9161	1	-37.66913	-36.73295	-0.9361757	0.0276603	0.389354	0.1764161	25.05928	2.605743
9162	0	-37.75201	-36.96949	-0.782528	0.004235697	0.07854455	0.2106284	163.6442	2.855274
9163	1	-39.07196	-37.58205	-1.489913	0.03826442	0.4818229	0.2642216	18.11466	3.447287
9164	0	-38.83101	-38.10993	-0.7210825	0.01048233	0.1798446	0.1813465	66.1253	1.514599
9165	1	-39.17463	-37.44226	-1.732371	0.03506517	0.4562632	0.3522843	19.7674	2.540809
9166	0	-38.1479	-36.98155	-1.166345	0.01933944	0.298778	0.2497739	35.84112	2.352612
9167	1	-38.6307	-37.34665	-1.284052	0.01933019	0.2986668	0.2810109	35.85827	3.028026
9168	0	-38.27012	-36.73095	-1.539171	0.03961375	0.4920602	0.272322	17.49764	2.868722
9169	1	-37.94314	-37.07027	-0.8728642	0.02201806	0.3299359	0.1793316	31.48085	2.126615
9170	0	-44.53789	-42.76161	-1.776275	0.04488901	0.5292513	0.3204001	15.44135	4.623876
9171	1	-38.04833	-36.87191	-1.176424	0.02229276	0.3330184	0.2419947	31.09293	3.019386
9172	0	-37.84035	-36.97617	-0.8641796	0.01388274	0.2286217	0.1994318	49.92869	2.081472
9173	1	-37.27921	-36.63159	-0.6476253	0.004416437	0.08170846	0.183578	156.9471	2.632418
9174	0	-40.5948	-39.42596	-1.168845	0.04541108	0.5327017	0.1732552	15.26383	3.478421
9175	1	-38.83763	-37.11342	-1.724202	0.04193036	0.50893	0.3171237	16.53091	3.076891
9176	0	-38.14028	-37.35371	-0.7865709	0.01097861	0.1872253	0.1922675	63.13614	1.834955
9177	1	-40.2448	-38.198	-2.046801	0.06234357	0.6260898	0.32817	11.11818	3.51908
9178	0	-37.08111	-36.50671	-0.5744044	0.008546702	0.1501581	0.1609469	81.10113	2.635699
9179	1	-37.89951	-36.93449	-0.9650178	0.022341	0.3335577	0.195748	31.02578	2.159497
9180	0	-37.38796	-36.56187	-0.8260887	0.01639169	0.2620524	0.1852932	42.28649	2.867305
9181	1	-38.5901	-37.1362	-1.453893	0.04367098	0.5210456	0.2361329	15.87203	3.173027
9182	0	-39.85498	-38.00556	-1.849421	0.05050559	0.564395	0.3184216	13.72417	3.53429
9183	1	-39.50189	-38.15177	-1.35012	0.01585551	0.2550814	0.3153065	43.71648	3.28303
9184	0	-42.33782	-39.07649	-3.261326	0.08608261	0.7135807	0.7905404	8.052117	2.872379
9185	1	-38.4765	-37.88872	-0.5877804	0.02540932	0.3666031	0.128541	27.27925	2.756642
9186	0	-39.64173	-37.39768	-2.244049	0.07644007	0.6827133	0.3275537	9.067852	3.068526
9187	1	-43.61904	-41.6946	-1.924442	0.03048229	0.4162217	0.4554329	22.73934	4.569775
9188	0	-38.77806	-37.55011	-1.227954	0.02748569	0.3876322	0.2367702	25.21848	1.888122
9189	1	-41.2319	-38.04689	-3.185009	0.09632971	0.7410399	0.6337462	7.19557	3.082749
9190	0	-38.09049	-36.75952	-1.330976	0.03592637	0.4633276	0.2329628	19.29355	2.411187
9191	1	-42.82164	-38.33652	-4.485116	0.1707827	0.8506835	0.8124274	4.05865	2.926056
9192	0	-38.51598	-37.07893	-1.437054	0.0372428	0.4738618	0.2542607	18.61157	3.218093
9193	1	-39.00732	-37.79797	-1.209356	0.01803779	0.2828876	0.26559	38.42751	3.50075
9194	0	-38.88055	-37.94643	-0.9341173	0.00328976	0.06174307	0.2484017	210.6984	1.875242
9195	1	-40.68173	-37.97766	-2.704076	0.07661475	0.6833229	0.5176041	9.047176	3.236621
9196	0	-37.65609	-36.97316	-0.6829339	0.01107802	0.1886927	0.173096	62.56958	3.252013
9197	1	-38.70299	-37.41317	-1.289824	0.01751426	0.2763524	0.2899814	39.57615	2.594886
9198	0	-38.50778	-37.20735	-1.300437	0.04561549	0.5340419	0.1970524	15.19544	2.861332
9199	1	-38.4659	-37.62138	-0.8445198	0.03135225	0.424153	0.1527858	22.10837	2.37935
9200	0	-40.28248	-37.70891	-2.573577	0.07600059	0.6811707	0.4582374	9.120287	3.227816
9201	1	-38.34434	-36.98433	-1.360004	0.0411468	0.5033214	0.2227749	16.84571	3.076643
9202	0	-42.20256	-38.73555	-3.467005	0.1112367	0.7734101	0.6806627	6.23128	3.420665
9203	1	-39.79872	-38.64169	-1.15703	0.009709761	0.1681697	0.2835167	71.38664	1.550721
9204	0	-37.79215	-36.72882	-1.063325	0.02603053	0.3730036	0.2050014	26.62824	2.339747
9205	1	-37.26562	-36.68459	-0.5810249	0.001631923	0.03128769	0.1786402	424.7425	2.457673
9206	0	-41.69694	-38.84758	-2.849362	0.08712139	0.7165945	0.5159858	7.956108	2.046724
9207	1	-38.52029	-37.92232	-0.5979666	0.01337022	0.2215326	0.1539302	51.84261	1.737847
9208	0	-40.39479	-39.1177	-1.277086	0.01464863	0.2390482	0.298139	47.31821	3.979192
9209	1	-39.13229	-37.83958	-1.292714	0.01440982	0.2358183	0.3038581	48.10243	2.984554
9210	0	-37.82604	-37.27006	-0.5559716	0.005363494	0.09804879	0.1652745	129.2343	3.439582
9211	1	-39.48609	-37.59804	-1.888043	0.04614592	0.5374921	0.3519829	15.02077	2.15575
9212	0	-37.53642	-37.11011	-0.4263106	0.01247865	0.2089827	0.1312938	55.54663	2.367146
9213	1	-37.74359	-37.02984	-0.7137505	0.0006604339	0.01282242	0.2068146	1049.533	2.749939
9214	0	-40.29093	-37.69241	-2.598512	0.07322732	0.6711348	0.4885772	9.465691	3.110424
9215	1	-38.31604	-37.11694	-1.199107	0.03120095	0.4227851	0.2182762	22.21558	2.133472
9216	0	-38.97254	-37.89352	-1.079014	0.03906191	0.4879109	0.1732306	17.74484	3.192867
9217	1	-43.15121	-41.44372	-1.707495	0.04262886	0.5138481	0.3088072	16.26004	4.411822
9218	0	-38.79111	-38.67838	-0.1127297	0.009694431	0.1679357	0.09980185	71.49952	2.188364
9219	1	-42.47273	-38.59027	-3.882461	0.1476541	0.8276117	0.6165186	4.6944	2.578097
9220	0	-37.33427	-36.70582	-0.6284471	0.002479333	0.04701842	0.1850869	279.57	2.74748
9221	1	-44.68914	-42.6125	-2.076645	0.0206417	0.314179	0.6093909	33.57994	4.26043
9222	0	-36.99858	-36.64512	-0.3534505	0.004625506	0.08534997	0.1363891	149.8533	2.522667
9223	1	-37.08983	-36.79745	-0.2923843	0.00168385	0.0322616	0.1337536	411.6442	3.009101
9224	0	-38.84122	-38.29416	-0.5470589	0.01989965	0.3054631	0.1334005	34.83213	3.357538
9225	1	-38.44867	-37.60364	-0.8450325	0.003750038	0.0699696	0.2257573	184.8374	3.375529
9226	0	-42.17657	-40.39648	-1.78009	0.02300482	0.3409146	0.4381333	30.13051	1.313035
9227	1	-37.748	-37.23411	-0.5138838	0.01802243	0.2826971	0.1325154	38.46026	2.544168
9228	0	-37.52014	-36.79983	-0.7203127	0.005235995	0.09587203	0.1951464	132.3812	2.34945
9229	1	-38.03483	-36.90851	-1.126316	0.03676805	0.4700991	0.1876031	18.85189	2.764459
9230	0	-38.1377	-37.00319	-1.134509	0.01669513	0.2659568	0.2511558	41.51792	2.85283
9231	1	-37.95817	-36.71247	-1.245695	0.03405683	0.4478127	0.2196437	20.35266	2.958552
9232	0	-39.45942	-38.59806	-0.861356	0.0346531	0.4528334	0.1483011	20.00246	2.155712
9233	1	-44.53278	-41.61285	-2.919929	0.0640697	0.6338968	0.7668382	10.81864	4.070443
9234	0	-38.80641	-37.24576	-1.560648	0.03059475	0.417256	0.316039	22.65575	2.486167
9235	1	-39.6619	-37.53542	-2.126479	0.05266038	0.5767913	0.4074815	13.16259	2.414156
9236	0	-38.40604	-37.55291	-0.8531288	0.01106298	0.1884709	0.2052551	62.65466	1.754124
9237	1	-41.43902	-38.0739	-3.365115	0.1043101	0.7593416	0.6779161	6.645065	3.015876
9238	0	-40.27989	-37.80753	-2.472363	0.06496094	0.6378232	0.4840172	10.67021	3.100217
9239	1	-37.53289	-36.79369	-0.7392058	0.01166103	0.1972251	0.1816138	59.44132	2.182569
9240	0	-39.39759	-38.34849	-1.049106	0.0227462	0.3380623	0.2117047	30.4731	3.792212
9241	1	-36.90812	-36.53405	-0.3740695	0.001749157	0.0334846	0.1450041	396.275	2.609221
9242	0	-42.83904	-39.70001	-3.139035	0.1091479	0.7693295	0.5050227	6.35053	2.044832
9243	1	-37.68845	-36.66172	-1.026727	0.02002506	0.3069471	0.2151321	34.61399	2.921719
9244	0	-39.67679	-37.19282	-2.483963	0.07796828	0.6879791	0.4074742	8.890118	2.940881
9245	1	-40.41339	-38.91808	-1.495311	0.01545643	0.2498326	0.3666373	44.84524	1.983405
9246	0	-38.83177	-37.46791	-1.363862	0.03189713	0.4290395	0.2548516	21.73071	1.97012
9247	1	-39.83347	-37.38257	-2.450897	0.06789463	0.650267	0.4545069	10.20916	2.791487
9248	0	-39.72287	-38.30129	-1.421571	0.04150609	0.5059053	0.2357221	16.69989	3.612785
9249	1	-37.57916	-36.66117	-0.9179884	0.01742587	0.2752406	0.2001827	39.77692	2.973457
9250	0	-39.84339	-38.20914	-1.634251	0.02523352	0.3647745	0.3669411	27.46931	2.223025
9251	1	-39.31122	-37.97053	-1.340685	0.04787749	0.5484816	0.1986937	14.47752	2.229852
9252	0	-37.66285	-36.71742	-0.9454303	0.01453232	0.2374775	0.2143364	47.69695	2.87653
9253	1	-38.13829	-36.74994	-1.388354	0.04176704	0.507769	0.2271818	16.59555	2.571332
9254	0	-39.72263	-38.29648	-1.426146	0.01936991	0.2991439	0.3237354	35.78475	1.889202
9255	1	-38.08516	-36.73513	-1.350031	0.04095048	0.5019007	0.2211769	16.92647	2.620245
9256	0	-39.50582	-37.94176	-1.564059	0.02942678	0.40638	0.3223943	23.55498	3.445827
9257	1	-43.18089	-38.55312	-4.627771	0.1668103	0.8471597	0.9910805	4.155302	2.996405
9258	0	-39.21304	-37.02567	-2.187373	0.06276257	0.6280099	0.3754723	11.04396	2.76449
9259	1	-37.8216	-36.63564	-1.185963	0.02512676	0.3636604	0.2347268	27.58601	2.762884
9260	0	-39.29404	-37.44866	-1.845381	0.03942923	0.4906785	0.3708515	17.57953	2.636269
9261	1	-40.31302	-39.23421	-1.078808	0.007759649	0.1376646	0.2695073	89.32713	1.190251
9262	0	-38.9468	-37.72366	-1.223143	0.01725651	0.2731038	0.2722654	40.16729	3.39933
9263	1	-40.09759	-38.18633	-1.911263	0.06279844	0.6281735	0.2847377	11.03765	2.095498
9264	0	-39.97369	-38.60442	-1.369262	0.03398455	0.4471994	0.2487863	20.39595	3.804798
9265	1	-38.01577	-36.95933	-1.056443	0.01717591	0.2720837	0.2307225	40.35578	2.232458
9266	0	-38.27679	-37.55098	-0.7258064	0.01997583	0.306365	0.159338	34.6993	3.359102
9267	1	-39.78388	-38.66704	-1.116845	0.01794794	0.281772	0.2424299	38.61986	3.944487
9268	0	-41.09975	-38.30577	-2.793977	0.07886729	0.6910074	0.5485576	8.788779	2.257195
9269	1	-39.34825	-37.23198	-2.116275	0.0698931	0.6583416	0.3161953	9.917248	3.047604
9270	0	-42.0187	-38.93077	-3.08793	0.07944812	0.6929371	0.7299967	8.724525	2.699568
9271	1	-37.8024	-37.00302	-0.7993826	0.02622535	0.3749915	0.157012	26.43043	2.574988
9272	0	-40.98003	-38.03211	-2.947923	0.08346082	0.7057193	0.5996522	8.305061	2.608656
9273	1	-39.38986	-38.11996	-1.269898	0.04146889	0.5056387	0.2026553	16.71487	2.003367
9274	0	-39.64705	-37.72603	-1.921024	0.04270209	0.5143593	0.3819205	16.23216	2.251708
9275	1	-37.33161	-36.81725	-0.5143682	0.01217577	0.2046553	0.1439943	56.92839	2.378441
9276	0	-38.76637	-38.77119	0.004824841	0.0004678287	0.009105749	0.1010856	1481.626	1.740585
9277	1	-37.32118	-36.64987	-0.6713113	0.009492209	0.1648407	0.1749718	73.02275	2.983388
9278	0	-37.3312	-36.72447	-0.6067311	0.004294028	0.07956726	0.1765271	161.4212	2.27138
9279	1	-37.58162	-37.58107	-0.0005531833	0.0004998793	0.00972552	0.1015847	1386.629	2.935228
9280	0	-37.53655	-36.72808	-0.8084671	0.01386043	0.228315	0.1886842	50.00905	2.256277
9281	1	-39.7155	-39.66967	-0.04583051	0.01339378	0.2218604	0.088591	51.75144	2.623274
9282	0	-39.6366	-37.66383	-1.972775	0.06124836	0.6209935	0.3095056	11.31699	3.338561
9283	1	-38.52126	-37.7499	-0.7713632	0.002323347	0.0441487	0.2139933	298.3399	1.715972
9284	0	-41.59385	-39.47304	-2.120808	0.08729479	0.7170922	0.2484088	7.940304	3.161721
9285	1	-38.86279	-38.52111	-0.341674	0.004577159	0.08450962	0.1348844	151.4361	1.483885
9286	0	-37.89956	-37.42456	-0.4749978	0.009290132	0.1617322	0.1441949	74.61112	1.916519
9287	1	-41.15597	-39.86441	-1.29156	0.02531893	0.3656639	0.2601618	27.37664	4.238902
9288	0	-37.85132	-37.12257	-0.7287429	0.00764537	0.1358297	0.1902131	90.66235	3.327142
9289	1	-38.46124	-37.11135	-1.349888	0.03709976	0.4727324	0.2335076	18.68333	2.192838
9290	0	-40.08803	-37.69783	-2.390193	0.06220973	0.6254731	0.463504	11.1421	2.468528
9291	1	-38.37057	-36.95136	-1.419211	0.02992052	0.4110138	0.2769821	23.16629	2.973829
9292	0	-37.0868	-36.7578	-0.3289962	0.002610356	0.04941994	0.1369373	265.5374	2.27655
9293	1	-38.79003	-37.20859	-1.581444	0.03548583	0.4597311	0.3011382	19.53307	2.254466
9294	0	-41.6607	-38.33108	-3.329615	0.102724	0.7558937	0.6690963	6.747666	2.45459
9295	1	-38.41004	-36.95039	-1.459649	0.02987512	0.41059	0.2885971	23.20149	2.660829
9296	0	-39.11354	-38.08603	-1.027509	0.02544821	0.3670066	0.1994227	27.23756	3.652312
9297	1	-38.40484	-37.31577	-1.089074	0.02871234	0.399579	0.2025289	24.14109	2.038274
9298	0	-38.50817	-36.89895	-1.609213	0.03763019	0.4769023	0.3003797	18.41998	2.840132
9299	1	-39.1123	-37.98752	-1.124776	0.01149352	0.1947864	0.267687	60.30762	1.816839
9300	0	-38.28158	-37.14746	-1.134117	0.03958525	0.4918472	0.1816957	17.51024	2.642289
9301	1	-38.33847	-37.56138	-0.7770887	0.007544578	0.1342069	0.1999195	91.87355	1.730641
9302	0	-38.82611	-37.02185	-1.804258	0.0576879	0.6036166	0.2749956	12.01547	2.99796
9303	1	-37.59618	-36.80322	-0.7929617	0.02384944	0.350107	0.1613319	29.06346	2.732188
9304	0	-40.75484	-38.52359	-2.231248	0.046553	0.5401129	0.4932607	14.88942	2.348491
9305	1	-38.30742	-36.96745	-1.339963	0.0263695	0.3764565	0.2690418	26.28594	2.975848
9306	0	-42.6436	-39.10557	-3.538031	0.1228034	0.7937813	0.6206087	5.644364	2.226077
9307	1	-39.8878	-37.92926	-1.958533	0.04170632	0.5073363	0.4021349	16.61972	3.188576
9308	0	-44.44994	-41.50604	-2.943897	0.09186956	0.7296871	0.5303519	7.544906	1.538424
9309	1	-38.7981	-37.06998	-1.728118	0.05622448	0.5960966	0.2601575	12.32821	2.502182
9310	0	-37.67312	-36.8458	-0.8273241	0.008586875	0.1507891	0.2071466	80.7217	2.961628
9311	1	-40.82595	-39.03951	-1.786441	0.02456666	0.3577682	0.4313035	28.21495	2.229187
9312	0	-38.28615	-37.27044	-1.015707	0.03656281	0.4684598	0.1684466	18.95771	2.642304
9313	1	-38.96059	-38.01253	-0.948064	0.0106607	0.1825079	0.2269822	65.01892	3.713493
9314	0	-38.29583	-36.87983	-1.416001	0.03198085	0.4297848	0.2681746	21.67382	2.390717
9315	1	-38.39231	-37.87764	-0.5146723	0.0184942	0.2885171	0.131739	37.47916	3.212513
9316	0	-37.24778	-36.70945	-0.5383252	0.007645161	0.1358264	0.1572333	90.66482	2.257096
9317	1	-37.5474	-36.61952	-0.9278827	0.01864024	0.2903051	0.1987346	37.18553	2.403259
9318	0	-38.10488	-36.65182	-1.453063	0.04153363	0.5061025	0.243169	16.68882	2.719934
9319	1	-39.40483	-38.29088	-1.113949	0.003638391	0.0679831	0.29588	190.5093	2.754064
9320	0	-39.8167	-37.5005	-2.316193	0.06578418	0.6413885	0.4092481	10.53668	3.189524
9321	1	-39.47416	-37.383	-2.091158	0.05814897	0.6059391	0.3639958	11.9202	3.2063
9322	0	-39.21982	-37.38931	-1.830505	0.04296865	0.5162131	0.3475566	16.13146	2.298125
9323	1	-41.1965	-38.46956	-2.726939	0.06858123	0.6530768	0.5932144	10.10695	3.096114
9324	0	-39.06594	-37.83471	-1.231236	0.01160733	0.1964444	0.2972792	59.71633	2.480545
9325	1	-41.49921	-38.30478	-3.19443	0.1111119	0.77317	0.5191824	6.23828	3.322054
9326	0	-37.29544	-36.60559	-0.6898459	0.006505791	0.117237	0.1859255	106.5431	2.637965
9327	1	-36.94085	-36.5371	-0.4037501	0.003483705	0.06522136	0.1457569	198.9684	2.618428
9328	0	-41.37018	-38.32968	-3.040508	0.08476407	0.7096735	0.6458229	8.17737	3.082942
9329	1	-38.58921	-37.44977	-1.139434	0.0243961	0.3559582	0.2263798	28.41221	1.902408
9330	0	-38.98694	-37.01413	-1.972817	0.05170684	0.5713757	0.3541794	13.40533	2.710848
9331	1	-41.12346	-39.05025	-2.073208	0.04186809	0.5084878	0.4499684	16.5555	3.635697
9332	0	-36.93075	-36.54168	-0.3890775	0.002974523	0.05605217	0.1446708	233.028	2.590583
9333	1	-41.67878	-39.91382	-1.764964	0.03231378	0.4327345	0.3783797	21.45052	4.128722
9334	0	-37.89971	-37.15292	-0.7467854	0.001104715	0.02132487	0.2124234	627.4445	2.327175
9335	1	-41.10058	-38.27858	-2.821999	0.07347597	0.6720564	0.6087892	9.433659	2.81633
9336	0	-38.05145	-36.87281	-1.178633	0.02439459	0.3559421	0.235435	28.41397	2.268488
9337	1	-38.01719	-37.35781	-0.6593821	0.01008722	0.1739022	0.1714498	68.71536	3.464396
9338	0	-38.60283	-37.50248	-1.100355	0.02455324	0.3576261	0.2172209	28.23037	3.482332
9339	1	-38.57953	-37.61489	-0.9646414	0.0128863	0.2147556	0.2236338	53.78946	1.774777
9340	0	-40.49822	-39.32732	-1.170897	0.005721088	0.1041161	0.304138	121.1565	3.913572
9341	1	-38.13092	-37.04705	-1.083876	0.01995434	0.3061108	0.2280125	34.73666	2.117322
9342	0	-39.52062	-38.27966	-1.240959	0.03091652	0.4202006	0.2285216	22.41996	1.678743
9343	1	-39.42759	-37.69721	-1.730378	0.06009391	0.6154973	0.2468763	11.5344	3.192168
9344	0	-39.48403	-37.22313	-2.260905	0.0715288	0.6647206	0.3570529	9.690463	3.070635
9345	1	-41.23493	-39.37406	-1.860876	0.02808591	0.3935212	0.4420987	24.67953	3.539196
9346	0	-40.08386	-37.95219	-2.131667	0.04681502	0.5417876	0.4448581	14.80609	2.491587
9347	1	-38.48858	-37.04245	-1.446133	0.04627809	0.5383456	0.2258354	14.97787	3.028047
9348	0	-39.4901	-38.62001	-0.8700881	0.0048713	0.0896062	0.2278476	142.292	3.967382
9349	1	-42.37255	-39.26621	-3.106341	0.07924475	0.6922638	0.7457007	8.746916	3.21443
9350	0	-39.19122	-37.67325	-1.517965	0.03001309	0.4118767	0.3053317	23.09483	2.008108
9351	1	-38.54751	-38.54991	0.002401089	0.0003705047	0.007220592	0.1014703	1870.819	1.806266
9352	0	-39.808	-38.45509	-1.352908	0.01142727	0.1938189	0.3365972	60.6573	2.88892
9353	1	-38.54897	-38.13275	-0.4162174	0.0004699683	0.00914714	0.1540042	1474.881	3.833713
9354	0	-41.0044	-39.51239	-1.492003	0.01070867	0.1832221	0.3907755	64.72769	2.035373
9355	1	-37.33869	-36.74895	-0.5897356	0.0002691146	0.005251581	0.1837058	2575.658	2.543665
9356	0	-38.6194	-37.24441	-1.374985	0.03734405	0.4746591	0.2386172	18.56111	2.124735
9357	1	-42.25172	-39.89614	-2.355585	0.06853919	0.6529059	0.4094424	10.11315	3.930284
9358	0	-39.46617	-37.1572	-2.30897	0.06596618	0.6421688	0.4052596	10.50761	2.867875
9359	1	-44.87101	-41.789	-3.082006	0.07890272	0.6911257	0.7312975	8.784833	4.222974
9360	0	-38.31806	-36.79656	-1.521499	0.0357583	0.4619598	0.2825274	19.38423	2.806623
9361	1	-40.90106	-39.76174	-1.139318	0.0369164	0.4712792	0.1896604	18.77613	1.589582
9362	0	-40.51643	-37.63678	-2.879655	0.09919536	0.7478928	0.4484575	6.987697	2.589796
9363	1	-37.38415	-36.68432	-0.6998271	0.01851686	0.288795	0.1584847	37.4333	2.574359
9364	0	-41.84713	-38.99286	-2.854276	0.07402706	0.6740835	0.6238843	9.363429	3.435472
9365	1	-37.94149	-36.90241	-1.039079	0.01950121	0.3007178	0.2194238	35.5438	3.146062
9366	0	-37.9079	-37.08187	-0.8260327	0.008537412	0.1500121	0.2070238	81.18938	2.071274
9367	1	-37.32973	-36.86267	-0.4670615	0.008373005	0.1474223	0.1449205	82.78356	2.219063
9368	0	-37.84172	-37.66323	-0.1784879	0.008109829	0.1432541	0.108998	85.47001	2.900276
9369	1	-41.44583	-38.64186	-2.803969	0.111302	0.7735355	0.3504118	6.227627	2.988776
9370	0	-38.52897	-37.10635	-1.422622	0.0445376	0.5269064	0.2260784	15.56319	3.105606
9371	1	-37.68728	-37.13478	-0.5524996	0.01064912	0.1823354	0.1528521	65.08963	3.274678
9372	0	-37.90608	-37.20859	-0.6974852	0.006396918	0.1154323	0.1876396	108.3564	3.383844
9373	1	-42.29559	-38.64362	-3.651974	0.1135334	0.7777458	0.7928169	6.105226	3.209083
9374	0	-38.20209	-38.19801	-0.004075346	0.005522999	0.100762	0.09496025	125.502	2.633322
9375	1	-45.8459	-40.51156	-5.33434	0.2323649	0.8901314	0.7957898	2.983011	3.358621
9376	0	-37.4864	-36.97341	-0.5129863	0.008910395	0.1558475	0.1505836	77.79085	2.105053
9377	1	-39.73493	-37.76062	-1.974312	0.04142766	0.505343	0.4101416	16.73151	2.787459
9378	0	-38.92103	-37.95433	-0.9666948	0.004498162	0.08313425	0.2522838	154.0957	3.400226
9379	1	-39.70766	-37.44175	-2.265911	0.05801197	0.6052513	0.4343414	11.94835	2.733946
9380	0	-38.60963	-37.001	-1.608628	0.04538783	0.5325488	0.2690447	15.27165	3.126818
9381	1	-37.87468	-36.59912	-1.275553	0.03114569	0.4222843	0.2358008	22.255	2.778632
9382	0	-39.60959	-39.44195	-0.1676417	0.0160817	0.2580333	0.09633885	43.10162	2.976433
9383	1	-38.93031	-37.02741	-1.902897	0.05897374	0.610039	0.2980406	11.75349	2.487291
9384	0	-38.43084	-36.72913	-1.701715	0.04836404	0.5514961	0.2831345	14.33187	2.721912
9385	1	-37.86934	-36.9846	-0.884734	0.02321595	0.3432299	0.178428	29.85651	3.154518
9386	0	-37.2155	-36.64684	-0.568662	0.01327683	0.2202311	0.1496821	52.20728	2.692093
9387	1	-36.97026	-36.52246	-0.4478029	0.004414324	0.08167155	0.1503322	157.0223	2.640199
9388	0	-39.8435	-37.66736	-2.176139	0.05522259	0.5908146	0.4130059	12.55188	3.200478
9389	1	-37.78721	-37.05021	-0.7370042	0.02168002	0.3261143	0.1572995	31.97171	2.301766
9390	0	-40.91105	-37.70093	-3.210114	0.1147322	0.7799485	0.5010965	6.041435	2.930223
9391	1	-37.63949	-36.61128	-1.028215	0.02457099	0.3578141	0.2020519	28.20998	2.452213
9392	0	-41.63631	-38.12063	-3.51568	0.1115317	0.7739757	0.7116418	6.2148	2.707413
9393	1	-37.26846	-36.9159	-0.3525628	0.008915452	0.1559262	0.1282554	77.74672	2.52834
9394	0	-41.81211	-38.55135	-3.260761	0.09204641	0.7301541	0.7262588	7.530409	3.010455
9395	1	-37.9798	-37.0941	-0.8856936	0.01147789	0.1945583	0.21081	60.38976	3.252274
9396	0	-42.74537	-38.69841	-4.04696	0.1536985	0.8342832	0.6672758	4.509786	2.549135
9397	1	-41.22641	-39.49276	-1.73365	0.02407781	0.3525607	0.4119602	28.7878	1.646848
9398	0	-39.07247	-37.25484	-1.817637	0.04127898	0.5042744	0.3514011	16.79177	2.913414
9399	1	-41.97148	-38.34389	-3.627594	0.1410583	0.8197152	0.5244731	4.913907	2.953412
9400	0	-37.1384	-36.55633	-0.5820763	0.01140143	0.1934413	0.1557762	60.79473	2.70806
9401	1	-42.50854	-38.43097	-4.077566	0.1567483	0.837463	0.6590024	4.422038	3.104762
9402	0	-38.70578	-37.72451	-0.9812694	0.011051	0.1882942	0.2333556	62.72257	1.76248
9403	1	-43.17935	-39.51753	-3.66182	0.1081481	0.7673282	0.8639472	6.40924	3.462292
9404	0	-44.70838	-40.72883	-3.979546	0.1524765	0.8329752	0.6346356	4.545927	2.125371
9405	1	-38.5071	-36.90536	-1.601746	0.0372579	0.4739808	0.299717	18.60403	2.851116
9406	0	-38.87661	-38.01843	-0.8581868	0.02073909	0.3153112	0.1799405	33.42226	3.626558
9407	1	-40.79535	-37.87903	-2.916321	0.10654	0.7640417	0.4193595	6.505979	2.638769
9408	0	-39.62546	-37.63314	-1.992317	0.04528443	0.5318682	0.3954508	15.30652	3.072251
9409	1	-42.36526	-40.13192	-2.233345	0.03404154	0.4476831	0.5898529	20.3618	2.588692
9410	0	-42.23268	-40.29699	-1.935686	0.02154235	0.3245491	0.5225799	32.17602	2.471228
9411	1	-42.90226	-39.23592	-3.666337	0.1486955	0.828798	0.4894354	4.66152	3.163499
9412	0	-38.72795	-37.16484	-1.563109	0.05438166	0.5862951	0.2264016	12.74597	2.665442
9413	1	-38.85576	-38.3954	-0.4603649	0.001342258	0.02583071	0.1589843	516.4036	1.327115
9414	0	-40.576	-37.8439	-2.732097	0.08990367	0.7243985	0.4412059	7.709888	3.264165
9415	1	-39.62912	-38.43381	-1.195313	0.01052026	0.180412	0.2912275	65.88687	3.571106
9416	0	-37.14071	-36.50292	-0.637788	0.01022545	0.1759878	0.1674599	67.7865	2.690639
9417	1	-39.59736	-37.30617	-2.291195	0.06377042	0.6325626	0.4106618	10.86941	2.521324
9418	0	-37.5022	-36.6097	-0.8924994	0.01551117	0.2505557	0.2004949	44.68696	2.870378
9419	1	-37.96849	-37.02181	-0.9466793	0.01041788	0.1788793	0.2274469	66.53439	2.310615
9420	0	-37.08245	-36.75002	-0.3324267	0.005981073	0.1084925	0.1310186	115.8901	2.548844
9421	1	-37.74521	-36.91945	-0.8257601	0.006782148	0.1217957	0.2121633	102.2017	2.903196
9422	0	-37.76971	-37.20839	-0.5613125	0.01952203	0.3009669	0.1360393	35.50589	2.795939
9423	1	-37.65536	-36.83126	-0.8241006	0.008086243	0.1428792	0.2079453	85.71931	2.89876
9424	0	-38.33152	-37.64647	-0.6850433	0.006640049	0.1194557	0.1846841	104.3889	3.624446
9425	1	-37.67954	-36.65677	-1.022769	0.02608041	0.3735135	0.196715	26.57731	2.938505
9426	0	-38.28218	-37.66075	-0.6214371	0.01242913	0.2082774	0.1596946	55.76794	1.782065
9427	1	-38.55669	-37.6584	-0.8982876	0.01655511	0.2641588	0.1987067	41.86907	1.74126
9428	0	-37.85608	-37.69645	-0.1596278	0.004062584	0.07550031	0.1132549	170.6173	3.222824
9429	1	-40.35577	-38.72194	-1.633827	0.02005374	0.3072858	0.3946297	34.56449	2.87348
9430	0	-37.95197	-37.08162	-0.8703512	0.01129338	0.191859	0.2081422	61.37642	3.254896
9431	1	-41.09271	-38.73677	-2.35594	0.04986827	0.5606181	0.5332005	13.89956	2.374479
9432	0	-41.95899	-39.5001	-2.458891	0.07540387	0.6790557	0.4120445	9.192462	3.79658
9433	1	-39.24218	-38.27448	-0.9676977	0.01001047	0.172741	0.2336187	69.24223	3.811695
9434	0	-40.24519	-39.26559	-0.9795997	0.003940612	0.07334724	0.2575814	175.8983	4.136899
9435	1	-38.8241	-37.12504	-1.699059	0.05565847	0.5931262	0.2547352	12.45358	3.03239
9436	0	-37.56402	-37.2976	-0.2664216	0.00267487	0.05059944	0.128514	259.133	3.287059
9437	1	-41.68617	-40.4007	-1.285469	0.05724706	0.6013753	0.1647112	12.108	2.2097
9438	0	-36.9004	-36.5474	-0.3529939	9.460043e-05	0.001850266	0.1453376	7327.104	2.741888
9439	1	-38.4396	-37.12133	-1.318272	0.03976691	0.4932027	0.2178752	17.43025	3.158624
9440	0	-37.45195	-36.89093	-0.5610213	0.001193194	0.02300644	0.1761908	580.9173	2.129422
9441	1	-39.02753	-37.29363	-1.733902	0.0427483	0.5146815	0.3165361	16.21461	3.22244
9442	0	-37.88743	-37.19677	-0.6906535	0.001913427	0.03655173	0.198547	362.2543	3.246672
9443	1	-38.69223	-38.19383	-0.4983996	0.00890176	0.155713	0.1484212	77.86631	1.586678
9444	0	-37.48844	-36.92745	-0.5609949	0.001464782	0.02814393	0.1755115	473.2086	2.085996
9445	1	-38.6553	-37.88198	-0.7733163	0.002705029	0.05115016	0.2132588	256.2439	1.625776
9446	0	-37.8634	-37.65776	-0.2056425	0.001291512	0.02487047	0.1233221	536.6942	1.829936
9447	1	-38.7141	-37.67691	-1.037188	0.03475002	0.453643	0.1765683	19.94667	2.164083
9448	0	-37.17747	-36.9042	-0.2732701	0.003242363	0.06089038	0.128364	213.7784	2.268737
9449	1	-38.72637	-36.88701	-1.83936	0.04870031	0.553561	0.3233763	14.23291	2.831967
9450	0	-38.62684	-37.38217	-1.244667	0.01637662	0.2618578	0.2816684	42.32541	2.481482
9451	1	-38.29573	-37.08214	-1.213588	0.02445885	0.356625	0.2435888	28.33932	2.139594
9452	0	-38.83633	-38.2914	-0.544937	0.01324942	0.2198486	0.1462293	52.31527	1.669566
9453	1	-38.46755	-36.88608	-1.581472	0.04592604	0.5360667	0.2598535	15.09268	3.036954
9454	0	-39.93801	-37.9702	-1.967807	0.05554294	0.5925155	0.3338207	12.47948	2.010249
9455	1	-37.97864	-36.89871	-1.079922	0.02898863	0.4022226	0.1999021	23.911	2.268483
9456	0	-40.41381	-38.26285	-2.150957	0.06886738	0.6542367	0.3321318	10.06496	3.484485
9457	1	-38.77058	-37.23093	-1.539654	0.03833816	0.4823904	0.2774073	18.07982	3.273017
9458	0	-38.18465	-36.86694	-1.317713	0.04213534	0.5103811	0.2105887	16.4505	2.848423
9459	1	-38.62413	-38.45484	-0.169291	0.007010726	0.125542	0.10969	98.86952	3.384683
9460	0	-38.98914	-36.95397	-2.035172	0.06091109	0.6194011	0.3310065	11.37965	2.592245
9461	1	-38.93516	-38.10155	-0.8336143	0.008986257	0.1570276	0.2072809	77.13414	3.796331
9462	0	-38.71732	-37.05105	-1.666275	0.03794801	0.4793769	0.3165938	18.2657	2.509387
9463	1	-38.60786	-38.41379	-0.1940661	0.005038466	0.09248556	0.1156182	137.5711	3.529217
9464	0	-37.55026	-36.68389	-0.8663701	0.01112592	0.1893984	0.2078062	62.30021	2.659958
9465	1	-37.89785	-36.83222	-1.065628	0.01889288	0.2933834	0.2272718	36.68827	2.312038
9466	0	-38.10794	-37.30417	-0.8037706	0.02274666	0.3380674	0.1656456	30.47248	3.247632
9467	1	-37.984	-37.04007	-0.9439265	0.009463218	0.1643958	0.2299012	73.24645	2.914593
9468	0	-37.6507	-36.87731	-0.7733931	0.02369345	0.3484233	0.1585546	29.2548	2.540135
9469	1	-37.97745	-36.68442	-1.293028	0.03687113	0.4709195	0.2213145	18.79919	2.541726
9470	0	-38.42365	-37.36614	-1.057506	0.01718306	0.2721743	0.2309446	40.33897	1.931574
9471	1	-40.18303	-38.63703	-1.546004	0.01743514	0.2753573	0.3750709	39.75575	2.921658
9472	0	-40.13493	-38.48146	-1.65347	0.03448094	0.4513908	0.3282549	20.10233	3.71995
9473	1	-41.18554	-38.02859	-3.15695	0.1071044	0.7652047	0.52921	6.471697	3.244936
9474	0	-39.03114	-37.427	-1.604145	0.02994012	0.4111967	0.3331557	23.15111	2.850673
9475	1	-38.32621	-37.39367	-0.9325439	0.02089756	0.3171479	0.1933969	33.16881	1.911716
9476	0	-38.9136	-37.5019	-1.411707	0.02478035	0.3600255	0.2956154	27.97164	3.224902
9477	1	-37.19538	-36.61721	-0.5781731	0.01052163	0.1804324	0.1571098	65.87831	2.893299
9478	0	-38.83681	-37.09471	-1.742097	0.0420984	0.5101201	0.3220841	16.46493	2.414713
9479	1	-38.41488	-38.05081	-0.3640693	0.006749666	0.1212615	0.1337703	102.6935	1.699631
9480	0	-39.3247	-37.99235	-1.332352	0.01423201	0.2334011	0.3169394	48.7034	2.428085
9481	1	-40.27117	-39.49412	-0.777048	0.01653829	0.2639424	0.1760606	41.91165	4.078448
9482	0	-44.39998	-39.73795	-4.662032	0.1941466	0.8685543	0.6970804	3.570225	3.296779
9483	1	-37.75317	-37.52828	-0.2248977	0.007829384	0.1387817	0.114629	88.5315	3.020916
9484	0	-39.2228	-37.29709	-1.925708	0.04870373	0.5535819	0.3525232	14.23191	2.343865
9485	1	-38.88242	-37.58739	-1.295029	0.01605114	0.2576356	0.2975823	43.18366	2.569996
9486	0	-40.45225	-38.44343	-2.008817	0.03758033	0.4765124	0.4482519	18.44442	2.377847
9487	1	-37.56757	-36.54491	-1.022661	0.02306664	0.3415937	0.2052485	30.04977	2.56553
9488	0	-38.35092	-38.08275	-0.2681672	0.008843026	0.1547975	0.1179961	78.38349	1.94779
9489	1	-39.26227	-38.21476	-1.047512	0.01809176	0.2835566	0.2257318	38.31287	3.793177
9490	0	-37.401	-36.66744	-0.7335566	0.006885421	0.123491	0.1931938	100.6688	2.746559
9491	1	-40.67375	-39.00875	-1.665001	0.01973197	0.3034717	0.4089801	35.12812	3.047238
9492	0	-37.48643	-36.75985	-0.7265807	0.01342985	0.2223621	0.1749099	51.61242	2.22267
9493	1	-38.1155	-36.76476	-1.350744	0.03084557	0.4195532	0.2552946	22.47153	2.452889
9494	0	-38.36398	-37.78153	-0.5824429	0.00253379	0.04801754	0.1766291	273.5615	1.563629
9495	1	-40.18547	-37.47669	-2.708779	0.08042221	0.6961272	0.4928126	8.618852	2.947823
9496	0	-37.61851	-36.94774	-0.6707686	0.0001635114	0.003195205	0.1995092	4239.137	2.735543
9497	1	-40.24907	-38.69417	-1.554897	0.04561805	0.5340587	0.2541423	15.19458	1.752404
9498	0	-38.25861	-37.00414	-1.254472	0.03455021	0.451972	0.220041	20.06202	2.238379
9499	1	-37.30446	-36.72437	-0.580089	0.01368788	0.2259371	0.1505258	50.63948	2.879857
9500	0	-38.66755	-37.1492	-1.518348	0.02949304	0.407005	0.3077008	23.50206	2.75218
9501	1	-38.08806	-36.95756	-1.130498	0.03404196	0.4476866	0.1957854	20.36156	3.046714
9502	0	-37.61416	-36.71689	-0.8972621	0.0126186	0.2109712	0.209854	54.93059	2.444408
9503	1	-39.56303	-38.05635	-1.506684	0.0499244	0.5609528	0.2278869	13.88394	2.080454
9504	0	-37.53515	-36.74259	-0.79256	0.008694333	0.1524739	0.1997656	79.72402	2.386451
9505	1	-42.74132	-40.43515	-2.306171	0.03905191	0.4878353	0.5910626	17.74938	1.8036
9506	0	-38.50333	-37.4184	-1.084931	0.03104958	0.4214117	0.1951412	22.32388	3.329799
9507	1	-39.37849	-37.75752	-1.620967	0.03538892	0.4589352	0.3137077	19.58656	1.969524
9508	0	-38.18009	-37.26169	-0.9184006	0.01724428	0.2729492	0.2007796	40.19577	3.402616
9509	1	-38.90042	-37.07022	-1.830202	0.05480141	0.588561	0.2939689	12.64835	2.3973
9510	0	-38.02863	-37.3054	-0.7232296	0.02150011	0.3240677	0.1555424	32.23924	3.184134
9511	1	-40.01271	-37.94844	-2.064263	0.04578171	0.5351274	0.4219759	15.14027	2.290599
9512	0	-37.40733	-36.71035	-0.6969851	0.01091989	0.1863568	0.1759379	63.47566	3.05173
9513	1	-39.01141	-37.83477	-1.176638	0.01069656	0.1830419	0.2851282	64.80097	3.091077
9514	0	-37.55182	-37.21408	-0.3377418	0.01157313	0.1959466	0.1217123	59.89282	2.683941
9515	1	-38.69172	-37.11621	-1.575514	0.04130946	0.5044937	0.2757167	16.77938	3.208816
9516	0	-39.20227	-37.68526	-1.517009	0.04917446	0.5564473	0.2327042	14.09568	2.164599
9517	1	-38.52021	-37.06252	-1.457694	0.02940585	0.4061823	0.2899492	23.57174	2.426936
9518	0	-37.52024	-36.66487	-0.8553691	0.01118052	0.1902018	0.2053742	61.99599	2.595997
9519	1	-40.74773	-38.05208	-2.695649	0.09037428	0.7256811	0.4225957	7.669739	3.328838
9520	0	-37.77972	-36.78839	-0.991338	0.01675628	0.2667401	0.2174652	41.36642	2.317117
9521	1	-38.44786	-36.90276	-1.545092	0.03433602	0.450172	0.2951431	20.18718	2.754522
9522	0	-44.26939	-40.80107	-3.468319	0.08413158	0.7077661	0.9995154	8.238846	3.337603
9523	1	-39.20022	-38.66955	-0.5306731	0.02358384	0.3472365	0.1245774	29.39076	3.223965
9524	0	-38.51921	-37.17836	-1.340852	0.02575793	0.3702066	0.2716173	26.91005	2.208292
9525	1	-37.17026	-36.90053	-0.2697279	0.005790945	0.1052949	0.123387	119.695	2.582088
9526	0	-38.85262	-37.43308	-1.419545	0.03011066	0.4127842	0.2763312	23.01999	2.027433
9527	1	-39.48149	-39.61449	0.132998	0.002574826	0.04876953	0.0863174	269.2015	3.313395
9528	0	-40.66759	-38.32829	-2.339295	0.05158868	0.5706969	0.5118086	13.43603	2.864333
9529	1	-39.7545	-37.62055	-2.133952	0.05121636	0.568547	0.418998	13.53371	2.452043
9530	0	-38.74278	-37.12303	-1.619742	0.0519301	0.5726535	0.2480361	13.3477	3.076594
9531	1	-40.87921	-39.23709	-1.642122	0.01720288	0.2724253	0.4142684	40.29251	2.316686
9532	0	-39.66447	-38.56063	-1.103834	0.00168783	0.03233619	0.3010851	410.6735	2.938239
9533	1	-38.69921	-37.06847	-1.630743	0.03715117	0.4731387	0.3090006	18.65748	2.420881
9534	0	-39.95343	-38.50128	-1.452156	0.03707695	0.472552	0.2587353	18.69483	1.663395
9535	1	-40.76439	-37.61068	-3.153708	0.1069421	0.7648714	0.5287075	6.481517	2.722282
9536	0	-41.70076	-39.12474	-2.576022	0.06067228	0.618267	0.5704133	11.42445	3.492538
9537	1	-37.95517	-36.6533	-1.301874	0.03064895	0.4177535	0.2437945	22.61569	2.842161
9538	0	-40.37424	-37.47351	-2.90073	0.09398033	0.7351682	0.4930237	7.375449	2.984537
9539	1	-38.56506	-37.45406	-1.110999	0.03805016	0.4801684	0.1814355	18.21667	3.112266
9540	0	-38.09567	-37.27837	-0.8173015	0.01084825	0.1852955	0.1986332	63.89486	1.886426
9541	1	-38.67503	-37.63516	-1.039869	0.01254596	0.2099399	0.242268	55.24864	1.853249
9542	0	-37.57565	-36.62672	-0.9489303	0.02286926	0.3394218	0.1911921	30.30912	2.430197
9543	1	-37.45336	-36.8959	-0.5574637	0.01269182	0.2120087	0.1492435	54.6137	3.059147
9544	0	-37.59336	-36.78551	-0.8078522	0.01931594	0.2984955	0.1745821	35.88473	2.285249
9545	1	-38.01812	-37.26401	-0.7541104	0.02724804	0.3852775	0.1479099	25.43842	2.718129
9546	0	-38.00409	-37.21366	-0.7904333	0.01511147	0.2452537	0.1820659	45.86894	1.943771
9547	1	-42.12772	-40.28601	-1.841708	0.02408274	0.3526135	0.4589379	28.78191	1.473127
9548	0	-37.86029	-36.87381	-0.9864824	0.01931311	0.2984615	0.2087349	35.88999	3.156459
9549	1	-39.14318	-38.16202	-0.9811626	0.001953343	0.03729504	0.2653291	354.8517	3.287467
9550	0	-41.1756	-39.15315	-2.022447	0.06775697	0.6496991	0.2966959	10.2299	3.639081
9551	1	-37.05144	-36.85661	-0.1948253	0.001853771	0.03543938	0.1210302	373.912	2.793363
9552	0	-40.83043	-38.05654	-2.773894	0.09408611	0.7354376	0.4336455	7.367157	3.309414
9553	1	-43.035	-41.61903	-1.41597	0.0009752858	0.01885806	0.4155463	710.7119	4.277243
9554	0	-37.98466	-37.50581	-0.478847	0.01630132	0.2608839	0.1311019	42.52092	2.242073
9555	1	-37.8958	-36.83828	-1.057523	0.0167204	0.2662807	0.232463	41.45517	2.907915
9556	0	-45.07102	-39.54165	-5.529363	0.2416233	0.8943377	0.8485873	2.86871	2.993589
9557	1	-37.24854	-36.76002	-0.4885283	0.008225006	0.1450817	0.148375	84.27315	3.01692
9558	0	-39.78224	-37.20657	-2.575668	0.08405605	0.7075368	0.409807	8.24625	2.827092
9559	1	-37.28026	-36.89815	-0.3821136	0.009581767	0.1662133	0.1308645	72.34023	2.806977
9560	0	-43.52707	-40.52666	-3.000409	0.06319759	0.6299863	0.8414074	10.96794	2.841864
9561	1	-38.25382	-37.87073	-0.3830944	0.01675914	0.2667767	0.1183628	41.35936	2.948254
9562	0	-37.5417	-36.82067	-0.7210302	0.0200162	0.3068424	0.1584883	34.62932	2.426414
9563	1	-38.17743	-37.52464	-0.6527828	0.01890863	0.2935745	0.150367	36.65772	3.292201
9564	0	-39.92543	-38.17265	-1.752773	0.02865305	0.3990095	0.3936331	24.19104	2.750656
9565	1	-37.73116	-37.19463	-0.5365274	0.003187505	0.05990216	0.1671517	217.4576	1.865047
9566	0	-43.16017	-39.2375	-3.922668	0.1168781	0.7837917	0.991323	5.930516	2.7774
9567	1	-39.4278	-38.10692	-1.32088	0.01318008	0.2188795	0.3180151	52.59053	2.332982
9568	0	-36.99045	-36.56291	-0.4275311	0.003151947	0.05926086	0.1499659	219.9108	2.44954
9569	1	-38.39427	-37.75026	-0.6440099	0.02660434	0.3788324	0.1336997	26.05391	2.768697
9570	0	-39.04492	-37.3381	-1.706816	0.04527261	0.5317904	0.2972853	15.31052	3.295105
9571	1	-39.49724	-37.9296	-1.567633	0.02637141	0.3764758	0.3378187	26.28404	2.114537
9572	0	-45.28005	-39.41463	-5.865423	0.2563634	0.9004096	0.9643099	2.703768	2.860614
9573	1	-39.1748	-38.16812	-1.006681	0.01284308	0.2141462	0.2333782	53.97049	3.772816
9574	0	-42.64148	-38.73707	-3.904409	0.1290469	0.8034086	0.8196545	5.371282	2.461001
9575	1	-40.35676	-38.82121	-1.535555	0.01547375	0.2500615	0.3815999	44.79502	2.560276
9576	0	-43.07017	-39.07643	-3.993743	0.1222277	0.7928488	0.9868765	5.670949	2.925723
9577	1	-37.96228	-37.03132	-0.9309593	0.02998328	0.411599	0.1698328	23.11779	2.446414
9578	0	-42.97738	-38.86417	-4.113215	0.131151	0.8064644	0.9804045	5.285107	2.844787
9579	1	-40.23483	-37.75512	-2.47971	0.06381601	0.6327663	0.4955364	10.86165	2.685908
9580	0	-41.02689	-37.87514	-3.151748	0.09995301	0.7496504	0.5824273	6.93473	3.12909
9581	1	-39.66887	-37.83938	-1.829488	0.0419204	0.5088593	0.3523827	16.53484	3.403096
9582	0	-39.59144	-37.51448	-2.076955	0.05174377	0.5715874	0.3928468	13.39576	2.35275
9583	1	-40.22186	-38.85721	-1.364648	0.01084426	0.1852364	0.3433885	63.91832	3.323711
9584	0	-37.43863	-36.8569	-0.5817277	0.01698495	0.2696588	0.1439115	40.8095	2.632737
9585	1	-38.66671	-37.03412	-1.63259	0.04819808	0.5504714	0.2648441	14.38122	3.12112
9586	0	-39.33574	-38.27078	-1.064965	0.02517908	0.3642068	0.2078225	27.52869	1.632152
9587	1	-37.4836	-36.82197	-0.6616296	0.006686383	0.1202196	0.1802921	103.6655	2.161994
9588	0	-38.84286	-37.26312	-1.579745	0.05409621	0.5847428	0.2311295	12.81323	3.011255
9589	1	-37.77518	-37.13375	-0.6414321	0.0140892	0.2314519	0.1591438	49.19704	3.263729
9590	0	-38.8742	-37.41487	-1.459328	0.0489434	0.5550444	0.2203794	14.16222	3.146463
9591	1	-37.90873	-36.7577	-1.151037	0.0264494	0.3772663	0.2224744	26.20654	2.325747
9592	0	-39.75776	-37.53401	-2.223746	0.06332679	0.63057	0.3862896	10.94556	2.287843
9593	1	-38.34475	-36.75188	-1.592864	0.04152361	0.5060308	0.279695	16.69284	2.870137
9594	0	-37.83804	-36.94614	-0.8919089	0.01157314	0.1959467	0.2118391	59.89276	2.185553
9595	1	-38.85117	-38.17048	-0.6806928	0.03038449	0.4153199	0.1314834	22.81254	2.758057
9596	0	-43.01983	-40.09108	-2.928751	0.07148209	0.6645412	0.6967244	9.696795	1.866209
9597	1	-38.46552	-37.16345	-1.302072	0.03810101	0.4805618	0.2194787	18.19236	2.215286
9598	0	-37.90622	-36.61757	-1.288652	0.0332252	0.4406944	0.2319938	20.86209	2.845105
9599	1	-39.1747	-37.36787	-1.806832	0.03894665	0.4870378	0.3592685	17.79735	2.847738
9600	0	-38.71239	-37.84131	-0.8710787	0.003398205	0.06369012	0.2328692	203.9745	3.481948
9601	1	-38.01145	-36.77947	-1.231976	0.02349825	0.3463074	0.2514991	29.49782	2.632037
9602	0	-37.32589	-36.70751	-0.6183763	0.002033377	0.0387831	0.1843902	340.8847	2.72913
9603	1	-37.80862	-36.89965	-0.9089681	0.01602641	0.2573133	0.202346	43.25032	3.179621
9604	0	-37.11065	-36.85574	-0.2549164	0.003724941	0.06952356	0.1251733	186.0827	2.418214
9605	1	-41.52501	-39.41985	-2.105157	0.04564633	0.5342436	0.4404313	15.18517	1.602897
9606	0	-37.5056	-36.96966	-0.5359392	0.0003971217	0.007736637	0.1737697	1745.427	2.049453
9607	1	-41.1467	-38.82984	-2.316861	0.08842518	0.7202993	0.2974246	7.838798	3.279525
9608	0	-37.47342	-36.96556	-0.5078572	0.005811498	0.1056413	0.156517	119.2717	2.038252
9609	1	-39.52861	-37.39829	-2.130323	0.05821574	0.6062737	0.3781777	11.90652	3.179411
9610	0	-37.95471	-37.27874	-0.6759663	0.02319429	0.3429929	0.1448535	29.88438	2.40626
9611	1	-38.31568	-36.96321	-1.352478	0.0431525	0.5174854	0.2149281	16.06274	2.479969
9612	0	-40.08474	-38.20707	-1.877671	0.03453568	0.4518501	0.4104351	20.07046	2.328132
9613	1	-38.33116	-37.472	-0.8591598	0.01740928	0.2750317	0.1887902	39.81481	1.840894
9614	0	-40.78335	-37.77271	-3.010643	0.1038234	0.7582931	0.4788685	6.676214	2.554243
9615	1	-37.47466	-37.13326	-0.3413935	0.004268143	0.0791136	0.1354365	162.4002	3.236714
9616	0	-42.58347	-39.85434	-2.729124	0.09385714	0.7348537	0.4160024	7.38513	1.943882
9617	1	-40.26202	-38.68429	-1.577722	0.01813154	0.2840491	0.3833682	38.22881	2.845797
9618	0	-37.35012	-36.70183	-0.6482922	0.003778774	0.07047996	0.1853627	183.4318	2.436459
9619	1	-39.89374	-38.5388	-1.354942	0.05448369	0.5868477	0.1835895	12.7221	2.394524
9620	0	-41.01458	-39.30378	-1.710799	0.03092476	0.4202757	0.3655324	22.41399	3.933623
9621	1	-41.96949	-40.19807	-1.771422	0.02056103	0.313239	0.4496082	33.71169	3.781866
9622	0	-39.73486	-37.67387	-2.060989	0.07487993	0.6771788	0.2788379	9.256782	2.560019
9623	1	-39.72204	-38.6037	-1.118344	0.02981488	0.4100269	0.2053217	23.24836	1.627361
9624	0	-37.47783	-36.58336	-0.8944675	0.01462328	0.2387062	0.2034254	47.40026	2.630752
9625	1	-38.01948	-37.96227	-0.05721242	0.002927675	0.05520247	0.1038822	236.7569	2.096691
9626	0	-41.22339	-38.51391	-2.70948	0.0924785	0.7312889	0.4159322	7.495225	2.212709
9627	1	-41.72094	-41.21999	-0.5009548	0.02647741	0.3775499	0.1160863	26.17881	3.613345
9628	0	-38.39711	-38.06026	-0.3368493	0.003114052	0.05857677	0.1370384	222.5869	1.586269
9629	1	-38.44748	-37.48369	-0.9637948	0.01804413	0.2829663	0.2077433	38.41399	3.504667
9630	0	-38.74859	-37.17616	-1.57243	0.05206539	0.5734249	0.2361227	13.31301	2.444879
9631	1	-38.10484	-36.68069	-1.424142	0.03505773	0.4562015	0.2588671	19.7716	2.823847
9632	0	-38.19794	-36.83054	-1.367397	0.0281248	0.3938998	0.2697525	24.64541	2.742657
9633	1	-38.21482	-36.6712	-1.543622	0.04387789	0.5224551	0.2575466	15.79719	2.718813
9634	0	-38.37118	-36.89017	-1.481008	0.04344821	0.5195209	0.2433879	15.95341	3.043465
9635	1	-40.24913	-38.27254	-1.976586	0.04460484	0.5273564	0.3930337	15.53973	1.95183
9636	0	-42.16348	-38.56678	-3.596701	0.1088325	0.7687016	0.8016926	6.368934	3.030408
9637	1	-42.96221	-38.54873	-4.413475	0.1579991	0.8387331	0.905935	4.387033	2.671957
9638	0	-38.97929	-37.41948	-1.55981	0.03256614	0.4349553	0.3071018	21.28429	2.159609
9639	1	-40.17463	-37.47854	-2.69609	0.08351854	0.7058964	0.4657745	8.299321	3.074001
9640	0	-37.6105	-36.54521	-1.065286	0.02442182	0.3562316	0.2101251	28.38229	2.594514
9641	1	-37.79905	-36.98341	-0.8156338	0.006632204	0.1193263	0.2104711	104.5123	3.029201
9642	0	-39.25708	-38.08083	-1.176248	0.04789905	0.5486159	0.1685147	14.471	2.785751
9643	1	-38.62601	-38.04346	-0.5825437	0.0006523224	0.01266627	0.1814047	1062.584	3.821079
9644	0	-37.88059	-37.44261	-0.4379771	0.006773965	0.1216612	0.1439821	102.3252	3.425438
9645	1	-38.93465	-38.74921	-0.1854399	0.0009590606	0.01854824	0.1214246	722.7355	1.452217
9646	0	-37.14196	-36.72487	-0.4170899	0.004980057	0.09148089	0.1446248	139.1846	2.996065
9647	1	-37.65122	-36.58235	-1.06887	0.02189263	0.3285216	0.2185498	31.66121	2.745765
9648	0	-37.38305	-36.66417	-0.7188733	0.01539566	0.2490287	0.1688135	45.02226	2.963471
9649	1	-38.27911	-37.36046	-0.9186512	0.03280521	0.4370472	0.1611996	21.12918	2.462978
9650	0	-38.69598	-37.35804	-1.337938	0.04314442	0.5174296	0.2118497	16.06574	3.185999
9651	1	-39.46589	-37.17895	-2.286941	0.07759922	0.6867212	0.3363556	8.932399	2.838447
9652	0	-37.27939	-36.53391	-0.7454742	0.01387023	0.2284497	0.1771406	49.97373	2.499922
9653	1	-38.71026	-37.20841	-1.501849	0.0292972	0.4051549	0.3035042	23.65916	2.981253
9654	0	-37.52051	-37.17453	-0.3459759	0.0109788	0.1872281	0.1237533	63.13505	2.46538
9655	1	-39.62269	-38.59285	-1.029844	0.0370835	0.4726038	0.1695928	18.69153	1.991799
9656	0	-40.25759	-38.80013	-1.457457	0.02386576	0.3502828	0.3134779	29.04358	1.511932
9657	1	-38.07158	-36.8995	-1.172074	0.03352717	0.4432949	0.2055867	20.67419	2.332102
9658	0	-38.0747	-36.9308	-1.143903	0.03149202	0.4254124	0.2057054	22.01025	2.27183
9659	1	-38.06406	-37.86116	-0.2029047	0.009432075	0.1639174	0.1096253	73.4883	2.282391
9660	0	-39.52306	-37.99055	-1.532511	0.05960735	0.6131418	0.203954	11.62855	2.9295
9661	1	-37.12278	-36.66745	-0.4553347	0.006545797	0.117899	0.146976	105.8919	2.353834
9662	0	-41.39778	-39.56936	-1.828418	0.02468371	0.3590061	0.4490502	28.08116	1.880394
9663	1	-38.98937	-37.17419	-1.815176	0.05706278	0.6004323	0.2804804	12.1471	2.387929
9664	0	-38.0637	-36.7675	-1.296202	0.03252901	0.4346294	0.2360623	21.30859	3.028696
9665	1	-40.60862	-38.31553	-2.293091	0.05291615	0.5782254	0.47962	13.09897	3.265567
9666	0	-37.93539	-36.81425	-1.121131	0.02947176	0.4068043	0.2068951	23.51903	2.314404
9667	1	-37.54515	-36.63757	-0.9075862	0.02453378	0.3574198	0.1791855	28.25277	2.803951
9668	0	-42.26384	-39.74518	-2.518667	0.04809427	0.5498286	0.6433474	14.41226	2.652977
9669	1	-39.75181	-38.29102	-1.46079	0.02472588	0.3594512	0.310726	28.03326	3.630861
9670	0	-38.5535	-37.79515	-0.758349	0.02931184	0.4052935	0.1442703	23.64734	3.026713
9671	1	-39.9783	-38.37801	-1.600293	0.02705143	0.3833193	0.3456973	25.62331	1.840968
9672	0	-40.32891	-37.70716	-2.621752	0.07248337	0.6683511	0.5053479	9.562845	3.020252
9673	1	-39.24259	-37.1342	-2.108388	0.06426183	0.6347492	0.339686	10.7863	3.071069
9674	0	-38.32333	-38.11469	-0.2086354	0.01244333	0.2084797	0.1056637	55.70433	2.81355
9675	1	-40.5996	-38.43831	-2.161285	0.04324627	0.5181323	0.4819239	16.02791	2.549827
9676	0	-36.9218	-36.61361	-0.3081882	0.002036468	0.0388405	0.1352091	340.3674	2.73459
9677	1	-39.84593	-38.00389	-1.842045	0.03633883	0.4666621	0.3861095	19.07456	2.199375
9678	0	-39.51596	-37.13375	-2.382205	0.07677326	0.6838743	0.3743163	9.028498	2.917851
9679	1	-37.88773	-37.01892	-0.8688058	0.02669677	0.379764	0.1671825	25.96371	2.366621
9680	0	-43.94061	-40.73679	-3.203829	0.07611672	0.6815796	0.8591978	9.106372	1.969594
9681	1	-39.21613	-37.09638	-2.119746	0.06557657	0.6404948	0.3372443	10.57004	2.517086
9682	0	-42.94349	-38.66216	-4.281323	0.1437789	0.8230551	0.9703826	4.820923	2.804187
9683	1	-38.40946	-37.56276	-0.8466973	0.007875727	0.139523	0.2133311	88.01057	1.778854
9684	0	-38.56837	-37.35397	-1.214395	0.028942	0.4017776	0.2288254	23.94953	1.986312
9685	1	-42.50138	-40.26759	-2.23379	0.03387607	0.446277	0.5914963	20.46126	2.293343
9686	0	-39.89716	-37.99494	-1.90222	0.06902129	0.6548579	0.258429	10.04251	2.375123
9687	1	-41.4034	-37.8843	-3.519101	0.1263211	0.7993119	0.5794499	5.487184	3.011491
9688	0	-38.95175	-37.54349	-1.408261	0.04895607	0.5551215	0.2093704	14.15856	2.347381
9689	1	-39.57039	-38.51895	-1.051442	0.006426568	0.1159243	0.2672171	107.8565	3.722012
9690	0	-37.48931	-36.65435	-0.8349605	0.02292712	0.3400595	0.1704584	30.23263	2.631858
9691	1	-38.98796	-37.75603	-1.231937	0.03350409	0.4430967	0.2183408	20.68843	1.905077
9692	0	-37.24264	-36.64188	-0.6007601	0.003059067	0.05758297	0.1785643	226.5878	2.491945
9693	1	-38.99506	-37.04233	-1.952723	0.05192316	0.5726138	0.3460743	13.34948	2.957448
9694	0	-42.89013	-38.89586	-3.994261	0.1246371	0.7966995	0.9543467	5.561321	2.779373
9695	1	-40.65251	-37.59982	-3.052686	0.1000719	0.7499241	0.5266118	6.926493	3.022215
9696	0	-38.01474	-36.74035	-1.274391	0.02869338	0.3993969	0.243829	24.15704	2.425744
9697	1	-39.52026	-37.41715	-2.10311	0.0510038	0.5673119	0.4074946	13.59011	2.676121
9698	0	-37.65611	-37.26008	-0.3960278	0.005272706	0.09649953	0.1410263	131.4595	1.939389
9699	1	-38.35831	-37.59857	-0.7597458	0.01952946	0.3010557	0.1658813	35.49239	3.429247
9700	0	-38.61949	-36.92822	-1.691279	0.05468968	0.5879598	0.2562438	12.67419	2.61859
9701	1	-38.85079	-38.01859	-0.8322046	0.003740121	0.06979338	0.222911	185.3275	3.677957
9702	0	-40.41709	-37.61439	-2.802699	0.0819698	0.7010791	0.5296351	8.456129	2.905239
9703	1	-37.10524	-36.53365	-0.5715868	0.008762231	0.153536	0.1600061	79.10624	2.511284
9704	0	-38.9282	-38.17022	-0.7579824	0.01774467	0.2792389	0.1698169	39.06228	1.658192
9705	1	-41.31478	-40.36899	-0.9457851	0.026068	0.3733867	0.1821713	26.58996	1.256851
9706	0	-40.70934	-37.5897	-3.119649	0.1010298	0.7521105	0.5555145	6.860818	2.894388
9707	1	-38.74466	-37.44071	-1.303946	0.03430462	0.4499075	0.2320047	20.20565	2.008533
9708	0	-37.72513	-37.30974	-0.4153871	0.01511979	0.2453646	0.1251115	45.8437	2.565577
9709	1	-37.08654	-36.75832	-0.3282129	0.005982154	0.1085106	0.1304656	115.8692	2.55581
9710	0	-38.96959	-38.51209	-0.4574997	0.02386132	0.350235	0.1153342	29.04899	2.763332
9711	1	-38.42235	-37.6256	-0.7967475	0.01550092	0.2504204	0.1822139	44.7165	3.557041
9712	0	-39.05152	-36.93639	-2.115131	0.06538564	0.6396698	0.3365979	10.60091	2.751011
9713	1	-39.4625	-38.20942	-1.253075	0.03568925	0.4613963	0.2162266	19.42173	3.606855
9714	0	-40.60662	-39.25247	-1.354148	0.009155501	0.1596523	0.3480055	75.70827	1.74515
9715	1	-37.14155	-36.84754	-0.29401	0.005945163	0.1078897	0.1261447	116.5901	2.730544
9716	0	-37.45822	-36.61066	-0.8475558	0.01381934	0.2277497	0.1963196	50.15775	2.441763
9717	1	-37.09749	-36.52363	-0.5738607	0.009555841	0.1658163	0.1585826	72.53649	2.584325
9718	0	-37.3784	-36.64657	-0.7318309	0.007124639	0.1274008	0.1922101	97.28874	2.578013
9719	1	-38.19033	-36.89054	-1.299794	0.03919138	0.4888891	0.2156323	17.68621	2.418768
9720	0	-43.05779	-40.21294	-2.844851	0.05861825	0.6082804	0.7683198	11.82477	2.706239
9721	1	-39.25333	-38.34523	-0.9081068	0.008408821	0.1479874	0.2251405	82.43096	3.863726
9722	0	-37.61856	-36.57441	-1.044146	0.02776397	0.3903729	0.1962425	24.96571	2.650352
9723	1	-38.70261	-37.85562	-0.8469902	0.01228526	0.2062234	0.2005069	56.42103	1.618322
9724	0	-38.585	-37.1163	-1.468703	0.03372898	0.4450227	0.2757917	20.55049	2.214502
9725	1	-38.60209	-37.77038	-0.8317091	0.01721258	0.272548	0.1841893	40.26981	1.730144
9726	0	-39.2074	-37.69733	-1.510077	0.03587758	0.462931	0.2788484	19.31979	3.493244
9727	1	-40.08841	-38.02025	-2.068165	0.04381767	0.5220456	0.4355433	15.81889	2.421173
9728	0	-36.94711	-36.52153	-0.4255806	0.002951421	0.05563328	0.1500982	234.8521	2.656012
9729	1	-37.97655	-37.54245	-0.4341041	0.005793879	0.1053444	0.145425	119.6344	1.786493
9730	0	-37.7609	-37.25656	-0.5043405	0.01127306	0.1915609	0.1443871	61.48707	2.040012
9731	1	-38.39569	-37.54633	-0.8493613	0.0007555449	0.0146509	0.2365335	917.4137	2.961244
9732	0	-37.38781	-37.02437	-0.3634377	0.005272624	0.09649813	0.1365045	131.4615	3.160875
9733	1	-37.08369	-36.5286	-0.5550895	0.009331027	0.1623626	0.1561286	74.28412	2.681062
9734	0	-39.01046	-37.70522	-1.305238	0.02254479	0.3358287	0.2742856	30.74533	3.458256
9735	1	-38.99589	-37.51766	-1.478227	0.05035096	0.5634834	0.2201626	13.76632	3.161937
9736	0	-39.97846	-39.52155	-0.4569134	0.01239471	0.2077866	0.1355345	55.92283	1.414779
9737	1	-38.93579	-37.2332	-1.70259	0.03614231	0.4650772	0.3367842	19.17828	2.809644
9738	0	-36.95434	-36.60296	-0.3513778	0.003911676	0.07283546	0.1374861	177.1995	2.624505
9739	1	-39.06899	-38.8554	-0.213592	0.009298246	0.1618573	0.1110128	74.54601	3.475538
9740	0	-39.56927	-37.43175	-2.137522	0.05309563	0.5792271	0.4094809	13.05469	2.944304
9741	1	-38.81138	-37.55352	-1.257854	0.02950055	0.4070757	0.237111	23.49608	1.904903
9742	0	-38.97365	-37.9182	-1.055449	0.007093493	0.1268931	0.2657741	97.71592	1.984011
9743	1	-40.04695	-38.34595	-1.701002	0.03095551	0.4205559	0.3618113	22.39172	1.897051
9744	0	-39.9476	-37.65201	-2.295592	0.05965071	0.6133527	0.4371877	11.6201	3.134635
9745	1	-38.06165	-37.07083	-0.9908218	0.01980655	0.3043583	0.2081865	34.99586	2.052888
9746	0	-38.39224	-36.80636	-1.585875	0.04429695	0.5252901	0.2670761	15.64774	2.981404
9747	1	-38.48742	-37.00773	-1.479697	0.03071793	0.4183858	0.2909566	22.56491	2.910004
9748	0	-44.3805	-39.66234	-4.718158	0.190543	0.8660785	0.7758293	3.637747	2.459853
9749	1	-41.35844	-38.31966	-3.038788	0.08475949	0.7096597	0.6447547	8.177813	2.548061
9750	0	-37.57539	-36.91337	-0.6620203	0.01915325	0.2965358	0.151239	36.18953	2.919741
9751	1	-37.20209	-36.56599	-0.6361008	0.01382147	0.2277789	0.1588974	50.15005	2.689434
9752	0	-37.22686	-36.72345	-0.5034033	0.003533599	0.06611336	0.160917	196.159	3.055061
9753	1	-41.22262	-39.13793	-2.084694	0.03981109	0.4935316	0.4685863	17.4109	1.878656
9754	0	-38.90235	-37.88289	-1.019467	0.004965457	0.09122953	0.2642051	139.5938	3.167718
9755	1	-41.10356	-38.93115	-2.172406	0.04385233	0.5222813	0.4831591	15.80639	3.441796
9756	0	-43.16852	-41.70909	-1.459426	0.03363139	0.4441882	0.2736219	20.61013	0.8678962
9757	1	-38.50822	-37.52924	-0.9789776	0.01985162	0.3048935	0.2056043	34.9164	1.826059
9758	0	-37.42351	-36.68117	-0.7423401	0.006706204	0.1205462	0.1953923	103.3591	2.610071
9759	1	-37.73217	-36.83671	-0.8954548	0.0211029	0.3195175	0.1858156	32.84606	2.230225
9760	0	-39.66297	-37.46345	-2.19952	0.07231914	0.6677312	0.3320664	9.584561	3.173856
9761	1	-38.65153	-37.14601	-1.505517	0.04676505	0.541469	0.2380097	14.82191	2.326339
9762	0	-39.34726	-37.44407	-1.903192	0.04611069	0.5372642	0.3575336	15.03225	3.184997
9763	1	-38.81678	-38.04366	-0.7731132	0.03196361	0.4296315	0.141033	21.68551	2.970072
9764	0	-38.15662	-37.15987	-0.9967482	0.01076204	0.1840158	0.2379651	64.40665	2.271581
9765	1	-37.88082	-36.94243	-0.9383852	0.01383321	0.2279405	0.214944	50.10748	2.179568
9766	0	-38.31797	-36.94296	-1.375016	0.03369041	0.4446931	0.2512638	20.57402	3.141417
9767	1	-37.92081	-37.07868	-0.8421322	0.02858036	0.39831	0.158508	24.25257	2.595886
9768	0	-42.73822	-38.84932	-3.888902	0.1390636	0.8171887	0.7005594	4.984391	3.397085
9769	1	-39.99836	-37.86881	-2.129552	0.04997713	0.5612669	0.4245257	13.86929	2.285302
9770	0	-42.3514	-38.45361	-3.89779	0.1466769	0.8264842	0.6347435	4.725673	3.191953
9771	1	-41.34163	-38.83039	-2.511237	0.06748177	0.6485591	0.4855998	10.27162	1.928588
9772	0	-38.3356	-37.39536	-0.9402417	0.01154075	0.1954749	0.2224311	60.06086	3.401142
9773	1	-39.24948	-37.72056	-1.528921	0.04654819	0.5400821	0.2443933	14.89096	3.398556
9774	0	-39.58049	-37.81265	-1.767837	0.03311156	0.439711	0.3752161	20.93369	2.971301
9775	1	-38.67134	-37.7888	-0.8825333	0.02727426	0.3855379	0.1681163	25.41397	1.999932
9776	0	-38.60496	-36.86652	-1.738436	0.04427881	0.5251679	0.3111738	15.65415	2.8323
9777	1	-38.08353	-36.80874	-1.274788	0.02702807	0.383086	0.2497321	25.64546	2.974987
9778	0	-40.05519	-38.87027	-1.18492	0.01871752	0.2912487	0.2567021	37.032	1.339141
9779	1	-38.65047	-37.70896	-0.9415091	0.03716456	0.4732445	0.1550768	18.65076	2.768948
9780	0	-37.65682	-36.94237	-0.7144506	0.02262651	0.3367363	0.151749	30.6343	2.767908
9781	1	-37.87496	-37.04822	-0.826744	0.02791774	0.3918795	0.1575554	24.8282	2.714541
9782	0	-38.62226	-37.21376	-1.408495	0.02647469	0.3775224	0.2876983	26.1815	2.298881
9783	1	-38.29478	-36.85076	-1.444022	0.04525307	0.5316616	0.2286459	15.31713	2.556128
9784	0	-37.38204	-36.53356	-0.8484807	0.01466187	0.2392267	0.1941764	47.2755	2.656549
9785	1	-40.08198	-38.09524	-1.986737	0.04202662	0.5096123	0.4117708	16.49305	2.181694
9786	0	-39.55785	-38.00371	-1.55414	0.02462696	0.3584064	0.3416064	28.14586	2.145636
9787	1	-40.24577	-37.51153	-2.734239	0.08999624	0.7246516	0.4415739	7.701957	3.098027
9788	0	-42.43151	-40.1283	-2.303204	0.03949633	0.4911816	0.5856235	17.54966	3.447507
9789	1	-40.17276	-38.83296	-1.339795	0.04952945	0.5585891	0.1939381	13.99465	2.05805
9790	0	-38.69634	-36.97567	-1.720664	0.05558677	0.5927474	0.2605623	12.46964	2.564747
9791	1	-38.89298	-36.94178	-1.951202	0.05819461	0.6061678	0.3162526	11.91085	2.549146
9792	0	-38.25963	-36.95085	-1.308788	0.03942233	0.4906268	0.2168717	17.5826	2.373612
9793	1	-39.16256	-37.72483	-1.437738	0.02717885	0.3845894	0.2933038	25.50318	1.941956
9794	0	-40.23165	-38.30873	-1.92292	0.03995278	0.494584	0.3977984	17.34916	3.442981
9795	1	-39.06299	-38.23275	-0.8302396	0.000318852	0.006218139	0.2334895	2173.884	1.582417
9796	0	-38.99442	-38.25878	-0.7356454	0.01799247	0.2823252	0.1654855	38.52429	3.674906
9797	1	-37.61457	-37.39732	-0.2172545	0.008333777	0.1468028	0.1129485	83.17323	2.524161
9798	0	-37.16694	-36.51252	-0.6544227	0.008921226	0.1560161	0.1734349	77.6964	2.691466
9799	1	-38.39352	-37.43742	-0.956103	0.004850391	0.08924519	0.2483868	142.9054	2.65286
9800	0	-39.71467	-37.71012	-2.004551	0.04515166	0.5309921	0.40107	15.35153	2.360226
9801	1	-41.30775	-38.26033	-3.047425	0.09763697	0.7442071	0.5421801	7.099229	2.308046
9802	0	-40.10998	-37.41187	-2.698111	0.09055543	0.726172	0.4225545	7.654397	3.016005
9803	1	-44.1174	-42.34317	-1.774224	0.008254044	0.1455417	0.5364793	83.97668	1.275085
9804	0	-39.97647	-38.42537	-1.551099	0.06077254	0.6187438	0.2043884	11.4056	2.407083
9805	1	-38.66914	-37.37298	-1.296155	0.02096949	0.3179793	0.2779217	33.05504	3.163661
9806	0	-42.88762	-38.74877	-4.138846	0.1672505	0.8475582	0.6040475	4.144366	2.89303
9807	1	-38.00974	-37.04746	-0.9622778	0.01990859	0.305569	0.2020366	34.81649	3.278097
9808	0	-38.0222	-36.65187	-1.370321	0.03579189	0.4622336	0.2427721	19.36604	2.546526
9809	1	-38.5394	-36.87928	-1.660126	0.0501272	0.5621588	0.2649197	13.82777	2.497212
9810	0	-38.15338	-36.79877	-1.354612	0.02815108	0.3941555	0.2662268	24.6224	2.658701
9811	1	-40.31745	-38.44432	-1.873132	0.03241143	0.4335954	0.4210228	21.38589	2.299447
9812	0	-38.0507	-36.64702	-1.403674	0.04027414	0.4969586	0.2356057	17.21073	2.738719
9813	1	-38.84108	-36.90135	-1.939721	0.05464512	0.5877196	0.3287183	12.68452	2.88654
9814	0	-37.84711	-36.96521	-0.8818991	0.01534361	0.2483394	0.1988509	45.17497	3.232295
9815	1	-38.27641	-36.69269	-1.583726	0.04563908	0.5341962	0.2614979	15.18758	2.771598
9816	0	-37.90185	-37.16614	-0.7357072	0.0005167525	0.01005159	0.2118353	1341.352	2.925083
9817	1	-39.26646	-38.26135	-1.00511	0.005671368	0.1032758	0.257855	122.2187	3.613741
9818	0	-40.1472	-39.13049	-1.016708	0.02694383	0.3822438	0.193156	25.72564	1.48512
9819	1	-42.62678	-41.66322	-0.9635665	0.03183621	0.4284962	0.1709288	21.77229	1.254659
9820	0	-38.19077	-37.89819	-0.2925722	0.004015018	0.07466147	0.1294451	172.6386	3.540966
9821	1	-39.08312	-37.16309	-1.920036	0.06201157	0.6245568	0.2904574	11.17771	3.068409
9822	0	-37.14294	-36.62367	-0.5192613	0.008495418	0.1493516	0.1524224	81.59071	2.892173
9823	1	-38.6663	-37.59913	-1.067166	0.02555614	0.3681245	0.207174	27.12253	1.865996
9824	0	-39.6135	-38.14388	-1.469619	0.01864802	0.2904002	0.3415852	37.17002	3.01347
9825	1	-38.51594	-37.87611	-0.6398237	0.02658812	0.3786687	0.1331717	26.06981	2.468122
9826	0	-37.35725	-36.54264	-0.8146098	0.01935878	0.2990103	0.1756595	35.80532	2.690667
9827	1	-39.38409	-38.40431	-0.9797802	0.03623307	0.4658101	0.163261	19.13023	2.082298
9828	0	-40.87805	-40.01287	-0.865185	0.02782706	0.3909917	0.1639397	24.9091	3.895002
9829	1	-38.83878	-37.21242	-1.626365	0.0335105	0.4431518	0.3238869	20.68447	2.869076
9830	0	-40.79187	-37.85307	-2.938808	0.1049142	0.7606317	0.4388607	6.6068	3.122587
9831	1	-42.02781	-40.54288	-1.484925	0.004468795	0.08262226	0.423774	155.1083	1.921756
9832	0	-39.91865	-37.28619	-2.632458	0.08043326	0.696163	0.4565292	8.617668	2.785665
9833	1	-37.85235	-37.15089	-0.7014628	0.001998093	0.03812745	0.2004649	346.9044	3.184563
9834	0	-38.43678	-37.30474	-1.132043	0.01335693	0.2213476	0.2626344	51.89421	2.381338
9835	1	-40.47227	-40.14078	-0.3314818	0.01705479	0.270547	0.1119403	40.64239	3.599149
9836	0	-39.47221	-38.69358	-0.7786242	0.0007365538	0.01428617	0.220439	941.0679	4.010346
9837	1	-38.12539	-37.57052	-0.5548672	0.01448958	0.2368992	0.1451239	47.83762	1.964345
9838	0	-39.14623	-38.31148	-0.8347489	0.01530646	0.2478467	0.1897922	45.28463	1.501558
9839	1	-43.64633	-42.37929	-1.267048	0.0174012	0.2749299	0.2839048	39.83329	4.975913
9840	0	-38.00336	-37.18518	-0.8181822	0.02634935	0.376252	0.1597117	26.30604	2.336131
9841	1	-37.72115	-37.06259	-0.658561	0.0130915	0.2176392	0.1641911	52.94637	3.263787
9842	0	-37.80137	-37.30981	-0.4915605	0.007686842	0.1364962	0.1499613	90.1732	3.387514
9843	1	-39.70574	-37.49634	-2.2094	0.06761715	0.6491206	0.358395	10.25106	2.31038
9844	0	-37.80514	-37.32263	-0.4825132	0.0005850713	0.01137038	0.1642927	1184.723	3.480405
9845	1	-38.5112	-37.01602	-1.49518	0.03038617	0.4153354	0.2968847	22.81127	2.636536
9846	0	-38.92456	-37.65579	-1.268769	0.03258645	0.4351335	0.2294881	21.27103	1.90606
9847	1	-38.13069	-37.11529	-1.015392	0.03520524	0.4574216	0.1716541	19.68875	2.752754
9848	0	-37.42403	-36.77548	-0.6485579	0.00759737	0.1350574	0.1756754	91.23515	2.186069
9849	1	-39.61691	-37.6774	-1.939511	0.04114285	0.5032929	0.3977108	16.84733	2.889846
9850	0	-37.03058	-36.65682	-0.3737525	0.005282671	0.09666974	0.1379002	131.2115	2.799549
9851	1	-39.71168	-37.718	-1.993677	0.05417687	0.5851823	0.3492443	12.79415	2.105624
9852	0	-41.17685	-38.68153	-2.495327	0.1001649	0.7501379	0.3012047	6.92006	2.893898
9853	1	-39.15293	-37.28926	-1.863666	0.04210271	0.5101506	0.3636971	16.46324	2.742624
9854	0	-40.46961	-37.51501	-2.954601	0.09395448	0.7351022	0.520502	7.377479	2.713164
9855	1	-37.51605	-36.6376	-0.8784532	0.02305222	0.3414354	0.1777214	30.06856	2.514431
9856	0	-38.59443	-37.27887	-1.315555	0.04716987	0.5440405	0.1957094	14.6947	2.791074
9857	1	-38.21038	-36.86982	-1.340567	0.02756261	0.3883916	0.2647051	25.1481	2.923146
9858	0	-41.3043	-38.09542	-3.20888	0.1189695	0.787419	0.4714006	5.82626	3.105722
9859	1	-41.01794	-39.46654	-1.551399	0.01526568	0.2473055	0.3888355	45.40558	1.756736
9860	0	-43.77995	-39.20905	-4.570899	0.18275	0.8603963	0.747518	3.792871	2.551134
9861	1	-38.8087	-37.05493	-1.753766	0.05599844	0.5949145	0.26777	12.37797	2.475998
9862	0	-38.50749	-37.16508	-1.342415	0.04709789	0.5435849	0.2012418	14.71716	2.722114
9863	1	-40.21335	-38.49079	-1.722568	0.02976161	0.4095283	0.3759868	23.28998	3.471786
9864	0	-40.06159	-38.76703	-1.294555	0.02138675	0.3227736	0.2758466	32.41012	1.423412
9865	1	-38.53806	-36.90446	-1.633608	0.03814542	0.480905	0.3055654	18.17117	2.683145
9866	0	-40.79959	-37.66395	-3.135637	0.09936136	0.7482798	0.5779289	6.976023	2.897386
9867	1	-39.2042	-38.13944	-1.064764	0.01148523	0.1946653	0.2521247	60.35118	1.623991
9868	0	-41.02149	-38.0817	-2.939789	0.1121552	0.7751626	0.3965796	6.180252	2.888199
9869	1	-39.55753	-37.71437	-1.843156	0.04210236	0.5101481	0.3563151	16.46338	2.125449
9870	0	-42.22644	-38.53718	-3.68926	0.117126	0.7842276	0.7822151	5.917964	3.197486
9871	1	-38.56391	-37.14366	-1.42025	0.03456287	0.452078	0.2596704	20.05468	2.155392
9872	0	-39.80212	-38.92284	-0.8792776	0.03680869	0.4704228	0.1464547	18.83107	2.155684
9873	1	-38.72151	-38.40046	-0.3210504	0.01653758	0.2639332	0.111591	41.91347	3.053583
9874	0	-42.59237	-41.5755	-1.016872	0.001223273	0.02357723	0.2778256	566.6331	4.978362
9875	1	-37.80815	-36.65319	-1.154957	0.03344508	0.4425897	0.2023321	20.72493	2.653471
9876	0	-38.25019	-36.99725	-1.252945	0.03382482	0.4458405	0.2219682	20.49226	2.227823
9877	1	-41.77545	-40.11861	-1.65684	0.01334731	0.2212137	0.4439428	51.93159	3.331216
9878	0	-37.98387	-36.74396	-1.239914	0.03675135	0.469966	0.2102217	18.86045	2.529393
9879	1	-37.36515	-36.62052	-0.7446313	0.01769018	0.2785578	0.1676938	39.18259	2.854032
9880	0	-40.87437	-38.89633	-1.978042	0.07067149	0.6614024	0.2723619	9.808017	3.472521
9881	1	-37.3231	-36.63232	-0.6907814	0.006393372	0.1153734	0.1863953	108.4165	2.501532
9882	0	-39.3905	-37.72627	-1.664226	0.05886746	0.6095146	0.2351116	11.77471	2.358841
9883	1	-39.87855	-39.44044	-0.4381021	0.01558388	0.2515145	0.1271496	44.47848	3.705892
9884	0	-39.56267	-37.12815	-2.434519	0.07502125	0.6776869	0.4043028	9.239345	2.740598
9885	1	-40.52924	-40.55644	0.027203	0.01304904	0.2170438	0.08275352	53.11864	2.907741
9886	0	-39.49782	-38.07261	-1.425204	0.04561574	0.5340436	0.2232369	15.19535	2.008482
9887	1	-43.45677	-40.57507	-2.881699	0.0592765	0.6115267	0.7897811	11.69346	3.26443
9888	0	-41.42992	-38.11223	-3.317684	0.1084098	0.7678551	0.6101338	6.393766	3.231022
9889	1	-41.61636	-38.67516	-2.941193	0.1112248	0.7733872	0.4023907	6.231949	3.262395
9890	0	-38.81337	-37.18582	-1.627546	0.03367773	0.4445847	0.3235044	20.58177	2.818882
9891	1	-38.6329	-37.41762	-1.215288	0.04312276	0.5172799	0.187454	16.07381	2.44518
9892	0	-41.64952	-40.12253	-1.526984	0.007674357	0.1362957	0.4224101	90.3199	3.105425
9893	1	-37.78024	-36.68985	-1.090388	0.02521829	0.3646158	0.2130557	27.48589	2.996378
9894	0	-37.35037	-36.66262	-0.6877517	0.00684484	0.1228253	0.18465	101.2657	2.899759
9895	1	-42.59228	-40.16386	-2.428415	0.04232983	0.5117519	0.637696	16.37491	3.104336
9896	0	-42.772	-41.85617	-0.9158377	0.04125662	0.5041133	0.1426572	16.80087	1.741169
9897	1	-37.87389	-36.93967	-0.9342188	0.02040179	0.3113781	0.1950825	33.97483	2.135982
9898	0	-39.27854	-37.14459	-2.133945	0.06475996	0.6369439	0.3460357	10.70333	2.47472
9899	1	-38.00987	-37.44771	-0.5621655	0.003579211	0.06692781	0.1705463	193.6592	3.540869
9900	0	-38.09203	-37.30799	-0.7840473	0.02818512	0.3944865	0.1504007	24.59266	2.525927
9901	1	-37.71111	-36.89311	-0.8179962	0.006157786	0.1114506	0.2123875	112.5643	2.516538
9902	0	-39.22398	-38.68148	-0.5425016	0.01346813	0.2228939	0.1454236	51.46574	1.567627
9903	1	-38.30282	-36.8197	-1.48312	0.03953253	0.4914527	0.2577734	17.53359	2.404824
9904	0	-37.26001	-36.74647	-0.5135412	0.001298885	0.02501005	0.1677701	533.6479	2.228914
9905	1	-37.59617	-36.56099	-1.035178	0.02487195	0.3609896	0.2026006	27.86863	2.540439
9906	0	-38.2845	-37.19656	-1.087948	0.01394032	0.2294125	0.2492428	49.72247	3.054358
9907	1	-39.78402	-37.50028	-2.283741	0.082512	0.7027811	0.3128022	8.400562	2.853407
9908	0	-42.54776	-40.70567	-1.842096	0.01653807	0.2639396	0.5107493	41.91221	3.253471
9909	1	-39.2944	-37.02845	-2.265953	0.06849437	0.6527234	0.3745769	10.11977	2.83526
9910	0	-39.67219	-38.84923	-0.8229577	0.002170931	0.04133342	0.2258096	319.2857	4.06703
9911	1	-39.98277	-37.79371	-2.189055	0.08136967	0.6991755	0.2891721	8.518496	2.641413
9912	0	-39.98888	-38.45558	-1.533299	0.01965088	0.3025057	0.3589238	35.27309	3.207006
9913	1	-37.80112	-36.81095	-0.990169	0.02953087	0.4073614	0.1813474	23.47195	2.481862
9914	0	-40.32306	-39.44942	-0.8736384	0.004955831	0.09106376	0.2283851	139.865	0.9803901
9915	1	-37.92721	-36.74883	-1.178382	0.02808017	0.3934652	0.2234349	24.68458	2.342974
9916	0	-37.4412	-37.11815	-0.323054	0.0008264048	0.01601022	0.1396001	838.7502	3.306877
9917	1	-39.24018	-38.16136	-1.078816	0.01599003	0.256839	0.2399285	43.34871	3.758586
9918	0	-37.21462	-36.87066	-0.3439583	0.0003279049	0.006393931	0.1435564	2113.867	3.161253
9919	1	-40.03556	-38.86476	-1.170792	0.02747334	0.3875102	0.2236545	25.22982	3.907462
9920	0	-38.47941	-37.2456	-1.233805	0.0297375	0.4093024	0.2307031	23.30886	3.342565
9921	1	-39.40305	-39.01593	-0.3871135	0.001818006	0.03477169	0.1467651	381.2678	4.070825
9922	0	-38.8525	-36.99672	-1.855778	0.06138845	0.6216517	0.2747883	11.29117	2.686294
9923	1	-37.8672	-36.95295	-0.9142424	0.01236794	0.2074047	0.2142049	56.04386	3.123602
9924	0	-38.78661	-36.90059	-1.886013	0.06009285	0.6154922	0.2884546	11.5346	2.696548
9925	1	-39.95785	-37.30597	-2.651878	0.08501987	0.7104387	0.4362786	8.152767	2.966078
9926	0	-37.55141	-36.86701	-0.6844023	0.009541944	0.1656034	0.1771529	72.64213	2.113496
9927	1	-38.36981	-37.39012	-0.9796919	0.006231374	0.1126785	0.2494026	111.235	2.739607
9928	0	-40.81962	-37.91694	-2.90268	0.09928501	0.7481019	0.4583223	6.981388	2.445279
9929	1	-38.56012	-37.51266	-1.047456	0.007464215	0.1329101	0.2622812	92.8627	2.650932
9930	0	-38.85809	-37.4974	-1.3607	0.01990888	0.3055724	0.3009266	34.81598	2.915326
9931	1	-42.25087	-39.76114	-2.48973	0.07945511	0.6929602	0.4013132	8.723759	1.7989
9932	0	-38.26065	-36.80251	-1.458137	0.04387322	0.5224234	0.2364605	15.79887	2.516776
9933	1	-38.86817	-37.57072	-1.297449	0.03928178	0.4895703	0.2148526	17.64551	3.34923
9934	0	-43.16163	-40.63122	-2.530411	0.0499022	0.5608205	0.634533	13.89011	1.655633
9935	1	-41.2386	-38.70317	-2.53543	0.08548905	0.7118332	0.3857563	8.108023	3.514422
9936	0	-37.34201	-36.90894	-0.4330681	0.008455491	0.148723	0.1399138	81.97598	3.052047
9937	1	-40.28736	-38.2171	-2.070259	0.04851794	0.552443	0.4084184	14.28641	2.01291
9938	0	-39.64213	-37.81605	-1.826083	0.04171775	0.5074178	0.3521919	16.61516	3.3895
9939	1	-37.67436	-36.62925	-1.045111	0.02349297	0.34625	0.2086479	29.50445	2.424275
9940	0	-38.74101	-37.81053	-0.9304791	0.01116096	0.1899141	0.2214551	62.10463	3.634888
9941	1	-41.03864	-39.62072	-1.417926	0.007266822	0.1297134	0.3809527	95.38518	3.271006
9942	0	-39.25061	-37.15389	-2.096726	0.06722999	0.6475107	0.3219611	10.31009	3.046541
9943	1	-37.73469	-37.15803	-0.576668	0.001147101	0.02213092	0.1790859	604.2599	1.920314
9944	0	-41.8717	-38.18087	-3.69083	0.1233112	0.7945972	0.7178976	5.621122	3.125613
9945	1	-38.45604	-37.03198	-1.424062	0.0474716	0.5459426	0.2172123	14.6013	2.563771
9946	0	-38.67557	-37.21496	-1.460608	0.03363866	0.4442504	0.2739175	20.60567	2.144043
9947	1	-39.78598	-37.87495	-1.911029	0.04441807	0.5261046	0.3690666	15.60507	3.384099
9948	0	-38.43916	-37.52204	-0.9171187	0.005394993	0.09858548	0.2370592	128.4797	3.224573
9949	1	-39.34843	-37.85242	-1.496013	0.05304976	0.5789715	0.2157303	13.06598	2.284923
9950	0	-38.21586	-37.62263	-0.5932294	0.001751928	0.03353645	0.1805275	395.6482	3.620585
9951	1	-37.67365	-36.80403	-0.8696158	0.02160992	0.325318	0.1797835	32.07541	2.286622
9952	0	-37.27235	-37.18289	-0.08945722	0.0003863858	0.007528534	0.1112078	1793.925	2.31398
9953	1	-37.54447	-36.81647	-0.7280014	0.01024335	0.1762575	0.1832231	67.66799	3.134392
9954	0	-37.26988	-36.59135	-0.6785386	0.01313909	0.218306	0.1673916	52.75458	2.891599
9955	1	-39.2666	-38.18712	-1.07948	0.003186456	0.05988326	0.2876859	217.5292	2.777401
9956	0	-37.67353	-37.08165	-0.5918811	0.01838283	0.2871492	0.1425375	37.70623	2.399969
9957	1	-39.38814	-38.07767	-1.310474	0.0207973	0.3159867	0.2826165	33.32872	3.604075
9958	0	-36.98883	-36.75603	-0.2327964	0.001418717	0.0272751	0.1264892	488.5733	2.433152
9959	1	-37.8106	-37.01424	-0.7963669	0.008077898	0.1427465	0.2022813	85.80786	3.187461
9960	0	-37.72052	-37.09607	-0.6244434	0.002765899	0.05226035	0.1836026	250.6047	3.289904
9961	1	-38.38283	-37.36675	-1.016078	0.007748897	0.1374922	0.2531591	89.45108	2.574153
9962	0	-37.70645	-36.74399	-0.9624594	0.01357696	0.2244031	0.2209798	51.05319	2.667819
9963	1	-38.65273	-38.3493	-0.3034243	0.004505297	0.0832586	0.1299544	153.8516	1.580233
9964	0	-38.53471	-37.14177	-1.392941	0.0286129	0.3986233	0.2748305	24.22499	2.223745
9965	1	-38.01896	-37.58755	-0.4314123	0.001565515	0.03004025	0.153961	442.7599	3.59834
9966	0	-39.53331	-38.87072	-0.6625852	0.001137867	0.02195539	0.1951782	609.1637	4.141643
9967	1	-38.22878	-38.17797	-0.05081206	0.0006935273	0.01345915	0.1065289	999.4519	1.854349
9968	0	-41.82685	-39.7132	-2.113651	0.04572614	0.534765	0.4436879	15.15866	1.506199
9969	1	-38.62375	-37.86096	-0.7627927	0.02990061	0.410828	0.1437126	23.18171	2.360477
9970	0	-38.55642	-37.21734	-1.339085	0.04596502	0.5363199	0.2038085	15.07989	2.969235
9971	1	-40.66976	-37.9576	-2.712157	0.07432575	0.6751732	0.5389521	9.325801	3.108008
9972	0	-38.42217	-37.63717	-0.7850045	0.009962497	0.172014	0.1947418	69.57565	1.692797
9973	1	-38.78253	-37.71353	-1.069	0.00767295	0.1362731	0.2672041	90.33646	2.222821
9974	0	-37.0442	-36.51789	-0.5263109	0.004774969	0.08794132	0.1617838	145.1626	2.697821
9975	1	-37.45872	-36.7446	-0.7141226	0.01922242	0.2973699	0.1591722	36.05932	2.478051
9976	0	-40.09299	-38.52607	-1.566926	0.02165753	0.325859	0.3608243	32.0049	3.35974
9977	1	-37.81442	-36.85555	-0.958863	0.01887433	0.293158	0.2043111	36.72433	2.186899
9978	0	-37.77834	-36.95933	-0.8190141	0.02245714	0.3348533	0.1688793	30.86533	3.087095
9979	1	-40.29412	-38.18837	-2.105747	0.06043194	0.61712	0.3576238	11.46988	3.539545
9980	0	-37.70972	-37.24487	-0.4648427	0.01027782	0.1767762	0.1407603	67.44108	3.241512
9981	1	-42.77132	-39.56716	-3.204156	0.08401239	0.7074042	0.7687697	8.250535	3.431427
9982	0	-38.38665	-37.47145	-0.915202	0.005414073	0.09891036	0.2365415	128.0269	3.178208
9983	1	-40.96406	-37.71543	-3.248635	0.104627	0.76002	0.6006823	6.624934	2.816587
9984	0	-37.77043	-37.0319	-0.7385275	0.009972749	0.1721695	0.185871	69.50413	2.009827
9985	1	-37.378	-36.7671	-0.6109055	0.003060111	0.05760186	0.1803825	226.5105	2.274086
9986	0	-37.51974	-37.14267	-0.3770769	0.0119506	0.2014167	0.1259221	58.00104	2.486092
9987	1	-39.47596	-38.68295	-0.7930045	0.0005372061	0.01044667	0.2242625	1290.282	3.987816
9988	0	-37.04927	-36.56652	-0.4827524	0.002060821	0.03929265	0.1609418	336.3452	2.463602
9989	1	-40.64341	-39.31417	-1.329247	0.006236472	0.1127634	0.3537363	111.1441	3.321559
9990	0	-37.78647	-36.77174	-1.014733	0.01921142	0.2972375	0.2150245	36.07995	2.293983
9991	1	-39.01631	-38.61866	-0.3976522	0.006688896	0.120261	0.1384578	103.6265	1.476156
9992	0	-38.42993	-37.12021	-1.309714	0.02160049	0.3252107	0.2792159	32.08942	2.770557
9993	1	-37.79806	-36.92998	-0.8680838	0.007710305	0.136873	0.2184525	89.8988	2.830755
9994	0	-38.16165	-36.71481	-1.446844	0.04316292	0.5175573	0.236163	16.05886	2.822287
9995	1	-37.06949	-36.66021	-0.4092726	0.00210052	0.0400291	0.149456	329.9884	2.291908
9996	0	-39.1914	-37.25186	-1.93954	0.06515664	0.638676	0.2833075	10.63817	2.505996
9997	1	-37.86361	-37.12518	-0.7384286	0.01426355	0.2338307	0.1749223	48.59568	1.993998
9998	0	-41.60449	-38.69706	-2.907426	0.1019057	0.7540795	0.4437666	6.80185	2.244822
9999	1	-37.77911	-37.36514	-0.4139772	0.01377161	0.2270922	0.1273373	50.33161	3.000747
10000	0	-40.03175	-37.80373	-2.228023	0.05275598	0.5773282	0.4504236	13.13874	2.495435
10001	1	-39.24317	-37.21171	-2.031464	0.06254651	0.6270218	0.3222502	11.08211	2.401316
