Iteration	Posterior	Likelihood	Prior	prob_gain_A_indep	prob_gain_B_indep	prob_loss_A_indep	prob_loss_B_indep	rate_gain_A_when_B0	rate_gain_A_when_B1	rate_gain_B_when_A0	rate_gain_B_when_A1	rate_loss_A_when_B0	rate_loss_A_when_B1	rate_loss_B_when_A0	rate_loss_B_when_A1	rf[1]	rf[2]	rf[3]	rf[4]
0	-93.83679	-115.0177	21.18093	1	1	0	1	0.007215532	0.007215532	0.002142784	0.002142784	0.002869639	0.005237241	0.003453739	0.003453739	0.121023	0.440753	0.401759	0.0364643
1	-85.16977	-110.6176	25.4478	0	0	1	1	0.006275361	0.001563192	0.00546609	0.001857625	0.002910553	0.002910553	0.007976458	0.007976458	0.121023	0.440753	0.401759	0.0364643
2	-85.46258	-106.865	21.40242	1	0	0	1	0.006401645	0.006401645	0.00401711	0.001319406	0.004194453	0.01981516	0.01344139	0.01344139	0.150231	0.305788	0.498717	0.0452643
3	-86.96389	-105.6837	18.71981	1	1	1	0	0.006564747	0.006564747	0.005636726	0.005636726	0.006462184	0.006462184	0.009568019	0.006765051	0.150231	0.305788	0.498717	0.0452643
4	-84.36043	-103.2803	18.91984	0	1	1	1	0.006564747	0.004871864	0.005636726	0.005636726	0.008312829	0.008312829	0.008466336	0.008466336	0.134601	0.359088	0.446831	0.0594805
5	-77.67569	-100.5744	22.89867	0	1	1	0	0.006133553	0.005192934	0.005636726	0.005636726	0.01200942	0.01200942	0.007960894	0.003696961	0.0593779	0.378179	0.470586	0.0918568
6	-84.34465	-97.56982	13.22517	1	1	1	1	0.00637376	0.00637376	0.004210182	0.004210182	0.01448014	0.01448014	0.0118252	0.0118252	0.0534372	0.409708	0.423505	0.113349
7	-81.18344	-99.3458	18.16236	1	1	1	0	0.002491101	0.002491101	0.00525185	0.00525185	0.01448014	0.01448014	0.01157668	0.004385576	0.0680476	0.248316	0.539296	0.14434
8	-68.48619	-90.14604	21.65985	1	0	0	0	0.003726759	0.003726759	0.00422488	0.001918787	0.05230781	0.001361595	0.008887743	0.004826185	0.146621	0.22738	0.493828	0.132171
9	-73.53216	-89.60651	16.07434	1	0	1	0	0.004166503	0.004166503	0.006522228	0.001918787	0.05308357	0.05308357	0.01285773	0.001117288	0.122023	0.283779	0.409822	0.184377
10	-73.76948	-92.61635	18.84687	1	0	1	0	0.002828136	0.002828136	0.007125134	0.001385992	0.0363748	0.0363748	0.01285773	0.00323528	0.140533	0.0812871	0.471989	0.30619
11	-72.09973	-92.05008	19.95036	0	0	1	1	0.004850237	0.001764092	0.007101632	0.001461858	0.02869798	0.02869798	0.01361926	0.01361926	0.140533	0.0812871	0.471989	0.30619
12	-73.36262	-92.24534	18.88272	0	0	1	1	0.009563102	0.002840877	0.007101632	0.0007395706	0.02869798	0.02869798	0.01465885	0.01465885	0.107056	0.340253	0.359554	0.193138
13	-69.30265	-88.76072	19.45808	0	0	1	0	0.009563102	0.002840877	0.006101716	0.001339835	0.04260867	0.04260867	0.01853512	0.008858738	0.0581642	0.217388	0.512859	0.211589
14	-77.57897	-91.42652	13.84755	0	1	1	1	0.009351969	0.002357483	0.006101716	0.006101716	0.02829918	0.02829918	0.01675604	0.01675604	0.0258377	0.0176618	0.862509	0.0939917
15	-77.71794	-89.98912	12.27118	0	1	1	1	0.009351969	0.002004277	0.004794033	0.004794033	0.032956	0.032956	0.02277703	0.02277703	0.0884798	0.0604821	0.529168	0.32187
16	-67.90609	-88.64249	20.7364	0	0	1	0	0.008567598	0.003122604	0.004794033	0.0001383248	0.03880095	0.03880095	0.02277703	0.004335426	0.0884798	0.0604821	0.529168	0.32187
17	-71.50098	-88.85614	17.35516	0	0	0	1	0.01057665	0.00545738	0.003309667	0.001172332	0.0545749	0.003311837	0.02347412	0.02347412	0.186256	0.0354158	0.309859	0.46847
18	-82.93682	-91.78537	8.848542	1	1	1	0	0.01217118	0.01217118	0.005638247	0.005638247	0.04686502	0.04686502	0.02347412	0.003312476	0.299577	0.0569634	0.498383	0.145077
19	-74.84533	-89.59324	14.7479	0	0	1	1	0.008152548	0.00517151	0.006990331	0.00143006	0.04686502	0.04686502	0.01864396	0.01864396	0.465991	0.0886065	0.219735	0.225667
20	-77.98215	-90.14319	12.16104	0	1	1	1	0.008152548	0.00517151	0.005281296	0.005281296	0.03977927	0.03977927	0.01412869	0.01412869	0.46835	0.089055	0.220847	0.221748
21	-67.78044	-87.84259	20.06215	0	0	1	0	0.005704675	0.004404482	0.00459293	0.002278731	0.05218489	0.05218489	0.01412869	0.003098314	0.156959	0.195923	0.321529	0.325589
22	-75.20066	-88.72615	13.52549	0	0	1	1	0.008567427	0.004404482	0.005798986	0.002052893	0.04943069	0.04943069	0.02399124	0.02399124	0.156959	0.195923	0.321529	0.325589
23	-75.03779	-90.82062	15.78283	1	0	1	0	0.007040407	0.007040407	0.004548468	0.0007831714	0.03485128	0.03485128	0.02076158	0.01334868	0.122713	0.371362	0.251376	0.25455
24	-72.08723	-89.65457	17.56734	0	0	1	1	0.005681621	0.002846883	0.004548468	0.0007831714	0.03485128	0.03485128	0.02241464	0.02241464	0.148831	0.232844	0.409722	0.208603
25	-76.68305	-90.48017	13.79712	1	0	1	1	0.008471374	0.008471374	0.00365993	0.0004522687	0.03405521	0.03405521	0.01651604	0.01651604	0.129072	0.201931	0.355325	0.313673
26	-78.42074	-87.58669	9.165946	1	0	1	1	0.008471374	0.008471374	0.002979337	0.001530204	0.05419216	0.05419216	0.02247239	0.02247239	0.129072	0.201931	0.355325	0.313673
27	-74.39555	-92.09219	17.69664	1	0	0	1	0.008471374	0.008471374	0.002343438	0.00159742	0.03418825	0.004515615	0.01927035	0.01927035	0.454152	0.15639	0.174749	0.214709
28	-69.12083	-86.72303	17.6022	0	0	1	0	0.006706389	0.001742941	0.002343438	0.001714017	0.04722931	0.04722931	0.02029941	0.0204283	0.454152	0.15639	0.174749	0.214709
29	-68.78967	-87.71049	18.92082	0	1	0	1	0.006706389	0.0005720612	0.002475798	0.002475798	0.03763171	0.001124777	0.01487331	0.01487331	0.260462	0.160948	0.357623	0.220967
30	-68.97809	-89.23845	20.26036	0	1	1	0	0.009384244	0.000548024	0.002475798	0.002475798	0.03472194	0.03472194	0.007578298	0.00101351	0.288355	0.178184	0.395921	0.13754
31	-67.43741	-90.996	23.55859	0	1	0	0	0.008102779	0.0006121025	0.003578862	0.003578862	0.02931636	0.003275105	0.007578298	0.01392934	0.323837	0.200109	0.444639	0.0314148
32	-64.4046	-88.85853	24.45393	0	1	0	0	0.006734068	0.0009008114	0.001033563	0.001033563	0.0350162	0.006756444	0.007651755	0.003178605	0.300616	0.18576	0.484462	0.0291622
33	-74.11242	-89.31751	15.20509	0	1	1	1	0.006289154	0.001267349	0.001158204	0.001158204	0.0387347	0.0387347	0.007651755	0.007651755	0.51293	0.316955	0.143099	0.0270155
34	-74.18901	-87.57558	13.38657	0	1	1	1	0.006289154	0.00383091	0.001652271	0.001652271	0.04345735	0.04345735	0.01027353	0.01027353	0.315265	0.194812	0.473318	0.0166047
35	-70.66572	-91.63708	20.97136	1	0	1	0	0.003829635	0.003829635	0.002345047	0.001829757	0.02784377	0.02784377	0.01375252	0.002054122	0.219787	0.43586	0.329974	0.0143783
36	-75.58619	-89.51277	13.92658	1	1	1	0	0.007208769	0.007208769	0.002345047	0.002345047	0.03617378	0.03617378	0.01375252	0.00293418	0.26726	0.26437	0.401246	0.0671234
37	-80.70887	-88.80825	8.099385	1	1	1	1	0.006072498	0.006072498	0.003003087	0.003003087	0.04717413	0.04717413	0.009959415	0.009959415	0.446348	0.186585	0.283188	0.0838793
38	-67.86169	-91.30998	23.44829	0	1	0	0	0.004313204	0.002248971	0.002747056	0.002747056	0.03033559	0.008173778	0.009240992	0.009964199	0.25024	0.252675	0.383495	0.11359
39	-66.89217	-92.31201	25.41984	0	1	0	0	0.005750499	0.003451022	0.003269177	0.003269177	0.02642162	0.007312231	0.009240992	0.0003008562	0.284247	0.065128	0.435611	0.215013
40	-76.93302	-92.28262	15.3496	1	1	0	1	0.00418256	0.00418256	0.002343598	0.002343598	0.02642162	0.00470442	0.01662233	0.01662233	0.348333	0.0798118	0.308365	0.26349
41	-67.68403	-90.27965	22.59562	0	0	1	0	0.004527364	0.003821695	0.00213213	0.004501745	0.03049083	0.03049083	0.01698313	0.009444206	0.399882	0.10658	0.411787	0.0817512
42	-66.7564	-89.99991	23.24351	0	0	0	1	0.006893316	0.002797018	0.001642416	0.005765338	0.03188288	0.002231054	0.01698313	0.01698313	0.54041	0.142545	0.288552	0.0284918
43	-78.3525	-94.40702	16.05452	0	1	1	1	0.003364016	0.002324049	0.001642416	0.001642416	0.01827558	0.01827558	0.02463631	0.02463631	0.234335	0.172846	0.580465	0.0123547
44	-75.05729	-95.1227	20.06542	0	0	1	1	0.003401177	0.002111657	0.001412249	0.006520129	0.01875537	0.01875537	0.02463631	0.02463631	0.500615	0.179828	0.293164	0.0263937
45	-77.06147	-94.351	17.28952	1	1	0	0	0.003759215	0.003759215	0.002110719	0.002110719	0.02049419	0.01282406	0.02463631	0.008890707	0.232898	0.276232	0.450327	0.0405431
46	-72.7858	-93.89305	21.10725	1	0	0	1	0.003759215	0.003759215	0.003359083	1.008346e-05	0.02049419	0.008829803	0.01442518	0.01442518	0.237383	0.262293	0.459	0.0413239
47	-73.36262	-95.13933	21.7767	0	0	1	1	0.004290835	0.005674962	0.004110143	1.529198e-05	0.02378148	0.02378148	0.009175501	0.009175501	0.894079	0.0624678	0.0336115	0.00984172
48	-70.31092	-93.6128	23.30189	1	0	0	0	0.004290835	0.004290835	0.008648584	2.345735e-05	0.03396853	0.004498832	0.008999501	0.007431469	0.29547	0.198992	0.474187	0.0313509
49	-69.70821	-92.73229	23.02408	1	0	0	0	0.004290835	0.004290835	0.006379855	2.768576e-05	0.03396853	0.004514316	0.008882308	0.01138674	0.305996	0.152572	0.36357	0.177862
50	-65.86311	-91.27759	25.41448	0	0	0	0	0.01368553	0.003291177	0.003917081	3.391686e-05	0.04162315	0.003383245	0.008882308	0.01049777	0.13465	0.281377	0.159985	0.423987
51	-68.66382	-89.59977	20.93595	0	0	1	0	0.009406349	0.005499283	0.003381044	0.003561363	0.05058302	0.05058302	0.006783888	0.002179588	0.167619	0.350271	0.199156	0.282955
52	-77.95358	-90.68013	12.72655	1	1	1	0	0.009406349	0.009406349	0.003381044	0.003381044	0.03943079	0.03943079	0.01255796	0.004502432	0.198967	0.461129	0.262188	0.0777169
53	-74.33104	-87.1033	12.77226	0	1	1	1	0.009202716	0.0008670641	0.002734322	0.002734322	0.0443617	0.0443617	0.01185129	0.01185129	0.167599	0.479186	0.272454	0.0807601
54	-75.28615	-87.44896	12.16281	0	1	1	1	0.01375435	0.0007562025	0.002484174	0.002484174	0.04312693	0.04312693	0.01238154	0.01238154	0.311698	0.031402	0.506705	0.150196
55	-74.86936	-87.79198	12.92262	0	1	1	1	0.01284141	0.0007009031	0.00227449	0.00227449	0.04312693	0.04312693	0.009213322	0.009213322	0.382604	0.0589197	0.516588	0.0418889
56	-66.42813	-88.67216	22.24403	0	0	1	0	0.01376596	0.0006337216	0.00227449	0.005865356	0.04194452	0.04194452	0.009213322	0.0002148515	0.135051	0.103379	0.377464	0.384105
57	-68.37988	-89.83133	21.45145	0	0	0	1	0.01376596	0.0009656816	0.002239765	0.009117751	0.03882973	0.001459067	0.0120679	0.0120679	0.0814637	0.109784	0.40085	0.407902
58	-73.06351	-90.73085	17.66734	0	1	0	1	0.01376596	0.0006554723	0.00362884	0.00362884	0.03061331	0.006742186	0.0151483	0.0151483	0.0817884	0.106236	0.402448	0.409528
59	-74.90285	-89.15587	14.25301	0	0	1	1	0.01376596	0.0006686567	0.003293035	0.01400676	0.03971008	0.03971008	0.01863975	0.01863975	0.0343234	0.0445831	0.749231	0.171863
60	-70.31032	-89.33072	19.02041	0	0	0	1	0.01376596	0.0005511961	0.002683616	0.0001777812	0.03418381	0.01692054	0.02406866	0.02406866	0.0682886	0.088701	0.501078	0.341932
61	-71.38976	-89.52735	18.13759	0	1	0	1	0.005944339	0.0007007275	0.002683616	0.002683616	0.02714642	0.01264339	0.0187457	0.0187457	0.0727671	0.0945182	0.53394	0.298775
62	-70.16846	-89.46	19.29154	1	0	1	0	0.005128494	0.005128494	0.002116935	0.002065917	0.03288501	0.03288501	0.0187457	0.0003214615	0.0739945	0.0792445	0.542947	0.303814
63	-66.15692	-87.31981	21.16289	0	0	0	0	0.003521655	9.235208e-05	0.002945685	0.002180606	0.08244421	0.002866222	0.01526137	0.0003214615	0.137737	0.0947195	0.202008	0.565536
64	-63.96567	-88.15309	24.18742	0	0	0	0	0.003111222	5.252889e-05	0.002945685	0.001723041	0.05951684	0.003589138	0.01644016	0.004954453	0.141796	0.0680427	0.20796	0.582201
65	-76.5581	-86.25908	9.700988	0	1	1	1	0.007765034	0.005226437	0.002784059	0.002784059	0.05951684	0.05951684	0.01129262	0.01129262	0.15753	0.0755931	0.120071	0.646805
66	-70.93919	-85.19011	14.25092	0	1	1	0	0.00496891	0.002577553	0.001274616	0.001274616	0.05951684	0.05951684	0.01732019	0.004438105	0.0709965	0.0325234	0.400228	0.496252
67	-71.48315	-85.59487	14.11172	0	0	1	1	0.009739061	0.002978136	0.001274616	0.006927351	0.05265313	0.05265313	0.01732019	0.01732019	0.103781	0.0475421	0.123265	0.725412
68	-69.87121	-85.52091	15.6497	0	0	1	1	0.009739061	0.003321771	0.001382853	0.001811512	0.05265313	0.05265313	0.01318676	0.01318676	0.108563	0.0497327	0.0828676	0.758837
69	-74.31555	-88.2891	13.97355	0	1	1	1	0.004702989	0.002835572	0.001188494	0.001188494	0.04279635	0.04279635	0.01062222	0.01062222	0.619762	0.0753947	0.125627	0.179216
70	-74.20933	-87.9913	13.78197	0	1	1	1	0.006220277	0.00241415	0.001188494	0.001188494	0.04279635	0.04279635	0.01062222	0.01062222	0.589203	0.173115	0.0673027	0.170379
71	-75.37599	-85.59857	10.22258	0	1	1	1	0.006631386	0.001361314	0.001673949	0.001673949	0.0633159	0.0633159	0.0106189	0.0106189	0.384729	0.269767	0.0439463	0.301558
72	-71.18871	-88.45487	17.26616	0	0	1	1	0.008619216	0.005965129	0.001463107	0.002450478	0.04437048	0.04437048	0.009980423	0.009980423	0.449961	0.145953	0.0513976	0.352688
73	-69.48675	-87.03073	17.54398	0	1	1	0	0.005226323	0.0005577272	0.001750225	0.001750225	0.04749135	0.04749135	0.009980423	0.006253657	0.404003	0.158148	0.0556921	0.382157
74	-64.60902	-87.19409	22.58507	0	0	1	0	0.004970306	0.0004848348	0.001750225	0.0002006141	0.04749135	0.04749135	0.01038898	0.006675117	0.558761	0.0846883	0.021325	0.335226
75	-66.35036	-87.02226	20.6719	0	0	1	0	0.009915075	0.0003343769	0.001750225	0.008230479	0.04478976	0.04478976	0.01160883	0.006276149	0.291096	0.0799493	0.0201317	0.608823
76	-75.57847	-87.7679	12.18943	0	1	0	1	0.009915075	0.0004442253	0.002176729	0.002176729	0.05560992	0.01123402	0.02250812	0.02250812	0.291096	0.0799493	0.0201317	0.608823
77	-73.09903	-88.09679	14.99776	0	0	1	1	0.007183617	0.0002803838	0.001953704	0.01222507	0.04167332	0.04167332	0.02250812	0.02250812	0.471368	0.129461	0.032599	0.366572
78	-72.98782	-92.96854	19.98073	0	1	0	1	0.01111023	0.0002803838	0.002796558	0.002796558	0.02557198	0.003388837	0.01417334	0.01417334	0.644997	0.0869395	0.0218919	0.246171
79	-69.26208	-89.64898	20.38689	0	0	1	1	0.008254657	0.0004560584	0.001943275	0.0009633999	0.02920729	0.02920729	0.01417334	0.01417334	0.645038	0.086945	0.059415	0.208602
80	-70.59664	-91.43533	20.83869	0	1	0	1	0.008254657	0.0003965675	0.001784678	0.001784678	0.02992458	0.003817457	0.008235751	0.008235751	0.645038	0.086945	0.059415	0.208602
81	-74.00306	-90.17779	16.17473	0	1	1	1	0.008254657	0.0003965675	0.002743178	0.002743178	0.02992458	0.02992458	0.008235751	0.008235751	0.499093	0.0839512	0.255552	0.161404
82	-66.44502	-92.46508	26.02006	0	0	1	0	0.00486617	0.000495283	0.002743178	0.001957644	0.03093523	0.03093523	0.004817469	0.006498097	0.539641	0.0907718	0.19507	0.174518
83	-65.25908	-88.48717	23.22809	0	0	1	0	0.007249213	0.0008092144	0.002743178	0.0009107901	0.04373953	0.04373953	0.006520758	0.006310668	0.389443	0.123829	0.248653	0.238074
84	-70.30336	-90.70275	20.39939	0	1	1	0	0.007249213	0.001994926	0.002458188	0.002458188	0.03213998	0.03213998	0.006872802	0.004211417	0.306921	0.116223	0.195964	0.380891
85	-68.34748	-87.5962	19.24872	0	1	1	0	0.004885376	0.001237837	0.002154679	0.002154679	0.03886002	0.03886002	0.01054913	0.003821413	0.0971727	0.100792	0.76742	0.034615
86	-70.48662	-88.18428	17.69766	0	0	1	1	0.01022512	0.001258005	0.002131655	0.002898243	0.03886002	0.03886002	0.01500759	0.01500759	0.36387	0.377424	0.0813846	0.177322
87	-69.16621	-90.4213	21.2551	0	1	0	0	0.01458275	0.001474466	0.003332431	0.003332431	0.04372599	0.0006210373	0.01500759	0.0008247287	0.389961	0.404487	0.0872203	0.118331
88	-74.66065	-87.34288	12.68223	0	0	1	1	0.01602809	0.001401848	0.003332431	0.001710653	0.0615886	0.0615886	0.01500759	0.01500759	0.565256	0.136793	0.126427	0.171523
89	-78.1897	-88.92284	10.73314	0	1	1	1	0.01602809	0.001157887	0.003332431	0.003332431	0.04782127	0.04782127	0.01234135	0.01234135	0.488548	0.11823	0.109271	0.283951
90	-67.39557	-88.20748	20.81191	0	1	0	0	0.009979867	0.0004816463	0.003332431	0.003332431	0.04563292	0.007168171	0.01234135	0.003167637	0.162302	0.122894	0.151202	0.563602
91	-69.54866	-88.81073	19.26206	0	1	1	0	0.009979867	0.0003489643	0.001647054	0.001647054	0.03170789	0.03170789	0.01035179	0.007396579	0.162302	0.122894	0.151202	0.563602
92	-72.52449	-87.49685	14.97236	0	1	1	1	0.00787352	7.10989e-05	0.001502443	0.001502443	0.03170789	0.03170789	0.01527743	0.01527743	0.150052	0.0355326	0.293353	0.521063
93	-67.30177	-89.13871	21.83694	0	0	1	1	0.004406693	7.387883e-05	0.001502443	0.000359334	0.03041525	0.03041525	0.00994608	0.00994608	0.132353	0.0362725	0.299461	0.531913
94	-67.84113	-86.19771	18.35658	0	1	1	0	0.005756666	7.387883e-05	0.001502443	0.001502443	0.04763829	0.04763829	0.00994608	0.001694215	0.118079	0.0951885	0.281042	0.50569
95	-63.82054	-86.57305	22.75251	0	1	0	0	0.007094678	6.142218e-05	0.001502443	0.001502443	0.04279103	0.002842136	0.01587452	0.0008374648	0.118079	0.0951885	0.281042	0.50569
96	-63.41387	-88.10747	24.69359	0	0	0	1	0.007094678	5.973797e-05	0.001071479	0.002117982	0.03149416	0.0001655823	0.01789693	0.01789693	0.15216	0.122662	0.377035	0.348144
97	-59.11459	-89.99958	30.88499	0	0	0	0	0.006215522	0.0001344035	0.002203069	0.001435084	0.0231982	0.0001518044	0.01583873	0.004845664	0.145744	0.11749	0.523684	0.213081
98	-64.5346	-88.91383	24.37923	0	1	0	0	0.01113124	0.0001981706	0.002171143	0.002171143	0.03021054	0.004897292	0.01224765	0.0008427012	0.145744	0.11749	0.523684	0.213081
99	-72.03328	-88.59822	16.56494	0	1	1	1	0.0051417	0.0001814663	0.00134188	0.00134188	0.03214198	0.03214198	0.008515699	0.008515699	0.0963566	0.077677	0.62487	0.201097
100	-64.77275	-89.88208	25.10933	0	0	1	0	0.008472018	0.0001745456	0.004423639	0.0008841993	0.02868162	0.02868162	0.0123928	0.002493671	0.487434	0.0440601	0.354439	0.114066
101	-76.14315	-89.44187	13.29871	1	1	1	0	0.008472018	0.008472018	0.001847673	0.001847673	0.03739816	0.03739816	0.01455658	0.003731324	0.487434	0.0440601	0.354439	0.114066
102	-68.90682	-88.27416	19.36734	0	0	1	1	0.008472018	0.002015387	0.002533373	0.0007772134	0.03247535	0.03247535	0.01455658	0.01455658	0.393002	0.0355242	0.479505	0.0919681
103	-59.8063	-87.32467	27.51837	0	0	0	0	0.01014538	0.00219571	0.002533373	0.0007772134	0.04506609	0.0001801513	0.01196472	0.0004171422	0.394621	0.0356705	0.477362	0.0923468
104	-64.44649	-86.6181	22.17162	0	0	1	0	0.01014538	0.001990089	0.002528279	0.0007381773	0.04506609	0.04506609	0.01296501	0.0008934043	0.423047	0.03824	0.511748	0.026965
105	-69.41727	-86.16637	16.7491	0	0	1	1	0.008637844	0.001229101	0.003033886	0.0004805001	0.04321584	0.04321584	0.01920928	0.01920928	0.0874864	0.0604807	0.809385	0.0426481
106	-82.01357	-88.02557	6.011997	1	1	1	1	0.008637844	0.008637844	0.002578563	0.002578563	0.04772344	0.04772344	0.01920928	0.01920928	0.224071	0.210893	0.536753	0.0282826
107	-68.6847	-86.59483	17.91014	0	0	1	0	0.01004848	0.004149588	0.00183561	0.001007305	0.04772344	0.04772344	0.01768608	0.0162519	0.307413	0.188241	0.479101	0.0252448
108	-72.21501	-90.50244	18.28743	0	1	1	0	0.01004848	0.001088173	0.001793111	0.001793111	0.0227192	0.0227192	0.01531421	0.01604392	0.307413	0.188241	0.479101	0.0252448
109	-68.60725	-87.35189	18.74465	0	0	1	1	0.01088273	0.001300965	0.001793111	0.000109265	0.03841919	0.03841919	0.01188651	0.01188651	0.307413	0.188241	0.479101	0.0252448
110	-76.53372	-86.93848	10.40476	0	1	1	1	0.01047439	0.00655956	0.001793111	0.001793111	0.05140577	0.05140577	0.01232651	0.01232651	0.165997	0.226677	0.576927	0.0303994
111	-66.7441	-89.66895	22.92485	0	1	0	0	0.009963623	0.005398559	0.001770155	0.001770155	0.03765249	0.001890139	0.01232651	0.001016422	0.322153	0.218232	0.430348	0.0292669
112	-78.45661	-90.13139	11.67478	0	1	1	1	0.01097724	0.004595653	0.004052906	0.004052906	0.03765249	0.03765249	0.01801648	0.01801648	0.41857	0.283547	0.259857	0.0380262
113	-71.83924	-90.11017	18.27092	0	0	1	0	0.01486584	0.006802492	0.004024515	0.003871571	0.04768719	0.04768719	0.01801648	0.001370586	0.413882	0.163901	0.255212	0.167004
114	-72.43649	-89.67253	17.23604	0	0	1	0	0.01486584	0.006802492	0.004108607	0.004658856	0.05211208	0.05211208	0.01913592	0.0008744589	0.404514	0.160191	0.249435	0.18586
115	-82.84265	-94.5064	11.66375	0	1	1	1	0.01486584	0.009603598	0.00495027	0.00495027	0.03181782	0.03181782	0.01412033	0.01412033	0.0568398	0.34941	0.312695	0.281054
116	-66.70201	-87.03541	20.3334	0	0	1	0	0.01051883	0.002046493	0.003167969	0.002507505	0.0458707	0.0458707	0.01779874	0.002930924	0.0924421	0.243815	0.206647	0.457096
117	-71.7871	-91.12104	19.33394	0	0	1	1	0.009016146	0.003107254	0.002793111	0.006502179	0.0258948	0.0258948	0.01370749	0.01370749	0.0723705	0.193699	0.370792	0.363139
118	-73.23004	-87.77172	14.54168	1	0	1	0	0.006171913	0.006171913	0.001963979	0.00857431	0.04852214	0.04852214	0.01370749	0.009493224	0.098355	0.263246	0.144875	0.493524
119	-65.19416	-87.83818	22.64401	0	0	1	0	0.007419884	0.003952976	0.001963979	0.003542347	0.03883705	0.03883705	0.01370749	0.00220057	0.12304	0.211364	0.4026	0.262995
120	-74.21308	-87.58129	13.36821	0	1	1	1	0.006567095	0.004288217	0.001631518	0.001631518	0.03883705	0.03883705	0.01428436	0.01428436	0.12304	0.211364	0.4026	0.262995
121	-80.36967	-91.32742	10.95775	1	1	1	1	0.006187686	0.006187686	0.002202504	0.002202504	0.03427744	0.03427744	0.00719145	0.00719145	0.221244	0.264092	0.186059	0.328604
122	-66.43547	-91.65243	25.21695	0	0	0	0	0.005673107	0.001216748	0.002942024	0.01512211	0.03269389	0.01239221	0.01173822	0.004665724	0.221244	0.264092	0.186059	0.328604
123	-67.00033	-90.14257	23.14224	0	0	0	1	0.005482545	0.001170295	0.002900744	0.009167385	0.03269389	0.007033517	0.01032602	0.01032602	0.108753	0.129816	0.599904	0.161527
124	-73.06474	-91.83486	18.77012	1	1	0	0	0.005482545	0.005482545	0.003048555	0.003048555	0.03655669	0.007033517	0.00768385	0.004440944	0.176085	0.210188	0.352194	0.261533
125	-74.03966	-96.09927	22.05961	0	1	1	0	0.005482545	0.005267861	0.002625751	0.002625751	0.02406551	0.02406551	0.004435234	0.003553095	0.0985152	0.498803	0.231083	0.171598
126	-82.84285	-96.10343	13.26057	1	1	1	1	0.005482545	0.005482545	0.002625751	0.002625751	0.02406551	0.02406551	0.004512961	0.004512961	0.155253	0.467409	0.21654	0.160798
127	-72.54232	-95.32921	22.78689	0	0	1	1	0.005077118	0.003784163	0.002580316	0.001249811	0.02406551	0.02406551	0.004512961	0.004512961	0.13877	0.417785	0.299719	0.143726
128	-76.93055	-97.62495	20.6944	1	0	0	1	0.006530823	0.006530823	0.004233038	0.003484712	0.02048496	0.01399255	0.004512961	0.004512961	0.087821	0.264396	0.556825	0.0909577
129	-70.15941	-89.5708	19.41139	0	0	1	0	0.008565412	0.003106019	0.005037021	0.007123964	0.05566093	0.05566093	0.005893584	0.004728189	0.087821	0.264396	0.556825	0.0909577
130	-70.60121	-89.1772	18.57599	0	1	1	0	0.01072214	0.002939219	0.002033544	0.002033544	0.03939892	0.03939892	0.007057802	0.003204858	0.087821	0.264396	0.556825	0.0909577
131	-71.40325	-87.82172	16.41847	0	1	1	0	0.007300832	0.002725021	0.001728686	0.001728686	0.05315986	0.05315986	0.006017617	0.006765669	0.0846833	0.32758	0.475043	0.112694
132	-72.43623	-91.22941	18.79318	1	1	0	0	0.002686393	0.002686393	0.001728686	0.001728686	0.03684351	0.005545196	0.009526506	0.007783907	0.0202863	0.349223	0.506429	0.124061
133	-67.23534	-90.96929	23.73395	1	0	0	0	0.003110552	0.003110552	0.002106414	0.00217309	0.03605869	0.002343329	0.01054223	0.009055481	0.052897	0.337599	0.489572	0.119932
134	-65.10181	-87.20163	22.09982	0	0	1	0	0.003932449	0.0004300026	0.002709181	0.002901932	0.05297416	0.05297416	0.01054223	0.001247165	0.052897	0.337599	0.489572	0.119932
135	-70.60296	-88.18943	17.58647	0	0	1	1	0.002958866	0.0004300026	0.002095747	0.006315549	0.0465999	0.0465999	0.01261659	0.01261659	0.0537927	0.343316	0.497862	0.10503
136	-71.29474	-94.62658	23.33184	0	1	0	1	0.003727498	0.0006431435	0.002095747	0.002095747	0.01561922	0.0034505	0.01261659	0.01261659	0.0663716	0.423597	0.45494	0.0550917
137	-65.94115	-94.0807	28.13955	0	1	0	0	0.003860062	0.0009245958	0.001666807	0.001666807	0.01625868	0.002179958	0.01382933	0.001470004	0.0663716	0.423597	0.45494	0.0550917
138	-79.65841	-88.0792	8.42079	1	1	1	1	0.003680074	0.003680074	0.001678538	0.001678538	0.04349557	0.04349557	0.01551649	0.01551649	0.0624565	0.39861	0.428104	0.110829
139	-72.90344	-85.90805	13.00461	0	0	1	1	0.003680074	0.002185779	0.001398	0.002119305	0.06961163	0.06961163	0.01823038	0.01823038	0.0586614	0.372143	0.402091	0.167105
140	-77.40757	-87.12362	9.716051	0	1	1	1	0.003470039	0.001841705	0.003689188	0.003689188	0.05926752	0.05926752	0.01823038	0.01823038	0.0409284	0.0368382	0.805643	0.11659
141	-72.41894	-87.50258	15.08364	0	1	1	0	0.003470039	0.002831335	0.002693087	0.002693087	0.05926752	0.05926752	0.01462626	0.002444768	0.24563	0.19195	0.0950109	0.467409
142	-73.23133	-88.53575	15.30442	0	1	1	0	0.003335199	0.002350242	0.002057703	0.002057703	0.05472763	0.05472763	0.00665965	0.01493968	0.258987	0.202387	0.100177	0.438448
143	-80.96592	-88.14742	7.181505	1	1	1	1	0.003335199	0.003335199	0.001927007	0.001927007	0.05472763	0.05472763	0.01146963	0.01146963	0.61239	0.105865	0.0524009	0.229344
144	-77.4063	-91.90069	14.49439	1	1	1	0	0.002167414	0.002167414	0.002745985	0.002745985	0.03406378	0.03406378	0.01088172	0.009307511	0.374237	0.0646952	0.0672459	0.493821
145	-80.66146	-91.71551	11.05404	1	1	1	1	0.002017419	0.002017419	0.002214676	0.002214676	0.03406378	0.03406378	0.01101241	0.01101241	0.373997	0.0646536	0.0678446	0.493505
146	-74.51301	-90.01465	15.50164	0	1	1	1	0.00275983	0.002059862	0.001630228	0.001630228	0.0349623	0.0349623	0.01199266	0.01199266	0.166315	0.216402	0.14564	0.471643
147	-71.51135	-89.46261	17.95126	0	0	1	1	0.002575857	0.003128362	0.002247672	0.0009542871	0.04803118	0.04803118	0.01199266	0.01199266	0.08844	0.588428	0.167368	0.155763
148	-75.5137	-93.06772	17.55401	1	1	1	0	0.003118225	0.003118225	0.001816278	0.001816278	0.02151298	0.02151298	0.01343092	0.001786743	0.143385	0.0840119	0.684973	0.0876304
149	-74.69964	-92.63053	17.93089	0	1	1	1	0.005660103	0.001123057	0.00105377	0.00105377	0.02151298	0.02151298	0.01015948	0.01015948	0.41741	0.244569	0.0829186	0.255103
150	-65.41816	-92.79493	27.37677	0	1	0	0	0.005787489	0.0006146447	0.00105377	0.00105377	0.0229569	0.004323552	0.009263838	0.000552394	0.433921	0.237637	0.0805685	0.247873
151	-78.96429	-95.91	16.94571	1	1	0	1	0.007238626	0.007238626	0.001621935	0.001621935	0.0229569	0.005783875	0.007543352	0.007543352	0.309941	0.415217	0.0977907	0.177051
152	-66.24059	-93.42403	27.18344	0	0	1	0	0.0065159	0.0008475038	0.00224551	0.001240296	0.01840372	0.01840372	0.01128715	0.005118376	0.0910907	0.546903	0.128805	0.233202
153	-69.10235	-88.23916	19.13681	0	1	0	1	0.0065159	0.0008475038	0.001723427	0.001723427	0.03822518	0.0006253974	0.01421118	0.01421118	0.115565	0.425163	0.163412	0.295859
154	-69.93333	-86.3789	16.44557	0	1	0	1	0.005585694	0.0009624819	0.001389134	0.001389134	0.05475855	0.0006355988	0.01421118	0.01421118	0.125089	0.298862	0.255808	0.320241
155	-64.60003	-89.27176	24.67172	0	0	1	0	0.004142149	0.001276861	0.001833968	0.005012383	0.0350401	0.0350401	0.0120933	0.0006268783	0.125089	0.298862	0.255808	0.320241
156	-67.0141	-89.40687	22.39276	0	0	1	0	0.002628028	0.001563188	0.003122989	0.0003217227	0.04519825	0.04519825	0.01895116	0.00127613	0.135183	0.32298	0.276451	0.265386
157	-71.24571	-87.6894	16.44369	0	0	1	1	0.002628028	0.0001312777	0.003122989	0.0003217227	0.05239824	0.05239824	0.01895116	0.01895116	0.104206	0.24897	0.213103	0.43372
158	-68.03469	-85.53426	17.49957	0	0	1	1	0.006197152	0.0002071675	0.00298537	0.000204341	0.04656924	0.04656924	0.01535043	0.01535043	0.0368978	0.0636437	0.745885	0.153574
159	-64.17285	-86.23015	22.0573	0	0	1	0	0.003988172	0.0001296483	0.0015542	0.0001892874	0.04506116	0.04506116	0.01394125	0.01011663	0.011609	0.0653148	0.76547	0.157606
160	-68.47613	-86.83284	18.35671	0	1	1	0	0.006531183	0.0001296483	0.002200641	0.002200641	0.03447961	0.03447961	0.01394299	0.009326716	0.0225093	0.0290905	0.878204	0.070196
161	-64.47507	-86.95535	22.48028	0	1	0	0	0.006531183	0.0001296483	0.0008063572	0.0008063572	0.03344279	0.009387847	0.01236331	0.009899732	0.0225093	0.0290905	0.878204	0.070196
162	-73.1195	-90.69829	17.57879	1	1	0	0	0.008879236	0.008879236	0.0008063572	0.0008063572	0.03344279	0.01337727	0.01236331	0.002191595	0.0985481	0.0524924	0.655024	0.193936
163	-65.46157	-88.77812	23.31655	0	0	0	1	0.005645246	0.005194891	0.0008063572	0.001027739	0.04208692	0.0006528506	0.01236331	0.01236331	0.16023	0.208671	0.498116	0.132983
164	-69.81004	-90.52073	20.71069	0	1	0	1	0.006403104	0.002168673	0.001556455	0.001556455	0.02910328	0.006047087	0.00786731	0.00786731	0.16023	0.208671	0.498116	0.132983
165	-68.22615	-88.02598	19.79984	0	0	1	1	0.0033417	0.0004692621	0.001083486	0.001770521	0.04091791	0.04091791	0.01077316	0.01077316	0.16023	0.208671	0.498116	0.132983
166	-72.73703	-89.63835	16.90132	1	0	0	0	0.0033417	0.0033417	0.002036047	0.006739765	0.05786875	0.007681111	0.008049079	0.01875646	0.170659	0.222251	0.530534	0.0765556
167	-80.40125	-89.22928	8.828029	1	1	1	1	0.004490008	0.004490008	0.002928083	0.002928083	0.03698828	0.03698828	0.01763486	0.01763486	0.199068	0.214638	0.512361	0.0739332
168	-73.26469	-89.6405	16.37581	1	0	0	1	0.005704825	0.005704825	0.001700905	0.001043982	0.04279878	0.001689746	0.02500345	0.02500345	0.35129	0.173845	0.414984	0.0598818
169	-73.71291	-86.21832	12.5054	1	0	1	0	0.008008758	0.008008758	0.001633558	0.005125214	0.06852925	0.06852925	0.01645385	0.0003300567	0.35129	0.173845	0.414984	0.0598818
170	-68.05796	-85.96349	17.90553	0	0	1	1	0.006330386	0.0005298751	0.001079963	0.001551267	0.0496203	0.0496203	0.01007981	0.01007981	0.322272	0.184107	0.380704	0.112917
171	-64.91465	-87.5947	22.68005	0	0	1	0	0.007398138	0.0008296583	0.001236709	0.005586506	0.0496203	0.0496203	0.006149307	0.000597512	0.215706	0.0648348	0.542507	0.176953
172	-69.48461	-89.18645	19.70184	0	0	0	1	0.0112716	0.0008296583	0.001317249	0.003370725	0.03770497	0.02651945	0.007440107	0.007440107	0.27169	0.030034	0.225728	0.472549
173	-83.25615	-94.16741	10.91126	1	1	1	1	0.0112716	0.0112716	0.00198171	0.00198171	0.02943161	0.02943161	0.007440107	0.007440107	0.247908	0.0310147	0.233098	0.487979
174	-73.6872	-87.92943	14.24222	0	1	1	1	0.008964452	0.0008072902	0.002798929	0.002798929	0.03743048	0.03743048	0.01060766	0.01060766	0.410916	0.0514078	0.386367	0.151309
175	-68.39892	-85.97231	17.57339	0	0	1	1	0.006689635	0.0008072902	0.001296308	0.001390011	0.05160667	0.05160667	0.009301544	0.009301544	0.410916	0.0514078	0.386367	0.151309
176	-69.07449	-86.43895	17.36446	0	1	0	1	0.009279673	0.0004365652	0.00184607	0.00184607	0.05160667	0.0009653909	0.008152185	0.008152185	0.0537197	0.0825794	0.620644	0.243057
177	-69.67618	-87.39606	17.71989	0	1	1	0	0.008884966	0.00051596	0.00184607	0.00184607	0.05160667	0.05160667	0.005655833	0.001743995	0.0537197	0.0825794	0.620644	0.243057
178	-72.69031	-87.69586	15.00555	0	1	1	0	0.01115927	0.001155254	0.001690595	0.001690595	0.05160667	0.05160667	0.005655833	0.01451204	0.0957949	0.147259	0.323519	0.433428
179	-72.10441	-89.74443	17.64002	0	1	0	0	0.007540281	0.001431873	0.00275132	0.00275132	0.05160667	0.003350279	0.005139575	0.02842746	0.412958	0.0956055	0.21004	0.281397
180	-79.76526	-87.08674	7.321484	1	1	1	1	0.004465206	0.004465206	0.001910215	0.001910215	0.05160667	0.05160667	0.01267668	0.01267668	0.301471	0.113762	0.249929	0.334837
181	-75.35112	-87.04554	11.69442	1	0	1	1	0.006491114	0.006491114	0.001934645	0.002473292	0.05160667	0.05160667	0.01267668	0.01267668	0.324521	0.122396	0.269038	0.284044
182	-74.21808	-86.5824	12.36432	0	1	1	0	0.004465439	0.001138592	0.002733247	0.002733247	0.05160667	0.05160667	0.01483204	0.0261117	0.354482	0.133696	0.293877	0.217946
183	-63.5471	-89.15343	25.60633	0	0	0	1	0.005887759	0.0009032309	0.001710535	0.002337283	0.03239478	3.25129e-05	0.01141353	0.01141353	0.354482	0.133696	0.293877	0.217946
184	-61.79599	-88.37683	26.58084	0	0	0	0	0.009220982	0.001580723	0.002268805	0.001430139	0.03458495	0.005343583	0.01296176	0.01125158	0.30186	0.113849	0.398698	0.185593
185	-70.22057	-89.92514	19.70457	0	1	0	1	0.0105319	0.001786336	0.0008874285	0.0008874285	0.02674734	0.005986194	0.01296176	0.01296176	0.340283	0.0835047	0.449448	0.126764
186	-66.01316	-89.13654	23.12338	0	1	0	0	0.01071675	0.001786336	0.001039641	0.001039641	0.03735428	0.007939461	0.009165625	0.0008801891	0.437184	0.12094	0.258283	0.183593
187	-68.37986	-86.58664	18.20678	0	0	1	1	0.007110466	0.001055123	0.00153211	0.001842102	0.04134821	0.04134821	0.01458042	0.01458042	0.437184	0.12094	0.258283	0.183593
188	-68.83759	-87.83562	18.99803	0	0	1	1	0.007541251	0.00065672	0.00153211	0.002029909	0.03331505	0.03331505	0.01786738	0.01786738	0.302082	0.163323	0.178466	0.356129
189	-65.73288	-93.01419	27.28132	0	0	0	0	0.009800549	0.0005688005	0.001952878	0.00164402	0.02106889	0.009450233	0.02343522	0.00671515	0.319841	0.197848	0.100944	0.381366
190	-75.72879	-89.57015	13.84136	0	1	1	1	0.00537499	0.0004974482	0.001678085	0.001678085	0.03267017	0.03267017	0.02268109	0.02268109	0.50559	0.31275	0.113833	0.0678268
191	-74.71407	-88.96237	14.2483	0	1	1	1	0.004540313	0.0003931773	0.001511765	0.001511765	0.03267017	0.03267017	0.02145864	0.02145864	0.299909	0.185519	0.0675241	0.447048
192	-82.04641	-86.51122	4.464813	1	1	1	1	0.004994162	0.004994162	0.002396369	0.002396369	0.06140985	0.06140985	0.01819875	0.01819875	0.260962	0.249874	0.100171	0.388992
193	-75.7899	-89.31306	13.52316	0	1	1	1	0.004624732	0.003990356	0.003874845	0.003874845	0.03899518	0.03899518	0.01323677	0.01323677	0.166696	0.159614	0.42521	0.248479
194	-75.9968	-86.2887	10.2919	0	1	1	1	0.005394439	0.0008355834	0.003874845	0.003874845	0.05755023	0.05755023	0.01554983	0.01554983	0.216894	0.207678	0.252124	0.323304
195	-71.63748	-87.17741	15.53993	0	1	1	0	0.005394439	0.0007046195	0.00342164	0.00342164	0.05209393	0.05209393	0.01678532	0.004323016	0.471868	0.258619	0.118087	0.151426
196	-72.258	-88.38712	16.12912	0	1	1	0	0.005394439	0.0006538873	0.005226396	0.005226396	0.04870987	0.04870987	0.01678532	0.002582872	0.215278	0.417287	0.126575	0.240859
197	-75.80065	-89.34087	13.54022	0	1	1	1	0.004886655	0.0008893879	0.005226396	0.005226396	0.03683658	0.03683658	0.01678532	0.01678532	0.0891975	0.210269	0.579166	0.121367
198	-75.33963	-93.32094	17.98131	0	1	0	1	0.003764331	0.002120631	0.005226396	0.005226396	0.03092206	0.005939438	0.02078528	0.02078528	0.0760058	0.179172	0.152571	0.592251
199	-72.151	-89.22787	17.07686	0	0	1	1	0.007047824	0.002120631	0.003354683	0.0002572136	0.03573834	0.03573834	0.02541293	0.02541293	0.275814	0.126056	0.107341	0.490788
200	-68.43235	-87.19032	18.75797	0	0	1	0	0.009464422	0.002120631	0.002964001	0.0002534937	0.04920234	0.04920234	0.02541293	0.0044349	0.419771	0.144814	0.0494556	0.385959
201	-69.64252	-88.40518	18.76266	0	0	0	1	0.01106527	0.002120631	0.00193474	0.005916721	0.04920234	0.009828047	0.01375816	0.01375816	0.31783	0.0356935	0.111542	0.534934
202	-77.11263	-92.4378	15.32517	0	1	1	1	0.01470283	0.002443869	0.000594956	0.000594956	0.02779287	0.02779287	0.008879744	0.008879744	0.339875	0.0381693	0.168859	0.453096
203	-84.73731	-91.99507	7.257759	1	1	1	1	0.01470283	0.01470283	0.000594956	0.000594956	0.03998439	0.03998439	0.0157411	0.0157411	0.528355	0.00825653	0.365378	0.0980109
204	-74.23877	-93.17245	18.93368	0	1	1	0	0.01470283	0.003956444	0.0007489293	0.0007489293	0.02124952	0.02124952	0.0157411	0.006911708	0.314273	0.0154508	0.611977	0.0582984
205	-81.79275	-92.92163	11.12888	0	1	0	1	0.01470283	0.008718888	0.0008788678	0.0008788678	0.03079322	0.02658004	0.02628068	0.02628068	0.160841	0.0470066	0.614789	0.177364
206	-73.65823	-91.37084	17.71261	1	0	0	0	0.004627235	0.004627235	0.002020357	0.006806015	0.03079322	0.02367264	0.02628068	0.005632091	0.0973205	0.0505647	0.661325	0.190789
207	-79.65031	-90.49481	10.8445	1	1	1	1	0.007602343	0.007602343	0.001017867	0.001017867	0.03079322	0.03079322	0.01109346	0.01109346	0.105859	0.264826	0.358162	0.271152
208	-65.08022	-87.40441	22.32419	0	0	1	0	0.007602343	0.004272987	0.0008564317	0.001893588	0.03945033	0.03945033	0.01646087	0.00291716	0.129241	0.323319	0.43727	0.11017
209	-70.84126	-88.02748	17.18622	0	1	1	0	0.00439237	0.002511419	0.0006801117	0.0006801117	0.03945033	0.03945033	0.01148354	0.01478834	0.15376	0.314214	0.424957	0.107068
210	-78.94912	-90.19328	11.24416	1	1	1	1	0.00439237	0.00439237	0.001036782	0.001036782	0.0313081	0.0313081	0.01148354	0.01148354	0.113065	0.4345	0.373704	0.0787306
211	-75.15947	-91.0516	15.89213	1	0	1	1	0.004689494	0.004689494	0.0004638057	0.005249405	0.02673761	0.02673761	0.01403092	0.01403092	0.165833	0.40865	0.351471	0.0740465
212	-74.67801	-90.66822	15.99021	1	0	1	1	0.002434135	0.002434135	0.0008881387	0.001165359	0.03209167	0.03209167	0.01403092	0.01403092	0.262605	0.0635656	0.556573	0.117257
213	-69.1332	-85.03044	15.89725	0	0	1	1	0.008437799	0.002877071	0.0008275541	0.0008828193	0.05362295	0.05362295	0.01403092	0.01403092	0.205781	0.035472	0.666863	0.0918838
214	-75.8628	-89.63071	13.76791	0	1	1	1	0.008437799	0.003662591	0.003911485	0.003911485	0.03181897	0.03181897	0.01549108	0.01549108	0.121	0.108135	0.624557	0.146308
215	-69.54709	-90.20271	20.65562	0	0	0	1	0.006234428	0.001358769	0.003407171	0.008089448	0.03472641	0.01785851	0.01132331	0.01132331	0.253544	0.232997	0.198213	0.315246
216	-79.58621	-96.73959	17.15337	1	0	1	1	0.005602829	0.005602829	0.004587363	0.005132294	0.01724294	0.01724294	0.01139141	0.01139141	0.326561	0.300096	0.255295	0.118049
217	-82.01393	-95.68951	13.67558	1	1	1	1	0.005602829	0.005602829	0.002173579	0.002173579	0.01888694	0.01888694	0.007649552	0.007649552	0.326561	0.300096	0.255295	0.118049
218	-80.58285	-92.71767	12.13482	1	1	1	1	0.003666689	0.003666689	0.001535951	0.001535951	0.02384033	0.02384033	0.01408321	0.01408321	0.147244	0.540897	0.213251	0.0986079
219	-76.94269	-88.47494	11.53225	1	0	1	1	0.007436918	0.007436918	0.001535951	0.003858273	0.04216504	0.04216504	0.02111388	0.02111388	0.286627	0.249608	0.415116	0.0486495
220	-68.91794	-88.65118	19.73324	0	0	1	1	0.007975708	0.0005297135	0.001535951	0.0002501415	0.04216504	0.04216504	0.006280395	0.006280395	0.193174	0.494269	0.27977	0.0327876
221	-65.72157	-89.87616	24.15459	0	0	1	0	0.007674012	0.0005042922	0.003806443	0.001551651	0.04049791	0.04049791	0.006280395	0.002668998	0.276899	0.49418	0.200188	0.0287336
222	-71.57638	-88.42412	16.84774	0	1	1	0	0.005320781	0.0008448472	0.003769545	0.003769545	0.04049791	0.04049791	0.01740559	0.007403571	0.22675	0.404679	0.163932	0.204638
223	-69.59563	-87.15319	17.55756	0	0	1	1	0.009676623	0.0007952275	0.001762351	0.001044318	0.04049791	0.04049791	0.01740559	0.01740559	0.132367	0.538872	0.146226	0.182535
224	-73.65686	-88.19473	14.53787	0	0	1	1	0.01774997	0.0007952275	0.001171478	0.003558473	0.0477741	0.0477741	0.01740559	0.01740559	0.120353	0.473313	0.240367	0.165967
225	-69.32853	-85.46674	16.13821	0	1	1	0	0.008572268	0.002159657	0.001171478	0.001171478	0.05378815	0.05378815	0.01182001	0.001789226	0.117487	0.163297	0.234643	0.484574
226	-75.08456	-90.64436	15.5598	1	1	0	0	0.007935107	0.007935107	0.002128774	0.002128774	0.05378815	9.503045e-05	0.01779394	0.0008683141	0.140961	0.195924	0.0817236	0.581392
227	-72.73052	-86.01351	13.28299	0	1	1	1	0.007935107	0.000418012	0.001338989	0.001338989	0.04239271	0.04239271	0.01401086	0.01401086	0.140961	0.195924	0.0817236	0.581392
228	-69.69451	-88.40381	18.7093	0	0	1	1	0.006302907	0.004072186	0.000954771	0.003446399	0.04239271	0.04239271	0.007425017	0.007425017	0.140516	0.195307	0.596153	0.0680244
229	-65.8262	-91.19649	25.37029	0	0	1	0	0.005534586	0.002969234	0.001226341	0.004925164	0.02998403	0.02998403	0.007425017	0.003965432	0.258498	0.322716	0.306894	0.111891
230	-69.98975	-86.52941	16.53966	0	1	1	0	0.005534586	0.001056599	0.002604433	0.002604433	0.05154098	0.05154098	0.01261635	0.003651535	0.258498	0.322716	0.306894	0.111891
231	-70.61994	-88.4001	17.78016	0	0	1	1	0.005098869	0.0007717203	0.00247137	0.008816922	0.04399628	0.04399628	0.008753551	0.008753551	0.198613	0.247954	0.235798	0.317635
232	-72.24218	-89.54973	17.30756	1	0	1	0	0.007999787	0.007999787	0.00247137	0.004062417	0.04399628	0.04399628	0.01160931	0.002472878	0.119336	0.540599	0.0974249	0.24264
233	-80.59588	-89.28738	8.691499	1	1	1	1	0.004745239	0.004745239	0.00247137	0.00247137	0.04399628	0.04399628	0.01160931	0.01160931	0.161176	0.636881	0.0578546	0.144089
234	-77.52705	-88.26554	10.73848	1	1	1	0	0.002962305	0.002962305	0.001176672	0.001176672	0.04399628	0.04399628	0.01160931	0.02090589	0.0840444	0.276372	0.237791	0.401793
235	-79.1685	-90.0039	10.8354	1	1	0	1	0.002962305	0.002962305	0.0009939574	0.0009939574	0.04399628	0.02351242	0.008631116	0.008631116	0.323622	0.209789	0.411846	0.0547424
236	-78.44613	-92.11757	13.67144	1	0	1	1	0.002962305	0.002962305	0.001703469	0.009888616	0.04399628	0.04399628	0.005323052	0.005323052	0.286949	0.19818	0.371525	0.143346
237	-77.52682	-92.32451	14.7977	1	1	0	0	0.002962305	0.002962305	0.001639174	0.001639174	0.05734666	0.01698166	0.003772298	0.004266511	0.251121	0.0930149	0.588585	0.067279
238	-75.16589	-92.06467	16.89877	1	1	0	0	0.00727886	0.00727886	0.00152178	0.00152178	0.05328229	0.001159124	0.004142424	0.007565851	0.243145	0.176019	0.507904	0.0729321
239	-75.30316	-90.6888	15.38564	0	1	1	1	0.009703656	0.001840159	0.001467445	0.001467445	0.03628196	0.03628196	0.004775166	0.004775166	0.158377	0.0391916	0.330833	0.471598
240	-71.02298	-88.45511	17.43213	0	0	1	1	0.01396623	0.001825157	0.001675135	0.001742517	0.03628196	0.03628196	0.0164085	0.0164085	0.158361	0.0392892	0.3308	0.47155
241	-68.28318	-85.09766	16.81448	0	0	1	1	0.006042217	0.0003318347	0.001351738	0.002266585	0.04903162	0.04903162	0.0164085	0.0164085	0.201607	0.0500185	0.421137	0.327237
242	-70.99952	-85.96165	14.96213	0	1	0	1	0.006042217	0.0005788307	0.001491747	0.001491747	0.04903162	0.008537565	0.02034606	0.02034606	0.092367	0.0344621	0.491364	0.381807
243	-63.61751	-85.19816	21.58065	0	0	1	0	0.006042217	0.000590156	0.0007826439	0.001641214	0.04903162	0.04903162	0.01161296	0.008006005	0.0198303	0.0372162	0.530634	0.41232
244	-62.70825	-87.55059	24.84233	0	0	0	1	0.004807806	0.0003546932	0.0009025234	0.001737744	0.03964934	0.001352644	0.01024499	0.01024499	0.0484799	0.0124626	0.636456	0.302601
245	-67.22154	-88.04985	20.82831	0	1	0	1	0.006100377	0.0003909852	0.0006447611	0.0006447611	0.02882854	0.001485747	0.01502269	0.01502269	0.0347564	0.0157486	0.80427	0.145225
246	-63.57696	-85.95282	22.37586	0	1	0	0	0.005992162	0.0005764664	0.001480765	0.001480765	0.04421062	0.003711014	0.01502269	0.002164418	0.0710642	0.0322002	0.694357	0.202379
247	-72.94122	-85.67408	12.73286	0	1	1	1	0.007358134	0.0006526429	0.001998403	0.001998403	0.04421062	0.04421062	0.01502269	0.01502269	0.0941579	0.140354	0.497342	0.268146
248	-65.27369	-86.87287	21.59919	0	1	0	0	0.007966611	0.0006072147	0.001899057	0.001899057	0.03958328	0.01538506	0.01195276	0.0002067986	0.0924282	0.137776	0.506576	0.26322
249	-65.09205	-86.41869	21.32664	0	0	0	0	0.00992886	0.0006022749	0.001899057	0.008608569	0.05932115	0.01616436	0.01195276	0.0002198851	0.0627171	0.401772	0.352401	0.18311
250	-70.46451	-91.06694	20.60243	0	1	1	0	0.007407562	0.0005555579	0.004441162	0.004441162	0.0283732	0.0283732	0.00967854	0.003309104	0.118853	0.414495	0.326193	0.14046
251	-70.05467	-88.09635	18.04168	0	0	1	1	0.01019414	0.0005555579	0.003750972	0.001105216	0.04174169	0.04174169	0.01106525	0.01106525	0.400095	0.311874	0.2474	0.0406313
252	-77.36221	-89.6968	12.33459	1	1	1	0	0.009775092	0.009775092	0.003750972	0.003750972	0.04413379	0.04413379	0.01106525	0.002795505	0.111413	0.0868467	0.752425	0.0493147
253	-82.14532	-89.68773	7.542407	1	1	1	1	0.009775092	0.009775092	0.003366445	0.003366445	0.0451883	0.0451883	0.01106525	0.01106525	0.42222	0.0974784	0.459048	0.021254
254	-68.82245	-87.57598	18.75353	0	0	1	1	0.006125547	0.0032357	0.001712037	0.001286497	0.04091593	0.04091593	0.01106525	0.01106525	0.44578	0.0532239	0.484663	0.016333
255	-63.71094	-86.43168	22.72074	0	0	1	0	0.006161222	0.00210256	0.001019697	0.002285038	0.04091593	0.04091593	0.01377017	0.004930769	0.0828663	0.179828	0.713269	0.0240369
256	-71.42724	-86.68067	15.25343	0	1	0	1	0.006161222	0.004310953	0.001746649	0.001746649	0.05404911	0.004323677	0.01377017	0.01377017	0.0845779	0.133564	0.728001	0.0538569
257	-79.75092	-86.88432	7.133397	1	1	1	1	0.006161222	0.006161222	0.001612803	0.001612803	0.05404911	0.05404911	0.00991151	0.00991151	0.0919336	0.200977	0.648549	0.0585408
258	-79.82957	-86.93655	7.106986	1	1	1	1	0.006161222	0.006161222	0.001128349	0.001128349	0.05404911	0.05404911	0.01054703	0.01054703	0.152672	0.333757	0.416353	0.0972175
259	-67.48158	-89.22383	21.74225	0	1	0	0	0.00602065	0.001311477	0.0006196477	0.0006196477	0.03351437	0.01521903	0.0193023	0.0007949599	0.119924	0.690026	0.154959	0.0350901
260	-60.54173	-89.04554	28.50381	0	0	0	0	0.004388539	0.001500399	0.0006165087	0.002315306	0.03902453	0.0004159225	0.0193023	7.949086e-05	0.266092	0.429309	0.28147	0.0231283
261	-75.75707	-89.25899	13.50192	1	1	0	1	0.006106708	0.006106708	0.0007260301	0.0007260301	0.03902453	0.003811776	0.01517436	0.01517436	0.39876	0.144776	0.421804	0.0346596
262	-73.50794	-91.28174	17.7738	1	0	0	1	0.006983985	0.006983985	0.0003637542	0.008035528	0.04102413	0.003790324	0.009747364	0.009747364	0.341105	0.123844	0.360817	0.174234
263	-79.67419	-87.49319	7.819004	1	1	1	1	0.004388596	0.004388596	0.0008565414	0.0008565414	0.05282042	0.05282042	0.009747364	0.009747364	0.371022	0.119186	0.347246	0.162546
264	-73.81677	-88.95241	15.13564	1	0	1	1	0.005030574	0.005030574	0.0008565414	0.0003719329	0.039492	0.039492	0.009747364	0.009747364	0.128698	0.295659	0.17242	0.403222
265	-74.18212	-89.26256	15.08044	0	1	1	0	0.005358282	0.005143491	0.001151587	0.001151587	0.0492765	0.0492765	0.005472946	0.01894849	0.124473	0.414424	0.16676	0.294343
266	-74.36642	-88.60216	14.23574	0	1	1	1	0.008932192	0.001731135	0.002865091	0.002865091	0.03446467	0.03446467	0.01265284	0.01265284	0.10725	0.357081	0.282055	0.253615
267	-69.56622	-88.53425	18.96803	0	0	1	1	0.008932192	0.002178046	0.002865091	7.376222e-05	0.03446467	0.03446467	0.01460024	0.01460024	0.479082	0.0799822	0.232173	0.208763
268	-75.03812	-92.59722	17.5591	0	1	1	1	0.005057415	0.001929492	0.001922262	0.001922262	0.02546378	0.02546378	0.00726309	0.00726309	0.605813	0.0605238	0.175689	0.157974
269	-69.28803	-86.06944	16.78141	0	1	1	0	0.008232262	0.000623764	0.001313298	0.001313298	0.04560188	0.04560188	0.01410438	0.005746084	0.572162	0.0571619	0.221476	0.149199
270	-70.24963	-88.8757	18.62607	0	1	1	0	0.008232262	0.004932384	0.001313298	0.001313298	0.03527324	0.03527324	0.01497291	0.0003459871	0.49506	0.0499612	0.215765	0.239214
271	-64.38151	-90.36397	25.98246	0	0	0	0	0.01206384	0.002992521	0.002194331	0.00735628	0.03527324	0.007539464	0.01413695	0.0005086701	0.420636	0.047461	0.328651	0.203252
272	-74.36422	-88.66391	14.29968	0	1	1	1	0.005350372	0.003805076	0.001714504	0.001714504	0.03527324	0.03527324	0.01413695	0.01413695	0.434111	0.132678	0.389966	0.0432445
273	-73.05927	-90.05413	16.99486	1	1	0	0	0.003765875	0.003765875	0.0009412957	0.0009412957	0.03527324	0.004921834	0.01413695	0.01536151	0.457222	0.127259	0.37404	0.0414783
274	-75.76454	-89.10087	13.33634	1	0	0	1	0.003765875	0.003765875	0.0008680864	0.01157818	0.06418799	0.000790621	0.01413695	0.01413695	0.408883	0.0612777	0.492746	0.0370931
275	-66.0312	-89.48074	23.44954	0	0	0	0	0.003765875	0.00287133	0.001085345	0.009857944	0.06418799	0.004840795	0.007982448	0.00196204	0.310765	0.0465731	0.61447	0.028192
276	-82.00293	-87.01444	5.01151	1	1	1	1	0.003820221	0.003820221	0.0007103684	0.0007103684	0.06418799	0.06418799	0.01515341	0.01515341	0.482536	0.257965	0.224765	0.034734
277	-80.41234	-86.90537	6.493022	1	1	1	1	0.003820221	0.003820221	0.001187759	0.001187759	0.05523625	0.05523625	0.01515341	0.01515341	0.479181	0.0778508	0.223203	0.219766
278	-69.93632	-84.90863	14.97231	0	1	1	0	0.006337085	0.0002205813	0.00115704	0.00115704	0.05792907	0.05792907	0.01096454	0.0093615	0.269559	0.109185	0.313039	0.308218
279	-77.10143	-91.12345	14.02202	1	1	1	0	0.003384186	0.003384186	0.001917645	0.001917645	0.03472761	0.03472761	0.007938798	0.01390016	0.166919	0.394986	0.247237	0.190858
280	-79.08841	-89.24726	10.15884	1	1	1	1	0.006465839	0.006465839	0.001917645	0.001917645	0.03472761	0.03472761	0.01131779	0.01131779	0.0863303	0.204286	0.608168	0.101215
281	-73.10745	-87.25271	14.14526	0	1	1	1	0.004709151	0.0003150911	0.002718279	0.002718279	0.04210312	0.04210312	0.01131779	0.01131779	0.0863303	0.204286	0.608168	0.101215
282	-69.90161	-86.93379	17.03218	0	1	1	0	0.009393285	0.0003468518	0.002154385	0.002154385	0.04210312	0.04210312	0.01131779	0.008871817	0.233871	0.370922	0.317316	0.0778905
283	-69.95597	-87.57737	17.6214	0	0	1	1	0.005367117	0.0003273258	0.003698478	0.002503182	0.04210312	0.04210312	0.01681761	0.01681761	0.248863	0.327762	0.337657	0.0857183
284	-71.55055	-87.80461	16.25405	0	1	0	1	0.00491475	0.0005167555	0.001581936	0.001581936	0.03787527	0.01693185	0.01681761	0.01681761	0.243464	0.261261	0.269148	0.226128
285	-67.11101	-88.28105	21.17004	0	0	0	1	0.004858109	0.0008665795	0.001723829	0.003149943	0.03787527	0.01355037	0.01803143	0.01803143	0.243464	0.261261	0.269148	0.226128
286	-65.85515	-88.73023	22.87508	0	0	0	1	0.007798894	0.0003738771	0.003826407	0.002688088	0.03787527	9.721034e-05	0.01764281	0.01764281	0.325848	0.188244	0.193926	0.291982
287	-65.77972	-90.87046	25.09075	0	0	0	0	0.008888642	0.0006090595	0.003826407	0.001025169	0.02433451	0.008267431	0.01653539	0.02367934	0.216286	0.311827	0.339619	0.132267
288	-61.16545	-91.59145	30.426	0	0	0	0	0.007725316	0.001091308	0.001016332	0.004747869	0.02433451	0.003253008	0.01166085	0.002818749	0.148575	0.444473	0.171358	0.235594
289	-61.01043	-88.10565	27.09522	0	0	0	0	0.007246052	0.001722303	0.001016332	0.002445312	0.04043644	0.00453146	0.0144947	0.00380763	0.146232	0.437462	0.184491	0.231816
290	-71.14613	-88.2988	17.15267	0	1	1	0	0.00641763	0.006411444	0.0007895373	0.0007895373	0.04043644	0.04043644	0.01705204	0.002390899	0.0790607	0.268066	0.0606304	0.592242
291	-74.85539	-86.6135	11.7581	0	1	1	1	0.00393722	0.003063365	0.0007895373	0.0007895373	0.04997598	0.04997598	0.01705204	0.01705204	0.185215	0.16368	0.00805702	0.643048
292	-80.1636	-88.6286	8.464998	1	1	1	1	0.007602625	0.007602625	0.0007481138	0.0007481138	0.03871502	0.03871502	0.01705204	0.01705204	0.168668	0.166301	0.0116851	0.653345
293	-67.9278	-87.58779	19.65998	0	1	1	0	0.008198012	0.0001383318	0.0004987038	0.0004987038	0.03871502	0.03871502	0.01009903	0.001506903	0.209109	0.0631089	0.0648994	0.662883
294	-69.24228	-88.28184	19.03956	0	1	1	0	0.003857052	0.0001664675	0.0003546593	0.0003546593	0.03871502	0.03871502	0.01009903	0.00951265	0.209109	0.0631089	0.0648994	0.662883
295	-69.93259	-88.50572	18.57313	0	1	0	1	0.003857052	0.0002621755	0.0003546593	0.0003546593	0.03871502	0.009939523	0.01224443	0.01224443	0.0580579	0.366715	0.391181	0.184045
296	-71.22919	-93.24406	22.01487	1	0	0	0	0.006293185	0.006293185	0.0003676309	0.004256859	0.03159525	0.01427987	0.006951224	0.01147902	0.0842241	0.531991	0.116791	0.266993
297	-65.09668	-90.64477	25.5481	0	1	0	0	0.006293185	0.001990052	0.0002861667	0.0002861667	0.03872728	0.0003803311	0.006951224	0.0003844979	0.110202	0.321663	0.21879	0.349345
298	-66.85892	-86.57345	19.71453	0	0	1	0	0.005333321	0.001527724	0.0003889935	0.009489116	0.0464803	0.0464803	0.01252822	0.01263348	0.228548	0.278881	0.18969	0.302881
299	-73.94774	-88.57046	14.62272	0	1	1	1	0.005333321	0.004136292	0.000923245	0.000923245	0.03828203	0.03828203	0.009757461	0.009757461	0.160284	0.195583	0.280157	0.363975
300	-67.2726	-87.745	20.47239	0	0	1	0	0.007570936	0.005651287	0.0009081673	0.008773773	0.04636214	0.04636214	0.01476143	1.837425e-05	0.412441	0.146098	0.218287	0.223175
301	-76.90895	-86.07125	9.162306	1	0	1	1	0.007026598	0.007026598	0.001488956	0.0007404781	0.06409923	0.06409923	0.01631103	0.01631103	0.321906	0.282117	0.19727	0.198707
302	-76.01853	-89.75456	13.73603	1	1	1	0	0.007026598	0.007026598	0.002152551	0.002152551	0.03601441	0.03601441	0.01598404	0.002326669	0.305085	0.162634	0.0948195	0.437462
303	-78.83917	-89.76523	10.92606	1	0	1	1	0.007026598	0.007026598	0.005146978	0.007354071	0.04933439	0.04933439	0.01071547	0.01071547	0.281135	0.149866	0.165879	0.403119
304	-69.32461	-86.94718	17.62257	0	0	1	0	0.007026598	0.003182499	0.002346868	0.01253546	0.06200854	0.06200854	0.01071547	0.00253184	0.081484	0.116642	0.129105	0.67277
305	-75.85506	-85.10854	9.253481	0	1	1	1	0.006442004	0.004476908	0.001929146	0.001929146	0.06200854	0.06200854	0.01428817	0.01428817	0.0346193	0.0495563	0.629991	0.285833
306	-77.17043	-84.14783	6.977396	0	1	1	1	0.006442004	0.003573631	0.001107985	0.001107985	0.07514814	0.07514814	0.01589236	0.01589236	0.0367145	0.0525555	0.668119	0.242611
307	-69.30439	-86.77945	17.47507	0	0	1	1	0.006442004	0.004873248	0.000832544	0.002123162	0.04149055	0.04149055	0.01589236	0.01589236	0.0367145	0.0525555	0.668119	0.242611
308	-74.14062	-86.67343	12.53281	0	1	1	1	0.007416703	0.004669939	0.0009172288	0.0009172288	0.04149055	0.04149055	0.01589236	0.01589236	0.00269042	0.0313713	0.503738	0.4622
309	-65.76636	-89.92557	24.15921	0	0	0	0	0.007416703	0.001268516	0.0004971724	0.001775582	0.0297288	0.01402551	0.02799292	0.009789169	0.00666274	0.0336473	0.463956	0.495734
310	-76.05616	-88.91107	12.85491	0	1	1	1	0.007416703	0.001189425	0.001342286	0.001342286	0.03060303	0.03060303	0.02799292	0.02799292	0.0053777	0.0548323	0.756073	0.183717
311	-77.74189	-90.72244	12.98055	1	0	1	1	0.005953597	0.005953597	0.002316107	0.0009600219	0.03060303	0.03060303	0.02799292	0.02799292	0.00614597	0.0689447	0.864087	0.0608225
312	-71.77573	-86.67647	14.90074	1	0	1	0	0.003742705	0.003742705	0.002275146	0.0009920338	0.06137161	0.06137161	0.01358215	0.00441553	0.0200222	0.224606	0.557225	0.198146
313	-72.44662	-85.3437	12.89708	0	1	1	1	0.0061837	0.0001292319	0.001516851	0.001516851	0.04920863	0.04920863	0.01126472	0.01126472	0.0200222	0.224606	0.557225	0.198146
314	-76.42662	-88.08363	11.65701	1	1	1	0	0.003554319	0.003554319	0.002939021	0.002939021	0.04920863	0.04920863	0.01719741	0.002497044	0.0460394	0.208629	0.517588	0.227744
315	-71.09851	-90.88959	19.79108	0	1	1	0	0.002218691	0.00265973	0.001918698	0.001918698	0.03734271	0.03734271	0.01302912	0.00123715	0.0407801	0.299031	0.458461	0.201727
316	-74.98205	-88.8842	13.90216	0	1	1	1	0.003512885	0.001131034	0.002993262	0.002993262	0.03734271	0.03734271	0.01757412	0.01757412	0.0411171	0.301502	0.46225	0.195131
317	-75.58976	-90.05428	14.46452	1	1	1	0	0.00338299	0.00338299	0.003214244	0.003214244	0.04258479	0.04258479	0.009433559	0.0007216653	0.0649548	0.209826	0.446603	0.278617
318	-67.73138	-89.54781	21.81643	0	1	0	0	0.006363694	0.001851058	0.003214244	0.003214244	0.05043222	0.00696842	0.006386015	0.001142482	0.113137	0.116306	0.285269	0.485288
319	-78.48071	-87.43506	8.954347	1	1	1	0	0.006363694	0.006363694	0.002358557	0.002358557	0.07382538	0.07382538	0.007165715	0.001142482	0.123292	0.197779	0.485102	0.193827
320	-74.76984	-87.59099	12.82115	0	1	0	1	0.003827	0.002146656	0.001804514	0.001804514	0.07382538	0.008080214	0.008590825	0.008590825	0.123292	0.197779	0.485102	0.193827
321	-71.0129	-87.87285	16.85995	0	0	1	1	0.003827	0.001717657	0.002633973	0.005061517	0.04382818	0.04382818	0.01810403	0.01810403	0.119813	0.192198	0.499632	0.188358
322	-72.25935	-87.04901	14.78966	0	1	0	1	0.006972671	0.003179433	0.002633973	0.002633973	0.05031183	0.005812663	0.01810403	0.01810403	0.122636	0.196727	0.511405	0.169232
323	-69.32935	-89.44873	20.11938	0	0	0	1	0.01089558	0.006990767	0.002633973	0.0003752019	0.03849186	0.01402461	0.01265338	0.01265338	0.0414405	0.11385	0.746771	0.0979387
324	-68.84316	-91.49025	22.64709	0	0	1	0	0.01089558	0.006990767	0.00275003	0.005100556	0.03243989	0.03243989	0.008780651	0.00464922	0.0378034	0.191626	0.681228	0.0893428
325	-74.79776	-92.64398	17.84622	0	1	0	1	0.01089558	0.005523756	0.00275003	0.00275003	0.03243989	0.01055358	0.007368003	0.007368003	0.0666363	0.424318	0.311214	0.197832
326	-68.44917	-91.25724	22.80807	0	1	0	0	0.005433191	0.003629171	0.003570909	0.003570909	0.03243989	0.01246855	0.008755511	0.004388642	0.102967	0.0945567	0.496785	0.305692
327	-71.08937	-90.49919	19.40981	1	0	1	0	0.005082036	0.005082036	0.003570909	0.002398923	0.03243989	0.03243989	0.0148302	0.002265029	0.308193	0.0729238	0.383129	0.235755
328	-75.75383	-91.47301	15.71919	0	1	1	1	0.006960891	0.005943256	0.001717121	0.001717121	0.02943542	0.02943542	0.008103798	0.008103798	0.26656	0.198159	0.331373	0.203907
329	-72.17163	-89.60413	17.43251	0	1	1	0	0.009703708	0.003881204	0.001043465	0.001043465	0.03126579	0.03126579	0.02299824	0.003004912	0.28224	0.209816	0.350866	0.157078
330	-72.61008	-88.5881	15.97802	0	1	1	0	0.008267571	0.003881204	0.0005301091	0.0005301091	0.03451719	0.03451719	0.02176429	0.01125672	0.278659	0.159354	0.388196	0.173791
331	-73.98051	-86.24463	12.26412	0	1	1	1	0.008267571	0.003881204	0.0009660465	0.0009660465	0.04663208	0.04663208	0.01217682	0.01217682	0.172947	0.098902	0.494301	0.23385
332	-65.67128	-88.83883	23.16755	0	1	0	0	0.004294769	0.002575668	0.001537503	0.001537503	0.05011631	0.0003357524	0.007493652	0.002275978	0.300252	0.039306	0.567505	0.0929374
333	-61.72405	-86.87521	25.15116	0	0	0	0	0.004294769	0.001318644	0.001537503	0.003118354	0.05011631	0.0127937	0.01187099	0.001770145	0.249536	0.0239435	0.707074	0.0194458
334	-74.50726	-86.65773	12.15047	0	1	1	1	0.004102457	0.003265288	0.001652147	0.001652147	0.05011631	0.05011631	0.01343761	0.01343761	0.136507	0.0400352	0.783479	0.039979
335	-76.51746	-88.02885	11.51138	1	1	1	0	0.009454457	0.009454457	0.002362891	0.002362891	0.04662701	0.04662701	0.01343761	0.00434744	0.137416	0.0403018	0.788697	0.0335856
336	-75.79619	-85.62838	9.832186	0	1	1	1	0.01253048	0.002353463	0.00172588	0.00172588	0.05577464	0.05577464	0.01345007	0.01345007	0.246608	0.101555	0.591563	0.0602732
337	-73.74814	-87.22538	13.47724	0	1	1	0	0.01876332	0.002353463	0.001147917	0.001147917	0.05868792	0.05868792	0.01345007	0.0001190451	0.246608	0.101555	0.591563	0.0602732
338	-71.24714	-87.65231	16.40517	0	1	0	1	0.008090459	0.004197664	0.001540316	0.001540316	0.04942573	0.00325528	0.0112643	0.0112643	0.35116	0.167286	0.382269	0.0992844
339	-70.5394	-89.60418	19.06478	0	0	1	1	0.01113529	0.004197664	0.001540316	0.001172936	0.03325012	0.03325012	0.0112643	0.0112643	0.398261	0.155648	0.33349	0.112601
340	-70.61595	-87.92505	17.3091	0	0	1	1	0.00966454	0.005554251	0.00104003	0.002029853	0.04277639	0.04277639	0.01153814	0.01153814	0.413186	0.161481	0.345987	0.0793463
341	-68.39389	-87.63165	19.23776	0	0	1	1	0.007456598	0.001774789	0.0009258559	0.0001671961	0.04277639	0.04277639	0.008470297	0.008470297	0.444281	0.173634	0.372025	0.0100597
342	-63.67228	-86.69687	23.02459	0	0	1	0	0.006024389	0.002775979	0.0007308784	0.003025616	0.04277639	0.04277639	0.01366911	0.0004449998	0.173408	0.258268	0.553361	0.014963
343	-71.39547	-91.92589	20.53042	0	0	1	1	0.006024389	0.00434664	0.00067577	0.005044483	0.02441664	0.02441664	0.01366911	0.01366911	0.373574	0.433357	0.187986	0.00508319
344	-65.25707	-88.32078	23.06371	0	1	0	0	0.004887577	0.003261699	0.001105242	0.001105242	0.04259986	0.0008099631	0.00906965	0.007489591	0.0520125	0.0620798	0.871804	0.0141035
345	-68.8093	-90.21292	21.40362	0	0	1	1	0.004887577	1.120168e-05	0.004371583	6.726303e-05	0.02937612	0.02937612	0.01046854	0.01046854	0.529768	0.020562	0.442512	0.00715866
346	-71.53647	-90.76953	19.23306	1	0	1	0	0.004887577	0.004887577	0.0009337006	0.008869034	0.02937612	0.02937612	0.01528489	0.002246704	0.543758	0.0297313	0.419721	0.00678996
347	-69.18991	-88.86489	19.67499	0	1	1	0	0.007054491	0.001602192	0.001503225	0.001503225	0.02937612	0.02937612	0.01528489	0.004249266	0.452658	0.192288	0.349402	0.00565239
348	-76.36325	-93.10493	16.74169	0	0	1	1	0.008761837	0.001602192	0.007892329	0.000413049	0.02937612	0.02937612	0.02780333	0.02780333	0.214856	0.04638	0.116183	0.622581
349	-89.23325	-95.9997	6.766448	1	1	1	1	0.008761837	0.008761837	0.007892329	0.007892329	0.02937612	0.02937612	0.02780333	0.02780333	0.104873	0.0215639	0.138178	0.735385
350	-86.17663	-92.28762	6.110992	1	0	1	0	0.008321936	0.008321936	0.00946706	0.008853243	0.05634733	0.05634733	0.02780333	0.02586427	0.401765	0.0206588	0.132378	0.445198
351	-76.11546	-95.64987	19.53441	0	1	1	0	0.008247521	0.002489628	0.008198839	0.008198839	0.02325112	0.02325112	0.009320745	0.008366424	0.448554	0.0118057	0.285227	0.254414
352	-73.51837	-94.95454	21.43618	0	1	0	0	0.004524108	0.002489628	0.005536484	0.005536484	0.01932802	0.02244272	0.01343332	0.01077893	0.384447	0.0975918	0.462192	0.0557688
353	-68.44939	-92.44924	23.99985	0	0	0	1	0.00544925	0.002870824	0.004918898	0.001585824	0.02558947	0.001626686	0.02182788	0.02182788	0.354348	0.0899512	0.426006	0.129694
354	-73.77643	-91.69701	17.92057	1	1	0	0	0.00544925	0.00544925	0.004194459	0.004194459	0.03214631	0.01193094	0.01195118	0.003433408	0.305358	0.077515	0.505364	0.111764
355	-76.30717	-90.37359	14.06641	1	1	0	1	0.00544925	0.00544925	0.001993126	0.001993126	0.03214631	0.01007459	0.01195118	0.01195118	0.316876	0.0427177	0.524427	0.115979
356	-64.36896	-87.41759	23.04862	0	0	0	0	0.004453704	0.00119115	0.001207338	0.003187376	0.04805711	0.01007459	0.009484808	0.02119096	0.191129	0.156566	0.58235	0.0699547
357	-70.11273	-87.45773	17.345	0	0	1	1	0.005946444	0.006640225	0.001082971	0.0007128428	0.04805711	0.04805711	0.00995829	0.00995829	0.103515	0.111691	0.415434	0.369361
358	-68.65767	-86.15535	17.49768	0	0	1	1	0.004789693	0.000199551	0.0005880674	0.007931798	0.04805711	0.04805711	0.00995829	0.00995829	0.0517626	0.0558508	0.656543	0.235843
359	-73.21887	-88.23772	15.01885	0	1	1	1	0.005329555	0.0003308875	0.0005880674	0.0005880674	0.04351483	0.04351483	0.006403101	0.006403101	0.0406101	0.319718	0.470617	0.169055
360	-73.35621	-86.60282	13.24661	0	1	1	1	0.005131664	0.001640702	0.0005880674	0.0005880674	0.04882201	0.04882201	0.01012135	0.01012135	0.0444214	0.349724	0.420933	0.184921
361	-80.18052	-90.91669	10.73617	1	1	1	1	0.007629668	0.007629668	0.0004407443	0.0004407443	0.03293476	0.03293476	0.01012135	0.01012135	0.0319809	0.619156	0.245175	0.103689
362	-74.70907	-86.82745	12.11838	1	0	1	1	0.004318076	0.004318076	0.0004407443	0.003140709	0.05059592	0.05059592	0.01426189	0.01426189	0.0219352	0.42467	0.482276	0.0711184
363	-71.9732	-85.70411	13.73091	0	1	0	1	0.004318076	0.0001933919	0.0004407443	0.0004407443	0.07118279	0.001077393	0.01585832	0.01585832	0.0068397	0.210146	0.42235	0.360665
364	-72.74676	-86.0069	13.26014	0	1	1	0	0.004318076	0.002455157	0.0006784031	0.0006784031	0.05688352	0.05688352	0.02204254	0.009385826	0.005796	0.178079	0.357902	0.458223
365	-76.7099	-90.02963	13.31973	0	1	0	1	0.004318076	0.001208936	0.000589011	0.000589011	0.05098526	0.001508236	0.03681316	0.03681316	0.0112338	0.345151	0.594599	0.0490161
366	-70.13384	-86.82968	16.69584	0	1	0	1	0.007057905	0.00139476	0.000967209	0.000967209	0.0398215	0.01526289	0.01160683	0.01160683	0.0135046	0.344359	0.593233	0.0489035
367	-76.2742	-94.34626	18.07207	1	1	0	1	0.00517063	0.00517063	0.0006064145	0.0006064145	0.02368094	0.003475483	0.005768378	0.005768378	0.00315904	0.172026	0.816691	0.00812393
368	-74.78925	-87.30968	12.52043	1	0	1	1	0.008340813	0.008340813	0.0006064145	0.003017637	0.04456376	0.04456376	0.01392896	0.01392896	0.00663087	0.171427	0.813846	0.00809564
369	-74.52472	-87.18289	12.65817	1	0	1	1	0.004302567	0.004302567	0.0003933152	0.006481112	0.04456376	0.04456376	0.01392896	0.01392896	0.00663087	0.171427	0.813846	0.00809564
370	-69.10603	-90.00648	20.90044	0	1	0	1	0.004302567	0.002842979	0.0009458747	0.0009458747	0.02796821	0.002071902	0.01392896	0.01392896	0.00663087	0.171427	0.813846	0.00809564
371	-64.49701	-89.24395	24.74694	0	0	0	1	0.004302567	0.001431894	0.001234459	0.0001613493	0.02796821	0.01085415	0.01364279	0.01364279	0.00662964	0.171396	0.813881	0.00809413
372	-71.23457	-90.52872	19.29415	1	1	0	0	0.005977776	0.005977776	0.0009515176	0.0009515176	0.02796821	0.01085415	0.01371501	0.001781912	0.00662964	0.171396	0.813881	0.00809413
373	-72.52985	-86.85768	14.32782	0	1	1	1	0.005977776	0.001176164	0.001891713	0.001891713	0.03735851	0.03735851	0.01371501	0.01371501	0.00248299	0.235918	0.744329	0.0172705
374	-74.14519	-89.442	15.29681	1	1	1	0	0.005682905	0.005682905	0.001670108	0.001670108	0.03735851	0.03735851	0.008661981	0.001203003	0.00362705	0.344618	0.626527	0.025228
375	-70.75317	-88.0207	17.26753	1	0	1	0	0.006508787	0.006508787	0.0005538519	0.009818431	0.04614092	0.04614092	0.009655265	0.0001637441	0.00434791	0.214365	0.751045	0.030242
376	-70.27693	-88.52121	18.24428	1	1	0	0	0.003366637	0.003366637	0.001294341	0.001294341	0.04614092	0.001412887	0.01484004	0.0001991151	0.00434791	0.214365	0.751045	0.030242
377	-75.27174	-89.29077	14.01903	1	0	1	0	0.003094112	0.003094112	0.004705026	0.003754959	0.04614092	0.04614092	0.01484004	0.01888761	0.00478921	0.0689602	0.790732	0.135518
378	-81.34142	-88.43331	7.091888	1	1	1	1	0.005151736	0.005151736	0.004705026	0.004705026	0.04773906	0.04773906	0.01437627	0.01437627	0.0270535	0.061753	0.70809	0.203103
379	-73.06866	-91.38243	18.31378	0	1	0	1	0.002617971	0.001097319	0.00489793	0.00489793	0.03762196	0.006244951	0.01437627	0.01437627	0.0270535	0.061753	0.70809	0.203103
380	-74.43048	-92.75553	18.32506	1	0	1	0	0.002065129	0.002065129	0.005773148	0.001074543	0.03762196	0.03762196	0.01058452	0.009672569	0.0430495	0.366681	0.267078	0.323192
381	-73.91259	-87.86505	13.95246	1	0	1	1	0.003408939	0.003408939	0.001376643	0.0009211078	0.0425971	0.0425971	0.01396248	0.01396248	0.041346	0.107795	0.540456	0.310403
382	-74.86318	-87.88975	13.02657	0	1	1	1	0.003260378	0.004029401	0.001464329	0.001464329	0.04503148	0.04503148	0.01377686	0.01377686	0.041346	0.107795	0.540456	0.310403
383	-70.4	-89.94069	19.54069	0	0	1	1	0.003260378	0.001871443	0.0007565266	0.003263783	0.04503148	0.04503148	0.005654733	0.005654733	0.145082	0.0961302	0.481974	0.276815
384	-74.96014	-88.9176	13.95746	1	1	1	0	0.003260378	0.003260378	0.0004431661	0.0004431661	0.04503148	0.04503148	0.01117778	0.002324864	0.368896	0.0796922	0.399557	0.151855
385	-70.47238	-86.65614	16.18376	0	0	1	1	0.009913974	0.001866252	0.001028866	0.007795121	0.04789917	0.04789917	0.01053685	0.01053685	0.34182	0.147239	0.370231	0.140709
386	-73.54561	-85.70944	12.16383	0	1	1	1	0.005465498	0.001198492	0.001028866	0.001028866	0.04789917	0.04789917	0.01690536	0.01690536	0.23542	0.126214	0.234861	0.403504
387	-72.39847	-87.87657	15.4781	1	0	1	0	0.005465498	0.005465498	0.001028866	0.01121872	0.04789917	0.04789917	0.01690536	0.0005590547	0.23542	0.126214	0.234861	0.403504
388	-71.19751	-86.81385	15.61633	0	1	0	1	0.006181497	0.001142317	0.001863059	0.001863059	0.04789917	0.01350326	0.01169665	0.01169665	0.159082	0.132258	0.285835	0.422825
389	-63.66488	-85.93607	22.27119	0	0	1	0	0.006181497	0.001303765	0.001160553	0.002773268	0.04980118	0.04980118	0.01134929	0.001187308	0.0585268	0.0293897	0.105159	0.806924
390	-65.58046	-84.93359	19.35313	0	0	1	0	0.006181497	0.0009503019	0.001343736	0.004230913	0.06635071	0.06635071	0.01134929	4.189563e-05	0.0585268	0.0293897	0.105159	0.806924
391	-74.1707	-89.37681	15.20611	1	1	1	0	0.005087771	0.005087771	0.001343736	0.001343736	0.03653548	0.03653548	0.01134929	0.0007790343	0.0385013	0.0300148	0.107396	0.824088
392	-78.61358	-88.5039	9.890319	1	1	1	1	0.005087771	0.005087771	0.001400208	0.001400208	0.03653548	0.03653548	0.0129414	0.0129414	0.0734286	0.0572434	0.204822	0.664506
393	-64.7094	-87.74014	23.03075	0	0	1	0	0.005658667	0.002305713	0.001414307	0.004471637	0.03653548	0.03653548	0.01139049	0.007635853	0.0448848	0.0349913	0.513931	0.406193
394	-68.04772	-86.72389	18.67617	0	0	1	1	0.00709326	0.002622533	0.001209814	0.002126775	0.0403406	0.0403406	0.01139049	0.01139049	0.0448848	0.0349913	0.513931	0.406193
395	-70.42488	-88.64099	18.21612	0	1	1	0	0.009734178	0.002251887	0.001025987	0.001025987	0.03138549	0.03138549	0.009752214	0.01326527	0.0573482	0.0447075	0.656637	0.241308
396	-68.2119	-88.4569	20.245	0	0	1	0	0.008602722	0.004019994	0.0006827907	0.003912589	0.03222983	0.03222983	0.0174621	0.0184368	0.099477	0.0775503	0.404397	0.418576
397	-74.47003	-85.57441	11.10438	0	1	1	1	0.008602722	0.003152199	0.0008652571	0.0008652571	0.05095313	0.05095313	0.01498421	0.01498421	0.344634	0.0508706	0.371667	0.232828
398	-76.47465	-87.18366	10.70901	0	1	1	1	0.009972579	0.006244196	0.002155172	0.002155172	0.05095313	0.05095313	0.01149394	0.01149394	0.335264	0.051598	0.376981	0.236157
399	-72.99543	-87.63441	14.63898	1	0	1	0	0.009972579	0.009972579	0.0009300005	0.0005055861	0.05095313	0.05095313	0.01149394	0.01402126	0.199435	0.047126	0.292557	0.460882
400	-76.33761	-86.87493	10.53732	0	1	1	1	0.01593782	0.001330161	0.001164313	0.001164313	0.05095313	0.05095313	0.0124157	0.0124157	0.255504	0.0603751	0.354638	0.329483
401	-73.86366	-85.68773	11.82407	0	1	1	1	0.006971835	0.001976591	0.002123566	0.002123566	0.05095313	0.05095313	0.0124157	0.0124157	0.271453	0.00172455	0.376774	0.350049
402	-68.33303	-87.75523	19.4222	0	0	1	0	0.006971835	0.002387529	0.00376218	0.0003418975	0.06717024	0.06717024	0.00557508	0.003844521	0.27054	0.00508113	0.375507	0.348872
403	-65.42092	-86.98523	21.56431	0	0	1	0	0.006971835	0.002827204	0.001555272	0.0003828509	0.04585176	0.04585176	0.008941962	0.01126935	0.354689	0.00666158	0.492305	0.146344
404	-65.51389	-89.36152	23.84763	0	0	0	0	0.01234215	0.002426567	0.005510404	0.001878028	0.04585176	0.009256379	0.01268558	0.004325782	0.511409	0.0058443	0.402019	0.080728
405	-68.63911	-90.1148	21.47568	0	1	0	0	0.01234215	0.001282667	0.005510404	0.005510404	0.04585176	0.001365659	0.00887118	0.003083388	0.0924887	0.0222452	0.57799	0.307276
406	-74.71311	-88.44171	13.7286	0	1	1	1	0.007728102	0.001687891	0.002493978	0.002493978	0.04585176	0.04585176	0.005785059	0.005785059	0.0814033	0.0473524	0.396118	0.475126
407	-68.90229	-85.08287	16.18058	0	0	1	0	0.01093327	0.002260964	0.002174137	0.0001035242	0.06540574	0.06540574	0.009703708	0.01801421	0.0771523	0.0971013	0.375432	0.450314
408	-60.43158	-88.94225	28.51067	0	0	0	0	0.01093327	0.0008025391	0.002174137	0.002236471	0.04037349	0.0008916546	0.009703708	0.0004884935	0.100841	0.126915	0.183665	0.588579
409	-74.38222	-86.35073	11.96851	0	1	1	1	0.01093327	0.001532795	0.0006244762	0.0006244762	0.05082037	0.05082037	0.009703708	0.009703708	0.174244	0.277203	0.317356	0.231198
410	-69.84947	-90.04324	20.19377	0	0	1	1	0.008868337	0.001569315	0.0006244762	0.007640008	0.02769684	0.02769684	0.009703708	0.009703708	0.219682	0.34949	0.400114	0.0307127
411	-65.00886	-87.71448	22.70563	0	0	0	1	0.008868337	0.001372439	0.0006244762	5.60514e-05	0.03954207	0.01110478	0.009703708	0.009703708	0.169577	0.366161	0.4192	0.0450618
412	-67.56173	-91.00827	23.44654	0	0	1	0	0.008868337	0.00130304	0.002599128	0.006692269	0.02746377	0.02746377	0.009496413	0.01061083	0.366428	0.235904	0.291243	0.106425
413	-70.81136	-92.9339	22.12254	0	1	1	0	0.00611865	0.001925672	0.001882754	0.001882754	0.02172979	0.02172979	0.009496413	0.003916741	0.625128	0.0657987	0.127512	0.181562
414	-65.60404	-88.77573	23.17169	0	1	0	0	0.007387118	0.001153387	0.001882754	0.001882754	0.04182722	0.001214634	0.009496413	0.005644428	0.63465	0.066801	0.129454	0.169095
415	-68.83569	-89.57713	20.74144	0	0	1	1	0.007387118	0.002202595	0.0008115728	0.003370233	0.02970208	0.02970208	0.009496413	0.009496413	0.0340574	0.359237	0.263074	0.343632
416	-70.48329	-86.49559	16.01229	0	1	1	0	0.006757868	0.002532486	0.0003507084	0.0003507084	0.0543178	0.0543178	0.009496413	0.006565767	0.0364412	0.38438	0.281487	0.297691
417	-74.74181	-91.49481	16.75301	0	1	1	1	0.006757868	0.002362368	0.0003507084	0.0003507084	0.02153399	0.02153399	0.01524203	0.01524203	0.0397168	0.418931	0.306789	0.234563
418	-72.22675	-92.35401	20.12726	0	1	1	0	0.006874958	0.002792864	0.0003507084	0.0003507084	0.02153399	0.02153399	0.01524203	0.009688613	0.0498302	0.525608	0.13027	0.294292
419	-65.36673	-87.4012	22.03447	0	1	0	0	0.006174134	0.001857503	0.001095104	0.001095104	0.03870149	0.002391739	0.01231721	0.01257373	0.0286573	0.251472	0.579069	0.140801
420	-78.84752	-88.9683	10.12077	1	1	1	1	0.006174134	0.006174134	0.001095104	0.001095104	0.03870149	0.03870149	0.008675915	0.008675915	0.0214623	0.271684	0.625611	0.0812433
421	-66.53404	-88.3161	21.78206	0	1	0	0	0.006174134	0.00137022	0.002520639	0.002520639	0.04097481	0.01302129	0.008675915	0.003817711	0.0369552	0.406201	0.492842	0.0640016
422	-71.37072	-85.76094	14.39023	0	0	1	1	0.006089751	0.001178269	0.001872987	0.007988631	0.06049098	0.06049098	0.01167875	0.01167875	0.0355962	0.428038	0.474718	0.061648
423	-77.46323	-87.6813	10.21807	0	1	1	1	0.01477249	0.002836972	0.001256044	0.001256044	0.05308296	0.05308296	0.01167875	0.01167875	0.0161818	0.73999	0.215803	0.0280247
424	-73.3365	-87.662	14.32549	0	0	1	1	0.01571876	2.702082e-07	0.001998202	0.006441708	0.05308296	0.05308296	0.01242774	0.01242774	0.0160992	0.736213	0.214701	0.0329866
425	-71.80882	-88.05552	16.2467	0	1	1	0	0.01571876	2.338628e-07	0.001998202	0.001998202	0.04593032	0.04593032	0.01242774	0.002604955	0.0135874	0.621348	0.181203	0.183861
426	-64.96306	-85.74109	20.77802	0	0	1	0	0.007663783	2.338628e-07	0.001370014	0.0006610113	0.04593032	0.04593032	0.01242774	0.01424477	0.00984638	0.546167	0.317781	0.126205
427	-69.65388	-85.7977	16.14382	0	0	1	1	0.00628945	1.053722e-07	0.001271625	0.006254504	0.04593032	0.04593032	0.01952268	0.01952268	0.00556762	0.388798	0.534272	0.0713626
428	-75.28617	-87.0014	11.71522	1	1	1	0	0.00628945	0.00628945	0.001271625	0.001271625	0.04689149	0.04689149	0.01952268	0.001088192	0.00395351	0.276081	0.669291	0.0506739
429	-75.81832	-89.2684	13.45008	1	1	1	0	0.00628945	0.00628945	0.003168346	0.003168346	0.04689149	0.04689149	0.008021654	0.0007690151	0.00312734	0.446942	0.529427	0.0205033
430	-71.73819	-91.0989	19.36071	1	0	1	0	0.00628945	0.00628945	0.003168346	0.004424985	0.03919773	0.03919773	0.00603511	0.001752256	0.0043726	0.199459	0.740239	0.0559297
431	-71.39566	-89.2853	17.88964	1	0	1	0	0.00628945	0.00628945	0.002826804	0.003224491	0.04250271	0.04250271	0.01279682	0.001642201	0.0260284	0.510969	0.0610183	0.401985
432	-73.54953	-86.96267	13.41314	0	1	1	1	0.005460543	0.003429133	0.001162009	0.001162009	0.04250271	0.04250271	0.01279682	0.01279682	0.0109899	0.154111	0.0131626	0.821736
433	-70.03352	-87.65183	17.61831	1	0	1	0	0.004987437	0.004987437	0.001162009	0.001044721	0.04250271	0.04250271	0.01322772	0.007909899	0.0109899	0.154111	0.0131626	0.821736
434	-67.36859	-86.6399	19.27131	0	0	1	1	0.004827278	0.0005257148	0.001162009	0.0008415692	0.04250271	0.04250271	0.01151994	0.01151994	0.0101066	0.222102	0.0121046	0.755686
435	-81.18433	-89.04638	7.862056	1	1	1	1	0.009767748	0.009767748	0.002174969	0.002174969	0.04326485	0.04326485	0.0123591	0.0123591	0.0101066	0.222102	0.0121046	0.755686
436	-76.13491	-88.03047	11.89556	0	1	1	1	0.005606159	0.004520132	0.002174969	0.002174969	0.05505105	0.05505105	0.006679554	0.006679554	0.0109281	0.240155	0.0130885	0.735828
437	-66.55585	-86.91955	20.3637	0	0	1	0	0.006460944	0.001827375	0.002174969	0.003914557	0.04300533	0.04300533	0.01203847	0.01524621	0.0189792	0.261376	0.00391068	0.715734
438	-71.24214	-86.94029	15.69816	0	1	1	0	0.006460944	0.001820516	0.001197817	0.001197817	0.04300533	0.04300533	0.009128544	0.02020478	0.0418931	0.255271	0.00381934	0.699017
439	-69.30649	-87.31255	18.00606	0	1	1	0	0.008434389	0.001158549	0.001682927	0.001682927	0.04300533	0.04300533	0.009128544	0.00520681	0.0418931	0.255271	0.00381934	0.699017
440	-73.77789	-90.0876	16.30971	0	1	1	1	0.004070534	0.0009059966	0.0005137157	0.0005137157	0.03416386	0.03416386	0.009128544	0.009128544	0.479186	0.160725	0.00195679	0.358132
441	-77.16095	-90.07638	12.91542	1	0	1	1	0.004070534	0.004070534	0.0005137157	0.01017039	0.04670761	0.04670761	0.006735952	0.006735952	0.502336	0.16849	0.0218886	0.307285
442	-75.25634	-90.29836	15.04201	0	1	1	1	0.004070534	0.003376555	0.0005137157	0.0005137157	0.04133721	0.04133721	0.006735952	0.006735952	0.433103	0.117413	0.0430489	0.406435
443	-80.75043	-91.89611	11.14568	1	1	1	1	0.005331031	0.005331031	0.0002327322	0.0002327322	0.02687812	0.02687812	0.01634221	0.01634221	0.433103	0.117413	0.0430489	0.406435
444	-72.08244	-92.92792	20.84548	1	0	1	0	0.003931502	0.003931502	0.0002824161	0.005625889	0.02687812	0.02687812	0.01176211	0.003894828	0.390817	0.383428	0.0216214	0.204133
445	-73.45836	-90.15691	16.69855	1	0	1	0	0.01060976	0.01060976	0.0003168987	0.001771963	0.04218061	0.04218061	0.01176211	0.009454246	0.534145	0.129804	0.0570557	0.278996
446	-64.2617	-88.08643	23.82473	0	0	1	0	0.005638563	0.002881814	0.0003168987	0.001530899	0.04255006	0.04255006	0.01176211	0.000190165	0.469031	0.124947	0.137464	0.268558
447	-66.36567	-90.54524	24.17957	0	0	1	0	0.007621071	0.006553922	0.0003168987	0.001977935	0.03419721	0.03419721	0.01176211	0.0004116283	0.439361	0.154592	0.0737712	0.332276
448	-74.98643	-89.29828	14.31185	0	1	1	1	0.007621071	0.00470849	0.001921653	0.001921653	0.03419721	0.03419721	0.01176211	0.01176211	0.309952	0.164801	0.171028	0.354219
449	-76.86439	-87.3454	10.48101	1	0	1	1	0.007621071	0.007621071	0.002506691	0.001883721	0.05148856	0.05148856	0.01862319	0.01862319	0.294839	0.156765	0.211449	0.336947
450	-70.14982	-89.61234	19.46252	0	0	1	0	0.007621071	0.007687757	0.004508743	0.0002344788	0.05313762	0.05313762	0.006462099	0.0101709	0.278466	0.171542	0.181285	0.368707
451	-77.02934	-89.80791	12.77857	1	1	1	0	0.00434335	0.00434335	0.004508743	0.004508743	0.04600599	0.04600599	0.01114334	0.002979583	0.278466	0.171542	0.181285	0.368707
452	-71.99679	-89.19364	17.19685	1	0	1	0	0.003408522	0.003408522	0.00355203	0.002256005	0.04600599	0.04600599	0.01114334	0.006879402	0.168144	0.201142	0.0866096	0.544104
453	-71.65544	-89.32629	17.67085	1	0	1	0	0.004217008	0.004217008	0.0003891037	0.006948232	0.03962179	0.03962179	0.01628823	0.003069617	0.529005	0.158446	0.0159909	0.296558
454	-76.50852	-89.73002	13.2215	1	0	1	1	0.00916028	0.00916028	0.0002103751	0.00208404	0.03962179	0.03962179	0.01537092	0.01537092	0.507903	0.192015	0.015353	0.284728
455	-74.98858	-90.6259	15.63733	1	0	1	1	0.004445002	0.004445002	0.000173134	0.0019228	0.03071688	0.03071688	0.01537092	0.01537092	0.336192	0.371746	0.103594	0.188468
456	-68.48588	-87.75722	19.27134	0	0	1	1	0.004648943	0.001063191	0.0005305486	0.001660533	0.03905991	0.03905991	0.01441595	0.01441595	0.378551	0.292589	0.116647	0.212214
457	-64.08125	-91.79254	27.71128	0	0	0	0	0.004648943	0.005341352	0.0008391832	0.003121531	0.03439976	0.002967917	0.01441595	0.006441668	0.301739	0.328753	0.131065	0.238444
458	-70.68915	-91.1977	20.50855	1	0	1	0	0.004648943	0.004648943	0.0002590763	0.003822487	0.03439976	0.03439976	0.007871508	0.003300376	0.317946	0.346412	0.138105	0.197537
459	-70.24562	-86.80688	16.56126	0	0	1	1	0.004648943	0.003993517	0.000144908	0.006803407	0.04977691	0.04977691	0.01151323	0.01151323	0.220947	0.147749	0.358512	0.272792
460	-64.23933	-90.06728	25.82794	0	0	0	1	0.01067242	0.0003180875	0.0002891645	0.001170326	0.02755795	0.001890807	0.01151323	0.01151323	0.217583	0.145499	0.36828	0.268638
461	-71.78548	-87.65886	15.87338	0	0	1	1	0.01683155	0.0008798796	0.0001427071	0.0009513107	0.05049696	0.05049696	0.01151323	0.01151323	0.190121	0.155129	0.368333	0.286417
462	-72.31113	-87.89691	15.58578	0	0	1	1	0.01683155	0.0008989145	0.001462994	0.00125705	0.05049696	0.05049696	0.01151323	0.01151323	0.193899	0.382803	0.131189	0.292109
463	-74.28261	-90.5997	16.31709	0	0	1	1	0.01683155	0.0008831368	0.003517843	0.003824803	0.0386708	0.0386708	0.01454943	0.01454943	0.126016	0.432226	0.111935	0.329823
464	-73.02314	-88.73982	15.71667	0	1	1	0	0.01100986	0.001287098	0.003517843	0.003517843	0.0386708	0.0386708	0.01454943	0.01267697	0.0959293	0.483315	0.106614	0.314142
465	-72.02274	-88.5868	16.56405	0	0	1	1	0.01100986	0.002245177	0.001247056	0.009142606	0.0386708	0.0386708	0.01454943	0.01454943	0.100643	0.507063	0.026069	0.366225
466	-75.18096	-88.99666	13.8157	0	1	1	1	0.009855788	0.002368899	0.002986816	0.002986816	0.0386708	0.0386708	0.00916626	0.00916626	0.358946	0.111325	0.216466	0.313264
467	-71.56178	-89.74774	18.18596	0	0	1	1	0.009855788	0.002847565	0.002986816	0.004060275	0.0386708	0.0386708	0.00916626	0.00916626	0.280143	0.469449	0.168943	0.081466
468	-76.13246	-91.25963	15.12717	0	1	1	1	0.009793339	0.002444921	0.003380545	0.003380545	0.03391417	0.03391417	0.006013904	0.006013904	0.152531	0.351031	0.480922	0.0155161
469	-73.83493	-94.67109	20.83616	0	1	0	1	0.007996124	0.006163168	0.001236339	0.001236339	0.02636799	0.004650639	0.006013904	0.006013904	0.0635027	0.146143	0.20022	0.590134
470	-69.63011	-90.78921	21.1591	0	1	1	0	0.00517033	0.002898432	0.002608651	0.002608651	0.02636799	0.02636799	0.01199836	0.001537181	0.160959	0.11241	0.507494	0.219137
471	-61.20825	-89.37358	28.16533	0	0	0	0	0.00517033	0.002898432	0.00133124	2.484148e-05	0.03138152	0.001676203	0.01199836	0.01509819	0.160959	0.11241	0.507494	0.219137
472	-64.58671	-89.26438	24.67767	0	0	0	1	0.01057077	0.001669736	0.002692745	1.909942e-05	0.03138152	0.001659432	0.01199836	0.01199836	0.262274	0.098836	0.446214	0.192676
473	-65.61244	-87.32866	21.71622	0	1	0	0	0.01057077	0.002754344	0.001256288	0.001256288	0.04462702	0.00509454	0.01231476	0.0003135971	0.203026	0.110369	0.479539	0.207066
474	-77.19005	-88.28501	11.09496	0	1	1	1	0.01492756	0.005336482	0.001396643	0.001396643	0.04462702	0.04462702	0.01232366	0.01232366	0.0606173	0.148023	0.643144	0.148216
475	-71.6328	-87.96533	16.33253	0	0	1	1	0.01428069	0.005336482	0.001396643	0.000224761	0.04462702	0.04462702	0.01232366	0.01232366	0.0473579	0.115645	0.721203	0.115795
476	-76.8933	-88.28467	11.39137	0	1	1	1	0.01428069	0.005336482	0.0003480641	0.0003480641	0.04462702	0.04462702	0.01232366	0.01232366	0.116786	0.107216	0.668642	0.107356
477	-68.10029	-88.67913	20.57883	0	0	1	0	0.007862848	0.0112729	0.0006514584	0.001783315	0.04462702	0.04462702	0.01232366	0.004916047	0.0940818	0.259816	0.538651	0.107451
478	-63.28624	-90.56562	27.27937	0	0	0	0	0.007862848	0.004173271	0.002223546	0.002834437	0.02742362	0.01288943	0.01232366	0.004916047	0.102226	0.195743	0.585279	0.116753
479	-75.55046	-87.5596	12.00914	1	1	1	0	0.007862848	0.007862848	0.002223546	0.002223546	0.04858324	0.04858324	0.01232366	0.002388897	0.110246	0.211099	0.631195	0.0474596
480	-62.76138	-85.136	22.37462	0	0	1	0	0.007862848	0.0009699084	0.001107287	0.002048816	0.04858324	0.04858324	0.01232366	0.0002694715	0.019431	0.196199	0.747365	0.0370055
481	-63.71658	-86.27419	22.55761	0	0	1	0	0.007862848	0.001521617	0.001533175	0.00130559	0.03915927	0.03915927	0.01839009	0.00234591	0.0205381	0.1504	0.789948	0.0391139
482	-64.44429	-87.24322	22.79892	0	0	0	1	0.007862848	0.001427798	0.0008783811	0.001917557	0.03915927	0.005084944	0.0144074	0.0144074	0.242281	0.337234	0.400647	0.0198379
483	-71.87585	-92.72422	20.84837	0	1	0	1	0.003944185	0.0001716516	0.004574854	0.004574854	0.02362092	0.005639345	0.0144074	0.0144074	0.249028	0.334231	0.397079	0.0196612
484	-71.71536	-92.27463	20.55927	0	1	1	0	0.004628852	0.0002888142	0.004574854	0.004574854	0.02362092	0.02362092	0.01155242	0.009346134	0.275989	0.228403	0.482172	0.0134359
485	-66.44624	-87.55607	21.10982	0	0	1	0	0.009717599	0.0002888142	0.005429483	0.002562253	0.04881909	0.04881909	0.01155242	0.002030304	0.259353	0.214636	0.505941	0.0200705
486	-76.04067	-89.98436	13.94369	0	0	1	1	0.01127662	0.0006550936	0.005429483	0.0141209	0.04881909	0.04881909	0.01155242	0.01155242	0.669664	0.193889	0.118317	0.0181304
487	-69.08759	-89.93921	20.85162	0	0	1	0	0.0103129	0.0009413565	0.002641228	0.006980174	0.03602305	0.03602305	0.02073191	0.004246301	0.759907	0.142496	0.0869555	0.0106413
488	-69.8996	-92.18142	22.28182	0	0	1	0	0.0103129	0.0009413565	0.006551171	0.0003078465	0.03031588	0.03031588	0.02073191	0.004535006	0.619359	0.301095	0.0708727	0.0086731
489	-75.7535	-92.60885	16.85535	0	0	1	1	0.004093148	0.0001820644	0.002225915	0.01985711	0.03031588	0.03031588	0.01852461	0.01852461	0.870574	0.0176156	0.0996191	0.012191
490	-67.83029	-89.91304	22.08275	0	0	1	0	0.0127766	0.0003642467	0.003509432	0.002342497	0.03999485	0.03999485	0.007211258	0.008635857	0.658626	0.0133269	0.310092	0.0179548
491	-67.7023	-90.18955	22.48726	0	0	1	0	0.0127766	0.0001329168	0.001249144	0.003119397	0.03999485	0.03999485	0.005461753	0.009786283	0.606495	0.048659	0.285548	0.0592983
492	-60.13296	-89.55252	29.41956	0	0	0	0	0.006101007	0.0001329168	0.001454059	0.004025967	0.03752354	0.004481986	0.0058009	0.002884474	0.331931	0.0266308	0.608985	0.0324536
493	-67.04006	-84.63317	17.59311	0	0	1	0	0.006101007	0.0001136318	0.0007044053	0.006760781	0.06345019	0.06345019	0.02037957	0.003006201	0.298974	0.0239867	0.54852	0.128519
494	-76.07795	-91.30396	15.22601	1	0	1	1	0.006101007	0.006101007	0.0002119716	0.002082797	0.02522428	0.02522428	0.02136143	0.02136143	0.296774	0.0238102	0.544484	0.134931
495	-76.84172	-90.92692	14.0852	1	1	0	1	0.006784194	0.006784194	0.0002119716	0.0002119716	0.03049863	0.01086285	0.01314935	0.01314935	0.288846	0.0231741	0.556654	0.131326
496	-71.39355	-90.6532	19.25965	0	1	0	1	0.006784194	0.003508955	0.0002119716	0.0002119716	0.02575738	0.01203411	0.01314935	0.01314935	0.229053	0.0251225	0.603456	0.142368
497	-66.87646	-89.91131	23.03485	0	1	0	0	0.008483433	0.0001388254	0.0001860962	0.0001860962	0.02466723	0.01279941	0.01314935	0.009964337	0.223446	0.0205555	0.493754	0.262245
498	-70.8284	-93.12762	22.29922	0	0	1	1	0.005354903	0.005833406	0.0007528454	0.0006410489	0.0236661	0.0236661	0.007811093	0.007811093	0.199112	0.018317	0.44523	0.337341
499	-62.19327	-90.23532	28.04205	0	0	0	0	0.003877215	0.0004998152	0.0007528454	0.0010271	0.04431627	0.01268302	0.005914871	0.001213184	0.489236	0.0116816	0.283944	0.215138
500	-80.74086	-90.66035	9.91949	1	1	1	1	0.003877215	0.003877215	0.0007528454	0.0007528454	0.04629973	0.04629973	0.004868216	0.004868216	0.236181	0.00726243	0.438027	0.31853
501	-69.71707	-87.31479	17.59772	0	1	1	0	0.006071382	0.004627507	0.0007528454	0.0007528454	0.04279281	0.04279281	0.01110547	0.005602257	0.0942322	0.0105151	0.43406	0.461193
502	-68.42687	-86.63757	18.2107	0	1	1	0	0.006071382	0.001275534	0.001212719	0.001212719	0.04105858	0.04105858	0.01311416	0.004713647	0.149966	0.0167343	0.0993353	0.733965
503	-68.6349	-86.8562	18.2213	0	0	1	1	0.006071382	0.001409164	0.0006052883	0.002738754	0.04105858	0.04105858	0.01550219	0.01550219	0.573674	0.00637641	0.0378506	0.382099
504	-70.93938	-85.43367	14.49429	0	1	1	0	0.007587781	0.001064396	0.0007152987	0.0007152987	0.05737068	0.05737068	0.01254141	0.009424532	0.652421	0.00725169	0.0430463	0.297281
505	-83.92366	-91.1278	7.204141	1	1	1	1	0.01205653	0.01205653	0.003975453	0.003975453	0.04555302	0.04555302	0.009744975	0.009744975	0.0778746	0.0303598	0.134333	0.757432
506	-71.68483	-87.11702	15.43219	0	0	1	1	0.01205653	0.0002322855	0.002288744	0.01071585	0.04555302	0.04555302	0.01249281	0.01249281	0.0855852	0.0333658	0.350507	0.530542
507	-69.7677	-86.94804	17.18034	0	1	0	0	0.008346126	0.0009001292	0.001596683	0.001596683	0.04555302	0.03176865	0.0100261	0.004686188	0.149239	0.0469946	0.0565149	0.747251
508	-74.27404	-86.52316	12.24912	0	1	1	1	0.0106281	0.001777167	0.001596683	0.001596683	0.04491527	0.04491527	0.01309228	0.01309228	0.280243	0.0882468	0.106124	0.525386
509	-71.10347	-87.83535	16.73188	0	1	1	0	0.01363984	0.001484843	0.001558024	0.001558024	0.04491527	0.04491527	0.01031333	0.00399363	0.280243	0.0882468	0.106124	0.525386
510	-72.22367	-86.85773	14.63406	0	1	1	0	0.01089698	0.0005656146	0.001784602	0.001784602	0.04567131	0.04567131	0.02065171	0.008334413	0.153758	0.499758	0.0582261	0.288258
511	-73.24289	-90.5196	17.2767	0	1	0	1	0.0109552	0.0005385593	0.001784602	0.001784602	0.02962916	0.01540304	0.01447796	0.01447796	0.153758	0.499758	0.0582261	0.288258
512	-73.40777	-86.75682	13.34905	0	1	1	1	0.008148326	0.0004802313	0.001784602	0.001784602	0.0408267	0.0408267	0.01447796	0.01447796	0.134738	0.393277	0.0458201	0.426164
513	-64.66063	-87.08848	22.42784	0	1	0	0	0.006596997	0.000635857	0.001258574	0.001258574	0.0408267	0.005330285	0.01447796	0.003734421	0.106655	0.439727	0.277506	0.176113
514	-70.36148	-88.15253	17.79105	0	1	0	0	0.006342195	0.000635047	0.001723044	0.001723044	0.04878744	0.01068863	0.00685316	0.02435405	0.494249	0.102953	0.246416	0.156382
515	-74.63862	-87.37604	12.73742	0	1	1	1	0.01096076	0.0008920155	0.001723044	0.001723044	0.04878744	0.04878744	0.00685316	0.00685316	0.12465	0.182062	0.416741	0.276546
516	-74.28475	-89.26885	14.9841	0	1	1	1	0.01096076	0.0008920155	0.001731276	0.001731276	0.02740837	0.02740837	0.01537279	0.01537279	0.12465	0.182062	0.416741	0.276546
517	-68.21651	-94.60766	26.39115	0	1	0	0	0.008774853	0.001090594	0.002666972	0.002666972	0.01538889	0.001848506	0.01336263	0.007057956	0.0573382	0.413216	0.251611	0.277835
518	-63.15421	-94.89788	31.74367	0	0	0	0	0.005153789	0.0002856335	0.0007558632	0.006653375	0.01538889	0.001905525	0.01045518	0.008512519	0.0732567	0.25031	0.321465	0.354968
519	-69.22984	-88.61268	19.38284	0	1	1	0	0.006769172	0.0002856335	0.0007558632	0.0007558632	0.02990025	0.02990025	0.0194588	0.00357156	0.12879	0.440063	0.222666	0.208481
520	-70.29528	-90.39145	20.09616	0	1	1	0	0.003437973	0.0002856335	0.001453466	0.001453466	0.02990025	0.02990025	0.02136871	0.0002149928	0.0658778	0.488707	0.247279	0.198136
521	-73.26182	-86.31446	13.05264	0	1	1	1	0.003866974	0.0002212126	0.001208708	0.001208708	0.05153558	0.05153558	0.01058084	0.01058084	0.108267	0.159712	0.406393	0.325628
522	-70.31179	-89.1078	18.79601	0	1	1	0	0.003866974	0.0007283375	0.001835905	0.001835905	0.03116684	0.03116684	0.01787486	0.008625099	0.0905535	0.133582	0.339902	0.435963
523	-59.55112	-89.54757	29.99644	0	0	0	0	0.003866974	0.001572583	0.00135977	0.0005108152	0.03116684	0.002578141	0.01639965	0.001650256	0.0983195	0.0947571	0.49767	0.309254
524	-74.92997	-89.51981	14.58984	0	1	1	0	0.004346016	0.002018754	0.00135977	0.00135977	0.03011612	0.03011612	0.01639965	0.03391726	0.468661	0.100052	0.283667	0.14762
525	-74.70521	-88.04083	13.33562	0	1	1	1	0.006168334	0.00135525	0.001019168	0.001019168	0.05125341	0.05125341	0.005998486	0.005998486	0.0848917	0.466533	0.149687	0.298888
526	-68.67693	-90.8101	22.13316	0	0	0	1	0.006227321	0.002491878	0.002200626	0.005484658	0.05125341	0.000889999	0.005998486	0.005998486	0.0762096	0.710231	0.134378	0.079182
527	-72.34273	-90.75233	18.4096	0	1	1	0	0.004818024	0.001456483	0.002200626	0.002200626	0.03866208	0.03866208	0.005998486	0.01317259	0.121397	0.675489	0.127805	0.0753088
528	-77.93277	-93.97337	16.0406	1	1	1	0	0.00447008	0.00447008	0.001137291	0.001137291	0.02846014	0.02846014	0.005998486	0.01025596	0.125688	0.699365	0.0935152	0.0814312
529	-77.69665	-91.53606	13.83941	0	1	1	1	0.004416713	0.006163588	0.001416653	0.001416653	0.04491752	0.04491752	0.005998486	0.005998486	0.125688	0.699365	0.0935152	0.0814312
530	-79.50492	-91.69419	12.18927	0	1	1	1	0.00849029	0.01023887	0.002706701	0.002706701	0.04491752	0.04491752	0.005998486	0.005998486	0.149274	0.528642	0.172166	0.149919
531	-71.21539	-89.66572	18.45033	0	0	1	1	0.00849029	0.002809552	0.00370152	0.0001579069	0.04491752	0.04491752	0.005998486	0.005998486	0.385972	0.163566	0.0628229	0.387639
532	-62.54356	-85.95495	23.41139	0	0	0	0	0.009334429	0.001996842	0.002400306	0.0001661294	0.05854969	0.00338655	0.01982556	0.001112473	0.210368	0.118238	0.391179	0.280215
533	-69.81032	-91.77115	21.96083	0	1	0	1	0.006714479	0.0009258586	0.002400306	0.002400306	0.02555605	0.002957424	0.007440873	0.007440873	0.325847	0.100946	0.333971	0.239235
534	-67.6642	-94.14027	26.47607	1	0	0	0	0.007698436	0.007698436	0.001521369	0.002300368	0.02555605	0.002671132	0.008288036	0.001669273	0.325847	0.100946	0.333971	0.239235
535	-73.35773	-87.56527	14.20754	0	1	1	1	0.006631723	0.002974352	0.001521369	0.001521369	0.03918848	0.03918848	0.0104913	0.0104913	0.249457	0.0492025	0.388747	0.312593
536	-70.03591	-89.65903	19.62312	1	0	1	0	0.004428864	0.004428864	0.0002816305	0.003417696	0.03159769	0.03159769	0.01451834	0.00512266	0.197671	0.101468	0.36363	0.33723
537	-74.86836	-90.10503	15.23667	0	1	1	1	0.009304865	0.00372416	0.0002816305	0.0002816305	0.03217079	0.03217079	0.009439083	0.009439083	0.38237	0.196276	0.372297	0.0490568
538	-70.37254	-89.04485	18.67231	0	1	0	1	0.009304865	0.001129325	0.0001573886	0.0001573886	0.03217079	0.005985278	0.01605792	0.01605792	0.416817	0.213959	0.315748	0.0534763
539	-71.94974	-91.79295	19.84321	0	1	0	1	0.009525237	0.001442843	0.0002404888	0.0002404888	0.02080852	0.01003295	0.01605792	0.01605792	0.463748	0.0750356	0.351299	0.109918
540	-76.76685	-92.41346	15.64661	0	1	1	1	0.009525237	0.005648974	8.223481e-05	8.223481e-05	0.02647553	0.02647553	0.01084365	0.01084365	0.463748	0.0750356	0.351299	0.109918
541	-74.49788	-87.56828	13.0704	0	1	1	1	0.008212231	0.002641012	8.306405e-05	8.306405e-05	0.04553176	0.04553176	0.01084365	0.01084365	0.355565	0.0625146	0.497644	0.0842762
542	-74.0539	-89.16518	15.11128	0	1	1	1	0.004184	0.0018662	8.306405e-05	8.306405e-05	0.039187	0.039187	0.01031749	0.01031749	0.253941	0.0509073	0.376831	0.318321
543	-60.77905	-87.39454	26.6155	0	0	0	0	0.004184	0.0008217346	0.001227849	0.0007314969	0.039187	0.01759452	0.0140536	0.0006440755	0.234336	0.0424525	0.634735	0.0884763
544	-66.11963	-88.84781	22.72818	0	0	1	0	0.006513803	0.001103612	0.002090163	0.00102238	0.03083996	0.03083996	0.0179839	0.01158903	0.378707	0.259834	0.233798	0.127662
545	-70.25678	-86.05935	15.80257	0	1	1	0	0.006513803	0.001535523	0.002090163	0.002090163	0.05739787	0.05739787	0.008604124	0.005079198	0.194925	0.0267663	0.302406	0.475903
546	-76.4805	-93.47456	16.99406	1	0	1	1	0.006513803	0.006513803	0.003402426	0.001728672	0.02539285	0.02539285	0.007830345	0.007830345	0.290183	0.0300719	0.339753	0.339991
547	-65.7122	-85.61861	19.90641	0	0	1	0	0.004878978	0.002374162	0.0007500692	0.001871182	0.05514857	0.05514857	0.01460475	0.007655845	0.290183	0.0300719	0.339753	0.339991
548	-71.96991	-89.82739	17.85748	0	1	0	1	0.004878978	0.002374162	0.003083028	0.003083028	0.0395091	0.003338302	0.01628289	0.01628289	0.524558	0.0265473	0.148753	0.300141
549	-65.07606	-90.8428	25.76674	0	0	0	0	0.005234903	0.0004925661	0.003083028	0.01325222	0.04157978	0.001813043	0.006141606	0.01170209	0.105732	0.0242439	0.799177	0.0708472
550	-68.56298	-90.46111	21.89813	0	0	1	0	0.006935722	0.003401182	0.003083028	0.01063033	0.03023201	0.03023201	0.01107539	0.0105331	0.105732	0.0242439	0.799177	0.0708472
551	-76.06741	-91.3488	15.2814	0	1	1	1	0.008220346	0.004829228	0.003287473	0.003287473	0.03023201	0.03023201	0.008095599	0.008095599	0.242921	0.061727	0.514969	0.180383
552	-74.73968	-93.98013	19.24045	1	0	1	0	0.005727621	0.005727621	0.00367979	0.0117138	0.02243121	0.02243121	0.01474885	0.003254527	0.0724785	0.0756237	0.630905	0.220993
553	-71.34139	-91.30069	19.95931	0	1	1	0	0.005727621	0.0022712	0.005330328	0.005330328	0.03035685	0.03035685	0.01117894	0.002578901	0.096602	0.100794	0.508056	0.294548
554	-74.70061	-90.54983	15.84922	1	0	1	1	0.005472238	0.005472238	0.003531728	0.0004853419	0.032831	0.032831	0.009096397	0.009096397	0.095626	0.109198	0.692475	0.102701
555	-69.36422	-89.50426	20.14004	0	1	1	0	0.005472238	0.00158403	0.003531728	0.003531728	0.032831	0.032831	0.01174619	0.001244865	0.273458	0.0298056	0.403044	0.293692
556	-68.02299	-90.67046	22.64747	0	0	1	0	0.005472238	0.003153906	0.00306316	0.008005709	0.032831	0.032831	0.009005529	0.01007299	0.273458	0.0298056	0.403044	0.293692
557	-73.29841	-88.71769	15.41928	0	1	1	1	0.005472238	0.0002269661	0.00306316	0.00306316	0.032831	0.032831	0.01228262	0.01228262	0.394908	0.0248232	0.335671	0.244598
558	-74.58359	-84.46471	9.881118	0	1	1	1	0.008475444	0.0003831384	0.001637256	0.001637256	0.06335288	0.06335288	0.01170592	0.01170592	0.394908	0.0248232	0.335671	0.244598
559	-72.94545	-88.47972	15.53427	0	1	1	1	0.008475444	0.0001866021	0.0007066041	0.0007066041	0.03652585	0.03652585	0.007323745	0.007323745	0.325477	0.151391	0.302619	0.220513
560	-75.06377	-89.88997	14.8262	0	0	1	1	0.008475444	0.001657419	0.0007066041	0.0237241	0.04446663	0.04446663	0.007775379	0.007775379	0.431579	0.200743	0.0752796	0.292399
561	-72.60891	-88.69431	16.08539	1	0	1	0	0.008475444	0.008475444	9.137526e-05	0.005943389	0.05092966	0.05092966	0.007775379	0.006387654	0.462419	0.049115	0.175173	0.313293
562	-72.24033	-90.13578	17.89544	1	0	1	0	0.00727456	0.00727456	2.266112e-05	0.001440221	0.0324326	0.0324326	0.01435126	0.01372798	0.371487	0.0394569	0.140727	0.448329
563	-70.25284	-91.66476	21.41192	1	0	1	0	0.003807359	0.003807359	4.690416e-05	0.00290739	0.02669379	0.02669379	0.01435126	0.001328082	0.425144	0.01047	0.30496	0.259426
564	-61.40615	-88.50673	27.10058	0	0	0	0	0.003807359	0.0007264814	0.00036393	0.003727802	0.04661946	0.001287737	0.01435126	0.004785551	0.425144	0.01047	0.30496	0.259426
565	-79.18822	-87.07084	7.882624	1	1	1	1	0.004529365	0.004529365	0.001948934	0.001948934	0.04661946	0.04661946	0.01435126	0.01435126	0.14394	0.00354481	0.764681	0.0878336
566	-73.77479	-90.5643	16.7895	0	0	1	1	0.01202393	0.003706231	0.001284846	0.01309035	0.03111871	0.03111871	0.01435126	0.01435126	0.374619	0.00922571	0.387561	0.228595
567	-67.74989	-90.68241	22.93252	0	0	1	0	0.01299097	0.0006141276	0.0003031808	0.006003627	0.0254422	0.0254422	0.02383198	0.0007879166	0.0770567	0.0136154	0.571965	0.337363
568	-82.44452	-93.69873	11.2542	1	1	1	1	0.004174634	0.004174634	0.0003031808	0.0003031808	0.01985357	0.01985357	0.02383198	0.02383198	0.21753	0.0115431	0.484911	0.286016
569	-66.84393	-86.9674	20.12346	0	0	1	1	0.005899228	7.011696e-05	0.0006469171	0.002496075	0.03745573	0.03745573	0.009936801	0.009936801	0.200884	0.0117887	0.495227	0.2921
570	-73.27145	-89.4289	16.15745	0	1	0	1	0.01213592	0.00340047	0.001563687	0.001563687	0.03745573	0.01469815	0.009936801	0.009936801	0.145777	0.00855479	0.359376	0.486292
571	-81.70681	-95.99791	14.2911	1	1	0	1	0.01213592	0.01213592	0.002779147	0.002779147	0.02500723	0.01047016	0.009936801	0.009936801	0.218858	0.0128435	0.539539	0.228759
572	-79.82647	-93.27537	13.44889	1	1	0	1	0.009620166	0.009620166	0.002046655	0.002046655	0.02500723	0.01667676	0.01179591	0.01179591	0.220507	0.00540713	0.543603	0.230483
573	-72.55819	-92.02957	19.47138	0	1	1	0	0.006296397	0.009223231	0.001430382	0.001430382	0.02500723	0.02500723	0.01770547	0.0005721306	0.0251887	0.0272535	0.665424	0.282134
574	-67.18003	-87.79464	20.61462	0	0	0	0	0.01371749	0.004436977	0.0001479709	0.001911642	0.05492337	0.008131354	0.01770547	0.01179545	0.0251887	0.0272535	0.665424	0.282134
575	-69.99652	-89.6856	19.68909	0	0	0	1	0.01371749	0.00446744	0.0001479709	0.0001954328	0.04473004	0.008617833	0.01665046	0.01665046	0.0319438	0.0345624	0.230829	0.702665
576	-73.47166	-87.14048	13.66882	0	1	1	1	0.005582539	0.002165627	0.0001514455	0.0001514455	0.04473004	0.04473004	0.01125908	0.01125908	0.0755315	0.0817231	0.41273	0.430015
577	-68.24471	-86.80285	18.55813	0	0	1	0	0.005018078	0.00165704	0.0006122159	0.01217262	0.04473004	0.04473004	0.01125908	0.01954673	0.0578121	0.0625512	0.666178	0.213458
578	-74.38062	-87.4439	13.06328	1	1	1	0	0.005161392	0.005161392	0.0007872322	0.0007872322	0.04651167	0.04651167	0.01125908	0.003633062	0.254763	0.0494757	0.526923	0.168838
579	-71.15705	-88.01483	16.85778	1	0	1	0	0.008531011	0.008531011	0.0004987147	0.0023509	0.04320207	0.04320207	0.01694679	0.003655277	0.321159	0.06237	0.403631	0.21284
580	-69.15524	-85.75459	16.59935	0	0	1	1	0.003839729	0.000103976	0.001112242	0.003989083	0.05067119	0.05067119	0.01694679	0.01694679	0.11542	0.0796469	0.277999	0.526934
581	-61.2747	-91.70647	30.43177	0	0	0	0	0.003839729	0.0007708967	0.001112242	0.001024137	0.02615317	0.0006252488	0.01288652	0.01020298	0.21735	0.149985	0.149276	0.483389
582	-62.30223	-87.16245	24.86022	0	1	0	0	0.008555704	0.0003023654	0.001112242	0.001112242	0.03463915	0.0006333012	0.01288652	0.0008181649	0.180385	0.124476	0.574127	0.121011
583	-77.57935	-91.51042	13.93107	1	0	1	1	0.01205578	0.01205578	0.0006501585	0.004108144	0.03463915	0.03463915	0.01093541	0.01093541	0.180385	0.124476	0.574127	0.121011
584	-73.61024	-85.4508	11.84056	0	1	1	1	0.009698612	0.0008322646	0.0006501585	0.0006501585	0.05223007	0.05223007	0.01093541	0.01093541	0.253211	0.17473	0.424528	0.14753
585	-73.86087	-86.14448	12.28361	0	1	1	1	0.009698612	0.0008109211	0.0006501585	0.0006501585	0.05223007	0.05223007	0.008422476	0.008422476	0.172508	0.228685	0.405721	0.193086
586	-65.8978	-85.45315	19.55536	0	1	0	0	0.009698612	0.0006003821	0.0008758343	0.0008758343	0.05223007	0.002663458	0.01570872	0.00751455	0.172508	0.228685	0.405721	0.193086
587	-73.10155	-85.7402	12.63865	0	1	1	1	0.006381307	0.0006003821	0.002080984	0.002080984	0.04500997	0.04500997	0.01570872	0.01570872	0.140605	0.120752	0.500467	0.238176
588	-74.19605	-86.83803	12.64198	0	1	0	1	0.006381307	0.0005751853	0.002008319	0.002008319	0.04500997	0.02416749	0.02115718	0.02115718	0.1602	0.328454	0.239977	0.271369
589	-74.90909	-91.38701	16.47791	0	1	0	1	0.002582612	0.0003130086	0.002866594	0.002866594	0.03775755	0.02594883	0.007889074	0.007889074	0.1602	0.328454	0.239977	0.271369
590	-70.22847	-93.97337	23.7449	1	0	0	0	0.002582612	0.002582612	0.004340585	0.0005310272	0.0295236	0.01094335	0.0097914	0.007614546	0.1602	0.328454	0.239977	0.271369
591	-76.66931	-93.39938	16.73007	1	0	1	1	0.002582612	0.002582612	0.004340585	0.00105261	0.0295236	0.0295236	0.008878768	0.008878768	0.264886	0.0653305	0.296171	0.373612
592	-77.42869	-98.06947	20.64078	0	1	1	0	0.002582612	0.006732879	0.00724237	0.00724237	0.02653813	0.02653813	0.008409976	0.002039823	0.22017	0.0543019	0.246174	0.479354
593	-82.00981	-94.97015	12.96034	1	1	1	1	0.001551996	0.001551996	0.001904025	0.001904025	0.02653813	0.02653813	0.008409976	0.008409976	0.222761	0.0431735	0.249071	0.484995
594	-81.27972	-93.87662	12.5969	1	1	1	1	0.001761454	0.001761454	0.001904025	0.001904025	0.02638861	0.02638861	0.01042896	0.01042896	0.0663583	0.074508	0.0221377	0.836996
595	-77.14412	-93.80412	16.66	0	1	1	1	0.003069584	0.002628413	0.004263427	0.004263427	0.02638861	0.02638861	0.01042896	0.01042896	0.109216	0.122629	0.0364353	0.73172
596	-74.62794	-91.79038	17.16244	0	1	1	0	0.008798974	0.002049623	0.004700792	0.004700792	0.02741895	0.02741895	0.01420677	0.01626702	0.110084	0.115656	0.0367249	0.737536
597	-74.48677	-88.41071	13.92394	0	1	1	1	0.008798974	0.003359421	0.001541733	0.001541733	0.0345225	0.0345225	0.01420677	0.01420677	0.126762	0.113488	0.0360366	0.723713
598	-66.55535	-91.04336	24.488	0	0	1	0	0.004692089	0.004849172	0.002497495	0.00121245	0.03028821	0.03028821	0.01420677	0.003330341	0.126762	0.113488	0.0360366	0.723713
599	-70.75487	-90.22925	19.47438	0	1	0	1	0.007261361	0.0007475598	0.002497495	0.002497495	0.03032337	0.005181086	0.01420677	0.01420677	0.342884	0.306978	0.0974768	0.252662
600	-62.3026	-89.53728	27.23468	0	0	0	0	0.00541385	0.0006346567	0.001180068	0.00219946	0.03032337	0.006669307	0.01232388	0.0161579	0.0765659	0.423948	0.216405	0.283081
601	-71.87681	-88.73881	16.862	0	1	1	0	0.00803581	0.0009443538	0.004483133	0.004483133	0.03732011	0.03732011	0.01028835	0.01408889	0.0157149	0.291271	0.646809	0.0462055
602	-74.34398	-88.56601	14.22203	1	0	1	1	0.005842618	0.005842618	0.001968864	0.001476109	0.04272377	0.04272377	0.008712981	0.008712981	0.0157149	0.291271	0.646809	0.0462055
603	-70.76013	-87.08991	16.32978	0	1	0	1	0.005842618	0.00366468	0.0009718123	0.0009718123	0.05603816	0.002974735	0.008712981	0.008712981	0.0203123	0.0839294	0.836035	0.0597231
604	-71.50995	-90.31251	18.80256	0	0	1	1	0.005842618	0.001575981	0.0009718123	0.01280417	0.03415295	0.03415295	0.008712981	0.008712981	0.553602	0.200071	0.175956	0.0703713
605	-65.4236	-88.27126	22.84766	0	0	1	0	0.005849433	0.00221791	0.0009718123	0.005099203	0.03679416	0.03679416	0.01025464	0.009272266	0.4173	0.150811	0.422901	0.00898795
606	-67.71014	-91.65787	23.94773	1	0	0	0	0.005849433	0.005849433	0.001934213	0.003775775	0.03679416	0.003394639	0.009951779	0.002466959	0.217108	0.573024	0.175718	0.0341507
607	-74.64638	-87.81065	13.16427	0	1	1	1	0.007545708	0.001649055	0.001692314	0.001692314	0.03679416	0.03679416	0.01909356	0.01909356	0.315713	0.3791	0.255525	0.0496613
608	-67.36594	-90.2644	22.89846	0	0	1	0	0.007326468	0.003172089	0.002637421	0.001961647	0.02850471	0.02850471	0.01673497	0.009831543	0.323302	0.388212	0.261666	0.0268201
609	-68.33646	-93.4043	25.06784	0	1	0	0	0.007326468	0.007365768	0.001218461	0.001218461	0.02850471	0.0002683365	0.008083273	0.004992808	0.272806	0.41718	0.281192	0.0288214
610	-78.26249	-91.22626	12.96377	1	1	1	0	0.007326468	0.007326468	0.004879172	0.004879172	0.04029135	0.04029135	0.008083273	0.007341364	0.194241	0.297037	0.488201	0.0205211
611	-75.41473	-90.02798	14.61325	1	0	1	0	0.007326468	0.007326468	0.005199604	0.00345668	0.04137143	0.04137143	0.01885101	0.01181847	0.20805	0.291946	0.479835	0.0201694
612	-77.33845	-88.96691	11.62846	0	1	1	1	0.007160824	0.002976865	0.005199604	0.005199604	0.04137143	0.04137143	0.01885101	0.01885101	0.199875	0.280475	0.500273	0.0193769
613	-72.75678	-91.39648	18.6397	1	0	1	0	0.006307539	0.006307539	0.001263591	0.001415217	0.03255628	0.03255628	0.02018611	0.003263343	0.213689	0.631044	0.021311	0.133956
614	-73.1619	-91.1269	17.96499	1	0	1	0	0.006307539	0.006307539	0.0006747582	0.001327316	0.03255628	0.03255628	0.02018611	0.007799451	0.207964	0.612355	0.0207401	0.158941
615	-68.14384	-87.45994	19.3161	0	0	1	1	0.006307539	0.0004445117	0.002372184	0.001928062	0.03875594	0.03875594	0.0113148	0.0113148	0.141219	0.415822	0.33503	0.107929
616	-70.99836	-95.28457	24.28621	1	0	0	0	0.001286495	0.001286495	0.002372184	0.007822602	0.03783754	0.001131968	0.0113148	0.000465203	0.349449	0.284339	0.29241	0.0738023
617	-76.84961	-87.61223	10.76262	1	0	1	1	0.002732117	0.002732117	0.0004820366	0.007822602	0.05816082	0.05816082	0.0113148	0.0113148	0.125441	0.0864764	0.765637	0.0224456
618	-67.90662	-91.63852	23.7319	0	0	1	0	0.006380051	0.00687565	0.0004820366	0.003305692	0.0324146	0.0324146	0.0113148	0.004628704	0.613092	0.274417	0.0765158	0.0359758
619	-72.27684	-88.36889	16.09205	0	0	1	1	0.01168222	0.001324075	0.002301394	0.005195556	0.04774678	0.04774678	0.0113148	0.0113148	0.613092	0.274417	0.0765158	0.0359758
620	-71.65995	-91.25584	19.59589	0	0	1	0	0.01168222	0.001324075	0.006052521	0.01341357	0.04774678	0.04774678	0.007602345	0.001238246	0.0900627	0.743837	0.0739515	0.0921493
621	-74.61244	-90.32319	15.71075	0	1	1	0	0.004172862	0.002591154	0.0005231633	0.0005231633	0.03548656	0.03548656	0.009666223	0.02930592	0.0900627	0.743837	0.0739515	0.0921493
622	-74.42683	-89.32845	14.90161	1	0	1	1	0.006318872	0.006318872	0.0006655117	0.003441329	0.03548656	0.03548656	0.0109248	0.0109248	0.201543	0.289853	0.302392	0.206213
623	-68.09555	-91.23603	23.14048	1	0	0	0	0.004835607	0.004835607	0.001773388	0.003115597	0.02824779	0.007246412	0.0109248	0.01264086	0.113209	0.160443	0.688872	0.0374768
624	-75.70879	-86.56381	10.85503	0	1	1	0	0.004316827	0.001400887	0.001773388	0.001773388	0.07317479	0.07317479	0.01067853	0.01817655	0.228642	0.575861	0.0609857	0.134512
625	-74.73721	-87.02026	12.28305	0	0	1	1	0.005337331	0.0051691	0.001773388	0.005219439	0.07317479	0.07317479	0.01067853	0.01067853	0.0496639	0.709477	0.0751362	0.165722
626	-74.29579	-86.73118	12.4354	1	0	1	0	0.00798767	0.00798767	0.001773388	0.0005101847	0.0716974	0.0716974	0.01259957	0.005912924	0.0783849	0.688036	0.0728655	0.160714
627	-74.79538	-93.17162	18.37624	0	0	1	1	0.0209164	0.0008872887	0.001773388	5.828019e-05	0.0302642	0.0302642	0.01259957	0.01259957	0.238247	0.0965978	0.207496	0.457659
628	-69.31254	-92.8786	23.56605	0	0	1	0	0.0209164	0.0006405625	0.001773388	5.308713e-05	0.0302642	0.0302642	0.01259957	0.0001029576	0.225567	0.164936	0.35429	0.255207
629	-75.69346	-95.90325	20.2098	0	0	0	1	0.0209164	0.003979822	0.003672481	0.004685442	0.0302642	0.003455167	0.01857467	0.01857467	0.225567	0.164936	0.35429	0.255207
630	-72.05218	-90.81301	18.76082	0	1	1	0	0.008948296	0.007433753	0.001279064	0.001279064	0.0302642	0.0302642	0.01131104	0.005062904	0.1884	0.137759	0.295913	0.377928
631	-68.37582	-87.24563	18.86981	0	1	1	0	0.008948296	0.00180539	0.000415354	0.000415354	0.03925356	0.03925356	0.01291876	0.0003344825	0.1884	0.137759	0.295913	0.377928
632	-69.25463	-89.25574	20.00111	0	0	1	0	0.008948296	0.003437734	0.0007449689	0.01613209	0.03925356	0.03925356	0.01291876	0.005306455	0.093668	0.567949	0.0121907	0.326192
633	-75.16816	-90.18211	15.01396	0	1	1	1	0.008948296	0.00117445	0.002672485	0.002672485	0.03048045	0.03048045	0.01291876	0.01291876	0.0910452	0.552046	0.0118494	0.34506
634	-68.66785	-89.03426	20.36641	0	0	1	1	0.005775134	0.00117445	0.0005917752	0.004174609	0.03048045	0.03048045	0.01291876	0.01291876	0.132595	0.347613	0.0172571	0.502534
635	-74.07822	-85.2881	11.20988	0	1	1	1	0.005775134	0.00117445	0.0006578296	0.0006578296	0.05742786	0.05742786	0.01291876	0.01291876	0.124709	0.386417	0.0162306	0.472644
636	-71.22063	-86.70043	15.4798	0	0	1	0	0.009371288	0.006873628	0.001741371	0.007571486	0.07001119	0.07001119	0.01050993	0.006525214	0.122311	0.378988	0.0351432	0.463557
637	-76.94817	-84.7109	7.762724	0	1	1	1	0.009371288	0.003096792	0.001741371	0.001741371	0.07001119	0.07001119	0.01345136	0.01345136	0.229579	0.218297	0.241609	0.310515
638	-73.19051	-86.02732	12.83681	0	1	1	1	0.009371288	0.0007276337	0.00088895	0.00088895	0.04420863	0.04420863	0.01345136	0.01345136	0.269135	0.207089	0.229204	0.294572
639	-66.20842	-93.12834	26.91993	0	0	0	1	0.009371288	0.0007276337	0.002034503	9.85908e-05	0.01854795	0.006351201	0.0100346	0.0100346	0.262952	0.202331	0.223938	0.310779
640	-68.0437	-86.49477	18.45108	0	0	1	1	0.006479215	0.00170592	0.0009517094	0.0001267112	0.03793743	0.03793743	0.01887005	0.01887005	0.0358831	0.0276106	0.779394	0.157112
641	-73.10899	-87.5068	14.39781	0	1	1	1	0.005084188	0.0007295788	0.001263455	0.001263455	0.03377159	0.03377159	0.01887005	0.01887005	0.210144	0.0226201	0.638521	0.128715
642	-65.76958	-89.72483	23.95525	0	0	0	1	0.005084188	0.00142727	0.00428287	0.0005071286	0.03109081	0.002861595	0.01887005	0.01887005	0.225696	0.0242942	0.587638	0.162371
643	-67.68824	-85.63542	17.94719	0	0	1	1	0.008329422	0.00106388	0.001402375	0.0009295887	0.04490937	0.04490937	0.01231869	0.01231869	0.203432	0.0218976	0.529669	0.245001
644	-67.53218	-88.9384	21.40622	0	0	1	1	0.007065073	0.0008740232	0.0003013097	0.0007846612	0.02782365	0.02782365	0.01231869	0.01231869	0.228714	0.0103715	0.43673	0.324185
645	-63.9924	-86.22724	22.23483	0	0	1	0	0.009111796	0.0008740232	0.0003013097	0.003431926	0.04164707	0.04164707	0.01548785	0.003110853	0.445199	0.0080744	0.340002	0.206724
646	-69.75127	-86.69194	16.94067	0	0	1	1	0.009111796	0.00190652	0.001096854	0.007593757	0.03951387	0.03951387	0.01548785	0.01548785	0.222343	0.00403255	0.670381	0.103243
647	-63.24548	-88.10686	24.86138	0	0	0	0	0.009111796	0.0006007732	0.003419001	0.005882582	0.03951387	0.01062991	0.01658121	0.002738809	0.393256	0.0123682	0.411771	0.182605
648	-65.04386	-87.33009	22.28623	0	0	1	0	0.009111796	0.002004418	0.0007404175	0.005203943	0.03963355	0.03963355	0.01658121	0.0003954929	0.535751	0.0168498	0.198629	0.248771
649	-75.85432	-86.26834	10.41402	0	1	1	1	0.009111796	0.00145106	0.003608408	0.003608408	0.05175394	0.05175394	0.01658121	0.01658121	0.338928	0.0154691	0.182353	0.46325
650	-76.02588	-88.1334	12.10752	1	0	1	1	0.003079666	0.003079666	0.003608408	0.0003777973	0.052827	0.052827	0.01292659	0.01292659	0.338928	0.0154691	0.182353	0.46325
651	-76.67543	-89.59591	12.92048	1	0	1	1	0.003079666	0.003079666	0.003608408	0.0002927547	0.04886751	0.04886751	0.01232095	0.01232095	0.762569	0.0229446	0.139748	0.0747382
652	-72.46271	-93.15573	20.69302	0	1	1	0	0.008427728	0.001795038	0.003608408	0.003608408	0.0231474	0.0231474	0.009100131	0.007168259	0.758211	0.0233657	0.142313	0.0761098
653	-69.11009	-87.62743	18.51734	0	0	1	1	0.009829478	0.001795038	0.0002551256	0.004600563	0.04032295	0.04032295	0.008888862	0.008888862	0.39288	0.0699987	0.426339	0.110782
654	-62.09137	-85.71667	23.6253	0	0	0	0	0.009829478	0.001795038	0.001292962	0.00118082	0.06007892	0.008714111	0.0110508	0.001606294	0.417056	0.074306	0.452574	0.0560644
655	-61.5711	-87.37625	25.80515	0	0	0	0	0.009829478	0.001435962	0.00176444	0.005563561	0.04478327	0.00731993	0.01062644	0.001756428	0.153955	0.0945907	0.576121	0.175333
656	-63.00866	-88.66692	25.65827	0	0	0	0	0.009829478	0.001787155	0.003674385	0.006828093	0.04478327	0.005438035	0.01062644	0.0009528311	0.142079	0.0872935	0.531677	0.238951
657	-66.23958	-88.00851	21.76894	0	1	0	0	0.009829478	0.001835065	0.003674385	0.003674385	0.04478327	0.005157022	0.01062644	0.0007241318	0.173525	0.106614	0.649354	0.0705061
658	-73.80427	-86.68155	12.87728	0	1	1	1	0.009829478	0.002157537	0.001019652	0.001019652	0.04478327	0.04478327	0.01062644	0.01062644	0.327852	0.140641	0.398295	0.133212
659	-69.59805	-86.55024	16.95219	0	1	0	1	0.009829478	0.001119151	0.0005362647	0.0005362647	0.04478327	0.001032698	0.01734391	0.01734391	0.327091	0.140315	0.399692	0.132902
660	-76.87103	-88.51149	11.64046	0	1	1	1	0.01684189	0.001609863	0.0005362647	0.0005362647	0.04364438	0.04364438	0.0128587	0.0128587	0.315235	0.171476	0.385204	0.128085
661	-64.35883	-86.87753	22.51871	0	0	0	0	0.0127318	0.0008730028	0.003441389	0.0001866643	0.05533651	0.01305773	0.01617706	7.401774e-05	0.438665	0.238617	0.243325	0.0793938
662	-69.06775	-89.16048	20.09273	0	1	1	0	0.0127318	0.0008277347	0.001018869	0.001018869	0.02792224	0.02792224	0.01400791	0.000172095	0.246494	0.0509336	0.685626	0.0169469
663	-69.43254	-87.09453	17.662	0	1	1	0	0.006370126	0.005082816	0.001018869	0.001018869	0.04587416	0.04587416	0.01100365	0.001234996	0.26908	0.0494069	0.665074	0.0164389
664	-76.41233	-89.71771	13.30538	1	0	1	0	0.00698506	0.00698506	0.0006829647	0.01249388	0.04587416	0.04587416	0.01100365	0.01846505	0.580914	0.321676	0.0619203	0.0354899
665	-76.03513	-89.3303	13.29517	1	1	1	0	0.00698506	0.00698506	0.0006829647	0.0006829647	0.04587416	0.04587416	0.0110182	0.00146562	0.548269	0.333268	0.116574	0.00188933
666	-70.16476	-87.71221	17.54744	0	1	1	0	0.005485334	0.0003118637	0.002021954	0.002021954	0.04587416	0.04587416	0.01201544	0.005531118	0.548269	0.333268	0.116574	0.00188933
667	-73.84368	-90.40251	16.55883	1	1	0	0	0.005485334	0.005485334	0.0006705886	0.0006705886	0.04587416	0.002029671	0.02174971	0.00108535	0.535596	0.348678	0.11388	0.00184566
668	-68.38805	-89.82312	21.43507	0	1	0	0	0.005060954	0.004203821	0.001226482	0.001226482	0.04587416	0.01115656	0.009048013	0.001969528	0.63606	0.200131	0.160749	0.00305928
669	-75.02166	-90.83608	15.81442	0	1	1	0	0.01300204	0.004203821	0.003284217	0.003284217	0.04236688	0.04236688	0.007057847	0.01123806	0.514199	0.176955	0.306141	0.002705
670	-74.87288	-89.01618	14.14331	0	1	0	0	0.01300204	0.001855568	0.0008893832	0.0008893832	0.04236688	0.0248904	0.007057847	0.03018681	0.159713	0.376046	0.456958	0.00728272
671	-80.87461	-89.42365	8.549033	1	1	1	0	0.003945715	0.003945715	0.0003567539	0.0003567539	0.04236688	0.04236688	0.007057847	0.03944706	0.164886	0.36201	0.471758	0.00134607
672	-72.18545	-89.51598	17.33053	0	0	1	1	0.005659605	0.005125336	0.0004074961	0.01186345	0.04236688	0.04236688	0.007057847	0.007057847	0.103862	0.250665	0.644625	0.00084789
673	-69.04217	-89.35649	20.31432	0	1	1	0	0.005659605	0.00130694	0.000950048	0.000950048	0.02950643	0.02950643	0.01550282	0.002487295	0.2266	0.546887	0.224664	0.00184987
674	-68.55689	-89.08172	20.52483	0	1	0	1	0.005659605	0.0004102427	0.000950048	0.000950048	0.02467804	0.006726134	0.01578492	0.01578492	0.0575139	0.138807	0.798206	0.0054733
675	-61.74383	-91.96276	30.21893	0	0	0	0	0.005659605	0.002568511	0.00452389	0.001514046	0.02467804	0.00127505	0.01066563	0.006947614	0.0575139	0.138807	0.798206	0.0054733
676	-72.10594	-92.56351	20.45757	0	0	1	1	0.007552275	0.005959408	0.00452389	0.001214529	0.02467804	0.02467804	0.01066563	0.01066563	0.0575139	0.138807	0.798206	0.0054733
677	-67.14633	-92.76654	25.62022	1	0	0	0	0.007552275	0.007552275	0.00121858	0.002694152	0.02321307	0.002743857	0.01619313	0.0009851362	0.0564574	0.159014	0.783543	0.000984826
678	-73.65594	-88.60364	14.9477	1	0	1	0	0.008748156	0.008748156	0.001087803	0.008756509	0.04535351	0.04535351	0.009494087	0.01267054	0.0564574	0.159014	0.783543	0.000984826
679	-66.79616	-87.61711	20.82096	0	0	1	0	0.008748156	0.005114587	0.0006697083	0.005093656	0.04535351	0.04535351	0.009494087	0.007578592	0.124366	0.350281	0.523184	0.0021694
680	-70.81023	-88.30127	17.49104	0	1	0	0	0.008748156	0.00352682	0.004184466	0.004184466	0.04855112	0.02392802	0.01121984	0.0009412499	0.124601	0.350943	0.524175	0.000280926
681	-68.73027	-85.52724	16.79696	0	1	1	0	0.008748156	0.001694972	0.0007561046	0.0007561046	0.05055008	0.05055008	0.01247199	0.001311375	0.124614	0.350981	0.52423	0.0001747
682	-67.61573	-87.54774	19.93201	0	0	0	1	0.008748156	0.003889461	0.003633162	0.0008199285	0.05055008	0.001695228	0.01780113	0.01780113	0.442473	0.0855896	0.468505	0.00343272
683	-68.19386	-87.31824	19.12438	0	0	1	0	0.01246488	0.003889461	0.003633162	0.0005155314	0.05055008	0.05055008	0.01068986	0.01001386	0.0698013	0.0191056	0.904466	0.006627
684	-75.56274	-87.12929	11.56655	0	1	1	0	0.006400763	0.005407959	0.0009517624	0.0009517624	0.06494091	0.06494091	0.009678204	0.01807142	0.642704	0.175917	0.155493	0.0258859
685	-81.04624	-90.8203	9.774066	1	1	1	1	0.008707916	0.008707916	0.00049705	0.00049705	0.03636996	0.03636996	0.01105492	0.01105492	0.625234	0.171135	0.151266	0.0523647
686	-68.89774	-87.60688	18.70914	0	0	1	1	0.008707916	0.001070212	0.00049705	0.0002668772	0.04299791	0.04299791	0.01105492	0.01105492	0.63494	0.173792	0.153615	0.0376529
687	-67.8972	-88.15615	20.25895	0	1	1	0	0.005454793	0.0004031462	0.00049705	0.00049705	0.03577589	0.03577589	0.01078442	0.002814556	0.448933	0.17846	0.333942	0.0386642
688	-71.85549	-87.35449	15.499	0	1	1	1	0.005530809	7.315566e-05	0.0004167738	0.0004167738	0.03661481	0.03661481	0.01078442	0.01078442	0.245606	0.0976333	0.635608	0.0211527
689	-77.70955	-93.0795	15.36995	1	1	1	0	0.002897326	0.002897326	0.0004167738	0.0004167738	0.02706293	0.02706293	0.02307236	0.0007087492	0.506388	0.173039	0.257773	0.0628002
690	-82.52698	-89.73124	7.204262	1	1	1	1	0.002897326	0.002897326	0.0001833078	0.0001833078	0.05381173	0.05381173	0.01443693	0.01443693	0.404467	0.515127	0.0302456	0.0501603
691	-69.39969	-90.38714	20.98745	0	0	1	0	0.002897326	0.002525214	0.003145513	0.0007272928	0.04788111	0.04788111	0.01443693	0.009486551	0.407645	0.519176	0.0226245	0.0505545
692	-84.5256	-92.23326	7.707659	1	1	1	1	0.001736647	0.001736647	0.00439514	0.00439514	0.04788111	0.04788111	0.01443693	0.01443693	0.407645	0.519176	0.0226245	0.0505545
693	-73.08112	-89.5931	16.51197	1	0	1	0	0.007244672	0.007244672	0.002142318	0.00035019	0.04279384	0.04279384	0.01443693	0.0101949	0.530235	0.34334	0.0390862	0.0873384
694	-71.02904	-88.77765	17.74861	1	0	1	0	0.00672902	0.00672902	0.002142318	0.00035019	0.0435139	0.0435139	0.01443693	0.002916814	0.400553	0.259367	0.0295267	0.310553
695	-69.51346	-91.93138	22.41793	0	1	0	0	0.00672902	0.006473422	0.002142318	0.002142318	0.04223603	0.0007474383	0.007711295	0.006878005	0.364676	0.236136	0.116451	0.282737
696	-70.67225	-90.00151	19.32926	0	1	1	0	0.00672902	0.001780254	0.0008411826	0.0008411826	0.04223603	0.04223603	0.004966803	0.004494474	0.261635	0.270054	0.133178	0.335133
697	-79.86706	-95.26572	15.39867	0	1	1	1	0.0162558	0.000817521	0.002918998	0.002918998	0.02901025	0.02901025	0.004991324	0.004991324	0.261635	0.270054	0.133178	0.335133
698	-75.3059	-89.84108	14.53518	0	1	1	1	0.007012591	0.001721445	0.004150776	0.004150776	0.03114337	0.03114337	0.01490492	0.01490492	0.275852	0.284727	0.356599	0.082822
699	-64.15328	-88.59276	24.43948	0	0	1	0	0.007697984	0.002035979	0.0007496352	0.0002736083	0.03114337	0.03114337	0.0138979	0.005555635	0.0822447	0.169426	0.185607	0.562723
700	-59.8635	-89.04879	29.1853	0	0	0	0	0.007697984	0.0002550489	0.0004978589	0.0001950958	0.03114337	0.00478877	0.01653381	0.002632905	0.277338	0.13341	0.146151	0.443101
701	-64.63135	-84.76372	20.13237	0	0	0	1	0.007697984	0.0005179224	0.0009327246	9.095868e-05	0.05547573	0.004741931	0.01653381	0.01653381	0.126935	0.153043	0.51888	0.201142
702	-67.409	-85.68232	18.27331	0	0	1	0	0.008049479	0.002781041	0.001673909	0.007795374	0.05547573	0.05547573	0.01653381	0.004315655	0.148133	0.1786	0.438535	0.234732
703	-73.80116	-84.71946	10.9183	0	0	1	0	0.008049479	0.006079423	0.0007086112	0.001683874	0.1043361	0.1043361	0.01653381	0.001304857	0.148133	0.1786	0.438535	0.234732
704	-78.98004	-86.86997	7.889931	1	0	1	0	0.01003127	0.01003127	0.0007086112	0.00116296	0.1043361	0.1043361	0.008037531	0.002205011	0.116837	0.272808	0.181735	0.428619
705	-78.95409	-89.86085	10.90677	1	0	1	1	0.003198909	0.003198909	0.0005007989	0.007698864	0.06341857	0.06341857	0.004870706	0.004870706	0.0661462	0.288467	0.192167	0.453221
706	-73.8341	-89.85412	16.02001	1	0	1	0	0.003198909	0.003198909	0.0004095696	0.01145141	0.04479989	0.04479989	0.006398523	0.01371859	0.101613	0.220219	0.193841	0.484327
707	-65.42128	-89.16242	23.74114	0	0	1	0	0.0104474	0.001081177	0.0001909355	0.002739789	0.04418349	0.04418349	0.006398523	0.0003073462	0.0612585	0.529902	0.116859	0.29198
708	-79.04138	-89.21549	10.17411	1	1	1	0	0.0104474	0.0104474	0.0009593135	0.0009593135	0.06088168	0.06088168	0.006398523	0.005191775	0.0902546	0.427525	0.172173	0.310048
709	-74.9272	-85.63849	10.71129	0	1	1	1	0.005836917	0.001354138	0.0008060121	0.0008060121	0.06315401	0.06315401	0.009654926	0.009654926	0.0939744	0.445145	0.179269	0.281612
710	-76.09531	-84.93259	8.837275	0	1	1	1	0.009665012	0.001062621	0.003167594	0.003167594	0.06315401	0.06315401	0.01447626	0.01447626	0.109228	0.102939	0.208367	0.579465
711	-72.66943	-92.20924	19.53981	0	1	0	1	0.01183452	0.001062621	0.003167594	0.003167594	0.02840343	0.004615756	0.01075948	0.01075948	0.18543	0.174754	0.109591	0.530225
712	-60.64139	-88.31023	27.66883	0	0	0	0	0.01183452	0.000640762	0.0008289397	0.003088289	0.03766606	0.001790547	0.01075948	0.005810514	0.1446	0.0483029	0.434039	0.373058
713	-64.69813	-88.16375	23.46562	0	0	1	0	0.004918224	0.001073353	0.002757712	0.003389843	0.03766606	0.03766606	0.01130892	0.005810514	0.127507	0.0425929	0.382731	0.447169
714	-74.5329	-89.29016	14.75726	0	1	1	1	0.003852918	0.001073353	0.002757712	0.002757712	0.03583613	0.03583613	0.01414265	0.01414265	0.0312624	0.576591	0.180849	0.211297
715	-76.54392	-90.86465	14.32073	0	1	0	1	0.003208167	0.0006959856	0.002757712	0.002757712	0.04084014	0.01778505	0.02440986	0.02440986	0.0461318	0.616953	0.0251171	0.311798
716	-71.59453	-88.80755	17.21302	0	0	1	1	0.007634212	0.001817087	0.002757712	0.01037786	0.04084014	0.04084014	0.00972578	0.00972578	0.0861385	0.284765	0.0468993	0.582197
717	-63.66274	-91.76431	28.10157	0	0	0	0	0.007634212	0.001340065	0.005236974	0.006377812	0.03594161	0.003314544	0.00972578	0.0003728153	0.211427	0.609641	0.100405	0.0785281
718	-72.54575	-91.90888	19.36312	0	1	1	0	0.007634212	0.002842034	0.005236974	0.005236974	0.0353262	0.0353262	0.007923696	0.00189095	0.162695	0.672824	0.0772623	0.0872187
719	-73.28013	-92.32133	19.0412	0	0	1	1	0.009387763	0.002842034	0.001051728	0.002410267	0.04340609	0.04340609	0.003597599	0.003597599	0.39077	0.389901	0.103026	0.116303
720	-70.95161	-87.85789	16.90628	0	0	1	1	0.009387763	0.002744127	0.003374211	0.002410267	0.04340609	0.04340609	0.01358491	0.01358491	0.126484	0.488868	0.238823	0.145824
721	-76.56038	-85.7671	9.206721	0	1	0	1	0.009335303	0.002744127	0.003374211	0.003374211	0.07719148	0.01271934	0.01358491	0.01358491	0.123685	0.148784	0.584934	0.142597
722	-79.04264	-88.06431	9.021676	1	1	0	0	0.009335303	0.009335303	0.002540702	0.002540702	0.07719148	0.01496331	0.01358491	0.002392141	0.23588	0.120976	0.475607	0.167537
723	-78.82293	-85.64618	6.823246	0	1	1	1	0.005352537	0.004376242	0.002540702	0.002540702	0.07719148	0.07719148	0.01358491	0.01358491	0.226447	0.156128	0.456588	0.160837
724	-72.61914	-85.01725	12.39811	0	0	1	0	0.01318854	0.003155597	0.002334608	0.001507021	0.07719148	0.07719148	0.01358491	0.01926941	0.274646	0.11929	0.348855	0.257209
725	-70.79405	-88.22252	17.42847	0	1	1	0	0.005446914	0.002173625	0.002334608	0.002334608	0.0355762	0.0355762	0.01358491	0.01280415	0.258444	0.112252	0.328275	0.301029
726	-69.38422	-89.00212	19.6179	0	1	1	0	0.008161197	0.00376777	0.001570287	0.001570287	0.03306887	0.03306887	0.01074536	0.00208325	0.334638	0.0937357	0.425057	0.14657
727	-72.9044	-87.43774	14.53334	0	1	1	1	0.008161197	0.001793389	0.001570287	0.001570287	0.03667337	0.03667337	0.01074536	0.01074536	0.231957	0.0649736	0.498574	0.204496
728	-70.96636	-89.08848	18.12212	0	1	1	0	0.01271061	0.001793389	0.001570287	0.001570287	0.03315663	0.03315663	0.01074536	0.007976409	0.193673	0.0542498	0.416285	0.335793
729	-73.04493	-90.27882	17.23389	0	1	0	1	0.01271061	0.002678342	0.002980368	0.002980368	0.03315663	0.00790704	0.01360044	0.01360044	0.193673	0.0542498	0.416285	0.335793
730	-77.16608	-91.22796	14.06188	1	1	1	0	0.006350744	0.006350744	0.004907112	0.004907112	0.03464525	0.03464525	0.01360044	0.002136817	0.233618	0.0654389	0.295892	0.405051
731	-84.51255	-93.06621	8.553662	1	1	1	1	0.00351693	0.00351693	0.00754615	0.00754615	0.03464525	0.03464525	0.0179023	0.0179023	0.222698	0.06238	0.328805	0.386117
732	-70.16286	-92.50778	22.34492	0	0	1	0	0.00351693	0.001217059	0.00754615	0.00568173	0.03464525	0.03464525	0.01198327	0.008744736	0.31936	0.0894561	0.471524	0.11966
733	-72.51107	-92.31585	19.80478	0	1	0	0	0.01260384	0.0008027567	0.00754615	0.00754615	0.03464525	0.01261229	0.01494512	0.004709477	0.298786	0.0352254	0.441147	0.224842
734	-73.03073	-88.6753	15.64457	1	0	0	1	0.003761362	0.003761362	0.001112935	0.002391488	0.04514133	0.01477222	0.01494512	0.01494512	0.511952	0.0280809	0.351672	0.108295
735	-71.48458	-88.34677	16.86219	1	0	1	0	0.006822814	0.006822814	0.001829616	0.002281617	0.04514133	0.04514133	0.009918982	0.009165231	0.477614	0.0292212	0.380473	0.112693
736	-78.44648	-91.96593	13.51945	1	1	0	1	0.007894011	0.007894011	0.004167517	0.004167517	0.03650323	0.004449602	0.01172878	0.01172878	0.477614	0.0292212	0.380473	0.112693
737	-69.1758	-89.24613	20.07033	1	0	0	0	0.003055088	0.003055088	0.002035956	0.0009026793	0.04483748	0.009038914	0.01172878	0.01474702	0.388724	0.0237828	0.495774	0.0917191
738	-65.9314	-89.41594	23.48455	1	0	0	0	0.003055088	0.003055088	0.002266173	0.0006052989	0.04483748	0.001384716	0.01344879	0.001218839	0.388724	0.0237828	0.495774	0.0917191
739	-68.13845	-88.45137	20.31292	0	0	1	0	0.003055088	0.002091461	0.0008106396	0.000725311	0.04680048	0.04680048	0.02182957	0.009645774	0.537357	0.0328763	0.302978	0.126789
740	-70.64403	-86.69677	16.05274	0	0	1	1	0.006022837	0.001928041	0.002900454	0.0003083012	0.04680048	0.04680048	0.02182957	0.02182957	0.100992	0.163498	0.104976	0.630535
741	-70.23821	-87.70899	17.47078	0	0	1	1	0.008161133	0.003072723	0.003815696	0.0007985663	0.04680048	0.04680048	0.009029792	0.009029792	0.0801543	0.121627	0.329159	0.469059
742	-66.5785	-90.55539	23.97689	0	1	0	0	0.006312194	0.0009466736	0.003815696	0.003815696	0.03987678	0.001496916	0.009029792	0.002522066	0.792969	0.0688559	0.0341726	0.104002
743	-67.246	-88.61664	21.37064	0	0	0	0	0.006312194	0.0003242811	0.003815696	0.007936813	0.06360425	0.001639326	0.0165384	0.008274286	0.807764	0.0639353	0.0317305	0.09657
744	-79.12512	-89.60319	10.47807	1	0	1	1	0.00632405	0.00632405	0.003594786	0.007936813	0.04407841	0.04407841	0.02020596	0.02020596	0.302608	0.309559	0.0356174	0.352215
745	-73.43994	-92.95992	19.51998	1	0	1	0	0.00632405	0.00632405	0.004228837	0.003256256	0.02790888	0.02790888	0.01483922	0.003399576	0.126221	0.291692	0.0335616	0.548525
746	-70.60616	-89.8265	19.22034	0	1	1	0	0.00632405	0.001565084	0.004228837	0.004228837	0.03468033	0.03468033	0.01432725	0.0005452674	0.038432	0.0888149	0.0102189	0.862534
747	-73.26672	-89.76139	16.49467	0	1	0	1	0.01024307	0.002304584	0.0008489876	0.0008489876	0.04058946	0.008948479	0.01432725	0.01432725	0.0106027	0.0913853	0.0105146	0.887497
748	-81.46351	-89.80083	8.337321	1	1	1	1	0.01024307	0.01024307	0.0001957883	0.0001957883	0.04058946	0.04058946	0.01381981	0.01381981	0.024142	0.290809	0.03346	0.651589
749	-65.07924	-86.30621	21.22696	0	0	1	0	0.01024307	0.001263911	0.0002006515	0.002214404	0.05160667	0.05160667	0.01381981	0.0003814112	0.26799	0.376818	0.0173487	0.337843
750	-63.59309	-88.42952	24.83643	0	0	1	0	0.005472236	0.0009767209	0.0002007644	0.002214404	0.03595904	0.03595904	0.01381981	0.0004405342	0.409038	0.0439901	0.0313147	0.515657
751	-73.43162	-89.70541	16.27378	0	1	1	1	0.005472236	0.0003414364	0.0002007644	0.0002007644	0.03064464	0.03064464	0.01232907	0.01232907	0.500027	0.0759583	0.0540715	0.369944
752	-79.88333	-86.66939	6.786056	1	1	1	1	0.005472236	0.005472236	0.0002007644	0.0002007644	0.05559461	0.05559461	0.01245385	0.01245385	0.161294	0.12742	0.0907051	0.620581
753	-71.69238	-87.20881	15.51643	1	0	1	0	0.005472236	0.005472236	0.0002007644	0.0004233588	0.05559461	0.05559461	0.009298291	0.01186814	0.161294	0.12742	0.0907051	0.620581
754	-80.2785	-87.67415	7.395648	1	1	1	1	0.005472236	0.005472236	0.0001480431	0.0001480431	0.05531598	0.05531598	0.009298291	0.009298291	0.161294	0.12742	0.0907051	0.620581
755	-66.63416	-92.83741	26.20325	0	0	1	0	0.005472236	0.003893822	0.0001480431	0.0001709692	0.02677628	0.02677628	0.009298291	0.005505572	0.118388	0.359538	0.0665763	0.455498
756	-65.246	-86.60081	21.35481	0	0	1	0	0.005472236	0.001862534	7.044163e-05	0.003810866	0.05605711	0.05605711	0.009298291	0.002427153	0.263098	0.266454	0.182794	0.287654
757	-65.01446	-91.04825	26.03378	0	0	0	1	0.005472236	0.001862534	0.0001068612	0.0001500431	0.02578097	0.006831416	0.01203051	0.01203051	0.152074	0.154013	0.527647	0.166267
758	-74.40292	-90.32849	15.92556	1	0	1	1	0.005472236	0.005472236	0.0003175532	0.0001404176	0.03301929	0.03301929	0.01203051	0.01203051	0.0970523	0.382182	0.0530347	0.467731
759	-70.56226	-92.56664	22.00439	0	1	0	0	0.008346685	0.00274742	0.000180245	0.000180245	0.02644763	0.001355279	0.01932221	0.01688353	0.288291	0.0747948	0.0648633	0.572051
760	-73.27568	-92.51363	19.23795	0	1	0	0	0.008346685	0.002875629	0.005312072	0.005312072	0.02644763	0.007344441	0.01692988	0.02385089	0.360684	0.0935767	0.331868	0.213871
761	-68.74357	-90.30304	21.55947	0	1	1	0	0.003864941	0.0003088028	0.001922817	0.001922817	0.02980372	0.02980372	0.0117858	0.000604747	0.201285	0.265952	0.185204	0.347559
762	-72.54024	-93.08035	20.54011	0	1	1	0	0.004710362	0.002970034	0.004400076	0.004400076	0.02473404	0.02473404	0.01556399	0.001743121	0.201285	0.265952	0.185204	0.347559
763	-77.26365	-96.76575	19.5021	0	0	1	1	0.004931368	0.003327834	0.006891694	0.01120317	0.01814103	0.01814103	0.01556399	0.01556399	0.0919357	0.0961239	0.653195	0.158745
764	-71.36964	-93.70844	22.3388	1	0	0	1	0.007045291	0.007045291	0.001288213	0.0002872141	0.02309198	0.004269874	0.007850441	0.007850441	0.144908	0.151509	0.629598	0.0739855
765	-64.27594	-87.38609	23.11014	0	0	0	1	0.004720137	0.0005901095	0.00100398	0.0003393311	0.05243722	0.002016781	0.007850441	0.007850441	0.103099	0.375468	0.447948	0.0734856
766	-72.60937	-93.81263	21.20326	1	0	1	0	0.005213618	0.005213618	0.002787858	0.0004419704	0.0217458	0.0217458	0.007850441	0.01228868	0.128599	0.220997	0.558742	0.0916614
767	-74.18343	-86.30235	12.11892	0	1	1	1	0.01105548	0.001043838	0.001229964	0.001229964	0.04710068	0.04710068	0.0123243	0.0123243	0.282066	0.306809	0.283873	0.127253
768	-72.2124	-86.92561	14.71322	0	1	0	1	0.005657001	0.0007985431	0.0004238116	0.0004238116	0.04710068	0.01248368	0.02098813	0.02098813	0.216266	0.334928	0.30989	0.138916
769	-71.7083	-90.53066	18.82237	0	1	0	1	0.005657001	0.001847629	0.0009221601	0.0009221601	0.03271496	0.01122315	0.01158233	0.01158233	0.248724	0.449046	0.0575375	0.244693
770	-69.49015	-89.23966	19.74951	0	0	1	1	0.004678328	0.0006049964	0.0009221601	0.008141148	0.03271496	0.03271496	0.01158233	0.01158233	0.0557091	0.551793	0.0918169	0.300681
771	-80.39414	-90.98181	10.58767	1	1	1	1	0.005684144	0.005684144	0.0009221601	0.0009221601	0.03271496	0.03271496	0.01265471	0.01265471	0.0292951	0.819574	0.0503935	0.100738
772	-76.74978	-90.67813	13.92834	0	1	1	1	0.007239273	0.006366463	0.00076598	0.00076598	0.03271496	0.03271496	0.01531757	0.01531757	0.488612	0.335696	0.0585831	0.117109
773	-79.08563	-89.46127	10.37564	1	1	1	0	0.007470325	0.007470325	0.00076598	0.00076598	0.05999304	0.05999304	0.006153185	0.00834343	0.488612	0.335696	0.0585831	0.117109
774	-80.96672	-90.10668	9.139967	1	1	1	1	0.007470325	0.007470325	0.0005308346	0.0005308346	0.04610258	0.04610258	0.006153185	0.006153185	0.365703	0.176769	0.278849	0.178679
775	-70.15463	-91.45032	21.29569	0	0	1	1	0.007049216	0.001106617	0.0008948618	0.006494707	0.0249425	0.0249425	0.009311753	0.009311753	0.364345	0.110697	0.0720413	0.452917
776	-75.13453	-92.0607	16.92616	0	1	1	1	0.00900076	0.001106617	0.0008948618	0.0008948618	0.0249425	0.0249425	0.009311753	0.009311753	0.35276	0.511111	0.0697507	0.0663781
777	-67.95992	-88.31378	20.35385	0	0	1	0	0.005302554	0.001270069	0.002992599	0.01039919	0.04940167	0.04940167	0.01110784	0.004250241	0.299823	0.43441	0.209351	0.0564169
778	-72.39791	-91.74484	19.34693	0	0	0	1	0.005302554	0.001404669	0.002863149	0.012897	0.03387745	0.008875439	0.02526356	0.02526356	0.299823	0.43441	0.209351	0.0564169
779	-73.86461	-90.18387	16.31926	0	1	1	1	0.006837292	0.0004720323	0.002549845	0.002549845	0.0235772	0.0235772	0.01529168	0.01529168	0.198384	0.312134	0.452153	0.0373294
780	-71.0677	-90.48236	19.41466	0	1	1	0	0.006837292	0.001464105	0.002549845	0.002549845	0.0264189	0.0264189	0.02319434	9.481369e-05	0.350923	0.252738	0.366112	0.030226
781	-71.86737	-92.06499	20.19762	1	0	1	0	0.005746891	0.005746891	0.002549845	0.006221423	0.0264189	0.0264189	0.01408794	0.001055661	0.350923	0.252738	0.366112	0.030226
782	-77.49433	-87.19295	9.698626	1	0	1	1	0.005563176	0.005563176	0.002032889	0.004428654	0.06647778	0.06647778	0.008096011	0.008096011	0.0917343	0.235598	0.664766	0.00790133
783	-77.50439	-87.1061	9.601703	1	1	0	1	0.00468301	0.00468301	0.0008714496	0.0008714496	0.06647778	0.003535137	0.01158554	0.01158554	0.081546	0.294576	0.613999	0.00987929
784	-73.18763	-85.38461	12.19698	0	1	1	1	0.006438666	3.423073e-05	0.0001750538	0.0001750538	0.05228603	0.05228603	0.01337375	0.01337375	0.0631448	0.179973	0.744896	0.0119854
785	-69.49516	-85.87262	16.37747	0	0	1	1	0.006537269	4.457102e-05	0.0007387031	0.007269362	0.05256606	0.05256606	0.01077625	0.01077625	0.169478	0.48304	0.315314	0.0321684
786	-67.99063	-87.20291	19.21228	0	1	0	1	0.004112985	2.722603e-05	0.0009292765	0.0009292765	0.0445033	0.0007693922	0.01137472	0.01137472	0.263237	0.197046	0.489753	0.0499646
787	-68.72714	-88.14718	19.42003	0	0	0	0	0.008173979	0.005679391	0.0009292765	0.007988947	0.0445033	0.02380527	0.01137472	0.01714794	0.0805512	0.289671	0.556326	0.0734515
788	-67.62977	-89.02845	21.39868	0	0	1	0	0.01239396	0.005679391	0.000211726	0.0002401345	0.0385619	0.0385619	0.0157901	0.005870478	0.070366	0.228495	0.438835	0.262304
789	-68.51338	-85.46739	16.95401	0	0	1	1	0.006177783	0.001549789	0.000211726	0.003238138	0.04730534	0.04730534	0.01615159	0.01615159	0.070366	0.228495	0.438835	0.262304
790	-71.85614	-88.89429	17.03815	1	0	1	0	0.004171643	0.004171643	6.692173e-05	0.01197781	0.04730534	0.04730534	0.00813099	0.002500345	0.070366	0.228495	0.438835	0.262304
791	-60.30265	-87.59193	27.28928	0	0	0	0	0.005399733	0.001821407	0.001124598	0.004103418	0.04730534	0.00142292	0.01144811	0.00196468	0.070366	0.228495	0.438835	0.262304
792	-71.16629	-90.2931	19.12681	0	0	1	1	0.003455653	0.005022569	0.001124598	0.004340218	0.04036311	0.04036311	0.00789962	0.00789962	0.0704482	0.339591	0.439348	0.150613
793	-77.89151	-91.67779	13.78628	0	1	0	1	0.006575952	0.003304492	0.008324384	0.008324384	0.04671724	0.01643758	0.01139433	0.01139433	0.0858063	0.413623	0.317123	0.183448
794	-71.36276	-87.66774	16.30498	1	0	1	0	0.006575952	0.006575952	0.0026395	0.003289411	0.04671724	0.04671724	0.01579388	0.003330883	0.0673798	0.324799	0.591929	0.0158922
795	-71.5951	-86.99049	15.39539	1	0	1	0	0.006575952	0.006575952	0.002112666	0.003324708	0.0523413	0.0523413	0.01276245	0.006432715	0.0627094	0.302286	0.58789	0.0471148
796	-69.41557	-86.44382	17.02825	0	1	1	0	0.00642173	0.001335903	0.002112666	0.002112666	0.0523413	0.0523413	0.009838522	0.002159575	0.352139	0.208942	0.406353	0.032566
797	-65.27878	-91.13822	25.85945	0	0	1	0	0.00642173	0.001335903	0.002031651	0.006377417	0.02695038	0.02695038	0.008076462	0.002038242	0.352139	0.208942	0.406353	0.032566
798	-71.19953	-92.15045	20.95092	0	0	1	1	0.00642173	0.003931316	0.001610557	0.005806423	0.02592524	0.02592524	0.008076462	0.008076462	0.31565	0.290913	0.364246	0.0291915
799	-72.1954	-87.86075	15.66535	1	0	0	0	0.003843743	0.003843743	0.001878694	0.003709514	0.06444177	0.02183484	0.01473849	0.001095667	0.31565	0.290913	0.364246	0.0291915
800	-69.32976	-89.07397	19.74421	0	0	1	1	0.003843743	0.00055193	0.003050906	0.00355819	0.03752792	0.03752792	0.01014155	0.01014155	0.194807	0.175573	0.58589	0.0437298
801	-78.91745	-95.02034	16.10289	1	0	1	1	0.004175927	0.004175927	0.004740669	0.007421725	0.02647285	0.02647285	0.007154505	0.007154505	0.389362	0.350919	0.172316	0.0874029
802	-74.56968	-90.74042	16.17074	0	1	1	1	0.004175927	0.002666193	0.001395154	0.001395154	0.03418581	0.03418581	0.007154505	0.007154505	0.0703402	0.494319	0.321224	0.114116
803	-66.36027	-89.56736	23.20709	0	1	0	0	0.01274873	0.0006051302	0.001395154	0.001395154	0.03418581	0.004146543	0.007154505	0.008167555	0.10567	0.0978873	0.757114	0.0393292
804	-65.99915	-89.81952	23.82037	0	0	1	0	0.01400849	0.0002568942	0.001249189	0.003674272	0.0294768	0.0294768	0.01345964	0.002770158	0.042019	0.563251	0.375238	0.0194922
805	-74.39461	-91.62403	17.22942	0	1	1	1	0.00749222	0.0002568942	0.0001569929	0.0001569929	0.01976394	0.01976394	0.01585181	0.01585181	0.042019	0.563251	0.375238	0.0194922
806	-65.82941	-90.51501	24.68559	0	0	0	1	0.007446885	0.0001719211	0.0004294013	0.003103051	0.02286368	0.006535407	0.01939598	0.01939598	0.042019	0.563251	0.375238	0.0194922
807	-69.32521	-92.37672	23.05151	0	0	1	1	0.005849264	0.0001833347	0.0009907134	0.002164658	0.02286368	0.02286368	0.007704583	0.007704583	0.0682193	0.734741	0.165394	0.0316462
808	-65.80573	-86.91057	21.10484	0	1	0	0	0.008245996	0.0002196862	0.0004953658	0.0004953658	0.05819165	0.00304488	0.007704583	0.002526318	0.107497	0.436321	0.260619	0.195563
809	-74.30939	-87.4094	13.10001	0	1	1	1	0.008245996	0.0001580314	0.003097305	0.003097305	0.03737524	0.03737524	0.01826577	0.01826577	0.288361	0.0777261	0.297286	0.336627
810	-75.24727	-88.07884	12.83157	0	1	1	1	0.008245996	0.001693525	0.003097305	0.003097305	0.03737524	0.03737524	0.01826577	0.01826577	0.559262	0.0470209	0.351373	0.0423446
811	-65.11599	-89.52192	24.40592	0	1	0	0	0.008245996	0.0008093446	0.003097305	0.003097305	0.02636836	0.002698317	0.01826577	0.002060941	0.0952866	0.0381319	0.832242	0.0343396
812	-70.15907	-91.4798	21.32073	0	1	1	0	0.003822084	0.001365953	0.001488099	0.001488099	0.02636836	0.02636836	0.01628345	0.0003284857	0.178255	0.374837	0.109349	0.337559
813	-76.35414	-89.81361	13.45947	1	0	1	1	0.003822084	0.003822084	0.003660537	0.002386511	0.03893363	0.03893363	0.01628345	0.01628345	0.178255	0.374837	0.109349	0.337559
814	-69.81003	-87.21966	17.40963	0	1	1	0	0.01040149	0.0008455126	0.001085645	0.001085645	0.03910266	0.03910266	0.01628345	0.004309408	0.119752	0.421573	0.112229	0.346447
815	-65.7314	-86.17316	20.44177	0	0	1	0	0.01326617	0.0005364535	0.000468191	0.00144346	0.04791416	0.04791416	0.01628345	0.004309408	0.168104	0.188022	0.157543	0.486331
816	-68.42741	-85.33342	16.906	0	0	1	1	0.007901666	0.0004161599	0.0008588884	0.001936725	0.04751208	0.04751208	0.01628345	0.01628345	0.22043	0.246549	0.206582	0.32644
817	-73.16184	-88.15085	14.98901	0	1	1	1	0.007901666	0.000599984	0.0008588884	0.0008588884	0.03069316	0.03069316	0.01628345	0.01628345	0.182698	0.258482	0.21658	0.34224
818	-69.40673	-87.06232	17.65559	0	1	0	1	0.007901666	0.0004410639	0.001188415	0.001188415	0.03958928	0.005217418	0.01628345	0.01628345	0.116421	0.305493	0.255971	0.322115
819	-69.4174	-92.8996	23.4822	0	1	1	0	0.007134673	0.0001825916	0.001643568	0.001643568	0.01932708	0.01932708	0.008024263	0.0009804842	0.116421	0.305493	0.255971	0.322115
820	-68.31258	-94.96348	26.6509	0	0	1	0	0.009261194	0.0005775139	0.004553249	0.005792684	0.01932708	0.01932708	0.007713298	0.001479592	0.0639078	0.398893	0.33423	0.202969
821	-66.04735	-93.10887	27.06152	0	0	0	0	0.009261194	0.002333013	0.001095951	0.008165693	0.01932708	0.007006279	0.01944262	0.009261134	0.0543397	0.339172	0.433908	0.172581
822	-74.95101	-85.6861	10.73509	0	1	1	1	0.009261194	0.002909639	0.0009378948	0.0009378948	0.04811854	0.04811854	0.01944262	0.01944262	0.117898	0.0969525	0.56173	0.22342
823	-83.01339	-85.70602	2.692637	1	1	1	1	0.009261194	0.009261194	0.002104264	0.002104264	0.06963659	0.06963659	0.01613405	0.01613405	0.0799167	0.0657188	0.380766	0.473599
824	-72.38546	-95.57614	23.19068	0	1	0	1	0.006217758	0.0005299834	0.002104264	0.002104264	0.01203447	0.001939657	0.01613405	0.01613405	0.246045	0.0265837	0.324168	0.403203
825	-71.66474	-95.48111	23.81636	0	0	1	1	0.005711924	0.0006129275	0.0003921499	0.0004956897	0.01203447	0.01203447	0.01613405	0.01613405	0.247322	0.0267216	0.32585	0.400107
826	-67.87831	-95.99139	28.11308	0	1	0	0	0.005711924	0.001795292	0.001176659	0.001176659	0.01203447	0.005366429	0.01018805	0.004068047	0.281438	0.0744854	0.548342	0.0957346
827	-77.77385	-97.86774	20.09389	0	1	1	1	0.005711924	0.001063694	0.00260268	0.00260268	0.01203447	0.01203447	0.005724136	0.005724136	0.129603	0.0971867	0.715464	0.0577468
828	-70.90196	-99.85239	28.95043	0	0	0	1	0.005711924	0.002478007	0.003441219	0.001180378	0.01203447	0.0058091	0.004896073	0.004896073	0.401762	0.163552	0.337505	0.0971803
829	-78.24379	-97.55441	19.31063	1	0	1	1	0.004162546	0.004162546	0.003441219	0.0009362337	0.0132914	0.0132914	0.009785806	0.009785806	0.0953326	0.276629	0.570849	0.0571896
830	-74.74223	-95.1393	20.39707	0	1	0	1	0.004162546	0.002993343	0.001071745	0.001071745	0.0132914	0.01746745	0.01595331	0.01595331	0.0161022	0.017105	0.820988	0.145805
831	-73.24422	-93.65328	20.40905	0	1	0	1	0.002526236	0.004671063	0.002689598	0.002689598	0.02591363	0.003459655	0.01561108	0.01561108	0.0184967	0.0272122	0.810372	0.143919
832	-70.80553	-89.17965	18.37413	1	0	0	1	0.003396696	0.003396696	0.002899277	0.0002771433	0.04021276	0.004114229	0.01561108	0.01561108	0.0174822	0.0805682	0.765924	0.136025
833	-77.50464	-87.27305	9.76841	1	0	1	1	0.007217449	0.007217449	0.002899277	0.007300715	0.05317081	0.05317081	0.01561108	0.01561108	0.0299634	0.138089	0.769203	0.0627446
834	-71.1577	-85.28163	14.12393	0	0	1	1	0.01244731	0.0008812482	0.0009505714	0.007761579	0.05317081	0.05317081	0.01561108	0.01561108	0.0194424	0.0896018	0.499115	0.391841
835	-77.65752	-91.56917	13.91165	0	1	1	1	0.01244731	0.006125137	0.0009505714	0.0009505714	0.02648036	0.02648036	0.01649632	0.01649632	0.222519	0.0739035	0.411669	0.291908
836	-77.78689	-90.71367	12.92678	0	1	1	1	0.005300664	0.0125628	0.0009505714	0.0009505714	0.03783064	0.03783064	0.01148857	0.01148857	0.281467	0.0934812	0.255815	0.369237
837	-79.53089	-86.99166	7.460769	1	0	1	1	0.003558306	0.003558306	0.001532691	0.007428677	0.0658948	0.0658948	0.02098473	0.02098473	0.322986	0.107271	0.293551	0.276193
838	-64.85394	-89.54136	24.68742	0	1	0	0	0.006580541	0.00015928	0.001532691	0.001532691	0.02613468	0.001884755	0.01511962	0.008524322	0.322986	0.107271	0.293551	0.276193
839	-77.60838	-91.34477	13.73639	1	1	1	0	0.007440454	0.007440454	0.003412231	0.003412231	0.02971785	0.02971785	0.01511962	0.00781208	0.253462	0.153331	0.419598	0.173608
840	-75.90099	-90.07853	14.17753	1	0	1	1	0.004294562	0.004294562	0.003412231	0.003981356	0.03417108	0.03417108	0.01511962	0.01511962	0.0311192	0.100384	0.0996194	0.768877
841	-65.76454	-88.25711	22.49257	0	0	1	0	0.006538352	0.001785796	0.002834558	0.0009879539	0.03417108	0.03417108	0.01511962	0.01105321	0.080784	0.260593	0.258607	0.400016
842	-76.35475	-87.94738	11.59263	1	1	1	0	0.006538352	0.006538352	0.001120267	0.001120267	0.04246193	0.04246193	0.0215116	0.004132507	0.080784	0.260593	0.258607	0.400016
843	-80.91213	-89.1899	8.277774	1	1	1	1	0.006538352	0.006538352	0.002187802	0.002187802	0.04988302	0.04988302	0.006579558	0.006579558	0.115573	0.372814	0.369973	0.14164
844	-71.6996	-91.29277	19.59317	0	1	0	1	0.01067313	0.002288226	0.002187802	0.002187802	0.03322625	0.004583181	0.006579558	0.006579558	0.175562	0.347527	0.344878	0.132033
845	-75.84669	-89.29421	13.44752	0	1	1	1	0.01156232	0.002288226	0.002562336	0.002562336	0.0419565	0.0419565	0.006785188	0.006785188	0.0355874	0.0704453	0.0699085	0.824059
846	-67.56407	-86.54076	18.9767	0	0	1	1	0.007069441	0.001487227	0.001032061	0.0009407451	0.0419565	0.0419565	0.01057848	0.01057848	0.0355874	0.0704453	0.0699085	0.824059
847	-73.23336	-89.40662	16.17327	0	1	1	0	0.007069441	0.0005751528	0.001032061	0.001032061	0.02684464	0.02684464	0.01493179	0.02864718	0.190655	0.0434987	0.0431672	0.722679
848	-67.74899	-86.67954	18.93055	0	0	1	1	0.004965041	0.0002226861	0.001032061	0.004359647	0.04056714	0.04056714	0.01218183	0.01218183	0.213114	0.0414002	0.0576724	0.687814
849	-70.36991	-88.79718	18.42726	1	0	1	0	0.005309187	0.005309187	0.001032061	0.001243313	0.04056714	0.04056714	0.01218183	0.005873704	0.498598	0.0968593	0.0575209	0.347021
850	-73.79896	-88.93302	15.13406	1	0	1	1	0.004108507	0.004108507	0.001032061	0.0006941755	0.04056714	0.04056714	0.00910556	0.00910556	0.130948	0.167881	0.0996978	0.601473
851	-69.18998	-87.61541	18.42543	0	1	1	0	0.004108507	0.00282898	0.001032061	0.001032061	0.04056714	0.04056714	0.0144086	0.003272437	0.0817648	0.0321724	0.446452	0.439611
852	-66.44767	-86.80921	20.36154	0	0	1	0	0.009442685	0.002998864	0.003454651	0.003477133	0.04732033	0.04732033	0.0144086	0.003577946	0.0574626	0.0200801	0.5435	0.378957
853	-71.37715	-87.88784	16.51069	0	1	0	1	0.006102691	0.001764932	0.003454651	0.003454651	0.04732033	0.004118942	0.0144086	0.0144086	0.086578	0.0302544	0.312199	0.570969
854	-63.69964	-86.60496	22.90533	0	0	1	0	0.006102691	0.0006787811	0.003454651	0.0003409929	0.04732033	0.04732033	0.0121661	6.601387e-05	0.0703544	0.0338268	0.257431	0.638388
855	-68.54216	-88.0944	19.55224	0	0	1	1	0.006889719	0.001918649	0.003454651	0.0005479983	0.03479519	0.03479519	0.0121661	0.0121661	0.0319143	0.0153446	0.570814	0.381927
856	-66.22271	-88.59688	22.37417	0	1	0	0	0.00640901	0.0008142359	0.00249045	0.00249045	0.03479519	0.002272092	0.01649526	0.009891553	0.153305	0.0193777	0.265929	0.561389
857	-65.24526	-88.73214	23.48689	0	0	0	1	0.00640901	0.001111339	0.002776349	0.002545441	0.03479519	0.002670409	0.01649526	0.01649526	0.0600982	0.00719427	0.293132	0.639575
858	-73.61198	-89.78677	16.17479	0	1	1	1	0.0059242	0.001407084	0.002776349	0.002776349	0.02850569	0.02850569	0.01094109	0.01094109	0.0400424	0.00753126	0.306863	0.645563
859	-64.30388	-90.90061	26.59673	0	0	0	1	0.0059242	0.0002408995	0.002776349	0.00106297	0.02850569	0.002775256	0.007729094	0.007729094	0.0374179	0.00703765	0.286751	0.668794
860	-73.10736	-90.48191	17.37455	0	1	1	1	0.004723391	0.0008392742	0.0008942452	0.0008942452	0.02850569	0.02850569	0.007729094	0.007729094	0.137075	0.0257813	0.242516	0.594628
861	-66.27208	-91.95159	25.67951	0	1	0	0	0.01159325	0.0003973082	0.002018913	0.002018913	0.02365788	0.003931203	0.007729094	0.004933409	0.158327	0.0126618	0.536976	0.292036
862	-72.93911	-92.85783	19.91872	1	1	0	0	0.005228812	0.005228812	0.002018913	0.002018913	0.03618279	0.003753557	0.005558525	0.004933409	0.550499	0.00834442	0.285751	0.155406
863	-80.0023	-90.00945	10.00714	1	1	1	1	0.003426567	0.003426567	0.002018913	0.002018913	0.03273111	0.03273111	0.01712002	0.01712002	0.405958	0.00615349	0.473286	0.114603
864	-72.50987	-92.29006	19.78019	1	1	0	0	0.003426567	0.003426567	0.002274564	0.002274564	0.0313105	0.007915528	0.008123207	0.005418064	0.355309	0.00952242	0.47158	0.163589
865	-69.13362	-89.92476	20.79114	0	0	1	1	0.005629678	0.001530422	0.002274564	0.003817333	0.0313105	0.0313105	0.008123207	0.008123207	0.242821	0.00786946	0.38972	0.35959
866	-63.53683	-88.95477	25.41794	0	0	0	1	0.005629678	0.0008005324	0.001231065	0.003241419	0.0313105	0.0003586114	0.01318543	0.01318543	0.240971	0.0154279	0.386751	0.356851
867	-75.35912	-87.33503	11.97591	0	1	1	1	0.005629678	0.005224419	0.0007916851	0.0007916851	0.04353101	0.04353101	0.01839547	0.01839547	0.340777	0.0218179	0.132753	0.504652
868	-70.23945	-88.52222	18.28277	0	1	1	0	0.002524375	0.001090615	0.001113691	0.001113691	0.04353101	0.04353101	0.01839547	0.0003785855	0.190854	0.0122192	0.676403	0.120524
869	-68.12106	-91.49914	23.37808	0	0	1	0	0.002108	0.001245209	6.583117e-05	0.000883654	0.03055502	0.03055502	0.01839547	0.01417222	0.190854	0.0122192	0.676403	0.120524
870	-74.27715	-92.7404	18.46325	1	1	0	0	0.002108	0.002108	0.000285909	0.000285909	0.03055502	0.008923013	0.01839547	0.005733997	0.309122	0.0197912	0.475875	0.195211
871	-71.39579	-91.01715	19.62136	1	0	0	1	0.005154813	0.005154813	8.103109e-05	0.0007090983	0.03055502	0.007990369	0.01488658	0.01488658	0.309122	0.0197912	0.475875	0.195211
872	-60.72142	-90.92451	30.20309	0	0	0	0	0.005154813	0.001503482	8.103109e-05	0.003350074	0.03055502	0.0008324028	0.01488658	0.001559625	0.0536957	0.0139731	0.298269	0.634062
873	-73.25167	-88.66862	15.41694	0	1	1	1	0.006220471	0.001304223	0.000923052	0.000923052	0.03055502	0.03055502	0.01488658	0.01488658	0.29763	0.284178	0.227742	0.190449
874	-69.73868	-89.77698	20.0383	1	0	1	0	0.006220471	0.006220471	0.000923052	0.003284676	0.03055502	0.03055502	0.01488658	0.001122239	0.130103	0.124223	0.50214	0.243534
875	-73.34981	-86.38196	13.03215	0	1	1	1	0.007955165	0.0009475168	0.002430563	0.002430563	0.04674928	0.04674928	0.009448012	0.009448012	0.101477	0.0913201	0.544146	0.263057
876	-69.42406	-85.84618	16.42212	0	1	1	0	0.007955165	0.0009475168	0.002785313	0.002785313	0.04674928	0.04674928	0.01494236	0.004297144	0.175568	0.0521059	0.622229	0.150096
877	-78.79955	-94.40115	15.60161	1	1	0	1	0.007955165	0.007955165	0.002785313	0.002785313	0.02038738	0.003989168	0.01771601	0.01771601	0.175568	0.0521059	0.622229	0.150096
878	-74.0827	-95.31063	21.22794	0	1	1	0	0.007955165	0.004073624	0.002785313	0.002785313	0.01477245	0.01477245	0.01771601	0.002884638	0.119309	0.00935198	0.422841	0.448498
879	-67.77573	-93.06144	25.28571	0	0	0	1	0.007955165	0.004073624	0.002785313	0.0009425076	0.02738571	0.007558594	0.005812682	0.005812682	0.108927	0.00853819	0.473064	0.409471
880	-70.00306	-88.41585	18.4128	0	1	1	0	0.008096896	0.003483479	0.000914244	0.000914244	0.03060814	0.03060814	0.01524099	0.007946264	0.0421555	0.00330434	0.567245	0.387295
881	-68.70542	-87.17035	18.46493	0	0	1	1	0.008096896	0.001502394	0.002158083	0.002874653	0.04312475	0.04312475	0.008234998	0.008234998	0.0422017	0.00221311	0.567867	0.387719
882	-73.20989	-85.66112	12.45124	0	1	1	1	0.008096896	0.0006390503	0.002158083	0.002158083	0.04312475	0.04312475	0.01683461	0.01683461	0.0422017	0.00221311	0.567867	0.387719
883	-74.28846	-88.73161	14.44315	0	1	1	1	0.002590185	0.001058486	0.002158083	0.002158083	0.04312475	0.04312475	0.010528	0.010528	0.133529	0.0646207	0.0504544	0.751396
884	-65.84108	-86.25396	20.41288	0	0	1	0	0.01080482	0.001058486	0.002158083	6.596893e-05	0.0594306	0.0594306	0.008083364	0.002785186	0.121256	0.150589	0.0458173	0.682337
885	-75.21234	-87.00713	11.79479	0	1	1	1	0.00521154	0.001666442	0.0002163782	0.0002163782	0.0594306	0.0594306	0.008083364	0.008083364	0.153951	0.191192	0.555257	0.0995998
886	-76.53441	-86.06282	9.528405	1	0	1	1	0.00521154	0.00521154	0.0002628683	0.004867355	0.06707753	0.06707753	0.01015288	0.01015288	0.157739	0.171289	0.568921	0.102051
887	-71.8933	-90.71198	18.81867	1	0	1	0	0.00521154	0.00521154	0.0002628683	0.007774499	0.02674645	0.02674645	0.01502853	0.008944466	0.157739	0.171289	0.568921	0.102051
888	-68.47761	-88.52649	20.04888	0	0	0	1	0.0121594	0.0008832917	3.786544e-05	0.01022911	0.04572064	0.002409802	0.01502853	0.01502853	0.136454	0.283113	0.492152	0.0882803
889	-67.70783	-90.39468	22.68685	0	0	1	0	0.003297319	0.0003238061	3.786544e-05	0.01390876	0.04572064	0.04572064	0.006082259	0.002008604	0.214934	0.445942	0.20007	0.139054
890	-72.49916	-91.71014	19.21098	0	0	1	1	0.003356989	0.002316458	3.786544e-05	0.01390876	0.03506314	0.03506314	0.007041135	0.007041135	0.140698	0.538165	0.130968	0.19017
891	-68.27465	-92.192	23.91735	0	0	0	0	0.00389305	0.001867234	3.209641e-05	0.01500893	0.04518668	0.01002591	0.007041135	0.01082281	0.120244	0.428115	0.111928	0.339712
892	-80.21725	-90.27483	10.05759	1	1	1	1	0.00389305	0.00389305	3.209641e-05	3.209641e-05	0.04001354	0.04001354	0.0110694	0.0110694	0.127622	0.454384	0.118796	0.299198
893	-70.93622	-90.12197	19.18575	0	1	1	0	0.008449743	0.003174062	5.553863e-05	5.553863e-05	0.04001354	0.04001354	0.008682627	0.001493129	0.570713	0.0691873	0.314542	0.0455577
894	-74.66653	-89.41013	14.74359	1	1	1	0	0.005851544	0.005851544	0.0001725368	0.0001725368	0.04001354	0.04001354	0.009858136	0.001845192	0.272285	0.0330089	0.55219	0.142517
895	-77.27415	-89.74933	12.47518	0	1	1	1	0.003036238	0.003912687	0.0001725368	0.0001725368	0.05686269	0.05686269	0.00673228	0.00673228	0.18967	0.0229936	0.395706	0.391631
896	-72.39568	-87.11924	14.72356	1	0	1	0	0.003036238	0.003036238	0.001520805	0.005012215	0.05996765	0.05996765	0.01443359	0.003422206	0.114174	0.013067	0.224875	0.647885
897	-71.01487	-90.62052	19.60566	0	1	0	1	0.003036238	0.002922855	0.001025145	0.001025145	0.03371349	0.00433544	0.01443359	0.01443359	0.210659	0.0241095	0.414909	0.350322
898	-71.59706	-90.96716	19.3701	1	1	0	0	0.0028986	0.0028986	0.001025145	0.001025145	0.03371349	0.004405496	0.01522726	0.003544189	0.250736	0.0228853	0.393843	0.332535
899	-75.5162	-85.90884	10.39263	1	0	1	1	0.007113117	0.007113117	0.001591595	0.0004741497	0.05822263	0.05822263	0.01522726	0.01522726	0.246743	0.0384486	0.38757	0.327239
900	-80.39687	-86.44952	6.052644	1	1	1	1	0.00614106	0.00614106	0.001591595	0.001591595	0.05822263	0.05822263	0.01196134	0.01196134	0.464411	0.0100719	0.26689	0.258627
901	-64.86417	-86.17591	21.31174	0	1	0	0	0.00614106	4.26233e-05	0.0008698048	0.0008698048	0.05822263	0.001999029	0.01004954	0.001920302	0.309455	0.136578	0.248974	0.304992
902	-68.99234	-85.35687	16.36453	0	0	1	1	0.00614106	0.0008707464	0.001098718	0.001623538	0.05822263	0.05822263	0.01004954	0.01004954	0.298579	0.131778	0.240223	0.329421
903	-75.80083	-89.40312	13.60229	1	1	0	0	0.00614106	0.00614106	0.003634743	0.003634743	0.05822263	0.009985744	0.01004954	0.005772716	0.0793708	0.172961	0.315297	0.432371
904	-78.01234	-88.0927	10.08036	0	1	1	1	0.00614106	0.005675394	0.00432633	0.00432633	0.05822263	0.05822263	0.01004954	0.01004954	0.234264	0.193767	0.241203	0.330766
905	-66.47244	-87.4242	20.95176	0	0	1	0	0.00614106	0.001623786	0.00432633	0.002790996	0.05225697	0.05225697	0.01004954	0.004115417	0.0741151	0.234292	0.291649	0.399943
906	-76.97109	-91.51683	14.54574	1	1	1	0	0.00614106	0.00614106	0.00432633	0.00432633	0.03427742	0.03427742	0.0104614	0.003666473	0.0862948	0.272795	0.175242	0.465668
907	-68.67242	-88.06438	19.39197	0	1	1	0	0.00614106	0.0004959027	0.0009115908	0.0009115908	0.03427742	0.03427742	0.0104614	0.00840171	0.0811854	0.315852	0.164866	0.438097
908	-75.56796	-90.41855	14.85059	1	1	1	0	0.00614106	0.00614106	0.001323338	0.001323338	0.03265985	0.03265985	0.0104614	0.006543266	0.138741	0.539773	0.281747	0.0397377
909	-71.3605	-88.93722	17.57672	0	0	1	1	0.008840228	0.002018774	0.004782549	0.002209947	0.04007255	0.04007255	0.01314836	0.01314836	0.345199	0.3288	0.202145	0.123856
910	-66.47694	-91.0037	24.52676	0	0	1	0	0.005408487	0.001103696	0.003484451	0.004918922	0.02880227	0.02880227	0.01121216	0.005924868	0.331581	0.315829	0.19417	0.158419
911	-69.75105	-87.32222	17.57117	0	1	1	0	0.00937704	0.000676764	0.001909772	0.001909772	0.038875	0.038875	0.01698706	0.003278508	0.331581	0.315829	0.19417	0.158419
912	-73.23126	-89.05475	15.82349	0	1	1	0	0.00937704	0.0004373672	0.005350686	0.005350686	0.03889694	0.03889694	0.01698706	0.0100519	0.193015	0.183845	0.113027	0.510112
913	-69.55352	-89.48308	19.92956	0	0	1	0	0.00937704	0.0006774444	0.005350686	0.01138975	0.04259019	0.04259019	0.01361182	0.004154193	0.202066	0.145575	0.118327	0.534032
914	-74.47057	-90.74584	16.27527	0	1	1	0	0.00937704	0.0004217802	0.005350686	0.005350686	0.02962554	0.02962554	0.01759398	0.01614778	0.158973	0.171109	0.249774	0.420144
915	-66.49449	-89.62805	23.13356	0	0	0	1	0.002910896	0.001236308	0.002060492	0.003088683	0.03642026	0.009642852	0.01346456	0.01346456	0.0690631	0.196175	0.677235	0.0575269
916	-73.41084	-92.92431	19.51346	0	0	1	0	0.002910896	0.005099645	0.00652665	0.002819032	0.03642026	0.03642026	0.01627538	0.01947938	0.158281	0.449599	0.260278	0.131842
917	-73.12989	-89.95782	16.82793	1	0	1	0	0.002910896	0.002910896	0.0007557894	0.002998446	0.03642026	0.03642026	0.01535631	0.01691384	0.353351	0.345404	0.199958	0.101287
918	-76.69094	-93.48413	16.79319	1	1	0	0	0.009619711	0.009619711	0.0006283932	0.0006283932	0.03642026	0.01801084	0.004686471	0.006188579	0.0949641	0.0612279	0.816587	0.0272212
919	-83.90625	-101.1752	17.26891	1	1	0	1	0.005116031	0.005116031	0.00201827	0.00201827	0.01320207	0.01827314	0.004686471	0.004686471	0.788881	0.0950527	0.0738074	0.0422594
920	-80.09106	-99.16888	19.07783	1	1	1	0	0.002403252	0.002403252	0.00201827	0.00201827	0.02199305	0.02199305	0.004686471	0.001847799	0.828654	0.099845	0.0271111	0.04439
921	-68.29188	-90.92025	22.62838	0	0	1	0	0.007856032	0.0005180174	0.0008524716	0.005269535	0.04719912	0.04719912	0.004686471	0.005332091	0.645376	0.298937	0.0211148	0.034572
922	-73.63417	-92.12298	18.48881	0	0	1	1	0.01148267	0.0004195449	0.000620455	0.00207472	0.04719912	0.04719912	0.004058678	0.004058678	0.58492	0.3499	0.0247144	0.0404658
923	-67.04263	-89.38372	22.34109	0	0	1	0	0.01055866	0.001722853	0.000620455	0.001392304	0.04719912	0.04719912	0.008477048	0.003386592	0.58492	0.3499	0.0247144	0.0404658
924	-69.17089	-90.15227	20.98139	0	1	1	0	0.008931634	0.002675557	0.000620455	0.000620455	0.03072222	0.03072222	0.008477048	0.0001705772	0.294847	0.330415	0.336525	0.0382124
925	-80.92626	-91.86532	10.93906	0	1	1	1	0.01354969	0.005588631	0.004575681	0.004575681	0.05082461	0.05082461	0.004964545	0.004964545	0.308029	0.30048	0.35157	0.0399208
926	-76.63365	-86.96021	10.32657	0	1	1	1	0.01353877	0.003981033	0.001067707	0.001067707	0.05082461	0.05082461	0.01359451	0.01359451	0.272316	0.265642	0.426749	0.0352923
927	-83.38728	-90.05563	6.668353	1	1	1	1	0.002139488	0.002139488	0.001948387	0.001948387	0.04694133	0.04694133	0.02336552	0.02336552	0.272316	0.265642	0.426749	0.0352923
928	-72.53277	-95.60614	23.07337	1	1	0	0	0.002094705	0.002094705	0.001198684	0.001198684	0.02471069	0.00149733	0.007198463	0.002931331	0.272316	0.265642	0.426749	0.0352923
929	-71.16177	-90.39498	19.23321	1	0	0	0	0.003410724	0.003410724	0.001650734	0.001496467	0.06600088	0.009308214	0.005417266	0.003850047	0.122459	0.364218	0.461549	0.0517742
930	-67.74432	-86.8562	19.11187	0	0	1	0	0.003377927	0.002501579	0.001650734	0.001496467	0.06600088	0.06600088	0.01257891	0.004221888	0.156555	0.357217	0.437186	0.0490413
931	-73.24793	-87.53216	14.28423	1	0	1	0	0.006630611	0.006630611	0.002506953	0.002078458	0.06600088	0.06600088	0.007141121	0.005547662	0.037313	0.2387	0.691217	0.0327704
932	-70.97625	-88.50673	17.53048	0	1	0	1	0.006630611	7.856355e-05	0.004590582	0.004590582	0.05347901	2.948088e-05	0.006528638	0.006528638	0.0376914	0.23098	0.698226	0.0331027
933	-69.59173	-88.06666	18.47494	0	1	0	1	0.006630611	0.0007508678	0.0004583771	0.0004583771	0.05076449	0.0008015599	0.006528638	0.006528638	0.276871	0.277837	0.403369	0.0419228
934	-69.7576	-87.39122	17.63362	0	1	0	0	0.005451581	0.003723485	0.0004583771	0.0004583771	0.05076449	0.01497175	0.01967482	0.005239589	0.197344	0.308392	0.44773	0.0465333
935	-78.44015	-87.63134	9.191191	1	0	1	1	0.005451581	0.005451581	0.0004583771	0.01200945	0.04790914	0.04790914	0.02367252	0.02367252	0.0904637	0.141369	0.205242	0.562926
936	-78.36382	-88.14426	9.780439	0	1	1	1	0.006373672	0.004057604	0.004117594	0.004117594	0.04790914	0.04790914	0.02367252	0.02367252	0.0853351	0.190046	0.193606	0.531012
937	-77.67918	-90.63904	12.95986	0	0	1	1	0.006373672	0.00830019	0.006565392	0.004660246	0.04790914	0.04790914	0.02367252	0.02367252	0.1085	0.241636	0.246162	0.403702
938	-71.26605	-88.09302	16.82698	1	0	1	0	0.006373672	0.006373672	0.003878506	0.0002209971	0.04790914	0.04790914	0.0151149	0.001863779	0.122075	0.196335	0.200012	0.481578
939	-77.86397	-88.53282	10.66886	0	1	1	1	0.006373672	0.01103396	0.002424475	0.002424475	0.04790914	0.04790914	0.01330747	0.01330747	0.138984	0.116816	0.171556	0.572644
940	-79.99474	-87.42882	7.434074	1	1	1	1	0.006373672	0.006373672	0.002424475	0.002424475	0.04790914	0.04790914	0.01330747	0.01330747	0.23124	0.107994	0.199141	0.461625
941	-77.57714	-86.77938	9.202237	0	1	1	1	0.006373672	0.008278117	0.00143316	0.00143316	0.05916358	0.05916358	0.01418935	0.01418935	0.442673	0.135422	0.170465	0.25144
942	-66.77529	-89.52286	22.74757	0	0	0	1	0.008680826	0.002506307	0.003756641	0.001450275	0.03209822	0.0007357531	0.0218039	0.0218039	0.0829508	0.0770198	0.697025	0.143004
943	-60.51442	-89.03487	28.52045	0	0	0	0	0.00790839	0.002506307	0.002557037	0.001374369	0.03935156	0.0008452602	0.01230215	0.0007027605	0.577166	0.0894349	0.167344	0.166056
944	-65.33075	-94.18922	28.85847	0	0	0	0	0.007355125	0.002506307	0.001517824	0.01249271	0.02009518	0.0005328134	0.01230215	0.008812196	0.496217	0.0768915	0.284125	0.142766
945	-67.19966	-91.21064	24.01097	0	1	0	0	0.005813025	0.000406615	0.001527141	0.001527141	0.02093012	0.01087394	0.01230215	0.0119522	0.346979	0.0996694	0.368293	0.185058
946	-61.04112	-90.1637	29.12258	0	0	0	0	0.007717609	0.001072325	0.002934287	0.002342579	0.02684784	0.01087394	0.01230215	1.284648e-05	0.355942	0.0764126	0.377806	0.189839
947	-72.42905	-85.76298	13.33393	0	1	0	1	0.007717609	0.001200466	0.001653049	0.001653049	0.06423129	0.01087394	0.009665111	0.009665111	0.317608	0.084567	0.387727	0.210097
948	-71.7686	-95.39485	23.62625	1	0	0	0	0.009582042	0.009582042	0.002040512	0.00924298	0.0258382	0.004921588	0.01305561	0.001324893	0.442193	0.0944796	0.228604	0.234724
949	-75.32881	-90.45684	15.12803	1	1	1	0	0.003312238	0.003312238	0.0008959855	0.0008959855	0.03290286	0.03290286	0.01305561	0.005375232	0.487835	0.0418287	0.210552	0.259784
950	-71.73718	-91.591	19.85382	1	1	0	0	0.003312238	0.003312238	0.0008959855	0.0008959855	0.03290286	0.0002558881	0.01278289	0.00789737	0.487835	0.0418287	0.210552	0.259784
951	-71.72247	-91.03804	19.31557	0	0	1	1	0.003312238	0.005543177	0.0008959855	0.005688927	0.03290286	0.03290286	0.01278289	0.01278289	0.519653	0.0445569	0.159063	0.276727
952	-72.61455	-91.53257	18.91802	0	1	1	0	0.003549664	0.001069988	0.004943635	0.004943635	0.03290286	0.03290286	0.01278289	0.008151042	0.519653	0.0445569	0.159063	0.276727
953	-72.92546	-85.1116	12.18614	0	1	1	0	0.01224684	0.001069988	0.0005971501	0.0005971501	0.06734365	0.06734365	0.01097092	0.00967835	0.414531	0.100616	0.264106	0.220747
954	-68.1364	-86.81448	18.67808	0	0	1	1	0.007223865	0.002045666	0.001017765	0.002565863	0.03731636	0.03731636	0.01460304	0.01460304	0.188375	0.0457227	0.48663	0.279273
955	-72.86066	-92.50493	19.64427	0	1	0	1	0.007338033	0.0006518153	0.006794703	0.006794703	0.02896289	0.005752736	0.009745696	0.009745696	0.11524	0.0498427	0.530479	0.304438
956	-65.51934	-89.39091	23.87157	0	1	0	0	0.01310341	6.785037e-05	0.001249385	0.001249385	0.02896289	0.002569814	0.01493788	0.003711341	0.301982	0.0393227	0.418514	0.240181
957	-73.2246	-92.19489	18.97029	1	0	0	1	0.004682785	0.004682785	0.001599889	0.0073426	0.02896289	0.004929075	0.01558387	0.01558387	0.190309	0.39458	0.263748	0.151363
958	-73.69241	-86.89553	13.20312	0	1	1	1	0.0069528	0.003045069	0.001599889	0.001599889	0.0433627	0.0433627	0.0115921	0.0115921	0.100382	0.208128	0.139118	0.552371
959	-67.69279	-86.93393	19.24115	0	1	0	0	0.009919621	0.0007833281	0.002207605	0.002207605	0.0433627	0.02179553	0.0115921	0.001428035	0.0315235	0.157997	0.391158	0.419322
960	-72.35164	-88.26773	15.91609	0	1	1	0	0.006616892	0.008044606	0.002207605	0.002207605	0.0433627	0.0433627	0.01435279	0.00598673	0.0279468	0.253531	0.346777	0.371745
961	-79.38126	-87.43115	8.049886	1	1	1	1	0.006883099	0.006883099	0.001893679	0.001893679	0.0433627	0.0433627	0.01435279	0.01435279	0.011359	0.155706	0.607663	0.225272
962	-75.62688	-91.32302	15.69615	1	0	1	1	0.006883099	0.006883099	0.0007658906	0.00380177	0.02648873	0.02648873	0.01435279	0.01435279	0.00592738	0.559428	0.317092	0.117552
963	-68.17623	-88.04545	19.86922	0	0	1	1	0.006883099	0.0004376007	0.0007658906	0.006894093	0.03332404	0.03332404	0.009654404	0.009654404	0.0039899	0.376569	0.536459	0.0829825
964	-65.15419	-88.12198	22.96779	0	0	1	0	0.01068837	0.002715031	0.0007658906	0.004744651	0.03789545	0.03789545	0.009830583	0.003132272	0.0583311	0.3838	0.54676	0.011109
965	-71.12104	-85.56501	14.44397	0	0	1	1	0.007290658	0.002927762	0.00126563	0.003297181	0.06438012	0.06438012	0.009830583	0.009830583	0.085092	0.396198	0.50838	0.0103292
966	-65.81276	-87.75936	21.9466	0	0	1	0	0.007290658	0.002013167	0.0004459481	0.008074635	0.04238692	0.04238692	0.009807146	0.005595058	0.128607	0.59881	0.242868	0.0297147
967	-65.97543	-89.3061	23.33067	0	0	0	0	0.009685861	0.00119833	0.003742778	0.008074635	0.04238692	0.01048972	0.01169734	0.009958114	0.128607	0.59881	0.242868	0.0297147
968	-81.00414	-90.94837	9.944231	1	1	1	1	0.00634861	0.00634861	0.003742778	0.003742778	0.03386775	0.03386775	0.01169734	0.01169734	0.155597	0.490094	0.329989	0.0243199
969	-61.19178	-92.12421	30.93242	0	0	0	0	0.00634861	0.000416045	0.003742778	0.002552759	0.02401921	0.004181864	0.01169734	0.0007925486	0.644479	0.118598	0.13619	0.100732
970	-65.86677	-88.17172	22.30495	0	0	0	1	0.00634861	0.0009915031	0.0003459028	0.007426171	0.03419723	0.006381094	0.01787325	0.01787325	0.245422	0.0451629	0.6968	0.012615
971	-69.56224	-85.47125	15.90901	0	1	0	0	0.01177312	0.003498813	0.0007577384	0.0007577384	0.07067143	0.002098829	0.01551916	0.005829866	0.245422	0.0451629	0.6968	0.012615
972	-72.54571	-89.01706	16.47136	0	0	1	1	0.01177312	0.003498813	0.0007577384	0.005003131	0.03539348	0.03539348	0.02096889	0.02096889	0.388366	0.224894	0.372404	0.0143365
973	-69.48214	-87.55947	18.07733	0	1	0	1	0.008623292	0.0008174896	0.001131915	0.001131915	0.04316473	0.006063048	0.008408438	0.008408438	0.388366	0.224894	0.372404	0.0143365
974	-69.20827	-86.26953	17.06126	0	0	1	1	0.008623292	0.0008174896	0.001131915	4.440107e-05	0.04316473	0.04316473	0.02023906	0.02023906	0.333178	0.245186	0.406006	0.01563
975	-75.34795	-86.63775	11.28979	0	1	1	1	0.008623292	0.00388667	0.001583171	0.001583171	0.04316473	0.04316473	0.02023906	0.02023906	0.140287	0.103238	0.749894	0.00658115
976	-68.24069	-85.31408	17.0734	0	0	1	1	0.009414928	0.0009364653	0.001230629	0.0006063268	0.04559376	0.04559376	0.01616935	0.01616935	0.218038	0.064321	0.713541	0.00410031
977	-74.81077	-89.7837	14.97292	0	1	1	1	0.009414928	0.0001395252	0.001849025	0.001849025	0.02554922	0.02554922	0.01947648	0.01947648	0.52248	0.154131	0.313563	0.00982551
978	-68.24882	-90.45795	22.20913	0	0	1	0	0.00485222	0.0001395252	0.004298228	0.009308817	0.03945432	0.03945432	0.007634421	0.008424327	0.4859	0.14334	0.361623	0.00913759
979	-71.28888	-87.13636	15.84748	0	1	1	0	0.008516153	0.002014955	0.001434554	0.001434554	0.03945432	0.03945432	0.01842335	0.01112047	0.487274	0.137749	0.366196	0.00878117
980	-69.73381	-90.2699	20.53609	0	0	0	1	0.01457035	0.002347964	0.003718924	0.004456188	0.03692927	0.003235724	0.01842335	0.01842335	0.0851174	0.245792	0.653422	0.0156687
981	-74.80516	-90.98568	16.18051	0	1	0	1	0.01437442	0.003327829	0.0007565353	0.0007565353	0.02735193	0.01482474	0.01842335	0.01842335	0.0888386	0.212819	0.681988	0.0163537
982	-73.86705	-87.44087	13.57382	0	1	1	1	0.005064931	0.0008197086	0.002215665	0.002215665	0.03790848	0.03790848	0.01842335	0.01842335	0.129731	0.310779	0.535609	0.0238812
983	-70.19531	-87.95028	17.75497	0	0	1	1	0.005064931	0.002163712	0.002460384	0.0007931831	0.03790848	0.03790848	0.02166212	0.02166212	0.26298	0.0814958	0.607114	0.0484102
984	-75.12327	-89.74922	14.62595	0	1	1	1	0.006778889	0.003613861	0.002460384	0.002460384	0.03790848	0.03790848	0.007652252	0.007652252	0.389142	0.120593	0.138683	0.351583
985	-75.59657	-97.34679	21.75022	1	0	0	1	0.006076743	0.006076743	0.0001482836	0.0003088782	0.03543539	0.001870083	0.003360322	0.003360322	0.419688	0.0515626	0.149569	0.379181
986	-76.2054	-94.49239	18.28699	0	1	1	1	0.006076743	0.0001586511	0.0007812736	0.0007812736	0.0270955	0.0270955	0.003360322	0.003360322	0.314435	0.0437586	0.126931	0.514875
987	-71.02155	-89.18614	18.16459	0	1	1	0	0.01220905	0.001428083	0.0007812736	0.0007812736	0.04523693	0.04523693	0.006273292	0.00178112	0.331242	0.0460974	0.080267	0.542394
988	-66.28946	-91.22905	24.93959	0	0	1	0	0.01176547	0.002964783	0.0007812736	0.001273609	0.02634114	0.02634114	0.01227425	0.003092915	0.0565697	0.0650305	0.113234	0.765166
989	-71.07784	-91.57695	20.49911	0	0	1	1	0.01176547	0.001761134	0.002007346	0.003085212	0.02634114	0.02634114	0.009395835	0.009395835	0.0717062	0.0425548	0.143533	0.742206
990	-71.5508	-94.22785	22.67706	0	1	1	0	0.004051553	0.001187131	0.002007346	0.002007346	0.01913833	0.01913833	0.009395835	0.006117937	0.113612	0.0406338	0.137053	0.708701
991	-68.76528	-94.68928	25.924	0	0	1	0	0.004051553	0.002878841	0.002007346	0.0001163191	0.01913833	0.01913833	0.009395835	0.01527432	0.270213	0.0635667	0.127132	0.539088
992	-72.9883	-97.50929	24.52099	1	0	1	0	0.004051553	0.004051553	0.002007346	0.000120214	0.01528118	0.01528118	0.009395835	0.0004946053	0.28817	0.0390419	0.0978743	0.574913
993	-74.29662	-90.66543	16.36881	0	1	1	1	0.004286063	0.001717084	0.002007346	0.002007346	0.02701854	0.02701854	0.01341555	0.01341555	0.229889	0.0311458	0.0780796	0.660886
994	-72.72846	-89.13088	16.40242	1	0	1	0	0.004286063	0.004286063	0.002007346	0.001098178	0.0355268	0.0355268	0.01341555	0.02145553	0.264231	0.0357985	0.0897436	0.610226
995	-71.33312	-89.47722	18.1441	1	0	1	0	0.006945478	0.006945478	0.002007346	0.003662429	0.0355268	0.0355268	0.01341555	0.006269362	0.091792	0.0441885	0.110777	0.753243
996	-76.16219	-89.72306	13.56087	1	0	1	1	0.006945478	0.006945478	0.002007346	0.006517187	0.0355268	0.0355268	0.01350937	0.01350937	0.0443239	0.245303	0.0910775	0.619296
997	-71.1392	-90.05709	18.91789	0	0	1	1	0.002632561	0.00101342	0.002653696	0.003221229	0.0355268	0.0355268	0.0183531	0.0183531	0.127061	0.266213	0.0988412	0.507885
998	-75.20893	-90.59662	15.3877	0	1	1	1	0.002632561	0.001071521	0.002653696	0.002653696	0.0355268	0.0355268	0.01217206	0.01217206	0.409901	0.179958	0.0668158	0.343326
999	-70.51708	-93.0761	22.55902	0	0	0	1	0.002632561	0.001871036	0.002653696	0.008498301	0.04001013	0.004272687	0.01217206	0.01217206	0.409901	0.179958	0.0668158	0.343326
1000	-70.56508	-90.07442	19.50935	0	0	1	1	0.006111019	0.0003178797	0.004932169	0.001987863	0.04001013	0.04001013	0.006658599	0.006658599	0.390166	0.219439	0.0635989	0.326796
1001	-71.81793	-91.93009	20.11216	0	0	1	1	0.006111019	0.001219836	0.004932169	0.005260807	0.03162906	0.03162906	0.007416616	0.007416616	0.104997	0.322052	0.0933388	0.479611
1002	-70.6744	-93.68245	23.00804	0	0	0	1	0.006111019	0.004061595	0.004932169	0.006608095	0.03162906	0.006390228	0.009809848	0.009809848	0.104997	0.322052	0.0933388	0.479611
1003	-71.46236	-90.93787	19.47551	0	0	1	1	0.006111019	0.001120991	0.004932169	0.006608095	0.03162906	0.03162906	0.009809848	0.009809848	0.0990624	0.101131	0.238166	0.56164
1004	-74.01107	-86.6514	12.64033	0	1	1	1	0.006111019	0.001120991	0.002941429	0.002941429	0.04778146	0.04778146	0.01181688	0.01181688	0.196575	0.264446	0.472607	0.0663716
1005	-68.60737	-87.96307	19.3557	0	0	1	0	0.007902583	0.002217969	0.002941429	0.007573991	0.04655697	0.04655697	0.01181688	0.01142386	0.308465	0.414968	0.172417	0.10415
1006	-78.36363	-93.68684	15.32322	1	1	1	0	0.004410066	0.004410066	0.005908131	0.005908131	0.02563484	0.02563484	0.01181688	0.006655541	0.0683593	0.101071	0.807489	0.0230808
1007	-71.84514	-89.67055	17.82541	0	0	1	1	0.004410066	0.003637587	0.005908131	0.001472391	0.04240482	0.04240482	0.01181688	0.01181688	0.0508251	0.0751459	0.477846	0.396183
1008	-75.49893	-92.20466	16.70573	1	1	0	0	0.004410066	0.004410066	0.005908131	0.005908131	0.04240482	0.01325326	0.007510342	0.002567929	0.0771629	0.114087	0.725468	0.0832823
1009	-66.0937	-88.78193	22.68823	0	0	1	0	0.006545585	0.00307577	0.0004621772	0.008296088	0.04240482	0.04240482	0.007510342	0.003076596	0.203479	0.260959	0.17999	0.355571
1010	-72.748	-87.36632	14.61832	0	1	1	1	0.006545585	0.0007412218	0.001255554	0.001255554	0.04240482	0.04240482	0.007510342	0.007510342	0.081871	0.104998	0.231802	0.581328
1011	-78.74222	-87.8844	9.14218	1	1	1	1	0.003713915	0.003713915	0.001255554	0.001255554	0.04240482	0.04240482	0.01286999	0.01286999	0.0985844	0.126433	0.0749806	0.700002
1012	-63.77001	-87.71444	23.94442	0	0	1	0	0.004338353	1.197487e-05	0.001255554	0.006490891	0.04240482	0.04240482	0.00928628	0.0003979786	0.146976	0.188495	0.525704	0.138825
1013	-69.76912	-89.42295	19.65383	0	0	1	1	0.002768555	6.576287e-05	0.003270403	0.001395404	0.04240482	0.04240482	0.00928628	0.00928628	0.118082	0.151439	0.618946	0.111533
1014	-81.79766	-88.23675	6.439088	1	1	1	1	0.008735221	0.008735221	0.003270403	0.003270403	0.05317662	0.05317662	0.0105239	0.0105239	0.167496	0.214811	0.459486	0.158207
1015	-80.09389	-88.02113	7.92724	1	1	1	1	0.008735221	0.008735221	0.001077338	0.001077338	0.04685736	0.04685736	0.0105239	0.0105239	0.170913	0.219194	0.468861	0.141032
1016	-70.08795	-87.25133	17.16338	0	1	0	1	0.004530147	0.0006212119	0.0004136912	0.0004136912	0.04685736	0.007191465	0.01382288	0.01382288	0.428883	0.150992	0.322975	0.09715
1017	-69.16245	-86.93535	17.7729	0	1	1	0	0.01088191	0.001074386	0.00136972	0.00136972	0.03766974	0.03766974	0.01382288	0.005131595	0.0310893	0.0773701	0.409864	0.481676
1018	-73.26013	-91.46156	18.20143	1	1	0	0	0.003643148	0.003643148	0.0007751073	0.0007751073	0.02647906	0.02272766	0.01042583	0.003448203	0.0155116	0.0386028	0.705559	0.240326
1019	-69.75547	-93.00544	23.24997	0	1	0	0	0.002892882	0.00152396	0.0007751073	0.0007751073	0.02917577	0.01430885	0.00603366	0.01344795	0.0117741	0.24621	0.535555	0.206461
1020	-71.58867	-93.17052	21.58185	0	1	1	0	0.004742503	0.001117152	0.003612517	0.003612517	0.02917577	0.02917577	0.00603366	0.003481206	0.00173412	0.786323	0.152971	0.0589716
1021	-71.20603	-93.10073	21.8947	0	1	0	1	0.007094578	0.0002169494	0.0006061128	0.0006061128	0.01462503	0.003097747	0.02073283	0.02073283	0.00733109	0.0966706	0.646693	0.249305
1022	-66.07404	-90.61287	24.53883	0	1	0	0	0.00671893	0.0002169494	0.00461869	0.00461869	0.03379611	0.003098924	0.009867581	0.002468609	0.00455745	0.508401	0.236858	0.250184
1023	-67.24042	-89.81788	22.57746	0	1	0	0	0.00671893	0.004043092	0.002664816	0.002664816	0.03725118	0.00308421	0.01615686	0.002085891	0.00455745	0.508401	0.236858	0.250184
1024	-71.61011	-87.62978	16.01967	1	0	1	0	0.00671893	0.00671893	0.001308068	0.001294653	0.0446861	0.0446861	0.01615686	0.009814228	0.00595263	0.507689	0.236526	0.249833
1025	-74.96284	-87.31517	12.35233	1	0	1	0	0.00671893	0.00671893	0.001308068	0.00657078	0.0446861	0.0446861	0.01615686	0.02551551	0.0255717	0.184413	0.435218	0.354797
1026	-75.13684	-87.44376	12.30693	1	1	1	0	0.007703738	0.007703738	0.001308068	0.001308068	0.0446861	0.0446861	0.01615686	0.001824068	0.0255717	0.184413	0.435218	0.354797
1027	-71.37669	-90.60588	19.22919	0	1	0	1	0.007591993	0.003890501	0.001308068	0.001308068	0.02715943	0.005513301	0.01615686	0.01615686	0.298949	0.132676	0.313117	0.255259
1028	-78.1374	-86.41218	8.274772	1	0	1	1	0.007591993	0.007591993	0.0002711766	0.0114241	0.05929892	0.05929892	0.01615686	0.01615686	0.298949	0.132676	0.313117	0.255259
1029	-69.15381	-89.03665	19.88284	0	1	1	0	0.007591993	0.0001112889	0.0004601301	0.0004601301	0.02770024	0.02770024	0.01615686	0.005860707	0.129195	0.180571	0.135318	0.554916
1030	-66.02133	-87.97614	21.95482	0	0	1	0	0.007591993	0.002095411	0.0005736762	0.008138941	0.03430578	0.03430578	0.01615686	0.006703875	0.0750931	0.322529	0.279839	0.322539
1031	-76.76846	-86.49665	9.728185	1	0	1	1	0.007591993	0.007591993	0.0007663785	0.007546217	0.05575222	0.05575222	0.01477262	0.01477262	0.0750931	0.322529	0.279839	0.322539
1032	-76.98747	-90.13946	13.15199	1	1	1	0	0.007360015	0.007360015	0.0006782978	0.0006782978	0.03301636	0.03301636	0.01451222	0.01127815	0.422103	0.224978	0.1952	0.157719
1033	-76.57464	-90.49519	13.92055	1	1	1	0	0.003365538	0.003365538	0.0006782978	0.0006782978	0.03301636	0.03301636	0.01878585	0.006602739	0.460616	0.154266	0.213009	0.172109
1034	-75.73	-87.71589	11.98589	1	0	1	1	0.003365538	0.003365538	0.0006782978	0.0007145478	0.05133479	0.05133479	0.01742202	0.01742202	0.491295	0.157764	0.21784	0.133101
1035	-68.13588	-87.2425	19.10662	0	0	1	1	0.006256251	0.0003308348	0.00150909	0.000564143	0.03623892	0.03623892	0.01742202	0.01742202	0.365224	0.153594	0.212082	0.269101
1036	-74.08618	-85.74904	11.66286	0	1	1	1	0.006256251	0.0001057506	0.000450197	0.000450197	0.05941775	0.05941775	0.009132998	0.009132998	0.365224	0.153594	0.212082	0.269101
1037	-72.96079	-88.28354	15.32275	0	1	1	1	0.007550048	0.0003712477	0.001104334	0.001104334	0.03626949	0.03626949	0.009132998	0.009132998	0.256846	0.404759	0.149148	0.189247
1038	-67.25092	-86.85947	19.60855	0	0	0	1	0.007550048	0.00132271	0.001104334	0.003395009	0.05313256	0.00134838	0.02113432	0.02113432	0.230682	0.363528	0.235821	0.169969
1039	-71.29346	-88.921	17.62754	0	1	1	0	0.006117067	0.002203641	0.002379589	0.002379589	0.03220233	0.03220233	0.02236418	0.005514919	0.0405923	0.307638	0.507933	0.143837
1040	-62.36252	-88.69207	26.32956	0	0	0	0	0.007194127	0.001111892	0.002379589	0.002565643	0.03220233	0.001848699	0.02236418	0.01041343	0.0655259	0.100473	0.601813	0.232188
1041	-72.97519	-85.0882	12.11301	0	1	1	1	0.007194127	0.001078213	0.001672779	0.001672779	0.05027003	0.05027003	0.01257292	0.01257292	0.0639557	0.0922875	0.630486	0.213271
1042	-75.77163	-90.04182	14.27019	1	0	1	1	0.008668813	0.008668813	0.001672779	0.0005263706	0.03313211	0.03313211	0.01644878	0.01644878	0.125613	0.181259	0.27425	0.418878
1043	-76.84447	-86.44503	9.600565	1	1	1	0	0.008668813	0.008668813	0.0008119382	0.0008119382	0.05804368	0.05804368	0.01697987	0.002655124	0.036684	0.386801	0.45268	0.123836
1044	-80.40387	-85.70135	5.297478	1	1	1	1	0.006400743	0.006400743	0.0008119382	0.0008119382	0.05804368	0.05804368	0.01697987	0.01697987	0.0750249	0.184518	0.681382	0.0590743
1045	-69.79541	-88.43198	18.63657	0	1	1	0	0.004147503	0.000796198	0.0005592895	0.0005592895	0.03171919	0.03171919	0.01697987	0.01080795	0.0750249	0.184518	0.681382	0.0590743
1046	-71.72795	-85.97652	14.24857	0	0	1	1	0.006497995	0.001806458	0.001517934	0.006510631	0.05679675	0.05679675	0.01697987	0.01697987	0.201534	0.495659	0.144121	0.158687
1047	-65.54847	-87.04666	21.49819	0	0	1	0	0.006497995	0.001511258	0.002876712	0.0005623672	0.04820786	0.04820786	0.01488336	0.003638944	0.316797	0.424108	0.123316	0.13578
1048	-81.88895	-88.65667	6.76772	1	1	1	1	0.007858417	0.007858417	0.002876712	0.002876712	0.04820786	0.04820786	0.01488336	0.01488336	0.316797	0.424108	0.123316	0.13578
1049	-72.69895	-88.11185	15.4129	0	1	1	0	0.007159882	0.006725539	0.002876712	0.002876712	0.04820786	0.04820786	0.01488336	0.003596276	0.260752	0.349078	0.233028	0.157141
1050	-75.75271	-87.55789	11.80518	1	0	1	1	0.007159882	0.007159882	0.00152537	0.004408655	0.0517949	0.0517949	0.009660061	0.009660061	0.0916906	0.297188	0.364991	0.24613
1051	-72.77845	-87.47002	14.69157	1	0	1	0	0.007159882	0.007159882	0.003037006	0.00248374	0.0517949	0.0517949	0.0173351	0.005765041	0.158562	0.275308	0.33812	0.228009
1052	-71.00319	-88.35439	17.3512	0	1	0	1	0.007159882	0.002057193	0.003092957	0.003092957	0.0399313	0.002785947	0.0173351	0.0173351	0.158562	0.275308	0.33812	0.228009
1053	-65.71263	-87.21603	21.5034	0	0	1	0	0.007159882	0.002057193	0.0002698428	0.002915279	0.03930245	0.03930245	0.01014785	0.0162962	0.203258	0.198818	0.433431	0.164493
1054	-69.1731	-89.41168	20.23858	0	1	0	1	0.007159882	0.0005972569	0.0002698428	0.0002698428	0.02713726	0.008330798	0.01235135	0.01235135	0.0566089	0.221393	0.482643	0.239356
1055	-62.17406	-86.35528	24.18121	0	0	0	0	0.007258329	0.0007737188	0.0004170706	0.0002024995	0.04695591	0.006039762	0.01235135	0.01836992	0.0455733	0.178233	0.388554	0.387639
1056	-73.84788	-86.81965	12.97177	1	0	1	1	0.005802936	0.005802936	0.0005246242	0.0007442001	0.04845281	0.04845281	0.01235135	0.01235135	0.0455733	0.178233	0.388554	0.387639
1057	-76.44058	-87.07105	10.63047	1	1	1	0	0.005802936	0.005802936	0.0001995201	0.0001995201	0.04845281	0.04845281	0.01734755	0.009465507	0.045489	0.177903	0.389685	0.386922
1058	-69.73413	-86.42151	16.68738	0	1	1	0	0.003929049	0.0008034509	0.001238678	0.001238678	0.04845281	0.04845281	0.01734755	0.004387971	0.039815	0.250667	0.341079	0.368439
1059	-73.59574	-85.77028	12.17454	0	1	1	1	0.004840553	0.0005565113	0.001238678	0.001238678	0.04845281	0.04845281	0.01734755	0.01734755	0.0502774	0.316536	0.0957524	0.537435
1060	-74.97684	-86.67368	11.69684	0	1	1	1	0.004840553	0.001870789	0.002656893	0.002656893	0.04845281	0.04845281	0.01734755	0.01734755	0.051021	0.306427	0.0971686	0.545383
1061	-80.44878	-87.17826	6.729475	1	1	1	1	0.005547328	0.005547328	0.002656893	0.002656893	0.04845281	0.04845281	0.01738808	0.01738808	0.0336709	0.202224	0.404183	0.359922
1062	-75.59571	-87.68868	12.09297	1	0	1	1	0.004961092	0.004961092	0.002928157	0.003000963	0.04845281	0.04845281	0.01355967	0.01355967	0.101383	0.274674	0.135074	0.488869
1063	-69.78149	-86.39476	16.61327	0	1	1	0	0.004961092	0.001233786	0.001927716	0.001927716	0.04845281	0.04845281	0.01961872	0.0003892743	0.103482	0.175009	0.222514	0.498994
1064	-64.35332	-87.36092	23.0076	0	0	1	0	0.006937266	0.0009090911	0.0003827517	0.001208737	0.03847888	0.03847888	0.01961872	0.002009105	0.573279	0.0536658	0.220041	0.153014
1065	-65.61122	-90.22721	24.61599	0	0	1	0	0.006937266	0.005260333	0.0004531087	0.001106416	0.03204324	0.03204324	0.01120426	0.003339795	0.58114	0.0526772	0.215987	0.150196
1066	-68.94297	-86.11129	17.16831	0	0	1	1	0.004443551	0.001958428	0.0008675495	0.001787539	0.05314721	0.05314721	0.01120426	0.01120426	0.241702	0.0936403	0.0808626	0.583795
1067	-75.78405	-87.14147	11.35742	1	1	1	0	0.004443551	0.004443551	0.0003564532	0.0003564532	0.05314721	0.05314721	0.01120426	0.007958633	0.235824	0.0457433	0.0874049	0.631028
1068	-80.43232	-89.7402	9.30788	1	1	1	1	0.002288832	0.002288832	5.498062e-05	5.498062e-05	0.0408317	0.0408317	0.01612094	0.01612094	0.250205	0.0485329	0.0927351	0.608527
1069	-80.42476	-88.68245	8.257692	1	1	1	1	0.006597136	0.006597136	4.616713e-05	4.616713e-05	0.0408317	0.0408317	0.0178286	0.0178286	0.37399	0.0364795	0.132134	0.457396
1070	-76.23044	-89.09341	12.86297	1	1	1	0	0.005107193	0.005107193	9.637093e-05	9.637093e-05	0.0408317	0.0408317	0.01402723	0.008435726	0.327142	0.171151	0.101608	0.4001
1071	-79.62448	-87.38538	7.760909	1	1	1	1	0.005107193	0.005107193	0.000120534	0.000120534	0.04889028	0.04889028	0.01402723	0.01402723	0.11297	0.224829	0.062315	0.599886
1072	-68.92815	-85.8449	16.91676	0	0	1	1	0.005107193	0.0002076723	0.0005660385	0.003950668	0.05654625	0.05654625	0.008469615	0.008469615	0.11297	0.224829	0.062315	0.599886
1073	-77.07766	-87.13095	10.0533	1	0	1	1	0.003252139	0.003252139	0.0006091429	0.0006148104	0.05654625	0.05654625	0.02354743	0.02354743	0.107226	0.213398	0.0181664	0.661209
1074	-80.39517	-95.46312	15.06795	1	1	1	0	0.003252139	0.003252139	0.003013995	0.003013995	0.02282443	0.02282443	0.02354743	0.003247594	0.288807	0.574776	0.0781796	0.0582369
1075	-73.36843	-90.52138	17.15295	1	0	1	0	0.003252139	0.003252139	0.003013995	0.002294453	0.03442475	0.03442475	0.02201241	0.008498662	0.0447375	0.196215	0.435007	0.324041
1076	-70.93091	-90.12644	19.19553	0	1	1	0	0.003252139	0.001663943	0.002296449	0.002296449	0.03442475	0.03442475	0.01148994	0.008685506	0.405293	0.122155	0.270817	0.201735
1077	-69.80142	-90.5331	20.73168	0	1	1	0	0.006021945	0.001663834	0.00269696	0.00269696	0.03442475	0.03442475	0.006737001	0.001481318	0.324093	0.223853	0.263333	0.188721
1078	-69.03273	-88.26304	19.23032	0	1	1	0	0.006021945	0.001663834	0.002215959	0.002215959	0.03442475	0.03442475	0.01271058	0.004576661	0.20917	0.00745419	0.234532	0.548844
1079	-71.06153	-94.00806	22.94653	0	0	1	1	0.006021945	0.001663834	0.001828495	0.002733258	0.0153986	0.0153986	0.01271058	0.01271058	0.32564	0.0116048	0.365123	0.297631
1080	-69.93909	-93.21308	23.274	0	1	0	1	0.006021945	0.0007672025	0.001828495	0.001828495	0.0153986	0.001756789	0.01271058	0.01271058	0.193786	0.00690594	0.62219	0.177118
1081	-72.4919	-96.05378	23.56188	0	1	1	0	0.00951771	0.001708509	0.001417265	0.001417265	0.0153986	0.0153986	0.005660006	0.003134824	0.229995	0.00819634	0.551595	0.210213
1082	-72.54509	-93.42179	20.8767	0	1	0	1	0.00951771	0.0005200317	0.001417265	0.001417265	0.0153986	0.0148792	0.01046347	0.01046347	0.229995	0.00819634	0.551595	0.210213
1083	-73.30877	-95.38912	22.08035	1	0	1	0	0.0067396	0.0067396	0.001417265	0.004447611	0.0153986	0.0153986	0.01677218	0.000536071	0.335439	0.00267502	0.59328	0.0686068
1084	-75.86529	-87.5301	11.6648	1	1	1	0	0.0067396	0.0067396	0.0003410153	0.0003410153	0.04469643	0.04469643	0.01677218	0.006802614	0.356576	0.00258994	0.574409	0.0664247
1085	-64.90065	-88.95209	24.05143	0	0	1	0	0.0067396	0.000394084	0.003750703	0.003185036	0.03116736	0.03116736	0.01677218	0.001564782	0.225891	0.00164073	0.363888	0.40858
1086	-66.65254	-90.19599	23.54345	0	0	1	0	0.0067396	0.001606064	0.003750703	0.002814076	0.03116736	0.03116736	0.01036374	0.01003789	0.266585	0.0165626	0.0748339	0.642019
1087	-68.3488	-89.08824	20.73945	0	0	1	1	0.0067396	0.001606064	0.0007715852	0.001898148	0.03330162	0.03330162	0.008664389	0.008664389	0.287477	0.0178606	0.00232813	0.692334
1088	-63.65034	-88.85205	25.2017	0	0	1	0	0.0067396	0.001606064	0.0006729144	0.001884988	0.03313841	0.03313841	0.01044965	0.002502489	0.199503	0.0188506	0.0509394	0.730707
1089	-69.9696	-90.96107	20.99147	0	0	1	0	0.006923328	0.001606064	0.001095686	0.01220143	0.02826609	0.02826609	0.02615991	0.004824456	0.0215314	0.212091	0.0801089	0.686269
1090	-79.83301	-89.30299	9.469986	1	1	1	1	0.006923328	0.006923328	0.001312741	0.001312741	0.03259019	0.03259019	0.01754293	0.01754293	0.0274309	0.270204	0.491592	0.210774
1091	-73.41973	-91.44838	18.02865	0	1	0	1	0.006923328	0.005845316	0.003079424	0.003079424	0.03259019	0.002506153	0.01754293	0.01754293	0.0404906	0.398845	0.249543	0.311121
1092	-76.71818	-89.22541	12.50724	1	1	1	0	0.003355728	0.003355728	0.003079424	0.003079424	0.04463699	0.04463699	0.01653231	0.002928612	0.044691	0.44022	0.171692	0.343397
1093	-71.14764	-88.19568	17.04804	0	0	1	0	0.004825134	0.002673574	0.003079424	0.005918259	0.04169612	0.04169612	0.01653231	0.02890882	0.0651234	0.321138	0.168091	0.445648
1094	-68.84775	-86.06026	17.21251	0	0	1	1	0.00741557	0.001180465	0.0004751479	0.005856122	0.04169612	0.04169612	0.01653231	0.01653231	0.0558715	0.275514	0.286278	0.382336
1095	-65.00527	-89.65085	24.64557	0	0	0	1	0.00741557	0.001145851	0.001904394	0.004732746	0.02793608	0.0005082884	0.01653231	0.01653231	0.0834359	0.41144	0.427515	0.0776089
1096	-75.38437	-91.09492	15.71054	1	0	1	1	0.00741557	0.00741557	0.000368707	0.001832164	0.02751189	0.02751189	0.01508159	0.01508159	0.0695409	0.509456	0.356319	0.0646844
1097	-78.32647	-91.99453	13.66806	1	1	1	0	0.003804993	0.003804993	0.000368707	0.000368707	0.02751189	0.02751189	0.009457487	0.02275001	0.05869	0.585999	0.30072	0.0545912
1098	-82.43456	-88.36196	5.927399	1	1	1	1	0.00380359	0.00380359	0.0004131508	0.0004131508	0.06812072	0.06812072	0.006295579	0.006295579	0.0886692	0.114938	0.713916	0.0824767
1099	-68.49677	-87.39393	18.89716	0	1	0	1	0.007222026	0.0008869639	0.0009016596	0.0009016596	0.03395795	0.0001990704	0.02035173	0.02035173	0.0886692	0.114938	0.713916	0.0824767
1100	-67.2727	-87.93782	20.66512	0	1	0	1	0.007222026	0.0008869639	0.0003934425	0.0003934425	0.03395795	0.0001864781	0.01075967	0.01075967	0.106646	0.112671	0.699833	0.0808498
1101	-74.65276	-88.26346	13.61069	1	1	1	0	0.007222026	0.007222026	0.001465693	0.001465693	0.04219409	0.04219409	0.01075967	0.002579722	0.19268	0.121658	0.538281	0.147381
1102	-71.84831	-91.26681	19.4185	1	1	0	0	0.007222026	0.007222026	0.0002415964	0.0002415964	0.03506346	0.007287209	0.009009792	0.001713212	0.00668698	0.0842139	0.677691	0.231408
1103	-69.39248	-88.40178	19.00931	0	1	0	1	0.007222026	0.002338575	0.0006335637	0.0006335637	0.03506346	0.00349594	0.01412435	0.01412435	0.0081221	0.102287	0.340326	0.549265
1104	-68.58055	-88.2092	19.62865	0	1	1	0	0.01064134	0.0007314599	0.0006677119	0.0006677119	0.03506346	0.03506346	0.009290046	0.00294121	0.0081221	0.102287	0.340326	0.549265
1105	-72.05587	-87.93094	15.87507	0	1	1	1	0.00487971	0.0007314599	0.0006677119	0.0006677119	0.03506346	0.03506346	0.009926456	0.009926456	0.00896045	0.0096267	0.375454	0.605959
1106	-64.04423	-87.38599	23.34176	0	0	1	0	0.004784057	0.0008253487	0.0006677119	0.001148888	0.03506346	0.03506346	0.01651953	0.008624135	0.0708467	0.0142366	0.388724	0.526193
1107	-65.99186	-90.82277	24.83091	0	0	0	1	0.003067341	0.001092665	0.004152371	0.001592675	0.03506346	0.0006959744	0.01345058	0.01345058	0.177986	0.0163585	0.446663	0.358993
1108	-75.39044	-89.52221	14.13177	0	1	1	1	0.003067341	0.002582575	0.003271047	0.003271047	0.0388691	0.0388691	0.01345058	0.01345058	0.158127	0.0290478	0.493887	0.318938
1109	-75.09718	-88.35809	13.26091	0	1	1	1	0.005478506	0.007224709	0.001199099	0.001199099	0.0388691	0.0388691	0.01345058	0.01345058	0.198081	0.0398331	0.677266	0.08482
1110	-71.43335	-90.26807	18.83473	1	0	1	0	0.002307955	0.002307955	0.002574638	0.0009252015	0.0388691	0.0388691	0.01671069	0.002488945	0.246359	0.0512306	0.596917	0.105493
1111	-68.37048	-93.00396	24.63349	1	0	0	0	0.002307955	0.002307955	0.002574638	0.005088211	0.0388691	0.001287552	0.009446113	0.0006707868	0.179682	0.477805	0.265572	0.0769412
1112	-76.81245	-91.96676	15.15431	1	1	0	1	0.004196081	0.004196081	0.002574638	0.002574638	0.0388691	0.002310437	0.007441339	0.007441339	0.3168	0.397939	0.221181	0.0640803
1113	-74.63678	-90.56651	15.92973	1	1	0	0	0.004196081	0.004196081	0.002574638	0.002574638	0.0388691	0.0021089	0.007441339	0.02530325	0.0593898	0.169169	0.727126	0.0443146
1114	-72.72049	-94.25865	21.53816	1	0	0	1	0.004196081	0.004196081	0.003590098	0.003576266	0.02106218	0.005520966	0.01046711	0.01046711	0.0593898	0.169169	0.727126	0.0443146
1115	-68.85183	-92.6185	23.76667	1	0	0	0	0.004196081	0.004196081	0.003590098	0.006827892	0.03388668	0.006029788	0.01046711	0.0002049582	0.184875	0.399947	0.277231	0.137947
1116	-67.79178	-91.04535	23.25357	0	1	0	0	0.004038084	0.002146088	0.00344713	0.00344713	0.03388668	0.005766333	0.01828398	0.00056928	0.402755	0.121948	0.226937	0.24836
1117	-66.67078	-89.44857	22.7778	0	0	0	1	0.01121435	0.002515624	0.0004614245	0.0005838083	0.03985644	0.007887688	0.008339712	0.008339712	0.0188843	0.16723	0.311204	0.502682
1118	-70.50324	-88.07412	17.57088	0	1	1	0	0.01121435	0.002515624	0.002525762	0.002525762	0.03985644	0.03985644	0.01298945	0.002004174	0.200072	0.136347	0.253732	0.409849
1119	-71.65596	-88.73897	17.08301	0	1	0	1	0.01121435	0.00270794	0.001850493	0.001850493	0.03985644	0.005277784	0.01298945	0.01298945	0.301045	0.13456	0.250407	0.313988
1120	-68.34415	-87.9347	19.59055	0	1	0	1	0.004479969	0.0002396829	0.001850493	0.001850493	0.03985644	0.00249737	0.01062919	0.01062919	0.325563	0.0731585	0.472923	0.128356
1121	-67.78374	-87.4436	19.65985	0	1	0	1	0.004479969	0.0002396829	0.001850493	0.001850493	0.03985644	0.002100964	0.01062919	0.01062919	0.0473358	0.151619	0.782383	0.0186625
1122	-68.91251	-88.83734	19.92483	0	1	0	1	0.004479969	0.0008346256	0.001850493	0.001850493	0.03532152	0.002619525	0.01253495	0.01253495	0.34976	0.136581	0.341827	0.171832
1123	-60.32842	-86.99929	26.67087	0	0	0	0	0.00654451	0.0007959898	0.003607887	0.001522832	0.0496402	0.002499619	0.01253495	0.0009815544	0.369803	0.0871028	0.361415	0.181679
1124	-77.15448	-88.24153	11.08705	0	1	1	1	0.00654451	0.0063291	0.003607887	0.003607887	0.0496402	0.0496402	0.01253495	0.01253495	0.224212	0.280609	0.0707121	0.424467
1125	-65.77077	-86.37046	20.59969	0	0	1	0	0.00654451	0.0008864054	0.003607887	0.0001713825	0.05864191	0.05864191	0.01130991	0.002155982	0.277909	0.316325	0.137003	0.268763
1126	-69.46455	-87.96799	18.50344	0	0	1	1	0.009358924	0.0006973639	0.003607887	0.000321417	0.04047603	0.04047603	0.01130991	0.01130991	0.2574	0.325309	0.140894	0.276397
1127	-75.32634	-90.67947	15.35314	1	0	1	1	0.003092553	0.003092553	0.003607887	0.0003696898	0.03833646	0.03833646	0.008847732	0.008847732	0.0723639	0.219265	0.239174	0.469197
1128	-79.5185	-89.94004	10.42154	1	1	1	1	0.002191726	0.002191726	0.0009859879	0.0009859879	0.03797779	0.03797779	0.01177074	0.01177074	0.0385265	0.116737	0.594937	0.2498
1129	-75.79184	-88.24095	12.4491	1	1	1	0	0.00672149	0.00672149	0.0009859879	0.0009859879	0.03797779	0.03797779	0.01177074	0.01340959	0.041749	0.116345	0.592943	0.248963
1130	-65.19073	-88.06109	22.87036	0	0	1	0	0.008868932	0.003403939	0.0009859879	0.006486089	0.03797779	0.03797779	0.01177074	0.0008361141	0.0711427	0.198259	0.306351	0.424247
1131	-70.02002	-86.36188	16.34187	0	0	1	1	0.006849486	0.003403939	0.0009857155	0.006259282	0.0488667	0.0488667	0.01177074	0.01177074	0.10405	0.289966	0.448057	0.157927
1132	-66.93201	-90.22795	23.29595	0	0	0	1	0.006849486	0.002280264	0.002260212	0.007383273	0.02799306	0.009358154	0.01177074	0.01177074	0.00655573	0.134819	0.708866	0.149759
1133	-73.93395	-89.85624	15.92229	0	1	1	1	0.006849486	0.002280264	0.0002508851	0.0002508851	0.02799306	0.02799306	0.01362501	0.01362501	0.00594772	0.122316	0.0947658	0.776971
1134	-77.86421	-90.26233	12.39812	1	0	1	1	0.006849486	0.006849486	0.002629854	0.006553143	0.04978576	0.04978576	0.00533897	0.00533897	0.00594772	0.122316	0.0947658	0.776971
1135	-70.78484	-86.32615	15.5413	0	1	1	0	0.006297908	0.003669898	0.002389126	0.002389126	0.04978576	0.04978576	0.0152526	0.005319847	0.00613331	0.0949295	0.0977228	0.801214
1136	-75.435	-88.41711	12.9821	1	0	1	1	0.007630165	0.007630165	0.002389126	0.0005253883	0.04978576	0.04978576	0.007486344	0.007486344	0.0294155	0.023349	0.103632	0.843603
1137	-67.91625	-85.07391	17.15765	0	0	1	1	0.007729136	0.001490551	0.001078132	0.0005834651	0.04978576	0.04978576	0.01280246	0.01280246	0.029951	0.0055699	0.105519	0.858961
1138	-75.11654	-90.7691	15.65257	1	0	1	1	0.007976532	0.007976532	0.001078132	0.002511353	0.02923669	0.02923669	0.01173884	0.01173884	0.0550135	0.00405622	0.315402	0.625528
1139	-79.86288	-90.8359	10.97302	1	1	1	1	0.007976532	0.007976532	0.0008197053	0.0008197053	0.02923669	0.02923669	0.01173884	0.01173884	0.0467371	0.0882953	0.289939	0.575029
1140	-76.60716	-91.526	14.91884	1	0	1	1	0.007976532	0.007976532	0.0008197053	0.007828816	0.02837463	0.02837463	0.01173884	0.01173884	0.103821	0.196139	0.270107	0.429933
1141	-66.52018	-91.67294	25.15276	0	0	1	0	0.007976532	0.002508313	0.001831927	0.007280128	0.02295502	0.02295502	0.01173884	0.002983318	0.147004	0.199524	0.382453	0.271018
1142	-77.43415	-86.70117	9.267018	1	1	1	0	0.009905878	0.009905878	0.001831927	0.001831927	0.06345047	0.06345047	0.01173884	0.002140213	0.103296	0.1402	0.566069	0.190436
1143	-68.88858	-88.21513	19.32655	0	1	1	0	0.004471557	0.002421549	0.0008413887	0.0008413887	0.03643934	0.03643934	0.01173884	0.005150576	0.075966	0.103106	0.416301	0.404627
1144	-78.57044	-92.64818	14.07774	0	1	1	1	0.003768136	0.01271537	0.0008413887	0.0008413887	0.03036046	0.03036046	0.01386432	0.01386432	0.0725464	0.14348	0.397561	0.386413
1145	-63.77381	-88.89946	25.12565	0	0	1	0	0.003768136	0.000104728	0.001447671	0.0002120067	0.03036046	0.03036046	0.01345205	0.008084092	0.0868924	0.171853	0.553323	0.187931
1146	-69.30753	-88.42045	19.11293	0	0	1	1	0.01289864	0.0001869454	0.0004072881	0.001376088	0.03036046	0.03036046	0.01705578	0.01705578	0.106429	0.130812	0.677733	0.0850259
1147	-72.87776	-90.41834	17.54059	0	1	1	0	0.01289864	0.004044168	0.002807304	0.002807304	0.03036046	0.03036046	0.01848244	0.002686083	0.106429	0.130812	0.677733	0.0850259
1148	-74.75763	-91.78138	17.02376	0	1	1	1	0.004227936	0.001261013	0.002932566	0.002932566	0.03036046	0.03036046	0.005916287	0.005916287	0.106429	0.130812	0.677733	0.0850259
1149	-71.08152	-92.30414	21.22262	1	0	0	0	0.004227936	0.004227936	0.003000296	0.006332366	0.03036046	0.002550274	0.02438278	0.008900647	0.106429	0.130812	0.677733	0.0850259
1150	-76.55184	-93.52818	16.97634	1	1	0	1	0.003970436	0.003970436	0.002038221	0.002038221	0.03036046	0.002164893	0.006435493	0.006435493	0.194847	0.308185	0.296652	0.200316
1151	-78.96384	-88.6539	9.690055	1	1	0	1	0.007954061	0.007954061	0.002195736	0.002195736	0.05112418	0.002631375	0.02274218	0.02274218	0.0189669	0.0694846	0.866385	0.045164
1152	-67.34427	-87.49324	20.14896	0	1	0	0	0.00478306	0.0007781369	0.002195736	0.002195736	0.04356096	0.001830966	0.02274218	0.01000511	0.0223435	0.0818545	0.617923	0.277879
1153	-65.78008	-90.03162	24.25154	0	0	1	0	0.004205778	0.001738437	0.002195736	0.0009451636	0.02869463	0.02869463	0.009906406	0.01474296	0.0237541	0.0870221	0.656933	0.232291
1154	-68.72406	-89.07019	20.34613	0	1	0	1	0.007331255	0.0004169467	0.002195736	0.002195736	0.02869463	0.006686199	0.009906406	0.009906406	0.0237541	0.0870221	0.656933	0.232291
1155	-68.71673	-89.49944	20.78271	0	0	1	1	0.007331255	0.003551792	0.000792181	0.002457662	0.02869463	0.02869463	0.009906406	0.009906406	0.0237541	0.0870221	0.656933	0.232291
1156	-67.98104	-89.29608	21.31504	0	1	0	1	0.007331255	0.0009090471	0.000792181	0.000792181	0.02869463	0.003823856	0.008137983	0.008137983	0.0218618	0.112856	0.851954	0.0133288
1157	-63.59021	-86.06118	22.47096	0	1	0	0	0.007331255	0.0001456259	0.001424654	0.001424654	0.04934562	0.000294234	0.008137983	0.005934777	0.0218618	0.112856	0.851954	0.0133288
1158	-60.75656	-86.4757	25.71913	0	0	0	0	0.007331255	0.0001456259	0.0009374016	0.001555536	0.04934562	0.00316847	0.008137983	0.01294964	0.0540805	0.346621	0.566327	0.0329721
1159	-69.89816	-91.53323	21.63507	0	0	1	1	0.008672354	0.0001532316	0.0009374016	0.004729779	0.01935014	0.01935014	0.01401547	0.01401547	0.408402	0.228414	0.343202	0.0199816
1160	-72.9814	-90.48941	17.50802	1	0	1	0	0.00550609	0.00550609	0.0003254009	0.007040253	0.0299882	0.0299882	0.01184331	0.01676215	0.408402	0.228414	0.343202	0.0199816
1161	-73.62613	-89.21569	15.58956	0	1	1	1	0.006577408	0.004167633	0.0003254009	0.0003254009	0.0299882	0.0299882	0.01184331	0.01184331	0.0604279	0.069501	0.853567	0.0165037
1162	-71.99327	-86.35841	14.36514	1	0	1	0	0.005304333	0.005304333	0.001581585	0.004845254	0.05706791	0.05706791	0.01184331	0.008800475	0.0604279	0.069501	0.853567	0.0165037
1163	-71.64471	-88.34406	16.69935	0	0	1	1	0.00247692	0.003489694	0.001264296	0.001222858	0.05579395	0.05579395	0.01184331	0.01184331	0.352583	0.0362015	0.602619	0.00859641
1164	-78.42914	-90.67935	12.25022	1	0	1	1	0.00247692	0.00247692	0.002990743	0.001397572	0.03982054	0.03982054	0.02531745	0.02531745	0.296492	0.0304424	0.506751	0.166314
1165	-78.91815	-91.12106	12.20291	1	0	1	1	0.00247692	0.00247692	0.002990743	0.001668169	0.03982054	0.03982054	0.02531745	0.02531745	0.511895	0.0730713	0.233872	0.181161
1166	-76.18661	-87.75072	11.5641	1	1	1	0	0.00707064	0.00707064	0.001712688	0.001712688	0.04773166	0.04773166	0.01446964	0.004943224	0.556727	0.0794708	0.254355	0.109448
1167	-71.48463	-90.84502	19.36039	1	0	1	0	0.00254521	0.00254521	0.0009081935	0.002816177	0.03353274	0.03353274	0.01446964	0.006597741	0.49575	0.0707666	0.226496	0.206987
1168	-77.56112	-92.41593	14.85481	0	1	1	1	0.005224952	0.009100892	0.0002711066	0.0002711066	0.0280382	0.0280382	0.01446964	0.01446964	0.559923	0.0642449	0.205623	0.17021
1169	-72.45073	-93.65165	21.20092	0	1	1	0	0.005224952	0.009100892	0.00179008	0.00179008	0.02343197	0.02343197	0.009550714	0.001243143	0.186589	0.0261361	0.71803	0.0692448
1170	-69.75567	-91.77435	22.01868	0	0	1	1	0.004893048	0.001399303	0.003311082	0.003077978	0.02343197	0.02343197	0.009550714	0.009550714	0.186589	0.0261361	0.71803	0.0692448
1171	-69.05312	-90.97407	21.92095	0	1	1	0	0.004893048	0.001399303	0.002461931	0.002461931	0.02343197	0.02343197	0.01054554	0.003491334	0.0952339	0.0259441	0.810086	0.0687361
1172	-70.84344	-87.18569	16.34225	0	1	1	0	0.004893048	0.002697203	0.002461931	0.002461931	0.05576818	0.05576818	0.01054554	0.001767744	0.521883	0.0418031	0.325561	0.110753
1173	-74.90968	-92.30824	17.39855	0	1	1	1	0.005634693	0.001304218	0.001500245	0.001500245	0.02983389	0.02983389	0.004281348	0.004281348	0.335141	0.0312071	0.566378	0.0672733
1174	-68.61779	-87.46171	18.84392	0	1	0	1	0.008031369	0.001868097	0.0006445899	0.0006445899	0.03970426	0.0009466047	0.01262901	0.01262901	0.24377	0.295334	0.411964	0.0489323
1175	-73.46896	-89.05241	15.58345	0	1	1	1	0.008031369	0.002384772	0.0006445899	0.0006445899	0.02924716	0.02924716	0.01262901	0.01262901	0.248243	0.300752	0.419522	0.0314831
1176	-66.16157	-87.85432	21.69275	0	0	1	0	0.009081225	0.002733327	0.0008763279	0.0009592003	0.03923142	0.03923142	0.009597033	0.01458702	0.248243	0.300752	0.419522	0.0314831
1177	-67.94123	-88.38568	20.44445	0	0	1	0	0.007710297	0.001991073	0.001759355	0.01584727	0.03923142	0.03923142	0.01165028	0.006016245	0.26796	0.0540037	0.644053	0.0339837
1178	-67.03103	-89.35736	22.32633	0	0	0	1	0.01594544	0.002589857	0.001032923	0.0004852854	0.03923142	0.003551412	0.01060513	0.01060513	0.0977226	0.12795	0.735518	0.0388099
1179	-74.25784	-88.69346	14.43561	0	1	1	0	0.01753422	0.0005748374	0.0005887106	0.0005887106	0.03923142	0.03923142	0.01279168	0.01831889	0.0941251	0.160053	0.708441	0.0373812
1180	-69.1607	-88.32544	19.16474	0	0	1	1	0.003946958	0.000449215	0.0005887106	0.006465724	0.03457028	0.03457028	0.01596792	0.01596792	0.0598944	0.465519	0.4508	0.0237867
1181	-64.18002	-86.29041	22.11039	0	0	0	0	0.01099144	0.001877946	0.0004790906	0.003941101	0.0530124	0.01232827	0.01712857	0.004454969	0.0785605	0.409481	0.480759	0.0311998
1182	-72.3895	-86.68935	14.29985	1	0	1	0	0.008180736	0.008180736	0.001175322	0.000652245	0.0530124	0.0530124	0.01712857	0.009667069	0.0672967	0.350771	0.521922	0.0600104
1183	-64.08447	-85.22468	21.14021	0	0	1	0	0.007111689	0.001983371	0.001175322	0.000838354	0.05093377	0.05093377	0.01248488	0.005698772	0.0704217	0.0624775	0.546159	0.320942
1184	-69.41478	-90.61057	21.19579	0	1	1	0	0.004739024	0.002244337	0.001175322	0.001175322	0.02458435	0.02458435	0.01248488	0.005143168	0.0573973	0.0509224	0.445147	0.446533
1185	-66.10287	-92.02419	25.92132	0	1	0	0	0.004739024	0.003517867	0.001175322	0.001175322	0.02307857	0.006677169	0.01248488	0.001205012	0.115261	0.0363943	0.462473	0.385871
1186	-73.92318	-85.35564	11.43246	0	1	1	1	0.008640128	0.001854648	0.002047927	0.002047927	0.05165328	0.05165328	0.01248488	0.01248488	0.157431	0.0572931	0.631674	0.153602
1187	-64.07701	-88.55553	24.47853	0	0	0	1	0.008640128	0.001739017	0.001437501	0.001429923	0.03054923	0.004850055	0.01248488	0.01248488	0.142261	0.0517722	0.612032	0.193936
1188	-69.30277	-87.60535	18.30258	0	0	1	1	0.008640128	0.004330136	0.001437501	0.00177344	0.03825437	0.03825437	0.01248488	0.01248488	0.126662	0.155744	0.544923	0.172671
1189	-72.22142	-86.69368	14.47226	0	1	1	1	0.006339968	0.0007762673	0.001437501	0.001437501	0.03825437	0.03825437	0.01248488	0.01248488	0.163274	0.129921	0.454575	0.252229
1190	-77.93421	-90.1118	12.17758	1	1	1	0	0.0104986	0.0104986	0.0005665889	0.0005665889	0.03825437	0.03825437	0.02211108	0.0009880427	0.206319	0.164173	0.310781	0.318726
1191	-82.45508	-86.07596	3.620877	1	1	1	1	0.005097813	0.005097813	0.0005665889	0.0005665889	0.06343076	0.06343076	0.02273134	0.02273134	0.190649	0.151704	0.287177	0.370471
1192	-78.07818	-90.96485	12.88667	1	0	1	1	0.005097813	0.005097813	0.0001430469	0.01222402	0.02816647	0.02816647	0.02273134	0.02273134	0.122383	0.0973829	0.542419	0.237815
1193	-79.32537	-89.79267	10.4673	1	1	1	1	0.005097813	0.005097813	7.897955e-05	7.897955e-05	0.03374981	0.03374981	0.01373789	0.01373789	0.172593	0.137337	0.354685	0.335385
1194	-75.43927	-90.37874	14.93946	1	1	1	0	0.00349771	0.00349771	0.0001639079	0.0001639079	0.03374981	0.03374981	0.0152101	0.003999027	0.172593	0.137337	0.354685	0.335385
1195	-75.57209	-87.35655	11.78445	1	0	1	1	0.003774211	0.003774211	0.0001625517	0.00633098	0.04603224	0.04603224	0.01836745	0.01836745	0.168231	0.234401	0.345719	0.25165
1196	-77.01771	-89.58497	12.56725	1	1	0	1	0.003774211	0.003774211	0.001916447	0.001916447	0.04603224	9.942406e-05	0.01836745	0.01836745	0.111904	0.490736	0.229966	0.167393
1197	-69.57688	-90.67186	21.09498	0	1	0	1	0.005282757	0.0003003633	0.001313413	0.001313413	0.02496659	0.0007171746	0.01836745	0.01836745	0.187273	0.479121	0.19307	0.140536
1198	-67.81319	-91.17447	23.36128	0	0	1	0	0.01007806	0.001856428	0.001313413	0.003117915	0.02496659	0.02496659	0.02235767	0.003831378	0.313597	0.258811	0.192257	0.235335
1199	-81.41945	-94.67398	13.25453	1	1	0	1	0.003137205	0.003137205	0.00400716	0.00400716	0.02496659	0.01178985	0.02235767	0.02235767	0.313597	0.258811	0.192257	0.235335
1200	-71.65748	-89.3522	17.69472	0	1	0	0	0.00520182	0.004255734	0.002456289	0.002456289	0.04432012	0.007822819	0.02235767	0.01352016	0.390278	0.102513	0.281621	0.225588
1201	-64.42393	-85.76026	21.33634	0	0	1	0	0.00520182	0.0007495159	0.0005200407	2.437538e-05	0.05996649	0.05996649	0.009975277	0.002666772	0.107921	0.149986	0.412037	0.330056
1202	-79.47329	-89.24376	9.770471	1	1	1	1	0.003644716	0.003644716	0.001082418	0.001082418	0.03506384	0.03506384	0.01685943	0.01685943	0.188683	0.204585	0.156527	0.450205
1203	-65.91149	-90.51741	24.60592	0	0	1	0	0.003898444	0.001777823	0.0009950161	0.00743571	0.02951064	0.02951064	0.01409952	0.002684914	0.0758155	0.082205	0.0628949	0.779085
1204	-65.60654	-87.97142	22.36488	0	0	0	0	0.003898444	0.0009766077	0.0009950161	0.007193527	0.05475427	0.01417979	0.01571737	0.005043095	0.333065	0.361134	0.217623	0.0881777
1205	-81.37842	-87.79515	6.416733	1	1	1	1	0.003082321	0.003082321	0.002280051	0.002280051	0.05475427	0.05475427	0.01571737	0.01571737	0.0831091	0.466704	0.28124	0.168947
1206	-76.23109	-91.01289	14.78179	1	1	1	0	0.003998902	0.003998902	0.002280051	0.002280051	0.02952924	0.02952924	0.01571737	0.005996871	0.0845893	0.457206	0.286249	0.171956
1207	-74.42658	-94.65809	20.23151	1	0	1	0	0.008624812	0.008624812	0.002280051	0.004557401	0.01876089	0.01876089	0.01571737	0.005946295	0.0776632	0.090904	0.675772	0.15566
1208	-76.90623	-94.19716	17.29093	1	1	0	0	0.008624812	0.008624812	0.002280051	0.002280051	0.01876089	0.02317999	0.01571737	0.004144021	0.0816168	0.0955315	0.710173	0.112678
1209	-75.84472	-93.49914	17.65443	1	1	1	0	0.003646026	0.003646026	0.0005770934	0.0005770934	0.01876089	0.01876089	0.01571737	0.002389404	0.133235	0.0649687	0.725167	0.0766299
1210	-66.38196	-93.16223	26.78027	0	1	0	0	0.003646026	0.0001800129	0.0004327126	0.0004327126	0.01876089	0.00143656	0.01903487	0.004473559	0.29993	0.146254	0.381311	0.172505
1211	-66.13772	-86.43759	20.29987	0	1	0	0	0.01269896	0.0001800129	0.0006989569	0.0006989569	0.05112063	0.003432597	0.01667272	0.0002290778	0.300665	0.073064	0.246632	0.379638
1212	-69.28015	-87.00689	17.72674	0	1	1	0	0.01269896	0.0001800129	0.0002858062	0.0002858062	0.04538914	0.04538914	0.01114169	0.0005186792	0.113662	0.0616682	0.214593	0.610077
1213	-69.46445	-86.57401	17.10956	0	1	1	0	0.004957746	0.0008158719	0.0002741558	0.0002741558	0.04538914	0.04538914	0.02089003	0.001417666	0.0369575	0.067005	0.233164	0.662874
1214	-64.67577	-90.96876	26.29298	0	0	0	0	0.004957746	0.001690255	0.005442563	0.002555369	0.03168541	0.01201373	0.02020571	0.001738292	0.073583	0.0106816	0.464233	0.451502
1215	-82.48403	-89.58805	7.104023	1	1	1	1	0.006868047	0.006868047	0.005442563	0.005442563	0.05053192	0.05053192	0.009060134	0.009060134	0.0733992	0.0131521	0.463074	0.450375
1216	-71.5631	-92.84011	21.27701	0	1	0	0	0.01050682	0.001472095	0.005442563	0.005442563	0.04144186	0.0005407258	0.004323466	0.01571611	0.0733992	0.0131521	0.463074	0.450375
1217	-73.14709	-85.53416	12.38707	0	1	0	1	0.01050682	0.001342115	0.001838383	0.001838383	0.06469759	0.01146982	0.01090282	0.01090282	0.163838	0.0118684	0.417876	0.406417
1218	-72.57278	-86.71635	14.14356	0	1	1	0	0.01050682	0.003708269	0.001838383	0.001838383	0.06470171	0.06470171	0.006923563	0.00303155	0.19093	0.0299641	0.533183	0.245923
1219	-70.18484	-86.74008	16.55524	0	1	0	1	0.01028055	0.001860177	0.001838383	0.001838383	0.04852131	0.002146976	0.01226794	0.01226794	0.15782	0.198181	0.440723	0.203277
1220	-70.60049	-89.15729	18.5568	0	1	1	0	0.01028055	0.0007158287	0.001838383	0.001838383	0.0277204	0.0277204	0.01358791	0.01132324	0.168409	0.211478	0.403197	0.216916
1221	-63.31029	-88.83292	25.52263	0	1	0	0	0.009136923	0.0007158287	0.0006025686	0.0006025686	0.03120677	0.001486904	0.01143315	0.0005762561	0.257046	0.214687	0.343479	0.184788
1222	-69.20323	-88.69604	19.4928	0	1	1	0	0.005402764	0.002319751	0.001185831	0.001185831	0.03915612	0.03915612	0.01143315	0.0006146729	0.290864	0.400839	0.0991975	0.2091
1223	-74.97334	-90.00209	15.02875	1	1	1	0	0.005402764	0.005402764	0.001185831	0.001185831	0.03423082	0.03423082	0.01143315	0.003857282	0.608567	0.0390244	0.207548	0.14486
1224	-64.53457	-90.28467	25.7501	0	0	0	1	0.005382428	3.203585e-05	0.001185831	0.0007699122	0.03423082	0.004995398	0.007260804	0.007260804	0.650397	0.116609	0.144207	0.0887869
1225	-68.98239	-88.11247	19.13008	0	0	1	1	0.005382428	6.546501e-05	0.0008583391	0.006564362	0.03423082	0.03423082	0.01508567	0.01508567	0.516246	0.161355	0.199542	0.122857
1226	-66.68088	-87.15824	20.47737	0	0	1	0	0.005382428	6.546501e-05	0.004070259	0.0006025914	0.04667759	0.04667759	0.01508567	0.01213366	0.585194	0.0493486	0.226193	0.139265
1227	-70.4078	-91.23777	20.82997	0	0	1	1	0.002621309	0.0007936374	0.004070259	0.0006025914	0.03487137	0.03487137	0.009504448	0.009504448	0.0661546	0.208063	0.0900144	0.635768
1228	-70.91208	-90.94283	20.03076	0	0	1	1	0.002581479	0.001485078	0.003030833	0.0001266583	0.03487137	0.03487137	0.01493974	0.01493974	0.563911	0.0971615	0.0420351	0.296893
1229	-77.38181	-91.96351	14.5817	1	0	1	1	0.002581479	0.002581479	0.004446634	0.001827738	0.03487137	0.03487137	0.01493974	0.01493974	0.563911	0.0971615	0.0420351	0.296893
1230	-82.71548	-91.63829	8.922816	1	1	1	1	0.008352518	0.008352518	0.004190481	0.004190481	0.03487137	0.03487137	0.01408468	0.01408468	0.198626	0.37462	0.0529277	0.373826
1231	-71.83558	-90.17718	18.3416	0	0	1	1	0.004374213	0.002556876	0.004190481	0.005492504	0.03599848	0.03599848	0.01408468	0.01408468	0.194003	0.29381	0.147062	0.365125
1232	-72.99283	-89.04941	16.05658	0	1	1	1	0.004374213	0.0006040809	0.0003277205	0.0003277205	0.03083989	0.03083989	0.01408468	0.01408468	0.139827	0.242745	0.315762	0.301666
1233	-79.8842	-87.42336	7.53916	1	1	1	1	0.004374213	0.004374213	0.0001843319	0.0001843319	0.05077043	0.05077043	0.01408468	0.01408468	0.0707268	0.413103	0.363583	0.152588
1234	-69.12654	-86.75175	17.6252	0	0	1	1	0.005274681	0.002361826	0.0002807913	0.002617622	0.05077043	0.05077043	0.009489724	0.009489724	0.0707268	0.413103	0.363583	0.152588
1235	-74.29276	-87.36367	13.07091	0	1	1	1	0.007359099	0.004214511	0.0007755092	0.0007755092	0.03944235	0.03944235	0.01551737	0.01551737	0.057092	0.333464	0.293491	0.315953
1236	-64.6923	-87.69395	23.00165	0	0	1	0	0.007359099	0.003934942	0.0007755092	0.007131358	0.03944235	0.03944235	0.009445441	0.001489909	0.00221872	0.00152647	0.980657	0.0155978
1237	-73.60967	-84.93898	11.32931	0	1	1	1	0.007359099	0.001353549	0.001099064	0.001099064	0.04996315	0.04996315	0.017496	0.017496	0.0803709	0.0552947	0.299319	0.565015
1238	-76.5699	-89.27352	12.70362	0	1	1	1	0.007359099	0.008111157	0.0005245423	0.0005245423	0.03479404	0.03479404	0.01862091	0.01862091	0.125967	0.0866647	0.334659	0.452709
1239	-77.56584	-92.85249	15.28664	0	0	1	1	0.01124674	0.005544494	0.008153813	0.005811808	0.03479404	0.03479404	0.01862091	0.01862091	0.0835454	0.0106078	0.605596	0.300251
1240	-75.37892	-92.79839	17.41947	1	0	1	0	0.004288511	0.004288511	0.008153813	0.004767465	0.03479404	0.03479404	0.01721949	0.002748575	0.179082	0.00950195	0.542465	0.268951
1241	-64.68311	-87.94145	23.25834	0	1	0	0	0.009955592	0.001087976	0.001703793	0.001703793	0.03479404	0.0009223753	0.01721949	0.002427047	0.167495	0.0131121	0.448259	0.371134
1242	-74.44702	-87.81789	13.37087	0	1	1	1	0.005994667	0.001293717	0.002148963	0.002148963	0.03479404	0.03479404	0.02136164	0.02136164	0.167495	0.0131121	0.448259	0.371134
1243	-68.54638	-88.7489	20.20252	0	1	0	1	0.004220025	0.0002730997	0.002148963	0.002148963	0.03479404	0.002238909	0.01237764	0.01237764	0.167495	0.0131121	0.448259	0.371134
1244	-80.32612	-93.06366	12.73754	1	1	1	1	0.003066897	0.003066897	0.002148963	0.002148963	0.02208506	0.02208506	0.01237764	0.01237764	0.0951103	0.00952276	0.625827	0.26954
1245	-73.14625	-89.68247	16.53621	0	1	1	0	0.002710749	0.001111423	0.004401748	0.004401748	0.04350326	0.04350326	0.01424848	0.01104852	0.218156	0.0117129	0.438601	0.331531
1246	-73.25353	-89.80007	16.54654	0	1	1	0	0.002710749	0.001111423	0.004401748	0.004401748	0.04344418	0.04344418	0.01424848	0.01104852	0.372661	0.0200083	0.041	0.566331
1247	-75.77487	-91.63328	15.85841	0	1	1	1	0.003933504	0.001265323	0.003902499	0.003902499	0.02801431	0.02801431	0.01424848	0.01424848	0.372661	0.0200083	0.041	0.566331
1248	-69.50548	-88.05139	18.54592	0	0	1	1	0.006979717	0.001265323	0.002961446	0.003073068	0.0370005	0.0370005	0.01424848	0.01424848	0.372661	0.0200083	0.041	0.566331
1249	-69.44264	-85.25455	15.81192	0	0	1	1	0.006979717	0.001265323	0.0004491796	0.004410079	0.05381443	0.05381443	0.01424848	0.01424848	0.565511	0.0138576	0.0283962	0.392236
1250	-70.45486	-86.32219	15.86733	0	0	1	1	0.003801973	0.002292644	0.0007625531	0.005930176	0.05381443	0.05381443	0.01424848	0.01424848	0.413196	0.0101252	0.020748	0.555931
1251	-79.97117	-91.26186	11.29069	1	1	1	1	0.006310698	0.006310698	0.0007625531	0.0007625531	0.02663293	0.02663293	0.01424848	0.01424848	0.058435	0.013862	0.0284053	0.899298
1252	-77.65102	-92.32913	14.67811	1	0	1	1	0.006310698	0.006310698	0.002942045	0.006415737	0.02663293	0.02663293	0.01581409	0.01581409	0.058435	0.013862	0.0284053	0.899298
1253	-74.33503	-92.10699	17.77195	0	1	1	0	0.006310698	0.003364408	0.002942045	0.002942045	0.02663293	0.02663293	0.01427112	0.01643445	0.788557	0.0926603	0.0687431	0.0500398
1254	-81.07563	-89.05344	7.977813	1	1	1	0	0.003402973	0.003402973	0.002942045	0.002942045	0.06696168	0.06696168	0.02192363	0.00121134	0.788557	0.0926603	0.0687431	0.0500398
1255	-70.08238	-89.62381	19.54142	0	1	1	0	0.006899776	0.003950943	0.002942045	0.002942045	0.03255066	0.03255066	0.01266904	0.0008217137	0.488628	0.0574168	0.422948	0.0310071
1256	-79.41943	-89.68249	10.26305	1	1	1	1	0.006931236	0.006931236	0.001681865	0.001681865	0.03255066	0.03255066	0.01266904	0.01266904	0.273558	0.05809	0.427907	0.240446
1257	-63.31736	-86.14797	22.83061	0	1	0	0	0.006931236	0.0007911951	0.001681865	0.001681865	0.04776057	6.652713e-05	0.01266904	0.0006565106	0.300354	0.0350602	0.469822	0.194764
1258	-73.82337	-89.92773	16.10436	0	1	1	0	0.006931236	0.005229899	0.001681865	0.001681865	0.03633557	0.03633557	0.02791863	0.001397205	0.0847305	0.496481	0.251188	0.167601
1259	-72.10168	-89.95632	17.85464	1	0	1	0	0.006931236	0.006931236	0.001056677	0.003125066	0.03465813	0.03465813	0.02268449	0.001027094	0.282243	0.240871	0.205657	0.271229
1260	-80.60361	-87.52675	6.923143	1	1	1	1	0.007701483	0.007701483	0.0001439447	0.0001439447	0.05272348	0.05272348	0.01236841	0.01236841	0.213105	0.202279	0.0713205	0.513295
1261	-80.1615	-87.49957	7.338066	1	1	1	1	0.005336217	0.005336217	0.0001358237	0.0001358237	0.05272348	0.05272348	0.01236841	0.01236841	0.208447	0.310948	0.0697615	0.410843
1262	-76.78103	-88.69129	11.91026	0	1	1	1	0.003043372	0.005676748	0.0001358237	0.0001358237	0.05272348	0.05272348	0.01236841	0.01236841	0.336113	0.13495	0.0767772	0.45216
1263	-74.15944	-89.12437	14.96493	0	1	1	1	0.007688636	0.002610121	0.0001623465	0.0001623465	0.03686846	0.03686846	0.009145331	0.009145331	0.0946661	0.184029	0.1047	0.616605
1264	-70.38456	-89.88557	19.50101	1	0	1	0	0.004013192	0.004013192	0.0003641848	0.005380533	0.03686846	0.03686846	0.009145331	0.004293642	0.1476	0.286932	0.163245	0.402223
1265	-71.55042	-88.75149	17.20107	1	0	1	0	0.008287407	0.008287407	1.488727e-05	0.006920848	0.04468669	0.04468669	0.009145331	0.004165988	0.140467	0.273065	0.373548	0.21292
1266	-70.97423	-87.56996	16.59573	0	0	1	1	0.008287407	0.005738429	0.0001880804	0.007876071	0.04468669	0.04468669	0.009907055	0.009907055	0.153326	0.174182	0.553993	0.118498
1267	-69.65815	-87.32725	17.6691	0	0	1	1	0.008287407	0.005738429	0.0003802838	0.001544123	0.04468669	0.04468669	0.009907055	0.009907055	0.0306502	0.0994706	0.644958	0.224921
1268	-68.47538	-86.95872	18.48334	0	1	0	1	0.008287407	0.0007315768	0.001734346	0.001734346	0.03979785	0.005428246	0.009907055	0.009907055	0.0580363	0.188348	0.724243	0.0293724
1269	-69.78533	-86.93047	17.14514	0	1	0	1	0.008287407	0.0007315768	0.0003382669	0.0003382669	0.03979785	0.005360959	0.01902503	0.01902503	0.110648	0.359091	0.474262	0.0559994
1270	-70.0854	-86.89202	16.80662	0	0	1	1	0.01130944	0.001186688	0.0003382669	0.003820186	0.03979785	0.03979785	0.01902503	0.01902503	0.110648	0.359091	0.474262	0.0559994
1271	-68.66294	-87.18425	18.52131	0	1	1	0	0.006746066	0.0005520866	0.0009579475	0.0009579475	0.03645652	0.03645652	0.02094173	1.493148e-05	0.347117	0.172458	0.429688	0.0507363
1272	-68.84105	-87.48508	18.64404	0	0	1	1	0.006746066	0.0002735843	0.0005300078	1.93799e-05	0.03645652	0.03645652	0.02094173	0.02094173	0.426325	0.0967047	0.240945	0.236026
1273	-69.86764	-86.04858	16.18094	0	0	1	1	0.006512013	0.0002735843	0.001663524	0.004353798	0.04531171	0.04531171	0.02094173	0.02094173	0.34651	0.011382	0.324365	0.317743
1274	-75.85128	-86.69844	10.84716	0	1	1	1	0.009360239	0.0002735843	0.004141559	0.004141559	0.04531171	0.04531171	0.02094173	0.02094173	0.0843686	0.00873499	0.867898	0.0389986
1275	-69.11061	-87.61728	18.50668	0	0	1	0	0.01790458	0.0001957843	0.0006702311	0.001895086	0.04531171	0.04531171	0.02094173	0.008371028	0.0843686	0.00873499	0.867898	0.0389986
1276	-66.27246	-86.17756	19.9051	0	0	1	0	0.006427629	0.0001957843	0.0006702311	0.00062191	0.04531171	0.04531171	0.023512	0.01055178	0.42249	0.00550936	0.547404	0.0245973
1277	-77.8799	-88.75233	10.87242	1	1	1	0	0.009406067	0.009406067	0.001194893	0.001194893	0.04531171	0.04531171	0.023512	0.0004596263	0.552375	0.00720311	0.408262	0.0321593
1278	-71.34111	-86.9609	15.61979	0	1	0	1	0.01266485	0.0007107355	0.001194893	0.001194893	0.06037587	0.0005300388	0.006789801	0.006789801	0.334438	0.0107101	0.607035	0.0478168
1279	-65.27025	-89.63836	24.3681	0	0	1	0	0.01266485	0.0007107355	0.001194893	0.0006160728	0.03859719	0.03859719	0.006789801	0.001188831	0.426241	0.0631824	0.22849	0.282086
1280	-67.68504	-88.99297	21.30793	0	0	1	0	0.01266485	0.0007107355	0.002423532	0.00411915	0.03842178	0.03842178	0.009349634	0.01157709	0.426241	0.0631824	0.22849	0.282086
1281	-69.92414	-89.00559	19.08145	0	0	1	1	0.005134616	0.004291042	0.0006185806	0.004520247	0.03909353	0.03909353	0.008807238	0.008807238	0.426241	0.0631824	0.22849	0.282086
1282	-82.23332	-90.67178	8.438459	1	1	1	1	0.005134616	0.005134616	0.005680364	0.005680364	0.03909353	0.03909353	0.01436109	0.01436109	0.301175	0.0836942	0.223874	0.391257
1283	-73.80714	-87.43444	13.6273	0	1	1	1	0.005134616	0.002443129	0.002063476	0.002063476	0.03909353	0.03909353	0.01539146	0.01539146	0.115417	0.0414054	0.110755	0.732422
1284	-79.3891	-87.26905	7.879955	1	1	1	1	0.005134616	0.005134616	0.002063476	0.002063476	0.04901502	0.04901502	0.01125117	0.01125117	0.220451	0.0272613	0.112916	0.639372
1285	-70.8843	-91.98494	21.10064	0	1	1	0	0.005134616	0.003446468	0.002063476	0.002063476	0.02609274	0.02609274	0.009646381	0.004531636	0.225048	0.0271005	0.11225	0.635601
1286	-75.3939	-92.04707	16.65317	1	1	1	0	0.005828617	0.005828617	0.001859375	0.001859375	0.02609274	0.02609274	0.009251349	0.003785971	0.282314	0.158592	0.432612	0.126481
1287	-72.22632	-92.45399	20.22767	0	1	1	0	0.00512058	0.008080347	0.001859375	0.001859375	0.02697469	0.02697469	0.009251349	0.004622435	0.132062	0.175063	0.63371	0.0591656
1288	-72.38621	-92.95527	20.56906	1	0	1	0	0.001997466	0.001997466	0.001765447	0.002139274	0.02697469	0.02697469	0.01351039	0.007568735	0.129843	0.239566	0.623064	0.00752681
1289	-70.34217	-91.58278	21.24061	0	1	1	0	0.001997466	0.001163733	0.0007271001	0.0007271001	0.03072062	0.03072062	0.01351039	0.00199541	0.150588	0.118074	0.722609	0.00872934
1290	-83.22013	-93.70771	10.48758	1	1	0	1	0.001997466	0.001997466	0.006399588	0.006399588	0.04445581	0.004395512	0.02483727	0.02483727	0.35223	0.107623	0.532191	0.00795666
1291	-81.69754	-95.09537	13.39783	1	0	1	1	0.001297511	0.001297511	0.005971244	0.006232474	0.04445581	0.04445581	0.007481773	0.007481773	0.447877	0.136848	0.405158	0.0101173
1292	-76.44518	-94.58908	18.1439	0	0	1	1	0.001297511	0.0005160613	0.007906386	0.002110362	0.04445581	0.04445581	0.01154197	0.01154197	0.447877	0.136848	0.405158	0.0101173
1293	-78.07509	-96.02833	17.95325	0	1	0	1	0.001563492	0.004449559	0.006412608	0.006412608	0.04451078	0.004045503	0.007936707	0.007936707	0.54426	0.123874	0.322708	0.0091581
1294	-77.45131	-94.76645	17.31514	1	1	0	0	0.001563492	0.001563492	0.006412608	0.006412608	0.04451078	0.005577679	0.01081362	0.003690472	0.464345	0.252517	0.275325	0.0078134
1295	-83.16916	-94.59095	11.42178	1	1	1	1	0.001563492	0.001563492	0.003511286	0.003511286	0.03131639	0.03131639	0.01081362	0.01081362	0.347233	0.302669	0.340733	0.0093652
1296	-81.71585	-89.53796	7.822112	1	1	1	1	0.001563492	0.001563492	0.0009782562	0.0009782562	0.05443978	0.05443978	0.01081362	0.01081362	0.0916597	0.43158	0.238867	0.237893
1297	-76.37758	-93.5264	17.14883	1	0	1	1	0.001563492	0.001563492	0.0009782562	0.001762399	0.02761285	0.02761285	0.01206585	0.01206585	0.0575164	0.270816	0.522389	0.149278
1298	-81.32813	-90.70372	9.375591	1	1	1	1	0.001563492	0.001563492	0.0009782562	0.0009782562	0.03984463	0.03984463	0.01652276	0.01652276	0.0934443	0.439984	0.111315	0.355257
1299	-83.33519	-90.87925	7.544067	1	1	1	1	0.0006035	0.0006035	0.001149002	0.001149002	0.05111032	0.05111032	0.01652276	0.01652276	0.0994921	0.403739	0.11852	0.378249
1300	-79.3154	-90.85466	11.53927	1	1	1	0	0.0006035	0.0006035	0.001149002	0.001149002	0.05111032	0.05111032	0.01652276	0.006684335	0.0933493	0.0771993	0.127808	0.701643
1301	-78.57685	-91.77537	13.19852	1	1	1	0	0.0006035	0.0006035	0.001149002	0.001149002	0.05111032	0.05111032	0.009141829	0.00457421	0.0933493	0.0771993	0.127808	0.701643
1302	-76.06076	-95.03203	18.97126	0	0	1	1	0.0004298852	0.005350579	0.002077701	0.0002123044	0.03970957	0.03970957	0.0153155	0.0153155	0.0933493	0.0771993	0.127808	0.701643
1303	-78.99565	-93.06444	14.06879	0	1	1	1	0.0004298852	0.0009748644	0.002154812	0.002154812	0.04272583	0.04272583	0.0153155	0.0153155	0.0933493	0.0771993	0.127808	0.701643
1304	-78.13297	-88.16103	10.02806	0	1	1	1	0.001030492	0.0005935517	0.002154812	0.002154812	0.06561976	0.06561976	0.0153155	0.0153155	0.110226	0.0757623	0.125429	0.688583
1305	-75.70804	-84.75081	9.042776	0	1	1	1	0.006294728	0.002135203	0.0009848207	0.0009848207	0.06561976	0.06561976	0.0153155	0.0153155	0.0474814	0.4572	0.200767	0.294552
1306	-75.21597	-88.33284	13.11687	1	0	1	1	0.002055024	0.002055024	0.0007800907	0.0006054558	0.04828987	0.04828987	0.0153155	0.0153155	0.0260708	0.251037	0.110236	0.612657
1307	-75.29375	-86.71992	11.42617	1	0	1	1	0.005830608	0.005830608	0.0002367422	0.007044136	0.04828987	0.04828987	0.0153155	0.0153155	0.0222212	0.361628	0.0939583	0.522193
1308	-69.10713	-86.56522	17.45809	0	1	1	0	0.01027091	0.0006906303	0.0002367422	0.0002367422	0.04828987	0.04828987	0.0122266	3.620698e-05	0.0222212	0.361628	0.0939583	0.522193
1309	-68.14233	-84.89854	16.75621	0	1	1	0	0.006647593	0.0003178056	0.0007215599	0.0007215599	0.0559668	0.0559668	0.01032297	0.001789074	0.00828767	0.134874	0.66208	0.194758
1310	-72.87366	-87.21924	14.34558	0	1	1	1	0.005261066	0.002080934	0.0007215599	0.0007215599	0.04163107	0.04163107	0.01032297	0.01032297	0.153516	0.166829	0.560852	0.118803
1311	-76.33373	-89.90944	13.57571	1	1	1	0	0.005261066	0.005261066	0.0007130743	0.0007130743	0.03269985	0.03269985	0.02284765	0.002899651	0.342254	0.129632	0.4358	0.0923138
1312	-78.2836	-91.9521	13.6685	1	0	1	1	0.01261795	0.01261795	0.0007130743	0.001700701	0.03269985	0.03269985	0.01615895	0.01615895	0.197759	0.074903	0.406176	0.321161
1313	-76.69146	-94.16057	17.46911	1	0	1	0	0.01261795	0.01261795	0.001885722	0.002939969	0.02650091	0.02650091	0.01615895	0.01158443	0.229336	0.0130468	0.385177	0.372441
1314	-76.16035	-88.09857	11.93822	0	1	1	1	0.01261795	0.002973945	0.001481266	0.001481266	0.04162109	0.04162109	0.0150936	0.0150936	0.581513	0.0209186	0.11316	0.284408
1315	-74.00055	-89.58173	15.58118	0	1	1	1	0.007002866	0.001888311	0.001481266	0.001481266	0.02748385	0.02748385	0.0150936	0.0150936	0.665064	0.0195516	0.2752	0.0401845
1316	-64.17113	-89.36999	25.19885	0	0	1	0	0.007002866	0.0009835758	0.001972157	0.0004785085	0.02748385	0.02748385	0.01520821	0.003881263	0.665064	0.0195516	0.2752	0.0401845
1317	-69.65765	-90.79524	21.13759	0	0	1	1	0.008018744	0.001126364	0.001958841	0.0009206291	0.03303967	0.03303967	0.00563972	0.00563972	0.668199	0.0196438	0.276498	0.0356592
1318	-80.71644	-99.06011	18.34367	1	0	1	0	0.008018744	0.008018744	0.001958841	0.019128	0.02827696	0.02827696	0.002687288	0.006615586	0.760824	0.0228637	0.174808	0.0415042
1319	-70.4907	-92.10634	21.61564	0	0	1	0	0.003256304	0.002575195	0.004167442	0.0008465536	0.06072358	0.06072358	0.002687288	0.003250312	0.663555	0.0199533	0.15246	0.164032
1320	-77.02786	-100.8399	23.81206	1	0	1	0	0.003256304	0.003256304	0.006636602	0.0009515653	0.01491197	0.01491197	0.002687288	0.00696213	0.663555	0.0199533	0.15246	0.164032
1321	-75.31621	-97.80297	22.48676	1	1	0	0	0.003256304	0.003256304	0.005393515	0.005393515	0.02179519	0.003813866	0.004889935	0.003837848	0.663555	0.0199533	0.15246	0.164032
1322	-74.36437	-94.91557	20.5512	0	0	0	1	0.003256304	0.01080564	0.006596708	0.001167647	0.0488997	0.007979401	0.004889935	0.004889935	0.341631	0.0534339	0.165666	0.439269
1323	-80.64007	-93.75234	13.11228	1	0	1	1	0.007687259	0.007687259	0.006596708	0.007036336	0.04312685	0.04312685	0.002625039	0.002625039	0.566259	0.0885674	0.288645	0.0565294
1324	-84.1506	-95.06071	10.91011	1	1	1	1	0.002851407	0.002851407	0.005941254	0.005941254	0.03871391	0.03871391	0.002625039	0.002625039	0.610833	0.0168215	0.311366	0.0609792
1325	-74.89401	-90.66767	15.77366	0	1	1	1	0.002851407	0.0004244575	0.001870162	0.001870162	0.03871391	0.03871391	0.007988961	0.007988961	0.478114	0.230442	0.243714	0.0477299
1326	-69.26186	-89.9988	20.73694	0	0	1	1	0.00568714	0.0004988072	0.001380892	0.001427537	0.03871391	0.03871391	0.00528746	0.00528746	0.42996	0.207232	0.319885	0.0429227
1327	-64.70945	-90.07926	25.36981	0	0	0	0	0.01151222	0.000832844	0.001102221	0.001962664	0.03871391	0.006133944	0.006522761	0.01878912	0.312236	0.375857	0.2323	0.0796071
1328	-70.49893	-90.52703	20.0281	0	1	1	0	0.01151222	0.000832844	0.001102221	0.001102221	0.02580588	0.02580588	0.01330987	0.004487325	0.284933	0.430435	0.211987	0.0726459
1329	-67.6691	-92.41404	24.74493	0	1	0	0	0.01480422	0.0007744594	0.001102221	0.001102221	0.02580588	0.00418597	0.009658848	0.003275285	0.194764	0.472086	0.248121	0.0850289
1330	-68.85164	-88.31616	19.46452	0	1	0	0	0.01480422	0.0007744594	0.0001677563	0.0001677563	0.04683611	0.004237211	0.01855304	0.004438431	0.202563	0.450947	0.258057	0.0884337
1331	-80.47263	-95.15312	14.68048	1	1	1	0	0.00792386	0.00792386	2.468057e-05	2.468057e-05	0.0197189	0.0197189	0.01855304	0.01188146	0.202563	0.450947	0.258057	0.0884337
1332	-70.35054	-90.52474	20.1742	1	0	0	0	0.005382398	0.005382398	9.817835e-05	0.0009780096	0.05085405	0.01657772	0.007909063	0.003952394	0.165117	0.367585	0.210352	0.256946
1333	-75.57466	-93.13926	17.5646	0	1	1	0	0.002264935	0.009679679	0.0003795268	0.0003795268	0.05085405	0.05085405	0.007909063	5.4498e-05	0.165117	0.367585	0.210352	0.256946
1334	-71.88468	-90.13652	18.25184	0	1	1	0	0.005728025	0.009679679	0.0003795268	0.0003795268	0.04346603	0.04346603	0.007909063	4.837518e-05	0.0290024	0.203702	0.735915	0.0313814
1335	-81.30312	-95.51126	14.20814	1	1	1	1	0.005728025	0.005728025	0.0003795268	0.0003795268	0.01725	0.01725	0.007909063	0.007909063	0.0798269	0.225593	0.608205	0.0863748
1336	-70.44088	-90.35202	19.91114	1	0	1	0	0.005728025	0.005728025	0.0007465056	0.005798711	0.03427304	0.03427304	0.008829998	0.002343105	0.0401161	0.350531	0.289646	0.319707
1337	-71.32082	-93.06579	21.74498	0	0	1	0	0.005365071	0.005097761	0.0007465056	0.01722381	0.02557121	0.02557121	0.01030453	0.01245795	0.093094	0.351248	0.235298	0.32036
1338	-82.71576	-94.74508	12.02932	1	1	1	1	0.008287104	0.008287104	0.003210318	0.003210318	0.02557121	0.02557121	0.006661012	0.006661012	0.114138	0.488383	0.375174	0.0223058
1339	-74.66069	-92.18525	17.52456	0	1	1	1	0.006231865	0.002642167	0.0007273549	0.0007273549	0.02557121	0.02557121	0.006661012	0.006661012	0.111387	0.500712	0.366133	0.0217682
1340	-69.26767	-95.34977	26.0821	0	0	1	0	0.006231865	0.002642167	0.002570864	0.004827343	0.01845664	0.01845664	0.006661012	0.01056829	0.0558971	0.331541	0.300671	0.31189
1341	-75.75753	-97.75131	21.99377	0	0	1	1	0.006231865	0.009725592	0.002570864	0.002160585	0.01845664	0.01845664	0.006661012	0.006661012	0.055326	0.484375	0.2976	0.162699
1342	-68.24201	-97.80279	29.56078	0	0	0	0	0.007005635	0.007762955	0.003389399	0.002301696	0.01656801	0.01033166	0.008684796	0.005552889	0.0598464	0.52395	0.240211	0.175992
1343	-68.8563	-94.03567	25.17937	1	0	0	0	0.007005635	0.007005635	0.003389399	0.001207367	0.02115031	0.008160982	0.01421329	0.001994894	0.041398	0.362436	0.474425	0.12174
1344	-84.12504	-92.7114	8.586359	1	1	1	1	0.007005635	0.007005635	0.003389399	0.003389399	0.03009301	0.03009301	0.02293556	0.02293556	0.319706	0.487974	0.089488	0.102832
1345	-71.87586	-92.72244	20.84657	0	0	1	1	0.00621278	0.0001654072	0.003389399	0.007050001	0.03009301	0.03009301	0.005458028	0.005458028	0.0951942	0.644499	0.118193	0.142114
1346	-68.77286	-89.15826	20.3854	0	0	1	1	0.00621278	0.0005943523	0.001121102	0.00271787	0.03009301	0.03009301	0.01426745	0.01426745	0.0951942	0.644499	0.118193	0.142114
1347	-64.55344	-85.51893	20.96549	0	0	1	0	0.00621278	0.0009263148	0.001121102	0.001042206	0.05034542	0.05034542	0.01426745	0.007310282	0.413183	0.105533	0.370899	0.110385
1348	-66.8506	-88.72175	21.87115	0	1	0	0	0.004934107	0.004575115	0.001121102	0.001121102	0.04933034	0.004565634	0.01006406	0.001454766	0.441259	0.0447542	0.396102	0.117885
1349	-76.18058	-89.19418	13.0136	1	0	1	1	0.004934107	0.004934107	0.002636149	0.002759991	0.04933034	0.04933034	0.007976049	0.007976049	0.60163	0.0610196	0.176621	0.16073
1350	-80.78845	-93.58374	12.79529	1	1	1	1	0.004934107	0.004934107	0.0002308666	0.0002308666	0.02620722	0.02620722	0.007976049	0.007976049	0.294907	0.213507	0.0865761	0.40501
1351	-69.50349	-90.06171	20.55822	0	0	1	1	0.00996651	0.0009176245	0.0002308666	0.003151772	0.02620722	0.02620722	0.01354403	0.01354403	0.159637	0.248677	0.11996	0.471725
1352	-68.09293	-87.71653	19.6236	0	0	0	1	0.007157657	0.001483904	0.002225862	0.004300449	0.05410657	0.006082802	0.01354403	0.01354403	0.128633	0.20038	0.0966622	0.574324
1353	-70.48148	-94.82474	24.34325	0	1	0	0	0.01246281	0.002141085	0.002225862	0.002225862	0.02246206	0.006152335	0.007066234	0.009394128	0.235752	0.367246	0.177157	0.219844
1354	-77.25216	-91.52897	14.27681	0	1	1	1	0.01246281	0.004186506	0.002225862	0.002225862	0.0336464	0.0336464	0.0078894	0.0078894	0.235752	0.367246	0.177157	0.219844
1355	-80.88856	-90.75443	9.865871	1	1	1	1	0.005824779	0.005824779	0.002225862	0.002225862	0.0336464	0.0336464	0.01440767	0.01440767	0.417075	0.418464	0.0889116	0.0755495
1356	-81.29333	-90.52004	9.226713	1	1	1	1	0.002243596	0.002243596	0.001321049	0.001321049	0.0480419	0.0480419	0.008154191	0.008154191	0.272283	0.382175	0.276544	0.0689979
1357	-78.1131	-90.60813	12.49504	1	0	1	1	0.002243596	0.002243596	0.001321049	0.01084212	0.0480419	0.0480419	0.008154191	0.008154191	0.146168	0.148705	0.668086	0.0370398
1358	-69.58443	-87.55042	17.96598	0	0	1	1	0.005517287	0.003657061	0.001209722	0.002265646	0.0480419	0.0480419	0.008154191	0.008154191	0.134021	0.219451	0.612566	0.0339617
1359	-74.35172	-87.98634	13.63462	1	0	1	0	0.008818077	0.008818077	0.001209722	0.01268673	0.05049843	0.05049843	0.01457118	0.005837375	0.134021	0.219451	0.612566	0.0339617
1360	-69.95135	-86.23816	16.28682	0	1	1	0	0.008818077	0.0004014644	0.002773877	0.002773877	0.05049843	0.05049843	0.01457118	0.001387725	0.337125	0.344065	0.233381	0.0854292
1361	-70.56746	-89.65529	19.08783	0	0	1	1	0.008818077	0.0004014644	0.0008091096	0.01001986	0.02780906	0.02780906	0.01457118	0.01457118	0.366081	0.329036	0.223186	0.0816974
1362	-65.62121	-88.73977	23.11856	0	0	0	0	0.008818077	0.0001014146	0.0008091096	0.001315237	0.02780906	0.02951834	0.0131183	0.01695745	0.42753	0.0461866	0.284164	0.242119
1363	-65.72574	-85.39499	19.66925	0	0	1	0	0.008818077	0.0001014146	0.000381312	0.005758921	0.04308811	0.04308811	0.0131183	0.01737399	0.0746654	0.0772499	0.475282	0.372803
1364	-68.62715	-86.56596	17.9388	0	0	1	1	0.01054756	0.0001014146	0.0007329704	0.004758841	0.04308811	0.04308811	0.009772362	0.009772362	0.0346258	0.24022	0.209077	0.516077
1365	-69.61705	-86.5654	16.94834	0	0	1	1	0.008131571	0.0001014146	0.003423447	0.002107879	0.04308811	0.04308811	0.01781434	0.01781434	0.0467866	0.172843	0.0830434	0.697327
1366	-68.31882	-86.25422	17.9354	0	1	1	0	0.005999258	0.0002418606	0.00232959	0.00232959	0.04308811	0.04308811	0.01311715	0.004244765	0.030848	0.113961	0.395419	0.459771
1367	-64.92909	-87.1068	22.17771	0	0	1	0	0.005999258	0.003825975	0.001644019	0.001034196	0.04308811	0.04308811	0.0123586	0.00634144	0.0385525	0.142424	0.24442	0.574604
1368	-71.43275	-88.89403	17.46128	0	1	0	1	0.005416854	0.003825975	0.001644019	0.001644019	0.04723079	0.0005345915	0.01308051	0.01308051	0.0245737	0.17928	0.155795	0.640351
1369	-79.71395	-90.8833	11.16935	1	1	1	1	0.00419093	0.00419093	0.00167197	0.00167197	0.0276602	0.0276602	0.01512563	0.01512563	0.0245737	0.17928	0.155795	0.640351
1370	-71.75975	-91.41973	19.65998	1	0	1	0	0.00419093	0.00419093	0.002638615	0.0004381985	0.02730035	0.02730035	0.01512563	0.009462267	0.0245737	0.17928	0.155795	0.640351
1371	-77.99719	-87.55508	9.557893	1	1	1	0	0.00419093	0.00419093	0.002638615	0.002638615	0.06967708	0.06967708	0.01005202	0.0008448637	0.341293	0.249463	0.356609	0.0526345
1372	-76.58813	-89.34391	12.75578	1	1	1	0	0.00419093	0.00419093	0.002638615	0.002638615	0.04105338	0.04105338	0.01399415	0.007234285	0.408589	0.298651	0.229747	0.0630128
1373	-61.68858	-86.6757	24.98712	0	0	0	0	0.006027277	0.0008942516	0.0009512619	0.006129507	0.04105338	0.01142327	0.01483995	0.006439804	0.0891576	0.0832177	0.810067	0.0175582
1374	-64.01419	-87.5736	23.55942	0	0	1	0	0.009030302	0.0008942516	0.0007431504	0.003749881	0.04105338	0.04105338	0.006887233	0.004029931	0.0870595	0.0834094	0.811932	0.0175986
1375	-76.67212	-90.9074	14.23528	0	1	1	1	0.009030302	0.008041359	0.001024368	0.001024368	0.02987118	0.02987118	0.01268134	0.01268134	0.296396	0.283969	0.35972	0.059915
1376	-72.97622	-89.4284	16.45218	0	1	0	0	0.005486509	0.001557655	0.001308584	0.001308584	0.02930221	0.005477891	0.01268134	0.0512278	0.42428	0.160555	0.3294	0.0857661
1377	-70.7649	-92.12618	21.36128	0	1	1	0	0.005486509	0.001324285	0.001308584	0.001308584	0.01939713	0.01939713	0.01268134	0.009226595	0.42559	0.157962	0.330417	0.086031
1378	-75.31729	-90.99752	15.68022	1	1	0	1	0.005486509	0.005486509	0.002191463	0.002191463	0.03195615	6.788732e-05	0.01268134	0.01268134	0.385968	0.143256	0.392755	0.0780215
1379	-75.67015	-88.21409	12.54394	0	1	1	1	0.006306342	0.003753789	0.002716325	0.002716325	0.04486533	0.04486533	0.01268134	0.01268134	0.517529	0.249449	0.157527	0.075495
1380	-69.69884	-88.50421	18.80537	0	1	0	0	0.01421831	0.0008791539	0.002716325	0.002716325	0.04486533	0.01172128	0.01294844	0.006232787	0.46639	0.21168	0.259162	0.0627683
1381	-76.0835	-87.6755	11.592	0	1	1	1	0.005954371	0.003391647	0.002716325	0.002716325	0.05100122	0.05100122	0.01270471	0.01270471	0.557006	0.241346	0.130083	0.0715648
1382	-63.24676	-88.6729	25.42614	0	0	0	0	0.005954371	0.001814838	0.002716325	0.002420652	0.04284155	0.01031203	0.01270471	0.006483011	0.495449	0.269104	0.145044	0.0904032
1383	-78.37057	-88.67056	10.29999	1	1	1	0	0.005954371	0.005954371	0.002716325	0.002716325	0.04284155	0.04284155	0.009708454	0.02193796	0.295667	0.130542	0.533949	0.0398415
1384	-74.74306	-88.52469	13.78163	1	1	1	0	0.005954371	0.005954371	0.002716325	0.002716325	0.04284155	0.04284155	0.01087626	0.0008549595	0.207392	0.138125	0.615605	0.0388784
1385	-73.1049	-88.64811	15.54321	0	1	1	1	0.005954371	0.002164982	0.001441706	0.001441706	0.03272977	0.03272977	0.01087626	0.01087626	0.419021	0.101245	0.451236	0.0284977
1386	-73.43244	-88.97565	15.54321	0	1	1	1	0.005954371	0.002164982	0.001441706	0.001441706	0.03272977	0.03272977	0.01087626	0.01087626	0.272798	0.383391	0.325257	0.0185531
1387	-72.18641	-91.19706	19.01066	1	0	0	1	0.008448108	0.008448108	0.001441706	0.001720592	0.03272977	0.007653761	0.01087626	0.01087626	0.271362	0.0548916	0.573305	0.100441
1388	-68.8214	-87.20447	18.38307	0	0	1	1	0.009397545	0.0031869	0.0003254729	0.001877774	0.04079608	0.04079608	0.01087626	0.01087626	0.271362	0.0548916	0.573305	0.100441
1389	-64.46817	-89.10466	24.63649	0	1	0	0	0.009397545	0.001692795	0.0003254729	0.0003254729	0.02984926	0.003231412	0.01219962	0.003531065	0.191999	0.0608704	0.635749	0.111381
1390	-68.74307	-89.22512	20.48205	0	1	0	1	0.009397545	0.000976967	0.001554139	0.001554139	0.02984926	0.004106212	0.008569609	0.008569609	0.133451	0.0423086	0.746824	0.0774169
1391	-70.90069	-90.9078	20.0071	1	0	1	0	0.003816681	0.003816681	0.001554139	0.005280958	0.02984926	0.02984926	0.01469942	0.001970004	0.401856	0.0524536	0.351896	0.193794
1392	-70.79618	-92.51334	21.71716	0	1	0	1	0.003816681	0.002620637	0.0005613865	0.0005613865	0.02512761	7.466888e-05	0.0151878	0.0151878	0.105556	0.150542	0.187711	0.55619
1393	-68.90193	-89.31137	20.40945	0	1	1	0	0.003816681	0.001251206	0.0004842509	0.0004842509	0.03265138	0.03265138	0.0151878	0.001477703	0.147358	0.169627	0.262048	0.420966
1394	-71.21865	-86.70786	15.48921	0	0	1	1	0.003816681	0.00451313	0.000329982	0.001487302	0.05767822	0.05767822	0.0151878	0.0151878	0.381342	0.145709	0.121746	0.351202
1395	-72.53834	-88.48676	15.94842	0	1	0	1	0.01342543	0.0005084774	0.000329982	0.000329982	0.04271853	0.005629612	0.01777437	0.01777437	0.456825	0.174551	0.145845	0.222779
1396	-62.78364	-86.95259	24.16895	0	0	0	0	0.00831048	0.002010146	0.001491737	0.001768426	0.03996928	0.006036555	0.01927232	0.01357973	0.0599805	0.0401567	0.681501	0.218362
1397	-74.42804	-90.08263	15.6546	1	1	1	0	0.003404645	0.003404645	0.001491737	0.001491737	0.03996928	0.03996928	0.007358807	0.0003054773	0.0599805	0.0401567	0.681501	0.218362
1398	-77.19141	-91.2274	14.03599	1	0	1	1	0.002571385	0.002571385	0.001491737	0.01039726	0.03996928	0.03996928	0.007358807	0.007358807	0.0420479	0.0281509	0.776724	0.153077
1399	-74.88234	-91.81311	16.93077	0	1	1	1	0.002571385	0.002315944	0.001186503	0.001186503	0.03179751	0.03179751	0.007358807	0.007358807	0.0420479	0.0281509	0.776724	0.153077
1400	-80.1299	-87.59113	7.46123	1	1	1	1	0.007344966	0.007344966	0.001186503	0.001186503	0.05396914	0.05396914	0.007358807	0.007358807	0.048095	0.0321994	0.888427	0.0312787
1401	-70.04832	-88.59848	18.55016	0	1	0	0	0.007313011	0.001329677	0.001186503	0.001186503	0.03793694	0.01065724	0.03046852	0.006149543	0.129051	0.0863993	0.700621	0.0839289
1402	-67.67879	-88.89105	21.21226	0	0	1	0	0.007313011	0.000742	0.001186503	0.00102539	0.03291461	0.03291461	0.03046852	0.006163959	0.131758	0.0739581	0.715314	0.0789704
1403	-76.31194	-89.93352	13.62157	1	0	1	1	0.008049839	0.008049839	0.001580016	0.00126896	0.03291461	0.03291461	0.02034556	0.02034556	0.134486	0.315255	0.495551	0.0547086
1404	-70.4846	-92.18413	21.69954	1	0	1	0	0.003984333	0.003984333	0.001580016	0.002543637	0.03291461	0.03291461	0.005932377	0.0005346368	0.134486	0.315255	0.495551	0.0547086
1405	-70.41338	-85.77289	15.35951	0	0	1	1	0.008020885	0.003296039	0.001580016	0.001670049	0.05120108	0.05120108	0.01798695	0.01798695	0.134486	0.315255	0.495551	0.0547086
1406	-74.61934	-84.82202	10.20268	0	1	1	1	0.008020885	0.001724534	0.001580016	0.001580016	0.05440289	0.05440289	0.01798695	0.01798695	0.17881	0.0895776	0.658873	0.0727394
1407	-67.67981	-86.1003	18.42049	0	1	1	0	0.008020885	0.000163328	0.0005341366	0.0005341366	0.04060706	0.04060706	0.01640835	0.0005122336	0.129877	0.338721	0.478568	0.0528338
1408	-68.81382	-87.36806	18.55424	0	1	0	1	0.004449826	0.0002281476	0.001093561	0.001093561	0.04019515	0.0002857668	0.01922849	0.01922849	0.129877	0.338721	0.478568	0.0528338
1409	-74.48728	-87.76772	13.28044	1	1	0	0	0.004449826	0.004449826	0.001093561	0.001093561	0.06332549	0.0002857668	0.01697182	0.009520987	0.168157	0.438554	0.325723	0.0675656
1410	-68.59444	-87.77424	19.1798	0	0	1	1	0.004449826	0.002524265	0.001093561	0.00139935	0.0407385	0.0407385	0.01169717	0.01169717	0.205486	0.270792	0.482003	0.0417193
1411	-63.93012	-86.45004	22.51992	0	0	1	0	0.006201386	0.0005429812	0.001093561	0.001385622	0.0407385	0.0407385	0.01169717	0.01067491	0.162953	0.266868	0.529065	0.0411148
1412	-80.22446	-90.67659	10.45213	1	1	1	1	0.006201386	0.006201386	0.001093561	0.001093561	0.03100868	0.03100868	0.01444766	0.01444766	0.28751	0.470855	0.130299	0.111336
1413	-78.7181	-91.90266	13.18455	1	0	1	1	0.002013385	0.002013385	0.003683884	0.003144605	0.04336922	0.04336922	0.01444766	0.01444766	0.074505	0.780318	0.142163	0.00301363
1414	-70.47184	-91.26172	20.78988	0	0	0	1	0.002013385	0.000576809	0.001624716	0.004565166	0.0452254	0.006311454	0.02191312	0.02191312	0.0652017	0.685949	0.2462	0.00264917
1415	-79.30135	-88.34754	9.046187	1	1	1	1	0.003269415	0.003269415	0.001624716	0.001624716	0.0452254	0.0452254	0.01067382	0.01067382	0.194434	0.0634881	0.734178	0.00789994
1416	-67.07479	-91.255	24.18021	0	1	0	0	0.004031028	0.005894731	0.000824146	0.000824146	0.03620688	0.003004719	0.01043487	0.002440746	0.42857	0.13994	0.414077	0.017413
1417	-69.69321	-92.73654	23.04333	0	0	1	0	0.003834711	0.00489346	0.005268665	0.005739867	0.04080839	0.04080839	0.005816307	0.002978784	0.0771677	0.218091	0.676302	0.0284402
1418	-73.56437	-87.73254	14.16817	0	1	1	0	0.006531814	0.002763305	0.002341146	0.002341146	0.06273684	0.06273684	0.004874144	0.01132229	0.0313774	0.0886786	0.274993	0.604951
1419	-80.37423	-90.86554	10.49131	1	1	1	0	0.003969519	0.003969519	0.001210127	0.001210127	0.06273684	0.06273684	0.002901079	0.01124672	0.131429	0.0773293	0.239799	0.551443
1420	-78.23417	-89.93806	11.70389	1	0	1	1	0.003969519	0.003969519	0.001210127	0.003027661	0.06273684	0.06273684	0.004184122	0.004184122	0.131429	0.0773293	0.239799	0.551443
1421	-75.11995	-88.5364	13.41645	1	0	1	1	0.003969519	0.003969519	0.001210127	0.007745751	0.04172857	0.04172857	0.01067831	0.01067831	0.131429	0.0773293	0.239799	0.551443
1422	-67.67707	-87.96639	20.28932	0	0	1	0	0.003969519	0.002360972	0.0001548754	0.009232923	0.03912515	0.03912515	0.01067831	0.01957155	0.161126	0.0948019	0.293982	0.45009
1423	-67.44463	-87.05197	19.60734	0	0	1	0	0.007245205	0.002161832	0.0001548754	0.007734314	0.03912515	0.03912515	0.01044997	0.02212292	0.278136	0.0420502	0.619065	0.060749
1424	-74.39976	-91.27636	16.8766	1	1	0	0	0.007245205	0.007245205	0.00259971	0.00259971	0.04263924	0.003189279	0.01823683	0.001166872	0.662683	0.100188	0.0923887	0.14474
1425	-65.94875	-90.73754	24.7888	1	0	0	0	0.003566397	0.003566397	0.00259971	0.001726309	0.03810167	0.003136028	0.009649055	0.0005768194	0.381261	0.0576412	0.502504	0.0585934
1426	-69.81075	-88.17275	18.36199	0	1	1	0	0.003566397	0.0001733306	0.00259971	0.00259971	0.04638117	0.04638117	0.008515045	0.005344946	0.160656	0.0781926	0.681667	0.0794843
1427	-73.30324	-87.24306	13.93982	0	1	1	1	0.00466931	0.0001733306	0.00259971	0.00259971	0.04638117	0.04638117	0.008515045	0.008515045	0.0689582	0.0335625	0.292591	0.604889
1428	-77.62506	-88.14121	10.51615	0	1	1	1	0.008914867	0.008135448	0.00259971	0.00259971	0.05468841	0.05468841	0.00758378	0.00758378	0.0382505	0.0186168	0.607606	0.335527
1429	-71.34716	-87.33126	15.9841	0	0	1	1	0.01355532	0.0005195928	0.002854858	0.0007704777	0.0555076	0.0555076	0.006974447	0.006974447	0.0634934	0.0309028	0.348651	0.556953
1430	-71.19072	-87.36227	16.17155	0	1	1	0	0.0101399	5.81788e-06	0.002854858	0.002854858	0.0555076	0.0555076	0.005764171	0.00483774	0.0485348	0.0236223	0.502104	0.425739
1431	-69.51734	-84.84221	15.32488	0	1	1	0	0.0101399	3.682705e-05	0.002325121	0.002325121	0.0555076	0.0555076	0.0127166	0.003227081	0.0446017	0.021708	0.375926	0.557764
1432	-68.92658	-88.72859	19.80202	0	1	0	0	0.0101399	0.002975693	0.002325121	0.002325121	0.0522778	0.008460771	0.007524101	0.004177328	0.0587856	0.0286114	0.275001	0.637602
1433	-70.87762	-91.22103	20.3434	1	0	1	0	0.005971865	0.005971865	0.002325121	0.001832209	0.0315874	0.0315874	0.007524101	0.006006111	0.0982803	0.0653131	0.459757	0.376649
1434	-75.13899	-91.28338	16.14439	1	1	1	0	0.006673062	0.006673062	0.001092342	0.001092342	0.02703502	0.02703502	0.01026285	0.004665012	0.0963829	0.083358	0.450881	0.369378
1435	-69.58626	-87.91515	18.32888	1	0	1	0	0.007101241	0.007101241	0.001092342	0.002533065	0.04557439	0.04557439	0.01026285	0.0002061005	0.0963829	0.083358	0.450881	0.369378
1436	-74.36029	-91.97315	17.61286	0	1	1	1	0.003081506	0.00169224	0.0002858166	0.0002858166	0.02600613	0.02600613	0.01026285	0.01026285	0.100819	0.0411666	0.471635	0.386379
1437	-71.59465	-89.55742	17.96277	0	1	1	0	0.00483905	0.00169224	0.000883648	0.000883648	0.02757674	0.02757674	0.01026285	0.02360967	0.144182	0.0588726	0.674487	0.122458
1438	-74.03839	-89.4427	15.40431	1	0	1	1	0.00483905	0.00483905	0.000883648	0.001973611	0.03775223	0.03775223	0.008513083	0.008513083	0.1008	0.342045	0.471543	0.0856123
1439	-65.41002	-93.0635	27.65348	0	0	0	1	0.00483905	0.00217324	0.001693893	0.001920445	0.02122328	0.002606811	0.008513083	0.008513083	0.1008	0.342045	0.471543	0.0856123
1440	-73.84192	-90.42098	16.57906	0	1	1	1	0.00483905	0.003620437	0.0009547728	0.0009547728	0.0293146	0.0293146	0.008513083	0.008513083	0.0465613	0.0663274	0.577437	0.309674
1441	-69.25773	-87.56073	18.303	0	0	1	1	0.0108423	0.003081726	0.00168395	0.0008518373	0.04182415	0.04182415	0.008634084	0.008634084	0.016156	0.0230146	0.853377	0.107452
1442	-75.66786	-89.3267	13.65884	0	1	1	1	0.0108423	0.003081726	0.002773412	0.002773412	0.03861428	0.03861428	0.008634084	0.008634084	0.168923	0.365996	0.41263	0.0524518
1443	-71.7926	-89.5646	17.772	0	0	1	1	0.0108423	0.002454951	0.0003121882	0.01096153	0.02977276	0.02977276	0.01561164	0.01561164	0.168923	0.365996	0.41263	0.0524518
1444	-68.57648	-88.08816	19.51168	0	0	1	1	0.009911819	0.0007814301	0.0007282302	0.003198416	0.02977276	0.02977276	0.01561164	0.01561164	0.211228	0.0536425	0.51597	0.21916
1445	-66.44021	-88.24379	21.80358	0	0	1	0	0.009340416	0.0007946591	0.001201404	0.006044315	0.02977276	0.02977276	0.01678307	0.01249501	0.0485467	0.0623866	0.503339	0.385728
1446	-66.98065	-91.64785	24.66721	0	1	0	0	0.005741121	0.000545775	0.001201404	0.001201404	0.01870772	0.004105414	0.01678307	0.01296698	0.0450545	0.129835	0.467131	0.35798
1447	-67.03882	-95.07274	28.03392	0	1	0	0	0.005983353	0.000545775	0.004996828	0.004996828	0.01870772	0.001273596	0.008579753	0.0007066074	0.0363618	0.297722	0.377004	0.288912
1448	-81.44621	-94.10093	12.65472	1	1	1	1	0.005824388	0.005824388	0.002301616	0.002301616	0.01870772	0.01870772	0.01331856	0.01331856	0.0363618	0.297722	0.377004	0.288912
1449	-77.62899	-95.56843	17.93944	1	1	0	1	0.005097165	0.005097165	0.002301616	0.002301616	0.01690481	0.001838322	0.01331856	0.01331856	0.17128	0.296765	0.29989	0.232065
1450	-70.22387	-90.4618	20.23793	1	0	1	0	0.005097165	0.005097165	0.002301616	0.001596763	0.0333214	0.0333214	0.01023125	0.003301921	0.266612	0.345868	0.34951	0.0380111
1451	-66.63427	-90.7532	24.11893	0	0	0	1	0.002436308	0.0008873449	0.003383721	0.002213285	0.04137335	0.001212239	0.0116814	0.0116814	0.242539	0.314638	0.408244	0.034579
1452	-73.09822	-89.96725	16.86902	1	1	0	0	0.004680815	0.004680815	0.003383721	0.003383721	0.04137335	0.01083686	0.009388732	0.005456999	0.0893939	0.115968	0.781094	0.0135444
1453	-71.81757	-90.08572	18.26815	0	0	1	1	0.004680815	0.00448294	0.003383721	0.005486659	0.04137335	0.04137335	0.007709874	0.007709874	0.131694	0.110581	0.74481	0.0129152
1454	-64.64208	-87.90179	23.25971	0	0	1	0	0.007699816	0.002566355	0.001524258	0.007160089	0.03394579	0.03394579	0.01386032	0.00134582	0.0274269	0.120543	0.811911	0.0401182
1455	-75.99845	-92.52223	16.52378	1	0	1	0	0.007699816	0.007699816	0.002758163	0.005549387	0.02981156	0.02981156	0.02809247	0.003183921	0.088384	0.382664	0.39967	0.129282
1456	-68.67346	-85.12717	16.45372	0	0	1	1	0.007699816	0.0009666749	0.0002615818	0.005276095	0.05134801	0.05134801	0.01194389	0.01194389	0.0716482	0.310205	0.513344	0.104802
1457	-70.69681	-86.87217	16.17536	0	1	0	1	0.007699816	0.0007597834	0.003783179	0.003783179	0.05134801	0.00355359	0.01194389	0.01194389	0.0716482	0.310205	0.513344	0.104802
1458	-73.13097	-89.74069	16.60972	1	1	0	0	0.004573411	0.004573411	0.002498785	0.002498785	0.05134801	0.001028401	0.00760938	0.009545715	0.0716482	0.310205	0.513344	0.104802
1459	-65.85597	-87.50628	21.65031	0	1	0	0	0.01025213	0.001435765	0.0004324881	0.0004324881	0.05134801	0.0009629978	0.00760938	0.005267562	0.0716482	0.310205	0.513344	0.104802
1460	-72.07963	-92.22451	20.14487	0	0	1	1	0.01025213	0.003559351	0.0007554608	0.004392772	0.0202101	0.0202101	0.01721259	0.01721259	0.0716482	0.310205	0.513344	0.104802
1461	-72.54642	-93.70776	21.16134	0	0	1	1	0.007312009	0.003748405	0.0007554608	0.004392772	0.0171469	0.0171469	0.01721259	0.01721259	0.214669	0.347343	0.322917	0.115071
1462	-71.11843	-88.23712	17.11869	0	1	0	1	0.007312009	0.004185946	0.001494571	0.001494571	0.04062116	0.0028661	0.01721259	0.01721259	0.277442	0.140027	0.391569	0.190962
1463	-71.92626	-87.71774	15.79148	0	0	1	1	0.008509326	0.004185946	0.001494571	0.009260526	0.04062116	0.04062116	0.01721259	0.01721259	0.207834	0.104895	0.400563	0.286709
1464	-69.39555	-86.61579	17.22024	0	0	1	1	0.008509326	0.001805273	0.001494571	0.003468585	0.04062116	0.04062116	0.01721259	0.01721259	0.190938	0.177663	0.367999	0.263401
1465	-71.6346	-92.5816	20.947	0	1	1	0	0.002974461	0.002776183	0.0001950522	0.0001950522	0.02567224	0.02567224	0.01721259	0.002963653	0.203901	0.121833	0.392983	0.281284
1466	-77.19225	-86.1808	8.988547	0	1	1	1	0.009089674	0.005539346	0.002370697	0.002370697	0.0564479	0.0564479	0.01721259	0.01721259	0.263792	0.157618	0.508412	0.0701777
1467	-64.83351	-85.20636	20.37285	0	1	0	0	0.00721527	0.0008956182	0.001499654	0.001499654	0.0564479	0.001317626	0.01672948	0.0005099288	0.263792	0.157618	0.508412	0.0701777
1468	-73.37859	-89.25058	15.87199	0	1	1	1	0.00721527	0.002274464	0.001499654	0.001499654	0.0308001	0.0308001	0.009496938	0.009496938	0.148157	0.0885251	0.285547	0.477771
1469	-74.36917	-86.61464	12.24547	1	0	1	1	0.00721527	0.00721527	0.0009832954	0.0003034422	0.05206619	0.05206619	0.01146218	0.01146218	0.111134	0.0664035	0.464082	0.358381
1470	-68.02223	-85.82915	17.80692	0	0	1	1	0.005388723	0.0003805952	0.0009832954	0.001491628	0.05206619	0.05206619	0.009445205	0.009445205	0.187724	0.112167	0.094743	0.605366
1471	-71.35057	-85.73005	14.37948	0	1	1	0	0.008543049	0.003410759	0.00125151	0.00125151	0.05206619	0.05206619	0.01500463	0.009084718	0.420035	0.0166441	0.200598	0.362722
1472	-74.39761	-86.72884	12.33124	0	1	1	1	0.002715291	0.0001468119	0.001606855	0.001606855	0.05206619	0.05206619	0.01500463	0.01500463	0.146483	0.0240326	0.289647	0.539838
1473	-80.10081	-93.43998	13.33918	1	1	1	1	0.002715291	0.002715291	0.001606855	0.001606855	0.02299864	0.02299864	0.008916379	0.008916379	0.0365634	0.0196414	0.849551	0.0942444
1474	-69.47493	-92.63898	23.16406	0	1	1	0	0.002715291	0.001363893	0.0007534459	0.0007534459	0.02497511	0.02497511	0.008916379	0.0003883267	0.0768493	0.0412824	0.662049	0.219819
1475	-65.6772	-88.28691	22.60971	0	0	0	0	0.01746842	0.0009502048	0.003379891	0.0002631581	0.05192737	0.01004715	0.01515972	0.002161728	0.434271	0.0252988	0.40572	0.13471
1476	-73.51386	-87.75796	14.2441	0	0	1	1	0.01650812	0.0007624582	0.002993578	0.00278396	0.05192737	0.05192737	0.01515972	0.01515972	0.513769	0.0299301	0.29693	0.159371
1477	-74.48799	-88.11603	13.62803	0	0	1	1	0.00799975	0.007064005	0.002993578	0.008514741	0.05192737	0.05192737	0.01515972	0.01515972	0.513769	0.0299301	0.29693	0.159371
1478	-72.81906	-86.79435	13.97529	0	1	1	0	0.00799975	0.00705484	0.001711975	0.001711975	0.05407952	0.05407952	0.01470324	0.006123518	0.513769	0.0299301	0.29693	0.159371
1479	-69.06271	-86.74408	17.68137	0	0	1	0	0.00799975	0.00705484	0.0005659499	0.001080394	0.05407952	0.05407952	0.01470324	0.01452727	0.429281	0.189455	0.248101	0.133163
1480	-72.62128	-87.39053	14.76926	0	0	1	1	0.01163744	0.0008736931	0.002427801	0.008475003	0.04901411	0.04901411	0.01470324	0.01470324	0.398365	0.340204	0.19206	0.0693707
1481	-65.55595	-87.32172	21.76576	0	0	1	0	0.007933511	0.000144218	0.0002551238	0.008475003	0.04901411	0.04901411	0.007088008	0.003737954	0.156872	0.5048	0.284982	0.0533462
1482	-71.08966	-88.5954	17.50574	0	1	1	0	0.01108622	0.0001608589	0.004754604	0.004754604	0.03625166	0.03625166	0.01354295	0.005682111	0.0307968	0.0991015	0.859629	0.0104728
1483	-77.28537	-89.53196	12.24659	1	1	1	0	0.007867189	0.007867189	0.004754604	0.004754604	0.0449212	0.0449212	0.01091693	0.003564077	0.0307968	0.0991015	0.859629	0.0104728
1484	-74.9117	-87.08149	12.16979	1	1	1	0	0.004934027	0.004934027	0.0009617886	0.0009617886	0.0449212	0.0449212	0.01691797	0.00472828	0.122205	0.112378	0.723859	0.0415574
1485	-79.78798	-87.97312	8.185145	1	1	1	1	0.002999081	0.002999081	0.00103139	0.00103139	0.04447692	0.04447692	0.01721118	0.01721118	0.123278	0.113365	0.730216	0.0331408
1486	-74.12426	-86.25636	12.13211	0	1	1	1	0.005800858	0.001761344	0.002179895	0.002179895	0.04447692	0.04447692	0.01845982	0.01845982	0.1027	0.116026	0.747355	0.0339186
1487	-69.4134	-86.21888	16.80549	0	0	1	1	0.005800858	0.002469296	0.001420516	0.002856492	0.04447692	0.04447692	0.01845982	0.01845982	0.1027	0.116026	0.747355	0.0339186
1488	-70.82027	-87.80728	16.98701	1	0	0	0	0.005404404	0.005404404	0.001420516	0.003024441	0.07591175	0.001086558	0.01350705	0.003628039	0.394201	0.147447	0.32816	0.130192
1489	-78.68806	-86.4471	7.759037	1	0	1	1	0.005404404	0.005404404	0.001420516	0.004849686	0.07591175	0.07591175	0.01010673	0.01010673	0.394201	0.147447	0.32816	0.130192
1490	-71.28753	-92.74099	21.45346	0	0	1	1	0.008239515	0.0009302974	0.002234184	0.003462644	0.02971972	0.02971972	0.004310825	0.004310825	0.313164	0.275805	0.307603	0.103428
1491	-78.07241	-96.86078	18.78837	1	0	0	1	0.008247593	0.008247593	0.004779775	0.001811889	0.02971972	0.0169037	0.002678982	0.002678982	0.146784	0.20983	0.594908	0.0484783
1492	-71.46519	-88.75423	17.28904	0	1	0	0	0.01130368	0.003259044	0.004779775	0.004779775	0.05374966	0.001681853	0.01354641	0.01393468	0.102704	0.447123	0.416253	0.0339199
1493	-69.7923	-86.51007	16.71777	0	1	1	0	0.004868701	0.001401986	0.0002467774	0.0002467774	0.05443052	0.05443052	0.01354641	0.001491281	0.102704	0.447123	0.416253	0.0339199
1494	-79.28434	-91.30812	12.02378	1	1	1	1	0.004868701	0.004868701	0.0002467774	0.0002467774	0.02509943	0.02509943	0.01354641	0.01354641	0.155806	0.161267	0.63147	0.0514577
1495	-72.56184	-93.51988	20.95804	1	0	0	1	0.00661018	0.00661018	0.0005802764	0.001385316	0.02151322	0.0130577	0.008584314	0.008584314	0.174579	0.00974833	0.754213	0.0614598
1496	-69.31257	-91.58766	22.27509	0	1	0	1	0.004959672	0.001588005	0.0005802764	0.0005802764	0.02325479	0.005230364	0.008584314	0.008584314	0.202489	0.0113068	0.714919	0.0712854
1497	-67.9613	-88.57853	20.61722	0	1	1	0	0.007454086	0.000765551	0.0005802764	0.0005802764	0.02631874	0.02631874	0.01423501	0.004326848	0.21093	0.0117781	0.744719	0.0325726
1498	-72.68623	-88.78697	16.10074	0	1	1	1	0.007454086	0.001389845	0.0005802764	0.0005802764	0.02631874	0.02631874	0.01423501	0.01423501	0.204526	0.0114206	0.722111	0.061942
1499	-68.54179	-86.01879	17.477	0	1	1	0	0.007454086	0.001869549	0.0005802764	0.0005802764	0.04564209	0.04564209	0.010986	0.005110797	0.204526	0.0114206	0.722111	0.061942
1500	-80.1144	-89.07554	8.961134	1	1	1	1	0.008369597	0.008369597	0.0005802764	0.0005802764	0.04138175	0.04138175	0.01094824	0.01094824	0.560923	0.0222663	0.296045	0.120766
1501	-71.60433	-89.54965	17.94532	0	1	0	1	0.008369597	0.002446364	0.002403206	0.002403206	0.04138175	0.003414825	0.01094824	0.01094824	0.720562	0.147098	0.0840026	0.0483366
1502	-70.75442	-86.74259	15.98817	0	0	1	1	0.006582255	0.005644431	0.0002495804	0.002447176	0.05187254	0.05187254	0.01336304	0.01336304	0.471937	0.143085	0.0550181	0.32996
1503	-69.09118	-87.73849	18.64731	0	0	1	0	0.004184434	0.0009829825	0.004518747	0.002745368	0.05187254	0.05187254	0.01336304	0.01681861	0.434486	0.101198	0.160541	0.303775
1504	-66.38673	-87.68939	21.30266	0	0	1	0	0.004184434	0.001010767	0.001147378	0.001372822	0.04759111	0.04759111	0.0071718	0.01681861	0.345347	0.0411465	0.210548	0.402959
1505	-74.84144	-88.3973	13.55586	0	1	1	1	0.004184434	0.003664086	0.001147378	0.001147378	0.04759111	0.04759111	0.007947841	0.007947841	0.382458	0.0299644	0.141317	0.446261
1506	-66.764	-87.75163	20.98763	0	0	1	0	0.009307364	0.004478736	0.004039478	0.0006838277	0.04759111	0.04759111	0.01351464	0.001483754	0.418086	0.0265915	0.323407	0.231915
1507	-74.5324	-87.09581	12.56342	0	1	1	1	0.009307364	0.003442945	0.0006298227	0.0006298227	0.04759111	0.04759111	0.009240469	0.009240469	0.409976	0.0260757	0.330648	0.2333
1508	-76.9347	-87.39407	10.45937	1	1	1	0	0.004801656	0.004801656	0.0006298227	0.0006298227	0.04759111	0.04759111	0.01653746	0.01268694	0.551894	0.0283824	0.165786	0.253938
1509	-71.42554	-93.79641	22.37087	1	0	0	1	0.004801656	0.004801656	0.0006298227	0.0005369405	0.02572127	0.003382097	0.008577754	0.008577754	0.551894	0.0283824	0.165786	0.253938
1510	-74.34531	-90.20985	15.86454	0	1	1	1	0.01139497	0.002471593	0.0006298227	0.0006298227	0.02620634	0.02620634	0.01062635	0.01062635	0.0416648	0.0249644	0.710013	0.223358
1511	-74.7347	-94.32241	19.58771	0	0	1	1	0.006249118	0.002471593	0.007379952	0.006825925	0.02601648	0.02601648	0.01062635	0.01062635	0.065351	0.373738	0.210575	0.350336
1512	-70.16351	-90.02311	19.8596	0	1	1	0	0.005230746	0.000166443	0.0007486645	0.0007486645	0.04558012	0.04558012	0.004275508	0.002012722	0.117353	0.0602056	0.0528455	0.769596
1513	-65.91942	-88.55003	22.63061	0	0	1	0	0.004541621	0.0005540476	0.001153224	0.009146509	0.04558012	0.04558012	0.007392467	0.003332985	0.15043	0.325123	0.283444	0.241004
1514	-65.42581	-89.30507	23.87926	0	0	1	0	0.007821266	0.002263507	0.0006956412	0.005474286	0.03550542	0.03550542	0.007392467	0.005405994	0.101248	0.0408965	0.0208259	0.83703
1515	-75.85778	-89.97421	14.11643	0	1	1	1	0.007821266	0.003320042	0.00350392	0.00350392	0.03550542	0.03550542	0.01117772	0.01117772	0.568845	0.0196191	0.00999076	0.401546
1516	-72.40712	-90.16545	17.75833	0	1	1	0	0.009268709	0.005108972	0.00350392	0.00350392	0.03550542	0.03550542	0.0165668	7.977362e-05	0.395733	0.0136486	0.073897	0.516721
1517	-72.52744	-90.60031	18.07287	0	0	1	1	0.01075847	0.005108972	0.00350392	0.0002084507	0.03208777	0.03208777	0.0165668	0.0165668	0.327271	0.0985111	0.14689	0.427328
1518	-68.98608	-91.63698	22.6509	0	0	0	1	0.009135968	0.004355857	0.003766599	0.0003072875	0.03034592	0.01347964	0.01019361	0.01019361	0.266378	0.0887071	0.206745	0.43817
1519	-62.23193	-90.61584	28.38391	0	0	0	0	0.007990803	0.001860228	0.004800674	0.0002061417	0.03034592	0.01084347	0.01053641	0.001745176	0.463427	0.0995897	0.359682	0.0773015
1520	-70.76363	-88.91398	18.15035	0	0	1	1	0.0118675	0.004389266	0.002753121	0.0002095546	0.0373965	0.0373965	0.01117526	0.01117526	0.140021	0.172884	0.624395	0.0627003
1521	-71.27396	-89.34875	18.07479	0	0	1	1	0.009316307	0.004389266	0.002753121	0.0001539319	0.04043553	0.04043553	0.01117526	0.01117526	0.119562	0.708975	0.117924	0.0535392
1522	-71.65754	-88.63809	16.98055	0	0	0	1	0.009316307	0.004389266	0.0006734967	0.001336856	0.04043553	0.02812738	0.01974086	0.01974086	0.169956	0.426598	0.070956	0.33249
1523	-75.35765	-88.67588	13.31824	1	1	1	0	0.008443584	0.008443584	0.0005742066	0.0005742066	0.04043553	0.04043553	0.0161344	0.0003063613	0.167559	0.0187856	0.143102	0.670554
1524	-69.9071	-87.28189	17.37479	0	1	1	0	0.004788879	0.002268939	0.0005742066	0.0005742066	0.04955806	0.04955806	0.009016825	0.00602056	0.344641	0.0425345	0.324011	0.288814
1525	-67.79899	-86.05702	18.25803	0	0	1	1	0.008810306	0.0006353598	0.0005742066	0.0027597	0.04083697	0.04083697	0.01355872	0.01355872	0.225232	0.0615229	0.295499	0.417747
1526	-68.62287	-88.39257	19.76971	0	0	0	1	0.008810306	0.001110218	0.001045032	0.01155672	0.04599467	0.004046632	0.01550193	0.01550193	0.262399	0.0716752	0.179243	0.486682
1527	-68.32581	-87.66932	19.34351	0	1	0	0	0.008810306	0.002040314	0.001045032	0.001045032	0.04599467	0.005782497	0.02296676	0.003863822	0.0396287	0.0933225	0.233379	0.63367
1528	-72.18045	-86.91827	14.73782	0	0	1	1	0.008810306	0.001856819	0.001045032	0.0004083961	0.04599467	0.04599467	0.02919588	0.02919588	0.0247238	0.0582226	0.772229	0.144824
1529	-70.55346	-88.50899	17.95553	0	0	1	0	0.01036526	0.006243822	0.0003780079	0.000229199	0.04599467	0.04599467	0.02919588	0.006035926	0.0868062	0.204422	0.200287	0.508485
1530	-76.61565	-88.58553	11.96988	1	0	1	0	0.004543892	0.004543892	0.0003780079	0.0006223835	0.04599467	0.04599467	0.02919588	0.02240909	0.0858565	0.202186	0.209037	0.502921
1531	-77.13556	-89.86584	12.73028	1	1	0	1	0.003873042	0.003873042	0.0003780079	0.0003780079	0.05119361	0.004353949	0.009458623	0.009458623	0.0848587	0.199836	0.218229	0.497077
1532	-65.64203	-90.88276	25.24072	0	0	1	0	0.005425849	0.001083894	0.0003780079	0.004481556	0.02289358	0.02289358	0.01714429	0.005363747	0.0848587	0.199836	0.218229	0.497077
1533	-65.80443	-88.00638	22.20195	0	1	0	0	0.005425849	0.0003308981	0.0003780079	0.0003780079	0.04306049	0.001169988	0.01714429	0.006643417	0.554017	0.289166	0.134468	0.0223492
1534	-69.63353	-86.43266	16.79914	0	1	1	0	0.005425849	0.0004097062	0.002836491	0.002836491	0.04306049	0.04306049	0.01714429	0.006643417	0.125155	0.065324	0.804472	0.00504881
1535	-73.55105	-86.92969	13.37863	0	1	1	1	0.006249181	0.003807429	0.0008672699	0.0008672699	0.04306049	0.04306049	0.01156423	0.01156423	0.157403	0.178496	0.650306	0.0137957
1536	-69.30781	-86.95778	17.64996	0	0	1	1	0.008157827	0.002290419	0.003392519	0.002187967	0.04306049	0.04306049	0.01156423	0.01156423	0.0663588	0.0259715	0.888814	0.0188555
1537	-67.96579	-86.43538	18.4696	0	0	1	1	0.007376261	0.000198893	0.003392519	0.0003727022	0.04306049	0.04306049	0.01156423	0.01156423	0.215648	0.0713165	0.698223	0.0148122
1538	-65.15912	-88.63271	23.47359	0	1	0	0	0.005397608	0.0001011341	0.003392519	0.003392519	0.03259199	0.006631892	0.01156423	0.007199679	0.0548565	0.0859364	0.841358	0.0178487
1539	-76.79168	-90.56237	13.77069	1	0	1	1	0.006990969	0.006990969	0.003392519	0.007415393	0.03259199	0.03259199	0.01291516	0.01291516	0.0548565	0.0859364	0.841358	0.0178487
1540	-62.85998	-88.06631	25.20633	0	0	0	0	0.006990969	0.002407507	0.003392519	0.001832852	0.04587226	0.00676833	0.009277799	0.009962585	0.0907433	0.0560088	0.548353	0.304895
1541	-75.27673	-90.94515	15.66842	1	1	1	0	0.005785099	0.005785099	0.0002403715	0.0002403715	0.02896881	0.02896881	0.01039889	0.007057712	0.0907433	0.0560088	0.548353	0.304895
1542	-74.27818	-90.5081	16.22992	1	1	0	0	0.008196916	0.008196916	0.003606925	0.003606925	0.04279003	0.01110376	0.01274373	0.0003348097	0.214259	0.0484004	0.473864	0.263477
1543	-80.99945	-89.78901	8.789562	1	1	1	1	0.007421982	0.007421982	0.003606925	0.003606925	0.04279003	0.04279003	0.008442333	0.008442333	0.214259	0.0484004	0.473864	0.263477
1544	-65.59406	-87.57592	21.98187	0	0	1	0	0.007421982	0.0044188	0.0005774658	0.001133506	0.04279003	0.04279003	0.01789808	0.001171944	0.103933	0.538396	0.229863	0.127808
1545	-66.24171	-86.99397	20.75226	0	1	0	0	0.007421982	0.0009680726	0.002120246	0.002120246	0.04279003	0.004901675	0.01205405	0.01218921	0.0492334	0.471831	0.418392	0.0605431
1546	-67.61473	-89.52933	21.9146	0	0	1	1	0.007046445	0.0002960593	0.0007635595	0.0006066817	0.02549262	0.02549262	0.01205405	0.01205405	0.0406216	0.564217	0.345208	0.049953
1547	-70.01118	-86.24003	16.22885	0	1	0	1	0.007046445	0.0004312462	0.0007635595	0.0007635595	0.04518537	0.01330166	0.01205405	0.01205405	0.0329106	0.537704	0.388914	0.0404706
1548	-69.24484	-87.03388	17.78904	0	1	0	1	0.005157394	0.001323597	0.0007635595	0.0007635595	0.04518537	0.004032862	0.01339514	0.01339514	0.0329106	0.537704	0.388914	0.0404706
1549	-70.73026	-93.80796	23.0777	0	1	0	0	0.005923335	0.005560542	0.003478731	0.003478731	0.03147351	0.005279277	0.00567466	0.01175352	0.103576	0.498414	0.360496	0.0375134
1550	-74.7139	-90.49139	15.77749	0	1	1	1	0.005923335	0.001906561	0.003478731	0.003478731	0.03147351	0.03147351	0.009044835	0.009044835	0.103576	0.498414	0.360496	0.0375134
1551	-72.2207	-93.16101	20.94031	0	0	1	1	0.008970781	0.001979136	0.003478731	0.002511762	0.02584722	0.02584722	0.009044835	0.009044835	0.152627	0.734452	0.0576417	0.055279
1552	-69.21508	-85.8368	16.62172	0	0	1	1	0.008970781	8.024893e-05	0.003336054	0.0001539068	0.05230817	0.05230817	0.01168594	0.01168594	0.127741	0.272848	0.0482429	0.551168
1553	-67.01524	-86.72956	19.71432	0	0	1	0	0.008970781	0.0004319751	0.005112228	0.0001762605	0.05230817	0.05230817	0.01359269	0.007790241	0.127741	0.272848	0.0482429	0.551168
1554	-83.23991	-89.18335	5.943441	1	1	1	1	0.007528184	0.007528184	0.005112228	0.005112228	0.05230817	0.05230817	0.01359269	0.01359269	0.428309	0.178828	0.031619	0.361243
1555	-70.30512	-87.16557	16.86045	0	1	1	0	0.007528184	0.002099322	0.001038575	0.001038575	0.04080585	0.04080585	0.01359269	0.01010489	0.496541	0.0480131	0.0366561	0.41879
1556	-75.09172	-89.44117	14.34944	1	0	1	1	0.007528184	0.007528184	0.001038575	0.001375923	0.04080585	0.04080585	0.009246978	0.009246978	0.496541	0.0480131	0.0366561	0.41879
1557	-68.3414	-87.53412	19.19271	0	0	1	1	0.007528184	0.0001931998	0.002024259	0.001775939	0.04080585	0.04080585	0.009501391	0.009501391	0.496541	0.0480131	0.0366561	0.41879
1558	-70.37217	-88.52075	18.14858	0	0	1	1	0.007528184	0.0001931998	0.002024259	0.00774845	0.04080585	0.04080585	0.009501391	0.009501391	0.262236	0.497231	0.019359	0.221174
1559	-67.06658	-88.3792	21.31262	0	0	1	0	0.007528184	9.034488e-05	0.002763862	0.007951304	0.03977403	0.03977403	0.009501391	0.01163084	0.307596	0.156906	0.0227076	0.51279
1560	-69.41083	-86.74518	17.33436	0	1	1	0	0.003328017	2.915396e-05	0.001077377	0.001077377	0.04985347	0.04985347	0.01316973	0.005001006	0.234631	0.119686	0.454584	0.191099
1561	-70.14747	-88.32173	18.17426	0	1	0	1	0.003328017	2.915396e-05	0.001077377	0.001077377	0.04985347	0.0001967073	0.01316973	0.01316973	0.70474	0.0523153	0.159415	0.0835298
1562	-69.17073	-90.06086	20.89014	0	1	1	0	0.003328017	0.0001142796	0.001077377	0.001077377	0.03194056	0.03194056	0.01316973	0.002489464	0.44459	0.189001	0.140727	0.225682
1563	-66.62736	-89.32674	22.69938	0	1	0	0	0.004781742	0.0002119227	0.001023308	0.001023308	0.03194056	0.01727858	0.01316973	0.002901774	0.469531	0.143505	0.148621	0.238343
1564	-66.72317	-87.7251	21.00193	0	0	1	1	0.004781742	0.0001090091	0.001023308	0.0004556509	0.03194056	0.03194056	0.01316973	0.01316973	0.15145	0.0584886	0.713182	0.0768791
1565	-75.57551	-86.24909	10.67359	1	0	1	1	0.004781742	0.004781742	0.001206788	0.005568821	0.05629458	0.05629458	0.01316973	0.01316973	0.0985344	0.062136	0.757656	0.0816733
1566	-71.65588	-87.87643	16.22055	1	0	0	1	0.004781742	0.004781742	0.001206788	0.002564544	0.05629458	0.0008124058	0.01316973	0.01316973	0.0908506	0.18563	0.479522	0.243998
1567	-75.19462	-89.25905	14.06444	1	1	0	1	0.004781742	0.004781742	0.001206788	0.001206788	0.03805799	0.0007757973	0.01680345	0.01680345	0.0908506	0.18563	0.479522	0.243998
1568	-63.99398	-87.63765	23.64368	0	0	0	1	0.004781742	0.002186829	0.001206788	2.005624e-06	0.03878566	0.006539809	0.01240331	0.01240331	0.0531148	0.108527	0.695708	0.14265
1569	-73.5002	-89.99163	16.49142	0	1	1	0	0.006472732	0.0008000438	0.001206788	0.001206788	0.0297693	0.0297693	0.006978474	0.03205305	0.129377	0.264348	0.258808	0.347467
1570	-71.13839	-88.18415	17.04577	0	1	0	1	0.006472732	0.0003892727	0.002520752	0.002520752	0.05403575	0.003712512	0.006978474	0.006978474	0.157473	0.447383	0.22557	0.169573
1571	-75.58946	-88.54994	12.96048	0	1	1	1	0.003812286	0.001776707	0.00189164	0.00189164	0.05285781	0.05285781	0.007602041	0.007602041	0.178952	0.508405	0.0155477	0.297095
1572	-79.96314	-88.04501	8.081865	1	1	1	1	0.005767039	0.005767039	0.0005704496	0.0005704496	0.05236981	0.05236981	0.007602041	0.007602041	0.232299	0.127249	0.0254823	0.61497
1573	-72.33643	-89.53044	17.19401	0	1	1	0	0.003032277	0.002079536	0.003266365	0.003266365	0.04895069	0.04895069	0.007602041	0.008330623	0.232299	0.127249	0.0254823	0.61497
1574	-70.15468	-86.11744	15.96275	0	1	1	0	0.01049807	0.002079536	0.001152812	0.001152812	0.04895069	0.04895069	0.01304441	0.004578893	0.208871	0.131132	0.02626	0.633737
1575	-76.6123	-89.14745	12.53515	1	1	1	0	0.004373152	0.004373152	0.0002865639	0.0002865639	0.03626825	0.03626825	0.01304441	0.01640101	0.208558	0.132433	0.0262207	0.632788
1576	-65.47658	-87.70904	22.23245	0	0	1	0	0.004373152	0.001708426	0.0001905471	0.005073109	0.03930772	0.03930772	0.009816753	0.01350873	0.208558	0.132433	0.0262207	0.632788
1577	-68.97273	-88.03889	19.06616	0	0	1	1	0.01047631	0.001708426	0.0002161203	0.0005969583	0.03930772	0.03930772	0.0102472	0.0102472	0.198474	0.0288522	0.0249529	0.74772
1578	-68.20172	-86.98693	18.78521	0	0	1	0	0.007250033	0.004491328	0.0002161203	0.009279029	0.06132539	0.06132539	0.0102472	0.0008878269	0.575224	0.0836203	0.0723192	0.268837
1579	-71.79186	-87.95131	16.15945	0	0	1	0	0.006045537	0.005983828	0.0005874685	0.01054687	0.05910201	0.05910201	0.02550962	0.0009410807	0.621335	0.0903235	0.130263	0.158078
1580	-76.32615	-87.35029	11.02415	1	1	1	0	0.006045537	0.006045537	0.0004554282	0.0004554282	0.05910201	0.05910201	0.01247238	0.0009410807	0.621335	0.0903235	0.130263	0.158078
1581	-77.39785	-87.40735	10.0095	1	1	1	0	0.006045537	0.006045537	0.001564586	0.001564586	0.05910201	0.05910201	0.01247238	0.005635771	0.708074	0.102933	0.13752	0.0514727
1582	-73.34129	-89.09289	15.7516	1	0	1	0	0.006045537	0.006045537	0.001564586	0.00305257	0.05910201	0.05910201	0.005925566	0.005821947	0.549863	0.113286	0.280201	0.0566502
1583	-67.28288	-93.58483	26.30195	0	1	0	0	0.009188071	0.001394062	0.001564586	0.001564586	0.02261921	0.007464134	0.005925566	0.002544981	0.549863	0.113286	0.280201	0.0566502
1584	-71.97066	-93.54467	21.57402	0	1	1	0	0.009188071	0.002953358	0.001564586	0.001564586	0.02383845	0.02383845	0.006001556	0.004661582	0.563521	0.108072	0.267304	0.0611025
1585	-75.25492	-90.64566	15.39074	0	1	1	1	0.009188071	0.00146052	0.001564586	0.001564586	0.02383845	0.02383845	0.0179876	0.0179876	0.224861	0.450191	0.264489	0.0604591
1586	-69.35661	-84.95647	15.59986	0	0	1	0	0.009188071	0.003965984	0.001564586	0.0003593582	0.05926544	0.05926544	0.0179876	0.0195863	0.131344	0.061869	0.41384	0.392947
1587	-78.28772	-86.62615	8.338428	1	1	1	0	0.009188071	0.009188071	0.001564586	0.001564586	0.05926544	0.05926544	0.01243554	0.0119253	0.230213	0.0876213	0.12566	0.556507
1588	-68.8254	-88.77473	19.94933	0	0	1	1	0.009188071	0.00163203	0.001564586	0.001449626	0.03215191	0.03215191	0.01151472	0.01151472	0.221207	0.123313	0.120744	0.534736
1589	-65.38464	-88.7031	23.31846	0	0	0	1	0.009188071	0.001218039	0.001469474	0.002308538	0.03739392	0.00467363	0.01151472	0.01151472	0.305117	0.170089	0.166546	0.358248
1590	-76.64233	-89.2999	12.65757	0	1	1	1	0.008261358	0.007796289	0.002229202	0.002229202	0.03739392	0.03739392	0.01399237	0.01399237	0.181252	0.10104	0.0989348	0.618773
1591	-70.99475	-89.7091	18.71435	0	0	1	1	0.008261358	0.003975142	0.001921598	0.005225804	0.0311888	0.0311888	0.01399237	0.01399237	0.37535	0.0136455	0.174193	0.436811
1592	-69.59613	-88.57015	18.97402	0	1	1	0	0.008261358	0.004439747	0.001921598	0.001921598	0.03414141	0.03414141	0.01399237	0.0003232828	0.199718	0.0306315	0.459897	0.309753
1593	-68.17398	-88.65364	20.47966	0	0	1	1	0.008261358	0.00151957	0.0001367183	0.001293422	0.03414141	0.03414141	0.009114942	0.009114942	0.101679	0.111354	0.23414	0.552827
1594	-75.76031	-93.48111	17.7208	0	1	1	1	0.002729941	0.001180915	0.001172782	0.001172782	0.02651252	0.02651252	0.009114942	0.009114942	0.374485	0.410115	0.0753849	0.140015
1595	-70.897	-90.87707	19.98007	1	0	1	0	0.007468517	0.007468517	0.0005172076	0.001613319	0.03350047	0.03350047	0.009707119	0.004518454	0.196006	0.214655	0.0394566	0.549882
1596	-77.04602	-91.21848	14.17246	0	1	1	1	0.01070923	0.002427111	0.004882556	0.004882556	0.03350047	0.03350047	0.009488485	0.009488485	0.158649	0.173744	0.222527	0.44508
1597	-69.74664	-89.30404	19.5574	0	1	1	0	0.01070923	0.001612421	0.002151477	0.002151477	0.03350047	0.03350047	0.00967388	0.002095313	0.0826984	0.189428	0.242615	0.485258
1598	-67.39281	-87.70839	20.31558	0	0	1	0	0.01018843	0.001895881	0.002151477	0.003072631	0.03777184	0.03777184	0.01179137	0.01807147	0.0920591	0.0976781	0.270077	0.540186
1599	-74.80496	-88.94851	14.14356	0	1	1	1	0.004498864	0.004239195	0.002871925	0.002871925	0.03777184	0.03777184	0.01179137	0.01179137	0.0240335	0.0255004	0.386347	0.564119
1600	-74.20471	-85.29842	11.09371	0	0	1	1	0.01305572	0.001140849	0.004289708	0.000989146	0.07688891	0.07688891	0.01179137	0.01179137	0.0532401	0.0564897	0.855853	0.0344168
1601	-73.66638	-84.43883	10.77245	0	1	1	0	0.008701083	0.001140849	0.0008081233	0.0008081233	0.07688891	0.07688891	0.01086898	0.01158537	0.384561	0.145456	0.253257	0.216726
1602	-69.82812	-87.21596	17.38784	0	0	0	1	0.006584656	0.001454745	0.004526682	0.00122912	0.07688891	0.0001368716	0.01086898	0.01086898	0.631761	0.0870315	0.151532	0.129675
1603	-69.01153	-89.4679	20.45637	0	0	1	1	0.006584656	0.0004815314	0.004526682	0.0004043298	0.03173446	0.03173446	0.01086898	0.01086898	0.372468	0.0979368	0.383672	0.145923
1604	-74.49337	-91.94084	17.44747	1	0	1	0	0.009265905	0.009265905	0.004526682	0.00239324	0.03173446	0.03173446	0.01774302	0.00614844	0.0193644	0.289995	0.456032	0.234609
1605	-70.99765	-89.35204	18.35438	0	0	1	1	0.009265905	0.002172213	0.004526682	0.002229346	0.03285274	0.03285274	0.01557723	0.01557723	0.0206438	0.309155	0.526908	0.143293
1606	-73.0464	-87.89917	14.85277	0	1	1	1	0.009265905	0.001709465	0.001084581	0.001084581	0.03285274	0.03285274	0.01220376	0.01220376	0.059354	0.296935	0.506081	0.13763
1607	-73.44591	-88.04047	14.59456	0	1	1	1	0.01175586	0.0006021006	0.001084581	0.001084581	0.03294713	0.03294713	0.01220376	0.01220376	0.059354	0.296935	0.506081	0.13763
1608	-73.88065	-88.83011	14.94946	0	1	1	1	0.004883228	0.004428539	0.001084581	0.001084581	0.03294713	0.03294713	0.01321987	0.01321987	0.0392676	0.196447	0.673231	0.0910535
1609	-80.0388	-90.61331	10.57451	1	1	1	1	0.005386367	0.005386367	0.0004978954	0.0004978954	0.03294713	0.03294713	0.01321987	0.01321987	0.547215	0.249585	0.0875163	0.115683
1610	-73.54995	-89.54726	15.9973	0	1	1	1	0.005386367	0.001528312	0.0004978954	0.0004978954	0.03294713	0.03294713	0.01020993	0.01020993	0.294799	0.388723	0.136304	0.180173
1611	-74.03885	-87.25901	13.22016	0	1	1	1	0.005386367	0.001919255	0.001667188	0.001667188	0.04727235	0.04727235	0.01020993	0.01020993	0.373892	0.269839	0.231199	0.12507
1612	-76.20277	-88.54342	12.34065	1	0	1	1	0.007079953	0.007079953	0.001483151	0.006459942	0.04625298	0.04625298	0.01020993	0.01020993	0.368642	0.234619	0.318588	0.0781509
1613	-71.04908	-89.49501	18.44594	1	0	1	0	0.002650295	0.002650295	0.001483151	0.004365826	0.04625298	0.04625298	0.01020993	0.001138255	0.367291	0.0150855	0.455925	0.161698
1614	-72.18691	-90.90865	18.72174	0	1	0	1	0.002650295	0.003802606	0.0005046304	0.0005046304	0.03962445	0.0091832	0.008757635	0.008757635	0.0689416	0.0028316	0.897876	0.0303513
1615	-71.04077	-94.94218	23.90141	0	0	1	0	0.00198651	0.003802606	0.006946607	0.001197447	0.03321429	0.03321429	0.01542861	0.001855829	0.667182	0.00423639	0.283172	0.0454088
1616	-77.3389	-89.89457	12.55567	1	1	0	1	0.003521079	0.003521079	0.0005128748	0.0005128748	0.04645627	0.01228577	0.00748002	0.00748002	0.288039	0.00906244	0.60576	0.0971381
1617	-70.34356	-88.44223	18.09868	1	0	1	0	0.003521079	0.003521079	0.0005128748	0.00114731	0.04645627	0.04645627	0.009769813	0.006679428	0.367134	0.0490987	0.0574896	0.526277
1618	-69.6839	-86.25576	16.57186	0	0	1	1	0.007182217	0.001591362	0.002153769	0.006158571	0.04645627	0.04645627	0.01327812	0.01327812	0.0803473	0.0713481	0.0835414	0.764763
1619	-73.53122	-86.20292	12.6717	0	1	1	1	0.006259746	0.0006241005	0.002974096	0.002974096	0.04645627	0.04645627	0.01327812	0.01327812	0.115276	0.0412979	0.119858	0.723568
1620	-74.20439	-86.11048	11.90609	0	1	1	1	0.006259746	0.0006241005	0.002974096	0.002974096	0.04645627	0.04645627	0.01765744	0.01765744	0.115276	0.0412979	0.119858	0.723568
1621	-61.11269	-86.97498	25.86229	0	0	0	0	0.006259746	0.001815396	0.002026731	0.0004913042	0.04645627	0.002491433	0.02004907	0.003162733	0.336153	0.243817	0.385453	0.0345763
1622	-67.91569	-88.17244	20.25675	0	1	0	0	0.006259746	0.003888672	0.002026731	0.002026731	0.04645627	0.002468642	0.02004907	0.004130454	0.321573	0.276615	0.368735	0.0330767
1623	-74.46597	-89.45588	14.98991	0	1	1	1	0.005945537	0.002537377	0.002026731	0.002026731	0.0388388	0.0388388	0.006983548	0.006983548	0.321573	0.276615	0.368735	0.0330767
1624	-75.53324	-90.40893	14.87569	1	0	1	1	0.00591057	0.00591057	0.001953301	0.00329913	0.0388388	0.0388388	0.006983548	0.006983548	0.363562	0.18216	0.416882	0.0373956
1625	-70.36629	-91.59438	21.22809	0	1	0	1	0.00591057	0.001112532	0.00280485	0.00280485	0.02812055	0.005254301	0.006983548	0.006983548	0.185505	0.0929459	0.403034	0.318516
1626	-74.97044	-91.63722	16.66678	1	1	0	0	0.00591057	0.00591057	0.00191386	0.00191386	0.02812055	0.009262538	0.009555784	0.02151404	0.153558	0.076939	0.505841	0.263662
1627	-75.43807	-91.27043	15.83236	1	1	1	0	0.00591057	0.00591057	0.00191386	0.00191386	0.02812055	0.02812055	0.01159899	0.003969134	0.285015	0.102099	0.25649	0.356397
1628	-66.72515	-86.13435	19.40919	0	1	0	0	0.005957602	0.0003214528	0.001405903	0.001405903	0.05234434	0.01510699	0.01159899	0.00339243	0.155646	0.0510086	0.278272	0.515073
1629	-66.40883	-89.53156	23.12273	0	0	1	0	0.01225395	0.0003214528	0.001405903	0.002105919	0.03835905	0.03835905	0.01159899	0.002840732	0.83896	0.0465664	0.021509	0.0929644
1630	-71.30617	-95.17266	23.86649	0	0	1	0	0.01225395	0.002374015	0.0004821661	0.009761566	0.02353726	0.02353726	0.008644811	0.007577877	0.83896	0.0465664	0.021509	0.0929644
1631	-71.02642	-91.42093	20.39451	0	0	1	0	0.005293439	0.009120372	0.0007143809	6.827817e-06	0.04881075	0.04881075	0.008644811	0.01190103	0.800425	0.151554	0.020521	0.0274999
1632	-78.99085	-91.92457	12.93372	1	1	0	1	0.006081834	0.006081834	0.0004673592	0.0004673592	0.04009117	0.0007142972	0.02073889	0.02073889	0.538696	0.310578	0.0399401	0.110785
1633	-68.56274	-89.21954	20.6568	0	0	1	1	0.006431319	7.054698e-06	0.0004673592	0.0005718783	0.03099361	0.03099361	0.0149829	0.0149829	0.481055	0.277346	0.0333921	0.208207
1634	-75.87201	-91.18813	15.31612	0	1	1	1	0.005110044	0.0001382826	0.004754592	0.004754592	0.02948025	0.02948025	0.0149829	0.0149829	0.641901	0.0357177	0.0445572	0.277824
1635	-74.28328	-92.22773	17.94445	1	0	0	1	0.005110044	0.005110044	0.004754592	0.001263544	0.02922704	0.01363083	0.0149829	0.0149829	0.482464	0.0271392	0.279299	0.211098
1636	-75.74035	-90.32146	14.58111	1	0	1	1	0.005110044	0.005110044	0.004754592	0.0008206044	0.03300224	0.03300224	0.0149829	0.0149829	0.156697	0.0229471	0.641866	0.17849
1637	-70.94359	-89.72957	18.78599	0	0	1	1	0.005110044	0.001516785	0.004754592	0.004788768	0.03300224	0.03300224	0.0149829	0.0149829	0.102285	0.0418658	0.530203	0.325646
1638	-76.70889	-91.92486	15.21597	1	0	1	1	0.005110044	0.005110044	0.004754592	0.002821381	0.0340593	0.0340593	0.008293597	0.008293597	0.0138114	0.265704	0.0948871	0.625597
1639	-82.8147	-89.68143	6.866731	1	1	1	1	0.011983	0.011983	0.0008432808	0.0008432808	0.04264815	0.04264815	0.01778556	0.01778556	0.0138114	0.265704	0.0948871	0.625597
1640	-70.81137	-88.55085	17.73947	0	0	1	1	0.004426434	0.006367695	0.0008432808	0.0004924597	0.04022601	0.04022601	0.01778556	0.01778556	0.0161649	0.298288	0.0209421	0.664605
1641	-69.62903	-85.68564	16.05661	0	0	1	1	0.005105222	0.001246793	0.0003347219	0.007246117	0.04804913	0.04804913	0.01778556	0.01778556	0.00186583	0.302623	0.0212465	0.674265
1642	-67.69348	-86.29347	18.59999	0	0	1	1	0.005105222	0.0002317978	0.0006136947	0.004718479	0.04180123	0.04180123	0.01274882	0.01274882	0.00181306	0.294064	0.0489298	0.655194
1643	-68.26737	-87.15596	18.88859	0	1	1	0	0.005105222	0.0002317978	0.0008216737	0.0008216737	0.04180123	0.04180123	0.01274882	0.002859673	0.00321683	0.521744	0.086814	0.388225
1644	-74.95383	-89.54111	14.58728	0	1	1	1	0.009501941	0.000660746	0.000183087	0.000183087	0.04180123	0.04180123	0.006488067	0.006488067	0.00305725	0.545469	0.0825074	0.368966
1645	-64.16686	-92.52981	28.36295	0	0	0	0	0.00374692	0.001448868	0.002197282	0.00760524	0.04180123	0.006009814	0.005522837	0.0001165129	0.0037045	0.660952	0.239191	0.0961527
1646	-73.19538	-87.16469	13.96931	0	1	1	0	0.005466596	0.001489954	0.002197282	0.002197282	0.06646555	0.06646555	0.005522837	0.01056485	0.0102165	0.0649495	0.659657	0.265177
1647	-71.6618	-88.27077	16.60897	0	1	1	0	0.005466596	0.006529266	0.001576289	0.001576289	0.03839348	0.03839348	0.01407755	0.01056485	0.00958639	0.122623	0.61897	0.248821
1648	-70.81667	-88.58729	17.77061	0	1	0	1	0.008077877	0.001071412	0.001946972	0.001946972	0.03839348	0.01329298	0.007180607	0.007180607	0.138734	0.106633	0.538258	0.216375
1649	-67.45278	-87.6506	20.19783	0	0	1	0	0.008077877	0.001885237	0.001946972	0.007963108	0.04778525	0.04778525	0.007180607	0.01077759	0.0941161	0.0723389	0.399886	0.433659
1650	-74.12875	-88.96505	14.8363	0	1	1	1	0.01207693	0.0006946022	0.001946972	0.001946972	0.03261037	0.03261037	0.009881796	0.009881796	0.0941161	0.0723389	0.399886	0.433659
1651	-72.55932	-85.98692	13.4276	0	1	0	1	0.009620884	0.0006946022	0.001946972	0.001946972	0.05417857	0.01848283	0.009881796	0.009881796	0.0941161	0.0723389	0.399886	0.433659
1652	-69.83742	-85.53907	15.70165	0	1	1	0	0.007526195	0.001429348	0.001946972	0.001946972	0.05417857	0.05417857	0.009881796	0.006835043	0.0692188	0.0532025	0.294101	0.583478
1653	-65.62121	-84.72094	19.09974	0	0	1	0	0.007526195	0.0003342181	0.001946972	0.003378955	0.05417857	0.05417857	0.01588764	0.008645245	0.129368	0.0497644	0.275095	0.545772
1654	-73.58775	-86.15245	12.5647	0	1	1	1	0.007526195	6.226979e-05	0.0002077025	0.0002077025	0.05417857	0.05417857	0.008229605	0.008229605	0.110423	0.0424767	0.381253	0.465847
1655	-73.57859	-90.07424	16.49564	0	1	1	1	0.009051126	0.001660301	0.0008922218	0.0008922218	0.02788584	0.02788584	0.008229605	0.008229605	0.110423	0.0424767	0.381253	0.465847
1656	-83.23315	-95.32591	12.09276	1	1	1	0	0.009051126	0.009051126	0.005414028	0.005414028	0.02413266	0.02413266	0.009182318	0.02512376	0.0752874	0.0289611	0.578132	0.31762
1657	-73.25395	-87.45562	14.20166	0	1	1	1	0.005075383	0.00289548	0.0006501038	0.0006501038	0.04303753	0.04303753	0.009182318	0.009182318	0.0759634	0.0292211	0.583323	0.311493
1658	-70.49969	-89.99158	19.4919	0	1	1	0	0.003688725	0.005053204	0.0013884	0.0013884	0.03250417	0.03250417	0.0149434	0.002539573	0.0759634	0.0292211	0.583323	0.311493
1659	-72.75282	-88.10932	15.3565	0	1	1	1	0.004386684	0.000970215	0.001430619	0.001430619	0.03250417	0.03250417	0.0149434	0.0149434	0.0850795	0.0748566	0.547631	0.292433
1660	-71.40808	-86.17547	14.7674	0	0	1	1	0.01043369	0.004460784	0.001430619	0.005597423	0.05027603	0.05027603	0.0149434	0.0149434	0.0850795	0.0748566	0.547631	0.292433
1661	-77.86824	-91.80278	13.93454	1	0	1	1	0.01043369	0.01043369	0.002140732	0.006128935	0.03080297	0.03080297	0.01286245	0.01286245	0.0364058	0.0788389	0.576765	0.307991
1662	-81.615	-91.77862	10.16361	1	1	1	1	0.01043369	0.01043369	0.002140732	0.002140732	0.03080297	0.03080297	0.01102421	0.01102421	0.00274758	0.203217	0.568801	0.225235
1663	-74.05534	-86.36701	12.31167	0	1	1	1	0.01043369	0.0006560683	0.002140732	0.002140732	0.047397	0.047397	0.01102421	0.01102421	0.00174549	0.493817	0.36135	0.143088
1664	-71.48195	-86.56261	15.08066	0	1	1	0	0.007494879	0.003659012	0.002140732	0.002140732	0.047397	0.047397	0.0211727	0.003485722	0.00243463	0.29397	0.504015	0.19958
1665	-75.8742	-88.0356	12.1614	1	1	1	0	0.007494879	0.007494879	0.002140732	0.002140732	0.047397	0.047397	0.01126062	0.004218049	0.00703515	0.406486	0.310511	0.275969
1666	-65.87079	-90.59846	24.72766	0	0	0	1	0.007494879	0.0008442615	0.001765071	0.003646968	0.03822008	0.00235672	0.005377684	0.005377684	0.00703515	0.406486	0.310511	0.275969
1667	-72.2652	-86.91775	14.65255	1	0	1	0	0.007494879	0.007494879	0.001765071	0.003646968	0.0520994	0.0520994	0.01854527	0.004247294	0.00822369	0.306215	0.362969	0.322592
1668	-77.33171	-86.75352	9.421809	0	1	1	1	0.007494879	0.005787745	0.0002209856	0.0002209856	0.0520994	0.0520994	0.02257891	0.02257891	0.00482851	0.262966	0.0515101	0.680695
1669	-64.68332	-90.09657	25.41325	0	0	1	0	0.007494879	0.001307442	0.0002209856	0.001133497	0.03046087	0.03046087	0.006928075	0.008238316	0.00302393	0.164687	0.405993	0.426296
1670	-70.39218	-89.4323	19.04012	0	0	1	1	0.007494879	0.002311432	0.00320551	0.004017268	0.03874449	0.03874449	0.006928075	0.006928075	0.00302393	0.164687	0.405993	0.426296
1671	-72.12209	-88.03257	15.91048	0	1	1	0	0.006407159	0.001064181	0.00320551	0.00320551	0.03874449	0.03874449	0.02522435	0.005957756	0.00305956	0.166627	0.44558	0.384733
1672	-66.70686	-91.48851	24.78166	0	1	0	0	0.003732084	0.002195226	0.00320551	0.00320551	0.03874449	0.002548721	0.007863277	0.001107513	0.00207871	0.433794	0.302734	0.261393
1673	-72.83312	-94.14664	21.31352	0	1	0	1	0.006587997	0.002038995	0.001250493	0.001250493	0.01777906	0.01399458	0.008046515	0.008046515	0.00398917	0.396799	0.276916	0.322296
1674	-72.5607	-93.88158	21.32088	0	1	0	1	0.006587997	0.0005261744	0.002199903	0.002199903	0.01777906	0.01451589	0.008046515	0.008046515	0.003429	0.397022	0.277071	0.322477
1675	-67.65549	-94.72329	27.0678	0	0	0	1	0.006587997	0.0008356468	0.002199903	0.0008795228	0.01777906	0.009991295	0.008046515	0.008046515	0.00418025	0.484005	0.118686	0.393128
1676	-70.22516	-88.71824	18.49308	0	1	1	0	0.006587997	0.0008356468	0.001362999	0.001362999	0.03510243	0.03510243	0.008126642	0.01381507	0.00418025	0.484005	0.118686	0.393128
1677	-73.65876	-88.55805	14.89929	0	1	1	1	0.007202798	0.002516362	0.001362999	0.001362999	0.03510243	0.03510243	0.01066573	0.01066573	0.00418025	0.484005	0.118686	0.393128
1678	-73.85407	-89.27485	15.42079	0	1	1	1	0.007145479	0.002516362	0.0003239989	0.0003239989	0.03321578	0.03321578	0.01066573	0.01066573	0.0175581	0.466073	0.119743	0.396627
1679	-69.07304	-88.69197	19.61893	0	1	0	1	0.007145479	0.002516362	0.001017419	0.001017419	0.03719941	0.0004293144	0.01108285	0.01108285	0.0187031	0.139604	0.283896	0.557797
1680	-69.87161	-92.35673	22.48512	0	1	0	0	0.007145479	0.002771769	0.006857728	0.006857728	0.03719941	0.001267147	0.01108285	0.006208791	0.0187031	0.139604	0.283896	0.557797
1681	-73.39656	-90.89312	17.49656	0	1	1	1	0.006819533	0.001423129	0.001071575	0.001071575	0.02159671	0.02159671	0.01108285	0.01108285	0.0313182	0.233765	0.475381	0.259535
1682	-71.22532	-87.84514	16.61982	0	0	1	0	0.01000456	0.005439335	0.001071575	0.006294067	0.043934	0.043934	0.01108285	0.02825671	0.0498926	0.398282	0.200609	0.351216
1683	-74.80575	-87.89675	13.091	0	1	1	1	0.006130252	0.005439335	0.000607474	0.000607474	0.043934	0.043934	0.01108285	0.01108285	0.054031	0.431318	0.134303	0.380348
1684	-65.71739	-87.55336	21.83596	0	0	1	0	0.006130252	0.0023053	0.000607474	0.009069186	0.043934	0.043934	0.01108285	0.003117327	0.0480051	0.494741	0.119324	0.337929
1685	-69.76711	-87.63873	17.87162	0	0	1	1	0.006130252	0.004594616	0.000837047	0.002806817	0.043934	0.043934	0.01108285	0.01108285	0.0480051	0.494741	0.119324	0.337929
1686	-68.69858	-85.87507	17.17648	0	0	1	1	0.006130252	0.0009484547	0.001128334	0.002560484	0.05151144	0.05151144	0.01108285	0.01108285	0.0480051	0.494741	0.119324	0.337929
1687	-77.86705	-90.42438	12.55733	1	1	0	1	0.005886709	0.005886709	0.001128334	0.001128334	0.05151144	0.002602025	0.009118008	0.009118008	0.011443	0.36074	0.0870052	0.540812
1688	-75.44959	-87.90855	12.45896	1	0	1	1	0.008484276	0.008484276	0.001128334	0.0005671456	0.05151144	0.05151144	0.009118008	0.009118008	0.011443	0.36074	0.0870052	0.540812
1689	-68.45474	-85.68651	17.23177	0	0	1	0	0.004646852	0.0008315532	0.001217586	0.0005671456	0.05808927	0.05808927	0.01919594	0.01803434	0.335896	0.242342	0.0584493	0.363313
1690	-76.26502	-87.79267	11.52765	1	0	1	1	0.004646852	0.004646852	0.001217586	0.0007201406	0.0461156	0.0461156	0.02343619	0.02343619	0.276224	0.149943	0.275064	0.298769
1691	-74.52438	-87.99268	13.4683	0	1	1	1	0.006782377	0.0001897023	0.001217586	0.001217586	0.03340984	0.03340984	0.02343619	0.02343619	0.276224	0.149943	0.275064	0.298769
1692	-70.15155	-89.80416	19.65261	1	0	0	0	0.006782377	0.006782377	0.001790327	0.00309644	0.05167777	0.001412673	0.02343619	0.0005395432	0.276224	0.149943	0.275064	0.298769
1693	-72.80634	-88.12068	15.31434	0	1	0	1	0.005122032	0.000353223	0.002904993	0.002904993	0.04696048	0.006254582	0.02241808	0.02241808	0.305344	0.165751	0.198638	0.330267
1694	-77.44034	-88.01074	10.5704	1	0	1	1	0.005350891	0.005350891	0.002904993	0.003977452	0.04696048	0.04696048	0.02241808	0.02241808	0.138799	0.138554	0.446571	0.276076
1695	-67.92834	-91.02472	23.09638	0	0	1	0	0.01226326	0.002551346	0.002904993	0.002616659	0.0273106	0.0273106	0.01212231	0.009267571	0.13682	0.143225	0.447815	0.27214
1696	-64.31748	-89.43975	25.12227	0	0	1	0	0.01043622	0.001108931	0.003251516	5.199689e-05	0.0273106	0.0273106	0.01357158	0.001717644	0.0743175	0.0777967	0.700066	0.14782
1697	-60.66738	-89.14616	28.47878	0	0	0	0	0.01043622	0.0001284678	0.003251516	0.0004035133	0.02749306	0.005842182	0.01357158	0.006659636	0.0743175	0.0777967	0.700066	0.14782
1698	-68.96583	-88.07172	19.10589	0	0	1	1	0.006166426	0.001719372	0.002496648	0.0004492718	0.0428512	0.0428512	0.008642526	0.008642526	0.60015	0.0336044	0.302395	0.063851
1699	-73.34084	-88.07741	14.73657	1	0	1	0	0.006208705	0.006208705	0.002496648	0.004989199	0.05786948	0.05786948	0.008642526	0.007111726	0.518595	0.0290379	0.261302	0.191065
1700	-67.23848	-85.85774	18.61925	0	0	0	1	0.01038964	0.001050723	0.003272325	0.001846426	0.05786948	0.006246114	0.0139715	0.0139715	0.342016	0.0191506	0.512826	0.126008
1701	-74.06831	-90.76253	16.69422	0	1	1	1	0.008028516	0.00021043	0.003272325	0.003272325	0.02358059	0.02358059	0.01149138	0.01149138	0.312788	0.0306176	0.455135	0.201459
1702	-73.78402	-87.91626	14.13225	1	0	1	0	0.008028516	0.008028516	0.003272325	0.006827665	0.05731195	0.05731195	0.01186004	0.00347455	0.312788	0.0306176	0.455135	0.201459
1703	-73.61165	-85.12798	11.51632	0	1	1	1	0.004936118	0.0008196384	0.001273411	0.001273411	0.05731195	0.05731195	0.01186004	0.01186004	0.144723	0.0381055	0.566443	0.250728
1704	-74.04829	-85.05928	11.01099	0	1	1	1	0.004936118	0.0006238199	0.001273411	0.001273411	0.05338327	0.05338327	0.01887507	0.01887507	0.0838163	0.0199517	0.296584	0.599648
1705	-70.5331	-93.07825	22.54516	0	1	0	0	0.003510708	0.001148945	0.001273411	0.001273411	0.02542926	0.001029908	0.02227973	0.01751779	0.106988	0.0254675	0.102118	0.765427
1706	-70.31586	-90.05692	19.74106	0	1	0	1	0.005635801	0.001148945	0.0008581243	0.0008581243	0.02542926	0.003340363	0.02227973	0.02227973	0.0385116	0.172081	0.548013	0.241394
1707	-70.51224	-89.4707	18.95846	0	1	1	0	0.005635801	0.00252953	0.0008581243	0.0008581243	0.02923458	0.02923458	0.02227973	0.002631012	0.0203128	0.0916224	0.289048	0.599016
1708	-72.07077	-88.38228	16.31152	0	1	1	1	0.005635801	0.0005762626	0.001123712	0.001123712	0.02923458	0.02923458	0.01220197	0.01220197	0.0374355	0.208142	0.532701	0.221721
1709	-76.22448	-90.97219	14.74771	1	0	1	1	0.008660692	0.008660692	0.0003581304	0.007262042	0.02923458	0.02923458	0.01220197	0.01220197	0.0374355	0.208142	0.532701	0.221721
1710	-66.15492	-86.71066	20.55574	0	0	1	0	0.009451296	0.003501099	0.0007808732	0.001110677	0.04241187	0.04241187	0.01220197	0.01411156	0.0374355	0.208142	0.532701	0.221721
1711	-75.73613	-89.55467	13.81854	1	0	1	1	0.009451296	0.009451296	0.001592849	0.001355851	0.04241187	0.04241187	0.008220454	0.008220454	0.0374355	0.208142	0.532701	0.221721
1712	-69.41	-83.92844	14.51844	0	1	1	0	0.006860173	0.0003977972	0.001592849	0.001592849	0.06320021	0.06320021	0.01600794	0.0005069849	0.0503378	0.045249	0.716299	0.188115
1713	-74.93137	-84.30594	9.374566	0	1	1	1	0.008154142	0.001136669	0.002341903	0.002341903	0.06320021	0.06320021	0.01361922	0.01361922	0.0503378	0.045249	0.716299	0.188115
1714	-62.27815	-87.88338	25.60522	0	0	0	0	0.008154142	0.0002336319	0.0005349962	0.001873966	0.03163243	0.01935794	0.01901259	0.003423413	0.445338	0.0128757	0.429097	0.11269
1715	-67.39684	-90.34099	22.94415	0	0	0	1	0.008154142	0.0002336319	0.0005349962	0.007596419	0.02628119	0.008094501	0.01901259	0.01901259	0.231493	0.264025	0.239033	0.265449
1716	-69.9215	-94.33344	24.41194	0	0	0	1	0.01177804	0.002366931	0.0008735113	0.006878118	0.01794796	0.007929972	0.01373708	0.01373708	0.299948	0.147698	0.306829	0.245525
1717	-76.77656	-93.65358	16.87702	0	1	1	1	0.01177804	0.001147462	0.000863814	0.000863814	0.01794796	0.01794796	0.01380033	0.01380033	0.366135	0.18029	0.153873	0.299703
1718	-73.52562	-95.42159	21.89597	0	1	0	1	0.01177804	0.00162548	0.001419494	0.001419494	0.01498065	0.002762032	0.01380033	0.01380033	0.452993	0.302075	0.190376	0.0545558
1719	-67.47995	-91.36441	23.88446	0	0	1	0	0.01177804	0.003283494	0.002279711	0.001829838	0.02764068	0.02764068	0.01139391	0.006323184	0.40821	0.272213	0.270414	0.0491625
1720	-78.9234	-91.05827	12.13487	1	1	1	0	0.006488777	0.006488777	0.001728146	0.001728146	0.02764068	0.02764068	0.01816758	0.01863786	0.181507	0.418749	0.324117	0.0756275
1721	-71.09283	-90.7363	19.64347	0	0	1	1	0.007346254	0.002469254	0.0006853021	0.006501826	0.02408022	0.02408022	0.01816758	0.01816758	0.181507	0.418749	0.324117	0.0756275
1722	-67.08894	-91.21619	24.12726	0	0	1	0	0.005651349	0.00114428	0.0005261319	0.006143497	0.02408022	0.02408022	0.02430502	0.001289553	0.147344	0.436227	0.337645	0.0787841
1723	-79.15291	-87.05866	7.905745	1	0	1	1	0.004248959	0.004248959	0.0005261319	0.006143497	0.0616303	0.0616303	0.02430502	0.02430502	0.14404	0.388489	0.379031	0.0884408
1724	-68.54234	-85.69725	17.15491	0	0	1	0	0.01070466	0.002186721	0.0005261319	0.001211429	0.0616303	0.0616303	0.02430502	0.002458088	0.0154078	0.547443	0.312521	0.124627
1725	-71.74208	-89.40112	17.65903	0	0	1	1	0.01070466	0.001175529	0.0005261319	0.0007172635	0.03317297	0.03317297	0.02430502	0.02430502	0.0710809	0.655734	0.195303	0.0778828
1726	-67.78333	-87.21099	19.42766	0	0	1	0	0.008659496	0.0008407169	0.002752987	0.005731799	0.06291857	0.06291857	0.007532255	0.001586245	0.0362535	0.680319	0.202625	0.0808028
1727	-69.34827	-95.76193	26.41366	0	0	0	0	0.008659496	0.007269773	0.007214317	0.005788969	0.03741808	0.001129946	0.007263182	0.004855033	0.0163516	0.306847	0.0598886	0.616913
1728	-64.03465	-91.23693	27.20227	0	0	0	0	0.008659496	0.0006365874	0.006600916	0.004912559	0.03741808	0.001112701	0.01506822	0.0006793105	0.00318495	0.283356	0.143775	0.569684
1729	-82.96975	-91.79227	8.822516	1	1	1	1	0.005644129	0.005644129	0.006600916	0.006600916	0.04108793	0.04108793	0.008739792	0.008739792	0.00396899	0.35311	0.271326	0.371595
1730	-74.04639	-90.35916	16.31277	0	1	1	0	0.006861405	0.001614535	0.006600916	0.006600916	0.04108793	0.04108793	0.008739792	0.01339772	0.00123951	0.110276	0.0840805	0.804404
1731	-75.28114	-87.68475	12.40361	1	0	1	1	0.006693864	0.006693864	0.0006051509	0.002605558	0.04108793	0.04108793	0.02013331	0.02013331	0.00130454	0.116061	0.0884917	0.794143
1732	-76.94353	-91.06123	14.1177	1	1	1	0	0.006693864	0.006693864	0.0006051509	0.0006051509	0.0278373	0.0278373	0.01959411	0.006590679	0.00130454	0.116061	0.0884917	0.794143
1733	-75.98588	-91.21046	15.22458	1	0	1	1	0.006246156	0.006246156	0.00344194	0.00457883	0.02874675	0.02874675	0.01197598	0.01197598	0.000454067	0.040397	0.682734	0.276415
1734	-68.21109	-86.44244	18.23135	0	0	1	1	0.006246156	0.001100664	0.0003360089	0.005231676	0.03789311	0.03789311	0.01652024	0.01652024	0.000345746	0.201449	0.519863	0.278342
1735	-74.28277	-87.43777	13.15501	0	1	1	1	0.006246156	0.003317959	0.0003360089	0.0003360089	0.03789311	0.03789311	0.01903453	0.01903453	0.000735206	0.216425	0.55851	0.22433
1736	-68.12359	-91.09014	22.96655	0	1	0	0	0.00755923	0.003317959	0.0007612326	0.0007612326	0.03789311	0.003869294	0.00490768	0.01147087	0.000735206	0.216425	0.55851	0.22433
1737	-68.51274	-93.07972	24.56698	0	0	0	1	0.00755923	0.001734789	0.001975079	0.006591496	0.03355211	0.005353791	0.003858277	0.003858277	0.000735206	0.216425	0.55851	0.22433
1738	-68.19658	-92.37303	24.17645	0	0	1	0	0.00755923	0.0007507987	0.001975079	0.006859151	0.03355211	0.03355211	0.003858277	0.008303993	0.00161543	0.475538	0.222202	0.300644
1739	-67.77446	-87.44506	19.6706	0	0	1	1	0.00755923	0.0007218418	0.001975079	0.001720445	0.03355211	0.03355211	0.01356657	0.01356657	0.00106522	0.313573	0.487115	0.198247
1740	-67.15545	-86.97769	19.82224	0	1	1	0	0.00755923	0.0007927689	0.0004736478	0.0004736478	0.03355211	0.03355211	0.01356657	0.002283572	0.00187585	0.0630104	0.857805	0.0773091
1741	-73.8757	-87.71266	13.83696	0	1	1	1	0.003345065	0.0007927689	0.00236425	0.00236425	0.04617901	0.04617901	0.01024583	0.01024583	0.00187585	0.0630104	0.857805	0.0773091
1742	-69.99259	-88.01114	18.01855	1	0	1	0	0.003345065	0.003345065	0.001184679	0.0006051174	0.04617901	0.04617901	0.01024583	0.006985419	0.00195484	0.0656638	0.893928	0.0384529
1743	-73.73432	-89.27353	15.53921	0	1	1	1	0.01013151	0.0004888082	0.002805734	0.002805734	0.03098628	0.03098628	0.008777619	0.008777619	0.00157706	0.254133	0.713595	0.0306958
1744	-76.9968	-89.53656	12.53976	1	0	1	1	0.005065975	0.005065975	0.00307371	0.004911812	0.03602305	0.03602305	0.02127247	0.02127247	0.00157706	0.254133	0.713595	0.0306958
1745	-76.81202	-89.49921	12.68719	1	0	1	1	0.005112917	0.005112917	0.00307371	0.00402155	0.03602305	0.03602305	0.02127247	0.02127247	0.00106886	0.188233	0.483642	0.327056
1746	-68.62438	-87.6241	18.99972	0	0	1	1	0.005112917	0.001347882	0.002053278	0.001538715	0.04515556	0.04515556	0.007724371	0.007724371	0.00124487	0.21923	0.514379	0.265146
1747	-70.54853	-92.16765	21.61912	1	0	1	0	0.005112917	0.005112917	0.00345716	0.0001913662	0.02871475	0.02871475	0.007724371	0.002749035	0.0314115	0.218948	0.556812	0.192828
1748	-76.57667	-92.66843	16.09177	1	0	1	1	0.003579644	0.003579644	0.00345716	0.005637452	0.02672858	0.02672858	0.01062645	0.01062645	0.0229172	0.220869	0.561696	0.194519
1749	-73.68098	-88.69638	15.0154	0	1	1	1	0.003579644	0.00148451	0.00253312	0.00253312	0.03796246	0.03796246	0.01062645	0.01062645	0.0284829	0.0316497	0.698108	0.241759
1750	-66.11185	-89.02147	22.90962	0	0	1	0	0.008449017	0.00148451	0.002749031	0.005373406	0.03796246	0.03796246	0.006690658	0.00739595	0.0371341	0.0412628	0.910149	0.0114542
1751	-68.59416	-91.16849	22.57433	0	0	1	0	0.007823062	0.002619224	0.005674358	0.00599088	0.03796246	0.03796246	0.006690658	0.005262269	0.0404795	0.0449801	0.680814	0.233726
1752	-83.34348	-89.15816	5.814681	1	1	1	1	0.004777085	0.004777085	0.005194728	0.005194728	0.04755103	0.04755103	0.02175495	0.02175495	0.0852695	0.09475	0.327639	0.492341
1753	-65.42106	-86.94816	21.5271	0	0	0	0	0.004777085	0.000546225	0.005194728	0.0006973366	0.06860071	0.001035564	0.02175495	0.004943642	0.144456	0.160517	0.555056	0.139971
1754	-85.14748	-87.73114	2.583661	1	1	1	1	0.004777085	0.004777085	0.005194728	0.005194728	0.06860071	0.06860071	0.01918692	0.01918692	0.144456	0.160517	0.555056	0.139971
1755	-74.54975	-89.73234	15.18258	1	0	0	0	0.004777085	0.004777085	0.005194728	0.005614952	0.05250701	0.0155481	0.01274318	0.01791911	0.112038	0.348908	0.430494	0.108559
1756	-68.00398	-92.47124	24.46727	0	0	0	1	0.004777085	0.004044012	0.002924697	0.000216889	0.02915079	0.007338489	0.01274318	0.01274318	0.102297	0.708206	0.0903756	0.099121
1757	-71.9092	-91.8505	19.9413	0	0	1	1	0.004901742	0.0006029229	0.005650701	0.0007246194	0.02915079	0.02915079	0.01651604	0.01651604	0.102297	0.708206	0.0903756	0.099121
1758	-81.20336	-97.36489	16.16153	1	1	0	1	0.003523726	0.003523726	0.005650701	0.005650701	0.02915079	0.008975016	0.002330025	0.002330025	0.0836967	0.761263	0.0739427	0.081098
1759	-74.05623	-96.28705	22.23082	0	0	1	0	0.003523726	0.006103347	0.008608982	0.003323647	0.03752951	0.03752951	0.002330025	0.01256852	0.130366	0.140918	0.602399	0.126318
1760	-79.91166	-93.0307	13.11905	0	1	0	1	0.005578486	0.005737116	0.005837627	0.005837627	0.07581403	0.001596	0.002007333	0.002007333	0.294264	0.0772567	0.559227	0.0692526
1761	-76.27649	-90.34192	14.06543	0	0	1	1	0.005578486	0.0002843134	0.005837627	0.001635412	0.07581403	0.07581403	0.002007333	0.002007333	0.444667	0.0607921	0.440047	0.0544938
1762	-76.41765	-89.55	13.13235	0	0	1	1	0.009529709	0.0003772607	0.005190565	0.002886483	0.07581403	0.07581403	0.002696488	0.002696488	0.526495	0.0518344	0.375206	0.0464641
1763	-87.35493	-91.19701	3.842087	1	1	1	1	0.009529709	0.009529709	0.002127966	0.002127966	0.07581403	0.07581403	0.003089459	0.003089459	0.35887	0.0353313	0.1591	0.446699
1764	-76.95501	-92.6909	15.73588	0	1	1	1	0.009472625	0.003872062	0.001500048	0.001500048	0.03267288	0.03267288	0.004547366	0.004547366	0.340046	0.0334781	0.150754	0.475722
1765	-68.96843	-92.55828	23.58984	0	0	1	0	0.009472625	0.002799203	0.0004032762	0.01181435	0.03520352	0.03520352	0.004547366	0.00197376	0.343561	0.0338241	0.152312	0.470303
1766	-66.51252	-88.07517	21.56266	0	1	0	0	0.009472625	0.00135017	0.0004032762	0.0004032762	0.03520352	0.01503292	0.01313354	0.003213676	0.131607	0.122078	0.370288	0.376026
1767	-70.34846	-86.86406	16.5156	0	1	0	1	0.006200918	0.00135017	0.0004032762	0.0004032762	0.05515604	0.0008981498	0.01313354	0.01313354	0.268259	0.248835	0.196906	0.286
1768	-67.25767	-86.16621	18.90854	0	0	1	0	0.006200918	0.00472604	0.0004032762	0.001978326	0.05515604	0.05515604	0.01841075	0.006116109	0.268259	0.248835	0.196906	0.286
1769	-74.89426	-86.2253	11.33104	0	1	1	1	0.005834368	0.003140257	0.0007602211	0.0007602211	0.05597543	0.05597543	0.01155071	0.01155071	0.3148	0.292006	0.0575755	0.335618
1770	-77.16969	-89.19079	12.0211	1	0	1	1	0.004278106	0.004278106	0.00156031	0.005130556	0.0525439	0.0525439	0.009800917	0.009800917	0.461922	0.428476	0.0844834	0.0251189
1771	-75.15537	-87.89398	12.73862	1	0	1	1	0.004278106	0.004278106	0.00156031	0.002580665	0.0525439	0.0525439	0.008246566	0.008246566	0.129315	0.220778	0.137002	0.512905
1772	-79.24459	-90.38513	11.14054	0	0	1	1	0.02018583	0.0007943056	0.003433292	0.003613105	0.0525439	0.0525439	0.02731737	0.02731737	0.153277	0.261687	0.289627	0.29541
1773	-70.50867	-89.55127	19.0426	0	0	0	1	0.009017983	0.003268353	0.005187752	0.003778861	0.04968545	0.01062982	0.01065642	0.01065642	0.283813	0.243266	0.198306	0.274615
1774	-69.0592	-92.78669	23.72749	0	0	1	0	0.01451455	0.0006077247	0.005187752	0.003778861	0.0306109	0.0306109	0.01011002	0.0006169074	0.283813	0.243266	0.198306	0.274615
1775	-75.18817	-87.4055	12.21734	0	1	1	0	0.01172148	0.002137725	0.005187752	0.005187752	0.07194453	0.07194453	0.01011002	0.0006269297	0.392661	0.0950997	0.274359	0.23788
1776	-75.62885	-87.82387	12.19502	0	1	1	0	0.01172148	0.002137725	0.005187752	0.005187752	0.07194453	0.07194453	0.01011002	0.0007545876	0.53375	0.177156	0.0418428	0.247251
1777	-71.58194	-86.58958	15.00764	0	1	1	0	0.009999902	0.002137725	0.003218199	0.003218199	0.05949232	0.05949232	0.01011002	0.0008095578	0.101024	0.190877	0.102489	0.60561
1778	-69.2842	-87.01725	17.73305	0	0	1	0	0.009999902	0.005796083	0.0007416198	0.01037721	0.05949232	0.05949232	0.00945127	0.003856924	0.0960926	0.18156	0.146298	0.576049
1779	-67.6715	-87.03693	19.36543	0	1	0	0	0.008235451	0.002530992	0.0001920507	0.0001920507	0.05949232	0.001937625	0.01127974	0.006709823	0.0750143	0.141734	0.333561	0.449691
1780	-67.22562	-88.76235	21.53674	0	1	1	0	0.005460592	0.0001231137	0.0003702488	0.0003702488	0.02992352	0.02992352	0.01078691	0.001756451	0.0443126	0.163864	0.526181	0.265642
1781	-63.56525	-87.76758	24.20232	0	0	0	0	0.005772964	0.0001231137	0.005379125	0.002461653	0.04839562	0.01120549	0.01872722	0.0001826007	0.222522	0.133308	0.428063	0.216107
1782	-66.53571	-88.236	21.70029	0	0	1	0	0.01012731	0.0009694267	0.002358613	0.003708375	0.03334095	0.03334095	0.01872722	0.007790567	0.222522	0.133308	0.428063	0.216107
1783	-71.05008	-91.09622	20.04613	0	0	0	1	0.01012731	0.002610285	0.002358613	0.006490512	0.02862307	0.02765664	0.008617921	0.008617921	0.248818	0.149061	0.478647	0.123474
1784	-75.40764	-88.80123	13.39359	0	1	1	1	0.009523519	0.002610285	0.00353379	0.00353379	0.04117754	0.04117754	0.008617921	0.008617921	0.248818	0.149061	0.478647	0.123474
1785	-77.01186	-88.59585	11.58399	1	0	1	1	0.009523519	0.009523519	0.001222687	0.00139857	0.05505138	0.05505138	0.008617921	0.008617921	0.602825	0.0788135	0.253077	0.0652846
1786	-73.19717	-87.46944	14.27227	0	1	1	1	0.009523519	0.0008981499	0.001222687	0.001222687	0.04017469	0.04017469	0.008617921	0.008617921	0.117526	0.0609615	0.0821735	0.739339
1787	-68.81364	-86.5369	17.72326	0	1	1	0	0.009523519	0.0001640946	0.001222687	0.001222687	0.04017469	0.04017469	0.01092459	0.008224592	0.103379	0.053623	0.192661	0.650337
1788	-73.66766	-87.29002	13.62235	0	1	1	1	0.009523519	0.002309031	0.001222687	0.001222687	0.04017469	0.04017469	0.01092459	0.01092459	0.244779	0.0451664	0.162278	0.547777
1789	-74.71475	-88.44813	13.73339	1	1	1	0	0.006319955	0.006319955	0.001222687	0.001222687	0.04017469	0.04017469	0.01518842	0.000613643	0.274925	0.0663837	0.112049	0.546642
1790	-67.25777	-89.35198	22.0942	0	1	0	0	0.006319955	0.001186835	0.002910394	0.002910394	0.04017469	0.007536691	0.01110448	0.005536198	0.567486	0.0871492	0.0983442	0.247021
1791	-68.77624	-95.34026	26.56402	0	0	1	0	0.006319955	0.001186835	0.002194555	0.0003122744	0.01656548	0.01656548	0.01110448	0.01151801	0.463427	0.368076	0.0357826	0.132715
1792	-69.0069	-95.60809	26.60119	0	0	0	1	0.006319955	0.002633379	0.002194555	0.001069677	0.0168539	0.00435381	0.01556367	0.01556367	0.305107	0.476679	0.0463405	0.171873
1793	-74.42129	-90.30982	15.88853	0	1	1	1	0.009747927	0.0003085227	0.001774781	0.001774781	0.02593742	0.02593742	0.01342318	0.01342318	0.0909414	0.447654	0.0979851	0.363419
1794	-68.48272	-91.688	23.20528	0	0	0	1	0.004089127	0.00457433	0.001863452	0.0008693244	0.03278629	0.01080812	0.01342318	0.01342318	0.0890803	0.458958	0.0959798	0.355982
1795	-78.97337	-89.7581	10.78473	1	1	1	1	0.004089127	0.004089127	0.000550158	0.000550158	0.03278629	0.03278629	0.01342318	0.01342318	0.219972	0.260635	0.317236	0.202157
1796	-76.85064	-88.62061	11.76997	1	1	0	1	0.00485347	0.00485347	0.001196679	0.001196679	0.04349732	0.01088627	0.01431654	0.01431654	0.167128	0.278293	0.338728	0.215852
1797	-73.42965	-88.85336	15.4237	1	0	1	0	0.002174264	0.002174264	0.001196679	0.006270058	0.04937414	0.04937414	0.01431654	0.01005615	0.158683	0.139456	0.593694	0.108166
1798	-69.28262	-88.81679	19.53418	0	1	1	0	0.008173644	0.001815191	0.001196679	0.001196679	0.02606646	0.02606646	0.0160005	0.006623142	0.0743051	0.0653017	0.806449	0.0539443
1799	-64.67208	-89.86917	25.19708	0	0	1	0	0.0117281	0.0006365908	0.001196679	0.00306547	0.02374586	0.02374586	0.0160005	0.0006473486	0.0764594	0.0647384	0.799493	0.0593096
1800	-71.64936	-87.20111	15.55175	0	1	1	0	0.0117281	0.002117725	0.000695681	0.000695681	0.03674571	0.03674571	0.0160005	0.01536769	0.0764594	0.0647384	0.799493	0.0593096
1801	-68.94135	-87.73243	18.79108	0	1	0	1	0.005136368	0.002117725	0.000695681	0.000695681	0.03674571	0.003430233	0.0160005	0.0160005	0.189849	0.05679	0.701333	0.0520278
1802	-68.12801	-86.67141	18.5434	0	1	1	0	0.009394905	0.0007211307	0.0008610708	0.0008610708	0.03674571	0.03674571	0.0160005	0.001819591	0.149876	0.255383	0.553667	0.0410733
1803	-72.04442	-88.64399	16.59957	1	0	1	0	0.007862977	0.007862977	0.0005783267	0.001807966	0.03783723	0.03783723	0.01436565	0.01420964	0.0734999	0.125241	0.0511079	0.750151
1804	-76.92302	-91.64225	14.71923	1	1	0	1	0.004885818	0.004885818	0.0005783267	0.0005783267	0.03783723	0.0002132602	0.01436565	0.01436565	0.0734999	0.125241	0.0511079	0.750151
1805	-69.82133	-87.51731	17.69598	0	0	1	1	0.0111908	0.001292415	0.001768003	0.004277414	0.03783723	0.03783723	0.01402438	0.01402438	0.263994	0.14591	0.42811	0.161986
1806	-68.69622	-86.95259	18.25637	0	1	0	1	0.006830992	0.0007076524	0.001768003	0.001768003	0.039037	0.004816739	0.01402438	0.01402438	0.0706041	0.218035	0.469305	0.242056
1807	-70.6952	-87.97474	17.27954	0	0	1	1	0.01123492	0.002532622	0.002854229	0.003089165	0.039037	0.039037	0.01402438	0.01402438	0.0199059	0.16358	0.349316	0.467199
1808	-74.10708	-87.34702	13.23994	0	1	1	1	0.004541907	0.001341685	0.001546139	0.001546139	0.039037	0.039037	0.0198752	0.0198752	0.0233466	0.191854	0.236845	0.547954
1809	-79.29109	-88.30264	9.011552	1	1	1	1	0.004395312	0.004395312	0.001546139	0.001546139	0.039037	0.039037	0.01601302	0.01601302	0.0485179	0.398704	0.492202	0.0605767
1810	-71.09534	-90.01165	18.91631	0	1	0	1	0.00776866	0.001594557	0.001546139	0.001546139	0.02310698	0.01338052	0.01601302	0.01601302	0.0623933	0.226742	0.632964	0.0779007
1811	-71.10157	-83.85324	12.75167	0	0	1	1	0.00776866	0.0003082893	0.001084419	0.006930767	0.06753995	0.06753995	0.01503996	0.01503996	0.0353578	0.128493	0.792003	0.0441458
1812	-65.4511	-88.29076	22.83966	0	1	0	0	0.00776866	0.001541521	0.001084419	0.001084419	0.02879619	0.01479283	0.01503996	0.00148159	0.0328343	0.190693	0.735478	0.0409951
1813	-71.16938	-85.53548	14.3661	0	1	1	0	0.008894653	0.004995735	0.002123135	0.002123135	0.05825355	0.05825355	0.01503996	0.0001303437	0.0328343	0.190693	0.735478	0.0409951
1814	-72.72865	-87.91016	15.18151	0	1	1	0	0.01389719	0.004995735	0.0009562797	0.0009562797	0.04374715	0.04374715	0.01503996	0.006136852	0.238058	0.150229	0.579416	0.0322963
1815	-65.21985	-94.30655	29.0867	0	0	0	0	0.01389719	0.004995735	0.0009562797	0.0003432352	0.02919351	0.005567029	0.005823314	0.003532519	0.300287	0.286379	0.391511	0.0218226
1816	-73.06387	-90.47888	17.41502	1	0	1	0	0.005138552	0.005138552	0.0009562797	0.000572798	0.0449661	0.0449661	0.005823314	0.01454033	0.430746	0.314846	0.253385	0.00102319
1817	-68.93459	-91.48224	22.54765	0	0	0	1	0.008914931	0.00632976	0.0003645974	0.001107775	0.0449661	0.003899204	0.006593136	0.006593136	0.430746	0.314846	0.253385	0.00102319
1818	-73.39308	-89.33664	15.94356	0	1	0	1	0.008914931	0.002990954	0.000208072	0.000208072	0.05663012	0.005076957	0.006593136	0.006593136	0.430746	0.314846	0.253385	0.00102319
1819	-76.26309	-89.38706	13.12397	1	1	0	0	0.006490384	0.006490384	0.001555035	0.001555035	0.0425866	0.02134241	0.01272801	0.01183999	0.468408	0.342375	0.188105	0.00111266
1820	-73.33995	-87.26448	13.92453	0	1	1	1	0.006490384	0.0003537164	0.0002673324	0.0002673324	0.0425866	0.0425866	0.01272801	0.01272801	0.619328	0.13049	0.248712	0.00147115
1821	-64.98903	-86.55337	21.56434	0	0	1	0	0.006490384	0.0002289361	0.002337268	0.004699791	0.0425866	0.0425866	0.01121016	0.01024695	0.24249	0.0453771	0.711625	0.000508363
1822	-69.98769	-89.87445	19.88676	0	0	1	1	0.006490384	0.0001325463	0.005540206	0.003217104	0.03126843	0.03126843	0.01121016	0.01121016	0.242454	0.0453705	0.711521	0.00065384
1823	-70.56958	-89.94928	19.3797	0	0	1	1	0.01004093	2.983486e-05	0.005540206	0.002669678	0.03126843	0.03126843	0.01121016	0.01121016	0.129146	0.139475	0.730707	0.00067147
1824	-67.9956	-86.62516	18.62956	0	1	1	0	0.01004093	0.000923421	0.0009618603	0.0009618603	0.03869318	0.03869318	0.01240173	0.002028963	0.0916329	0.0989614	0.518457	0.290948
1825	-72.46174	-86.51351	14.05177	0	1	1	1	0.01004093	0.000923421	0.0009618603	0.0009618603	0.03869318	0.03869318	0.01107881	0.01107881	0.0383055	0.0413691	0.781108	0.139217
1826	-73.41356	-87.82511	14.41155	0	1	1	1	0.01004093	0.0006279947	0.001515354	0.001515354	0.03637715	0.03637715	0.01107881	0.01107881	0.0404231	0.501179	0.227014	0.231384
1827	-59.79914	-88.81166	29.01252	0	0	0	0	0.01004093	0.0006279947	0.0004213173	0.0006425032	0.03936113	0.00204938	0.008797614	0.002792248	0.0404231	0.501179	0.227014	0.231384
1828	-68.26191	-85.83276	17.57085	0	0	1	1	0.004796583	0.0001219318	0.0007680251	0.004284423	0.04984209	0.04984209	0.01129292	0.01129292	0.283115	0.105427	0.154649	0.456809
1829	-67.26511	-87.23844	19.97334	0	0	1	0	0.01090212	0.0001127324	0.004905205	0.004602021	0.05223515	0.05223515	0.01102282	0.003120692	0.119375	0.0780227	0.464535	0.338067
1830	-75.84836	-88.33023	12.48187	0	1	1	1	0.01090212	0.0001063929	0.004905205	0.004905205	0.04374162	0.04374162	0.01102282	0.01102282	0.155315	0.101512	0.222488	0.520685
1831	-66.44383	-87.28057	20.83674	0	0	1	0	0.01090212	0.00554591	0.0004703503	0.0009796364	0.04652324	0.04652324	0.01366425	0.003876512	0.157859	0.129902	0.183022	0.529216
1832	-69.8249	-87.89617	18.07127	0	0	1	0	0.005227218	0.004085716	0.0002771216	7.548881e-05	0.04007214	0.04007214	0.02108672	0.02695631	0.164265	0.135173	0.458669	0.241892
1833	-70.76789	-88.57443	17.80654	0	1	0	1	0.005227218	0.0001474465	0.0004978267	0.0004978267	0.03024673	0.02215803	0.01148057	0.01148057	0.0876547	0.147564	0.500715	0.264066
1834	-68.34796	-88.95414	20.60619	0	0	1	1	0.005227218	0.0008116994	0.0004978267	0.00547962	0.03024673	0.03024673	0.01148057	0.01148057	0.0626308	0.324541	0.178905	0.433924
1835	-74.34442	-90.58568	16.24126	1	0	1	1	0.005227218	0.005227218	0.001891521	0.0003281364	0.03024673	0.03024673	0.01148057	0.01148057	0.0626308	0.324541	0.178905	0.433924
1836	-75.06095	-90.47733	15.41639	1	0	1	1	0.005198045	0.005198045	0.00347262	0.0007335246	0.03300774	0.03300774	0.01148057	0.01148057	0.231424	0.144532	0.233326	0.390718
1837	-75.25795	-91.11521	15.85726	1	0	1	1	0.00490065	0.00490065	0.0009850579	0.007555446	0.02644899	0.02644899	0.01148057	0.01148057	0.111705	0.0697631	0.629939	0.188593
1838	-70.07952	-89.26875	19.18923	0	1	1	0	0.01221464	0.0009714695	0.0009850579	0.0009850579	0.02722446	0.02722446	0.0185404	0.001912734	0.11102	0.0693353	0.626076	0.193569
1839	-67.43435	-90.7123	23.27795	0	0	1	0	0.01358234	0.002548989	0.001855867	0.0001147045	0.02722446	0.02722446	0.0185404	0.004131373	0.0832508	0.0407765	0.368199	0.507774
1840	-71.26121	-88.10324	16.84203	0	0	1	1	0.01358234	0.0006403944	0.003486071	0.0001487078	0.03887698	0.03887698	0.0185404	0.0185404	0.0281669	0.0472043	0.336812	0.587817
1841	-71.1426	-88.15038	17.00778	0	0	1	1	0.01522131	0.0002220712	0.003486071	0.0001697356	0.04640518	0.04640518	0.008822431	0.008822431	0.0627571	0.105173	0.75043	0.0816393
1842	-68.66394	-85.85589	17.19195	0	1	1	0	0.01008322	0.0003327768	0.0008377263	0.0008377263	0.04907797	0.04907797	0.008822431	0.0041192	0.0448709	0.0751982	0.536554	0.343377
1843	-75.23362	-88.53527	13.30165	0	1	1	0	0.004889313	0.007709269	0.0008377263	0.0008377263	0.04907797	0.04907797	0.02872899	0.004282823	0.0671751	0.112577	0.306187	0.514061
1844	-79.27309	-88.89998	9.626888	1	1	1	1	0.002975983	0.002975983	0.0008377263	0.0008377263	0.04387578	0.04387578	0.009782217	0.009782217	0.0840925	0.31392	0.109352	0.492635
1845	-74.12082	-89.8878	15.76698	1	0	1	1	0.002975983	0.002975983	0.0008377263	0.002451012	0.03584015	0.03584015	0.009782217	0.009782217	0.103767	0.153401	0.134937	0.607895
1846	-77.80032	-91.60685	13.80652	1	1	1	0	0.001731571	0.001731571	0.00338141	0.00338141	0.04291383	0.04291383	0.01295555	0.002118696	0.175012	0.124752	0.205871	0.494365
1847	-71.40244	-89.50813	18.10569	0	1	0	1	0.003216694	0.0002152022	0.001828141	0.001828141	0.04291383	0.008789387	0.0110834	0.0110834	0.108114	0.160859	0.127177	0.603851
1848	-68.58981	-87.77085	19.18104	0	1	1	0	0.004267261	0.0003968353	0.001828141	0.001828141	0.04291383	0.04291383	0.0110834	0.001406122	0.135889	0.202184	0.0934321	0.568495
1849	-70.90838	-89.54416	18.63579	0	1	1	0	0.006624783	0.001482424	0.004962834	0.004962834	0.04072958	0.04072958	0.0110834	0.0001314526	0.142832	0.212515	0.0982062	0.546446
1850	-82.65905	-91.94131	9.282253	1	1	1	1	0.009721748	0.009721748	0.002822277	0.002822277	0.04072958	0.04072958	0.006169442	0.006169442	0.146567	0.218072	0.0937817	0.54158
1851	-69.41196	-89.07509	19.66313	0	0	1	1	0.008177468	0.0001625466	0.002822277	0.001076665	0.04072958	0.04072958	0.006169442	0.006169442	0.126732	0.323888	0.0810905	0.46829
1852	-69.41546	-91.0143	21.59885	0	1	0	0	0.008177468	0.002716673	0.003277152	0.003277152	0.04072958	0.006118657	0.00678166	0.009801527	0.229481	0.40877	0.146835	0.214915
1853	-77.1711	-89.84907	12.67797	0	1	1	1	0.006103425	0.003292302	0.004682435	0.004682435	0.04869664	0.04869664	0.00678166	0.00678166	0.227358	0.40499	0.13759	0.230062
1854	-69.13268	-88.47176	19.33908	0	0	1	0	0.01030776	0.000529982	0.004682435	0.007638419	0.04465289	0.04465289	0.02221419	0.0005030492	0.312297	0.0662132	0.188992	0.432498
1855	-67.27206	-91.26389	23.99184	0	0	0	1	0.007127048	0.000529982	0.0008448013	0.005495268	0.04531446	2.289044e-06	0.004600808	0.004600808	0.313285	0.0716846	0.181166	0.433865
1856	-74.35811	-88.57815	14.22004	1	0	1	1	0.00586586	0.00586586	0.0008448013	0.0001910562	0.04531446	0.04531446	0.008519504	0.008519504	0.263417	0.20622	0.173488	0.356875
1857	-74.11725	-89.364	15.24675	0	0	1	1	0.004570122	0.001745139	0.003781927	0.0135704	0.04531446	0.04531446	0.01541793	0.01541793	0.162388	0.51066	0.10695	0.220002
1858	-64.6752	-88.03284	23.35763	0	0	0	0	0.01511255	0.002770272	0.001058393	0.0006567756	0.04531446	0.01138306	0.01564816	0.00513582	0.0902196	0.283712	0.503839	0.122229
1859	-72.40963	-93.68277	21.27314	1	0	1	0	0.004443396	0.004443396	0.002316295	0.001932877	0.0188224	0.0188224	0.01564816	0.006765529	0.0984277	0.218545	0.549678	0.133349
1860	-66.43248	-92.83869	26.40621	0	1	0	0	0.006706541	0.001243275	0.002316295	0.002316295	0.01587903	0.004904726	0.01564816	0.003406244	0.024171	0.0536684	0.838386	0.0837741
1861	-69.09562	-88.35377	19.25815	0	0	1	1	0.009134566	0.00127059	0.002316295	0.002321217	0.03076371	0.03076371	0.01564816	0.01564816	0.0123033	0.119212	0.426746	0.441739
1862	-68.76995	-88.70672	19.93677	0	1	1	0	0.006224339	0.00127059	0.0003226455	0.0003226455	0.03076371	0.03076371	0.01517569	0.003815792	0.33247	0.0746248	0.316383	0.276522
1863	-65.82437	-88.82303	22.99867	0	0	0	1	0.007271502	0.00103739	0.0004962576	0.002907546	0.03076371	0.01194355	0.01517569	0.01517569	0.297255	0.172638	0.282873	0.247233
1864	-71.1522	-85.07804	13.92584	0	1	1	0	0.01061746	0.00103739	0.002357388	0.002357388	0.06447269	0.06447269	0.01310229	0.0003684504	0.297255	0.172638	0.282873	0.247233
1865	-67.24727	-91.17278	23.92551	0	0	0	1	0.007739443	0.002200784	0.002357388	0.0009322112	0.04322246	0.003481226	0.004360555	0.004360555	0.297255	0.172638	0.282873	0.247233
1866	-69.63317	-84.36032	14.72715	0	0	1	0	0.007739443	0.001072647	0.0005220926	0.00630687	0.07610638	0.07610638	0.01412254	0.01103934	0.448308	0.140727	0.0380968	0.372868
1867	-71.60525	-91.80863	20.20338	1	0	1	0	0.003790794	0.003790794	0.002882436	0.005252674	0.02703931	0.02703931	0.01639477	0.0006877301	0.12405	0.0879714	0.554892	0.233087
1868	-76.73286	-91.87152	15.13866	0	1	1	1	0.003790794	0.005373854	0.002882436	0.002882436	0.02703931	0.02703931	0.01639477	0.01639477	0.1222	0.101569	0.546619	0.229612
1869	-79.24206	-91.2653	12.02324	1	1	1	1	0.006075723	0.006075723	0.0008299809	0.0008299809	0.02617185	0.02617185	0.01068684	0.01068684	0.0933727	0.0776088	0.41767	0.411349
1870	-66.17529	-89.86359	23.6883	0	0	0	1	0.01020764	0.0044079	0.001948192	0.001280116	0.03591693	0.001203273	0.01068684	0.01068684	0.104072	0.0865017	0.37846	0.430966
1871	-67.81176	-87.60084	19.78908	0	1	1	0	0.005503234	0.001722343	0.0008927286	0.0008927286	0.03591693	0.03591693	0.01351144	0.0008708883	0.108091	0.0861137	0.376762	0.429033
1872	-65.80623	-90.41507	24.60884	0	1	0	0	0.005503234	0.001722343	0.002911415	0.002911415	0.03379371	0.005772623	0.009477454	0.001204575	0.136259	0.543743	0.251531	0.0684674
1873	-68.17314	-93.41866	25.24552	1	0	0	0	0.005503234	0.005503234	0.002911415	0.0006920857	0.02265535	0.005973846	0.01760987	0.001397673	0.433192	0.0628003	0.286337	0.21767
1874	-67.43275	-92.85828	25.42552	0	0	0	1	0.005503234	0.002604235	0.001509629	0.0006269867	0.02265535	0.01498179	0.007832632	0.007832632	0.433192	0.0628003	0.286337	0.21767
1875	-63.81277	-91.6156	27.80282	0	1	0	0	0.005503234	0.0009669911	0.00104918	0.00104918	0.02265535	0.0005222915	0.007832632	0.003585861	0.110255	0.0490078	0.665427	0.17531
1876	-62.88725	-89.35202	26.46477	0	0	1	0	0.005503234	0.001886859	0.00104918	7.503938e-05	0.03098204	0.03098204	0.008326108	0.001946845	0.109656	0.0541753	0.661811	0.174357
1877	-67.58881	-88.87524	21.28643	0	0	1	0	0.01228151	0.0007529833	0.003558904	0.00353709	0.03510234	0.03510234	0.02221011	0.001946845	0.109656	0.0541753	0.661811	0.174357
1878	-65.70624	-90.52328	24.81705	0	0	0	0	0.01228151	0.0008467264	0.002923189	0.002354747	0.0269735	0.01526679	0.02221011	0.005874964	0.0843642	0.0416799	0.614858	0.259098
1879	-70.72466	-88.02234	17.29769	0	1	1	0	0.01228151	0.0008467264	0.003378888	0.003378888	0.0477393	0.0477393	0.008195484	0.0002266069	0.0851141	0.0420505	0.479357	0.393478
1880	-79.6487	-84.49745	4.848753	0	1	1	1	0.01228151	0.0008467264	0.003378888	0.003378888	0.08338486	0.08338486	0.01444813	0.01444813	0.0813745	0.0402029	0.458296	0.420127
1881	-81.43438	-86.37683	4.942447	1	0	1	1	0.005074477	0.005074477	0.003378888	0.00751782	0.08338486	0.08338486	0.01444813	0.01444813	0.0655146	0.0396821	0.368974	0.525829
1882	-71.61208	-90.66387	19.0518	0	0	1	1	0.006969803	0.005734627	0.003378888	0.001632626	0.03817189	0.03817189	0.00674704	0.00674704	0.0921592	0.0517414	0.106507	0.749592
1883	-72.88436	-88.34856	15.46421	0	1	1	0	0.009044696	0.004181981	0.003378888	0.003378888	0.0568348	0.0568348	0.00674704	0.002968727	0.157443	0.0504034	0.0966874	0.695466
1884	-75.53748	-91.27455	15.73707	0	1	1	1	0.008995228	0.004181981	0.0009576075	0.0009576075	0.03117636	0.03117636	0.00674704	0.00674704	0.280109	0.0896734	0.172018	0.458199
1885	-74.29237	-90.53461	16.24223	0	1	1	1	0.008995228	0.0008824246	0.001691137	0.001691137	0.03117636	0.03117636	0.006423473	0.006423473	0.28974	0.0885881	0.169018	0.452653
1886	-65.95965	-91.40512	25.44547	0	0	1	0	0.008995228	0.001626125	0.001597306	0.003347671	0.0280362	0.0280362	0.00710356	0.004893693	0.207911	0.0635686	0.121283	0.607237
1887	-72.9733	-93.70159	20.72829	1	0	1	0	0.008995228	0.008995228	8.055199e-05	0.002742532	0.0280362	0.0280362	0.00710356	0.006087136	0.201844	0.090894	0.117744	0.589518
1888	-76.69318	-89.71951	13.02633	1	0	1	1	0.008995228	0.008995228	0.0001335693	0.002463746	0.03677819	0.03677819	0.01919305	0.01919305	0.393008	0.169339	0.219363	0.21829
1889	-77.95518	-86.89189	8.936708	1	0	1	1	0.008995228	0.008995228	0.001120818	0.003657674	0.05798995	0.05798995	0.01919305	0.01919305	0.10269	0.437828	0.172945	0.286538
1890	-76.53646	-86.86269	10.32622	1	0	1	1	0.00334018	0.00334018	0.001120818	0.001364601	0.05798995	0.05798995	0.01919305	0.01919305	0.0926973	0.395223	0.156116	0.355964
1891	-80.93835	-87.30886	6.370508	1	1	1	1	0.003965438	0.003965438	0.001120818	0.001120818	0.06250179	0.06250179	0.008510376	0.008510376	0.261409	0.174283	0.269755	0.294553
1892	-71.16913	-94.24641	23.07728	1	0	0	1	0.005185723	0.005185723	0.001120818	0.001054239	0.02295672	0.002345088	0.006946253	0.006946253	0.169795	0.299134	0.462998	0.0680726
1893	-72.78274	-93.11531	20.33257	1	0	1	0	0.005185723	0.005185723	0.003538882	0.00330369	0.02295672	0.02295672	0.01977419	0.000549545	0.169795	0.299134	0.462998	0.0680726
1894	-73.11991	-90.78541	17.6655	0	1	0	1	0.007259712	0.001531631	0.00140853	0.00140853	0.02295672	0.02711222	0.01029578	0.01029578	0.18004	0.317184	0.430596	0.0721801
1895	-64.29527	-85.10917	20.81389	0	1	0	0	0.007259712	0.001066176	0.001279596	0.001279596	0.05775211	0.002033034	0.01219964	0.0005024331	0.129014	0.118055	0.644838	0.108093
1896	-70.04497	-88.81882	18.77384	0	0	1	1	0.00641289	0.005298604	0.003061357	0.0005144677	0.03618722	0.03618722	0.01275025	0.01275025	0.0776634	0.240077	0.61719	0.0650698
1897	-67.97759	-88.76994	20.79235	0	0	0	1	0.0079762	0.005298604	0.0030707	0.0005144677	0.03873299	0.008946039	0.01767693	0.01767693	0.0751587	0.150889	0.597284	0.176668
1898	-81.09468	-88.67802	7.58334	1	1	1	1	0.007344203	0.007344203	0.0030707	0.0030707	0.04060937	0.04060937	0.01813667	0.01813667	0.0272432	0.167973	0.391838	0.412946
1899	-64.73478	-86.41075	21.67596	0	0	1	0	0.007288987	0.001612587	0.001854746	0.002486979	0.04060937	0.04060937	0.01813667	0.005172258	0.0224238	0.138259	0.537921	0.301396
1900	-68.86475	-86.63301	17.76826	0	1	0	1	0.007288987	0.000989202	0.001854746	0.001854746	0.04060937	0.00204675	0.01718776	0.01718776	0.0203004	0.125166	0.581678	0.272855
1901	-76.04536	-89.34713	13.30177	1	1	1	0	0.005216609	0.005216609	0.001854746	0.001854746	0.04060937	0.04060937	0.0106394	0.007668173	0.0295349	0.687708	0.163711	0.119046
1902	-63.41555	-87.15593	23.74038	0	0	1	0	0.005216609	0.0023477	0.0006441257	0.002585155	0.04060937	0.04060937	0.0106394	0.003310634	0.0468436	0.119438	0.758937	0.0747814
1903	-79.58475	-89.94608	10.36133	1	1	1	0	0.005216609	0.005216609	0.004386234	0.004386234	0.04060937	0.04060937	0.02168442	0.01091119	0.100084	0.406075	0.334067	0.159774
1904	-66.15777	-87.02969	20.87192	0	0	1	0	0.008778148	0.002712438	0.001149614	0.004519943	0.04060937	0.04060937	0.02168442	0.002306849	0.048328	0.263799	0.610722	0.077151
1905	-81.01139	-89.54204	8.530657	1	1	1	1	0.006911624	0.006911624	0.003343888	0.003343888	0.04060937	0.04060937	0.01287734	0.01287734	0.0844706	0.48216	0.110225	0.323145
1906	-72.3212	-89.22813	16.90692	0	0	1	1	0.007519133	0.00209457	0.004556137	0.00808037	0.04060937	0.04060937	0.01204413	0.01204413	0.128329	0.32256	0.133977	0.415134
1907	-70.08271	-87.65178	17.56907	0	1	1	0	0.007519133	0.0009866097	0.003106582	0.003106582	0.04060937	0.04060937	0.01197312	0.006921354	0.160614	0.29073	0.174488	0.374168
1908	-69.20562	-86.72359	17.51797	0	1	1	0	0.006987283	0.0006588149	0.001317926	0.001317926	0.04060937	0.04060937	0.01212829	0.009706785	0.209897	0.262634	0.157626	0.369843
1909	-70.60264	-88.52386	17.92122	0	1	0	1	0.004659227	0.002142822	0.001317926	0.001317926	0.04636779	0.002485801	0.01212829	0.01212829	0.218844	0.231205	0.164344	0.385607
1910	-76.04954	-90.89277	14.84322	1	1	0	1	0.002490659	0.002490659	0.001317926	0.001317926	0.03408244	0.006005588	0.01327444	0.01327444	0.0751153	0.197931	0.594599	0.132355
1911	-65.69758	-93.17	27.47242	0	0	0	0	0.003701522	0.006134983	0.001317926	0.005515121	0.03408244	0.007436678	0.008017055	0.007336887	0.148901	0.257746	0.330987	0.262366
1912	-69.95625	-87.82442	17.86816	1	0	1	0	0.005224436	0.005224436	0.0004225875	0.004014553	0.043371	0.043371	0.01212484	0.004247918	0.0140953	0.347968	0.206833	0.431104
1913	-70.91659	-88.75084	17.83425	0	0	1	1	0.003698531	0.007384087	0.0009849723	0.002035904	0.043371	0.043371	0.01212484	0.01212484	0.00842706	0.208038	0.525794	0.257741
1914	-73.57017	-84.76445	11.19428	0	1	1	0	0.008746292	0.004085725	0.002301502	0.002301502	0.07953114	0.07953114	0.01212484	0.0007909222	0.0409688	0.141868	0.619684	0.197479
1915	-75.85255	-92.62611	16.77356	0	1	1	1	0.008746292	0.002899437	0.002155926	0.002155926	0.01983016	0.01983016	0.01249757	0.01249757	0.418773	0.100853	0.339987	0.140387
1916	-75.2744	-88.53642	13.26202	1	1	1	0	0.008746292	0.008746292	0.0007564643	0.0007564643	0.04414442	0.04414442	0.01249757	7.090861e-05	0.459275	0.108825	0.366861	0.0650395
1917	-75.47135	-95.65271	20.18136	0	1	1	0	0.005928693	0.01082507	0.0001429209	0.0001429209	0.02166745	0.02166745	0.00976607	0.007843512	0.326724	0.164303	0.432327	0.0766458
1918	-77.04504	-94.25157	17.20653	1	0	1	1	0.005928693	0.005928693	0.0001429209	0.006147641	0.02166745	0.02166745	0.00976607	0.00976607	0.582138	0.161544	0.144627	0.111691
1919	-74.66722	-95.00755	20.34032	0	0	0	1	0.01050856	0.008119346	0.0007271287	0.009297225	0.02166745	0.02471579	0.00976607	0.00976607	0.297582	0.235137	0.210514	0.256768
1920	-72.59069	-95.39468	22.80399	0	0	1	0	0.01050856	0.008119346	0.001310125	0.0100146	0.02166745	0.02166745	0.00976607	0.009323067	0.391708	0.0985224	0.239269	0.2705
1921	-83.24052	-92.28121	9.040695	1	1	1	1	0.002955307	0.002955307	0.00632154	0.00632154	0.04178185	0.04178185	0.00976607	0.00976607	0.540896	0.0743592	0.180587	0.204158
1922	-71.54658	-88.43267	16.8861	1	0	1	0	0.004850941	0.004850941	0.002169864	0.004781732	0.05144507	0.05144507	0.00976607	0.002009146	0.500704	0.0263588	0.221981	0.250956
1923	-71.72447	-90.64843	18.92396	0	1	0	1	0.01027707	0.0044389	0.002169864	0.002169864	0.03521096	0.001503245	0.00976607	0.00976607	0.0449132	0.0532173	0.305192	0.596677
1924	-73.95038	-91.71105	17.76067	0	1	1	0	0.01027707	0.0044389	0.005865736	0.005865736	0.03329839	0.03329839	0.01604578	9.430951e-05	0.129146	0.0485239	0.278276	0.544054
1925	-76.23707	-93.05928	16.82221	1	1	1	0	0.008886769	0.008886769	0.0004911529	0.0004911529	0.02591308	0.02591308	0.009893849	0.0006662868	0.166618	0.305239	0.359021	0.169122
1926	-80.83833	-98.59917	17.76084	1	1	1	0	0.008886769	0.008886769	0.0004911529	0.0004911529	0.02591308	0.02591308	0.003944977	0.001246117	0.451933	0.32764	0.0388937	0.181534
1927	-72.75637	-91.30664	18.55028	0	1	1	0	0.008886769	0.001293731	0.0004911529	0.0004911529	0.04001571	0.04001571	0.003944977	0.01087126	0.278221	0.327731	0.333395	0.0606531
1928	-69.03937	-87.95907	18.9197	0	1	1	0	0.007588201	0.0009697207	0.0004911529	0.0004911529	0.04001571	0.04001571	0.008439022	0.00588668	0.278221	0.327731	0.333395	0.0606531
1929	-69.69622	-87.76076	18.06454	0	0	1	1	0.007094251	0.001204766	0.0003873606	0.01234739	0.03880926	0.03880926	0.008439022	0.008439022	0.0510362	0.104783	0.816581	0.0275998
1930	-62.81487	-87.53687	24.722	0	1	0	0	0.007094251	0.0005661711	0.001513241	0.001513241	0.03880926	8.361049e-05	0.008439022	0.003232488	0.0822484	0.168864	0.704408	0.0444789
1931	-79.29527	-92.08299	12.78773	1	1	1	1	0.003782652	0.003782652	0.001513241	0.001513241	0.02543608	0.02543608	0.008659506	0.008659506	0.107371	0.0955366	0.74975	0.047342
1932	-75.08607	-84.82204	9.73597	0	1	1	1	0.0119593	0.001413756	0.001513241	0.001513241	0.05882406	0.05882406	0.01267454	0.01267454	0.111954	0.0996143	0.781751	0.0066806
1933	-73.16769	-89.68136	16.51367	0	1	0	1	0.0119593	0.001882703	0.001513241	0.001513241	0.02693115	0.02219218	0.01267454	0.01267454	0.111954	0.0996143	0.781751	0.0066806
1934	-66.28183	-91.48364	25.20181	0	0	1	0	0.01200793	0.001882703	0.0001056785	0.002004745	0.02693115	0.02693115	0.007254808	0.006806491	0.15017	0.0953275	0.748109	0.00639312
1935	-64.74548	-86.60915	21.86367	0	0	1	0	0.009872624	0.001882703	0.001239256	0.001371255	0.04595198	0.04595198	0.008541015	0.007229096	0.0960511	0.101398	0.795751	0.00680024
1936	-65.5062	-87.44739	21.94119	0	0	0	1	0.009872624	0.002623022	0.002204452	0.0008197876	0.04595198	0.005631598	0.008541015	0.008541015	0.0901815	0.0816638	0.82177	0.00638469
1937	-62.08445	-91.35449	29.27004	0	0	0	0	0.007046376	0.002755385	0.002532859	0.001132833	0.02751565	0.005543289	0.006707401	0.01002634	0.0901815	0.0816638	0.82177	0.00638469
1938	-77.43386	-90.21208	12.77822	1	0	1	1	0.003140993	0.003140993	0.0005247768	0.01246507	0.04614477	0.04614477	0.006707401	0.006707401	0.0901815	0.0816638	0.82177	0.00638469
1939	-78.23668	-91.05263	12.81595	1	0	1	1	0.003140993	0.003140993	0.001062697	0.004563775	0.03788158	0.03788158	0.02211814	0.02211814	0.467139	0.423017	0.0767721	0.0330726
1940	-70.00105	-90.77184	20.77079	0	1	0	0	0.005673396	0.003318071	0.001062697	0.001062697	0.0363111	0.003738565	0.02211814	0.01011726	0.467139	0.423017	0.0767721	0.0330726
1941	-72.25647	-89.81256	17.5561	0	1	0	1	0.005157249	0.0008535511	0.0003868817	0.0003868817	0.0363111	0.006363446	0.02211814	0.02211814	0.595791	0.231638	0.0979155	0.0746563
1942	-64.87552	-90.40875	25.53323	0	0	1	0	0.003979665	0.002597866	0.0005532069	0.003937115	0.0360848	0.0360848	0.007511415	0.0004337111	0.536125	0.0635953	0.379783	0.0204966
1943	-74.86496	-89.10964	14.24469	0	1	1	1	0.005161364	0.002597866	0.0005943795	0.0005943795	0.04472971	0.04472971	0.007511415	0.007511415	0.596506	0.157706	0.194959	0.0508284
1944	-77.25164	-88.97568	11.72403	1	1	1	0	0.005161364	0.005161364	0.00056041	0.00056041	0.04472971	0.04472971	0.01657223	0.007989331	0.720165	0.145448	0.0416053	0.0927812
1945	-70.18712	-87.81604	17.62891	0	0	1	0	0.009463113	0.0002100967	0.006915972	0.001520065	0.05979525	0.05979525	0.01657223	0.005834282	0.783473	0.0787012	0.0368883	0.100937
1946	-67.62179	-86.55246	18.93067	0	1	0	0	0.009463113	0.0002100967	0.0007063875	0.0007063875	0.05979525	0.002342194	0.01657223	0.003775616	0.491491	0.245536	0.0692097	0.193763
1947	-65.72943	-89.16401	23.43457	0	1	0	0	0.005968795	0.0001216177	0.0004866873	0.0004866873	0.02990029	0.01032415	0.01657223	0.003728467	0.148679	0.367413	0.193966	0.289942
1948	-75.1416	-90.92305	15.78145	0	1	1	1	0.003524706	0.0004102426	0.00359523	0.00359523	0.02990029	0.02990029	0.01437388	0.01437388	0.0494269	0.553814	0.300371	0.0963881
1949	-67.93151	-85.951	18.01948	0	0	1	1	0.005113761	0.0001586018	0.000235788	0.007311711	0.04134603	0.04134603	0.01437388	0.01437388	0.0499465	0.041605	0.51441	0.394038
1950	-62.28945	-86.88705	24.5976	0	0	0	0	0.01141664	0.0007892036	0.000235788	0.008408517	0.05284368	0.0004154245	0.01493392	0.0009436181	0.0748035	0.0623107	0.770419	0.0924668
1951	-76.75511	-90.20939	13.45428	1	1	1	0	0.01141664	0.01141664	0.001574177	0.001574177	0.03700002	0.03700002	0.01493392	0.0001911696	0.0606338	0.0505074	0.603627	0.285232
1952	-73.88959	-90.74447	16.85488	1	0	1	0	0.009998246	0.009998246	0.001834063	0.01030204	0.03700002	0.03700002	0.01493392	0.001133128	0.103186	0.102058	0.309352	0.485405
1953	-82.3608	-91.84458	9.483778	1	1	1	1	0.01019342	0.01019342	0.002594185	0.002594185	0.03056879	0.03056879	0.01493392	0.01493392	0.0987797	0.140401	0.296142	0.464677
1954	-71.03161	-90.43329	19.40168	0	1	0	1	0.01019342	0.00172692	0.002594185	0.002594185	0.03056879	0.005755988	0.009794223	0.009794223	0.0554384	0.0787975	0.321954	0.54381
1955	-69.12031	-89.54898	20.42867	0	0	1	1	0.01019342	0.001568845	0.002594185	0.0002777953	0.03056879	0.03056879	0.009556053	0.009556053	0.0429873	0.0798362	0.326198	0.550978
1956	-73.185	-88.76312	15.57812	0	1	1	1	0.01019342	0.0006882394	0.001960901	0.001960901	0.03056879	0.03056879	0.009556053	0.009556053	0.0797898	0.148186	0.683712	0.0883123
1957	-64.46453	-88.22191	23.75738	0	1	0	0	0.01019342	0.001022683	0.001960901	0.001960901	0.03187543	0.008268665	0.01192173	1.290714e-05	0.0918019	0.0199486	0.786642	0.101607
1958	-68.03318	-88.58368	20.55049	0	1	1	0	0.004246629	0.0007043078	0.001960901	0.001960901	0.03187543	0.03187543	0.01525947	1.548006e-05	0.093161	0.171844	0.595701	0.139294
1959	-75.3615	-87.75308	12.39157	1	0	1	1	0.005235246	0.005235246	0.001960901	0.004193812	0.04818044	0.04818044	0.01162425	0.01162425	0.127442	0.384132	0.458784	0.0296424
1960	-79.64694	-87.58575	7.938809	1	1	1	1	0.005235246	0.005235246	0.002087694	0.002087694	0.04818044	0.04818044	0.01162425	0.01162425	0.136902	0.338412	0.492843	0.031843
1961	-70.2987	-84.40352	14.10482	0	0	1	1	0.01109562	0.0003169979	0.0005109328	0.001718525	0.06566558	0.06566558	0.01162425	0.01162425	0.152177	0.264597	0.547831	0.0353958
1962	-69.55549	-86.40654	16.85106	0	0	1	0	0.01109562	0.001316924	0.003394633	0.01101106	0.06566558	0.06566558	0.01162425	0.00065233	0.190065	0.0815007	0.684226	0.0442084
1963	-70.03321	-86.41187	16.37866	0	0	0	1	0.01109562	0.0001270088	0.001853505	0.01376357	0.06566558	0.003332995	0.01162425	0.01162425	0.190065	0.0815007	0.684226	0.0442084
1964	-72.65859	-87.32165	14.66306	0	1	1	1	0.005111434	0.00130465	0.001853505	0.001853505	0.03830775	0.03830775	0.01162425	0.01162425	0.190065	0.0815007	0.684226	0.0442084
1965	-77.33175	-86.01658	8.684827	1	0	1	1	0.005111434	0.005111434	0.001853505	0.005038277	0.06877004	0.06877004	0.01162425	0.01162425	0.0826909	0.0923053	0.774935	0.0500692
1966	-75.62905	-91.02391	15.39486	1	0	1	1	0.005111434	0.005111434	0.001853505	0.00696144	0.02980679	0.02980679	0.01028248	0.01028248	0.0561859	0.380859	0.526545	0.0364102
1967	-82.43946	-93.34272	10.90326	1	1	1	1	0.01073726	0.01073726	0.0008371943	0.0008371943	0.02980679	0.02980679	0.008789514	0.008789514	0.0859085	0.582335	0.247656	0.0840998
1968	-75.08104	-87.60739	12.52635	1	0	1	0	0.006701934	0.006701934	0.0008371943	0.009496592	0.07257261	0.07257261	0.008789514	0.001563036	0.0952399	0.642991	0.16299	0.0987784
1969	-71.28831	-91.97096	20.68265	0	0	1	0	0.009005406	0.003565039	0.005281662	0.006835754	0.03598239	0.03598239	0.007231348	0.01494184	0.236359	0.428519	0.208663	0.126458
1970	-79.05981	-94.08692	15.0271	1	1	1	0	0.01119424	0.01119424	0.0006665373	0.0006665373	0.03598239	0.03598239	0.007231348	0.001044744	0.476833	0.357543	0.0601107	0.105513
1971	-67.58734	-92.18124	24.5939	0	0	0	0	0.01119424	0.002887708	0.002227354	0.003929759	0.03615465	0.001706767	0.007231348	0.02467614	0.214403	0.626861	0.0988744	0.0598613
1972	-63.16823	-88.3238	25.15557	0	0	0	0	0.01119424	0.001035082	0.002227354	0.004548295	0.05273083	0.001706767	0.007231348	0.006121262	0.331757	0.274542	0.367484	0.0262171
1973	-74.97784	-93.65719	18.67935	0	1	1	1	0.007702335	0.0001873226	0.002085537	0.002085537	0.01802159	0.01802159	0.007231348	0.007231348	0.331757	0.274542	0.367484	0.0262171
1974	-66.59589	-94.19098	27.59509	0	1	0	0	0.00521444	0.0003680008	0.002085537	0.002085537	0.01802159	0.008269639	0.007231348	0.002113222	0.38513	0.224203	0.360232	0.0304349
1975	-61.38149	-94.34324	32.96175	0	0	0	0	0.007111701	0.001450792	0.002085537	0.0009774752	0.01923292	0.001779471	0.005607612	0.003897751	0.0769032	0.336593	0.540812	0.0456915
1976	-67.63042	-94.03499	26.40458	0	0	1	0	0.007111701	0.005012598	0.001639025	0.001958891	0.02328556	0.02328556	0.006075659	0.005030181	0.168959	0.0657477	0.288069	0.477224
1977	-68.81701	-89.66766	20.85065	0	1	1	0	0.00667599	9.976515e-05	0.001639025	0.001639025	0.02328556	0.02328556	0.01561479	0.005030181	0.274984	0.107005	0.468837	0.149174
1978	-79.9616	-91.60877	11.64718	1	1	1	1	0.00667599	0.00667599	0.001639025	0.001639025	0.02328556	0.02328556	0.01431494	0.01431494	0.0866059	0.0278857	0.699018	0.186491
1979	-76.56533	-93.25207	16.68674	1	1	1	0	0.00667599	0.00667599	0.003312762	0.003312762	0.02328556	0.02328556	0.01042987	0.002921834	0.167126	0.0223371	0.559929	0.250608
1980	-67.6367	-93.77236	26.13566	1	0	0	0	0.00667599	0.00667599	0.003312762	0.001187055	0.02328556	0.001048039	0.01042987	0.00571256	0.184529	0.0246631	0.514103	0.276705
1981	-73.14863	-91.8152	18.66657	0	1	1	0	0.003578078	0.005879051	0.002132783	0.002132783	0.0364652	0.0364652	0.007279552	0.009503735	0.551628	0.0135606	0.282671	0.152141
1982	-66.87236	-89.36075	22.4884	0	0	1	0	0.005117738	0.001241376	0.003310523	0.001408922	0.0364652	0.0364652	0.007829933	0.01714074	0.325891	0.00469105	0.0977849	0.571633
1983	-72.16383	-92.19904	20.03521	0	0	1	0	0.003642682	0.007015891	0.001785813	0.006053622	0.03360018	0.03360018	0.006706379	0.02774227	0.311634	0.00479026	0.099853	0.583723
1984	-68.72424	-93.3122	24.58796	0	0	0	1	0.003642682	0.0005584229	0.005126684	0.004379059	0.03360018	0.005774937	0.007422798	0.007422798	0.286566	0.0848461	0.0918207	0.536767
1985	-67.54483	-92.04891	24.50407	0	0	1	0	0.003642682	0.0007524248	0.003937551	0.003240314	0.03360018	0.03360018	0.006298231	0.009513246	0.231335	0.309147	0.220313	0.239204
1986	-68.78736	-93.17424	24.38688	0	1	0	0	0.003642682	0.0007806594	0.003937551	0.003937551	0.03360018	0.001826615	0.006298231	0.01156906	0.187629	0.439669	0.17869	0.194012
1987	-67.55169	-89.97987	22.42819	0	1	0	0	0.004548322	0.001802554	0.003758582	0.003758582	0.04044137	0.001810132	0.01149535	0.009002523	0.217292	0.286304	0.251125	0.245279
1988	-79.22248	-92.14156	12.91908	1	1	0	1	0.00993352	0.00993352	0.002969492	0.002969492	0.04044137	0.006390266	0.00844263	0.00844263	0.0890746	0.192233	0.554005	0.164688
1989	-79.26881	-89.90858	10.63976	1	1	1	0	0.00993352	0.00993352	0.004581323	0.004581323	0.05505525	0.05505525	0.00844263	0.003202416	0.0788383	0.28506	0.490339	0.145762
1990	-73.56388	-89.59443	16.03055	0	1	1	0	0.006125394	0.007124366	0.004581323	0.004581323	0.04335152	0.04335152	0.01608615	0.002647832	0.0427412	0.353273	0.423344	0.180642
1991	-75.13457	-87.09345	11.95888	1	1	1	0	0.006125394	0.006125394	0.0004196538	0.0004196538	0.04918453	0.04918453	0.01608615	0.001853983	0.0427412	0.353273	0.423344	0.180642
1992	-75.47122	-91.26071	15.78948	1	0	1	1	0.006125394	0.006125394	0.0008814968	0.006688788	0.02815165	0.02815165	0.009911071	0.009911071	0.0427412	0.353273	0.423344	0.180642
1993	-65.15033	-89.55044	24.40011	0	0	0	1	0.006125394	0.0003555977	0.001180208	0.006371014	0.02815165	0.001266789	0.01812862	0.01812862	0.0198722	0.501714	0.428425	0.0499888
1994	-70.67344	-93.33276	22.65932	0	1	0	1	0.005662184	0.002084541	0.001180208	0.001180208	0.02815165	0.0002662733	0.004654747	0.004654747	0.0179173	0.58194	0.386279	0.0138646
1995	-71.72072	-92.68733	20.96662	0	1	1	0	0.005662184	0.0006641629	0.001195059	0.001195059	0.02815165	0.02815165	0.004654747	0.01135418	0.0206201	0.669723	0.293701	0.015956
1996	-69.11321	-90.48376	21.37055	0	0	1	1	0.005662184	0.002177369	0.0008224321	0.003179953	0.02815165	0.02815165	0.009377878	0.009377878	0.0158119	0.673011	0.295143	0.0160343
1997	-68.56112	-88.74804	20.18692	0	0	1	0	0.01304929	0.007136582	0.001050235	0.000834499	0.05308948	0.05308948	0.009377878	0.001141059	0.117788	0.604126	0.264934	0.0131523
1998	-71.71824	-86.95842	15.24018	0	1	1	0	0.003700962	0.0001800678	0.001050235	0.001050235	0.05308948	0.05308948	0.02527575	0.001141059	0.285679	0.039859	0.642562	0.0318993
1999	-80.55911	-91.14709	10.58798	1	1	1	1	0.003700962	0.003700962	0.001240429	0.001240429	0.02568911	0.02568911	0.02134372	0.02134372	0.138186	0.0438263	0.782914	0.0350742
2000	-70.66021	-90.72962	20.06941	0	1	0	1	0.003700962	0.002099689	0.001240429	0.001240429	0.02682425	0.001605002	0.02134372	0.02134372	0.110698	0.0452241	0.807885	0.0361929
2001	-72.02021	-90.94974	18.92953	1	0	1	0	0.00362261	0.00362261	0.0007154835	0.001088392	0.02682425	0.02682425	0.02134372	0.009739774	0.110698	0.0452241	0.807885	0.0361929
2002	-71.40865	-89.77197	18.36332	0	0	1	1	0.006602666	0.001248539	0.0007154835	0.008181567	0.02694677	0.02694677	0.02287798	0.02287798	0.218063	0.0615632	0.403166	0.317208
2003	-73.5041	-90.56478	17.06068	0	0	1	1	0.006602666	0.0006365941	0.002944236	0.01073491	0.0302278	0.0302278	0.02287798	0.02287798	0.537116	0.0219575	0.180854	0.260073
2004	-76.08338	-94.64694	18.56356	1	0	0	1	0.006283448	0.006283448	0.00479627	0.003534787	0.02361206	0.008697055	0.01850401	0.01850401	0.537116	0.0219575	0.180854	0.260073
2005	-68.14129	-88.89787	20.75658	0	1	0	1	0.006283448	0.000769439	0.0008962769	0.0008962769	0.03697803	0.0003093945	0.007646812	0.007646812	0.386679	0.0452286	0.372527	0.195566
2006	-72.01204	-89.70522	17.69318	0	0	1	1	0.006283448	0.002379104	0.001917933	0.006104574	0.03036512	0.03036512	0.02335607	0.02335607	0.261249	0.0412776	0.339985	0.357488
2007	-70.39395	-88.60221	18.20826	0	1	0	1	0.006283448	0.002606449	0.001917933	0.001917933	0.043507	0.003880292	0.009264844	0.009264844	0.228967	0.159746	0.297973	0.313313
2008	-72.96918	-86.56222	13.59304	0	1	1	1	0.006283448	0.001473661	0.0005083246	0.0005083246	0.04679189	0.04679189	0.009264844	0.009264844	0.0659005	0.193531	0.360992	0.379576
2009	-75.85152	-91.93522	16.0837	1	0	0	1	0.006067204	0.006067204	0.004235262	0.01085344	0.04679189	0.002399931	0.009264844	0.009264844	0.0185172	0.231963	0.365355	0.384164
2010	-71.41696	-87.33636	15.9194	0	0	1	1	0.006067204	0.004436956	0.001367021	0.01008599	0.04679189	0.04679189	0.01180334	0.01180334	0.0185172	0.231963	0.365355	0.384164
2011	-70.72453	-88.63131	17.90678	1	1	0	0	0.006067204	0.006067204	0.001367021	0.001367021	0.04679189	0.0006908236	0.013862	0.0004055262	0.0154112	0.193055	0.471809	0.319725
2012	-78.15174	-90.50576	12.35402	1	1	1	0	0.006067204	0.006067204	0.002737154	0.002737154	0.03088245	0.03088245	0.01177777	0.0199449	0.0173833	0.274202	0.347776	0.360639
2013	-80.72734	-90.94971	10.22237	1	1	1	1	0.006067204	0.006067204	0.003503171	0.003503171	0.03088245	0.03088245	0.01361268	0.01361268	0.0220202	0.267976	0.253164	0.456839
2014	-76.84776	-92.32557	15.47781	1	0	1	1	0.004862321	0.004862321	0.003503171	0.003039923	0.02852306	0.02852306	0.01361268	0.01361268	0.0213828	0.585757	0.0338973	0.358963
2015	-70.86687	-87.06835	16.20148	0	0	1	1	0.005131655	0.0003569877	0.003503171	0.006628815	0.0497056	0.0497056	0.01361268	0.01361268	0.0485766	0.396233	0.0770066	0.478184
2016	-83.13328	-89.35194	6.218666	1	1	1	1	0.01170151	0.01170151	0.001947179	0.001947179	0.0497056	0.0497056	0.01361268	0.01361268	0.0693217	0.565447	0.0765215	0.288709
2017	-69.34568	-86.81304	17.46735	0	0	1	1	0.003857768	0.0007418073	0.001947179	0.001832965	0.0497056	0.0497056	0.01361268	0.01361268	0.0594013	0.484527	0.0655707	0.390501
2018	-75.50425	-87.14312	11.63887	0	1	1	1	0.007534808	0.004510639	0.001768714	0.001768714	0.0497056	0.0497056	0.01198042	0.01198042	0.284435	0.368606	0.0498832	0.297075
2019	-75.73552	-88.28059	12.54506	1	0	1	1	0.003422694	0.003422694	0.001156806	0.004051176	0.0497056	0.0497056	0.01198042	0.01198042	0.318784	0.41312	0.0559072	0.212189
2020	-80.932	-88.02102	7.089029	1	1	1	1	0.003422694	0.003422694	0.001095589	0.001095589	0.0497056	0.0497056	0.01776456	0.01776456	0.318784	0.41312	0.0559072	0.212189
2021	-82.57665	-93.61613	11.03948	1	1	1	1	0.003422694	0.003422694	0.00496945	0.00496945	0.02777792	0.02777792	0.01322152	0.01322152	0.495771	0.0931591	0.0810763	0.329994
2022	-77.229	-93.57385	16.34485	1	1	1	0	0.003711662	0.003711662	0.00496945	0.00496945	0.02777792	0.02777792	0.009274428	0.002848179	0.26887	0.0505227	0.501643	0.178965
2023	-70.96382	-90.68094	19.71712	0	1	1	0	0.003711662	0.002747539	0.0006877012	0.0006877012	0.02777792	0.02777792	0.01078425	0.01312012	0.198235	0.0554037	0.550106	0.196255
2024	-76.76991	-86.3674	9.597495	1	1	1	0	0.005368162	0.005368162	0.0006877012	0.0006877012	0.05097109	0.05097109	0.0137774	0.01637263	0.198235	0.0554037	0.550106	0.196255
2025	-69.78646	-86.70197	16.91551	0	1	1	0	0.003850127	0.0007353198	0.002448075	0.002448075	0.05097109	0.05097109	0.0137774	0.00307254	0.198235	0.0554037	0.550106	0.196255
2026	-60.40781	-90.99457	30.58676	0	0	0	0	0.003850127	0.0007353198	0.002076612	0.001319294	0.02624913	0.004037343	0.0137774	0.003683154	0.297782	0.0832254	0.325363	0.29363
2027	-74.05048	-91.80542	17.75495	0	1	1	1	0.008743275	0.0007353198	0.002076612	0.002076612	0.02137955	0.02137955	0.007581048	0.007581048	0.143271	0.0608078	0.739772	0.0561493
2028	-73.05063	-88.24244	15.19181	0	1	1	1	0.009488753	0.0006844137	0.002076612	0.002076612	0.03379749	0.03379749	0.009129851	0.009129851	0.28386	0.0374799	0.644052	0.0346085
2029	-72.16034	-88.05595	15.8956	0	1	1	0	0.01024161	0.006245947	0.001795851	0.001795851	0.04235157	0.04235157	0.01433056	0.005722988	0.459562	0.0606791	0.423728	0.0560304
2030	-79.61026	-95.64103	16.03077	1	1	1	0	0.01024161	0.01024161	0.001795851	0.001795851	0.01890626	0.01890626	0.01433056	0.005103947	0.247779	0.260872	0.382382	0.108967
2031	-66.59748	-93.14935	26.55187	0	0	1	0	0.01024161	0.002632113	0.0003599641	0.0006552352	0.01890626	0.01890626	0.01229244	0.004183447	0.33595	0.230294	0.337561	0.0961943
2032	-74.26825	-90.74172	16.47346	0	1	1	1	0.004306857	0.003139073	0.0003599641	0.0003599641	0.03057925	0.03057925	0.009460832	0.009460832	0.160965	0.0669011	0.0982327	0.673901
2033	-73.40833	-88.4279	15.01957	0	1	1	0	0.00425099	0.006275879	0.003167444	0.003167444	0.05204187	0.05204187	0.009460832	0.01050245	0.0458192	0.0677866	0.0995329	0.786861
2034	-73.12935	-89.18608	16.05673	1	0	1	0	0.01080156	0.01080156	0.0003405574	0.004244134	0.04122134	0.04122134	0.01919191	0.003967332	0.0430441	0.0679837	0.0998224	0.78915
2035	-73.58797	-87.60109	14.01312	1	0	1	1	0.004799329	0.004799329	0.0003405574	0.0002563176	0.04122134	0.04122134	0.01530174	0.01530174	0.0285982	0.045168	0.401928	0.524306
2036	-71.60834	-87.55012	15.94178	0	1	1	0	0.01399013	0.00255952	0.001216058	0.001216058	0.04122134	0.04122134	0.01530174	0.006135592	0.09397	0.148416	0.513849	0.243765
2037	-72.31895	-86.83928	14.52033	0	0	1	1	0.01399013	0.00255952	0.001383717	0.006549442	0.04877063	0.04877063	0.01530174	0.01530174	0.09397	0.148416	0.513849	0.243765
2038	-70.34246	-88.18119	17.83872	0	1	1	0	0.005537078	0.00434279	0.001680503	0.001680503	0.037725	0.037725	0.01530174	0.004986622	0.0824533	0.316775	0.386881	0.21389
2039	-62.43942	-89.14475	26.70533	0	0	0	0	0.005537078	0.0008797333	0.0002549094	0.01052779	0.037725	0.003308742	0.01530174	0.004395448	0.0824533	0.316775	0.386881	0.21389
2040	-70.12117	-90.49429	20.37312	0	1	0	1	0.00446969	0.001734606	0.001995555	0.001995555	0.03101464	0.003296237	0.01256607	0.01256607	0.105668	0.405962	0.214259	0.27411
2041	-75.37936	-90.67604	15.29667	1	0	1	1	0.007039146	0.007039146	0.001995555	0.001961873	0.03101464	0.03101464	0.01256607	0.01256607	0.105668	0.405962	0.214259	0.27411
2042	-77.50421	-91.90843	14.40421	0	1	1	1	0.007039146	0.009362677	0.0008996161	0.0008996161	0.03101464	0.03101464	0.01136615	0.01136615	0.0652444	0.64135	0.0977513	0.195655
2043	-75.88825	-90.27333	14.38508	0	1	1	1	0.007158911	0.001608914	0.0001114231	0.0001114231	0.04422098	0.04422098	0.00669144	0.00669144	0.326199	0.462305	0.0704622	0.141034
2044	-71.35028	-94.89527	23.54499	0	1	1	0	0.006024859	0.0002180292	0.0001114231	0.0001114231	0.0236555	0.0236555	0.006227565	0.0006961192	0.326199	0.462305	0.0704622	0.141034
2045	-66.54176	-91.47711	24.93535	0	0	0	1	0.005977786	0.0002694587	0.00121553	0.003918612	0.03944923	0.002874725	0.004812348	0.004812348	0.325946	0.461945	0.168468	0.0436414
2046	-66.485	-87.93686	21.45186	0	1	0	0	0.007408214	0.001543381	0.00121553	0.00121553	0.03944923	0.002835093	0.01517454	0.01081751	0.361541	0.403186	0.186865	0.0484073
2047	-73.65726	-89.77684	16.11958	1	0	1	0	0.007408214	0.007408214	0.00121553	0.004997206	0.03634885	0.03634885	0.01517454	0.014263	0.322689	0.428975	0.196833	0.0515036
2048	-69.30569	-89.39014	20.08445	0	0	1	1	0.007408214	0.003278248	0.002027052	0.0006040797	0.02823588	0.02823588	0.01517454	0.01517454	0.34346	0.0649695	0.468882	0.122689
2049	-64.50474	-89.29529	24.79055	0	1	0	0	0.007032984	0.0005753331	0.002027052	0.002027052	0.02823588	0.005320343	0.01165063	0.004503724	0.423369	0.0570619	0.411813	0.107756
2050	-66.35517	-86.2618	19.90663	0	1	0	0	0.007032984	0.0007661705	0.002027052	0.002027052	0.04788291	0.004933555	0.01165063	0.01298902	0.364589	0.0491395	0.493476	0.0927952
2051	-69.63854	-89.5239	19.88536	0	1	0	1	0.007032984	0.0003135249	0.002027052	0.002027052	0.02586451	0.01097814	0.01165063	0.01165063	0.364589	0.0491395	0.493476	0.0927952
2052	-68.05649	-89.19684	21.14034	0	0	1	1	0.007032984	0.0003528883	0.002027052	0.002747642	0.02687705	0.02687705	0.01165063	0.01165063	0.364589	0.0491395	0.493476	0.0927952
2053	-78.54329	-92.36463	13.82134	1	0	1	1	0.007032984	0.007032984	0.002027052	0.01098372	0.03751389	0.03751389	0.005458637	0.005458637	0.305053	0.0411152	0.412893	0.240939
2054	-68.0077	-91.5397	23.532	1	0	0	0	0.005673221	0.005673221	0.005086384	0.002411785	0.03751389	0.003175428	0.0112429	0.001441322	0.305053	0.0411152	0.412893	0.240939
2055	-60.99544	-88.61814	27.6227	0	0	0	0	0.005673221	0.0007095233	0.004545084	0.002693865	0.04514857	0.002629169	0.01030869	0.0009748938	0.547981	0.0186559	0.324037	0.109325
2056	-74.13709	-91.48313	17.34604	1	0	0	1	0.008520071	0.008520071	0.004545084	0.003587579	0.04514857	0.0002819195	0.01030869	0.01030869	0.403976	0.0243194	0.422406	0.149299
2057	-75.17484	-89.49912	14.32428	1	1	1	0	0.008520071	0.008520071	0.001097503	0.001097503	0.03851119	0.03851119	0.00908603	0.002924633	0.178299	0.0335276	0.582345	0.205829
2058	-74.3107	-89.13776	14.82706	1	0	1	1	0.008520071	0.008520071	0.001097503	4.873363e-05	0.03851119	0.03851119	0.00908603	0.00908603	0.0474711	0.0141202	0.883608	0.0548008
2059	-74.5694	-88.98581	14.41641	1	1	1	0	0.006418718	0.006418718	0.00216004	0.00216004	0.03851119	0.03851119	0.00908603	0.003436481	0.0474711	0.0141202	0.883608	0.0548008
2060	-71.66928	-88.83778	17.16849	1	0	0	1	0.003697536	0.003697536	0.00216004	0.002682928	0.04095905	0.01099047	0.01291748	0.01291748	0.0474711	0.0141202	0.883608	0.0548008
2061	-63.08696	-88.59265	25.50569	0	0	0	0	0.004603964	0.003339875	0.00274812	0.001854001	0.04095905	0.003946542	0.01291748	0.01442344	0.144482	0.175237	0.668483	0.0117977
2062	-69.23628	-87.12058	17.8843	0	1	0	1	0.004603964	0.00115885	0.001513418	0.001513418	0.04095905	0.005824805	0.01525296	0.01525296	0.144482	0.175237	0.668483	0.0117977
2063	-79.07826	-87.31807	8.239806	1	1	1	1	0.004401008	0.004401008	0.001513418	0.001513418	0.04423852	0.04423852	0.01525296	0.01525296	0.155292	0.113531	0.718497	0.0126804
2064	-80.89793	-86.30555	5.407619	1	1	1	1	0.008746066	0.008746066	0.001513418	0.001513418	0.05609377	0.05609377	0.01525296	0.01525296	0.126854	0.0940124	0.768776	0.0103582
2065	-71.98694	-91.74766	19.76072	0	1	1	0	0.008746066	0.00781435	0.0004245499	0.0004245499	0.02963849	0.02963849	0.009345558	0.002610791	0.206419	0.353156	0.434569	0.00585524
2066	-78.12647	-93.26651	15.14004	1	1	0	1	0.008746066	0.008746066	0.002701495	0.002701495	0.02963849	0.001345965	0.01304122	0.01304122	0.399635	0.350924	0.243559	0.0058809
2067	-74.6605	-89.00203	14.34153	1	1	0	0	0.005497353	0.005497353	0.001909916	0.001909916	0.04398322	0.02071635	0.01304122	0.004429844	0.475964	0.252725	0.264915	0.00639654
2068	-74.5884	-89.67598	15.08758	1	0	1	0	0.009529467	0.009529467	0.003243779	6.675927e-05	0.04398322	0.04398322	0.01773721	0.01075003	0.357084	0.402234	0.235883	0.0047989
2069	-69.92324	-87.29017	17.36693	0	1	0	1	0.005871568	0.0007012304	0.003243779	0.003243779	0.04398322	0.0007354318	0.01773721	0.01773721	0.450306	0.0551168	0.488525	0.00605172
2070	-69.71339	-87.12813	17.41474	0	0	1	1	0.006256494	0.002009181	0.003243779	0.0001813367	0.04257092	0.04257092	0.01773721	0.01773721	0.450306	0.0551168	0.488525	0.00605172
2071	-71.8295	-86.41731	14.5878	0	0	1	1	0.003772896	0.001415458	0.001064888	0.004932592	0.05924617	0.05924617	0.01773721	0.01773721	0.583112	0.071372	0.0891889	0.256327
2072	-75.82309	-87.69641	11.87332	0	1	1	1	0.003811773	0.002818621	0.001064888	0.001064888	0.04872663	0.04872663	0.01773721	0.01773721	0.660395	0.0677424	0.10101	0.170853
2073	-68.93516	-88.21567	19.28051	0	1	1	0	0.006040481	0.0003127461	0.001448801	0.001448801	0.03511553	0.03511553	0.01482182	0.003587237	0.660395	0.0677424	0.10101	0.170853
2074	-77.40922	-94.3087	16.89948	1	1	1	0	0.006040481	0.006040481	0.001448801	0.001448801	0.02973689	0.02973689	0.005043242	0.003139715	0.660395	0.0677424	0.10101	0.170853
2075	-72.72939	-93.21955	20.49016	0	1	1	0	0.008072988	0.00219947	0.0008348153	0.0008348153	0.02003811	0.02003811	0.0107733	0.01248863	0.660395	0.0677424	0.10101	0.170853
2076	-67.25645	-95.01188	27.75543	0	0	0	1	0.006002584	0.002938714	0.0008348153	0.001208868	0.01661751	0.003851091	0.01093303	0.01093303	0.367884	0.373679	0.163261	0.0951765
2077	-71.79136	-96.86709	25.07573	0	0	1	0	0.01230261	0.004702005	0.0004458788	0.002819363	0.01661751	0.01661751	0.01093303	0.009894335	0.505003	0.222166	0.0970648	0.175766
2078	-75.2856	-95.48334	20.19774	0	1	1	0	0.01230261	0.004593991	0.001795317	0.001795317	0.01661751	0.01661751	0.01584386	0.004926687	0.420911	0.185171	0.270204	0.123713
2079	-74.98869	-88.94555	13.95685	0	1	1	1	0.01131966	0.001617597	0.002572617	0.002572617	0.03393859	0.03393859	0.01279268	0.01279268	0.362847	0.168781	0.321276	0.147096
2080	-75.13782	-87.7122	12.57438	0	1	1	1	0.01131966	0.001451961	0.002572617	0.002572617	0.03862273	0.03862273	0.01618203	0.01618203	0.3226	0.15006	0.39656	0.13078
2081	-80.17961	-90.58217	10.40256	1	1	1	1	0.008466569	0.008466569	0.001381244	0.001381244	0.03147492	0.03147492	0.01171205	0.01171205	0.205275	0.240807	0.416547	0.137371
2082	-74.70646	-90.23009	15.52363	1	1	1	0	0.005692329	0.005692329	0.0003664409	0.0003664409	0.03147492	0.03147492	0.01171205	0.004033349	0.172909	0.250614	0.433512	0.142966
2083	-67.31487	-87.15606	19.84119	0	0	1	1	0.005562328	0.0001143124	0.0003664409	0.00015469	0.03798847	0.03798847	0.01393322	0.01393322	0.157978	0.315324	0.396078	0.130621
2084	-69.43959	-87.32795	17.88837	0	1	1	0	0.00705423	0.002361864	0.0009180366	0.0009180366	0.03798847	0.03798847	0.01393322	0.007033951	0.0285244	0.470137	0.306588	0.194751
2085	-74.77399	-88.56196	13.78797	1	1	1	0	0.00705423	0.00705423	0.0009180366	0.0009180366	0.03798847	0.03798847	0.01393322	0.0033132	0.0713548	0.346278	0.438924	0.143443
2086	-74.85255	-88.96453	14.11198	1	1	1	0	0.006447306	0.006447306	0.002306031	0.002306031	0.03798847	0.03798847	0.01295088	0.001661128	0.0279243	0.135514	0.301106	0.535456
2087	-73.22277	-91.33027	18.1075	1	0	0	0	0.006447306	0.006447306	0.002306031	0.005026274	0.04411823	0.0005015278	0.02046246	0.01871162	0.139866	0.0425898	0.0946325	0.722912
2088	-71.52517	-90.41507	18.8899	0	1	0	0	0.009855356	0.0005187771	0.002306031	0.002306031	0.04411823	0.0005004547	0.007283178	0.02851603	0.100953	0.24674	0.0427325	0.609574
2089	-73.01014	-92.4623	19.45216	0	1	0	1	0.006338036	0.003975981	0.002887431	0.002887431	0.03374968	0.0004987174	0.01289492	0.01289492	0.0820062	0.388113	0.0347125	0.495169
2090	-77.31477	-86.52444	9.209674	0	1	1	1	0.006338036	0.003961173	0.002887431	0.002887431	0.06331379	0.06331379	0.01289492	0.01289492	0.0344913	0.640671	0.0847358	0.240102
2091	-77.36781	-85.3358	7.967985	0	1	1	1	0.006338036	0.001874338	0.002887431	0.002887431	0.07250317	0.07250317	0.01289492	0.01289492	0.0254903	0.473478	0.323588	0.177444
2092	-77.26503	-91.7555	14.49047	1	0	1	1	0.002124385	0.002124385	0.0007750594	0.01021625	0.03317824	0.03317824	0.01289492	0.01289492	0.0387751	0.622052	0.0692503	0.269922
2093	-67.04675	-89.45034	22.40358	0	1	0	0	0.005747784	0.003201862	0.002257683	0.002257683	0.03317824	0.01353207	0.01208345	0.002998472	0.0225766	0.362187	0.458076	0.157161
2094	-70.19824	-90.68973	20.49149	0	1	1	0	0.005747784	0.003201862	0.002462912	0.002462912	0.03317824	0.03317824	0.006246987	0.003561965	0.0327833	0.0738343	0.66517	0.228212
2095	-66.74549	-91.99966	25.25416	0	1	0	0	0.00587427	0.0006610774	0.002462912	0.002462912	0.02257316	0.01047765	0.007334395	0.007310589	0.0327833	0.0738343	0.66517	0.228212
2096	-67.03455	-91.27852	24.24398	0	1	0	0	0.007642933	0.00287222	0.001399758	0.001399758	0.02621824	0.01131717	0.007334395	0.00568767	0.218064	0.0215808	0.639518	0.120837
2097	-70.18333	-90.46061	20.27729	0	1	1	0	0.007642933	0.002133898	0.00220641	0.00220641	0.02939335	0.02939335	0.006897003	0.007351374	0.217042	0.0214797	0.636521	0.124958
2098	-73.45356	-89.41863	15.96507	0	1	1	1	0.007642933	0.00208702	0.00220641	0.00220641	0.02939335	0.02939335	0.009424323	0.009424323	0.217042	0.0214797	0.636521	0.124958
2099	-77.47163	-91.35442	13.88279	1	1	1	0	0.009249068	0.009249068	0.001978561	0.001978561	0.02939335	0.02939335	0.01264516	0.009398646	0.183007	0.174923	0.536707	0.105363
2100	-63.61714	-90.43478	26.81764	0	0	1	0	0.005748745	0.0007882762	0.001978561	0.001051753	0.0223803	0.0223803	0.01523505	0.0005681659	0.163021	0.155819	0.478093	0.203067
2101	-74.23387	-91.00762	16.77374	0	1	1	1	0.008348542	0.0007882762	0.003031706	0.003031706	0.02379299	0.02379299	0.01016683	0.01016683	0.163021	0.155819	0.478093	0.203067
2102	-70.27614	-91.02106	20.74492	0	1	0	1	0.008348542	0.000646106	0.003031706	0.003031706	0.024307	0.006449929	0.01016683	0.01016683	0.163021	0.155819	0.478093	0.203067
2103	-75.27792	-88.35836	13.08044	0	1	1	1	0.008348542	0.004352772	0.003031706	0.003031706	0.04135444	0.04135444	0.01016683	0.01016683	0.195969	0.111674	0.441219	0.251139
2104	-75.76271	-89.19976	13.43705	0	1	1	1	0.008297803	0.002419782	0.002455129	0.002455129	0.03066872	0.03066872	0.02137304	0.02137304	0.0797585	0.275809	0.410678	0.233755
2105	-74.73746	-87.85336	13.11589	1	0	1	1	0.007190716	0.007190716	0.001273589	0.002255652	0.04739626	0.04739626	0.008935292	0.008935292	0.0909064	0.12867	0.395925	0.384499
2106	-69.03978	-85.88488	16.8451	0	1	1	0	0.007398691	0.0007980776	0.0009881326	0.0009881326	0.04739626	0.04739626	0.01015146	0.008524712	0.0225731	0.380868	0.501084	0.0954753
2107	-68.79654	-85.81364	17.0171	0	1	1	0	0.007398691	0.0005817974	0.0008448117	0.0008448117	0.04411973	0.04411973	0.01015146	0.011177	0.0299789	0.0905912	0.66548	0.21395
2108	-68.81665	-87.78109	18.96444	0	0	1	1	0.007398691	0.0005817974	0.002954556	0.00491281	0.03713526	0.03713526	0.01015146	0.01015146	0.0190934	0.0846834	0.622081	0.274142
2109	-74.18584	-85.58679	11.40095	0	1	1	1	0.007398691	0.0006732913	0.002954556	0.002954556	0.05584243	0.05584243	0.009992125	0.009992125	0.020158	0.0894051	0.656767	0.23367
2110	-73.76338	-89.63988	15.8765	1	1	0	0	0.005254264	0.005254264	0.002954556	0.002954556	0.05584243	5.68062e-05	0.009994606	0.006695124	0.0153145	0.067923	0.258839	0.657923
2111	-74.52357	-85.77068	11.24711	0	1	1	1	0.007871866	0.001077635	0.002954556	0.002954556	0.05584243	0.05584243	0.009994606	0.009994606	0.0864678	0.064188	0.239804	0.60954
2112	-70.12576	-85.84395	15.71819	0	1	1	0	0.007871866	0.002835222	0.001418144	0.001418144	0.05584243	0.05584243	0.009994606	0.003741057	0.319694	0.117862	0.540221	0.0222221
2113	-69.81809	-90.78481	20.96671	0	0	1	1	0.007871866	0.001065375	0.0004437708	0.007501949	0.02213382	0.02213382	0.01266464	0.01266464	0.394116	0.145299	0.440096	0.0204898
2114	-65.85942	-91.11935	25.25993	0	0	1	0	0.005313142	0.001828507	0.0004437708	0.01062553	0.02213382	0.02213382	0.01266464	0.00365165	0.134732	0.015041	0.825449	0.0247778
2115	-64.79973	-91.89151	27.09178	0	0	0	1	0.005313142	0.001828507	0.000740277	0.001634657	0.02213382	0.001867711	0.01266464	0.01266464	0.519672	0.00546988	0.300186	0.174672
2116	-73.32299	-90.63213	17.30913	0	1	1	1	0.005313142	0.001446801	0.001507473	0.001507473	0.02213382	0.02213382	0.01266464	0.01266464	0.0294919	0.011052	0.60653	0.352927
2117	-70.35755	-92.92264	22.56509	0	1	0	0	0.007507919	0.01050271	0.001091938	0.001091938	0.02694589	0.002743069	0.01486919	0.008415029	0.0244966	0.00917997	0.673176	0.293148
2118	-69.32387	-93.23996	23.91609	0	1	0	0	0.003640476	0.00429162	0.00170216	0.00170216	0.02108948	0.007067372	0.01486919	0.01168764	0.021317	0.00920989	0.67537	0.294103
2119	-75.14288	-86.66212	11.51924	0	1	1	1	0.01113648	0.00429162	0.00170216	0.00170216	0.04768446	0.04768446	0.01136974	0.01136974	0.0326614	0.0141112	0.502609	0.450619
2120	-69.25391	-86.03133	16.77743	0	0	1	1	0.005932837	0.001326153	0.001284619	0.00804662	0.04768446	0.04768446	0.01136974	0.01136974	0.0326614	0.0141112	0.502609	0.450619
2121	-66.59224	-86.74854	20.1563	0	0	1	0	0.007193706	0.001326153	0.003867151	0.003769997	0.04785467	0.04785467	0.01136974	0.01047277	0.0253635	0.0016218	0.390305	0.582709
2122	-68.30722	-90.01919	21.71197	0	0	1	1	0.005166873	0.00117961	0.0002212275	0.003103247	0.02637783	0.02637783	0.01136974	0.01136974	0.0476522	0.00288221	0.0296662	0.919799
2123	-71.03928	-91.38038	20.3411	0	1	1	0	0.005166873	0.0006976292	0.004171212	0.004171212	0.02788714	0.02788714	0.01136974	0.005967358	0.0170274	0.00297489	0.0306202	0.949378
2124	-79.00461	-89.07295	10.06834	1	1	1	1	0.005551159	0.005551159	0.002021766	0.002021766	0.03600388	0.03600388	0.01136974	0.01136974	0.0170274	0.00297489	0.0306202	0.949378
2125	-74.4032	-97.95117	23.54797	0	0	1	1	0.004976998	0.003613337	0.001926364	0.001476471	0.01355354	0.01355354	0.01136974	0.01136974	0.0815725	0.00277955	0.0286096	0.887038
2126	-67.59767	-86.60775	19.01007	0	0	1	1	0.003776565	0.0005699727	0.0008127119	0.001559047	0.04478549	0.04478549	0.01136974	0.01136974	0.0815725	0.00277955	0.0286096	0.887038
2127	-76.36734	-92.94603	16.5787	0	1	1	0	0.002745068	0.0053447	0.006224735	0.006224735	0.04478549	0.04478549	0.01136974	0.006311434	0.888608	0.00326826	0.0336399	0.0744834
2128	-79.04409	-91.60913	12.56504	1	0	1	1	0.002142756	0.002142756	0.006224735	0.001622216	0.04884297	0.04884297	0.01136974	0.01136974	0.536559	0.00197344	0.416493	0.0449745
2129	-64.40168	-92.58328	28.18161	0	0	0	0	0.001917428	0.001953643	0.0007950331	0.001490705	0.04884297	0.003675113	0.006393555	0.004417581	0.536559	0.00197344	0.416493	0.0449745
2130	-76.18992	-88.89801	12.70809	0	1	1	1	0.002392075	0.001953643	0.001103031	0.001103031	0.05413841	0.05413841	0.009797012	0.009797012	0.486719	0.0486253	0.423858	0.0407969
2131	-78.42883	-91.20311	12.77428	1	0	1	1	0.002392075	0.002392075	0.002664872	0.00843083	0.04115739	0.04115739	0.01436039	0.01436039	0.123993	0.65054	0.205671	0.0197961
2132	-80.79727	-90.189	9.391732	1	1	1	1	0.002392075	0.002392075	0.002664872	0.002664872	0.03939948	0.03939948	0.01436039	0.01436039	0.20387	0.180155	0.594519	0.0214558
2133	-68.34713	-91.77273	23.4256	0	0	0	1	0.002290266	0.002897401	0.001840321	0.004746261	0.03939948	0.001619418	0.01436039	0.01436039	0.49977	0.137233	0.339178	0.023819
2134	-74.53134	-89.986	15.45466	1	0	1	0	0.002685439	0.002685439	0.001840321	0.007376643	0.03939948	0.03939948	0.01436039	0.01754848	0.340808	0.154252	0.484195	0.0207445
2135	-77.17014	-92.51994	15.3498	1	0	1	1	0.002685439	0.002685439	0.001840321	0.008900229	0.02648702	0.02648702	0.01436039	0.01436039	0.272736	0.0694969	0.648421	0.00934621
2136	-73.73714	-92.99811	19.26097	1	1	0	0	0.001593418	0.001593418	0.00264894	0.00264894	0.03462069	0.006810734	0.01513765	0.0006269315	0.276765	0.0867459	0.627445	0.00904387
2137	-70.32848	-89.24648	18.91801	0	0	1	1	0.004060943	0.001438281	0.00264894	0.005493659	0.03462069	0.03462069	0.01513765	0.01513765	0.204441	0.135159	0.0906372	0.569763
2138	-72.25156	-89.68729	17.43573	1	0	1	0	0.004060943	0.004060943	0.00264894	0.001689287	0.03490658	0.03490658	0.01513765	0.01343551	0.204441	0.135159	0.0906372	0.569763
2139	-75.36065	-89.57859	14.21794	1	0	1	1	0.004336277	0.004336277	0.00264894	0.001369097	0.03868919	0.03868919	0.01370421	0.01370421	0.61008	0.0737326	0.049445	0.266742
2140	-69.97372	-85.89742	15.9237	0	0	1	1	0.004336277	0.001356272	0.00264894	0.002194825	0.05628728	0.05628728	0.01370421	0.01370421	0.141356	0.0475351	0.0114565	0.799652
2141	-74.91884	-85.0754	10.15656	0	1	1	1	0.008644994	0.001795009	0.00209657	0.00209657	0.05628728	0.05628728	0.01515525	0.01515525	0.277771	0.0399831	0.00963635	0.67261
2142	-72.72363	-93.38263	20.65901	0	0	1	1	0.007579891	0.001795009	0.002302394	0.00663596	0.01788393	0.01788393	0.01724435	0.01724435	0.200414	0.0373388	0.276953	0.485294
2143	-74.48732	-85.6253	11.13798	0	1	0	1	0.007579891	0.0004290356	0.002302394	0.002302394	0.07190695	0.003424923	0.02225925	0.02225925	0.200414	0.0373388	0.276953	0.485294
2144	-78.23518	-87.89319	9.658014	1	0	1	0	0.005386501	0.005386501	0.005235523	0.006343449	0.07133217	0.07133217	0.02225925	0.005811057	0.200414	0.0373388	0.276953	0.485294
2145	-63.97835	-86.61516	22.63681	0	0	1	0	0.003999687	0.0002426222	0.0006866749	0.003526021	0.04579378	0.04579378	0.01265922	0.004757459	0.251666	0.0392815	0.135258	0.573794
2146	-69.60438	-87.83209	18.22771	0	0	1	0	0.003999687	0.00432964	0.0006866749	0.003526021	0.04579378	0.04579378	0.02167497	0.01687507	0.181446	0.307343	0.097518	0.413693
2147	-69.84459	-87.04412	17.19953	0	1	1	0	0.005831844	0.0002628591	0.0005966287	0.0005966287	0.04579378	0.04579378	0.006796315	0.01394854	0.032809	0.0752296	0.0176332	0.874328
2148	-72.97741	-86.22802	13.25061	0	1	1	1	0.005831844	0.000394354	0.00177113	0.00177113	0.04964088	0.04964088	0.008642674	0.008642674	0.04774	0.109466	0.0256579	0.817136
2149	-70.85801	-85.66448	14.80646	0	1	1	0	0.005856411	0.001801436	0.00177113	0.00177113	0.04964088	0.04964088	0.01838809	0.009460522	0.051509	0.118108	0.0276835	0.8027
2150	-75.68041	-87.25452	11.57411	1	1	1	0	0.005856411	0.005856411	0.00177113	0.00177113	0.04964088	0.04964088	0.01838809	0.0002141021	0.357652	0.0676645	0.19222	0.382463
2151	-72.41678	-89.62838	17.21159	0	0	1	1	0.005856411	0.001284547	0.006362814	0.003132404	0.04964088	0.04964088	0.006883896	0.006883896	0.657166	0.0361139	0.102592	0.204129
2152	-62.63714	-89.64615	27.00901	0	0	0	0	0.005856411	0.000328932	0.006362814	0.001743062	0.04964088	0.004496782	0.006883896	0.0008805861	0.657166	0.0361139	0.102592	0.204129
2153	-62.9613	-86.16168	23.20038	0	0	0	0	0.007171334	0.001080445	0.001657664	0.001128656	0.07275389	0.004528401	0.008609012	0.001049564	0.121036	0.140104	0.301329	0.437531
2154	-76.90707	-92.98234	16.07527	1	1	0	1	0.007171334	0.007171334	0.001598614	0.001598614	0.03058645	0.004587788	0.006179451	0.006179451	0.0300795	0.286938	0.61713	0.0658531
2155	-72.30608	-91.48961	19.18353	1	1	0	0	0.005393289	0.005393289	0.001000406	0.001000406	0.03094844	0.004166891	0.007871728	0.01250061	0.0281469	0.351353	0.57748	0.0430192
2156	-66.71926	-92.31173	25.59246	0	1	0	0	0.00312284	0.0007379931	0.002341148	0.002341148	0.0295764	0.004054057	0.007871728	0.007054784	0.0183356	0.577456	0.376184	0.0280237
2157	-67.40725	-94.02248	26.61523	0	0	1	0	0.003625864	0.002347128	0.002341148	0.001782007	0.02189502	0.02189502	0.008049074	0.008868424	0.0181283	0.570928	0.371931	0.0390126
2158	-73.42779	-91.90753	18.47975	0	1	0	1	0.01024376	0.0006047597	0.002341148	0.002341148	0.02189502	0.004228089	0.02659425	0.02659425	0.0663042	0.28791	0.584479	0.061307
2159	-71.05755	-87.75166	16.69411	0	1	0	0	0.009909108	0.001101973	0.002341148	0.002341148	0.0543001	0.009566797	0.02659425	0.001844784	0.129111	0.560635	0.190873	0.119381
2160	-75.7434	-89.23067	13.48727	1	0	1	0	0.008114549	0.008114549	0.001584492	0.01372233	0.04778966	0.04778966	0.02143355	0.001819761	0.129111	0.560635	0.190873	0.119381
2161	-73.85017	-89.12117	15.271	0	1	0	1	0.008114549	0.004124344	0.0006355365	0.0006355365	0.04410841	0.007999734	0.01927869	0.01927869	0.0618656	0.708415	0.0914597	0.13826
2162	-76.17973	-85.70263	9.5229	0	1	1	1	0.007278365	0.0002756154	0.0006355365	0.0006355365	0.07009551	0.07009551	0.009318647	0.009318647	0.0618656	0.708415	0.0914597	0.13826
2163	-74.98352	-84.17736	9.193845	0	1	1	1	0.007278365	0.0002756154	0.0006355365	0.0006355365	0.07009551	0.07009551	0.01120086	0.01120086	0.179787	0.152627	0.26579	0.401795
2164	-64.83621	-88.9999	24.16369	0	1	0	0	0.008564551	0.0008920508	0.002036867	0.002036867	0.04372853	0.0002928967	0.006551932	0.0008648276	0.197758	0.167883	0.292357	0.342003
2165	-73.32941	-92.12065	18.79124	1	0	0	1	0.006863747	0.006863747	0.002036867	0.003052686	0.04372853	0.001891502	0.006551932	0.006551932	0.114833	0.491481	0.195093	0.198593
2166	-74.46028	-88.37872	13.91843	1	0	1	0	0.004747742	0.004747742	0.0008795412	0.007293904	0.06060907	0.06060907	0.006551932	0.01191587	0.114833	0.491481	0.195093	0.198593
2167	-75.93224	-92.06842	16.13618	0	1	1	1	0.004747742	0.003711792	0.0001675736	0.0001675736	0.03507061	0.03507061	0.006077525	0.006077525	0.148786	0.341129	0.252775	0.25731
2168	-77.48595	-94.94827	17.46232	1	0	1	0	0.01048251	0.01048251	0.001647888	0.004732625	0.02751128	0.02751128	0.006077525	0.02127495	0.204746	0.351595	0.347848	0.0958112
2169	-66.56781	-93.01572	26.44791	0	1	0	0	0.004801347	0.002696692	0.001647888	0.001647888	0.02751128	0.005351836	0.006077525	0.001779179	0.204746	0.351595	0.347848	0.0958112
2170	-70.00743	-86.53846	16.53103	0	0	1	0	0.01374883	0.002586153	0.003094293	0.001519769	0.05634431	0.05634431	0.01700132	0.01229631	0.108988	0.187156	0.0933512	0.610505
2171	-71.68024	-86.80283	15.12258	0	0	1	0	0.01374883	0.003461398	0.002458265	0.001934175	0.05634431	0.05634431	0.01700132	0.01969909	0.231799	0.27236	0.157035	0.338807
2172	-70.94653	-88.71651	17.76998	0	1	1	0	0.007014049	0.001159977	0.002458265	0.002458265	0.03223292	0.03223292	0.01700132	0.01010043	0.231799	0.27236	0.157035	0.338807
2173	-72.44181	-91.37802	18.93622	0	1	1	0	0.00330574	0.0001086761	0.004859282	0.004859282	0.03223292	0.03223292	0.01700132	0.005788062	0.257012	0.193213	0.174116	0.375659
2174	-71.01627	-90.27141	19.25514	0	1	1	0	0.005831844	0.0006183037	0.004859282	0.004859282	0.03223292	0.03223292	0.01700132	0.0009280443	0.256346	0.192712	0.176256	0.374686
2175	-78.19204	-87.91979	9.727754	0	1	1	1	0.005784031	0.006398659	0.003439941	0.003439941	0.05034307	0.05034307	0.02046619	0.02046619	0.196359	0.147616	0.213441	0.442585
2176	-76.43022	-87.50837	11.07815	0	1	1	1	0.005784031	0.00374697	0.003439941	0.003439941	0.05484581	0.05484581	0.01089078	0.01089078	0.111658	0.468003	0.220462	0.199877
2177	-65.25451	-89.26836	24.01385	0	0	1	0	0.005784031	0.00254888	0.002731383	0.002463941	0.03353256	0.03353256	0.01559106	0.001136887	0.0637447	0.322266	0.15181	0.46218
2178	-71.63489	-90.33212	18.69723	0	1	0	1	0.009280617	0.000387582	0.002117617	0.002117617	0.03353256	0.01281729	0.006527346	0.006527346	0.0561381	0.28381	0.253024	0.407028
2179	-69.59075	-90.69926	21.10851	0	0	1	1	0.007819501	0.000387582	0.001678193	0.002831583	0.03291032	0.03291032	0.00524314	0.00524314	0.120622	0.24664	0.219886	0.412851
2180	-73.73125	-90.30547	16.57422	0	1	1	1	0.007819501	0.000387582	0.0009090973	0.0009090973	0.03291032	0.03291032	0.00524314	0.00524314	0.0794726	0.261535	0.386984	0.272009
2181	-69.83579	-91.19758	21.36179	0	0	1	1	0.007819501	0.0003192568	0.002742132	0.0003872018	0.03291032	0.03291032	0.00524314	0.00524314	0.114803	0.377804	0.114458	0.392935
2182	-73.33518	-88.7088	15.37362	0	1	1	1	0.00777949	9.835653e-05	0.0008060998	0.0008060998	0.03873326	0.03873326	0.006719955	0.006719955	0.17599	0.360141	0.10464	0.359228
2183	-73.62023	-93.53612	19.91589	1	0	1	0	0.00777949	0.00777949	0.004386629	0.001578084	0.03714486	0.03714486	0.004507489	0.002295645	0.241235	0.493656	0.143433	0.121676
2184	-71.68101	-91.57839	19.89738	0	1	1	0	0.00777949	0.00109242	0.002367086	0.002367086	0.03714486	0.03714486	0.004507489	0.004906748	0.325171	0.426149	0.123819	0.124861
2185	-67.96861	-90.59675	22.62813	0	0	1	0	0.00777949	0.0003059594	0.0005286035	0.006079679	0.03714486	0.03714486	0.004507489	0.01536904	0.286147	0.375007	0.108959	0.229886
2186	-68.08974	-91.24023	23.15049	0	1	0	0	0.008939661	0.0003786973	0.001085644	0.001085644	0.04222153	0.01127683	0.004507489	0.0003173653	0.286147	0.375007	0.108959	0.229886
2187	-69.12189	-90.03605	20.91416	0	1	0	0	0.008292131	0.0002708592	0.002803698	0.002803698	0.04222153	0.001202427	0.004507489	0.02222106	0.122447	0.161459	0.617722	0.0983717
2188	-73.89882	-87.91761	14.01878	0	1	1	0	0.008292131	0.001565846	0.002803698	0.002803698	0.03721968	0.03721968	0.01240455	0.02913815	0.0783507	0.48347	0.395265	0.0429135
2189	-69.58704	-88.30535	18.71831	0	0	1	1	0.008292131	0.002404056	0.002803698	0.001418321	0.03721968	0.03721968	0.01240455	0.01240455	0.263072	0.386571	0.316044	0.0343126
2190	-68.13829	-88.14035	20.00206	0	0	1	1	0.008292131	0.002404056	0.0004795756	0.001632013	0.03198698	0.03198698	0.01240455	0.01240455	0.246608	0.103932	0.585855	0.0636056
2191	-74.54636	-92.42981	17.88346	1	1	0	0	0.007590501	0.007590501	0.001007531	0.001007531	0.02585471	0.01562344	0.01240455	0.006837123	0.346074	0.27793	0.286736	0.0892602
2192	-65.56909	-89.20383	23.63474	0	0	1	0	0.007590501	0.003221752	0.00239989	0.003521591	0.03437279	0.03437279	0.01240455	0.002446177	0.33246	0.266997	0.241503	0.15904
2193	-65.7949	-87.98445	22.18955	0	0	0	1	0.007590501	0.0007345825	0.00239989	0.003893718	0.04164852	0.0055521	0.01240455	0.01240455	0.134013	0.210734	0.208975	0.446277
2194	-80.40629	-90.91916	10.51287	0	1	1	1	0.01315729	0.0007345825	0.008066075	0.008066075	0.05023157	0.05023157	0.009751472	0.009751472	0.134013	0.210734	0.208975	0.446277
2195	-78.55994	-90.62502	12.06508	1	0	1	1	0.004032287	0.004032287	0.008066075	0.0008706992	0.05023157	0.05023157	0.00986161	0.00986161	0.166051	0.0220499	0.258933	0.552966
2196	-69.88814	-85.80215	15.91401	0	1	1	0	0.01085926	0.000357301	0.001140001	0.001140001	0.05137207	0.05137207	0.00986161	0.006993008	0.0503146	0.229061	0.0784585	0.642166
2197	-70.78028	-88.81489	18.03461	0	0	1	1	0.007776468	0.000357301	0.0002956642	0.01268511	0.03001271	0.03001271	0.01732597	0.01732597	0.0503146	0.229061	0.0784585	0.642166
2198	-68.63681	-85.69613	17.05933	0	1	1	0	0.007776468	0.0003811592	0.001558444	0.001558444	0.04988832	0.04988832	0.009636379	0.004791166	0.0636791	0.0242846	0.0992985	0.812738
2199	-71.03093	-86.9207	15.88977	0	1	0	1	0.007776468	0.0002897312	0.001558444	0.001558444	0.04934549	0.0001904574	0.02156129	0.02156129	0.172656	0.0658439	0.158152	0.603349
2200	-62.87126	-87.91362	25.04236	0	0	1	0	0.006313537	0.000641076	0.001558444	0.002145023	0.0336809	0.0336809	0.01291567	0.00065094	0.354159	0.135062	0.324407	0.186373
2201	-81.8041	-91.38744	9.583337	1	1	0	1	0.006313537	0.006313537	0.001949002	0.001949002	0.0336809	0.0189075	0.02640702	0.02640702	0.542877	0.0955958	0.229613	0.131913
2202	-68.38805	-88.79856	20.41051	0	0	1	0	0.004372258	0.0009616987	0.001949002	0.005048531	0.0336809	0.0336809	0.01998843	0.01839926	0.180567	0.2704	0.505157	0.0438759
2203	-77.49441	-90.67757	13.18315	1	1	0	1	0.004143806	0.004143806	0.001949002	0.001949002	0.0336809	0.006904632	0.01998843	0.01998843	0.0790135	0.515175	0.322217	0.0835939
2204	-74.41977	-87.76819	13.34842	0	0	1	1	0.004143806	0.009574462	0.001949002	0.0007995658	0.05880329	0.05880329	0.01998843	0.01998843	0.0525128	0.342388	0.214148	0.390951
2205	-73.95764	-86.28541	12.32777	0	1	1	1	0.00908917	0.0005393062	0.002359714	0.002359714	0.05144415	0.05144415	0.008127301	0.008127301	0.0471254	0.0539653	0.192178	0.706731
2206	-70.84851	-85.92634	15.07782	0	0	1	1	0.00908917	0.003782853	0.002359714	0.002877438	0.05144415	0.05144415	0.01581296	0.01581296	0.0597289	0.0683982	0.243575	0.628298
2207	-70.55357	-89.26045	18.70689	0	0	1	1	0.007271853	0.001609913	0.002359714	0.004571403	0.0288252	0.0288252	0.01996969	0.01996969	0.10659	0.122061	0.434675	0.336674
2208	-75.40397	-89.6546	14.25063	0	1	1	1	0.007271853	0.0008231543	0.002359714	0.002359714	0.0288252	0.0288252	0.02128079	0.02128079	0.217533	0.411574	0.209007	0.161885
2209	-79.14929	-91.9898	12.84051	1	0	1	1	0.007655916	0.007655916	0.001112718	0.009752093	0.0288252	0.0288252	0.02128079	0.02128079	0.217533	0.411574	0.209007	0.161885
2210	-76.88673	-90.13764	13.25091	1	0	1	1	0.00563341	0.00563341	0.001221508	0.003435764	0.03470773	0.03470773	0.02128079	0.02128079	0.432122	0.319796	0.122296	0.125786
2211	-68.81656	-91.11033	22.29377	0	0	0	1	0.005188528	0.003953349	0.0005183501	0.004067977	0.03331205	0.005306662	0.02128079	0.02128079	0.597278	0.059823	0.169038	0.173861
2212	-59.1894	-88.01552	28.82612	0	0	0	0	0.00718683	0.001341266	0.0005183501	0.002575251	0.03331205	0.008040118	0.0127913	3.420193e-05	0.266906	0.0267331	0.628668	0.0776932
2213	-65.18663	-88.46922	23.28259	0	0	1	0	0.01283074	0.0002344029	0.002567401	0.002973766	0.04069317	0.04069317	0.008278161	0.000393944	0.217473	0.0482341	0.512234	0.222059
2214	-73.57736	-90.06009	16.48274	0	1	1	1	0.00918508	0.0002344029	0.002567401	0.002567401	0.02752788	0.02752788	0.008278161	0.008278161	0.182295	0.0504024	0.535261	0.232041
2215	-66.81276	-89.65753	22.84477	0	1	0	0	0.00918508	6.304816e-05	0.002567401	0.002567401	0.02852652	0.01887503	0.008278161	0.002980733	0.12334	0.0341021	0.685559	0.156999
2216	-74.76108	-91.28883	16.52775	0	1	1	1	0.00918508	0.001397096	0.002567401	0.002567401	0.02852652	0.02852652	0.005859354	0.005859354	0.12334	0.0341021	0.685559	0.156999
2217	-67.96352	-91.45717	23.49364	0	0	1	0	0.00918508	0.005274794	0.0001650192	0.009067721	0.03216712	0.03216712	0.005859354	0.005045277	0.0874537	0.0373582	0.751016	0.124172
2218	-69.22659	-87.69011	18.46352	0	0	1	0	0.005617662	0.005274794	0.002865642	0.009067721	0.06027529	0.06027529	0.009586955	0.002848917	0.0874537	0.0373582	0.751016	0.124172
2219	-64.95467	-90.13281	25.17814	0	0	1	0	0.01059794	0.001119297	0.00160431	0.003451394	0.02565132	0.02565132	0.009586955	0.005117716	0.0874537	0.0373582	0.751016	0.124172
2220	-69.55329	-88.17836	18.62508	0	1	1	0	0.01059794	0.0018669	0.00160431	0.00160431	0.03547191	0.03547191	0.009586955	0.005947724	0.0490366	0.214352	0.624527	0.112085
2221	-71.60118	-94.1285	22.52733	0	0	1	1	0.01090101	0.00170298	0.00160431	0.002836611	0.01612274	0.01612274	0.009586955	0.009586955	0.0732803	0.125193	0.634027	0.167499
2222	-66.87033	-88.82988	21.95956	0	0	1	0	0.01090101	0.002338087	0.00361724	0.003987136	0.03970903	0.03970903	0.009586955	0.005399958	0.134186	0.116965	0.592358	0.156491
2223	-72.40972	-87.28718	14.87746	0	1	1	0	0.01105403	0.002338087	0.00361724	0.00361724	0.05122144	0.05122144	0.009586955	0.00869461	0.117584	0.102494	0.642794	0.137129
2224	-73.08088	-87.36065	14.27977	0	1	0	1	0.01064741	0.0001735718	0.00361724	0.00361724	0.04906408	0.01684194	0.009586955	0.009586955	0.101298	0.0719932	0.451508	0.375201
2225	-69.43467	-87.45104	18.01637	0	1	1	0	0.008517263	3.781892e-05	0.0005742916	0.0005742916	0.03165151	0.03165151	0.01661016	0.01116656	0.194488	0.0645279	0.40469	0.336295
2226	-67.56584	-88.11101	20.54516	0	0	0	1	0.008517263	0.0014771	0.0005742916	0.001096564	0.03165151	0.02370298	0.01661016	0.01661016	0.0333366	0.276028	0.377191	0.313444
2227	-76.13883	-87.67106	11.53224	0	1	1	1	0.01106973	0.0014771	0.004282879	0.004282879	0.04267026	0.04267026	0.01661016	0.01661016	0.0179188	0.148368	0.665234	0.168479
2228	-70.49591	-88.46036	17.96445	0	0	1	1	0.006137384	0.0009905551	0.004282879	0.004667725	0.04267026	0.04267026	0.01010576	0.01010576	0.0440349	0.364611	0.17732	0.414034
2229	-71.7076	-89.33134	17.62374	0	1	1	0	0.01240087	0.001894257	0.002994147	0.002994147	0.04267026	0.04267026	0.01009053	0.0007533723	0.0657386	0.544319	0.0597165	0.330226
2230	-70.69392	-88.41969	17.72578	0	1	1	0	0.01362963	0.0002494115	0.002994147	0.002994147	0.04267026	0.04267026	0.01009053	0.0005858241	0.100037	0.154384	0.243064	0.502515
2231	-75.00995	-88.35693	13.34698	0	1	1	1	0.01158861	0.0001056909	0.003478517	0.003478517	0.04267026	0.04267026	0.007886595	0.007886595	0.144446	0.101598	0.517878	0.236077
2232	-72.35866	-88.35857	15.99992	0	0	1	1	0.0126842	0.0001056909	0.003430101	0.005264749	0.0507205	0.0507205	0.007886595	0.007886595	0.184656	0.351497	0.162053	0.301795
2233	-66.24508	-91.62887	25.38379	0	0	0	1	0.00488174	0.0001056909	0.003430101	0.0001827107	0.02835457	0.01133003	0.007667731	0.007667731	0.344595	0.437731	0.20181	0.0158632
2234	-69.01308	-90.51229	21.49921	0	1	0	0	0.006811414	0.0003374625	0.003430101	0.003430101	0.02835457	0.002635859	0.01735416	0.01924905	0.297921	0.167028	0.174476	0.360576
2235	-69.24983	-86.02887	16.77903	0	0	1	1	0.006811414	0.0003374625	0.0005882089	0.004144423	0.05584136	0.05584136	0.007912368	0.007912368	0.200869	0.286237	0.298999	0.213895
2236	-75.71475	-91.12392	15.40917	1	1	1	0	0.006811414	0.006811414	0.0005882089	0.0005882089	0.02801539	0.02801539	0.01324118	0.005277629	0.164326	0.234165	0.23747	0.364039
2237	-75.95477	-93.78102	17.82625	0	1	0	1	0.01190165	0.004653862	0.00432445	0.00432445	0.02801539	0.001860344	0.0188894	0.0188894	0.127205	0.407166	0.183826	0.281803
2238	-70.53286	-90.77656	20.2437	0	0	1	1	0.003712565	0.001780912	0.00167448	0.001744357	0.02801539	0.02801539	0.0188894	0.0188894	0.127205	0.407166	0.183826	0.281803
2239	-74.72644	-89.99458	15.26815	0	1	1	1	0.003712565	0.0006034051	0.00167448	0.00167448	0.02801539	0.02801539	0.02073463	0.02073463	0.0798304	0.255525	0.487793	0.176852
2240	-73.23294	-88.06288	14.82994	0	1	1	1	0.007176512	0.001352402	0.00167448	0.00167448	0.03830527	0.03830527	0.008738388	0.008738388	0.115999	0.371297	0.255725	0.256978
2241	-84.71954	-88.07134	3.351802	1	1	1	0	0.007176512	0.007176512	0.005672647	0.005672647	0.09763844	0.09763844	0.01142737	0.0009878083	0.11057	0.333285	0.243756	0.312389
2242	-84.13702	-86.74445	2.607433	0	1	1	1	0.007176512	0.001795012	0.005672647	0.005672647	0.09763844	0.09763844	0.014878	0.014878	0.132986	0.40085	0.454459	0.0117047
2243	-67.37067	-91.39571	24.02504	0	0	0	1	0.007176512	0.001795012	0.003737906	0.001225115	0.02268331	0.01222887	0.014878	0.014878	0.142962	0.355903	0.488552	0.0125827
2244	-72.55017	-92.97927	20.42909	0	1	1	0	0.003274721	0.001795012	0.003737906	0.003737906	0.02376293	0.02376293	0.014878	0.00730807	0.140837	0.350613	0.481291	0.0272589
2245	-80.62691	-92.08991	11.463	1	1	1	1	0.003274721	0.003274721	0.0004265199	0.0004265199	0.02456199	0.02456199	0.01870576	0.01870576	0.124508	0.309961	0.425487	0.140045
2246	-76.04225	-91.6354	15.59315	1	1	1	0	0.005915951	0.005915951	0.0004265199	0.0004265199	0.02456199	0.02456199	0.01711575	0.004861239	0.130131	0.323961	0.444705	0.101202
2247	-69.74431	-90.50998	20.76567	0	1	0	1	0.003401368	0.001284872	0.001549067	0.001549067	0.02764612	0.002902876	0.0160471	0.0160471	0.184721	0.0708167	0.600806	0.143656
2248	-73.98578	-88.73843	14.75265	0	1	1	1	0.002867202	0.00159842	0.001549067	0.001549067	0.03656655	0.03656655	0.01510791	0.01510791	0.039748	0.0086292	0.611564	0.340059
2249	-70.99918	-89.64426	18.64508	0	0	0	1	0.002867202	0.00202725	0.002089764	0.006179864	0.03656655	0.0296599	0.01510791	0.01510791	0.0375912	0.0624222	0.57838	0.321607
2250	-69.41679	-86.75896	17.34217	0	1	1	0	0.005971414	0.001815401	0.002089764	0.002089764	0.0401904	0.0401904	0.0132194	0.009127694	0.0375912	0.0624222	0.57838	0.321607
2251	-63.85382	-84.42059	20.56677	0	0	1	0	0.0107781	0.0002308194	0.001436645	0.0001871186	0.05726769	0.05726769	0.0133895	0.000216394	0.0390873	0.0854334	0.435316	0.440163
2252	-65.16655	-84.93599	19.76944	0	0	1	0	0.007103748	0.0007879159	0.001436645	0.001994114	0.05726769	0.05726769	0.0133895	0.006087449	0.0258601	0.480737	0.37779	0.115614
2253	-73.66344	-92.44144	18.778	0	0	1	1	0.01243582	0.0073676	0.001436645	8.348919e-05	0.02948794	0.02948794	0.0133895	0.0133895	0.0372222	0.691957	0.104411	0.16641
2254	-69.79702	-86.90351	17.10649	0	0	1	1	0.01243582	0.0002849176	0.001331266	0.001933107	0.04576701	0.04576701	0.01201002	0.01201002	0.0502173	0.584412	0.140863	0.224508
2255	-73.01156	-84.54337	11.53181	0	1	1	1	0.007721727	0.0002849176	0.001331266	0.001331266	0.05476462	0.05476462	0.01201002	0.01201002	0.111528	0.0770196	0.312842	0.49861
2256	-76.07449	-86.67622	10.60173	1	0	1	1	0.003948814	0.003948814	9.97827e-05	0.003770089	0.05476462	0.05476462	0.01884938	0.01884938	0.450273	0.016947	0.423068	0.109712
2257	-81.81752	-87.52298	5.705457	1	1	0	1	0.003948814	0.003948814	9.751651e-05	9.751651e-05	0.05476462	0.03177938	0.01884938	0.01884938	0.405944	0.0357628	0.459383	0.0989108
2258	-77.86874	-86.66186	8.793121	1	1	1	0	0.008598355	0.008598355	0.002326859	0.002326859	0.05476462	0.05476462	0.01884938	0.00723885	0.0569218	0.016026	0.882729	0.0443237
2259	-68.97491	-85.90169	16.92677	0	1	0	1	0.008598355	0.001697409	0.002326859	0.002326859	0.04945304	0.000410085	0.01230439	0.01230439	0.00322688	0.0174611	0.96178	0.0175315
2260	-63.78095	-89.16039	25.37944	0	1	0	0	0.00760096	0.002406363	0.002326859	0.002326859	0.02919722	0.0006837233	0.01230439	0.00145794	0.00322688	0.0174611	0.96178	0.0175315
2261	-64.75652	-89.30929	24.55277	0	0	1	0	0.00760096	0.002406363	0.002326859	0.001241861	0.02919722	0.02919722	0.01572787	0.002204941	0.0580307	0.314013	0.312678	0.315278
2262	-64.95744	-87.15088	22.19344	0	0	0	0	0.00760096	0.005355335	0.0007835915	0.001204312	0.06944677	0.001804354	0.01105633	0.006487111	0.0500315	0.270728	0.407422	0.271819
2263	-65.62861	-88.41516	22.78655	0	1	0	0	0.008279246	0.002373753	0.0007835915	0.0007835915	0.03756676	0.001822647	0.01105633	0.008926652	0.0404021	0.250425	0.329007	0.380166
2264	-67.84833	-87.51032	19.66198	0	0	1	1	0.008279246	0.001181871	0.0007835915	0.0005334744	0.03756676	0.03756676	0.01079962	0.01079962	0.0532032	0.32977	0.116408	0.500619
2265	-72.07588	-88.63996	16.56407	1	0	1	0	0.009363987	0.009363987	0.0005089872	0.004422804	0.04779558	0.04779558	0.01079962	0.003973841	0.0790979	0.490274	0.173065	0.257563
2266	-75.95252	-87.59153	11.63901	1	1	1	0	0.004410963	0.004410963	0.0009528947	0.0009528947	0.05738927	0.05738927	0.009809245	0.002936993	0.0790979	0.490274	0.173065	0.257563
2267	-69.65851	-88.95297	19.29446	0	1	1	0	0.004410963	0.000265196	0.0005342213	0.0005342213	0.035812	0.035812	0.01994256	0.0002818963	0.425659	0.28883	0.101956	0.183555
2268	-70.05391	-92.09316	22.03925	1	0	0	0	0.004410963	0.004410963	0.001420755	0.004386156	0.035812	0.008657165	0.01994256	0.000453983	0.271272	0.0409408	0.0649765	0.62281
2269	-72.65635	-87.89395	15.2376	0	1	1	1	0.003998144	0.0004013399	0.001420755	0.001420755	0.035812	0.035812	0.01328294	0.01328294	0.148753	0.0489485	0.0576709	0.744628
2270	-65.51575	-85.87051	20.35476	0	0	1	0	0.004871038	0.0001565702	0.001420755	0.006452	0.04974618	0.04974618	0.01328294	0.00878948	0.176892	0.0582078	0.0685802	0.69632
2271	-69.17778	-86.29559	17.11781	0	0	1	1	0.004871038	0.001872328	0.002268038	0.001656876	0.04974618	0.04974618	0.01328294	0.01328294	0.164206	0.125747	0.063662	0.646385
2272	-70.30124	-88.51314	18.2119	0	1	1	0	0.004871038	0.004640714	0.0005049274	0.0005049274	0.03958148	0.03958148	0.01328294	0.004558037	0.164206	0.125747	0.063662	0.646385
2273	-73.40643	-88.66993	15.2635	0	1	1	1	0.006845347	0.0005746476	0.001694957	0.001694957	0.03958148	0.03958148	0.006070634	0.006070634	0.124168	0.149007	0.326568	0.400257
2274	-72.27021	-89.87655	17.60634	0	0	1	1	0.007982653	0.0005746476	0.001694957	0.0149986	0.03958148	0.03958148	0.006070634	0.006070634	0.0524606	0.161206	0.353306	0.433027
2275	-69.51656	-92.18253	22.66597	0	1	1	0	0.007982653	0.001878815	0.001694957	0.001694957	0.02338047	0.02338047	0.006961647	6.30125e-05	0.0629282	0.193372	0.423802	0.319898
2276	-72.47106	-87.08449	14.61343	0	1	1	0	0.006230481	0.006713063	0.001694957	0.001694957	0.04914006	0.04914006	0.01914727	0.005096815	0.0758801	0.233173	0.305208	0.385739
2277	-80.59503	-86.94554	6.350518	1	1	1	1	0.006230481	0.006230481	0.001694957	0.001694957	0.04914006	0.04914006	0.01914727	0.01914727	0.0284131	0.366357	0.460791	0.144439
2278	-82.29656	-87.78212	5.485564	1	1	1	1	0.006230481	0.006230481	0.001694957	0.001694957	0.04974541	0.04974541	0.02348952	0.02348952	0.0428584	0.552614	0.186655	0.217872
2279	-75.93029	-87.66078	11.73049	1	0	1	1	0.003440918	0.003440918	0.001694957	0.00585993	0.04974541	0.04974541	0.01423488	0.01423488	0.0228488	0.294611	0.566387	0.116153
2280	-76.65804	-89.94462	13.28658	1	0	1	1	0.003440918	0.003440918	0.003453185	0.001727351	0.04974541	0.04974541	0.007708315	0.007708315	0.446611	0.161507	0.310495	0.0813864
2281	-75.8597	-87.78763	11.92793	1	0	1	1	0.003440918	0.003440918	0.0006559494	0.007828008	0.04974541	0.04974541	0.01217644	0.01217644	0.386003	0.106106	0.289003	0.218888
2282	-77.02817	-87.194	10.16583	1	1	1	0	0.008931266	0.008931266	0.0006559494	0.0006559494	0.05059501	0.05059501	0.01217644	0.01156743	0.0263612	0.192549	0.383878	0.397212
2283	-72.72995	-87.04877	14.31882	0	1	1	0	0.008949869	0.007173124	0.0002877889	0.0002877889	0.05059501	0.05059501	0.0185318	0.004170248	0.0904762	0.213924	0.254291	0.441309
2284	-73.48307	-85.4632	11.98013	0	1	1	1	0.008949869	0.0009391055	0.001314924	0.001314924	0.05222959	0.05222959	0.01011467	0.01011467	0.0904762	0.213924	0.254291	0.441309
2285	-76.99738	-91.92888	14.9315	1	0	1	1	0.01098513	0.01098513	0.001314924	0.00150983	0.03055363	0.03055363	0.0123026	0.0123026	0.0798313	0.188755	0.342027	0.389387
2286	-69.51029	-90.70692	21.19663	0	1	1	0	0.005906768	0.0007786768	0.001087414	0.001087414	0.03055363	0.03055363	0.005765119	0.006274658	0.0614444	0.145281	0.263251	0.530024
2287	-75.53586	-92.2485	16.71264	1	0	1	0	0.005906768	0.005906768	0.002984008	0.01265407	0.03055363	0.03055363	0.02170163	0.002214885	0.226273	0.119767	0.217019	0.436942
2288	-77.49794	-89.73108	12.23314	1	1	1	0	0.005906768	0.005906768	0.0004793328	0.0004793328	0.03420496	0.03420496	0.02170163	0.009808231	0.396626	0.209935	0.374818	0.018621
2289	-72.1015	-84.54657	12.44507	0	1	1	0	0.005906768	0.00107349	0.0004793328	0.0004793328	0.07083505	0.07083505	0.02170163	0.000429554	0.0677924	0.172914	0.0833881	0.675906
2290	-72.46343	-90.61628	18.15284	1	0	1	0	0.005906768	0.005906768	0.001217238	0.005931032	0.03117963	0.03117963	0.02170163	0.001840654	0.0677924	0.172914	0.0833881	0.675906
2291	-68.23169	-88.59449	20.3628	0	0	1	1	0.006923878	0.0007478383	0.002702488	0.0009279066	0.03117963	0.03117963	0.01265411	0.01265411	0.0545127	0.139042	0.187847	0.618598
2292	-73.8707	-89.87836	16.00767	0	1	1	1	0.007596154	0.001389778	0.000243686	0.000243686	0.03438343	0.03438343	0.006897313	0.006897313	0.0545127	0.139042	0.187847	0.618598
2293	-63.88081	-87.50845	23.62765	0	0	1	0	0.007855613	0.001389778	0.0004464117	0.004811354	0.03438343	0.03438343	0.01692943	0.0001818203	0.0861104	0.163649	0.296731	0.453509
2294	-65.75855	-89.06686	23.30831	0	1	0	0	0.007730352	0.001768561	0.003130307	0.003130307	0.03438343	0.009873705	0.01080392	0.0001342015	0.0594503	0.112983	0.514466	0.313101
2295	-69.57798	-87.35124	17.77327	0	1	0	1	0.007730352	0.0002021116	0.003130307	0.003130307	0.039511	0.002540507	0.01683388	0.01683388	0.0761445	0.144709	0.443306	0.33584
2296	-67.10624	-86.67087	19.56463	0	1	1	0	0.006934515	0.0002021116	0.001502725	0.001502725	0.039511	0.039511	0.01066189	0.0008891814	0.0761445	0.144709	0.443306	0.33584
2297	-63.53513	-87.29713	23.762	0	0	0	0	0.006934515	0.0009661962	0.002116116	0.002193683	0.039511	0.02355824	0.01066189	0.008824821	0.0774126	0.147119	0.45069	0.324778
2298	-69.69888	-92.59571	22.89683	0	0	0	1	0.006934515	0.002336692	0.002116116	0.002449907	0.02290858	0.0241035	0.00932886	0.00932886	0.151225	0.163287	0.0510359	0.634452
2299	-76.41583	-93.25979	16.84396	0	1	1	1	0.006934515	0.004438661	0.002116116	0.002116116	0.02290858	0.02290858	0.00932886	0.00932886	0.0476172	0.207149	0.0647452	0.680489
2300	-74.3091	-87.40701	13.09791	0	1	1	1	0.01144087	0.0006700853	0.002116116	0.002116116	0.04359841	0.04359841	0.00932886	0.00932886	0.0476172	0.207149	0.0647452	0.680489
2301	-78.74084	-85.43463	6.693791	0	1	1	1	0.01144087	0.006616306	0.002116116	0.002116116	0.07002958	0.07002958	0.01358349	0.01358349	0.0456132	0.0818015	0.0758094	0.796776
2302	-74.34549	-85.73411	11.38862	0	1	1	0	0.01185712	0.007405533	0.002116116	0.002116116	0.07002958	0.07002958	0.01358349	0.001476935	0.0269529	0.0483366	0.453895	0.470816
2303	-75.46514	-90.56795	15.10282	1	0	1	1	0.006983443	0.006983443	0.00150399	0.005633672	0.02923713	0.02923713	0.01232793	0.01232793	0.0269529	0.0483366	0.453895	0.470816
2304	-76.82954	-94.60267	17.77313	1	1	0	1	0.004353803	0.004353803	0.000583943	0.000583943	0.02002591	0.003120224	0.01232793	0.01232793	0.429373	0.0587088	0.183241	0.328677
2305	-76.70505	-93.74824	17.04319	1	1	1	0	0.004353803	0.004353803	0.001297999	0.001297999	0.02002591	0.02002591	0.01374247	0.005166945	0.551414	0.0753957	0.235324	0.137866
2306	-75.95658	-93.11153	17.15495	1	0	1	1	0.004353803	0.004353803	0.001490051	0.003417969	0.02094355	0.02094355	0.01374247	0.01374247	0.389946	0.113781	0.355134	0.141139
2307	-70.11604	-92.05377	21.93773	0	0	1	1	0.004353803	0.0005439272	0.00334369	0.003199703	0.02094355	0.02094355	0.01374247	0.01374247	0.204583	0.0963097	0.62506	0.0740476
2308	-68.73859	-89.18167	20.44308	0	1	1	0	0.007483581	0.0009153431	0.00131361	0.00131361	0.03130297	0.03130297	0.01184058	0.001820576	0.092445	0.699962	0.148635	0.0589575
2309	-67.06148	-90.55054	23.48906	0	0	0	1	0.007483581	0.0006698926	0.0002361636	0.003379455	0.02590393	0.004840501	0.02427706	0.02427706	0.0613203	0.464296	0.435276	0.0391074
2310	-76.05053	-91.738	15.68748	1	1	0	1	0.004242472	0.004242472	0.0002361636	0.0002361636	0.02652297	0.002741434	0.01859883	0.01859883	0.0925044	0.312638	0.535863	0.0589953
2311	-76.84636	-91.21729	14.37092	1	1	0	1	0.004242472	0.004242472	0.004744937	0.004744937	0.04082521	0.001146152	0.008913872	0.008913872	0.0296793	0.029046	0.880384	0.0608905
2312	-72.58662	-89.14383	16.55721	0	1	0	1	0.005818143	0.002383763	0.004744937	0.004744937	0.04082521	0.001128806	0.02200324	0.02200324	0.0997456	0.0269486	0.816812	0.0564936
2313	-66.80653	-87.98111	21.17458	0	0	1	0	0.005818143	0.0007259566	0.004744937	0.001965436	0.04082521	0.04082521	0.01809858	0.007851291	0.190566	0.0514857	0.209147	0.548802
2314	-68.27639	-87.55326	19.27687	0	0	1	0	0.005079902	0.001108387	0.004744937	0.001965436	0.04651629	0.04651629	0.01412079	0.01734887	0.258499	0.10331	0.604465	0.0337254
2315	-68.67516	-87.75345	19.0783	0	0	1	0	0.005079902	0.005339912	0.0003604336	0.002295458	0.04651629	0.04651629	0.008764006	0.02366443	0.259365	0.109716	0.59708	0.0338384
2316	-74.32924	-86.89343	12.56419	1	0	1	1	0.005079902	0.005079902	0.000262403	0.002572798	0.04651629	0.04651629	0.01577588	0.01577588	0.259365	0.109716	0.59708	0.0338384
2317	-75.51255	-94.39902	18.88647	1	0	1	1	0.005079902	0.005079902	0.000262403	0.001639132	0.01924059	0.01924059	0.00782138	0.00782138	0.10097	0.0874209	0.784647	0.0269622
2318	-74.42844	-97.76513	23.33669	1	0	0	1	0.005079902	0.005079902	0.000931069	0.005863348	0.01924059	0.0007342015	0.006275888	0.006275888	0.396345	0.343159	0.15466	0.105837
2319	-66.21812	-94.68064	28.46252	0	0	0	1	0.005079902	0.002684192	0.001381951	0.002944085	0.01924059	0.0007354038	0.006275888	0.006275888	0.118621	0.102703	0.747	0.0316756
2320	-74.82092	-88.29565	13.47474	0	1	1	1	0.005079902	0.002259122	0.001381951	0.001381951	0.05000204	0.05000204	0.006275888	0.006275888	0.152877	0.284956	0.521344	0.040823
2321	-76.34267	-90.15122	13.80855	1	0	1	1	0.004101107	0.004101107	0.001381951	0.001328484	0.05000204	0.05000204	0.006275888	0.006275888	0.265871	0.49557	0.198367	0.0401926
2322	-66.37211	-90.61224	24.24013	0	0	1	0	0.004101107	0.001011266	0.001382534	0.00170008	0.02561008	0.02561008	0.01867893	0.0100104	0.318628	0.26005	0.350338	0.0709846
2323	-75.47319	-91.5399	16.06671	1	1	1	0	0.004101107	0.004101107	0.001382534	0.001382534	0.02561008	0.02561008	0.01867893	0.0003999993	0.1778	0.313797	0.422747	0.0856559
2324	-63.62764	-90.0775	26.44986	0	0	1	0	0.005423948	0.0003607894	0.003502093	0.0008500251	0.02561008	0.02561008	0.01362619	0.0004814529	0.141555	0.24983	0.54042	0.0681951
2325	-77.91862	-92.95622	15.0376	1	1	1	0	0.0034332	0.0034332	0.003502093	0.003502093	0.02561008	0.02561008	0.02155523	0.001958603	0.138516	0.244465	0.481051	0.135968
2326	-73.12932	-85.68525	12.55593	0	0	1	1	0.0034332	0.0003090662	4.282682e-05	0.006156977	0.06829438	0.06829438	0.02155523	0.02155523	0.205034	0.153774	0.302591	0.338602
2327	-71.66258	-86.15086	14.48828	0	0	1	1	0.005085	0.002557767	5.159783e-05	0.007079556	0.05240934	0.05240934	0.02155523	0.02155523	0.351064	0.10805	0.212618	0.328267
2328	-68.14127	-89.95523	21.81396	0	0	1	0	0.005085	0.0005131175	5.159783e-05	0.007883906	0.02955824	0.02955824	0.007611626	0.02566876	0.311467	0.134621	0.217739	0.336174
2329	-75.24777	-90.84362	15.59585	1	0	1	1	0.005085	0.005085	5.159783e-05	0.007883906	0.02955824	0.02955824	0.01028723	0.01028723	0.311467	0.134621	0.217739	0.336174
2330	-73.70844	-85.55064	11.8422	0	1	1	1	0.007073568	0.001009906	0.00209176	0.00209176	0.05189995	0.05189995	0.01226193	0.01226193	0.285024	0.123192	0.284152	0.307633
2331	-74.87927	-90.98189	16.10262	0	1	1	1	0.007073568	0.002182581	0.00209176	0.00209176	0.03226614	0.03226614	0.006353173	0.006353173	0.173683	0.368815	0.167767	0.289736
2332	-65.49353	-91.40884	25.91531	0	0	0	1	0.007073568	0.001164267	0.00209176	0.002490854	0.03226614	0.001299388	0.006526265	0.006526265	0.336492	0.185084	0.170169	0.308255
2333	-74.21978	-94.40667	20.18689	0	0	1	1	0.001915214	0.004073539	0.00149096	0.00805598	0.03408012	0.03408012	0.006526265	0.006526265	0.328157	0.1805	0.190724	0.30062
2334	-75.55303	-86.77872	11.22569	0	1	1	1	0.006172077	0.004073539	0.001125668	0.001125668	0.05758038	0.05758038	0.008911935	0.008911935	0.360636	0.198365	0.209601	0.231398
2335	-76.78975	-86.97233	10.18257	0	1	1	1	0.006172077	0.004528703	0.002461962	0.002461962	0.05758038	0.05758038	0.01308716	0.01308716	0.621327	0.109384	0.14169	0.127599
2336	-69.58468	-89.5014	19.91672	0	1	1	0	0.006172077	0.001983601	0.002461962	0.002461962	0.02764453	0.02764453	0.01308716	0.00633814	0.292966	0.0452205	0.601649	0.0601649
2337	-74.26318	-90.98227	16.71909	0	1	1	1	0.006172077	0.001352149	0.002461962	0.002461962	0.02336763	0.02336763	0.01308716	0.01308716	0.492581	0.0760319	0.330228	0.101159
2338	-69.4824	-90.95557	21.47317	0	1	1	0	0.006172077	0.003202013	0.002461962	0.002461962	0.02336763	0.02336763	0.01308716	0.000493581	0.194623	0.0300409	0.735367	0.0399688
2339	-68.37728	-87.90189	19.5246	0	1	0	1	0.006172077	0.0006810686	0.002105812	0.002105812	0.03225312	0.005631139	0.01308716	0.01308716	0.195586	0.0106406	0.739006	0.054767
2340	-80.19372	-87.78216	7.588436	1	1	1	1	0.008023405	0.008023405	0.002105812	0.002105812	0.04591541	0.04591541	0.01308716	0.01308716	0.357277	0.0102312	0.53245	0.100043
2341	-73.10566	-88.28563	15.17997	0	1	0	1	0.008023405	0.006407939	0.0003163632	0.0003163632	0.04504782	0.00905083	0.01593561	0.01593561	0.357277	0.0102312	0.53245	0.100043
2342	-63.75629	-86.81003	23.05375	0	0	1	0	0.008023405	0.0005438096	0.002125079	0.005251405	0.03703377	0.03703377	0.01593561	0.0003675043	0.172434	0.0235658	0.745754	0.0582459
2343	-73.9822	-88.66375	14.68155	0	1	1	1	0.008376761	0.001838793	0.001718613	0.001718613	0.03703377	0.03703377	0.009127901	0.009127901	0.292228	0.389785	0.219277	0.0987107
2344	-67.18631	-89.039	21.85269	0	0	0	1	0.008376761	0.001838793	0.001117193	0.00439207	0.03703377	0.01475665	0.008635466	0.008635466	0.0560824	0.175331	0.280023	0.488563
2345	-77.22919	-89.27024	12.04104	1	1	1	0	0.007366643	0.007366643	0.001117193	0.001117193	0.04268732	0.04268732	0.01259336	0.009435206	0.115904	0.709953	0.0634465	0.110697
2346	-69.5881	-88.74305	19.15495	0	1	0	1	0.00379355	0.0002338787	0.001117193	0.001117193	0.04268732	0.001619514	0.01259336	0.01259336	0.271345	0.320966	0.148536	0.259154
2347	-64.90363	-91.04115	26.13752	0	0	0	1	0.008888317	0.0001530708	0.001117193	0.002615294	0.02464766	0.001626295	0.01259336	0.01259336	0.277769	0.328565	0.128377	0.265289
2348	-62.72775	-89.42068	26.69292	0	0	1	0	0.007453238	0.0003041938	0.001117193	0.0006991021	0.02464766	0.02464766	0.01310834	0.001134516	0.191574	0.226607	0.398852	0.182967
2349	-73.95779	-92.09442	18.13662	0	1	1	1	0.007453238	0.0006384352	0.001816959	0.001816959	0.02082824	0.02082824	0.007595704	0.007595704	0.116574	0.137892	0.503977	0.241557
2350	-71.27536	-92.86246	21.58709	0	1	0	1	0.007453238	0.002049001	0.0004551842	0.0004551842	0.02082824	0.009751443	0.007595704	0.007595704	0.116574	0.137892	0.503977	0.241557
2351	-72.60267	-88.99895	16.39627	0	1	1	1	0.007453238	0.0004986224	0.0004551842	0.0004551842	0.02614607	0.02614607	0.01373439	0.01373439	0.108538	0.197323	0.469234	0.224905
2352	-69.28627	-91.87365	22.58739	0	1	0	0	0.007453238	0.003436895	0.0004551842	0.0004551842	0.02614607	0.01646071	0.007050268	0.01094584	0.126342	0.229691	0.546205	0.0977634
2353	-69.40741	-85.65408	16.24666	0	0	1	1	0.007453238	0.003436895	0.0004551842	0.002256177	0.05244551	0.05244551	0.01263342	0.01263342	0.191754	0.212493	0.505309	0.0904436
2354	-75.03682	-86.65363	11.61682	1	1	1	0	0.005464007	0.005464007	0.0004551842	0.0004551842	0.05244551	0.05244551	0.01263342	0.004628192	0.203669	0.033837	0.66643	0.0960635
2355	-79.76653	-87.38991	7.623372	1	1	1	1	0.005464007	0.005464007	0.002009671	0.002009671	0.05244551	0.05244551	0.009012766	0.009012766	0.18093	0.0300591	0.0890148	0.699996
2356	-79.22105	-87.12324	7.902188	1	1	1	1	0.004848073	0.004848073	0.001030758	0.001030758	0.05244551	0.05244551	0.009012766	0.009012766	0.110204	0.0546255	0.161764	0.673407
2357	-73.99197	-88.17121	14.17924	1	0	1	1	0.006044836	0.006044836	0.001030758	0.002565369	0.03798172	0.03798172	0.0133464	0.0133464	0.103097	0.123919	0.334598	0.438387
2358	-67.75771	-86.66586	18.90815	0	1	1	0	0.007673756	0.000452147	0.001030758	0.001030758	0.03798172	0.03798172	0.0133464	0.002971754	0.0841319	0.101124	0.191193	0.623552
2359	-69.4454	-87.38184	17.93644	0	1	1	0	0.009787023	0.000452147	0.001038467	0.001038467	0.03798172	0.03798172	0.009986333	0.009769105	0.136323	0.164702	0.162662	0.536314
2360	-72.33217	-87.72667	15.3945	0	1	1	1	0.004793424	0.0002177804	0.001038467	0.001038467	0.03798172	0.03798172	0.009986333	0.009986333	0.28094	0.17967	0.33522	0.20417
2361	-70.09214	-89.15875	19.06661	0	0	1	1	0.004946291	0.003382144	0.001038467	0.006449104	0.03674782	0.03674782	0.009986333	0.009986333	0.235706	0.311749	0.281247	0.171298
2362	-75.00603	-89.38492	14.37888	0	1	1	1	0.004946291	0.00710819	0.001038467	0.001038467	0.03674782	0.03674782	0.009986333	0.009986333	0.0468503	0.053925	0.55885	0.340375
2363	-65.99984	-88.41248	22.41264	0	1	0	0	0.004946291	0.001312281	0.002664756	0.002664756	0.04305356	0.01138559	0.007795625	0.001789638	0.0697041	0.0802298	0.831459	0.0186076
2364	-64.8479	-86.91346	22.06556	0	0	1	0	0.004932221	0.002546515	0.002664756	0.0002189025	0.04305356	0.04305356	0.0169295	0.004587613	0.0540443	0.0622053	0.788563	0.0951876
2365	-75.60406	-88.30987	12.70581	1	1	1	0	0.004932221	0.004932221	0.002664756	0.002664756	0.04305356	0.04305356	0.0169295	0.001817195	0.436032	0.0370861	0.470132	0.0567498
2366	-75.28794	-88.35214	13.06419	1	1	1	0	0.004932221	0.004932221	0.002664756	0.002664756	0.04305356	0.04305356	0.01380336	0.002893324	0.446402	0.0141849	0.481314	0.0580995
2367	-76.04407	-88.38964	12.34557	1	0	1	1	0.004932221	0.004932221	0.000427851	0.007695631	0.04305356	0.04305356	0.01534853	0.01534853	0.693682	0.0486618	0.058344	0.199312
2368	-74.65193	-87.82617	13.17424	1	0	1	1	0.005199122	0.005199122	0.000427851	0.002688664	0.04305356	0.04305356	0.01534853	0.01534853	0.485521	0.129873	0.0526205	0.331985
2369	-64.09233	-89.7853	25.69297	0	0	0	0	0.01095648	0.003846688	0.002100151	0.003788096	0.04305356	0.007252747	0.01176399	0.0009594545	0.186427	0.365233	0.147981	0.300359
2370	-73.12372	-89.36377	16.24005	0	1	0	1	0.01095648	0.003846688	0.0003233397	0.0003233397	0.04305356	0.007285469	0.01325271	0.01325271	0.24949	0.164373	0.131401	0.454735
2371	-66.26172	-88.91022	22.6485	0	0	1	0	0.01095648	0.002478225	0.0006040592	0.004180218	0.04305356	0.04305356	0.006909989	0.003416082	0.250023	0.164724	0.129546	0.455706
2372	-66.56717	-87.33894	20.77176	0	0	1	0	0.006627727	0.000336677	0.0006040592	0.008792703	0.05602497	0.05602497	0.006909989	0.003037566	0.155105	0.481826	0.0803657	0.282704
2373	-70.27083	-86.51482	16.24399	0	1	1	0	0.007657883	0.001115525	0.0004921123	0.0004921123	0.05602497	0.05602497	0.009434481	0.003970732	0.121077	0.558162	0.0710008	0.24976
2374	-74.40014	-89.69466	15.29452	0	1	1	1	0.01064369	0.001279971	0.001830838	0.001830838	0.03045873	0.03045873	0.01037636	0.01037636	0.288079	0.148557	0.168933	0.394431
2375	-73.29368	-89.91884	16.62516	0	1	1	1	0.00768318	0.001279971	0.001599961	0.001599961	0.0287508	0.0287508	0.00766434	0.00766434	0.00825228	0.157238	0.417031	0.417479
2376	-74.01866	-92.5129	18.49424	0	1	1	1	0.00768318	0.000433496	0.001444304	0.001444304	0.01906164	0.01906164	0.00766434	0.00766434	0.00976332	0.00292401	0.493391	0.493921
2377	-69.66201	-91.69838	22.03637	0	1	0	1	0.00768318	0.0004624698	0.0020037	0.0020037	0.01906164	0.0002702028	0.01608171	0.01608171	0.0115221	0.00345076	0.402128	0.5829
2378	-72.08699	-88.60773	16.52074	0	1	1	1	0.00768318	0.0002491683	0.0006400353	0.0006400353	0.02912502	0.02912502	0.009878168	0.009878168	0.0300051	0.00338624	0.394608	0.572
2379	-74.97947	-88.29502	13.31555	1	1	1	0	0.007184107	0.007184107	0.0006400353	0.0006400353	0.03865018	0.03865018	0.01573039	0.003704758	0.0564304	0.00636847	0.236554	0.700647
2380	-73.19988	-87.35999	14.16011	0	1	1	1	0.003832972	0.0002417609	0.002022479	0.002022479	0.03865018	0.03865018	0.01633112	0.01633112	0.0733393	0.00827673	0.307436	0.610948
2381	-66.54936	-89.61795	23.06859	1	0	0	0	0.005061119	0.005061119	0.001163837	0.002130481	0.03544909	6.147314e-05	0.01633112	0.008998546	0.0279848	0.00315823	0.628861	0.339996
2382	-72.99005	-88.82178	15.83173	0	0	1	1	0.01420379	0.0002950807	0.001163837	0.007949067	0.03544909	0.03544909	0.02199301	0.02199301	0.0531217	0.00599507	0.295491	0.645392
2383	-71.72722	-87.85406	16.12684	0	0	1	0	0.01420379	0.0002950807	0.004285234	0.008562414	0.05457537	0.05457537	0.01067006	0.016311	0.143091	0.0161486	0.592317	0.248444
2384	-66.6912	-87.73703	21.04584	0	0	1	0	0.004417634	0.0002950807	0.004285234	0.005641295	0.05457537	0.05457537	0.01067006	0.0008812895	0.273431	0.0136923	0.502222	0.210654
2385	-78.39934	-92.98672	14.58738	1	1	0	1	0.004581254	0.004581254	0.004285234	0.004285234	0.02727542	0.00592344	0.01656915	0.01656915	0.187649	0.00939667	0.344662	0.458292
2386	-79.64872	-90.94972	11.301	1	1	1	1	0.005152952	0.005152952	0.001659515	0.001659515	0.02727542	0.02727542	0.0138078	0.0138078	0.143404	0.242969	0.263395	0.350232
2387	-66.05896	-91.76644	25.70748	0	1	0	0	0.004608184	0.004232076	0.001659515	0.001659515	0.02727542	0.00223683	0.0138078	0.0002812389	0.298478	0.298693	0.323804	0.0790253
2388	-68.5222	-90.06733	21.54512	0	1	0	1	0.004608184	8.354738e-05	0.001071224	0.001071224	0.02727542	0.002242408	0.01309208	0.01309208	0.376772	0.297062	0.247573	0.0785937
2389	-72.51967	-87.08978	14.57011	0	1	1	1	0.008992359	8.354738e-05	0.001071224	0.001071224	0.03717656	0.03717656	0.01140959	0.01140959	0.163742	0.398603	0.332197	0.105458
2390	-70.89542	-85.65263	14.75721	0	1	0	1	0.008992359	8.1488e-05	0.001071224	0.001071224	0.04966304	0.0148921	0.01249998	0.01249998	0.46002	0.129009	0.341958	0.069013
2391	-70.79739	-88.89824	18.10085	0	1	0	1	0.008992359	8.1488e-05	0.003285488	0.003285488	0.03204856	0.01023261	0.01343388	0.01343388	0.480906	0.0894649	0.357483	0.0721462
2392	-64.5814	-87.62413	23.04273	0	1	0	0	0.008170109	0.0002046346	0.001516269	0.001516269	0.03204856	0.004770826	0.01343388	0.009199346	0.301552	0.122535	0.545054	0.0308595
2393	-63.19525	-90.53841	27.34316	0	0	0	0	0.006907975	0.0009045289	0.0008625368	0.001214707	0.02453307	0.004740935	0.0211757	0.01394255	0.571506	0.0936823	0.275693	0.0591191
2394	-63.50964	-92.8289	29.31926	0	0	0	0	0.006907975	0.001616131	0.004062008	0.003069311	0.02453307	0.0009678976	0.008347761	0.01347442	0.571506	0.0936823	0.275693	0.0591191
2395	-78.17106	-92.49962	14.32856	1	1	1	0	0.006471502	0.006471502	0.003900963	0.003900963	0.03079311	0.03079311	0.008347761	0.01060162	0.571506	0.0936823	0.275693	0.0591191
2396	-74.8284	-89.69411	14.86571	0	1	0	1	0.01405001	0.002913425	0.003900963	0.003900963	0.05260588	0.004761527	0.008347761	0.008347761	0.277376	0.157988	0.464936	0.0996999
2397	-65.88945	-93.89199	28.00253	0	0	0	0	0.01405001	0.002505479	0.003900963	0.001722648	0.03260052	0.0004492505	0.007248618	0.008032852	0.475162	0.270643	0.0834039	0.170792
2398	-80.62331	-90.71684	10.09353	0	1	1	1	0.01405001	0.004640618	0.003711708	0.003711708	0.04020745	0.04020745	0.02172987	0.02172987	0.389879	0.222067	0.136295	0.251759
2399	-77.97323	-90.70543	12.7322	1	0	1	1	0.004907878	0.004907878	0.003711708	0.00355755	0.03533928	0.03533928	0.02172987	0.02172987	0.353805	0.235197	0.144354	0.266644
2400	-70.85173	-89.3257	18.47397	1	0	1	0	0.004907878	0.004907878	0.001682844	0.002338792	0.03815792	0.03815792	0.01339289	0.005459728	0.399586	0.280507	0.163032	0.156875
2401	-74.0431	-89.14228	15.09918	0	1	1	1	0.003962996	0.001803317	0.001682844	0.001682844	0.03849843	0.03849843	0.009759402	0.009759402	0.476325	0.142331	0.194342	0.187002
2402	-72.01983	-90.19481	18.17498	0	0	1	1	0.002399733	0.004860392	0.001365827	0.004574661	0.04491072	0.04491072	0.009538996	0.009538996	0.273982	0.0594124	0.448439	0.218167
2403	-62.24044	-89.10996	26.86952	0	0	0	0	0.00631413	0.004860392	0.001365827	0.00176501	0.04491072	0.0007204599	0.009538996	0.00751573	0.223249	0.0484112	0.365403	0.362936
2404	-74.24971	-87.68928	13.43957	1	0	1	1	0.005459278	0.005459278	0.002733122	0.0007494717	0.04491072	0.04491072	0.01134746	0.01134746	0.109538	0.025724	0.671886	0.192852
2405	-73.66432	-87.16538	13.50107	1	0	1	1	0.005459278	0.005459278	0.0007445802	0.001727748	0.04184329	0.04184329	0.01507339	0.01507339	0.109538	0.0242484	0.671889	0.194325
2406	-69.71518	-86.20953	16.49435	0	0	1	1	0.008705402	0.001001841	0.001871365	0.002415334	0.04184329	0.04184329	0.02142642	0.02142642	0.109538	0.0242484	0.671889	0.194325
2407	-69.97968	-91.30087	21.32119	0	1	0	1	0.008705402	0.001001841	0.001012883	0.001012883	0.02558319	0.005718677	0.007631801	0.007631801	0.0783649	0.0213174	0.316113	0.584205
2408	-69.80593	-87.27299	17.46706	0	1	1	0	0.00397103	0.001507538	0.001012883	0.001012883	0.05090356	0.05090356	0.008215059	0.006089623	0.0733229	0.0842863	0.295774	0.546617
2409	-66.48863	-88.40996	21.92133	0	0	0	1	0.00397103	0.0001199908	0.001012883	0.000961421	0.04106948	0.009596769	0.01902653	0.01902653	0.0896519	0.103057	0.138943	0.668348
2410	-65.91536	-90.34888	24.43353	0	0	1	0	0.00397103	0.004688126	0.001012883	0.002939576	0.03437156	0.03437156	0.01037916	0.004025825	0.089701	0.187859	0.0537254	0.668715
2411	-73.31819	-87.85841	14.54022	0	1	1	1	0.0050388	0.0008118585	0.002584244	0.002584244	0.0376322	0.0376322	0.01283714	0.01283714	0.089701	0.187859	0.0537254	0.668715
2412	-73.16231	-86.66345	13.50114	0	1	1	1	0.00904293	0.0009111172	0.002175392	0.002175392	0.0376322	0.0376322	0.01508624	0.01508624	0.0487226	0.104745	0.616595	0.229938
2413	-75.38862	-89.40647	14.01786	1	1	0	0	0.005502335	0.005502335	0.002175392	0.002175392	0.0376322	0.02958521	0.009227953	0.007306252	0.0487226	0.104745	0.616595	0.229938
2414	-76.47102	-89.50863	13.03761	1	1	1	0	0.009580685	0.009580685	0.001175013	0.001175013	0.04197539	0.04197539	0.009227953	0.005540253	0.037565	0.376488	0.461845	0.124103
2415	-67.51031	-87.04876	19.53846	0	1	0	1	0.007037522	0.0003234257	0.0006089672	0.0006089672	0.04197539	0.0006778851	0.009227953	0.009227953	0.0426721	0.200646	0.524634	0.232047
2416	-64.14003	-87.51443	23.3744	0	1	0	0	0.00725934	0.0003234257	0.0006089672	0.0006089672	0.04197539	0.005520834	0.009227953	0.002530505	0.0242246	0.531443	0.312601	0.131731
2417	-68.01877	-92.45849	24.43972	0	0	0	1	0.004094543	0.003826276	0.003220071	0.001771528	0.03086388	0.009535123	0.008041299	0.008041299	0.0218335	0.478987	0.38045	0.118729
2418	-67.08279	-91.34747	24.26469	0	0	1	0	0.005392535	0.004102167	0.002715031	0.003282633	0.03139019	0.03139019	0.008041299	0.00743008	0.0240793	0.528255	0.316725	0.130941
2419	-71.28293	-92.57978	21.29685	1	1	0	0	0.003359828	0.003359828	0.0007312908	0.0007312908	0.03139019	0.005337224	0.008041299	0.0009331799	0.0240793	0.528255	0.316725	0.130941
2420	-64.70905	-91.54415	26.8351	0	1	0	0	0.008081443	0.0006691403	0.0007312908	0.0007312908	0.02278448	0.005423799	0.008041299	0.001919543	0.0310736	0.391227	0.408724	0.168976
2421	-66.87	-91.1605	24.2905	0	0	0	1	0.008081443	0.002614475	0.001686388	0.008170687	0.02665896	0.001428487	0.01356583	0.01356583	0.0310736	0.391227	0.408724	0.168976
2422	-73.68752	-89.35769	15.67017	0	1	1	1	0.008081443	0.002626968	0.001507663	0.001507663	0.02665896	0.02665896	0.01356583	0.01356583	0.0464729	0.306764	0.611277	0.035486
2423	-68.8873	-89.72194	20.83463	0	1	0	1	0.00852016	0.001582964	0.0010712	0.0010712	0.02665896	0.001937454	0.01266618	0.01266618	0.0311023	0.536046	0.409102	0.0237493
2424	-72.70769	-86.50558	13.79789	0	1	1	0	0.01560011	0.003500871	0.0010712	0.0010712	0.05684337	0.05684337	0.01266618	0.003005836	0.0150047	0.258605	0.714933	0.0114574
2425	-73.08905	-86.71919	13.63015	0	0	1	1	0.01560011	0.002385298	0.0010712	0.0004571498	0.05684337	0.05684337	0.01728995	0.01728995	0.0473997	0.575488	0.340919	0.0361937
2426	-71.90944	-94.47662	22.56718	0	1	0	0	0.01560011	0.002385298	0.00277236	0.00277236	0.0257605	0.001854537	0.01728995	0.006401044	0.0431965	0.832136	0.0916831	0.0329842
2427	-71.18878	-92.56747	21.37869	0	1	0	1	0.009417102	0.002385298	0.0006860093	0.0006860093	0.0257605	0.00144928	0.009626684	0.009626684	0.0431965	0.832136	0.0916831	0.0329842
2428	-73.98413	-90.13209	16.14795	0	1	1	1	0.007025508	0.001124485	0.0006860093	0.0006860093	0.0257605	0.0257605	0.0151114	0.0151114	0.0610795	0.684956	0.171058	0.0829068
2429	-73.69791	-90.32466	16.62675	0	1	1	1	0.007025508	0.001124485	0.0009129414	0.0009129414	0.0257605	0.0257605	0.01214573	0.01214573	0.0610795	0.684956	0.171058	0.0829068
2430	-65.65192	-92.5362	26.88429	0	0	0	1	0.007025508	0.001124485	0.0009129414	0.0019752	0.02053603	0.003649743	0.01214573	0.01214573	0.0510035	0.571963	0.142839	0.234195
2431	-72.91839	-92.63632	19.71793	0	0	1	1	0.01003375	0.0004767035	0.001805721	0.004661905	0.02053603	0.02053603	0.02131041	0.02131041	0.0510035	0.571963	0.142839	0.234195
2432	-66.12759	-90.94062	24.81302	0	1	0	0	0.004342883	0.0004767035	0.001805721	0.001805721	0.02386781	8.696728e-06	0.02196044	0.006755154	0.022641	0.2539	0.585069	0.13839
2433	-74.84881	-92.33276	17.48395	0	0	1	1	0.004342883	0.006804315	0.0006193279	0.01150382	0.02637229	0.02637229	0.02196044	0.02196044	0.0248033	0.278148	0.640944	0.0561045
2434	-62.79421	-85.82184	23.02763	0	0	0	0	0.004342883	0.0008928281	0.001133929	0.0001544199	0.06609728	0.01465712	0.01075976	0.000928916	0.0276152	0.309682	0.600237	0.0624651
2435	-68.82756	-92.19789	23.37033	0	0	1	1	0.004342883	0.0009062283	0.001349679	0.001472494	0.01910152	0.01910152	0.01075976	0.01075976	0.00288842	0.232411	0.708776	0.055925
2436	-75.58922	-93.83553	18.24631	1	0	1	1	0.004342883	0.004342883	0.0003408601	0.003895201	0.01852576	0.01852576	0.01060046	0.01060046	0.00288842	0.232411	0.708776	0.055925
2437	-73.4959	-92.31726	18.82136	0	1	1	1	0.004342883	0.0005944665	0.0005075368	0.0005075368	0.01914002	0.01914002	0.009830909	0.009830909	0.00316916	0.157804	0.777666	0.0613607
2438	-72.06459	-88.3141	16.24952	1	0	1	0	0.004707813	0.004707813	0.0005075368	0.01001585	0.05047391	0.05047391	0.009830909	0.003128084	0.0121333	0.60416	0.148785	0.234922
2439	-76.83985	-89.80312	12.96328	1	0	1	1	0.003702167	0.003702167	0.0009956078	0.01161242	0.04178338	0.04178338	0.009830909	0.009830909	0.117808	0.539531	0.132869	0.209792
2440	-73.37805	-90.12472	16.74667	0	0	1	1	0.009457114	0.01126426	0.0003612877	0.003123411	0.04178338	0.04178338	0.009830909	0.009830909	0.150653	0.411151	0.169914	0.268283
2441	-73.57395	-89.07501	15.50106	1	0	1	0	0.008306102	0.008306102	0.003059297	0.00536563	0.04622405	0.04622405	0.01225495	0.007735332	0.171863	0.328247	0.193836	0.306054
2442	-80.69136	-90.27439	9.583024	1	1	1	0	0.008306102	0.008306102	0.0007963704	0.0007963704	0.05058574	0.05058574	0.004250063	0.02332148	0.227357	0.186234	0.168674	0.417734
2443	-67.27424	-88.99235	21.71811	0	0	1	0	0.008306102	0.0004076352	0.001620951	7.671762e-05	0.04051341	0.04051341	0.005313042	0.02068268	0.238148	0.2317	0.0925905	0.437561
2444	-64.30468	-91.65845	27.35376	0	0	0	0	0.007364457	0.003167453	0.001620951	0.003328503	0.04051341	0.003910897	0.004258979	0.01005668	0.0672746	0.288418	0.520701	0.123607
2445	-70.46772	-90.87038	20.40266	0	1	0	1	0.005869846	0.001119523	0.001620951	0.001620951	0.04051341	0.001501792	0.004282327	0.004282327	0.0672784	0.288377	0.52073	0.123614
2446	-73.60912	-93.30458	19.69546	1	0	1	0	0.003220874	0.003220874	0.001620951	0.00715268	0.03924053	0.03924053	0.003990988	0.003727079	0.0556428	0.238503	0.430672	0.275182
2447	-80.5299	-91.17264	10.64274	1	1	1	1	0.003220874	0.003220874	0.0006743989	0.0006743989	0.04238881	0.04238881	0.005376906	0.005376906	0.0575229	0.246562	0.445224	0.250691
2448	-68.27558	-95.68252	27.40695	0	0	1	0	0.001881663	0.001956772	0.000261649	0.004040805	0.02693851	0.02693851	0.005376906	0.003923691	0.259328	0.0134772	0.465236	0.261959
2449	-80.37158	-92.96282	12.59124	1	1	1	0	0.001807037	0.001807037	0.001062474	0.001062474	0.03844795	0.03844795	0.005376906	0.02335817	0.517789	0.000975172	0.307879	0.173357
2450	-65.00194	-92.6707	27.66876	0	0	0	0	0.009591592	0.004792037	0.001062474	0.0004678913	0.03844795	0.007143081	0.005376906	0.005537635	0.809718	0.000384805	0.12149	0.068407
2451	-70.8475	-90.61082	19.76333	0	1	1	0	0.004046882	0.004792037	0.001062474	0.001062474	0.03844795	0.03844795	0.01001344	0.0002021003	0.785712	0.000373396	0.147536	0.0663788
2452	-68.24641	-87.99176	19.74534	0	0	1	1	0.008302498	0.000183265	0.001062474	0.001227368	0.03475286	0.03475286	0.01313927	0.01313927	0.782709	0.000371969	0.150794	0.0661251
2453	-70.96468	-89.14908	18.1844	0	1	0	0	0.006559584	0.002266908	0.002261668	0.002261668	0.03475286	0.03681516	0.01313927	0.001338147	0.800478	0.000380414	0.154217	0.044925
2454	-73.23038	-91.43396	18.20357	1	0	0	0	0.004768678	0.004768678	0.003248485	0.004566836	0.03251065	0.03690682	0.01313927	0.001883161	0.800478	0.000380414	0.154217	0.044925
2455	-76.04967	-89.37245	13.32278	1	0	1	1	0.009723393	0.009723393	0.003248485	0.0003211106	0.03943582	0.03943582	0.01313927	0.01313927	0.0349206	0.00184004	0.74594	0.2173
2456	-68.61264	-89.77783	21.16519	0	0	1	1	0.007281113	0.0009363506	0.003248485	0.0003365262	0.02560435	0.02560435	0.01313927	0.01313927	0.0213272	0.00112378	0.455571	0.521978
2457	-65.0816	-87.97345	22.89185	0	1	0	0	0.007281113	0.0004082894	0.003248485	0.003248485	0.03736716	0.0004925603	0.01313927	0.008269747	0.0213272	0.00112378	0.455571	0.521978
2458	-71.80174	-91.78529	19.98354	1	1	0	0	0.007281113	0.007281113	0.001000006	0.001000006	0.03001051	0.0004996823	0.01039377	0.008120137	0.0213256	0.00119701	0.455538	0.52194
2459	-69.43069	-85.71039	16.27971	0	1	1	0	0.01005657	0.001829419	0.001000006	0.001000006	0.04922326	0.04922326	0.01039377	0.005988401	0.0106049	0.00121012	0.460528	0.527657
2460	-69.06774	-94.07428	25.00655	0	1	0	0	0.01005657	0.001829419	0.001956741	0.001956741	0.0158198	0.005910708	0.02062091	0.001916274	0.0106049	0.00121012	0.460528	0.527657
2461	-59.90954	-89.05026	29.14072	0	0	0	0	0.01005657	0.001829419	0.001956741	0.001968341	0.03422883	0.0001798018	0.01025399	0.003526143	0.0106049	0.00121012	0.460528	0.527657
2462	-74.11461	-88.756	14.64139	0	1	1	1	0.01005657	0.001829419	0.001956741	0.001956741	0.03422883	0.03422883	0.01025399	0.01025399	0.146159	0.00174816	0.0898302	0.762262
2463	-68.97569	-85.99834	17.02265	0	1	0	1	0.009134393	0.001018678	0.001956741	0.001956741	0.04694876	0.0045568	0.01062635	0.01062635	0.0156381	0.000187043	0.902617	0.0815573
2464	-68.66781	-85.73121	17.0634	0	1	1	0	0.009134393	0.001304823	0.001956741	0.001956741	0.04694876	0.04694876	0.01062635	0.004037595	0.0156381	0.000187043	0.902617	0.0815573
2465	-70.33608	-92.21075	21.87467	0	1	0	1	0.004006417	0.003516944	0.001956741	0.001956741	0.02251264	0.001527137	0.01296795	0.01296795	0.0156381	0.000187043	0.902617	0.0815573
2466	-71.65455	-92.92717	21.27261	1	0	1	0	0.004006417	0.004006417	0.004126414	0.001122774	0.02251264	0.02251264	0.01296795	0.005195447	0.0156381	0.000187043	0.902617	0.0815573
2467	-67.27459	-88.82766	21.55307	0	1	0	0	0.004006417	9.381934e-05	0.004126414	0.004126414	0.03761537	0.005203446	0.01296795	0.01385115	0.0156381	0.000187043	0.902617	0.0815573
2468	-75.48659	-88.50083	13.01424	0	1	1	1	0.01254471	9.381934e-05	0.004126414	0.004126414	0.03790009	0.03790009	0.01296795	0.01296795	0.076944	0.00363881	0.503846	0.415572
2469	-66.11884	-86.8909	20.77206	0	1	0	0	0.01046103	0.0003085124	0.001180062	0.001180062	0.03790009	0.008394099	0.01025856	0.01382962	0.127486	0.00602901	0.834802	0.0316839
2470	-72.62384	-87.34312	14.71927	0	1	1	1	0.00475183	0.001105256	0.001180062	0.001180062	0.03699781	0.03699781	0.0138451	0.0138451	0.3821	0.00400195	0.592866	0.0210312
2471	-73.60549	-88.85149	15.246	0	1	1	1	0.009469185	0.0001956613	0.001180062	0.001180062	0.03699781	0.03699781	0.007024408	0.007024408	0.658564	0.00697255	0.297821	0.0366425
2472	-66.86043	-90.36462	23.50418	0	0	1	0	0.006597646	0.0001956613	0.003189448	0.003334454	0.03699781	0.03699781	0.006018205	0.01037083	0.482188	0.285733	0.218059	0.014021
2473	-70.98862	-93.05045	22.06182	1	0	0	0	0.006597646	0.006597646	0.005828777	0.002415306	0.03699781	0.009032005	0.006018205	0.008064703	0.628977	0.237146	0.122068	0.0118087
2474	-62.74648	-91.0374	28.29093	0	0	0	0	0.006597646	0.0001241456	0.001419495	0.001141096	0.0315004	0.005226831	0.006018205	0.01683289	0.425549	0.36717	0.188997	0.0182833
2475	-76.96946	-99.03419	22.06473	1	0	1	0	0.006943916	0.006943916	0.006998038	0.002147725	0.01563956	0.01563956	0.008920095	0.004751333	0.656971	0.192199	0.0346838	0.116146
2476	-73.36834	-89.39698	16.02864	0	0	1	1	0.01278741	0.005574568	0.002514876	0.001738661	0.04839194	0.04839194	0.008920095	0.008920095	0.330132	0.341339	0.0615973	0.266932
2477	-83.55661	-87.25746	3.700858	1	1	1	1	0.006422297	0.006422297	0.002918565	0.002918565	0.07310805	0.07310805	0.008920095	0.008920095	0.0782233	0.518779	0.0755598	0.327438
2478	-82.61015	-89.15636	6.546218	0	1	0	1	0.0110062	0.005102934	0.005847599	0.005847599	0.07310805	0.02239981	0.01670305	0.01670305	0.059816	0.529138	0.0770687	0.333977
2479	-77.09394	-87.4179	10.32396	0	0	1	1	0.0110062	0.005102934	0.001205222	0.01152691	0.07310805	0.07310805	0.01060937	0.01060937	0.645684	0.204521	0.0516705	0.098124
2480	-71.03017	-91.93637	20.9062	0	0	1	1	0.00869618	0.001615351	0.0001978045	0.008478085	0.02386507	0.02386507	0.009175071	0.009175071	0.0298965	0.136406	0.0344618	0.799236
2481	-74.0217	-87.02801	13.00631	0	1	1	1	0.009023094	0.001133897	0.0001978045	0.0001978045	0.03929073	0.03929073	0.0180328	0.0180328	0.0821863	0.101726	0.0947363	0.721351
2482	-63.98265	-86.22663	22.24398	0	0	1	0	0.008653756	0.001133897	0.0001824969	0.002503576	0.04165576	0.04165576	0.01744794	0.002335099	0.097715	0.120947	0.182593	0.598746
2483	-76.01856	-87.62248	11.60392	1	1	1	0	0.005074292	0.005074292	0.000961591	0.000961591	0.04165576	0.04165576	0.01304409	0.01496437	0.11354	0.140534	0.212163	0.533764
2484	-79.43318	-88.00573	8.572545	1	1	1	1	0.007187232	0.007187232	0.001615545	0.001615545	0.04165576	0.04165576	0.01304409	0.01304409	0.11354	0.140534	0.212163	0.533764
2485	-79.16468	-88.43698	9.272296	1	1	1	1	0.003184606	0.003184606	0.001615545	0.001615545	0.04165576	0.04165576	0.01304409	0.01304409	0.056793	0.236805	0.108555	0.597847
2486	-75.75652	-89.8709	14.11438	0	1	1	1	0.005553085	0.007010799	0.001615545	0.001615545	0.03411657	0.03411657	0.01304409	0.01304409	0.0883776	0.342421	0.187485	0.381716
2487	-70.57846	-89.89499	19.31653	1	0	1	0	0.005553085	0.005553085	0.0001096879	6.194642e-05	0.03411657	0.03411657	0.01304409	0.008235192	0.163552	0.0603699	0.346961	0.429117
2488	-80.68123	-94.38506	13.70384	1	1	0	0	0.01388721	0.01388721	0.003524395	0.003524395	0.03411657	0.02579434	0.01304409	0.002858966	0.261668	0.103414	0.393415	0.241503
2489	-67.46311	-89.612	22.14889	0	0	1	0	0.005100117	0.007300618	0.000291323	0.004089036	0.03411657	0.03411657	0.01304409	0.01051467	0.159752	0.100816	0.215095	0.524337
2490	-69.68586	-91.53763	21.85177	0	0	0	0	0.005100117	0.00539269	0.001602202	0.005340124	0.03411657	0.01442264	0.02807176	0.01164704	0.0927776	0.157749	0.444959	0.304514
2491	-70.53536	-85.97535	15.43999	0	1	1	0	0.006901142	0.002665489	0.001089364	0.001089364	0.04476634	0.04476634	0.01596107	0.01191122	0.092345	0.161676	0.442885	0.303094
2492	-78.84001	-87.61866	8.778653	1	1	1	0	0.006901142	0.006901142	0.003674394	0.003674394	0.05095935	0.05095935	0.01596107	0.01436485	0.0957415	0.167623	0.459174	0.277462
2493	-69.54689	-90.75204	21.20515	0	1	0	0	0.004910387	0.0002499768	0.003674394	0.003674394	0.02822805	0.007948649	0.01596107	0.01888217	0.0160644	0.530784	0.257539	0.195612
2494	-72.52808	-92.77386	20.24577	1	0	1	0	0.006201843	0.006201843	0.003674394	0.003847166	0.02822805	0.02822805	0.0113133	0.002540507	0.0111089	0.675527	0.178094	0.13527
2495	-62.29595	-90.92493	28.62899	0	0	0	0	0.006201843	0.002005392	0.0005867701	0.003662204	0.02822805	0.002243346	0.02366627	0.0003331127	0.0862247	0.352342	0.319079	0.242354
2496	-77.97847	-91.1159	13.13743	1	0	1	1	0.004751454	0.004751454	0.0004607251	0.009821844	0.02822805	0.02822805	0.02366627	0.02366627	0.0694153	0.0738744	0.256875	0.599836
2497	-70.93999	-92.42199	21.482	0	1	1	0	0.004915632	0.004257012	7.926543e-05	7.926543e-05	0.0287828	0.0287828	0.0104192	0.0002800039	0.0470501	0.0500725	0.174111	0.728766
2498	-75.75335	-92.24459	16.49124	0	1	1	1	0.003879056	0.004257012	2.176966e-05	2.176966e-05	0.0287828	0.0287828	0.01080364	0.01080364	0.0116289	0.0519337	0.180583	0.755854
2499	-76.14814	-91.37988	15.23174	1	0	1	1	0.004182594	0.004182594	3.309431e-05	0.01278258	0.0281707	0.0281707	0.009779743	0.009779743	0.0346052	0.154544	0.537377	0.273473
2500	-72.5808	-91.4592	18.8784	1	0	1	0	0.004182594	0.004182594	0.0001173495	0.01154581	0.02804507	0.02804507	0.009206639	0.01052928	0.0342584	0.152995	0.531992	0.280755
2501	-72.24097	-92.18103	19.94007	1	0	1	0	0.004645519	0.004645519	0.0006008872	0.005058264	0.02769331	0.02769331	0.009206639	0.01034929	0.655411	0.0689408	0.180429	0.0952197
2502	-77.21098	-86.10035	8.889365	1	1	1	0	0.004645519	0.004645519	0.0006842198	0.0006842198	0.06495881	0.06495881	0.01379182	0.007147162	0.349275	0.11381	0.379722	0.157192
2503	-63.29223	-91.11335	27.82112	0	0	0	0	0.006373403	1.502775e-05	0.002226749	0.01425083	0.02992783	0.003206417	0.01379182	0.001755939	0.451641	0.147166	0.197931	0.203262
2504	-74.12737	-91.04258	16.91522	0	1	1	1	0.003229224	1.828529e-05	0.002226749	0.002226749	0.0261206	0.0261206	0.01372426	0.01372426	0.36984	0.0120731	0.304936	0.31315
2505	-71.9205	-91.43649	19.51599	0	1	0	1	0.00945677	0.0001293437	0.002226749	0.002226749	0.0261206	0.008321934	0.01372426	0.01372426	0.505112	0.0164889	0.0507121	0.427687
2506	-69.8312	-90.20243	20.37124	0	0	1	1	0.01041085	0.0005204356	0.002226749	0.002084695	0.0261206	0.0261206	0.01372426	0.01372426	0.00937961	0.100449	0.109562	0.780609
2507	-68.59614	-88.79574	20.1996	0	1	0	0	0.009431052	0.003127893	0.002226749	0.002226749	0.05032599	0.002958673	0.009068493	0.008467638	0.0478917	0.158458	0.172833	0.620817
2508	-79.58613	-91.11346	11.52733	1	1	1	1	0.00387957	0.00387957	0.002226749	0.002226749	0.02925666	0.02925666	0.01123806	0.01123806	0.0442932	0.159057	0.173487	0.623163
2509	-70.57836	-90.22066	19.64229	0	0	1	1	0.008063875	0.003166615	0.002226749	0.004680863	0.02925666	0.02925666	0.01186244	0.01186244	0.161745	0.13951	0.152166	0.54658
2510	-63.64535	-91.30421	27.65886	0	0	0	0	0.004027685	0.003166615	0.0004053723	0.002777582	0.02925666	0.01111921	0.01186244	0.009860591	0.11463	0.275129	0.300088	0.310153
2511	-69.19288	-89.32684	20.13396	0	0	1	1	0.004027685	0.003166615	0.000103138	0.00279119	0.0350432	0.0350432	0.011313	0.011313	0.329585	0.208332	0.227231	0.234852
2512	-74.30888	-89.14159	14.83272	1	0	1	1	0.004324988	0.004324988	0.0004652581	0.00420079	0.03692711	0.03692711	0.011313	0.011313	0.436103	0.102358	0.111644	0.349894
2513	-74.1699	-89.64082	15.47092	1	0	1	1	0.004726437	0.004726437	0.0004652581	0.003415176	0.03366072	0.03366072	0.011313	0.011313	0.191599	0.272507	0.110846	0.425047
2514	-67.81762	-88.38518	20.56756	0	0	1	1	0.00448691	0.001060042	0.0009992144	0.002444714	0.03366072	0.03366072	0.011313	0.011313	0.0787875	0.112058	0.121619	0.687535
2515	-73.30829	-88.98998	15.68169	0	1	1	1	0.005341998	0.001060042	0.0009992144	0.0009992144	0.03366072	0.03366072	0.011313	0.011313	0.614752	0.0468622	0.0508608	0.287525
2516	-68.33573	-85.42563	17.08991	0	0	1	0	0.005341998	0.0007636516	0.0009992144	0.009453556	0.06534599	0.06534599	0.011313	0.01017676	0.31912	0.0828233	0.0898905	0.508166
2517	-68.92057	-89.11179	20.19122	0	0	1	0	0.008923748	0.0002570941	0.007869367	0.001565279	0.04755608	0.04755608	0.011313	0.008169885	0.639941	0.0479265	0.18026	0.131872
2518	-81.95385	-92.29925	10.3454	1	0	1	1	0.005783543	0.005783543	0.01162003	0.003247619	0.05221285	0.05221285	0.01003489	0.01003489	0.686708	0.0417014	0.156847	0.114743
2519	-80.27169	-91.45017	11.17848	1	1	1	1	0.003761466	0.003761466	0.0024883	0.0024883	0.03231183	0.03231183	0.01003489	0.01003489	0.587214	0.0356595	0.0734369	0.30369
2520	-68.2075	-87.7843	19.5768	0	0	1	1	0.007381652	0.0004029792	0.0024883	0.0007143731	0.03542255	0.03542255	0.01322198	0.01322198	0.362592	0.022019	0.0453457	0.570044
2521	-74.38777	-90.59967	16.2119	0	1	1	1	0.00343661	0.000651909	0.0024883	0.0024883	0.03542255	0.03542255	0.007342762	0.007342762	0.328839	0.0476286	0.0411246	0.582408
2522	-73.34721	-90.98929	17.64209	1	0	1	0	0.006756957	0.006756957	0.0003993671	0.00201234	0.03542255	0.03542255	0.00680702	0.01930028	0.218128	0.368267	0.0272791	0.386326
2523	-65.51974	-89.17188	23.65214	0	0	1	0	0.006756957	0.001271314	0.0003993671	0.002502702	0.03542255	0.03542255	0.00680702	0.01269782	0.213441	0.246622	0.16191	0.378026
2524	-70.99476	-88.33577	17.34101	0	1	1	0	0.006756957	0.001731659	0.001849984	0.001849984	0.03542255	0.03542255	0.01025811	0.01640141	0.213441	0.246622	0.16191	0.378026
2525	-70.23071	-90.65512	20.42441	0	0	1	1	0.006756957	0.001731659	0.003732475	0.000859682	0.03542255	0.03542255	0.006280106	0.006280106	0.213441	0.246622	0.16191	0.378026
2526	-69.39656	-88.07467	18.6781	0	1	1	0	0.006042216	0.001166122	0.0005720316	0.0005720316	0.03542255	0.03542255	0.01892392	0.002645574	0.232609	0.268769	0.0866487	0.411973
2527	-62.90863	-89.66995	26.76132	0	0	0	0	0.006042216	0.002104752	0.0005720316	0.0038629	0.03542255	0.004569655	0.01892392	0.006112145	0.14915	0.511344	0.164852	0.174654
2528	-66.61546	-89.9253	23.30984	0	1	0	0	0.006042216	0.001428282	0.0005720316	0.0005720316	0.03344188	0.004613063	0.01920332	0.002514901	0.110939	0.239634	0.0923622	0.557065
2529	-76.35916	-84.99748	8.638328	0	1	1	1	0.006449831	0.001428282	0.001281383	0.001281383	0.07411331	0.07411331	0.009390675	0.009390675	0.133585	0.28855	0.111216	0.466649
2530	-79.73148	-86.61137	6.879888	1	1	1	1	0.006170182	0.006170182	0.001281383	0.001281383	0.04975516	0.04975516	0.01597801	0.01597801	0.258902	0.071501	0.150265	0.519333
2531	-68.39668	-85.86295	17.46627	0	0	1	1	0.006170182	0.0008595845	0.001281383	0.003251436	0.04412813	0.04412813	0.01601346	0.01601346	0.214202	0.0591561	0.124321	0.602321
2532	-69.43405	-91.74549	22.31144	0	1	0	0	0.00154868	0.0008595845	0.0006182507	0.0006182507	0.04412813	0.005612981	0.01601346	0.004745553	0.509383	0.118032	0.295642	0.0769431
2533	-79.90034	-87.59635	7.696003	1	1	1	1	0.003255336	0.003255336	0.0006182507	0.0006182507	0.04888317	0.04888317	0.01575974	0.01575974	0.23473	0.185441	0.53131	0.0485193
2534	-76.29103	-92.3856	16.09458	1	0	1	1	0.003255336	0.003255336	0.004988742	1.403908e-06	0.03112846	0.03112846	0.01063929	0.01063929	0.309957	0.244872	0.381102	0.064069
2535	-74.44092	-92.27159	17.83068	0	1	1	0	0.003255336	0.001481864	0.004988742	0.004988742	0.03112846	0.03112846	0.02156985	0.007195512	0.198662	0.342165	0.369648	0.0895252
2536	-76.33098	-92.10727	15.77629	1	0	1	1	0.003255336	0.003255336	0.002606283	0.001384182	0.03953129	0.03953129	0.005056744	0.005056744	0.277066	0.082543	0.515534	0.124857
2537	-79.50332	-95.04438	15.54107	1	0	1	1	0.006456608	0.006456608	0.002606283	0.002363488	0.03953129	0.03953129	0.002221668	0.002221668	0.238461	0.309945	0.363547	0.0880475
2538	-75.83232	-95.72433	19.89201	0	1	1	0	0.006456608	0.007594223	0.006161637	0.006161637	0.03459307	0.03459307	0.002221668	0.0008015699	0.198688	0.326132	0.382534	0.0926459
2539	-68.60645	-89.27944	20.673	0	0	1	1	0.006456608	0.0009668094	0.001659491	0.001607546	0.03459307	0.03459307	0.008077976	0.008077976	0.435595	0.182776	0.147026	0.234603
2540	-63.61026	-89.12803	25.51777	0	1	0	0	0.006571198	0.0009668094	0.001659491	0.001659491	0.03459307	0.00254422	0.008077976	0.0007734249	0.0831276	0.252115	0.414169	0.250589
2541	-60.87756	-89.93144	29.05388	0	0	0	0	0.006571198	0.001091258	0.001659491	0.004332238	0.03459307	0.002531683	0.01010149	0.003616126	0.0298624	0.731333	0.148784	0.0900203
2542	-69.6769	-88.2036	18.5267	0	0	1	1	0.006571198	0.001091258	0.000523565	0.002949237	0.03459307	0.03459307	0.01991016	0.01991016	0.0286222	0.700961	0.184135	0.0862818
2543	-66.3557	-90.60686	24.25115	0	0	1	0	0.004444488	0.002201503	0.0004497945	0.006756708	0.03459307	0.03459307	0.007230274	0.006755513	0.00681432	0.672141	0.176564	0.144481
2544	-73.97447	-89.26965	15.29519	0	1	1	1	0.005317253	0.002201503	0.0004497945	0.0004497945	0.04026126	0.04026126	0.006355981	0.006355981	0.00645393	0.186401	0.250094	0.55705
2545	-65.11992	-87.70589	22.58598	0	1	0	0	0.005317253	0.001470469	0.002596357	0.002596357	0.04885567	0.001057136	0.01029281	0.002366579	0.011011	0.191285	0.426683	0.371021
2546	-70.35883	-86.43662	16.07779	0	0	1	1	0.005317253	0.003704844	0.0009105841	0.007677786	0.04885567	0.04885567	0.01318027	0.01318027	0.011011	0.191285	0.426683	0.371021
2547	-68.49579	-86.11022	17.61444	0	0	1	1	0.005317253	0.001057908	0.0001056341	0.008070385	0.04312521	0.04312521	0.01318027	0.01318027	0.011011	0.191285	0.426683	0.371021
2548	-74.60053	-92.10727	17.50674	0	1	0	0	0.005317253	0.003269568	0.001110778	0.001110778	0.02623406	0.01287193	0.02745468	0.02475158	0.0114768	0.334537	0.267268	0.386718
2549	-78.2527	-91.40483	13.15213	1	1	1	0	0.004016459	0.004016459	0.003058273	0.003058273	0.03093028	0.03093028	0.02745468	0.001384537	0.0349444	0.0432869	0.813771	0.107998
2550	-76.97452	-91.78988	14.81536	1	1	0	1	0.007760218	0.007760218	0.003058273	0.003058273	0.03093028	0.005008752	0.01057293	0.01057293	0.0349444	0.0432869	0.813771	0.107998
2551	-74.44546	-89.28244	14.83697	0	1	1	1	0.006193012	0.001682341	0.003058273	0.003058273	0.0283081	0.0283081	0.01796508	0.01796508	0.0265955	0.0344186	0.647051	0.291935
2552	-69.25886	-88.61016	19.3513	0	1	1	0	0.008283451	0.001682341	0.002640509	0.002640509	0.0345214	0.0345214	0.01192191	0.001872076	0.0631886	0.0817757	0.161424	0.693612
2553	-72.61581	-89.16677	16.55095	0	0	1	1	0.008947607	0.0007173652	0.002640509	0.001342632	0.0345214	0.0345214	0.02877037	0.02877037	0.0631886	0.0817757	0.161424	0.693612
2554	-71.78054	-85.5897	13.80916	0	1	1	0	0.004978954	0.003604283	0.001028437	0.001028437	0.05915015	0.05915015	0.01930543	0.004555849	0.0732374	0.110757	0.218632	0.597374
2555	-80.50678	-88.18629	7.679512	1	1	1	1	0.004978954	0.004978954	0.002274843	0.002274843	0.0420516	0.0420516	0.01930543	0.01930543	0.222779	0.228422	0.450902	0.0978963
2556	-77.00435	-91.19033	14.18598	1	1	1	0	0.004978954	0.004978954	0.003321387	0.003321387	0.0420516	0.0420516	0.005928627	0.004649948	0.206447	0.34967	0.275522	0.16836
2557	-81.68659	-90.67791	8.991323	1	0	1	1	0.004978954	0.004978954	0.004331577	0.01358437	0.0618208	0.0618208	0.005928627	0.005928627	0.214875	0.0819152	0.28677	0.416439
2558	-73.03855	-90.12139	17.08284	0	1	1	0	0.004978954	0.006171216	0.004331577	0.004331577	0.04505336	0.04505336	0.01192235	0.001439998	0.411143	0.0197679	0.0572848	0.511804
2559	-78.75557	-87.00144	8.245873	1	1	1	0	0.005850427	0.005850427	0.002889942	0.002889942	0.05834784	0.05834784	0.02489096	0.002929179	0.115583	0.0211871	0.0613977	0.801833
2560	-73.15676	-89.95542	16.79866	0	0	0	1	0.005850427	0.004991339	0.002889942	0.004421034	0.05815511	0.006734328	0.02201794	0.02201794	0.245182	0.0180824	0.0524007	0.684335
2561	-71.10963	-91.34558	20.23595	0	0	1	1	0.006130592	0.005007126	0.000376577	0.006961502	0.02678552	0.02678552	0.01060012	0.01060012	0.331816	0.0159084	0.157077	0.495199
2562	-70.4224	-88.92695	18.50455	0	0	1	1	0.003763506	0.003297769	0.001763213	0.00326945	0.04307111	0.04307111	0.01060012	0.01060012	0.36756	0.25386	0.173998	0.204583
2563	-82.68691	-90.88766	8.200745	1	1	1	1	0.003763506	0.003763506	0.001097783	0.001097783	0.03357259	0.03357259	0.02719547	0.02719547	0.289616	0.24657	0.213172	0.250643
2564	-76.79105	-89.61468	12.82363	1	1	1	0	0.003763506	0.003763506	0.0003097797	0.0003097797	0.04018627	0.04018627	0.02146098	0.003002736	0.340642	0.257574	0.0827254	0.319059
2565	-75.80075	-88.73419	12.93344	1	1	1	0	0.003808691	0.003808691	0.0003097797	0.0003097797	0.04400751	0.04400751	0.01775319	0.002215967	0.416682	0.0807411	0.0464158	0.456161
2566	-79.8039	-87.86509	8.061189	1	1	1	1	0.003808691	0.003808691	0.0008582219	0.0008582219	0.04400751	0.04400751	0.01775319	0.01775319	0.416682	0.0807411	0.0464158	0.456161
2567	-77.14021	-88.89895	11.75875	1	1	1	0	0.002346771	0.002346771	0.0008582219	0.0008582219	0.04792215	0.04792215	0.01775319	0.005934144	0.257074	0.222252	0.359324	0.16135
2568	-71.15341	-90.91124	19.75783	1	0	1	0	0.007652954	0.007652954	0.0008754381	0.0008726961	0.02686493	0.02686493	0.01775319	0.004577117	0.148956	0.164197	0.593356	0.0934908
2569	-79.31452	-88.93165	9.61713	0	1	1	1	0.008355627	0.005938152	0.004735223	0.004735223	0.06128053	0.06128053	0.006755141	0.006755141	0.132737	0.167326	0.604664	0.0952725
2570	-76.68379	-85.47626	8.792468	0	1	1	1	0.005117486	0.0001037655	0.0009874993	0.0009874993	0.06265867	0.06265867	0.02291437	0.02291437	0.103155	0.423577	0.469908	0.00335955
2571	-69.77828	-85.2829	15.50463	0	1	1	0	0.005117486	0.0007607821	0.0008039421	0.0008039421	0.06265867	0.06265867	0.01132587	0.002258184	0.122176	0.317292	0.556553	0.003979
2572	-73.88878	-91.34829	17.45951	1	1	1	0	0.005117486	0.005117486	0.0008039421	0.0008039421	0.02439973	0.02439973	0.01168408	0.0002004851	0.162874	0.0898712	0.74195	0.00530447
2573	-71.10399	-85.53556	14.43157	0	1	1	0	0.008069396	0.000962478	0.0008039421	0.0008039421	0.06641489	0.06641489	0.007165713	0.005646466	0.160306	0.0884543	0.730252	0.0209874
2574	-75.3392	-90.55517	15.21597	1	0	1	1	0.008069396	0.008069396	0.0008039421	0.00242835	0.03112107	0.03112107	0.01261617	0.01261617	0.349384	0.251111	0.356315	0.0431906
2575	-69.84671	-89.97562	20.12892	0	0	1	1	0.005560963	0.0007407318	0.004694964	0.001739763	0.03112107	0.03112107	0.01261617	0.01261617	0.312641	0.265292	0.376437	0.0456298
2576	-68.72368	-88.17932	19.45564	0	1	0	1	0.005560963	0.000317373	0.001169496	0.001169496	0.03112107	0.00953981	0.01261617	0.01261617	0.240069	0.203711	0.521183	0.0350379
2577	-78.37317	-92.26179	13.88862	0	1	1	0	0.003621373	0.002005903	0.003611644	0.003611644	0.03112107	0.03112107	0.02607587	0.02573274	0.565776	0.165706	0.185943	0.0825746
2578	-72.54838	-91.99943	19.45105	1	0	0	1	0.003621373	0.003621373	0.003611644	0.004780671	0.03112107	0.0006282032	0.01658815	0.01658815	0.0586664	0.297035	0.496281	0.148018
2579	-79.35854	-90.01274	10.6542	1	1	1	1	0.003621373	0.003621373	0.001655601	0.001655601	0.03112107	0.03112107	0.01519736	0.01519736	0.0620162	0.313995	0.524618	0.0993708
2580	-71.03262	-88.58079	17.54817	1	0	0	1	0.005265117	0.005265117	0.001655601	0.001706767	0.04668374	0.0007271145	0.01519736	0.01519736	0.0781803	0.405464	0.391084	0.125271
2581	-68.68823	-87.64548	18.95724	0	1	1	0	0.005901924	0.002192387	0.001655601	0.001655601	0.0393724	0.0393724	0.01248529	0.001568121	0.0662815	0.495951	0.331563	0.106205
2582	-65.62398	-88.95609	23.33211	0	0	0	0	0.007557942	0.0002553722	0.001809959	0.01037147	0.03721854	0.01448689	0.009458525	0.01606677	0.0662815	0.495951	0.331563	0.106205
2583	-72.10855	-89.19947	17.09092	0	0	1	1	0.007557942	0.001352364	0.001809959	0.01580507	0.03721854	0.03721854	0.01010734	0.01010734	0.0662815	0.495951	0.331563	0.106205
2584	-71.10367	-87.84322	16.73955	0	0	1	1	0.005283974	0.001152948	0.0003782098	0.004090224	0.04153676	0.04153676	0.02341894	0.02341894	0.0865673	0.647739	0.126984	0.13871
2585	-81.30147	-90.09455	8.793072	1	1	1	0	0.01107509	0.01107509	0.0006069245	0.0006069245	0.04153676	0.04153676	0.02341894	0.01514062	0.164338	0.331274	0.241063	0.263325
2586	-69.99759	-88.00827	18.01068	0	0	1	1	0.003692671	0.003147351	0.0006069245	0.002035986	0.04153676	0.04153676	0.01757042	0.01757042	0.164338	0.331274	0.241063	0.263325
2587	-65.12917	-87.43473	22.30556	0	0	1	0	0.003692671	0.001768088	0.0006069245	0.002176434	0.04153676	0.04153676	0.01757042	0.006208955	0.143785	0.0560304	0.210915	0.589269
2588	-66.70042	-87.30726	20.60684	0	0	1	0	0.003692671	0.001768088	0.002898345	0.001484833	0.05026029	0.05026029	0.01757042	0.005602393	0.262451	0.0482649	0.181684	0.5076
2589	-81.51569	-88.83515	7.319459	1	1	1	1	0.001642956	0.001642956	0.001295315	0.001295315	0.05026029	0.05026029	0.0174718	0.0174718	0.262451	0.0482649	0.181684	0.5076
2590	-70.19895	-90.52045	20.3215	0	0	1	1	0.004115049	0.002831405	0.0007251411	0.006745579	0.0337383	0.0337383	0.007216607	0.007216607	0.155383	0.0552714	0.208058	0.581287
2591	-69.76954	-91.39199	21.62245	0	0	1	1	0.003601171	0.002831405	0.0007251411	0.0006187267	0.0337383	0.0337383	0.006415826	0.006415826	0.195805	0.0682127	0.262184	0.473798
2592	-74.48032	-92.70526	18.22494	1	0	0	1	0.003601171	0.003601171	0.003606538	0.002196979	0.0337383	0.01780571	0.006415826	0.006415826	0.285968	0.0996227	0.503466	0.110943
2593	-86.11325	-87.96542	1.852168	1	1	1	1	0.007451401	0.007451401	0.003606538	0.003606538	0.08446987	0.08446987	0.006415826	0.006415826	0.25147	0.0053235	0.038277	0.70493
2594	-80.25352	-85.76453	5.511013	0	1	1	1	0.007451401	0.007442878	0.001037499	0.001037499	0.08446987	0.08446987	0.01015029	0.01015029	0.475425	0.0100645	0.072366	0.442144
2595	-71.26482	-85.01756	13.75273	0	0	1	1	0.007451401	0.001757546	0.0007435021	0.001330439	0.0715127	0.0715127	0.01015029	0.01015029	0.552611	0.0116985	0.0841147	0.351576
2596	-70.81604	-87.94046	17.12443	1	0	1	0	0.007944249	0.007944249	0.0006567357	0.0009532095	0.04778837	0.04778837	0.01470498	0.001612007	0.552611	0.0116985	0.0841147	0.351576
2597	-71.61014	-88.78947	17.17932	1	0	0	1	0.002970804	0.002970804	0.001165423	0.0007817075	0.04778837	0.005934252	0.01470498	0.01470498	0.334921	0.00709013	0.444909	0.21308
2598	-70.14587	-87.18939	17.04352	0	0	1	1	0.009237991	0.00190623	0.001165423	0.006223504	0.04778837	0.04778837	0.007800859	0.007800859	0.334921	0.00709013	0.444909	0.21308
2599	-64.59289	-88.48825	23.89536	0	0	1	0	0.006291774	0.00190623	0.0002152121	0.006039214	0.03759243	0.03759243	0.01089736	0.001524297	0.554826	0.0117454	0.0804428	0.352985
2600	-72.52196	-91.86785	19.34589	1	1	0	0	0.006264872	0.006264872	0.001063202	0.001063202	0.03759243	0.003610494	0.01089736	0.001524297	0.464927	0.00984231	0.0674086	0.457822
2601	-69.59256	-87.73483	18.14228	0	1	1	0	0.005975605	0.0006492774	0.003425373	0.003425373	0.04546496	0.04546496	0.01089736	0.001424801	0.401943	0.0166391	0.113959	0.467459
2602	-76.52161	-85.88168	9.360063	0	1	1	1	0.008446671	0.002237172	0.003425373	0.003425373	0.05838041	0.05838041	0.01604548	0.01604548	0.396212	0.0306587	0.112334	0.460795
2603	-69.70934	-86.63064	16.9213	0	0	1	0	0.008446671	0.003024904	0.0004603449	0.001146316	0.04919721	0.04919721	0.008593947	0.03348921	0.316797	0.0522193	0.191333	0.43965
2604	-73.98196	-86.9317	12.94974	0	1	1	1	0.004317567	0.0003859019	0.0005386945	0.0005386945	0.05482995	0.05482995	0.007929778	0.007929778	0.315759	0.0553253	0.190706	0.438209
2605	-68.81928	-84.6155	15.79622	0	1	1	0	0.006593754	0.000268593	0.0008631727	0.0008631727	0.05482995	0.05482995	0.01611188	0.00258965	0.189368	0.0655449	0.225933	0.519154
2606	-69.48413	-91.70722	22.22309	0	0	1	1	0.008075061	0.0001603311	0.0008631727	0.005329641	0.02286809	0.02286809	0.007198575	0.007198575	0.105637	0.0889926	0.343856	0.461514
2607	-80.08971	-91.32401	11.2343	1	1	1	0	0.006129938	0.006129938	0.00356332	0.00356332	0.03215155	0.03215155	0.02696369	0.009005825	0.178692	0.150537	0.581655	0.0891157
2608	-70.1951	-87.2049	17.0098	0	0	0	1	0.006129938	0.004393244	0.0009817558	0.000115892	0.06044113	0.004826695	0.02696369	0.02696369	0.0345364	0.177443	0.685619	0.102401
2609	-69.63482	-89.94359	20.30877	0	0	1	1	0.006129938	0.002059473	0.001024779	0.002041307	0.02525931	0.02525931	0.0189301	0.0189301	0.0352885	0.181308	0.324956	0.458448
2610	-74.57922	-89.71973	15.1405	0	1	1	0	0.00841237	0.00820462	0.0002033611	0.0002033611	0.03467567	0.03467567	0.0189301	0.01458161	0.0352885	0.181308	0.324956	0.458448
2611	-66.63809	-88.55682	21.91873	0	0	1	0	0.00539633	0.000293077	0.0003201272	0.01570566	0.03467567	0.03467567	0.01857004	0.0008120632	0.241995	0.175301	0.314191	0.268513
2612	-70.50726	-88.57581	18.06855	0	0	1	1	0.00539633	0.0004728126	0.0003206497	0.01506621	0.03467567	0.03467567	0.01232743	0.01232743	0.20622	0.298748	0.201432	0.2936
2613	-69.33145	-89.36973	20.03828	0	1	1	0	0.005334767	0.0004859331	0.0002343492	0.0002343492	0.03415851	0.03415851	0.009089363	0.007689195	0.20622	0.298748	0.201432	0.2936
2614	-73.46851	-87.10423	13.63572	0	0	1	1	0.007192236	0.007006651	0.000386984	0.008303787	0.05018885	0.05018885	0.02053669	0.02053669	0.23202	0.211015	0.226633	0.330332
2615	-69.58968	-88.12429	18.53461	0	0	1	1	0.007066718	0.0004841599	0.000386984	0.01203458	0.03754493	0.03754493	0.008075842	0.008075842	0.149211	0.135703	0.502651	0.212435
2616	-69.65175	-88.2667	18.61495	0	0	1	1	0.007066718	0.001518672	0.000386984	0.01054049	0.03754493	0.03754493	0.008075842	0.008075842	0.123877	0.140072	0.518833	0.217219
2617	-65.1406	-88.00634	22.86573	0	0	1	0	0.007066718	0.0001021293	0.003673929	0.0004511992	0.03958275	0.03958275	0.008075842	0.01140348	0.123877	0.140072	0.518833	0.217219
2618	-61.17905	-91.05667	29.87761	0	0	0	0	0.007066718	0.002064671	0.0009040437	0.0003853831	0.02576706	0.001432617	0.008075842	0.01408841	0.189847	0.144275	0.469368	0.19651
2619	-74.26083	-88.59737	14.33654	0	1	1	1	0.009958082	0.002064671	0.0009040437	0.0009040437	0.03143959	0.03143959	0.01570296	0.01570296	0.35382	0.149494	0.293067	0.203619
2620	-67.17515	-86.32536	19.15021	0	0	0	1	0.009958082	0.0007207322	0.0009040437	0.005325543	0.04648461	0.009601892	0.01861416	0.01861416	0.0240817	0.260378	0.510443	0.205097
2621	-71.11134	-85.9807	14.86936	0	1	1	0	0.01105889	0.002377443	0.0009040437	0.0009040437	0.04648461	0.04648461	0.01720294	0.008530773	0.0240817	0.260378	0.510443	0.205097
2622	-71.64702	-85.9152	14.26818	0	1	1	0	0.01105889	0.002377443	0.003125915	0.003125915	0.05499663	0.05499663	0.01720294	0.001235684	0.0995885	0.123081	0.649761	0.127569
2623	-72.97309	-91.72351	18.75042	0	0	0	1	0.003753185	0.009500632	0.003125915	0.007562985	0.04245177	0.01029848	0.01720294	0.01720294	0.0319253	0.0582716	0.849407	0.0603965
2624	-70.46352	-87.11072	16.6472	0	0	1	1	0.003795903	0.0003479443	0.003166105	0.005654095	0.04957705	0.04957705	0.01384824	0.01384824	0.0315982	0.0576745	0.840703	0.0700243
2625	-68.73175	-85.81237	17.08063	0	1	1	0	0.004637285	0.0009256237	0.001137097	0.001137097	0.04957705	0.04957705	0.01384824	0.003784812	0.0657505	0.120011	0.42399	0.390248
2626	-71.51807	-87.81906	16.30099	0	1	0	0	0.00417404	0.004767841	0.001137097	0.001137097	0.04957705	0.02487417	0.01636102	0.007015592	0.0617055	0.200778	0.371276	0.36624
2627	-75.59731	-88.41591	12.8186	0	1	1	1	0.005133893	0.004391244	0.002780136	0.002780136	0.03884262	0.03884262	0.01760415	0.01760415	0.0617055	0.200778	0.371276	0.36624
2628	-69.61989	-87.76273	18.14284	0	1	0	1	0.005463624	0.001129704	0.0007156879	0.0007156879	0.03981295	0.00310805	0.01760415	0.01760415	0.10717	0.0122405	0.267528	0.613061
2629	-64.23226	-87.73426	23.502	0	1	0	0	0.01158726	0.001160721	0.0008792184	0.0008792184	0.03981295	0.003105917	0.009423391	0.0007470996	0.266189	0.0304028	0.664485	0.0389233
2630	-71.22503	-87.12276	15.89772	0	1	0	0	0.01357585	0.001160721	0.004496364	0.004496364	0.06157615	0.003105917	0.01308595	0.01321257	0.216314	0.0247063	0.727349	0.0316304
2631	-60.79922	-85.31663	24.51741	0	0	0	0	0.006590493	0.001160721	0.002259102	0.0004297412	0.06157615	0.002966579	0.01308595	0.002376742	0.14627	0.340514	0.491828	0.0213882
2632	-66.68492	-86.48341	19.79849	0	0	1	0	0.007158184	0.001803329	0.002259102	0.004884224	0.05340328	0.05340328	0.01017314	0.008219608	0.130255	0.41272	0.437979	0.0190465
2633	-67.26552	-90.97991	23.71439	0	0	0	1	0.007158184	0.0009678692	0.00239427	0.005444017	0.03425629	0.005107891	0.01017314	0.01017314	0.627781	0.229523	0.0508995	0.0917969
2634	-68.9074	-92.43841	23.53101	1	0	0	0	0.007158184	0.007158184	0.005244598	0.003031259	0.03425629	0.004975252	0.009814035	0.002070982	0.236856	0.0832478	0.645263	0.0346341
2635	-73.71452	-92.23709	18.52256	0	1	1	0	0.007158184	0.00578295	0.005244598	0.005244598	0.0337676	0.0337676	0.009814035	0.003894756	0.733785	0.0323202	0.126597	0.107297
2636	-82.48509	-91.88883	9.403744	1	1	1	1	0.007158184	0.007158184	0.005244598	0.005244598	0.03653129	0.03653129	0.009814035	0.009814035	0.517743	0.204501	0.244715	0.0330415
2637	-71.94705	-86.8243	14.87725	0	0	1	1	0.007158184	0.005649321	0.001298149	0.002621516	0.0543223	0.0543223	0.01546411	0.01546411	0.479971	0.262536	0.226862	0.030631
2638	-74.73112	-87.63063	12.89951	0	0	1	1	0.01313387	0.005689628	0.0005892167	0.008627244	0.0543223	0.0543223	0.01546411	0.01546411	0.47235	0.258367	0.22326	0.0460223
2639	-73.12884	-89.5734	16.44456	0	0	1	1	0.01313387	0.0005067239	0.0006176626	0.008205154	0.04820061	0.04820061	0.006884408	0.006884408	0.0700268	0.866717	0.0564334	0.00682289
2640	-76.58026	-93.26814	16.68788	0	1	1	0	0.01313387	0.005269813	0.0006176626	0.0006176626	0.03316547	0.03316547	0.02149246	0.002477336	0.648374	0.327708	0.0213376	0.00257976
2641	-72.38696	-94.78998	22.40302	0	0	0	1	0.003247732	0.001311297	0.0006723117	0.01172048	0.02887724	0.005681261	0.02149246	0.02149246	0.720686	0.244417	0.0320291	0.00286747
2642	-71.02777	-91.00385	19.97607	0	0	1	1	0.003247732	0.000197356	0.001287409	0.005185798	0.03657981	0.03657981	0.01084984	0.01084984	0.486239	0.459934	0.0494035	0.00442295
2643	-78.05242	-91.28287	13.23044	1	1	1	0	0.003247732	0.003247732	0.0009626067	0.0009626067	0.03657981	0.03657981	0.0146074	0.01099873	0.0292817	0.90064	0.0614171	0.00866098
2644	-75.30386	-90.46863	15.16477	1	1	1	0	0.003247732	0.003247732	0.001965032	0.001965032	0.03657981	0.03657981	0.009208422	0.004330799	0.221361	0.248869	0.464295	0.0654744
2645	-67.81238	-87.84735	20.03497	0	0	1	1	0.005382785	8.708893e-05	0.00112412	0.00462885	0.03657981	0.03657981	0.009208422	0.009208422	0.155253	0.174547	0.325637	0.344563
2646	-68.26779	-87.86163	19.59384	0	1	1	0	0.009542291	0.000244266	0.0005500871	0.0005500871	0.03657981	0.03657981	0.009208422	0.00340948	0.132422	0.148878	0.27775	0.44095
2647	-74.03192	-87.39219	13.36026	0	0	1	1	0.009542291	0.005018675	0.003154427	0.00679293	0.06147409	0.06147409	0.009208422	0.009208422	0.191557	0.215361	0.401782	0.1913
2648	-76.45815	-84.76948	8.311326	0	1	1	1	0.009542291	0.002290859	0.001326869	0.001326869	0.06147409	0.06147409	0.01989985	0.01989985	0.171154	0.192424	0.358989	0.277433
2649	-72.90299	-90.37699	17.474	0	1	1	0	0.009542291	0.003292575	0.001326869	0.001326869	0.03237676	0.03237676	0.006731078	0.0183904	0.226803	0.254987	0.475709	0.0425012
2650	-76.44001	-90.56682	14.12681	1	1	1	0	0.009542291	0.009542291	0.001326869	0.001326869	0.03237676	0.03237676	0.01084014	0.007182914	0.0298308	0.19006	0.734085	0.0460239
2651	-61.50046	-91.85822	30.35776	0	0	0	0	0.005996524	0.0008606688	0.001326869	0.0002406667	0.01822527	0.002050176	0.01945773	0.008880364	0.0326732	0.361148	0.518725	0.0874536
2652	-59.89641	-89.31316	29.41675	0	0	0	0	0.005996524	0.0008606688	0.004564813	0.0002053662	0.0375699	0.001675903	0.009269882	0.002277848	0.288185	0.265969	0.382017	0.0638289
2653	-81.37708	-90.99676	9.61968	1	1	1	1	0.005996524	0.005996524	0.004564813	0.004564813	0.0375699	0.0375699	0.009381701	0.009381701	0.288185	0.265969	0.382017	0.0638289
2654	-77.74391	-91.03428	13.29036	1	1	1	0	0.005996524	0.005996524	0.004564813	0.004564813	0.0375699	0.0375699	0.009381701	0.008540595	0.307077	0.194311	0.279093	0.219519
2655	-73.34928	-88.89856	15.54928	0	1	1	1	0.002746781	0.0001207279	0.0004733772	0.0004733772	0.0375699	0.0375699	0.01222159	0.01222159	0.060788	0.23559	0.338384	0.365237
2656	-67.93014	-88.28208	20.35193	0	0	1	1	0.003357897	0.0006570552	0.0003000659	0.0007727834	0.0375699	0.0375699	0.01254029	0.01254029	0.103702	0.15797	0.11525	0.623079
2657	-77.98379	-90.73516	12.75137	1	1	1	0	0.003357897	0.003357897	0.001360983	0.001360983	0.0375699	0.0375699	0.006271913	0.0205759	0.169244	0.257812	0.188092	0.384853
2658	-68.52085	-90.75207	22.23122	0	0	1	0	0.01289298	0.002273483	0.001360983	0.001351523	0.02737726	0.02737726	0.01551591	0.01321334	0.169244	0.257812	0.188092	0.384853
2659	-71.69823	-90.21078	18.51255	0	1	1	0	0.01289298	0.0016266	0.0005182714	0.0005182714	0.03090158	0.03090158	0.01551591	0.004264086	0.0558362	0.615993	0.107735	0.220436
2660	-65.9051	-89.71518	23.81008	0	0	1	0	0.005869992	0.004150155	0.0005182714	0.002470569	0.03090158	0.03090158	0.02053435	0.000509389	0.112438	0.226718	0.216948	0.443895
2661	-71.65745	-86.44138	14.78393	1	0	1	0	0.005869992	0.005869992	0.0005182714	0.002470569	0.05450824	0.05450824	0.02053435	0.003145933	0.24152	0.104588	0.332965	0.320927
2662	-72.89999	-87.81829	14.9183	0	1	0	1	0.005078217	0.004207991	0.000670917	0.000670917	0.05450824	0.001543	0.02027038	0.02027038	0.161107	0.287131	0.337687	0.214075
2663	-75.88673	-87.81478	11.92805	0	1	1	1	0.009499537	0.004785941	0.0009918663	0.0009918663	0.04246844	0.04246844	0.01610029	0.01610029	0.201497	0.492391	0.165472	0.140641
2664	-75.48061	-92.1798	16.69919	0	1	1	1	0.009419687	0.002806981	0.0004657582	0.0004657582	0.02537592	0.02537592	0.008486453	0.008486453	0.189884	0.403582	0.155935	0.250599
2665	-64.68136	-89.75333	25.07198	0	0	0	0	0.009419687	0.002806981	0.004731922	0.003961611	0.05504375	0.00336367	0.007677713	0.000267991	0.0420381	0.612242	0.236557	0.109163
2666	-69.76442	-90.84108	21.07666	0	1	0	0	0.01396301	0.001624494	0.004731922	0.004731922	0.04380556	0.003357399	0.01137959	0.001727679	0.302219	0.445958	0.172309	0.0795147
2667	-66.78403	-89.5533	22.76927	0	0	0	1	0.01233176	0.0009204965	0.00107423	0.002441918	0.04380556	0.003357399	0.006976465	0.006976465	0.0943423	0.578814	0.223641	0.103203
2668	-73.46458	-87.26998	13.80539	0	1	1	1	0.0093813	0.0009204965	0.0009561016	0.0009561016	0.04380556	0.04380556	0.008044053	0.008044053	0.147502	0.341484	0.349658	0.161355
2669	-65.89957	-89.97894	24.07938	0	1	0	0	0.003066813	0.0009204965	0.001606152	0.001606152	0.04380556	0.001142291	0.008044053	0.004828537	0.0911489	0.364058	0.372772	0.172022
2670	-70.81775	-88.24728	17.42952	1	0	1	0	0.003066813	0.003066813	0.0003340859	0.004365077	0.04817907	0.04817907	0.009261341	0.006708	0.0563482	0.22506	0.26188	0.456711
2671	-75.91318	-90.30899	14.39581	1	1	1	0	0.003066813	0.003066813	0.0006761809	0.0006761809	0.03255985	0.03255985	0.01827781	0.005149601	0.0563482	0.22506	0.26188	0.456711
2672	-79.50437	-88.88864	9.384279	1	1	1	1	0.003894873	0.003894873	0.0006997894	0.0006997894	0.03598697	0.03598697	0.01827781	0.01827781	0.339335	0.0386879	0.361146	0.260831
2673	-71.81952	-87.9072	16.08767	0	1	0	1	0.004664339	0.003014862	0.0006997894	0.0006997894	0.04544567	0.007079985	0.01868521	0.01868521	0.339335	0.0386879	0.361146	0.260831
2674	-72.72439	-87.23195	14.50756	0	0	1	1	0.008955807	0.00284756	0.0006997894	0.003878827	0.04544567	0.04544567	0.02680054	0.02680054	0.328512	0.0374539	0.349626	0.284408
2675	-73.33799	-87.08859	13.7506	0	1	1	0	0.007977001	0.00284756	0.001034506	0.001034506	0.04544567	0.04544567	0.02680054	0.008852785	0.328512	0.0374539	0.349626	0.284408
2676	-68.1121	-86.57426	18.46216	0	1	0	0	0.01346297	0.00284756	0.001034506	0.001034506	0.05840988	0.003814794	0.01469536	0.001279721	0.440099	0.050176	0.468385	0.0413401
2677	-70.77493	-85.21012	14.43519	0	1	1	0	0.00984762	0.001901979	0.001034506	0.001034506	0.05840988	0.05840988	0.01469536	0.003152839	0.341416	0.288772	0.339819	0.0299928
2678	-69.74758	-87.37921	17.63163	0	0	1	0	0.01324283	0.001901979	0.001034506	0.006208157	0.05840988	0.05840988	0.01637871	0.003119405	0.45555	0.451634	0.0260731	0.0667434
2679	-69.26525	-88.88449	19.61924	0	0	1	1	0.003568747	0.002237975	0.001034506	0.002706346	0.03346278	0.03346278	0.01637871	0.01637871	0.054339	0.0733846	0.0137113	0.858565
2680	-68.47616	-88.04484	19.56868	0	0	1	0	0.01008605	0.002237975	0.001034506	0.004314421	0.03346278	0.03346278	0.01637871	0.02170099	0.174338	0.194675	0.420619	0.210368
2681	-67.2391	-92.36989	25.13079	0	1	0	0	0.005489447	0.002237975	0.001034506	0.001034506	0.03346278	0.003440282	0.006783903	0.004950844	0.252449	0.373067	0.0698609	0.304622
2682	-74.17711	-86.96816	12.79105	0	1	1	1	0.005489447	0.001557733	0.001085618	0.001085618	0.04366879	0.04366879	0.01710802	0.01710802	0.268162	0.396287	0.074209	0.261343
2683	-71.65609	-89.07011	17.41403	1	0	1	0	0.005489447	0.005489447	0.002068909	0.002411847	0.04366879	0.04366879	0.009939941	0.008424079	0.276026	0.392028	0.0734115	0.258535
2684	-74.24984	-88.65149	14.40165	0	1	1	1	0.005489447	0.0029707	0.001020141	0.001020141	0.03912038	0.03912038	0.01109623	0.01109623	0.303044	0.430401	0.0805973	0.185957
2685	-71.37052	-88.00371	16.6332	0	1	0	1	0.005489447	0.001483684	0.002206172	0.002206172	0.03912038	0.01345607	0.01471367	0.01471367	0.0432259	0.143787	0.268687	0.544299
2686	-75.01598	-87.86068	12.8447	0	1	1	1	0.01107887	0.001483684	0.002206172	0.002206172	0.03912038	0.03912038	0.01471367	0.01471367	0.40772	0.0919151	0.0848186	0.415546
2687	-65.70458	-89.58122	23.87664	0	1	0	0	0.007931808	0.002446152	0.001482584	0.001482584	0.03269703	0.000176668	0.01282689	0.007012448	0.355854	0.0802226	0.201239	0.362684
2688	-65.22294	-88.51839	23.29545	0	0	1	0	0.007931808	0.0004434205	0.001337578	0.004792694	0.03269703	0.03269703	0.01368304	0.007012448	0.515038	0.0235595	0.0590992	0.402304
2689	-75.35361	-89.18944	13.83583	1	1	1	0	0.004563175	0.004563175	0.001337578	0.001337578	0.03801526	0.03801526	0.01368304	0.005334388	0.485658	0.0792594	0.0557279	0.379355
2690	-60.70279	-88.40956	27.70677	0	0	0	0	0.004044172	0.0008123793	0.001172267	0.0008742355	0.03801526	0.01219927	0.01368304	0.001401526	0.20807	0.214639	0.312664	0.264626
2691	-68.91627	-88.36065	19.44438	0	1	1	0	0.00759907	0.002600164	0.001681935	0.001681935	0.03801526	0.03801526	0.008935936	0.00155691	0.196879	0.203094	0.349634	0.250393
2692	-76.35782	-87.56263	11.20481	0	1	1	1	0.01387675	0.002600164	0.001681935	0.001681935	0.05088823	0.05088823	0.008935936	0.008935936	0.0329028	0.291289	0.183253	0.492555
2693	-68.93447	-91.18188	22.24741	0	0	0	1	0.01457417	0.002600164	0.001681935	0.003470811	0.03268932	0.01041681	0.00845968	0.00845968	0.0154872	0.137108	0.615561	0.231843
2694	-74.14409	-90.46113	16.31705	1	1	1	0	0.004891801	0.004891801	0.0008578845	0.0008578845	0.03268932	0.03268932	0.00845968	0.001841999	0.0148161	0.283937	0.479449	0.221798
2695	-68.49966	-90.8548	22.35514	1	0	0	0	0.004891801	0.004891801	0.0008524514	0.001109808	0.03135613	0.02150527	0.00845968	0.005101505	0.192676	0.053211	0.529816	0.224297
2696	-73.85909	-88.78455	14.92546	0	1	1	1	0.004891801	0.004297221	0.0008748255	0.0008748255	0.03817713	0.03817713	0.00845968	0.00845968	0.00777925	0.0653977	0.651156	0.275667
2697	-74.89277	-89.30618	14.41341	0	1	1	1	0.004891801	0.002024847	0.0009740137	0.0009740137	0.03024119	0.03024119	0.02149777	0.02149777	0.11764	0.189377	0.258966	0.434017
2698	-66.71435	-91.25533	24.54098	0	0	0	0	0.004891801	0.005797477	0.0007764657	0.000104763	0.03024119	0.02224929	0.02149777	0.004751895	0.457565	0.222103	0.303717	0.0166157
2699	-79.45982	-88.17321	8.713388	1	1	1	0	0.004891801	0.004891801	0.0003045419	0.0003045419	0.07680867	0.07680867	0.007555756	0.002673366	0.457565	0.222103	0.303717	0.0166157
2700	-75.80683	-87.56394	11.75712	1	0	1	0	0.005077581	0.005077581	0.001031977	0.006313571	0.07680867	0.07680867	0.007555756	0.007573385	0.114392	0.500028	0.381426	0.00415397
2701	-79.19225	-86.1685	6.976253	1	0	1	1	0.005077581	0.005077581	0.002105629	0.002678401	0.07680867	0.07680867	0.01550038	0.01550038	0.0649159	0.563998	0.366869	0.00421636
2702	-61.48977	-91.36444	29.87467	0	0	0	0	0.003756374	0.0001111071	0.002105629	0.0004456901	0.03147475	0.002830096	0.01127591	0.007802045	0.0713837	0.853277	0.0689608	0.00637895
2703	-73.59879	-93.62752	20.02873	1	0	0	1	0.003756374	0.003756374	0.002105629	0.005360229	0.03147475	0.003073851	0.01127591	0.01127591	0.108027	0.79156	0.0639729	0.0364399
2704	-65.59292	-91.70357	26.11066	0	0	0	1	0.003756374	0.003321744	0.002105629	0.001441812	0.02878257	0.003102457	0.009284266	0.009284266	0.043342	0.317584	0.624454	0.0146202
2705	-70.9123	-91.25255	20.34026	1	1	0	0	0.006417173	0.006417173	0.0007811831	0.0007811831	0.03271211	0.00309013	0.01104684	0.001217351	0.3046	0.340843	0.30561	0.0489474
2706	-74.08005	-90.76781	16.68776	0	1	1	1	0.006417173	0.002095848	0.0007811831	0.0007811831	0.02225339	0.02225339	0.01507259	0.01507259	0.0821081	0.45771	0.410396	0.0497855
2707	-77.43672	-92.92061	15.48389	1	1	1	0	0.006417173	0.006417173	0.001255532	0.001255532	0.02921955	0.02921955	0.005932551	0.01068159	0.39148	0.0885024	0.177545	0.342473
2708	-76.75082	-91.59254	14.84173	0	1	1	1	0.007216126	0.004345231	0.004214335	0.004214335	0.02921955	0.02921955	0.01218437	0.01218437	0.373376	0.0844097	0.169334	0.37288
2709	-66.29495	-88.54148	22.24652	0	0	1	0	0.007216126	0.004345231	0.003359524	0.0003107349	0.04174846	0.04174846	0.0118396	0.005078272	0.34516	0.186099	0.146389	0.322352
2710	-68.29906	-90.09331	21.79426	0	1	0	1	0.006713432	0.0007809092	0.001692862	0.001692862	0.02506975	0.0006928521	0.01199801	0.01199801	0.195246	0.150356	0.393957	0.26044
2711	-67.18956	-86.06764	18.87808	0	0	1	1	0.006713432	0.0005106731	0.001692862	0.0001781312	0.04253545	0.04253545	0.01199801	0.01199801	0.211452	0.0798313	0.426658	0.282058
2712	-74.72252	-88.61675	13.89423	1	1	1	0	0.006713432	0.006713432	0.001249135	0.001249135	0.04253545	0.04253545	0.01029128	0.001810049	0.407441	0.153824	0.361389	0.0773455
2713	-68.56941	-86.78093	18.21152	0	0	1	1	0.01197116	1.861287e-05	0.001249135	0.001375701	0.04253545	0.04253545	0.01029128	0.01029128	0.32397	0.13046	0.496083	0.0494874
2714	-69.9983	-88.46231	18.46401	0	1	0	1	0.003285401	1.861287e-05	0.001249135	0.001249135	0.04253545	0.008886915	0.01002153	0.01002153	0.463848	0.00683247	0.458466	0.0708541
2715	-64.34953	-90.0152	25.66567	0	0	1	0	0.003431284	0.00191968	0.001925372	0.001729567	0.03371385	0.03371385	0.01002153	0.001598941	0.374702	0.00796849	0.534694	0.0826349
2716	-59.86524	-88.24055	28.37531	0	0	0	0	0.009007883	0.0002107123	0.001925372	0.002054914	0.03454458	0.003166706	0.01002153	0.007446329	0.424184	0.0714548	0.410813	0.0935475
2717	-68.4679	-88.93413	20.46623	0	0	1	1	0.005491823	0.001373056	0.001925372	0.001187857	0.03454458	0.03454458	0.01002153	0.01002153	0.267747	0.385082	0.259307	0.0878636
2718	-75.42263	-91.231	15.80837	1	1	0	0	0.005491823	0.005491823	0.002709174	0.002709174	0.03454458	0.02705735	0.01002153	0.001363035	0.0943645	0.135718	0.09139	0.678528
2719	-71.36507	-90.86963	19.50456	0	1	1	0	0.005501181	0.004807375	0.002709174	0.002709174	0.03017761	0.03017761	0.01495656	0.001893134	0.0943645	0.135718	0.09139	0.678528
2720	-69.84557	-89.76577	19.92019	0	0	1	1	0.005501181	0.005035265	0.001570032	0.003561956	0.03017761	0.03017761	0.01182153	0.01182153	0.0413198	0.0594273	0.602143	0.29711
2721	-73.52417	-92.12208	18.59791	1	0	0	1	0.004606786	0.004606786	0.001570032	0.003261183	0.03017761	0.00237563	0.02323988	0.02323988	0.0551209	0.30623	0.242303	0.396347
2722	-75.44615	-88.06253	12.61639	0	1	1	0	0.006631857	0.008541514	0.001570032	0.001570032	0.04787297	0.04787297	0.02442951	0.01039997	0.0575614	0.275512	0.253031	0.413895
2723	-76.54024	-87.23905	10.69881	1	1	1	0	0.006631857	0.006631857	0.001578553	0.001578553	0.04787297	0.04787297	0.01758349	0.007210522	0.0745656	0.403754	0.327779	0.193902
2724	-69.64418	-86.04297	16.39879	0	1	0	1	0.009348328	0.0002617726	0.001578553	0.001578553	0.04787297	0.005241701	0.01350692	0.01350692	0.0745656	0.403754	0.327779	0.193902
2725	-70.42543	-91.27148	20.84604	0	1	0	1	0.009348328	0.002351974	0.001578553	0.001578553	0.02289248	0.002434803	0.01376551	0.01376551	0.0892186	0.286585	0.39219	0.232006
2726	-69.9329	-84.99168	15.05878	0	0	1	1	0.009348328	0.002351974	0.001578553	0.0002108651	0.05821996	0.05821996	0.01376551	0.01376551	0.0912787	0.293203	0.14332	0.472199
2727	-76.49192	-85.97374	9.481814	0	1	1	1	0.01290965	0.002351974	0.0005915879	0.0005915879	0.05821996	0.05821996	0.01376551	0.01376551	0.0629908	0.512244	0.098904	0.325861
2728	-68.57769	-88.28939	19.7117	0	0	1	0	0.007512025	0.002351974	0.003862984	0.007187862	0.05821996	0.05821996	0.00834593	0.0009165848	0.0802465	0.652569	0.125998	0.141186
2729	-68.91521	-89.04045	20.12524	0	1	1	0	0.007360028	0.0005516868	0.001850578	0.001850578	0.03720772	0.03720772	0.00834593	0.001178757	0.0802465	0.652569	0.125998	0.141186
2730	-68.29701	-92.76902	24.472	0	1	0	0	0.007360028	0.002493321	0.001850578	0.001850578	0.02701613	0.01306303	0.00834593	0.001039044	0.533153	0.33281	0.064259	0.0697777
2731	-64.22058	-90.42787	26.20729	0	0	1	0	0.007360028	0.001571475	0.001850578	0.004904028	0.0270684	0.0270684	0.008116823	0.0003707469	0.111494	0.0695982	0.634211	0.184696
2732	-63.38147	-87.19988	23.81841	0	1	0	0	0.007360028	0.001390134	0.001850578	0.001850578	0.03714738	0.001515049	0.01480278	0.0008407009	0.103001	0.0642962	0.662077	0.170626
2733	-67.51645	-88.90689	21.39043	0	1	0	0	0.01263791	0.0008511515	0.001850578	0.001850578	0.03714738	0.009021388	0.008096501	0.009189944	0.103001	0.0642962	0.662077	0.170626
2734	-69.5409	-86.4172	16.87631	0	1	0	1	0.01263791	0.0001999291	0.0007173809	0.0007173809	0.04466436	0.003870433	0.01298881	0.01298881	0.351539	0.0547948	0.564238	0.029428
2735	-69.27209	-88.04531	18.77321	0	1	0	1	0.003365935	0.0009751089	0.0008017817	0.0008017817	0.04466436	0.003364233	0.01105698	0.01105698	0.30118	0.0469452	0.626663	0.0252123
2736	-69.96687	-90.84264	20.87576	0	0	0	0	0.003365935	0.0009751089	0.002524911	0.01247839	0.0326698	0.04308985	0.01105698	0.005114958	0.30118	0.0469452	0.626663	0.0252123
2737	-69.02474	-88.7089	19.68416	0	0	1	1	0.01019623	0.0009751089	0.00248236	0.00163722	0.0326698	0.0326698	0.01105698	0.01105698	0.00866182	0.485245	0.419339	0.0867544
2738	-70.20548	-86.72823	16.52275	0	1	0	1	0.01019623	0.0004732219	0.002426051	0.002426051	0.04704907	0.005899614	0.01105698	0.01105698	0.00914699	0.512425	0.442827	0.0356016
2739	-83.47127	-88.87277	5.401491	1	1	1	1	0.01019623	0.01019623	0.00275354	0.00275354	0.04704907	0.04704907	0.02164242	0.02164242	0.0045001	0.252101	0.362006	0.381393
2740	-72.58122	-89.21978	16.63855	0	0	1	1	0.01079265	0.005887309	0.00275354	0.001160963	0.03949804	0.03949804	0.01634627	0.01634627	0.00165337	0.585778	0.146428	0.266141
2741	-75.33984	-88.79907	13.45923	0	1	1	1	0.01079265	0.0006328829	0.00275354	0.00275354	0.03456227	0.03456227	0.01634627	0.01634627	0.100003	0.518183	0.134828	0.246986
2742	-74.08548	-85.67463	11.58915	0	1	1	1	0.00580385	0.0006328829	0.0009534926	0.0009534926	0.05729914	0.05729914	0.01109522	0.01109522	0.155745	0.486089	0.126478	0.231689
2743	-74.95907	-86.32943	11.37037	0	1	1	0	0.01257496	0.0006328829	0.002151235	0.002151235	0.05729914	0.05729914	0.02242755	0.01148741	0.160596	0.501228	0.0310017	0.307174
2744	-78.65619	-86.81787	8.161677	1	1	1	0	0.004295798	0.004295798	0.002151235	0.002151235	0.06150515	0.06150515	0.02242755	0.005010226	0.290592	0.0974942	0.0560962	0.555818
2745	-77.02789	-91.62374	14.59585	1	1	1	0	0.004295798	0.004295798	0.0006722896	0.0006722896	0.03037442	0.03037442	0.02242755	0.0008160123	0.555805	0.186474	0.107293	0.150428
2746	-70.15111	-92.24555	22.09444	0	1	0	1	0.002717632	0.0005397951	0.00111234	0.00111234	0.03097287	0.0008226098	0.00906547	0.00906547	0.348928	0.244396	0.209523	0.197153
2747	-65.12659	-90.85035	25.72376	0	1	0	0	0.0103658	5.961922e-05	0.0009605247	0.0009605247	0.02528895	0.004312475	0.01286182	0.0001587375	0.386839	0.270949	0.123639	0.218573
2748	-67.11209	-91.93608	24.82399	0	0	1	0	0.009502159	5.961922e-05	0.004663038	0.003854912	0.02903886	0.02903886	0.007244058	0.004792013	0.244026	0.394239	0.262375	0.0993597
2749	-67.13815	-89.48896	22.35081	0	1	0	0	0.009502159	0.0001934091	0.004663038	0.004663038	0.03723102	0.001133392	0.01822032	0.002358075	0.220056	0.463367	0.229621	0.0869558
2750	-70.15703	-91.90004	21.74301	0	1	1	0	0.008686618	0.0001934091	0.0008116902	0.0008116902	0.01704032	0.01704032	0.01822032	0.00228858	0.208551	0.200729	0.508311	0.0824095
2751	-74.97933	-92.59121	17.61188	0	1	1	1	0.005270851	0.0002563702	0.000546276	0.000546276	0.01704032	0.01704032	0.01822032	0.01822032	0.158151	0.393886	0.385469	0.0624938
2752	-63.98702	-89.00345	25.01643	0	0	1	0	0.005270851	6.361716e-05	0.0002464279	0.003281042	0.03674795	0.03674795	0.007320252	0.005123777	0.127578	0.516508	0.305502	0.0504127
2753	-63.49128	-88.05354	24.56226	0	0	0	1	0.005270851	0.0002668077	0.001348962	0.004414584	0.03674795	0.001345786	0.01125683	0.01125683	0.0876773	0.354967	0.52271	0.0346459
2754	-63.28575	-87.60688	24.32113	0	0	0	1	0.005270851	0.0001102025	0.001348962	0.002618608	0.0400743	0.001351287	0.01125683	0.01125683	0.0623493	0.541303	0.371711	0.0246375
2755	-74.28703	-87.39204	13.105	0	1	0	1	0.01952163	0.0004245891	0.002024176	0.002024176	0.06230474	0.001118965	0.01125683	0.01125683	0.0290182	0.199721	0.759794	0.0114666
2756	-68.90617	-88.07957	19.1734	0	1	0	1	0.007670897	0.001582107	0.002024176	0.002024176	0.03466944	0.004735856	0.01125683	0.01125683	0.0237279	0.16331	0.621275	0.191688
2757	-81.65699	-88.17481	6.517825	1	1	1	1	0.002267756	0.002267756	0.001870162	0.001870162	0.05252594	0.05252594	0.01859191	0.01859191	0.0237279	0.16331	0.621275	0.191688
2758	-74.99652	-92.20634	17.20982	0	1	1	0	0.002267756	0.006336547	0.001870162	0.001870162	0.03259756	0.03259756	0.01754162	0.01255747	0.0397119	0.273321	0.499137	0.18783
2759	-70.54775	-90.82772	20.27998	0	1	0	1	0.003557834	0.002623401	0.001870162	0.001870162	0.02949084	0.0005257342	0.01754162	0.01754162	0.0416845	0.286898	0.52393	0.147487
2760	-67.35799	-89.01391	21.65592	1	0	0	0	0.003557834	0.003557834	0.001938091	0.002881534	0.04664727	0.0008918194	0.01754162	0.003818092	0.0446246	0.236602	0.560884	0.157889
2761	-65.40075	-85.69945	20.2987	0	1	0	0	0.008232416	0.001243249	0.001938091	0.001938091	0.04863167	0.003257541	0.01754162	0.00419507	0.0608455	0.018871	0.718129	0.202154
2762	-63.34794	-87.03562	23.68768	0	0	0	0	0.005754055	0.002878237	0.001938091	0.003853078	0.04863167	0.01115595	0.01754162	0.003438922	0.0524653	0.021276	0.619222	0.307036
2763	-75.20631	-86.71289	11.50658	1	0	1	1	0.004502426	0.004502426	0.001938091	0.003346159	0.05578637	0.05578637	0.01068384	0.01068384	0.0432812	0.0175516	0.510827	0.428341
2764	-72.48478	-88.10596	15.62118	0	1	0	1	0.00492531	0.004845428	0.001938091	0.001938091	0.05578637	0.004079172	0.01068384	0.01068384	0.442278	0.00392454	0.500623	0.0531738
2765	-63.47167	-89.29599	25.82431	0	0	0	0	0.00492531	0.003464256	0.001312122	0.001149144	0.05311986	0.0007057886	0.01068384	0.007609594	0.262708	0.0490256	0.0899275	0.598339
2766	-81.19558	-85.7054	4.509818	1	1	1	1	0.006009238	0.006009238	0.001312122	0.001312122	0.0687365	0.0687365	0.01068384	0.01068384	0.22641	0.036465	0.292083	0.445042
2767	-73.35743	-93.1156	19.75817	1	0	1	0	0.002851705	0.002851705	0.003743271	0.001212538	0.03094519	0.03094519	0.006443023	0.01339863	0.161552	0.0395222	0.316571	0.482354
2768	-77.264	-94.59343	17.32943	1	0	1	1	0.002851705	0.002851705	0.001594398	0.003356687	0.03094519	0.03094519	0.004201785	0.004201785	0.161552	0.0395222	0.316571	0.482354
2769	-64.29699	-89.25322	24.95623	0	0	1	0	0.006438671	0.0006964238	0.0009458127	0.005017441	0.03230946	0.03230946	0.007486446	0.005503979	0.161552	0.0395222	0.316571	0.482354
2770	-68.43858	-90.01603	21.57746	0	1	1	0	0.006438671	0.0004554357	0.0009458127	0.0009458127	0.02656608	0.02656608	0.009205724	0.004576205	0.134032	0.203141	0.262643	0.400184
2771	-68.19253	-90.31411	22.12157	0	1	1	0	0.006438671	0.0002490933	0.001042503	0.001042503	0.02656608	0.02656608	0.008293128	0.002486062	0.134032	0.203141	0.262643	0.400184
2772	-70.65578	-91.68163	21.02584	0	1	1	0	0.01173981	0.001081477	0.001979205	0.001979205	0.0293458	0.0293458	0.006499477	0.0006974291	0.134032	0.203141	0.262643	0.400184
2773	-70.91967	-86.44784	15.52816	0	1	1	0	0.006087838	0.001081477	0.001979205	0.001979205	0.06350313	0.06350313	0.006845876	0.003292781	0.0456249	0.171208	0.455647	0.32752
2774	-66.10096	-89.19936	23.0984	0	1	0	0	0.00481626	0.001081477	0.001840792	0.001840792	0.03135358	0.01073185	0.01305649	0.006144724	0.20781	0.142113	0.378215	0.271862
2775	-74.24499	-90.00964	15.76465	0	1	1	1	0.00481626	0.001345838	0.00349849	0.00349849	0.03135358	0.03135358	0.01088627	0.01088627	0.20781	0.142113	0.378215	0.271862
2776	-78.7769	-88.31923	9.542328	1	1	1	1	0.003779647	0.003779647	0.0009952704	0.0009952704	0.04229421	0.04229421	0.01088627	0.01088627	0.20781	0.142113	0.378215	0.271862
2777	-75.04618	-86.37428	11.3281	1	0	1	1	0.003779647	0.003779647	0.0009952704	0.0007715235	0.05532684	0.05532684	0.01640449	0.01640449	0.0413305	0.211811	0.394766	0.352093
2778	-83.92337	-85.33005	1.406684	1	1	1	1	0.004927487	0.004927487	0.002321216	0.002321216	0.08351312	0.08351312	0.01373001	0.01373001	0.0509485	0.0283929	0.486631	0.434028
2779	-75.99209	-89.42691	13.43482	1	1	1	0	0.004927487	0.004927487	0.002321216	0.002321216	0.04607102	0.04607102	0.006406972	0.005500519	0.0806152	0.0239235	0.0490526	0.846409
2780	-71.43428	-86.99445	15.56018	0	1	1	0	0.004927487	0.001920226	0.001178956	0.001178956	0.04607102	0.04607102	0.007865876	0.02064362	0.0806152	0.0239235	0.0490526	0.846409
2781	-73.39346	-90.9611	17.56765	1	0	1	0	0.003677641	0.003677641	0.002626087	0.01114009	0.04607102	0.04607102	0.007203731	0.0004057386	0.0555329	0.01648	0.344927	0.58306
2782	-72.87436	-94.36774	21.49338	0	1	0	1	0.01494653	0.0008115949	0.001207566	0.001207566	0.02698378	0.0002856065	0.004433801	0.004433801	0.105183	0.0312141	0.653312	0.210291
2783	-69.2175	-88.34697	19.12947	0	0	1	0	0.01494653	0.0007069659	0.000359233	0.004994613	0.06281777	0.06281777	0.005167283	0.002735333	0.0717704	0.338957	0.445782	0.14349
2784	-73.10105	-86.81381	13.71276	0	1	1	1	0.00554118	0.002003022	0.001072501	0.001072501	0.04061683	0.04061683	0.01440386	0.01440386	0.0654294	0.30901	0.343098	0.282462
2785	-69.22611	-89.90264	20.67654	0	1	1	0	0.00554118	0.0001210859	0.001072501	0.001072501	0.02767239	0.02767239	0.01857683	0.0003572665	0.0332499	0.478156	0.0515182	0.437076
2786	-72.63235	-86.82849	14.19614	0	1	1	1	0.004588021	0.0001210859	0.0009202258	0.0009202258	0.04584056	0.04584056	0.009402524	0.009402524	0.024621	0.354067	0.297664	0.323648
2787	-70.34281	-88.09106	17.74824	0	1	1	0	0.01085302	0.0004562639	0.0009202258	0.0009202258	0.03210116	0.03210116	0.020442	0.005318607	0.0279544	0.266618	0.337963	0.367465
2788	-78.22563	-87.51612	9.290488	1	0	1	1	0.01040481	0.01040481	0.0009202258	0.003497002	0.05366904	0.05366904	0.020442	0.020442	0.0309657	0.337038	0.37437	0.257626
2789	-75.07877	-89.04807	13.9693	0	1	1	1	0.01040481	0.0004433903	0.001059954	0.001059954	0.02981978	0.02981978	0.020442	0.020442	0.0185	0.603924	0.223661	0.153914
2790	-66.40743	-89.77363	23.3662	0	0	1	0	0.01040481	0.0004983558	0.001059954	0.0004665306	0.02981978	0.02981978	0.020442	0.004801893	0.0308387	0.669147	0.0522533	0.247761
2791	-72.03749	-90.58455	18.54706	0	1	1	0	0.005047605	0.004277632	0.0007342477	0.0007342477	0.02813717	0.02813717	0.01917671	0.008148642	0.0731013	0.215733	0.123863	0.587302
2792	-78.94805	-92.28118	13.33313	1	1	1	0	0.009802545	0.009802545	0.001485206	0.001485206	0.02813717	0.02813717	0.01917671	0.007207245	0.0735412	0.217032	0.124609	0.584818
2793	-70.92211	-89.30744	18.38533	0	1	1	0	0.009802545	0.002494609	0.0006912317	0.0006912317	0.02813717	0.02813717	0.01917671	0.006144846	0.079822	0.235567	0.448553	0.236058
2794	-76.93166	-84.65755	7.725885	0	1	1	1	0.009802545	0.001842439	0.002495104	0.002495104	0.06456592	0.06456592	0.01917671	0.01917671	0.0960003	0.0806324	0.539465	0.283902
2795	-73.90711	-87.16719	13.26008	0	1	1	1	0.009802545	0.001416598	0.002495104	0.002495104	0.03762908	0.03762908	0.0148834	0.0148834	0.0945605	0.0794231	0.531375	0.294642
2796	-67.07346	-94.31332	27.23985	1	0	0	0	0.006268084	0.006268084	0.002495104	0.000283996	0.01992407	0.0008382487	0.01052234	0.005003945	0.08929	0.130734	0.501757	0.278219
2797	-73.2639	-91.57887	18.31496	1	0	1	0	0.006268084	0.006268084	0.002495104	0.001823966	0.0262402	0.0262402	0.02228864	0.007733606	0.08929	0.130734	0.501757	0.278219
2798	-79.46628	-95.83132	16.36504	1	0	1	1	0.006268084	0.006268084	0.002495104	0.001596719	0.01581763	0.01581763	0.02228864	0.02228864	0.305885	0.0996411	0.382424	0.21205
2799	-82.55454	-96.21616	13.66162	1	1	1	1	0.006268084	0.006268084	0.002495104	0.002495104	0.01592078	0.01592078	0.009708812	0.009708812	0.305885	0.0996411	0.382424	0.21205
2800	-60.38783	-89.86971	29.48188	0	0	0	0	0.006268084	0.002039685	0.0003165914	0.004618367	0.03822262	0.0008642596	0.009708812	9.948266e-06	0.479797	0.0746757	0.286607	0.15892
2801	-70.92904	-88.8274	17.89836	0	1	1	0	0.006268084	0.002039685	0.002190367	0.002190367	0.03231716	0.03231716	0.01845219	0.007965118	0.479797	0.0746757	0.286607	0.15892
2802	-71.4412	-86.1862	14.74499	0	0	1	0	0.01169649	0.002039685	0.002190367	0.01020531	0.07273854	0.07273854	0.01545303	0.002483797	0.601106	0.0935562	0.106238	0.199101
2803	-70.90709	-87.64004	16.73295	0	0	1	0	0.009614152	0.009544829	0.002598658	0.004089975	0.06535204	0.06535204	0.01251791	0.001718398	0.471613	0.175077	0.198808	0.154502
2804	-62.23872	-91.32434	29.08563	0	0	0	0	0.004011922	0.0006416185	0.002598658	0.0003529517	0.02661432	0.003139124	0.01251791	0.01443846	0.475676	0.177316	0.201351	0.145657
2805	-77.73771	-92.99141	15.2537	1	1	0	1	0.005966566	0.005966566	0.002598658	0.002598658	0.02661432	0.007125618	0.01251791	0.01251791	0.34459	0.441238	0.178267	0.0359043
2806	-74.21179	-90.14699	15.9352	0	1	1	1	0.006322813	0.000307318	0.002598658	0.002598658	0.02661432	0.02661432	0.01508176	0.01508176	0.251898	0.322548	0.130315	0.295239
2807	-72.86845	-89.05033	16.18187	0	1	1	1	0.005815594	0.000307318	0.001694882	0.001694882	0.02661432	0.02661432	0.01508176	0.01508176	0.165475	0.317853	0.455393	0.0612786
2808	-63.78328	-87.38386	23.60059	0	1	0	0	0.005815594	0.000307318	0.0004512715	0.0004512715	0.03638747	0.00180676	0.01886758	0.002516626	0.172745	0.246381	0.516903	0.0639706
2809	-70.63328	-86.83287	16.19958	0	1	1	0	0.00907533	0.0007221986	0.0008714045	0.0008714045	0.03638747	0.03638747	0.01886758	0.01302574	0.172745	0.246381	0.516903	0.0639706
2810	-66.59246	-86.62588	20.03342	0	0	1	0	0.00907533	0.001315622	0.001286381	0.008038231	0.04272043	0.04272043	0.01886758	0.005253477	0.167035	0.271293	0.499817	0.061856
2811	-64.53026	-87.54471	23.01445	0	0	1	0	0.00907533	0.0008316522	0.0003371596	0.000364152	0.0328504	0.0328504	0.01886758	0.007179081	0.106947	0.173701	0.679747	0.0396047
2812	-63.58797	-89.6544	26.06644	0	0	0	0	0.00907533	0.001112506	0.0005001105	0.01167411	0.0328504	0.001380992	0.02180723	0.003184272	0.108013	0.175431	0.686518	0.0300375
2813	-68.37224	-90.02169	21.64945	0	1	1	0	0.004739896	0.001112506	0.0005001105	0.0005001105	0.0328504	0.0328504	0.007104615	0.001468586	0.152749	0.24809	0.556683	0.0424782
2814	-76.9765	-91.03557	14.05907	1	1	0	1	0.007230139	0.007230139	0.002044827	0.002044827	0.0328504	0.00609668	0.01343442	0.01343442	0.0950616	0.154396	0.346446	0.404096
2815	-71.56225	-91.27272	19.71046	1	0	0	1	0.005783826	0.005783826	0.001002527	0.003084135	0.02942677	0.006135574	0.01343442	0.01343442	0.0950616	0.154396	0.346446	0.404096
2816	-71.89477	-91.42541	19.53064	0	1	0	1	0.005063556	0.0002059461	0.005652732	0.005652732	0.02942677	0.00611243	0.01343442	0.01343442	0.142918	0.383787	0.419433	0.0538629
2817	-73.08398	-91.3607	18.27672	0	1	1	0	0.008144284	0.0008072022	0.005652732	0.005652732	0.02845836	0.02845836	0.02204018	0.00196561	0.147983	0.397388	0.434298	0.0203311
2818	-73.93743	-90.58736	16.64993	0	1	1	0	0.005340151	0.001374552	0.005652732	0.005652732	0.03204553	0.03204553	0.01117946	0.0207813	0.0393411	0.105645	0.849609	0.00540501
2819	-74.02564	-89.48709	15.46145	0	1	1	1	0.005340151	0.004448001	0.0006215962	0.0006215962	0.03204553	0.03204553	0.01117946	0.01117946	0.123504	0.331655	0.527873	0.0169681
2820	-77.18198	-91.32077	14.1388	1	1	0	1	0.005340151	0.005340151	0.0006215962	0.0006215962	0.02653534	0.01752388	0.01117946	0.01117946	0.121994	0.3276	0.521419	0.0289866
2821	-69.11341	-85.25125	16.13785	0	1	1	0	0.00597203	0.001155073	0.0008903187	0.0008903187	0.05345098	0.05345098	0.01117946	0.006655006	0.215905	0.0176186	0.714343	0.0521335
2822	-65.17181	-88.96554	23.79373	0	0	1	0	0.00801071	0.00217156	0.0001621054	0.009317269	0.02939845	0.02939845	0.01135677	0.004630965	0.19139	0.0156181	0.633234	0.159758
2823	-67.70263	-88.19694	20.4943	0	0	1	1	0.00801071	6.380001e-05	0.0001621054	0.0004701406	0.03837879	0.03837879	0.007298094	0.007298094	0.111337	0.064517	0.677918	0.146228
2824	-67.72201	-88.97257	21.25056	0	1	1	0	0.00801071	0.001566947	0.001455081	0.001455081	0.02675139	0.02675139	0.01225205	2.161035e-05	0.113604	0.0454707	0.69172	0.149205
2825	-72.38435	-88.66282	16.27847	0	1	1	1	0.007655423	0.0008474117	0.001455081	0.001455081	0.02675139	0.02675139	0.01225205	0.01225205	0.11506	0.0460536	0.700587	0.138299
2826	-72.69289	-94.07158	21.37869	0	0	1	0	0.007114649	0.0050011	0.001931236	0.02493028	0.02675139	0.02675139	0.008246727	0.004886639	0.108055	0.0432499	0.657935	0.190759
2827	-68.58726	-88.45511	19.86785	0	1	0	0	0.007114649	0.0050011	0.001931236	0.001931236	0.05944003	0.003768188	0.009336791	0.0009121448	0.609896	0.0254817	0.252232	0.11239
2828	-73.8334	-87.66836	13.83496	1	0	1	0	0.004239481	0.004239481	0.001931236	0.0002091708	0.05025982	0.05025982	0.01180076	0.0240351	0.609896	0.0254817	0.252232	0.11239
2829	-81.18976	-87.31361	6.123852	1	1	1	1	0.007610785	0.007610785	0.001931236	0.001931236	0.05678337	0.05678337	0.01118392	0.01118392	0.609896	0.0254817	0.252232	0.11239
2830	-70.6952	-88.46136	17.76616	0	0	1	1	0.008891695	0.001864484	0.001931236	0.006698279	0.04115325	0.04115325	0.00944988	0.00944988	0.617945	0.0186742	0.134829	0.228551
2831	-73.33312	-87.64843	14.3153	0	1	1	1	0.00709906	0.000557388	0.001931236	0.001931236	0.04115325	0.04115325	0.00944988	0.00944988	0.617945	0.0186742	0.134829	0.228551
2832	-75.36969	-86.33334	10.96365	0	1	1	1	0.00709906	0.001384186	0.001732002	0.001732002	0.05969734	0.05969734	0.00944988	0.00944988	0.7225	0.0194373	0.0201714	0.237891
2833	-77.80516	-87.60267	9.797505	0	1	1	1	0.008761951	0.005780915	0.00234282	0.00234282	0.05969734	0.05969734	0.00944988	0.00944988	0.725378	0.0194365	0.0201705	0.235015
2834	-70.30847	-87.0876	16.77913	0	1	1	0	0.01146506	0.0003178544	0.00234282	0.00234282	0.03898623	0.03898623	0.01975557	0.002767131	0.286219	0.0478074	0.594181	0.0717927
2835	-65.77294	-90.92146	25.14852	0	0	1	0	0.007624278	0.0003178544	0.001779281	0.005003039	0.0218843	0.0218843	0.01975557	0.0009340075	0.444125	0.0741826	0.36601	0.115683
2836	-70.36752	-84.89254	14.52502	0	0	1	1	0.007624278	0.0003659998	0.001779281	0.002952467	0.06039011	0.06039011	0.01541621	0.01541621	0.390433	0.235449	0.330773	0.0433455
2837	-73.71246	-88.24718	14.53472	0	1	0	1	0.008176487	0.004091043	0.000376994	0.000376994	0.06039011	2.201138e-05	0.01541621	0.01541621	0.56233	0.293078	0.082163	0.0624293
2838	-66.34536	-89.44209	23.09673	0	0	0	1	0.008176487	0.0007653172	0.0007453302	0.0005286978	0.0313604	0.01290052	0.01455798	0.01455798	0.645689	0.184248	0.0966365	0.0734267
2839	-69.53479	-89.84474	20.30994	0	1	0	1	0.006865588	0.0007653172	0.001236322	0.001236322	0.02766187	0.001738314	0.01717079	0.01717079	0.361046	0.332268	0.174271	0.132415
2840	-68.78718	-89.12811	20.34092	0	1	0	1	0.008031586	2.251556e-05	0.00150899	0.00150899	0.02766187	0.001100964	0.01693505	0.01693505	0.0968284	0.50905	0.266992	0.12713
2841	-71.82946	-92.49953	20.67007	0	0	1	1	0.003994767	2.251556e-05	0.00150899	0.01295423	0.02766187	0.02766187	0.007235858	0.007235858	0.217832	0.374398	0.276238	0.131532
2842	-65.98279	-89.27648	23.29369	0	0	1	0	0.01212524	1.010817e-06	0.00150899	0.004120462	0.03083544	0.03083544	0.01173032	0.007586639	0.246859	0.424289	0.313048	0.0158043
2843	-63.55587	-90.12512	26.56924	0	0	0	1	0.003306469	8.629158e-06	0.00150899	4.917437e-05	0.03083544	0.001672108	0.01179089	0.01179089	0.246859	0.424289	0.313048	0.0158043
2844	-69.04104	-91.20619	22.16515	0	1	0	1	0.003306469	8.629158e-06	0.001275183	0.001275183	0.02538242	0.002734343	0.01211925	0.01211925	0.0356441	0.549898	0.405725	0.00873333
2845	-67.78188	-89.59771	21.81583	0	1	0	1	0.006309977	1.231149e-05	0.00152669	0.00152669	0.02538242	0.002724296	0.0108687	0.0108687	0.0293875	0.453374	0.510038	0.00720037
2846	-68.13608	-89.99586	21.85978	0	0	1	1	0.004863035	1.467987e-05	0.00152669	0.003539126	0.02538242	0.02538242	0.01124708	0.01124708	0.0285262	0.440087	0.49509	0.0362969
2847	-79.6242	-91.77771	12.15352	1	1	1	1	0.004863035	0.004863035	0.00152669	0.00152669	0.02538242	0.02538242	0.01124708	0.01124708	0.0112205	0.173103	0.194738	0.620938
2848	-72.49139	-94.59108	22.09969	1	1	0	0	0.004863035	0.004863035	0.001402112	0.001402112	0.01847109	0.007156804	0.01124708	0.00206058	0.0204854	0.316038	0.355536	0.307941
2849	-69.76717	-88.67268	18.90551	0	1	1	0	0.005135034	0.002184965	0.00100939	0.00100939	0.04688039	0.04688039	0.006201254	0.00206058	0.0255227	0.393751	0.442962	0.137764
2850	-66.21674	-90.05138	23.83465	0	0	1	0	0.01146248	0.00448794	0.00100939	0.002775607	0.02922912	0.02922912	0.01464888	0.001200371	0.0240927	0.37169	0.474172	0.130045
2851	-73.82278	-87.6411	13.81832	0	1	1	1	0.01146248	0.0006335139	0.00100939	0.00100939	0.03527928	0.03527928	0.01464888	0.01464888	0.0277117	0.427522	0.301356	0.243411
2852	-66.39393	-88.98343	22.5895	0	1	0	0	0.004902516	0.001296727	0.00100939	0.00100939	0.03527928	0.0047241	0.01150447	0.01321961	0.0159343	0.149545	0.255174	0.579346
2853	-70.9914	-91.582	20.5906	0	0	1	1	0.01217045	0.003296782	0.0005810724	0.001867916	0.02441211	0.02441211	0.01150447	0.01150447	0.0138172	0.129676	0.354136	0.502371
2854	-66.13168	-86.04265	19.91097	0	0	1	0	0.01216814	0.003296782	0.0005810724	0.005527853	0.04942994	0.04942994	0.01392835	0.002325355	0.00570349	0.0535281	0.635998	0.304771
2855	-69.42645	-88.0208	18.59435	0	0	1	1	0.007450454	0.004591186	0.0005810724	0.00425806	0.03444236	0.03444236	0.01392835	0.01392835	0.140205	0.048537	0.576696	0.234562
2856	-79.23334	-89.84903	10.61568	1	1	1	1	0.003185957	0.003185957	0.0002590535	0.0002590535	0.03444236	0.03444236	0.01392835	0.01392835	0.225805	0.0781705	0.318449	0.377576
2857	-72.29716	-87.62941	15.33225	0	1	1	0	0.01324064	0.005525229	0.000455364	0.000455364	0.0476937	0.0476937	0.01392835	0.003067632	0.121624	0.0290535	0.150648	0.698674
2858	-76.64001	-87.84442	11.20441	0	1	1	1	0.0090383	0.008962803	0.0005450967	0.0005450967	0.04924564	0.04924564	0.0101935	0.0101935	0.128145	0.0306112	0.105108	0.736135
2859	-76.52801	-90.51592	13.98791	1	1	1	0	0.002930302	0.002930302	0.0006357162	0.0006357162	0.03240229	0.03240229	0.01332235	0.01277287	0.401773	0.0210041	0.0721205	0.505103
2860	-65.79261	-89.87597	24.08337	0	0	1	0	0.008039188	0.00201234	0.003019943	0.004159758	0.03240229	0.03240229	0.01332235	0.0004352136	0.401773	0.0210041	0.0721205	0.505103
2861	-67.02701	-90.20537	23.17836	0	1	0	0	0.008039188	0.00201234	0.002380238	0.002380238	0.03240229	0.00317722	0.01332235	0.007234172	0.171076	0.0297068	0.123752	0.675465
2862	-78.79605	-86.94383	8.147775	1	1	1	1	0.004613196	0.004613196	0.001168622	0.001168622	0.04682817	0.04682817	0.01332235	0.01332235	0.171076	0.0297068	0.123752	0.675465
2863	-79.32856	-87.32476	7.996193	1	1	1	1	0.005497822	0.005497822	0.001151054	0.001151054	0.04682817	0.04682817	0.01332235	0.01332235	0.474558	0.0290299	0.120932	0.375479
2864	-69.8131	-85.33264	15.51954	0	1	1	0	0.005762391	0.001089155	0.001767691	0.001767691	0.05437989	0.05437989	0.01332235	0.006518119	0.273445	0.0328984	0.268141	0.425515
2865	-73.40888	-88.77456	15.36568	0	0	0	1	0.005762391	0.001084871	0.001289569	0.005352742	0.05437989	0.01292508	0.0324623	0.0324623	0.273445	0.0328984	0.268141	0.425515
2866	-73.11109	-85.25673	12.14564	0	1	1	1	0.005762391	0.001084564	0.001289569	0.001289569	0.05254757	0.05254757	0.01191731	0.01191731	0.188688	0.0227012	0.185028	0.603582
2867	-72.9163	-84.84662	11.93032	0	1	1	1	0.007610059	0.0002948855	0.001463234	0.001463234	0.05254757	0.05254757	0.01191731	0.01191731	0.198421	0.0224288	0.182809	0.596341
2868	-67.53999	-87.7414	20.20141	0	0	0	1	0.007610059	0.001764575	0.001365026	0.005423964	0.05254757	0.004967642	0.01191731	0.01191731	0.150262	0.0169851	0.138439	0.694314
2869	-66.26325	-85.87927	19.61601	0	0	1	0	0.006501249	0.001572007	0.001365026	0.002697197	0.04554063	0.04554063	0.01191731	0.01935124	0.152045	0.0171866	0.128217	0.702551
2870	-70.19516	-87.31836	17.12321	1	0	1	0	0.006501249	0.006501249	0.001365026	0.00155171	0.04689361	0.04689361	0.01191731	0.005437629	0.152045	0.0171866	0.128217	0.702551
2871	-73.9762	-87.12505	13.14886	1	0	1	1	0.005865662	0.005865662	0.001085928	0.001100438	0.04689361	0.04689361	0.01191731	0.01191731	0.263817	0.0298209	0.222473	0.483889
2872	-68.07695	-86.03896	17.96201	0	1	1	0	0.005865662	0.000538903	0.001085928	0.001085928	0.04689361	0.04689361	0.01166243	0.002822002	0.356371	0.0207792	0.285675	0.337174
2873	-72.74127	-89.74922	17.00795	1	0	0	1	0.005865662	0.005865662	0.002595885	0.00357185	0.04152097	0.009109027	0.01166243	0.01166243	0.129092	0.0281169	0.386554	0.456238
2874	-71.90616	-89.32141	17.41525	0	1	1	0	0.00703097	0.005601197	0.002595885	0.002595885	0.03532043	0.03532043	0.01861754	0.002830002	0.180672	0.0393514	0.14144	0.638536
2875	-69.07818	-87.3305	18.25232	0	0	1	1	0.00703097	0.001152955	0.002595885	0.002283998	0.03532043	0.03532043	0.01882368	0.01882368	0.0810934	0.0176626	0.614642	0.286602
2876	-74.20916	-89.35987	15.15071	0	1	1	1	0.006504743	0.001930485	0.002595885	0.002595885	0.03022101	0.03022101	0.0141601	0.0141601	0.13553	0.0295192	0.0614128	0.773538
2877	-65.9911	-91.51315	25.52206	0	0	1	0	0.006504743	0.0005581603	0.001486443	6.145493e-05	0.03022101	0.03022101	0.005602779	0.01072709	0.635041	0.0540142	0.115656	0.195289
2878	-66.74457	-91.0753	24.33073	0	0	1	0	0.006504743	0.0001560299	0.0008256113	0.001029393	0.03022101	0.03022101	0.005602779	0.01763658	0.553611	0.0470881	0.100825	0.298476
2879	-73.8386	-90.76798	16.92938	0	0	1	1	0.01011281	0.005794962	0.0008256113	0.007784639	0.04465443	0.04465443	0.005602779	0.005602779	0.553611	0.0470881	0.100825	0.298476
2880	-75.00564	-91.03771	16.03207	0	0	1	1	0.00496706	0.01368028	5.53679e-05	0.009239388	0.04138702	0.04138702	0.01057882	0.01057882	0.534002	0.0272916	0.150803	0.287904
2881	-69.79582	-87.99764	18.20182	0	1	1	0	0.007975582	0.0005086097	0.0004899316	0.0004899316	0.03545447	0.03545447	0.01057882	0.01248941	0.520341	0.0265934	0.172527	0.280538
2882	-70.0038	-88.41783	18.41403	0	0	1	1	0.01125056	0.0004752015	0.0004899316	0.008106851	0.03538157	0.03538157	0.01057882	0.01057882	0.28288	0.0562362	0.0676394	0.593244
2883	-69.6587	-88.67646	19.01776	0	0	0	1	0.008425567	0.002913277	0.0003859609	0.006837357	0.04293805	0.01912053	0.01174594	0.01174594	0.72388	0.0764818	0.146827	0.0528112
2884	-69.40472	-87.81041	18.40569	1	0	1	0	0.00470131	0.00470131	0.0003859609	0.0008906384	0.04829767	0.04829767	0.01032841	0.001726647	0.355553	0.0375661	0.580941	0.0259397
2885	-73.89439	-88.78565	14.89125	0	0	1	1	0.01128986	0.01081897	0.0003859609	0.0004543465	0.04829767	0.04829767	0.01518666	0.01518666	0.562352	0.0251848	0.278236	0.134227
2886	-69.96255	-88.33369	18.37114	1	0	0	0	0.007056987	0.007056987	0.002697763	0.001125549	0.06563721	0.003468169	0.01518666	0.0008930776	0.562352	0.0251848	0.278236	0.134227
2887	-68.82935	-90.85774	22.02839	0	1	0	0	0.007112779	0.002201232	0.002697763	0.002697763	0.02606486	0.007757487	0.01518666	0.01412491	0.562352	0.0251848	0.278236	0.134227
2888	-73.99339	-89.07088	15.07749	0	1	1	1	0.00527348	0.002201232	0.002697763	0.002697763	0.03461722	0.03461722	0.01104136	0.01104136	0.250742	0.0550897	0.150679	0.543489
2889	-69.94177	-89.83954	19.89777	0	1	1	0	0.00527348	0.002201232	0.002697763	0.002697763	0.0302786	0.0302786	0.01104136	0.006303431	0.234244	0.0352533	0.38271	0.347793
2890	-70.54434	-91.07151	20.52717	1	0	1	0	0.004403986	0.004403986	0.002339218	0.004293255	0.0302786	0.0302786	0.01104136	0.001839213	0.234244	0.0352533	0.38271	0.347793
2891	-67.19385	-88.08963	20.89577	0	1	0	0	0.003757325	0.0005938765	0.003127927	0.003127927	0.05449506	0.003170808	0.01104136	0.005438004	0.234244	0.0352533	0.38271	0.347793
2892	-70.94193	-87.70839	16.76646	0	1	0	1	0.003757325	0.0001146712	0.003127927	0.003127927	0.05449506	0.003170808	0.01104136	0.01104136	0.206462	0.0310722	0.455923	0.306544
2893	-71.16383	-87.25909	16.09526	0	1	0	1	0.009979958	0.0002767196	0.00338676	0.00338676	0.04398571	0.01087599	0.01104136	0.01104136	0.232502	0.00353876	0.55064	0.213319
2894	-65.42226	-88.49559	23.07333	0	0	0	1	0.007640898	0.0001394378	0.00338676	0.0006478836	0.03195895	0.0109237	0.01447095	0.01447095	0.495926	0.00227564	0.354095	0.147703
2895	-81.96856	-87.77971	5.811144	1	1	1	1	0.007640898	0.007640898	0.003483878	0.003483878	0.05671262	0.05671262	0.01146062	0.01146062	0.46304	0.00354252	0.0878746	0.445543
2896	-82.40518	-88.02086	5.615679	1	1	1	1	0.003792024	0.003792024	0.003483878	0.003483878	0.06517835	0.06517835	0.007961848	0.007961848	0.114713	0.00584055	0.144879	0.734567
2897	-75.45843	-93.95901	18.50058	0	1	1	0	0.01075085	0.007031685	0.003483878	0.003483878	0.03750052	0.03750052	0.004023736	0.002997218	0.114713	0.00584055	0.144879	0.734567
2898	-74.1008	-89.4673	15.36651	0	1	1	1	0.003517548	0.001218139	0.002828688	0.002828688	0.03750052	0.03750052	0.009112933	0.009112933	0.129291	0.00574438	0.142493	0.722471
2899	-70.55156	-89.42791	18.87635	0	1	1	0	0.003964104	0.005196769	0.0007556876	0.0007556876	0.03750052	0.03750052	0.01135334	0.004867997	0.187824	0.00834499	0.207003	0.596827
2900	-71.19727	-85.71615	14.51889	0	0	1	0	0.00706387	0.005196769	0.0007556876	0.01194319	0.07019854	0.07019854	0.01913133	0.003811182	0.136855	0.189009	0.239269	0.434867
2901	-69.60563	-87.80753	18.2019	0	1	0	0	0.006825915	0.003939683	0.002021636	0.002021636	0.06736049	0.005347953	0.009759728	0.001778062	0.119143	0.293966	0.208304	0.378588
2902	-75.13292	-84.81026	9.677337	0	1	1	1	0.006825915	0.0007525075	0.002021636	0.002021636	0.06736049	0.06736049	0.009759728	0.009759728	0.171848	0.0503788	0.0499491	0.727824
2903	-66.39508	-90.33792	23.94284	0	0	1	0	0.01429722	0.0007525075	0.002021636	4.765845e-05	0.03119934	0.03119934	0.01239804	0.003478529	0.171848	0.0503788	0.0499491	0.727824
2904	-68.142	-88.9887	20.8467	0	1	1	0	0.005402318	0.0007525075	0.001177587	0.001177587	0.03119934	0.03119934	0.01239804	0.001438112	0.0457078	0.473272	0.180666	0.300354
2905	-62.45847	-91.18481	28.72633	0	0	0	0	0.007863493	0.0007525075	0.002804065	0.004524821	0.03119934	0.006874293	0.01031521	0.002036411	0.0553017	0.575206	0.0814437	0.288049
2906	-68.1728	-88.66848	20.49568	0	1	1	0	0.007516131	0.0007525075	0.002804065	0.002804065	0.03119934	0.03119934	0.01031521	0.001788519	0.0277314	0.113843	0.653921	0.204505
2907	-63.84393	-88.91558	25.07164	0	0	0	1	0.007516131	0.0008149455	0.002804065	0.0004587079	0.03119934	0.004629682	0.01031521	0.01031521	0.0207522	0.20736	0.489346	0.282542
2908	-68.58486	-88.90044	20.31558	0	0	1	1	0.007516131	0.0004371366	0.002804065	0.003134065	0.03119934	0.03119934	0.01031521	0.01031521	0.01175	0.0788837	0.277071	0.632295
2909	-68.55355	-88.83162	20.27808	0	1	1	0	0.007516131	0.0002589331	0.002804065	0.002804065	0.03119934	0.03119934	0.01235532	0.001486669	0.00801725	0.0538238	0.184278	0.753881
2910	-66.92548	-88.08318	21.15769	0	0	1	0	0.007516131	0.003379047	0.002804065	0.008959285	0.04316725	0.04316725	0.01235532	0.00194504	0.0333369	0.223807	0.405432	0.337424
2911	-67.72103	-88.51123	20.79019	0	0	1	0	0.007516131	0.009605687	0.0004562893	0.0001987896	0.04316725	0.04316725	0.01933907	0.00194504	0.0333369	0.223807	0.405432	0.337424
2912	-64.79609	-87.2818	22.48571	0	0	1	0	0.007516131	0.004820156	0.0004562893	0.003648349	0.04316725	0.04316725	0.01273025	0.0001913803	0.031439	0.0689969	0.181892	0.717672
2913	-70.36119	-90.9532	20.59201	1	0	1	0	0.003761806	0.003761806	0.0003395089	0.003344304	0.03252562	0.03252562	0.007710262	0.006143261	0.157534	0.0600143	0.158212	0.624239
2914	-71.23378	-87.67082	16.43704	0	1	1	0	0.002619001	3.096254e-05	0.000927413	0.000927413	0.04317671	0.04317671	0.01507647	0.01576088	0.175265	0.0667688	0.24843	0.509536
2915	-78.65876	-87.14786	8.489103	1	1	1	1	0.004502652	0.004502652	0.001224085	0.001224085	0.04317671	0.04317671	0.01507647	0.01507647	0.0773272	0.0294586	0.827733	0.0654815
2916	-76.97779	-89.78424	12.80645	1	0	1	1	0.004502652	0.004502652	0.003430497	0.009101924	0.03670999	0.03670999	0.01507647	0.01507647	0.0773272	0.0294586	0.827733	0.0654815
2917	-66.94728	-88.89723	21.94996	0	0	1	0	0.004502652	0.001467294	0.0007660564	0.01438993	0.03670999	0.03670999	0.01660208	0.001156339	0.0986808	0.460439	0.357316	0.0835641
2918	-71.60749	-89.24092	17.63343	0	1	0	1	0.002935337	0.001467294	0.001160847	0.001160847	0.03670999	0.01187248	0.01660208	0.01660208	0.151397	0.0159792	0.548199	0.284424
2919	-71.4118	-85.73978	14.32797	0	0	1	1	0.004993574	0.005684434	0.0003096186	0.002421553	0.05964419	0.05964419	0.01660208	0.01660208	0.133078	0.077089	0.558007	0.231826
2920	-74.10862	-84.65543	10.54681	0	1	1	1	0.006958658	0.002145521	0.0009534324	0.0009534324	0.05964419	0.05964419	0.01204501	0.01204501	0.103397	0.0598956	0.433553	0.403154
2921	-67.68446	-88.94668	21.26222	0	1	0	1	0.006958658	0.0009337407	0.00107758	0.00107758	0.02841725	0.0005588529	0.01204501	0.01204501	0.11505	0.0666458	0.482414	0.33589
2922	-73.72283	-92.07979	18.35696	0	1	0	1	0.006958658	0.0088694	0.001255923	0.001255923	0.02841725	0.009063153	0.01204501	0.01204501	0.11505	0.0666458	0.482414	0.33589
2923	-71.78745	-86.38064	14.59319	0	1	1	1	0.006958658	0.0005239973	0.0008369334	0.0008369334	0.03823668	0.03823668	0.01204501	0.01204501	0.144602	0.0837645	0.606327	0.165306
2924	-60.79687	-87.68679	26.88992	0	0	0	0	0.006958658	0.001326458	0.003591785	0.0004390068	0.03895163	0.009877125	0.01204501	0.00368488	0.144602	0.0837645	0.606327	0.165306
2925	-74.68526	-88.95918	14.27392	1	0	1	1	0.005007337	0.005007337	0.003591785	0.000831757	0.03895163	0.03895163	0.01204501	0.01204501	0.159375	0.092322	0.668271	0.0800324
2926	-63.99255	-87.686	23.69345	0	1	0	0	0.005007337	0.00153459	0.001277896	0.001277896	0.03895163	0.002079243	0.01204501	0.004725758	0.144212	0.0835383	0.60469	0.16756
2927	-69.41975	-87.32529	17.90554	0	1	0	1	0.005392464	0.00153459	0.001277896	0.001277896	0.03895163	0.00447511	0.01755983	0.01755983	0.155139	0.140407	0.555381	0.149074
2928	-66.92049	-89.41103	22.49054	0	0	1	0	0.005392464	0.002782016	0.001277896	0.004949134	0.0303635	0.0303635	0.01425016	0.013487	0.250696	0.22689	0.281518	0.240896
2929	-74.44626	-89.07685	14.63059	0	1	1	1	0.005392464	0.002105394	0.002573348	0.002573348	0.0303635	0.0303635	0.01795261	0.01795261	0.129527	0.117227	0.518013	0.235232
2930	-65.71211	-91.63779	25.92567	0	1	0	0	0.005392464	0.001903935	0.002342751	0.002342751	0.02695116	0.0008699825	0.01340699	0.001985674	0.295778	0.0334678	0.133595	0.537159
2931	-70.55637	-88.88671	18.33034	0	0	1	1	0.007638045	0.003942887	0.002342751	0.003989307	0.03154603	0.03154603	0.01730265	0.01730265	0.0692489	0.182146	0.72708	0.021526
2932	-74.46339	-90.20213	15.73874	0	1	1	1	0.005206304	0.0002743599	0.001992786	0.001992786	0.0231743	0.0231743	0.02140087	0.02140087	0.0692489	0.182146	0.72708	0.021526
2933	-76.80926	-89.55949	12.75024	1	0	1	1	0.005206304	0.005206304	0.001592622	0.005769553	0.03517372	0.03517372	0.02140087	0.02140087	0.433738	0.101348	0.452937	0.0119773
2934	-77.72868	-87.20322	9.474538	1	1	1	0	0.008125418	0.008125418	0.001592622	0.001592622	0.05030552	0.05030552	0.01582467	0.01203207	0.450602	0.0664074	0.470547	0.012443
2935	-70.93045	-86.98176	16.05132	0	1	1	0	0.01043411	0.002784438	0.001592622	0.001592622	0.05030552	0.05030552	0.008817008	0.005864111	0.450602	0.0664074	0.470547	0.012443
2936	-71.69964	-89.32661	17.62697	0	0	1	1	0.004976591	0.008911036	0.001592622	0.002109762	0.04437796	0.04437796	0.008817008	0.008817008	0.187853	0.0276848	0.196168	0.588294
2937	-67.06098	-88.0425	20.98151	0	0	1	0	0.01253065	0.005102228	0.0008971722	0.002106422	0.04931323	0.04931323	0.008817008	0.002367193	0.187853	0.0276848	0.196168	0.588294
2938	-75.45654	-87.82675	12.37021	1	1	1	0	0.007575094	0.007575094	0.00134213	0.00134213	0.04931323	0.04931323	0.008817008	0.004269381	0.028055	0.0331321	0.234766	0.704047
2939	-73.63011	-91.68597	18.05586	1	0	1	0	0.004549786	0.004549786	0.008347348	0.0002119762	0.04931323	0.04931323	0.005015818	0.0008935613	0.00640329	0.847629	0.0535831	0.0923845
2940	-75.67265	-87.86764	12.195	1	1	1	0	0.007794733	0.007794733	0.0007906193	0.0007906193	0.04745467	0.04745467	0.01525327	0.001025814	0.00569887	0.502714	0.0476884	0.443899
2941	-67.55583	-89.34707	21.79124	0	0	1	0	0.005374827	0.005252103	0.001434524	0.006375157	0.03802947	0.03802947	0.0172506	0.002785543	0.00775893	0.567422	0.0649272	0.359892
2942	-68.10198	-86.82065	18.71867	0	0	1	1	0.006784286	0.000717295	0.001192435	0.0005663002	0.03802947	0.03802947	0.0172506	0.0172506	0.00423326	0.309584	0.0354241	0.650758
2943	-79.71946	-88.3672	8.647739	1	1	1	1	0.005645052	0.005645052	0.002147382	0.002147382	0.03802947	0.03802947	0.0172506	0.0172506	0.00897099	0.113359	0.192727	0.684944
2944	-75.37683	-88.82192	13.44509	1	0	1	1	0.003734721	0.003734721	0.002147382	0.004006294	0.03802947	0.03802947	0.0172506	0.0172506	0.0146735	0.185416	0.315236	0.484674
2945	-75.79244	-90.38086	14.58842	1	1	1	0	0.005068093	0.005068093	0.002147382	0.002147382	0.03802947	0.03802947	0.007858945	0.005524648	0.352194	0.180287	0.184244	0.283275
2946	-69.01895	-86.94908	17.93014	0	0	1	0	0.0064458	0.003585882	0.003640606	0.00906712	0.05979395	0.05979395	0.01156118	0.004493444	0.0296413	0.0106345	0.870443	0.0892808
2947	-67.35277	-87.75402	20.40125	0	0	1	1	0.006050915	0.000152152	0.001134037	0.00128201	0.03473561	0.03473561	0.01156118	0.01156118	0.574765	0.0165241	0.269984	0.138727
2948	-65.07788	-88.89361	23.81573	0	0	1	0	0.004205375	0.002037426	0.0005717203	0.006866083	0.03473561	0.03473561	0.01156118	0.004944568	0.185034	0.00531961	0.151425	0.658222
2949	-70.44228	-89.14633	18.70405	0	1	1	0	0.00712294	0.004092181	0.001088434	0.001088434	0.03245656	0.03245656	0.01156118	0.008302695	0.251746	0.00480192	0.149287	0.594165
2950	-70.3495	-85.74008	15.39058	0	0	1	1	0.007706988	0.0006419869	0.001088434	0.006446856	0.04674236	0.04674236	0.02095065	0.02095065	0.251746	0.00480192	0.149287	0.594165
2951	-70.74111	-87.03876	16.29765	0	1	1	0	0.01003486	0.0007800915	0.001088434	0.001088434	0.04106109	0.04106109	0.02095065	0.004473636	0.536146	0.00328633	0.0539337	0.406634
2952	-75.92507	-88.161	12.23594	1	1	1	0	0.005688851	0.005688851	0.0008947091	0.0008947091	0.04106109	0.04106109	0.02095065	0.003489614	0.315482	0.00338221	0.0610845	0.620051
2953	-71.95925	-89.09977	17.14052	1	0	1	0	0.002614629	0.002614629	0.0008947091	0.003407533	0.04106109	0.04106109	0.02095065	0.004638925	0.16257	0.00132746	0.074982	0.761121
2954	-75.19106	-88.29556	13.1045	0	1	1	1	0.003692871	0.00134234	6.971666e-05	6.971666e-05	0.04106109	0.04106109	0.02095065	0.02095065	0.25912	0.00660448	0.373057	0.361219
2955	-74.7378	-86.95988	12.22208	0	1	1	1	0.005174426	0.0002864869	0.0005965058	0.0005965058	0.04515611	0.04515611	0.02095065	0.02095065	0.5932	0.102809	0.154446	0.149545
2956	-69.31423	-88.7786	19.46437	0	0	1	1	0.004155491	0.0004289365	0.0004648542	0.008754708	0.03891522	0.03891522	0.007555705	0.007555705	0.105652	0.199124	0.353217	0.342008
2957	-68.5708	-88.02643	19.45562	0	1	1	0	0.01081043	0.0008721323	0.001473412	0.001473412	0.03891522	0.03891522	0.007555705	0.0006980573	0.059337	0.111834	0.636747	0.192082
2958	-70.32739	-90.23893	19.91154	0	1	0	1	0.004753327	0.003946344	0.001473412	0.001473412	0.03280163	0.002544285	0.0121981	0.0121981	0.101633	0.19155	0.377819	0.328999
2959	-71.41074	-90.44776	19.03702	0	1	0	1	0.004753327	0.001861751	0.00359518	0.00359518	0.03280163	0.007509394	0.0121981	0.0121981	0.0920334	0.173458	0.342133	0.392376
2960	-75.09369	-90.34927	15.25558	0	1	1	1	0.009790412	0.001547297	0.00359518	0.00359518	0.03280163	0.03280163	0.007077854	0.007077854	0.0642078	0.0139613	0.648087	0.273744
2961	-68.88047	-87.89564	19.01517	0	1	1	0	0.009790412	0.0003538587	0.00359518	0.00359518	0.03550547	0.03550547	0.01336863	0.0002308466	0.0505249	0.0135679	0.658988	0.27692
2962	-65.62492	-88.66854	23.04362	0	0	1	0	0.009790412	0.001238413	0.002799913	0.007979744	0.03271649	0.03271649	0.01336863	0.0014449	0.0635654	0.0170698	0.768608	0.150757
2963	-70.44367	-88.63871	18.19504	0	1	1	0	0.009790412	0.001554654	0.002799913	0.002799913	0.03271649	0.03271649	0.01123961	0.009434507	0.0437768	0.0117558	0.529332	0.415136
2964	-68.835	-88.97289	20.13789	0	1	0	0	0.009790412	0.001554654	0.002799913	0.002799913	0.03271649	0.02482657	0.01123961	0.003031858	0.204767	0.129237	0.498569	0.167427
2965	-63.67215	-88.66651	24.99436	0	0	1	0	0.007212476	0.002187351	0.001393451	0.003039554	0.03271649	0.03271649	0.01123961	0.0003911906	0.265549	0.167599	0.349726	0.217126
2966	-66.63956	-88.19179	21.55224	0	1	0	0	0.01074518	0.002345366	0.001393451	0.001393451	0.03829967	0.001936539	0.0172032	0.005945911	0.250492	0.171035	0.356896	0.221577
2967	-70.95526	-86.45905	15.50378	0	1	1	0	0.01074518	0.002345366	0.001393451	0.001393451	0.04609194	0.04609194	0.0172032	0.005150628	0.209896	0.305381	0.299056	0.185667
2968	-74.85508	-90.9443	16.08922	1	1	0	1	0.003948573	0.003948573	0.0007139801	0.0007139801	0.03232623	0.001095266	0.01195984	0.01195984	0.245642	0.357388	0.349986	0.0469832
2969	-70.64014	-91.17693	20.5368	1	0	1	0	0.003948573	0.003948573	0.0007226819	0.0007542374	0.03440899	0.03440899	0.01195984	0.002346255	0.472674	0.395648	0.0912349	0.0404424
2970	-69.8231	-92.34006	22.51697	0	1	0	0	0.003948573	0.001148607	0.004173231	0.004173231	0.03440899	0.002961816	0.01195984	0.01374996	0.519554	0.434889	0.0269049	0.0186517
2971	-70.43315	-94.47562	24.04247	1	0	0	0	0.003948573	0.003948573	0.004173231	0.00796647	0.03440899	0.002970369	0.00944606	0.0007113059	0.210753	0.71441	0.0441978	0.0306398
2972	-79.79759	-90.36644	10.56885	1	0	1	1	0.007752558	0.007752558	0.004173231	0.008801434	0.05286242	0.05286242	0.008031143	0.008031143	0.191764	0.650042	0.130315	0.0278792
2973	-73.49746	-88.44389	14.94642	0	1	1	0	0.01041742	0.002997361	0.004173231	0.004173231	0.05286242	0.05286242	0.008031143	0.0076363	0.207559	0.213367	0.150354	0.428721
2974	-77.51178	-89.80503	12.29324	0	1	1	1	0.003769112	0.002921197	0.004173231	0.004173231	0.05286242	0.05286242	0.008031143	0.008031143	0.578254	0.138684	0.0977271	0.185335
2975	-81.34224	-90.99257	9.650326	1	1	1	1	0.005259993	0.005259993	0.004173231	0.004173231	0.03254689	0.03254689	0.01535753	0.01535753	0.116192	0.290625	0.204796	0.388387
2976	-73.85084	-89.29406	15.44322	0	1	1	1	0.002638288	0.000534822	0.0009147971	0.0009147971	0.03429359	0.03429359	0.01535753	0.01535753	0.0930681	0.173279	0.276182	0.457471
2977	-73.11922	-94.04995	20.93073	0	1	0	1	0.002638288	0.001757221	0.0009147971	0.0009147971	0.02159875	0.009620672	0.01535753	0.01535753	0.276887	0.138158	0.220205	0.36475
2978	-74.95695	-92.79432	17.83736	1	1	0	0	0.007525056	0.007525056	0.001877418	0.001877418	0.04196215	0.009604385	0.005376704	0.003235797	0.259425	0.192511	0.206317	0.341746
2979	-68.63904	-94.52024	25.8812	0	0	1	0	0.007525056	0.006827704	0.0004985192	0.003049038	0.02733881	0.02733881	0.005376704	0.002491538	0.223649	0.23689	0.118932	0.420529
2980	-68.85232	-87.46666	18.61434	0	1	1	0	0.004613969	0.001378916	0.0005071792	0.0005071792	0.04303817	0.04303817	0.01310738	0.002491538	0.184918	0.165158	0.0236813	0.626243
2981	-67.41905	-86.67452	19.25546	0	0	1	1	0.006382813	0.0007136884	0.0004538138	0.002635533	0.03817665	0.03817665	0.01310738	0.01310738	0.166956	0.141041	0.157203	0.5348
2982	-70.94146	-90.244	19.30253	1	0	1	0	0.005747122	0.005747122	0.002528046	0.00353146	0.03817665	0.03817665	0.009136783	0.002080571	0.151141	0.222404	0.142312	0.484142
2983	-69.87292	-87.49889	17.62597	0	1	1	0	0.006790617	0.0006302549	0.002528046	0.002528046	0.04469763	0.04469763	0.00962201	0.006522135	0.097711	0.497294	0.0920032	0.312992
2984	-70.10639	-89.7341	19.62771	0	1	1	0	0.004113982	0.0003417729	0.002254601	0.002254601	0.04469763	0.04469763	0.006398847	0.001533797	0.133715	0.444641	0.125904	0.295741
2985	-76.70838	-90.77604	14.06765	1	0	1	1	0.004728518	0.004728518	0.004314778	0.001372507	0.04469763	0.04469763	0.006493938	0.006493938	0.133715	0.444641	0.125904	0.295741
2986	-71.95154	-88.39522	16.44369	0	1	1	0	0.008378071	0.003923943	0.002468117	0.002468117	0.04469763	0.04469763	0.008627311	0.009458363	0.0917559	0.427494	0.0959717	0.384778
2987	-72.25404	-89.68425	17.43021	1	0	1	0	0.006584422	0.006584422	0.001723328	0.002749285	0.04469763	0.04469763	0.008627311	0.007528489	0.14125	0.658088	0.0976283	0.103034
2988	-78.75761	-89.72575	10.96814	1	1	0	1	0.006584422	0.006584422	0.001020081	0.001020081	0.04469763	0.01840734	0.008627311	0.008627311	0.116636	0.543411	0.254874	0.0850791
2989	-74.57332	-88.4331	13.85978	0	1	1	1	0.006584422	0.003011157	0.002113445	0.002113445	0.04469763	0.04469763	0.006389746	0.006389746	0.0237393	0.201028	0.743758	0.031474
2990	-73.77292	-86.30811	12.53519	0	1	1	1	0.006342725	0.001235213	0.002113445	0.002113445	0.04498575	0.04498575	0.01569602	0.01569602	0.0542756	0.459615	0.414149	0.0719596
2991	-73.08051	-87.41209	14.33158	1	0	0	0	0.004890043	0.004890043	0.002113445	0.003256049	0.06014179	0.003417078	0.01569602	0.02965754	0.109855	0.230905	0.513593	0.145648
2992	-70.94153	-84.56254	13.62101	0	0	1	0	0.009682914	0.001307033	0.00219563	0.004715039	0.06014179	0.06014179	0.01569602	0.02949803	0.0319949	0.0672504	0.858335	0.0424194
2993	-61.13445	-87.62074	26.48628	0	0	0	0	0.006326812	0.0009546997	0.002168298	0.003671513	0.04384096	0.004974007	0.01569602	0.001551084	0.172571	0.362728	0.235904	0.228797
2994	-75.83448	-91.3659	15.53142	1	1	1	0	0.004302287	0.004302287	0.002168298	0.002168298	0.02786071	0.02786071	0.01569602	0.003207208	0.207105	0.435316	0.304727	0.0528519
2995	-75.00207	-91.02122	16.01914	0	1	1	1	0.005225638	0.002267307	0.002168298	0.002168298	0.02508744	0.02508744	0.01569602	0.01569602	0.311647	0.37792	0.264549	0.0458835
2996	-75.92616	-88.80271	12.87655	1	0	1	1	0.005225638	0.005225638	0.002168298	0.006419363	0.03891124	0.03891124	0.01569602	0.01569602	0.129723	0.282358	0.354117	0.233802
2997	-74.15738	-88.01317	13.85579	1	0	1	1	0.004229314	0.004229314	0.0007452053	0.003237444	0.03891124	0.03891124	0.01569602	0.01569602	0.0965552	0.210165	0.519256	0.174024
2998	-68.47875	-88.28458	19.80584	0	0	1	0	0.01330736	0.0006757776	0.001625232	0.003752687	0.03891124	0.03891124	0.01569602	0.01389054	0.325672	0.297036	0.125869	0.251424
2999	-73.3137	-87.35544	14.04174	0	1	1	1	0.008695806	0.0004234389	0.0008894362	0.0008894362	0.03891124	0.03891124	0.01283566	0.01283566	0.676338	0.0134071	0.0745916	0.235663
3000	-69.79031	-91.38758	21.59727	0	1	0	0	0.008695806	0.002996475	0.0008894362	0.0008894362	0.02764883	0.001185949	0.01313724	0.02305799	0.634454	0.0185351	0.103122	0.24389
3001	-76.07591	-91.69669	15.62078	0	0	1	1	0.008695806	0.004743329	0.00827284	0.006397782	0.04101351	0.04101351	0.01313724	0.01313724	0.647692	0.0189218	0.190767	0.142619
3002	-85.24979	-94.45468	9.204888	1	1	1	1	0.008695806	0.008695806	0.00827284	0.00827284	0.03622083	0.03622083	0.006696104	0.006696104	0.707651	0.0202361	0.208427	0.0636857
3003	-72.17629	-93.4801	21.3038	0	1	1	0	0.008695806	0.00177797	0.003376222	0.003376222	0.0239467	0.0239467	0.006696104	0.005260449	0.707651	0.0202361	0.208427	0.0636857
3004	-72.92277	-87.98616	15.06338	0	0	1	1	0.01145582	0.0005486132	0.003376222	0.008188221	0.05427323	0.05427323	0.007606783	0.007606783	0.453449	0.0105295	0.502884	0.0331376
3005	-76.24733	-86.48488	10.23755	0	1	1	1	0.01145582	0.002993541	0.003376222	0.003376222	0.05427323	0.05427323	0.01141699	0.01141699	0.0611144	0.00869209	0.902838	0.0273551
3006	-74.57282	-89.14939	14.57657	1	0	1	0	0.01145582	0.01145582	0.003376222	0.002278784	0.05427323	0.05427323	0.008839631	0.008009786	0.036878	0.00891647	0.926144	0.0280613
3007	-76.62019	-87.84001	11.21982	1	1	0	1	0.007869753	0.007869753	0.001124533	0.001124533	0.05427323	0.003364316	0.01126534	0.01126534	0.00378234	0.0126248	0.943861	0.0397317
3008	-70.02582	-88.74836	18.72254	0	1	1	0	0.005944574	0.001034157	0.003177985	0.003177985	0.03179489	0.03179489	0.02143516	0.001131506	0.00244173	0.00717079	0.609322	0.381066
3009	-65.7945	-90.11879	24.32429	0	0	1	0	0.008141793	0.0004895827	0.001001019	0.01030344	0.02380912	0.02380912	0.01249513	0.005772928	0.00233128	0.0202604	0.581759	0.395649
3010	-63.05977	-92.53496	29.47519	0	0	0	0	0.008141793	0.0005073488	0.003449978	0.007699409	0.02380912	0.0002109216	0.01249513	0.005772928	0.000523231	0.00454723	0.200949	0.79398
3011	-72.52952	-94.60771	22.07818	0	1	0	1	0.008141793	0.001438566	0.003449978	0.003449978	0.0188786	0.004257677	0.009157119	0.009157119	0.0116521	0.0044966	0.198712	0.78514
3012	-70.60448	-93.44975	22.84526	0	1	1	0	0.008141793	0.0005739191	0.002100616	0.002100616	0.0188786	0.0188786	0.009157119	0.00208394	0.0126939	0.00489864	0.127067	0.85534
3013	-69.0562	-91.09609	22.0399	0	1	1	0	0.008141793	0.0002402356	0.002100616	0.002100616	0.01810314	0.01810314	0.01479224	0.002164696	0.0157162	0.00606493	0.948823	0.0293954
3014	-67.91416	-93.62158	25.70742	0	0	0	1	0.00599794	0.001175955	0.004839587	0.002242621	0.0187891	0.01189099	0.009165176	0.009165176	0.0157162	0.00606493	0.948823	0.0293954
3015	-60.2816	-89.30294	29.02133	0	0	0	0	0.005741963	0.001128504	0.0002103402	0.002516639	0.02873354	0.0119065	0.01002259	0.004422659	0.0157162	0.00606493	0.948823	0.0293954
3016	-62.48618	-86.09409	23.60791	0	0	1	0	0.005741963	0.001071368	0.0001403857	0.003333196	0.04524394	0.04524394	0.01002259	0.0005573118	0.0336606	0.00595436	0.931526	0.0288595
3017	-72.94136	-87.56397	14.62261	0	0	1	1	0.005741963	0.0003583358	0.0004179376	0.003793533	0.04524394	0.04524394	0.03241444	0.03241444	0.0182534	0.00322892	0.641871	0.336647
3018	-64.19043	-85.79968	21.60925	0	0	0	1	0.009733249	0.0003797059	0.0004245215	0.0004230922	0.04903756	0.004714011	0.01283109	0.01283109	0.0138588	0.243206	0.487338	0.255598
3019	-66.39344	-86.77312	20.37968	0	1	0	0	0.0110727	0.002699019	0.0007880561	0.0007880561	0.04903756	0.005187745	0.0153801	0.0004112389	0.0872588	0.225104	0.451065	0.236573
3020	-67.05934	-92.11777	25.05843	0	0	0	1	0.00743241	0.002699019	0.001900339	0.00361281	0.02159075	0.005198201	0.0153801	0.0153801	0.108664	0.280323	0.316407	0.294606
3021	-74.38469	-84.04551	9.660818	0	1	1	1	0.00743241	0.0006464051	0.001900339	0.001900339	0.06145551	0.06145551	0.0153801	0.0153801	0.0484405	0.0411186	0.505926	0.404515
3022	-70.12729	-84.24242	14.11513	0	0	1	1	0.00743241	0.001161316	0.001350031	0.005167818	0.06145551	0.06145551	0.01430585	0.01430585	0.0560893	0.0476113	0.585813	0.310486
3023	-77.31359	-87.15887	9.845276	1	1	1	0	0.004430232	0.004430232	0.002597232	0.002597232	0.06145551	0.06145551	0.01180488	0.005471804	0.0146427	0.486171	0.41813	0.0810555
3024	-75.22535	-88.60688	13.38153	1	0	1	1	0.005408573	0.005408573	0.002253106	0.005125413	0.0409401	0.0409401	0.01180488	0.01180488	0.0217064	0.3641	0.494037	0.120157
3025	-68.33987	-87.12455	18.78468	0	1	1	0	0.005408573	0.001517813	0.001756456	0.001756456	0.0398167	0.0398167	0.01339651	0.002266716	0.0216535	0.331695	0.450067	0.196584
3026	-74.34037	-91.59663	17.25626	0	1	0	1	0.005408573	0.007730962	0.001756456	0.001756456	0.0398167	0.01140971	0.006783047	0.006783047	0.019228	0.29454	0.511668	0.174564
3027	-73.70705	-89.58396	15.87692	0	1	1	1	0.003343197	4.121441e-05	0.001274079	0.001274079	0.0398167	0.0398167	0.006783047	0.006783047	0.0794332	0.320441	0.410211	0.189915
3028	-70.93124	-90.20926	19.27802	0	0	1	1	0.003329819	0.003160357	2.125173e-05	0.008229674	0.0398167	0.0398167	0.006783047	0.006783047	0.0981084	0.160673	0.506654	0.234565
3029	-67.38313	-86.29674	18.91362	0	0	1	0	0.008610008	0.001107292	2.492024e-05	0.01017902	0.04031407	0.04031407	0.02025355	0.01247356	0.0473899	0.0776109	0.761696	0.113303
3030	-71.29324	-90.97299	19.67975	0	0	1	1	0.008610008	0.0005390565	1.612754e-05	0.008047653	0.02157656	0.02157656	0.02025355	0.02025355	0.134135	0.0316731	0.325228	0.508964
3031	-68.01914	-89.70652	21.68737	0	1	0	0	0.006478501	0.002343528	1.612754e-05	1.612754e-05	0.0467267	9.610808e-05	0.02025355	0.001181812	0.175045	0.0413331	0.119429	0.664193
3032	-71.67405	-88.38282	16.70877	0	1	0	1	0.006478501	0.001013266	0.0001405343	0.0001405343	0.04805537	9.593285e-05	0.02025355	0.02025355	0.112493	0.0265627	0.101012	0.759933
3033	-69.0019	-87.50372	18.50183	0	1	0	1	0.007085333	0.001013266	0.0002406742	0.0002406742	0.04805537	9.580755e-05	0.009290289	0.009290289	0.447806	0.0754794	0.38468	0.0920349
3034	-68.33594	-86.79119	18.45525	0	1	1	0	0.007085333	0.000684467	0.0003900583	0.0003900583	0.04514105	0.04514105	0.009290289	0.003455947	0.352266	0.0885387	0.451237	0.107959
3035	-70.24081	-88.05068	17.80987	0	0	1	1	0.007085333	0.000684467	0.003858817	0.004017058	0.04599551	0.04599551	0.008097612	0.008097612	0.157014	0.216907	0.261427	0.364651
3036	-71.42611	-89.98798	18.56187	0	1	1	0	0.0119591	0.000684467	0.003858817	0.003858817	0.03461851	0.03461851	0.008097612	0.006218786	0.093348	0.128955	0.685991	0.0917054
3037	-70.1575	-86.33417	16.17667	0	0	1	0	0.0119591	0.0003217555	0.001713084	0.01018334	0.05400277	0.05400277	0.02272728	0.00771061	0.121129	0.271139	0.488734	0.118998
3038	-76.11524	-86.23951	10.12428	0	1	1	1	0.0119591	8.75974e-05	0.002011186	0.002011186	0.04737859	0.04737859	0.02272728	0.02272728	0.0500087	0.29308	0.528283	0.128628
3039	-70.12334	-86.34072	16.21738	0	0	1	1	0.005508053	0.001317038	0.001727443	0.0001895371	0.04737859	0.04737859	0.02272728	0.02272728	0.0530311	0.310793	0.499775	0.136401
3040	-67.79239	-94.56436	26.77197	0	0	0	0	0.002544179	0.003817948	0.001727443	0.0001827068	0.03100928	0.005466148	0.02823413	0.004567395	0.0181178	0.30313	0.170746	0.508007
3041	-80.95946	-93.49496	12.5355	1	1	0	1	0.002544179	0.002544179	0.003117639	0.003117639	0.03100928	0.005466148	0.02823413	0.02823413	0.0888174	0.0809619	0.524868	0.305353
3042	-76.89616	-93.8344	16.93824	0	1	1	0	0.003659444	0.004573877	0.000576265	0.000576265	0.02192895	0.02192895	0.02823413	0.01575188	0.0502147	0.0457734	0.731374	0.172637
3043	-78.02557	-93.21902	15.19344	1	0	1	1	0.003659444	0.003659444	0.0006102343	0.001220449	0.0220989	0.0220989	0.02757874	0.02757874	0.0502147	0.0457734	0.731374	0.172637
3044	-74.81471	-90.38575	15.57105	1	0	1	1	0.00420502	0.00420502	0.0006102343	0.001235501	0.02753843	0.02753843	0.01941867	0.01941867	0.112388	0.0678073	0.564065	0.25574
3045	-68.62613	-91.23591	22.60977	0	0	0	1	0.00420502	0.00245285	0.001336743	0.003752454	0.03557302	0.00209526	0.0224048	0.0224048	0.233215	0.138013	0.108247	0.520525
3046	-72.53475	-87.5459	15.01115	1	0	1	0	0.00420502	0.00420502	0.001248627	0.008492048	0.05111474	0.05111474	0.01145583	0.009231402	0.245504	0.0925927	0.11395	0.547953
3047	-65.29694	-90.72488	25.42794	0	0	1	0	0.008543853	0.0006183352	0.000122431	0.007779627	0.02712618	0.02712618	0.009896297	0.001613327	0.249068	0.093937	0.0530194	0.603975
3048	-67.06282	-87.73683	20.67401	0	1	0	0	0.008543853	0.0007282305	0.002247532	0.002247532	0.05229949	0.003691848	0.01411937	0.001262509	0.279268	0.105327	0.059448	0.555958
3049	-69.07912	-85.14359	16.06447	0	0	1	1	0.008543853	0.0001551602	0.002247532	0.002357177	0.05229949	0.05229949	0.01411937	0.01411937	0.299415	0.0407814	0.0637368	0.596067
3050	-73.3327	-89.44028	16.10758	0	1	1	1	0.005044539	0.0001551602	0.0001166195	0.0001166195	0.03050317	0.03050317	0.01411937	0.01411937	0.300166	0.0407377	0.0636684	0.595427
3051	-67.88953	-92.41757	24.52804	0	1	0	0	0.01265207	0.0003354966	0.0009948217	0.0009948217	0.02432978	0.005300806	0.01411937	0.003115182	0.300166	0.0407377	0.0636684	0.595427
3052	-66.69965	-92.16996	25.47031	0	1	0	0	0.004795473	0.0003529888	0.0009948217	0.0009948217	0.02432978	0.005319593	0.01040705	0.009257982	0.164302	0.0222986	0.0902817	0.723118
3053	-71.87294	-86.026	14.15307	1	0	1	0	0.004795473	0.004795473	0.0009948217	0.003239791	0.05709947	0.05709947	0.0130857	0.01144067	0.201555	0.035095	0.142091	0.621258
3054	-69.36882	-85.17219	15.80337	0	0	1	1	0.004795473	0.001373825	0.0009948217	0.00386681	0.05709947	0.05709947	0.0130857	0.0130857	0.189849	0.0356095	0.144175	0.630366
3055	-76.31838	-92.22692	15.90854	0	1	1	1	0.004795473	0.00648956	0.0009772763	0.0009772763	0.02572933	0.02572933	0.0130857	0.0130857	0.213352	0.0400179	0.0382262	0.708404
3056	-69.78472	-92.24668	22.46196	0	1	0	1	0.004795473	0.002589303	0.000994502	0.000994502	0.02239605	0.003713557	0.008639645	0.008639645	0.133784	0.00854799	0.70635	0.151318
3057	-71.27409	-92.4211	21.14701	0	1	0	1	0.01053285	0.002589303	0.000994502	0.000994502	0.01928763	0.002008268	0.01523757	0.01523757	0.0810708	0.359374	0.510565	0.0489896
3058	-75.19904	-92.46922	17.27018	0	1	1	1	0.01053285	0.0001338205	0.000994502	0.000994502	0.01638994	0.01638994	0.01523757	0.01523757	0.0810708	0.359374	0.510565	0.0489896
3059	-68.80313	-92.77507	23.97194	0	0	1	1	0.005493628	0.0001338205	0.000994502	5.883723e-05	0.01638994	0.01638994	0.01142056	0.01142056	0.101797	0.396555	0.440135	0.0615139
3060	-69.6447	-91.32267	21.67797	0	1	1	0	0.005493628	0.0001338205	0.000994502	0.000994502	0.01876272	0.01876272	0.0179172	0.004311101	0.122696	0.272668	0.530494	0.0741426
3061	-75.18507	-92.10002	16.91495	1	0	1	1	0.005493628	0.005493628	0.000994502	0.001832809	0.02123872	0.02123872	0.01576096	0.01576096	0.0526785	0.234386	0.625513	0.0874226
3062	-72.04316	-92.61625	20.57309	0	0	1	1	0.009837247	0.004452545	0.000994502	0.001648985	0.02123872	0.02123872	0.01576096	0.01576096	0.171463	0.323147	0.220838	0.284552
3063	-70.04933	-90.66065	20.61132	1	0	1	0	0.00737217	0.00737217	0.000994502	0.002186615	0.03272127	0.03272127	0.009458993	0.0009807444	0.161501	0.304373	0.351846	0.182279
3064	-74.18692	-89.16687	14.97996	0	1	1	1	0.00737217	0.004686714	0.0009648252	0.0009648252	0.03390623	0.03390623	0.009458993	0.009458993	0.147696	0.13231	0.38228	0.337714
3065	-70.64933	-90.51938	19.87004	0	1	0	1	0.007749046	0.004686714	0.0009648252	0.0009648252	0.03390623	0.001188645	0.009458993	0.009458993	0.402086	0.151052	0.288307	0.158556
3066	-69.75937	-88.77203	19.01267	0	1	1	0	0.007749046	0.004686714	0.0009648252	0.0009648252	0.03390623	0.03390623	0.01412566	0.001426231	0.311538	0.173927	0.331968	0.182568
3067	-73.26697	-92.21731	18.95035	1	0	1	0	0.007749046	0.007749046	0.002872325	0.003403465	0.02766415	0.02766415	0.01412566	0.007400529	0.309585	0.172836	0.206332	0.311247
3068	-76.25058	-88.71806	12.46748	1	1	1	0	0.007046524	0.007046524	0.001595402	0.001595402	0.03935067	0.03935067	0.01688316	0.005884742	0.283309	0.243042	0.18882	0.28483
3069	-79.55263	-89.61672	10.06409	1	1	1	1	0.007046524	0.007046524	0.0004207367	0.0004207367	0.03935067	0.03935067	0.008152954	0.008152954	0.153594	0.131764	0.343526	0.371116
3070	-64.75735	-91.06669	26.30935	0	0	1	0	0.003768492	0.002895917	0.001764122	7.634615e-05	0.03136685	0.03136685	0.008598095	0.002188509	0.213108	0.122499	0.319371	0.345022
3071	-71.64128	-92.08676	20.44549	0	1	1	0	0.003555659	0.002690002	0.003052371	0.003052371	0.03136685	0.03136685	0.0110765	0.002921491	0.270552	0.280355	0.0110699	0.438023
3072	-71.05654	-93.29713	22.24059	0	0	1	0	0.003555659	0.008292187	0.003052371	0.003292989	0.03136685	0.03136685	0.01845002	0.005921806	0.0583249	0.562111	0.00238643	0.377178
3073	-77.97754	-87.13975	9.162206	1	0	1	1	0.003555659	0.003555659	0.003052371	0.001466848	0.0696785	0.0696785	0.01191348	0.01191348	0.0683866	0.48657	0.00279811	0.442245
3074	-77.58284	-89.75214	12.1693	1	1	1	0	0.01057036	0.01057036	0.0009200465	0.0009200465	0.04393397	0.04393397	0.01191348	0.005128201	0.0835928	0.478628	0.00275244	0.435026
3075	-69.03384	-90.87707	21.84324	0	1	1	0	0.004700616	0.0004452957	0.0009200465	0.0009200465	0.02782626	0.02782626	0.01191348	0.0008619445	0.0821409	0.336289	0.00270463	0.578865
3076	-71.08344	-86.69852	15.61509	0	1	1	0	0.004700616	0.0004928303	0.002987631	0.002987631	0.04870026	0.04870026	0.018573	0.006838754	0.0544344	0.254769	0.00179235	0.689004
3077	-71.2177	-90.60724	19.38954	0	1	1	0	0.01026713	0.0004928303	0.001164135	0.001164135	0.02717447	0.02717447	0.018573	0.003031399	0.109091	0.510578	0.00359201	0.376739
3078	-65.22762	-89.70624	24.47862	0	0	1	0	0.009407761	0.0003943314	0.0004934159	0.001296659	0.02717447	0.02717447	0.018573	0.003790586	0.221423	0.00661404	0.00729075	0.764672
3079	-71.52268	-88.44487	16.92219	0	1	1	0	0.008859722	0.001052065	0.0004934159	0.0004934159	0.04499148	0.04499148	0.005588843	0.01383087	0.360153	0.010758	0.0118587	0.617231
3080	-71.29072	-89.07348	17.78276	0	1	1	0	0.005188231	0.0006365312	0.002531245	0.002531245	0.04499148	0.04499148	0.005588843	0.01095752	0.276028	0.241825	0.00908871	0.473058
3081	-75.07143	-88.92942	13.85799	0	1	1	1	0.008110982	0.0006365312	0.002531245	0.002531245	0.04499148	0.04499148	0.006536422	0.006536422	0.49633	0.225307	0.0269325	0.251431
3082	-75.20402	-87.84241	12.63839	0	1	1	1	0.008110982	0.002202664	0.002531245	0.002531245	0.04188758	0.04188758	0.01505038	0.01505038	0.450668	0.269855	0.0511781	0.228299
3083	-70.54335	-87.31618	16.77283	0	1	0	1	0.006986021	0.002202664	0.002423283	0.002423283	0.04857089	0.001293456	0.01419437	0.01419437	0.11406	0.068298	0.292955	0.524687
3084	-75.57987	-89.14952	13.56965	1	1	1	0	0.006986021	0.006986021	0.001653833	0.001653833	0.03588748	0.03588748	0.01096619	0.008962447	0.0591228	0.065369	0.373323	0.502185
3085	-65.81015	-87.00809	21.19794	0	0	1	0	0.006986021	0.0008997006	0.001653833	0.002320885	0.03588748	0.03588748	0.0204506	0.0116974	0.0866549	0.0958098	0.589776	0.227759
3086	-66.41729	-85.24099	18.8237	0	0	1	0	0.006986021	0.0008997006	0.001653833	0.008257136	0.0568236	0.0568236	0.01230694	0.006549509	0.111327	0.123088	0.757695	0.0078893
3087	-71.56229	-86.20305	14.64076	0	0	1	1	0.005163142	0.006525948	0.0008023753	0.0003171039	0.0568236	0.0568236	0.01823411	0.01823411	0.111327	0.123088	0.757695	0.0078893
3088	-74.68536	-90.85336	16.168	0	1	1	0	0.01449312	0.006337133	0.00320438	0.00320438	0.03562237	0.03562237	0.01538509	0.004088292	0.175285	0.193803	0.618491	0.0124217
3089	-67.92848	-88.64438	20.7159	0	0	0	1	0.01449312	0.001284821	0.001644306	0.001602972	0.03562237	0.01562347	0.01238216	0.01238216	0.12342	0.136459	0.731375	0.00874629
3090	-63.65844	-86.64264	22.9842	0	0	1	0	0.01239259	0.001329298	0.001644306	0.0001066803	0.04146203	0.04146203	0.01243789	0.0003056	0.0752206	0.0831676	0.836281	0.00533059
3091	-65.66339	-89.17389	23.5105	0	0	0	1	0.01239259	0.0002111471	0.001335136	0.002063857	0.04146203	0.003326873	0.005876288	0.005876288	0.0576093	0.297825	0.640483	0.00408254
3092	-80.63023	-90.81262	10.1824	0	1	1	1	0.006421863	0.0002111471	0.01010044	0.01010044	0.04965271	0.04965271	0.01744514	0.01744514	0.0576093	0.297825	0.640483	0.00408254
3093	-64.63357	-85.84372	21.21015	0	0	1	0	0.006871311	0.0001813387	0.003355767	0.0001299066	0.04965271	0.04965271	0.01912201	0.0005130707	0.0484728	0.409185	0.538907	0.00343508
3094	-68.43378	-85.11171	16.67793	0	0	1	1	0.006871311	0.001232076	0.0008395292	0.004940566	0.04965271	0.04965271	0.01267733	0.01267733	0.0176018	0.148586	0.832565	0.00124737
3095	-65.21178	-85.50447	20.29269	0	1	0	0	0.009421795	0.0002536818	0.002409188	0.002409188	0.04965271	0.0004596307	0.01267733	0.01019969	0.0681844	0.140936	0.789697	0.00118314
3096	-64.67566	-87.60018	22.92452	0	1	0	0	0.007171665	0.0002536818	0.002409188	0.002409188	0.03945965	0.002683072	0.01267733	0.005365207	0.357984	0.35555	0.283482	0.00298481
3097	-82.12595	-94.07866	11.95271	1	1	1	1	0.007835523	0.007835523	0.002409188	0.002409188	0.02773002	0.02773002	0.006193116	0.006193116	0.357984	0.35555	0.283482	0.00298481
3098	-78.12438	-95.77763	17.65325	1	1	0	1	0.002924262	0.002924262	0.002409188	0.002409188	0.0256969	0.003874044	0.006193116	0.006193116	0.427524	0.367577	0.202609	0.00228956
3099	-76.30668	-92.18683	15.88015	0	0	1	1	0.007253937	0.00555855	0.003931187	0.00730216	0.03063867	0.03063867	0.02609243	0.02609243	0.200837	0.399795	0.396878	0.00249024
3100	-71.09574	-87.67389	16.57815	0	1	1	0	0.007253937	0.0005344418	0.0007144922	0.0007144922	0.03605532	0.03605532	0.02565692	0.006569167	0.191195	0.236983	0.569451	0.00237069
3101	-60.98974	-88.89144	27.90169	0	0	0	0	0.007253937	0.001127761	0.00157461	0.0001002833	0.03038253	0.001875282	0.02565692	0.003115829	0.148911	0.184572	0.664671	0.00184639
3102	-71.75443	-89.78415	18.02972	0	0	1	1	0.005532035	0.001072724	0.00157461	0.01573376	0.03463569	0.03463569	0.009932373	0.009932373	0.264277	0.327566	0.40488	0.00327685
3103	-75.83021	-90.99084	15.16063	0	1	1	1	0.003155162	0.006057605	0.00157461	0.00157461	0.03463569	0.03463569	0.009932373	0.009932373	0.186368	0.118552	0.693231	0.001849
3104	-76.43391	-92.97687	16.54295	1	0	1	1	0.003155162	0.003155162	0.002550761	0.002810475	0.02899972	0.02899972	0.009932373	0.009932373	0.427555	0.388192	0.180012	0.00424186
3105	-70.69736	-97.07712	26.37976	0	0	1	0	0.003155162	0.004261561	0.002550761	0.005586377	0.01856203	0.01856203	0.009932373	0.006207308	0.389195	0.443082	0.163861	0.00386129
3106	-74.46992	-94.65874	20.18882	1	0	0	1	0.003155162	0.003155162	0.002061103	0.01397521	0.02514324	0.001863923	0.009932373	0.009932373	0.15999	0.129196	0.69445	0.0163643
3107	-69.48663	-91.6095	22.12287	0	0	0	1	0.005033342	0.001643613	0.003982306	0.01438962	0.03538051	0.001870267	0.01230561	0.01230561	0.170234	0.445307	0.367048	0.017412
3108	-71.98317	-90.03522	18.05205	0	1	0	1	0.008167851	0.001643613	0.004264589	0.004264589	0.03538051	0.00659132	0.01230561	0.01230561	0.0787497	0.205998	0.248659	0.466594
3109	-71.21846	-91.68114	20.46269	0	1	1	0	0.01144646	0.001890212	0.000621332	0.000621332	0.02364508	0.02364508	0.01230561	0.004655797	0.0578991	0.416226	0.182821	0.343053
3110	-79.98297	-92.39847	12.4155	1	1	1	1	0.003340202	0.003340202	0.0009896392	0.0009896392	0.02488519	0.02488519	0.01230561	0.01230561	0.227297	0.223794	0.183502	0.365407
3111	-73.90155	-93.97301	20.07145	0	0	1	1	0.006332091	0.001650333	0.00566688	0.008120361	0.02968417	0.02968417	0.00534855	0.00534855	0.329219	0.0962278	0.0236521	0.550901
3112	-73.38978	-92.77926	19.38948	0	0	1	1	0.006332091	0.001750515	0.00566688	0.009301046	0.02968417	0.02968417	0.007968596	0.007968596	0.532427	0.136387	0.320697	0.0104895
3113	-64.1431	-89.42898	25.28588	0	0	1	0	0.006332091	0.0002781936	0.0005476998	0.006288703	0.02968417	0.02968417	0.007968596	0.005413178	0.118742	0.34467	0.519592	0.016995
3114	-72.3622	-85.95354	13.59135	0	0	1	1	0.006339048	0.0004467449	0.0006291976	0.00785276	0.05537996	0.05537996	0.02322131	0.02322131	0.16671	0.483906	0.14257	0.206813
3115	-66.6383	-87.89466	21.25636	0	0	0	0	0.008288972	0.003960676	0.002391715	0.002132101	0.05537996	0.01335308	0.02322131	0.0003711143	0.278981	0.136343	0.238584	0.346092
3116	-64.75297	-89.79161	25.03864	0	0	1	0	0.00567228	0.0002071593	0.0006887217	0.001159347	0.02685965	0.02685965	0.02318136	0.0001583496	0.310278	0.151638	0.265349	0.272735
3117	-70.09578	-90.11282	20.01704	0	0	1	1	0.00567228	0.0038389	0.0004934391	0.0003660988	0.02685965	0.02685965	0.01988324	0.01988324	0.19934	0.0974212	0.499486	0.203752
3118	-64.50033	-90.1653	25.66497	0	0	1	0	0.004356062	0.001576555	0.000530853	0.001182216	0.02685965	0.02685965	0.01928078	0.0005580784	0.150218	0.0734144	0.376401	0.399966
3119	-69.73884	-89.26845	19.52961	0	1	1	0	0.003726266	0.001047642	0.000530853	0.000530853	0.03276454	0.03276454	0.01928078	0.002551686	0.184219	0.0900313	0.235253	0.490496
3120	-70.63183	-88.22762	17.59579	0	0	1	1	0.00425895	0.0008369026	0.000530853	0.003425822	0.03683475	0.03683475	0.02507605	0.02507605	0.184219	0.0900313	0.235253	0.490496
3121	-70.95906	-87.52569	16.56663	0	1	0	0	0.00425895	0.0008369026	0.000530853	0.000530853	0.06820488	0.0009483073	0.02507605	0.006531401	0.184219	0.0900313	0.235253	0.490496
3122	-69.98537	-91.17672	21.19135	0	1	1	0	0.003947244	0.002822513	0.002333544	0.002333544	0.02954041	0.02954041	0.009380904	0.002371884	0.254681	0.0494083	0.426732	0.269179
3123	-68.63428	-90.9232	22.28892	0	1	0	1	0.003947244	5.190554e-05	0.000532197	0.000532197	0.02954041	0.003104227	0.006942338	0.006942338	0.24396	0.0473285	0.646216	0.0624951
3124	-70.08072	-88.82256	18.74184	0	1	1	0	0.007796028	0.004622657	0.000532197	0.000532197	0.04270874	0.04270874	0.006942338	0.00180586	0.22302	0.0432661	0.590748	0.142966
3125	-75.42396	-87.86174	12.43777	1	1	1	0	0.007796028	0.007796028	0.000532197	0.000532197	0.04270874	0.04270874	0.01415818	0.005735256	0.248052	0.0481224	0.544812	0.159013
3126	-78.85372	-91.42064	12.56692	1	1	0	1	0.007796028	0.007796028	0.000532197	0.000532197	0.04634257	0.01031246	0.005208432	0.005208432	0.0314896	0.0619817	0.701719	0.204809
3127	-69.72526	-91.4157	21.69044	0	0	0	0	0.01582285	0.007235801	0.000532197	0.006040621	0.04233085	0.01033175	0.01003371	0.01428819	0.0347233	0.0683467	0.671089	0.225841
3128	-67.67405	-87.73002	20.05597	0	0	1	0	0.006560134	0.00446119	0.001495969	0.006831509	0.0423141	0.0423141	0.01003371	0.01473148	0.124859	0.0620353	0.609118	0.203988
3129	-73.1026	-89.12136	16.01876	1	1	0	0	0.003817716	0.003817716	0.001259191	0.001259191	0.0423141	0.002355365	0.01003371	0.02020397	0.127425	0.0427585	0.621636	0.208181
3130	-70.17973	-88.28837	18.10864	0	1	0	0	0.003817716	0.005289092	0.0022399	0.0022399	0.06229513	0.006196863	0.01563482	0.002093439	0.127425	0.0427585	0.621636	0.208181
3131	-65.81367	-88.24084	22.42718	0	0	1	0	0.004064349	0.004063497	0.0022399	0.000529244	0.04048056	0.04048056	0.01563482	0.005852247	0.116566	0.124335	0.56866	0.190439
3132	-75.31876	-88.9962	13.67744	0	1	1	1	0.004064349	0.004063497	0.001122562	0.001122562	0.03551902	0.03551902	0.01906999	0.01906999	0.185333	0.197687	0.314191	0.302789
3133	-70.94777	-89.96421	19.01644	0	0	1	1	0.005930166	0.001359745	0.00139517	0.006467996	0.02751457	0.02751457	0.02016948	0.02016948	0.359039	0.155536	0.247199	0.238227
3134	-73.44682	-91.42191	17.97509	0	1	0	1	0.005103247	0.001359745	0.004501767	0.004501767	0.02751457	0.01014489	0.02016948	0.02016948	0.272668	0.11812	0.428293	0.180919
3135	-76.44714	-88.23679	11.78965	1	0	1	1	0.008632829	0.008632829	0.0005118211	0.00184811	0.04295394	0.04295394	0.02069098	0.02069098	0.304359	0.131848	0.434034	0.129759
3136	-65.66369	-86.96875	21.30507	0	1	0	0	0.01088087	0.0003539978	0.002300817	0.002300817	0.04295394	0.001882663	0.02069098	0.0002198853	0.205264	0.15063	0.495862	0.148243
3137	-67.58948	-86.54594	18.95645	0	1	0	0	0.01088087	0.0003318685	0.00130287	0.00130287	0.04295394	0.003405715	0.02069098	0.01315115	0.205264	0.15063	0.495862	0.148243
3138	-66.88418	-89.79624	22.91206	0	0	1	0	0.006872187	0.003439482	0.00130287	0.0008713338	0.02688084	0.02688084	0.01664992	0.01407444	0.300313	0.162337	0.396249	0.141102
3139	-75.96973	-91.25962	15.28989	0	1	1	0	0.006872187	0.003439482	0.007598653	0.007598653	0.03922377	0.03922377	0.01664992	0.01036924	0.467918	0.12345	0.30133	0.107302
3140	-71.6036	-89.34693	17.74333	0	0	1	1	0.004938542	0.004289139	0.003978531	0.001039481	0.03922377	0.03922377	0.01664992	0.01664992	0.507869	0.13399	0.327057	0.0310837
3141	-59.85909	-87.29337	27.43428	0	0	0	0	0.005502221	0.001538223	0.0006590387	0.001223948	0.03922377	0.005296897	0.01708915	0.003227522	0.0890853	0.24801	0.60537	0.0575346
3142	-72.07423	-89.08316	17.00893	0	1	1	0	0.01014771	0.00182396	0.0006590387	0.0006590387	0.02840367	0.02840367	0.01708915	0.01619666	0.128351	0.357324	0.431432	0.0828937
3143	-74.94025	-87.89339	12.95314	0	0	1	1	0.01707158	0.005531207	0.0008145187	0.002690528	0.05432261	0.05432261	0.01708915	0.01708915	0.138618	0.305913	0.465944	0.0895249
3144	-76.89524	-88.23854	11.3433	1	1	1	0	0.005887483	0.005887483	0.003778839	0.003778839	0.05307824	0.05307824	0.01104191	0.003404356	0.175774	0.236213	0.324241	0.263773
3145	-68.97038	-88.11549	19.14511	0	1	1	0	0.008378576	0.002855153	0.001008184	0.001008184	0.03788138	0.03788138	0.01104191	0.0009359165	0.223848	0.300817	0.228506	0.24683
3146	-65.14767	-86.22103	21.07335	0	0	1	0	0.008378576	0.002855153	0.001020184	0.001470861	0.04876464	0.04876464	0.01286488	0.005254277	0.223848	0.300817	0.228506	0.24683
3147	-69.65145	-87.65031	17.99886	0	1	1	0	0.006501987	0.002395009	0.001020184	0.001020184	0.04465892	0.04465892	0.008498083	0.005583536	0.223848	0.300817	0.228506	0.24683
3148	-64.36457	-87.02256	22.65799	0	0	1	0	0.008617395	0.002395009	0.001020184	0.001939498	0.04465892	0.04465892	0.0100673	0.002846008	0.145341	0.195316	0.148365	0.510978
3149	-69.04825	-86.54939	17.50114	0	1	1	0	0.008617395	0.001199562	0.0005637256	0.0005637256	0.04465892	0.04465892	0.0100673	0.006397802	0.045502	0.218132	0.165697	0.570669
3150	-66.64346	-89.70209	23.05862	0	1	0	0	0.006336792	0.0002636774	0.004367159	0.004367159	0.04440304	0.001374698	0.008187097	0.004320232	0.0554994	0.266059	0.202103	0.476339
3151	-68.88988	-85.84191	16.95203	0	1	1	0	0.006336792	5.594769e-05	0.001768484	0.001768484	0.04440304	0.04440304	0.01595503	0.006126379	0.0548878	0.274147	0.199876	0.471089
3152	-70.16605	-87.8422	17.67615	0	1	1	0	0.005226078	0.00145066	0.00210052	0.00210052	0.04900509	0.04900509	0.006509446	0.006211889	0.0754102	0.0716476	0.351133	0.501809
3153	-68.80628	-87.09181	18.28553	0	1	0	1	0.007232878	0.00145066	0.00210052	0.00210052	0.04326186	0.002578566	0.01039348	0.01039348	0.0808515	0.0768174	0.616462	0.22587
3154	-73.72506	-86.2143	12.48924	0	1	1	1	0.01146676	0.0005043698	0.00210052	0.00210052	0.04326186	0.04326186	0.01330247	0.01330247	0.0853544	0.123335	0.650794	0.140516
3155	-78.55529	-87.42958	8.87429	0	1	1	1	0.01336659	0.0002981336	0.0002797886	0.0002797886	0.05029415	0.05029415	0.0270751	0.0270751	0.0523169	0.462659	0.398896	0.0861275
3156	-73.63477	-87.62395	13.98918	1	0	1	0	0.005478652	0.005478652	0.001878777	0.008295223	0.05029415	0.05029415	0.01737489	0.008271674	0.0541136	0.461782	0.39814	0.0859642
3157	-73.50789	-86.51104	13.00315	0	1	1	1	0.004523877	9.269766e-05	0.0007295087	0.0007295087	0.05029415	0.05029415	0.01205616	0.01205616	0.0694922	0.593017	0.227097	0.110395
3158	-77.02527	-89.39984	12.37457	0	1	1	1	0.004523877	9.269766e-05	0.005950211	0.005950211	0.04464638	0.04464638	0.01607876	0.01607876	0.184577	0.515588	0.182801	0.117034
3159	-79.31559	-90.47597	11.16038	1	0	1	1	0.003830742	0.003830742	0.004662501	0.004537011	0.04195642	0.04195642	0.02325047	0.02325047	0.270724	0.289501	0.268118	0.171657
3160	-74.6853	-90.68491	15.99961	1	0	1	1	0.004922736	0.004922736	0.002000515	0.002120281	0.03151497	0.03151497	0.009997932	0.009997932	0.18344	0.32415	0.300208	0.192201
3161	-65.13221	-89.20717	24.07496	0	0	1	0	0.00473265	0.0009519785	0.0006943809	0.003547321	0.03151497	0.03151497	0.02189381	0.0001040765	0.176437	0.349954	0.288746	0.184863
3162	-62.31177	-91.05191	28.74015	0	0	0	0	0.00548214	0.001882995	0.0006943809	0.004097785	0.02752574	0.0019887	0.02189381	0.002725585	0.252981	0.25518	0.29986	0.191979
3163	-74.43552	-88.80055	14.36503	0	1	1	1	0.00548214	0.001882995	0.003376872	0.003376872	0.03771921	0.03771921	0.01144511	0.01144511	0.209675	0.334278	0.33988	0.116167
3164	-70.53508	-88.57717	18.04209	0	1	1	0	0.00548214	0.0007935959	0.003376872	0.003376872	0.03771921	0.03771921	0.01144511	0.009593533	0.314355	0.182066	0.185118	0.318461
3165	-66.64916	-88.37765	21.72849	0	1	0	0	0.00548214	0.0007935959	0.003258485	0.003258485	0.04349063	0.01199518	0.01144511	0.0003959661	0.292969	0.157519	0.251944	0.297567
3166	-60.43006	-92.63673	32.20668	0	0	0	0	0.009582554	0.0002269774	0.003258485	0.001799654	0.01844269	0.001348145	0.01144511	0.0003587302	0.0867444	0.335962	0.537353	0.0399409
3167	-65.67238	-92.5834	26.91102	0	0	0	1	0.009582554	0.0006016363	0.003258485	0.001610532	0.01905244	0.001665949	0.01144511	0.01144511	0.082792	0.375385	0.504337	0.0374869
3168	-64.9964	-87.22801	22.23161	0	0	1	0	0.009582554	0.0006016363	0.0007006724	0.005283258	0.03759848	0.03759848	0.01311588	0.007100793	0.401153	0.243705	0.330571	0.0245711
3169	-72.80656	-86.26649	13.45993	0	1	1	1	0.009582554	0.0006016363	0.0007006724	0.0007006724	0.04108284	0.04108284	0.01311588	0.01311588	0.103962	0.364649	0.494625	0.036765
3170	-59.49945	-90.68041	31.18096	0	0	0	0	0.006007513	0.000996873	0.0007006724	0.001350567	0.02755906	0.005108872	0.008260499	0.002345443	0.437072	0.11427	0.360811	0.0878478
3171	-64.05407	-86.10848	22.05441	0	0	1	0	0.006007513	2.710461e-05	0.0007006724	0.004095935	0.05335772	0.05335772	0.009090955	0.001716947	0.466394	0.121936	0.385017	0.0266531
3172	-70.06696	-89.2258	19.15884	0	0	1	1	0.006007513	7.07519e-06	0.0007006724	0.007163669	0.03905267	0.03905267	0.009090955	0.009090955	0.610968	0.307872	0.0462451	0.0349151
3173	-75.81014	-90.96472	15.15458	1	0	1	1	0.006007513	0.006007513	0.001188245	0.00819151	0.03088312	0.03088312	0.009119681	0.009119681	0.0830697	0.103275	0.303133	0.510523
3174	-76.60666	-89.40384	12.79718	1	0	1	1	0.006007513	0.006007513	0.001188245	0.004379918	0.05205532	0.05205532	0.005243591	0.005243591	0.210061	0.0485653	0.40992	0.331454
3175	-76.62724	-89.89998	13.27274	1	0	1	1	0.008853972	0.008853972	0.001188245	0.005657559	0.03385031	0.03385031	0.01660422	0.01660422	0.210061	0.0485653	0.40992	0.331454
3176	-76.97102	-89.07955	12.10852	1	1	1	0	0.008853972	0.008853972	0.003479254	0.003479254	0.04227305	0.04227305	0.01794243	0.0002650207	0.0871444	0.0701239	0.591888	0.250844
3177	-76.52865	-88.02516	11.4965	0	1	1	1	0.008853972	0.005562016	0.002604954	0.002604954	0.04227305	0.04227305	0.01702053	0.01702053	0.161493	0.174079	0.0833023	0.581126
3178	-74.57044	-85.87478	11.30433	0	1	1	1	0.008853972	0.002260754	0.0003620413	0.0003620413	0.05560196	0.05560196	0.01033501	0.01033501	0.314338	0.0582872	0.120226	0.507148
3179	-80.2594	-87.19859	6.939185	1	1	1	1	0.006546535	0.006546535	0.0003620413	0.0003620413	0.05560196	0.05560196	0.01033501	0.01033501	0.467713	0.0234508	0.178888	0.329948
3180	-70.95284	-87.71167	16.75882	1	0	1	0	0.006546535	0.006546535	0.0008637875	0.004150272	0.04883886	0.04883886	0.01033501	0.005016381	0.429479	0.0251353	0.191738	0.353648
3181	-64.09048	-86.0784	21.98792	0	0	1	0	0.006546535	0.001254761	0.001773848	0.002071648	0.04883886	0.04883886	0.01025334	0.004638228	0.165782	0.12231	0.47399	0.237918
3182	-76.54532	-86.66017	10.11485	0	1	1	1	0.006910586	0.006429134	0.001773848	0.001773848	0.05885075	0.05885075	0.01025334	0.01025334	0.342447	0.0964081	0.373612	0.187533
3183	-79.7165	-89.48442	9.767915	1	1	1	1	0.006910586	0.006910586	0.001859844	0.001859844	0.03243381	0.03243381	0.01546079	0.01546079	0.278796	0.0386936	0.529834	0.152676
3184	-68.13167	-87.78619	19.65452	0	1	0	1	0.006910586	0.001486918	0.001184664	0.001184664	0.03243381	0.001710503	0.01546079	0.01546079	0.0854889	0.0490648	0.671847	0.193599
3185	-63.54088	-88.06514	24.52425	0	0	0	1	0.008393718	0.001486918	0.0009607567	0.001689917	0.03243381	0.003623174	0.01228091	0.01228091	0.121526	0.0471313	0.645373	0.18597
3186	-68.1032	-88.52082	20.41762	0	1	0	1	0.005846669	0.0004738469	0.0001665924	0.0001665924	0.03243381	0.003620416	0.01228091	0.01228091	0.166065	0.037556	0.648191	0.148188
3187	-76.15732	-89.10839	12.95108	0	1	1	1	0.009513155	0.004786066	0.002390445	0.002390445	0.03243381	0.03243381	0.0188708	0.0188708	0.166065	0.037556	0.648191	0.148188
3188	-69.24403	-87.95663	18.7126	0	0	0	1	0.009513155	0.004786066	0.002390445	0.004839149	0.0486772	0.005035446	0.0188708	0.0188708	0.157483	0.0356152	0.614694	0.192208
3189	-67.55507	-88.16313	20.60806	0	0	1	0	0.005141083	0.0007425267	0.004309035	0.0005285899	0.0486772	0.0486772	0.007089244	0.01678241	0.189803	0.0429243	0.606283	0.16099
3190	-72.81807	-91.39731	18.57923	0	1	1	0	0.00313444	0.005233713	0.00100904	0.00100904	0.0486772	0.0486772	0.004895229	0.002388353	0.107475	0.0292458	0.685071	0.178208
3191	-64.43077	-89.75951	25.32874	0	0	0	0	0.008114009	0.001030329	0.003290601	0.003062735	0.0486772	0.0007588969	0.004895229	0.01597561	0.456541	0.0178078	0.41714	0.108511
3192	-74.83195	-95.14593	20.31398	0	1	0	1	0.003819044	0.004544676	0.003562495	0.003562495	0.03172472	0.006865709	0.004898481	0.004898481	0.797941	0.0075443	0.0631814	0.131333
3193	-68.91056	-93.81848	24.90792	0	1	0	0	0.003819044	0.003553021	0.00381091	0.00381091	0.03602896	0.004088789	0.004898481	0.002475371	0.463263	0.0379402	0.35887	0.139927
3194	-72.6568	-89.92727	17.27047	0	1	0	1	0.01159337	0.000704293	0.00381091	0.00381091	0.03602896	0.01149079	0.009195864	0.009195864	0.108855	0.0420677	0.397912	0.451165
3195	-64.1854	-87.10739	22.92199	0	0	0	1	0.006448505	0.0007245047	0.001136458	0.002696811	0.03996668	0.002425162	0.01663613	0.01663613	0.129208	0.0411069	0.388824	0.440861
3196	-74.57793	-88.99797	14.42003	1	0	1	1	0.006697186	0.006697186	0.001136458	0.002730823	0.03996668	0.03996668	0.009060579	0.009060579	0.201209	0.0640135	0.0482494	0.686528
3197	-74.35516	-86.85447	12.49931	0	1	1	1	0.006721862	0.00146771	0.002730758	0.002730758	0.05059752	0.05059752	0.009060579	0.009060579	0.17519	0.190202	0.0368556	0.597752
3198	-70.79298	-86.31277	15.51979	0	1	1	0	0.006721862	0.00146771	0.001707135	0.001707135	0.05059752	0.05059752	0.009060579	0.01328338	0.060736	0.347584	0.0343625	0.557318
3199	-77.33563	-87.33353	9.997907	1	1	1	0	0.008915759	0.008915759	0.001707135	0.001707135	0.05059752	0.05059752	0.01752304	0.006143145	0.0430715	0.246492	0.0243685	0.686068
3200	-71.45714	-84.7931	13.33596	0	0	1	1	0.01222129	0.000360873	0.001707135	0.002065945	0.068823	0.068823	0.01015158	0.01015158	0.0430715	0.246492	0.0243685	0.686068
3201	-74.08182	-83.82161	9.739794	0	1	1	0	0.00838693	0.0008689082	0.0008260277	0.0008260277	0.0666165	0.0666165	0.01896068	0.02024112	0.041066	0.14334	0.16147	0.654123
3202	-72.0205	-87.76235	15.74185	0	1	1	0	0.00838693	0.001868951	0.0008260277	0.0008260277	0.03352623	0.03352623	0.01367289	0.02328698	0.0874678	0.305305	0.343921	0.263306
3203	-66.02469	-89.88201	23.85732	0	0	0	1	0.009785067	0.001868951	0.003858553	0.001227161	0.03313383	0.001081167	0.01372935	0.01372935	0.0962608	0.335997	0.277967	0.289776
3204	-72.79478	-90.79583	18.00105	0	1	1	0	0.006774494	0.005907097	0.002969694	0.002969694	0.03788192	0.03788192	0.006678063	0.008433929	0.17445	0.140761	0.159639	0.52515
3205	-69.71004	-87.09433	17.38429	0	1	1	0	0.006774494	0.001084508	0.002969694	0.002969694	0.04203691	0.04203691	0.01530657	0.004000933	0.215232	0.0403221	0.0965288	0.647917
3206	-70.37088	-86.97507	16.60419	0	1	1	0	0.01123914	0.002097817	0.0004506578	0.0004506578	0.04203691	0.04203691	0.01530657	0.005504229	0.188653	0.00474741	0.0846085	0.721991
3207	-69.51474	-87.10465	17.5899	0	1	1	0	0.005039347	0.001782891	0.0004506578	0.0004506578	0.04203691	0.04203691	0.01530657	0.006380628	0.327116	0.00393723	0.0701694	0.598778
3208	-70.4173	-89.32255	18.90525	0	1	1	0	0.006292366	0.001782891	0.003559397	0.003559397	0.03530839	0.03530839	0.01530657	0.001223506	0.358358	0.00194116	0.0345954	0.605105
3209	-75.09756	-86.51408	11.41652	1	0	1	1	0.004236215	0.004236215	0.001545022	0.001458307	0.0542259	0.0542259	0.01530657	0.01530657	0.376009	0.00203677	0.0362995	0.585654
3210	-81.72718	-88.734	7.006822	1	1	1	0	0.009505786	0.009505786	0.001545022	0.001545022	0.04390196	0.04390196	0.01530657	0.03173647	0.499501	0.00140255	0.0958061	0.40329
3211	-71.41994	-87.53489	16.11495	0	0	1	1	0.009505786	0.006431675	0.001545022	0.00054479	0.04390196	0.04390196	0.01750458	0.01750458	0.31435	0.00192141	0.131248	0.552481
3212	-67.74404	-90.6234	22.87936	1	0	0	0	0.00573311	0.00573311	0.001545022	0.001379107	0.03079957	0.003805951	0.01750458	0.009510745	0.14451	0.00134485	0.467447	0.386698
3213	-80.91751	-90.30825	9.390737	1	1	1	1	0.004552551	0.004552551	0.001545022	0.001545022	0.02972322	0.02972322	0.02300171	0.02300171	0.14451	0.00134485	0.467447	0.386698
3214	-79.28412	-92.12887	12.84475	0	1	1	1	0.004552551	0.009787112	0.001902281	0.001902281	0.02935879	0.02935879	0.02300171	0.02300171	0.14451	0.00134485	0.467447	0.386698
3215	-74.16085	-92.69653	18.53568	0	1	1	0	0.003054767	0.003497478	0.001078897	0.001078897	0.0259253	0.0259253	0.02300171	0.009028961	0.251704	0.00234243	0.0724122	0.673541
3216	-75.31575	-91.36833	16.05258	1	0	1	1	0.003054767	0.003054767	0.0001393851	0.001721632	0.02663515	0.02663515	0.01870253	0.01870253	0.066048	0.00292359	0.0903781	0.84065
3217	-70.04457	-85.18949	15.14492	0	0	1	1	0.01036804	0.001695765	0.0001780256	0.006773297	0.05536247	0.05536247	0.01060487	0.01060487	0.106196	0.0344405	0.206498	0.652866
3218	-67.62103	-88.50403	20.883	0	0	1	1	0.005861507	0.001210601	0.001354168	0.0001312127	0.03299789	0.03299789	0.01060487	0.01060487	0.127351	0.0413014	0.0484236	0.782924
3219	-64.53978	-86.57575	22.03597	0	0	0	1	0.00568474	0.001210601	0.001048099	0.004715156	0.04549096	0.003273247	0.01367954	0.01367954	0.109824	0.0356172	0.744899	0.10966
3220	-63.89821	-87.78495	23.88673	0	0	0	0	0.0108262	0.0005755621	0.001048099	0.002919052	0.04549096	0.01371058	0.007574486	0.01190807	0.402277	0.10877	0.426208	0.0627442
3221	-73.5612	-88.32708	14.76588	0	1	1	1	0.008406601	0.0008731786	0.001048099	0.001048099	0.04115907	0.04115907	0.006126547	0.006126547	0.316421	0.0855559	0.526315	0.071708
3222	-68.85384	-88.22054	19.3667	0	0	1	1	0.010765	0.001527133	0.001417412	0.001856853	0.03182739	0.03182739	0.01343981	0.01343981	0.170342	0.216805	0.574249	0.0386033
3223	-65.5862	-89.1303	23.5441	0	1	0	0	0.010765	0.001527133	0.0003360091	0.0003360091	0.02858689	0.00357933	0.01343981	0.008241574	0.0743711	0.0946569	0.814118	0.0168542
3224	-70.14009	-87.38502	17.24493	0	0	0	1	0.01051533	0.001527133	0.0001594226	0.01480991	0.05507683	0.004903606	0.0155152	0.0155152	0.0586115	0.286504	0.641602	0.0132827
3225	-70.75601	-90.80417	20.04816	1	0	1	0	0.009701211	0.009701211	0.0001594226	0.001242422	0.03504349	0.03504349	0.01077897	1.009351e-05	0.0430095	0.210238	0.470811	0.275941
3226	-81.30453	-89.59806	8.293527	1	1	1	1	0.009701211	0.009701211	0.002012939	0.002012939	0.04430881	0.04430881	0.009075662	0.009075662	0.0675095	0.329999	0.169363	0.433129
3227	-68.05538	-87.49559	19.4402	0	0	1	1	0.004633595	0.0005961081	0.0008319152	0.0009670567	0.04430881	0.04430881	0.009075662	0.009075662	0.090498	0.442371	0.227035	0.240096
3228	-79.51079	-88.89958	9.388785	1	1	1	1	0.004633595	0.004633595	0.0008156018	0.0008156018	0.04430881	0.04430881	0.009075662	0.009075662	0.382917	0.269171	0.20182	0.146092
3229	-69.90805	-85.92518	16.01714	0	0	1	1	0.005540698	0.00227601	0.0008156018	0.006035801	0.05624956	0.05624956	0.009075662	0.009075662	0.0300871	0.0870102	0.065239	0.817664
3230	-69.40205	-87.99122	18.58918	0	0	1	1	0.005540698	0.003662186	0.0008156018	0.004394539	0.03539193	0.03539193	0.01547613	0.01547613	0.0300871	0.0870102	0.065239	0.817664
3231	-69.20237	-88.89384	19.69147	0	0	1	1	0.009181776	0.00274054	0.0004591082	0.003178781	0.03539193	0.03539193	0.00802375	0.00802375	0.0200995	0.0581267	0.135556	0.786218
3232	-66.84921	-91.7242	24.87499	0	1	0	0	0.005982377	0.0005928722	0.0004591082	0.0004591082	0.0258437	0.007277317	0.00802375	0.01068382	0.316133	0.0344632	0.183256	0.466148
3233	-68.16348	-85.98183	17.81835	0	0	1	0	0.005982377	0.005526379	0.0003123118	0.005579629	0.05956694	0.05956694	0.01066562	0.01159413	0.254135	0.0375876	0.19987	0.508408
3234	-76.07506	-86.34813	10.27307	1	0	1	1	0.005982377	0.005982377	0.0005200901	0.006577622	0.05956694	0.05956694	0.01066562	0.01066562	0.316335	0.0467873	0.248788	0.38809
3235	-68.34668	-87.06047	18.7138	0	1	1	0	0.006283384	0.001116301	0.00255908	0.00255908	0.04136453	0.04136453	0.01066562	0.002579344	0.217713	0.0322007	0.649609	0.100477
3236	-69.21715	-85.18437	15.96722	0	0	1	1	0.006283384	0.0005701755	0.0004982448	0.007606506	0.05465494	0.05465494	0.01066562	0.01066562	0.218344	0.0293942	0.651493	0.100769
3237	-76.59397	-87.22617	10.6322	0	1	1	1	0.004563178	0.006528006	0.0006055697	0.0006055697	0.05465494	0.05465494	0.01490669	0.01490669	0.516825	0.0695765	0.175078	0.238521
3238	-80.71509	-87.47607	6.760977	1	1	1	1	0.004563178	0.004563178	0.001097011	0.001097011	0.05465494	0.05465494	0.01354979	0.01354979	0.751636	0.0357641	0.0899944	0.122606
3239	-80.27186	-88.36669	8.094827	1	1	1	1	0.005439543	0.005439543	0.001097011	0.001097011	0.0446838	0.0446838	0.01501485	0.01501485	0.45689	0.361014	0.161979	0.0201172
3240	-68.63193	-87.61022	18.97829	0	1	0	0	0.004544717	0.0008312514	0.001097011	0.001097011	0.05234056	0.00994975	0.02257449	0.001254723	0.565073	0.166585	0.200332	0.0680104
3241	-76.60854	-87.13585	10.5273	1	0	1	1	0.004544717	0.004544717	0.001020949	0.005407154	0.06195703	0.06195703	0.008928568	0.008928568	0.287654	0.118049	0.546102	0.0481952
3242	-76.02743	-87.16124	11.13381	1	0	1	0	0.006064904	0.006064904	0.0005260665	0.002213084	0.06195703	0.06195703	0.02824398	0.008921255	0.129265	0.354564	0.371415	0.144755
3243	-75.23782	-87.40925	12.17143	1	0	0	1	0.006064904	0.006064904	0.0005950231	0.00110534	0.06195703	0.01268104	0.01958772	0.01958772	0.226239	0.315076	0.330051	0.128634
3244	-72.06794	-88.66118	16.59324	1	0	1	0	0.006706367	0.006706367	0.0005950231	0.001081317	0.03691058	0.03691058	0.01958772	0.01181696	0.177605	0.247344	0.47407	0.100982
3245	-73.10811	-89.77764	16.66953	0	1	0	1	0.006706367	0.006177817	0.0005950231	0.0005950231	0.03405827	0.009136375	0.01958772	0.01958772	0.179028	0.231155	0.488026	0.101791
3246	-70.25305	-90.61104	20.35799	0	1	1	0	0.005590087	0.004807356	0.0005950231	0.0005950231	0.03405827	0.03405827	0.00712291	0.002989708	0.317589	0.0788842	0.499369	0.104157
3247	-70.5137	-93.52081	23.00712	1	0	0	0	0.005590087	0.005590087	0.001037626	0.007626764	0.03405827	0.005300034	0.006907098	0.009027439	0.535118	0.132915	0.15647	0.175498
3248	-76.54029	-89.21077	12.67048	0	1	1	1	0.01341349	0.001077657	0.001037626	0.001037626	0.03405827	0.03405827	0.02001227	0.02001227	0.611341	0.00940525	0.178758	0.200496
3249	-65.21996	-89.77067	24.55072	0	0	1	0	0.003384406	0.003774853	0.0001833076	0.003005185	0.03405827	0.03405827	0.01200694	0.004304858	0.133149	0.0209771	0.398695	0.447179
3250	-73.50866	-87.33171	13.82304	0	1	1	1	0.004016084	0.001720097	0.001694742	0.001694742	0.0435687	0.0435687	0.01200694	0.01200694	0.289406	0.0227764	0.432891	0.254927
3251	-70.10202	-87.84467	17.74265	0	1	1	0	0.006557355	0.002524712	0.001694742	0.001694742	0.0435687	0.0435687	0.01200694	0.003770827	0.796483	0.0080327	0.152671	0.0428132
3252	-65.81781	-90.22203	24.40422	0	0	1	0	0.006557355	0.000592832	0.001694742	0.006084416	0.02275367	0.02275367	0.01200694	0.01186583	0.202521	0.0030138	0.778402	0.0160631
3253	-68.90253	-89.7698	20.86727	0	1	0	1	0.006557355	0.0001024967	0.001694742	0.001694742	0.02275367	0.009135025	0.01200694	0.01200694	0.224925	0.00334719	0.753888	0.0178401
3254	-72.07366	-86.76726	14.6936	0	1	0	1	0.013807	0.0005779175	0.001694742	0.001694742	0.04500975	0.01446769	0.01200694	0.01200694	0.224925	0.00334719	0.753888	0.0178401
3255	-70.97454	-86.44591	15.47136	0	1	0	1	0.009266871	0.0005779175	0.001694742	0.001694742	0.04500975	0.01446835	0.01209757	0.01209757	0.593393	0.00883051	0.374765	0.0230115
3256	-72.45207	-85.69263	13.24056	0	1	1	1	0.009266871	0.0001327462	0.001147834	0.001147834	0.04500975	0.04500975	0.01078121	0.01078121	0.282542	0.0129042	0.547651	0.156903
3257	-64.96827	-87.83699	22.86872	0	1	0	0	0.005686129	1.37534e-05	0.001147834	0.001147834	0.04500975	0.004584612	0.008262308	0.005634568	0.434331	0.0198366	0.246328	0.299505
3258	-69.46651	-87.42352	17.95702	0	0	1	1	0.009798763	1.37534e-05	0.0004930384	0.008193123	0.0421361	0.0421361	0.008262308	0.008262308	0.434331	0.0198366	0.246328	0.299505
3259	-69.20576	-86.15362	16.94787	0	0	1	0	0.009664586	1.37534e-05	0.0004930384	0.008193123	0.04390106	0.04390106	0.01339546	0.02854563	0.578181	0.0264066	0.327912	0.0675007
3260	-74.06897	-84.31976	10.25079	0	1	1	1	0.007925723	0.0009911308	0.0007603048	0.0007603048	0.06036746	0.06036746	0.01339546	0.01339546	0.26891	0.058591	0.522729	0.149771
3261	-67.48022	-84.25864	16.77842	0	0	1	0	0.007925723	0.001218477	0.0005498869	0.008404581	0.06517722	0.06517722	0.01746884	0.004431169	0.169731	0.0665393	0.593641	0.170088
3262	-70.96253	-86.50893	15.5464	0	1	1	0	0.007925723	0.003317461	0.0005498869	0.0005498869	0.04933461	0.04933461	0.02118907	0.0003692246	0.215255	0.299685	0.084747	0.400313
3263	-72.23472	-87.89546	15.66074	0	0	1	1	0.004465373	0.007950116	0.0005498869	0.00569109	0.04933461	0.04933461	0.01404088	0.01404088	0.215255	0.299685	0.084747	0.400313
3264	-71.86064	-86.97525	15.11461	0	1	1	0	0.003482604	0.002436048	0.001242329	0.001242329	0.06446167	0.06446167	0.0102152	0.003317988	0.0188763	0.373284	0.109213	0.498626
3265	-73.88377	-90.82772	16.94396	0	1	1	1	0.008574269	0.0006008475	0.001242329	0.001242329	0.02452207	0.02452207	0.0102152	0.0102152	0.0188763	0.373284	0.109213	0.498626
3266	-71.13396	-93.91072	22.77676	0	1	0	1	0.008330683	0.0002283413	0.001242329	0.001242329	0.01734242	0.003734311	0.01044977	0.01044977	0.018375	0.363371	0.106313	0.511942
3267	-71.76053	-94.27276	22.51223	0	0	1	1	0.008330683	0.001448159	0.001242329	0.004819276	0.01734242	0.01734242	0.009658085	0.009658085	0.0224172	0.223714	0.129308	0.624561
3268	-75.79437	-89.60583	13.81146	0	1	1	1	0.008330683	0.00267145	0.001242329	0.001242329	0.02914535	0.02914535	0.02168298	0.02168298	0.0224172	0.223714	0.129308	0.624561
3269	-78.34581	-87.95036	9.604555	1	0	1	0	0.004642168	0.004642168	0.001242329	0.02011293	0.06168247	0.06168247	0.02168298	0.007310863	0.0224172	0.223714	0.129308	0.624561
3270	-72.52537	-93.43315	20.90778	0	0	0	0	0.0164789	0.0007537229	0.001242329	0.01996639	0.04125683	0.0007371442	0.02168298	0.008974507	0.0152687	0.140433	0.088074	0.756225
3271	-71.64116	-88.89977	17.25862	0	1	1	0	0.0164789	0.0007537229	0.0003185245	0.0003185245	0.04125683	0.04125683	0.01270613	0.001377886	0.0363673	0.334485	0.209776	0.419371
3272	-63.7738	-89.26446	25.49066	0	0	1	0	0.005256308	0.0007537229	0.001341671	0.003163578	0.02950537	0.02950537	0.01270613	0.002614484	0.0363673	0.334485	0.209776	0.419371
3273	-80.70899	-89.65435	8.945368	1	0	1	1	0.005256308	0.005256308	0.005733763	0.01256129	0.05464971	0.05464971	0.01270613	0.01270613	0.0632572	0.138393	0.417758	0.380591
3274	-77.49509	-88.89182	11.39673	1	1	0	1	0.004428818	0.004428818	0.0008693719	0.0008693719	0.05464971	0.004231216	0.01270613	0.01270613	0.201966	0.17353	0.147284	0.477219
3275	-66.42812	-92.01221	25.5841	0	1	0	0	0.004428818	0.001171692	9.927331e-05	9.927331e-05	0.02234183	0.008873664	0.01270613	0.005185402	0.0926367	0.066805	0.65684	0.183718
3276	-73.85187	-89.74255	15.89068	1	0	1	1	0.004626052	0.004626052	0.001134699	0.000859762	0.03185288	0.03185288	0.01270613	0.01270613	0.201667	0.145432	0.252953	0.399948
3277	-66.97161	-90.57108	23.59947	0	0	0	1	0.002828007	0.0007668623	0.001134699	0.00074937	0.03185288	0.01612105	0.01270613	0.01270613	0.282374	0.0178113	0.240183	0.459631
3278	-71.85774	-87.45195	15.5942	0	1	1	1	0.006744767	0.0009976194	0.0005740006	0.0005740006	0.03185288	0.03185288	0.01270613	0.01270613	0.0456672	0.00288054	0.77596	0.175493
3279	-69.51549	-90.09179	20.57631	0	1	1	0	0.005725507	0.001217787	0.002885725	0.002885725	0.02792487	0.02792487	0.01212496	0.004035719	0.151679	0.00956745	0.255872	0.582882
3280	-76.54438	-86.70303	10.15866	1	0	1	1	0.005725507	0.005725507	0.002885725	0.001524813	0.0617061	0.0617061	0.01212496	0.01212496	0.44363	0.0279828	0.351451	0.176936
3281	-71.03733	-89.66318	18.62585	0	1	0	1	0.006294825	0.0003438346	0.002885725	0.002885725	0.02951685	0.00436689	0.0216632	0.0216632	0.44962	0.0283606	0.342695	0.179325
3282	-66.22956	-87.13454	20.90498	0	1	0	0	0.00841086	0.0001408674	0.001266565	0.001266565	0.0386287	0.01235435	0.01123447	0.009535881	0.439629	0.0499512	0.33508	0.17534
3283	-67.57195	-86.64186	19.06991	0	1	0	1	0.007067353	0.0003135733	0.001266565	0.001266565	0.0386287	0.0009202981	0.01433477	0.01433477	0.339862	0.0386157	0.485972	0.13555
3284	-63.16477	-87.53769	24.37293	0	0	0	1	0.006333828	0.0003135733	0.001266565	0.00042192	0.0386287	0.0004354257	0.01433477	0.01433477	0.405264	0.138235	0.195375	0.261127
3285	-65.4791	-86.62463	21.14553	0	0	0	0	0.006333828	0.0001077559	0.003282421	0.004789678	0.07588913	0.002797287	0.01135588	0.005176883	0.432593	0.147273	0.20855	0.211585
3286	-77.96552	-85.6249	7.659389	0	1	1	1	0.006759736	0.001329138	0.002929201	0.002929201	0.07588913	0.07588913	0.01135588	0.01135588	0.366396	0.291431	0.162966	0.179207
3287	-67.16616	-86.48915	19.323	0	0	0	1	0.007039597	0.001197195	0.002929201	0.001121819	0.05127546	0.01570157	0.01135588	0.01135588	0.205958	0.163819	0.393122	0.237101
3288	-64.25889	-87.18531	22.92642	0	0	0	1	0.007039597	0.0007492509	0.002929201	0.002135069	0.03940806	0.00108751	0.01666022	0.01666022	0.289742	0.0258901	0.553043	0.131326
3289	-67.60693	-85.97064	18.36371	0	1	0	1	0.007726636	0.0003004057	0.001101544	0.001101544	0.04167119	0.001090351	0.01468066	0.01468066	0.305067	0.0272595	0.582295	0.085379
3290	-69.50554	-87.48561	17.98007	0	1	1	0	0.007726636	0.0005968791	0.001101544	0.001101544	0.04167119	0.04167119	0.007052807	0.01061618	0.308709	0.0275849	0.577308	0.0863984
3291	-66.88424	-90.37923	23.49499	0	0	1	0	0.005964633	0.0005968791	0.001101544	0.005570433	0.02451207	0.02451207	0.02002786	0.008983201	0.61989	0.0151677	0.317436	0.0475067
3292	-64.75915	-89.75416	24.99501	0	0	1	0	0.009525493	0.0005968791	0.0009747323	0.006111475	0.02857629	0.02857629	0.009174206	0.003217353	0.550269	0.0134642	0.394095	0.0421711
3293	-70.90674	-85.43959	14.53285	0	1	0	1	0.009248562	0.0005968791	0.001263081	0.001263081	0.04934893	0.01210926	0.01591683	0.01591683	0.459782	0.0161733	0.473388	0.050656
3294	-72.23735	-91.6139	19.37655	0	0	1	1	0.01096612	0.004404866	0.001838963	0.005239842	0.03126824	0.03126824	0.0070592	0.0070592	0.433762	0.015258	0.446598	0.104382
3295	-70.59171	-93.8059	23.21418	0	0	0	1	0.009666568	0.006560426	0.001838963	0.0001003443	0.02371966	0.01941772	0.0070592	0.0070592	0.478493	0.0168314	0.492652	0.0120237
3296	-74.11819	-91.24974	17.13155	0	1	0	0	0.009666568	0.005314322	0.003565465	0.003565465	0.02878455	0.03359976	0.02101537	0.001209936	0.492345	0.0173187	0.477964	0.0123718
3297	-77.63843	-91.53675	13.89833	1	1	1	0	0.009666568	0.009666568	0.001695697	0.001695697	0.02878455	0.02878455	0.02101537	0.001413749	0.30811	0.0236039	0.651424	0.0168617
3298	-84.01386	-85.67307	1.659218	1	1	1	1	0.009666568	0.009666568	0.001813994	0.001813994	0.07906962	0.07906962	0.01249715	0.01249715	0.220053	0.0675295	0.678842	0.0335753
3299	-74.09652	-86.25384	12.15731	1	0	1	0	0.003873977	0.003873977	0.001262466	0.0003850923	0.07906962	0.07906962	0.01249715	0.004983494	0.377146	0.115738	0.449573	0.0575442
3300	-64.36834	-89.35274	24.9844	0	1	0	0	0.003873977	0.001052103	0.001262466	0.001262466	0.03395909	0.002435114	0.01097128	0.004683104	0.3806	0.0920374	0.470654	0.0567092
3301	-69.63013	-89.69309	20.06296	1	0	1	0	0.004214572	0.004214572	0.001262466	0.002695225	0.03234609	0.03234609	0.0106538	0.00567882	0.175511	0.0141936	0.784145	0.026151
3302	-76.63359	-88.90176	12.26816	1	0	1	0	0.007204429	0.007204429	0.007073579	0.002723992	0.06904988	0.06904988	0.0106538	0.004732045	0.108932	0.388154	0.486684	0.0162308
3303	-64.68748	-89.12665	24.43917	0	0	0	1	0.003363836	0.0002801586	0.001709792	0.002655713	0.03838165	0.004310922	0.0106538	0.0106538	0.104793	0.373406	0.468192	0.0536091
3304	-69.81367	-85.88072	16.06705	0	0	1	1	0.009964755	0.002478895	0.001709792	0.002655713	0.04587496	0.04587496	0.01702371	0.01702371	0.0811396	0.0475431	0.673906	0.197411
3305	-76.22311	-91.55675	15.33364	0	1	1	0	0.003073943	0.01646248	0.0007857499	0.0007857499	0.04587496	0.04587496	0.01702371	0.0006821548	0.0811396	0.0475431	0.673906	0.197411
3306	-70.71332	-87.24269	16.52937	1	0	1	0	0.008441668	0.008441668	0.0004317241	0.003738409	0.04587496	0.04587496	0.01702371	0.00155284	0.0811396	0.0475431	0.673906	0.197411
3307	-76.42014	-90.54294	14.1228	1	0	1	1	0.002817861	0.002817861	0.0004317241	0.01259695	0.03541099	0.03541099	0.01003442	0.01003442	0.183081	0.0254145	0.34607	0.445434
3308	-78.02593	-91.8773	13.85137	1	1	0	1	0.002817861	0.002817861	0.001348099	0.001348099	0.03185313	0.009038248	0.01778719	0.01778719	0.113068	0.0264005	0.151707	0.708824
3309	-69.46189	-86.46427	17.00238	0	1	1	0	0.006632525	0.002741441	0.001348099	0.001348099	0.0443004	0.0443004	0.01778719	0.001548009	0.268412	0.0477483	0.27438	0.40946
3310	-74.74841	-89.27138	14.52297	0	1	1	1	0.008501567	0.002742899	0.001348099	0.001348099	0.02862317	0.02862317	0.01778719	0.01778719	0.268412	0.0477483	0.27438	0.40946
3311	-75.71169	-86.25389	10.5422	0	1	1	1	0.008621951	0.002742899	0.002550609	0.002550609	0.05007058	0.05007058	0.01778719	0.01778719	0.367665	0.0176422	0.0538235	0.560869
3312	-77.65341	-88.03669	10.38328	1	0	1	1	0.002649597	0.002649597	0.002264035	0.006610417	0.05337099	0.05337099	0.01778719	0.01778719	0.180065	0.09195	0.20801	0.519976
3313	-77.92338	-88.33378	10.41039	1	0	1	1	0.002649597	0.002649597	0.002264035	0.004533255	0.05337099	0.05337099	0.01970927	0.01970927	0.120461	0.391679	0.140001	0.347858
3314	-70.92071	-88.59582	17.67511	0	0	1	0	0.002649597	0.007830092	0.0004577271	0.005925071	0.05337099	0.05337099	0.01640941	0.01340389	0.0973102	0.373114	0.0577598	0.471816
3315	-72.72681	-92.99115	20.26435	0	0	1	0	0.002649597	0.001930159	0.0003765232	0.006303785	0.02323354	0.02323354	0.01640941	0.03433315	0.0973102	0.373114	0.0577598	0.471816
3316	-69.32376	-87.97967	18.65591	0	0	1	0	0.006254529	0.0009307615	0.0003765232	0.00118494	0.04111718	0.04111718	0.01023942	0.03433315	0.0889667	0.720946	0.0664511	0.123636
3317	-79.08171	-88.73047	9.648766	1	0	1	0	0.006254529	0.006254529	0.002701099	0.007988731	0.04746709	0.04746709	0.01767626	0.03433315	0.133368	0.581677	0.0996155	0.18534
3318	-72.67331	-87.99982	15.32651	1	0	1	0	0.005944522	0.005944522	0.000548418	0.001378585	0.04746709	0.04746709	0.01767626	0.01092891	0.351806	0.435063	0.074507	0.138624
3319	-71.91958	-87.54678	15.6272	0	0	1	1	0.005944522	0.001511666	0.000548418	0.0137901	0.04275284	0.04275284	0.01767626	0.01767626	0.0644325	0.627945	0.107539	0.200083
3320	-73.83514	-86.92127	13.08613	0	1	1	1	0.007429935	0.001511666	0.001231306	0.001231306	0.04275284	0.04275284	0.01429599	0.01429599	0.0963122	0.606548	0.103875	0.193265
3321	-71.37595	-87.92256	16.5466	0	0	1	1	0.01316487	0.002883623	0.001231306	0.002636118	0.04275284	0.04275284	0.01429599	0.01429599	0.0696542	0.438663	0.0751236	0.416559
3322	-77.97385	-87.47862	9.50477	0	1	1	1	0.01316487	0.001320778	0.004069435	0.004069435	0.06030644	0.06030644	0.008845848	0.008845848	0.0976876	0.212744	0.105358	0.58421
3323	-72.15009	-88.34425	16.19416	0	1	0	1	0.01316487	0.001320778	0.0005454096	0.0005454096	0.0494833	0.0001982577	0.01426815	0.01426815	0.0992688	0.216188	0.090877	0.593666
3324	-64.62395	-90.19653	25.57258	0	1	0	0	0.007256098	0.001320778	0.0005454096	0.0005454096	0.02185615	0.0007763738	0.01426815	0.008849732	0.0116768	0.027457	0.86061	0.100256
3325	-69.45095	-89.64903	20.19808	0	1	0	0	0.00841079	0.001320778	0.007432084	0.007432084	0.046054	6.185968e-05	0.01426815	0.00806755	0.0116768	0.027457	0.86061	0.100256
3326	-59.22489	-86.12963	26.90474	0	0	0	0	0.00841079	0.001935324	0.0007770609	0.0004972212	0.046054	6.171699e-05	0.01177217	0.007281493	0.121096	0.014407	0.811891	0.0526057
3327	-68.20444	-86.8353	18.63086	0	0	1	1	0.005012936	0.001870342	0.001653769	0.002952086	0.04178133	0.04178133	0.01177217	0.01177217	0.0963634	0.0148124	0.834738	0.0540861
3328	-69.2145	-87.78541	18.57091	0	1	1	0	0.00410524	0.0005742083	0.001653769	0.001653769	0.04178133	0.04178133	0.01177217	0.005498881	0.613748	0.00633146	0.356802	0.0231186
3329	-72.53199	-91.90505	19.37306	1	0	0	1	0.004604959	0.004604959	0.001862115	0.00482553	0.0277408	0.009991651	0.01177217	0.01177217	0.565952	0.00583839	0.406892	0.0213183
3330	-70.33265	-85.99612	15.66347	0	0	1	1	0.006595788	0.001760462	0.001862115	0.005014673	0.04843057	0.04843057	0.0183527	0.0183527	0.375677	0.00839778	0.585262	0.0306636
3331	-70.73993	-87.37915	16.63922	0	0	1	1	0.01054936	0.001007483	0.004219085	0.002175209	0.04261963	0.04261963	0.0158642	0.0158642	0.375677	0.00839778	0.585262	0.0306636
3332	-69.23688	-86.7775	17.54062	0	0	1	1	0.006229829	0.002443391	0.002420626	0.001701202	0.04261963	0.04261963	0.0158642	0.0158642	0.375677	0.00839778	0.585262	0.0306636
3333	-65.10156	-89.48638	24.38482	0	1	0	0	0.006229829	0.0002297481	0.00322869	0.00322869	0.0295657	0.00901399	0.01108446	0.002314358	0.195074	0.257426	0.518071	0.0294287
3334	-80.81162	-88.83999	8.028378	1	1	1	1	0.004698344	0.004698344	0.00322869	0.00322869	0.0476038	0.0476038	0.01108446	0.01108446	0.082577	0.578646	0.219306	0.119471
3335	-65.47199	-93.05413	27.58214	0	0	1	0	0.004698344	0.002566765	0.001961939	0.0009587861	0.02114023	0.02114023	0.01108446	0.0009673263	0.187314	0.300211	0.207232	0.305244
3336	-72.74853	-94.70869	21.96016	0	1	1	0	0.002602379	0.002471829	0.001651666	0.001651666	0.02114023	0.02114023	0.01108446	0.007048295	0.131845	0.320701	0.221376	0.326078
3337	-69.00406	-87.22768	18.22362	0	0	1	1	0.003213492	0.0005764073	0.001383074	0.0005736679	0.04336342	0.04336342	0.01826206	0.01826206	0.0570526	0.138776	0.0957952	0.708376
3338	-74.82563	-88.97237	14.14674	1	1	1	0	0.003213492	0.003213492	0.001383074	0.001383074	0.04336342	0.04336342	0.011291	0.001903994	0.0714544	0.173807	0.119977	0.634762
3339	-68.15406	-85.7335	17.57944	0	0	1	1	0.005751307	0.001221131	0.0007220181	0.002799079	0.04776112	0.04776112	0.01280219	0.01280219	0.25136	0.116895	0.204834	0.426912
3340	-63.91149	-87.04816	23.13667	0	0	1	0	0.005413394	0.001221131	0.001320077	0.0004564667	0.04776112	0.04776112	0.009390151	0.003243895	0.393849	0.183159	0.320949	0.102043
3341	-65.8186	-86.94156	21.12296	0	0	1	0	0.006477254	0.004273461	0.002247864	0.0004564667	0.04776112	0.04776112	0.0162972	0.002811467	0.359756	0.167304	0.293166	0.179775
3342	-71.9419	-90.14908	18.20717	0	1	1	0	0.009169385	0.004817828	0.002247864	0.002247864	0.03244433	0.03244433	0.01531911	0.00346766	0.390599	0.175148	0.0938665	0.340386
3343	-73.40549	-92.29209	18.8866	0	1	1	0	0.009315242	0.007038647	0.002247864	0.002247864	0.02712352	0.02712352	0.01531911	0.002535443	0.430602	0.0906714	0.10348	0.375247
3344	-71.36131	-91.28267	19.92136	0	0	1	1	0.00555692	0.007038647	0.002143146	0.002863739	0.02929978	0.02929978	0.01075868	0.01075868	0.0105583	0.0729161	0.257789	0.658736
3345	-71.88005	-94.94606	23.06601	0	0	1	1	0.004311535	0.0009072112	0.003711132	0.002863739	0.01712098	0.01712098	0.01075868	0.01075868	0.0824439	0.0649345	0.265992	0.58663
3346	-71.44708	-88.9309	17.48382	1	0	1	0	0.007958721	0.007958721	0.0008938432	0.00869322	0.04245444	0.04245444	0.01075868	0.0008448943	0.0940761	0.0740964	0.303522	0.528306
3347	-70.78243	-87.47144	16.68902	0	1	0	1	0.007958721	0.001610911	0.0008938432	0.0008938432	0.04245444	0.007819754	0.01541245	0.01541245	0.0549145	0.459528	0.177173	0.308385
3348	-73.99122	-89.87879	15.88757	0	1	1	1	0.007958721	0.0001606543	0.0008938432	0.0008938432	0.03658127	0.03658127	0.005602856	0.005602856	0.063112	0.528126	0.151971	0.256791
3349	-70.6537	-88.20209	17.54839	0	1	0	1	0.007958721	0.0001606543	0.003217229	0.003217229	0.03643555	0.006720316	0.01674197	0.01674197	0.119084	0.109636	0.286749	0.484531
3350	-71.18476	-87.72261	16.53785	0	1	1	0	0.01364632	0.0002980461	0.0005004793	0.0005004793	0.03643555	0.03643555	0.01674197	0.009392453	0.0916891	0.0951287	0.392767	0.420416
3351	-66.74366	-87.34966	20.606	0	0	1	0	0.009660333	0.002465655	0.0009018105	0.003883573	0.03643555	0.03643555	0.01674197	0.01319296	0.0867117	0.14425	0.371445	0.397593
3352	-69.01523	-88.12972	19.11449	0	0	1	1	0.009660333	0.002465655	0.0001673804	7.095168e-06	0.03643555	0.03643555	0.01354025	0.01354025	0.0867117	0.14425	0.371445	0.397593
3353	-63.2898	-87.08278	23.79297	0	0	1	0	0.006368823	0.002465655	0.0005830737	0.00135148	0.03643555	0.03643555	0.01354025	0.004307327	0.083022	0.029973	0.756514	0.130491
3354	-67.27469	-89.85104	22.57635	0	0	1	0	0.006368823	0.002672325	0.005937071	0.001188243	0.03643555	0.03643555	0.01252089	0.00688842	0.0746945	0.348489	0.491958	0.084858
3355	-73.62156	-93.18769	19.56613	0	1	1	0	0.003561748	0.001228296	0.005937071	0.005937071	0.03643555	0.03643555	0.005312568	0.007217634	0.0294151	0.149823	0.700016	0.120746
3356	-70.79104	-91.35359	20.56254	1	0	1	0	0.004534912	0.004534912	0.0003155109	0.001736177	0.02619981	0.02619981	0.01554131	0.005665574	0.0708118	0.360674	0.277839	0.290675
3357	-75.42526	-94.02824	18.60298	0	1	1	0	0.004534912	0.00170725	0.003950781	0.003950781	0.02071077	0.02071077	0.02515488	0.009143514	0.147077	0.398205	0.3656	0.0891185
3358	-72.30323	-93.34138	21.03816	0	0	1	1	0.00537716	0.00170725	0.0004849346	0.0007776575	0.01777087	0.01777087	0.02515488	0.02515488	0.109082	0.295336	0.476013	0.119569
3359	-79.76962	-89.1585	9.388874	1	1	1	1	0.003472003	0.003472003	0.002549029	0.002549029	0.04408026	0.04408026	0.008731877	0.008731877	0.101215	0.069855	0.662514	0.166415
3360	-75.71908	-88.40025	12.68117	0	1	1	1	0.00394588	0.005924309	0.002549029	0.002549029	0.04408026	0.04408026	0.01303867	0.01303867	0.0216909	0.0357379	0.857433	0.0851383
3361	-76.81099	-91.12924	14.31825	0	1	1	1	0.01094142	0.005924309	0.002734874	0.002734874	0.02753468	0.02753468	0.01303867	0.01303867	0.0406144	0.0669162	0.733055	0.159414
3362	-72.20023	-92.14083	19.9406	1	0	1	0	0.003206377	0.003206377	0.001798523	0.005877231	0.02753468	0.02753468	0.01319976	0.005934263	0.145956	0.201209	0.173496	0.479339
3363	-76.07152	-93.23215	17.16063	0	1	1	1	0.003206377	0.001814999	0.003266325	0.003266325	0.02853864	0.02853864	0.007088986	0.007088986	0.230216	0.317365	0.371288	0.0811309
3364	-66.18576	-91.50895	25.32319	0	0	0	1	0.007161995	0.001814999	0.003394705	0.003645144	0.02622062	0.003924329	0.0101374	0.0101374	0.230216	0.317365	0.371288	0.0811309
3365	-69.03372	-89.85306	20.81934	0	0	1	1	0.007161995	0.0002184277	0.003394705	0.001540471	0.02622062	0.02622062	0.01398818	0.01398818	0.230216	0.317365	0.371288	0.0811309
3366	-77.83528	-85.93129	8.096009	0	1	1	1	0.01156055	0.0007435291	0.003394705	0.003394705	0.06260669	0.06260669	0.01746011	0.01746011	0.181014	0.463258	0.291936	0.0637916
3367	-72.63602	-93.7945	21.15848	0	1	1	0	0.009800963	0.001006134	0.003394705	0.003394705	0.01800147	0.01800147	0.01746011	0.0009211241	0.484284	0.23053	0.224833	0.060354
3368	-70.77315	-87.41731	16.64416	0	1	1	0	0.009800963	0.004521627	0.001585877	0.001585877	0.04814358	0.04814358	0.009040967	0.003313701	0.297837	0.141777	0.523269	0.037118
3369	-71.79948	-92.49474	20.69526	0	1	1	0	0.009800963	0.004521627	0.001585877	0.001585877	0.02332288	0.02332288	0.009040967	0.00496186	0.433121	0.114461	0.422452	0.0299665
3370	-69.46023	-90.40319	20.94296	0	0	1	1	0.007368805	0.004611974	0.001585877	0.001220281	0.02798937	0.02798937	0.009040967	0.009040967	0.0456155	0.182136	0.68552	0.086729
3371	-75.02067	-92.45812	17.43745	0	1	0	1	0.007368805	0.004611974	0.001585877	0.001585877	0.02798937	0.0118048	0.01850822	0.01850822	0.166727	0.665714	0.0471196	0.120439
3372	-69.62751	-88.58444	18.95693	0	0	1	1	0.007368805	0.0007009374	0.001585877	0.007024324	0.02798937	0.02798937	0.01850822	0.01850822	0.000764104	0.182032	0.784271	0.0329328
3373	-67.2225	-88.44029	21.21779	0	1	0	0	0.007368805	0.0007009374	0.001585877	0.001585877	0.03597611	0.002904098	0.0293845	0.001862076	0.000764104	0.182032	0.784271	0.0329328
3374	-71.51186	-88.31349	16.80163	0	1	1	0	0.01190762	0.001849049	0.002513567	0.002513567	0.03695727	0.03695727	0.01332143	0.008957021	0.0611663	0.426036	0.456337	0.0564605
3375	-71.29409	-88.65211	17.35803	0	1	1	0	0.01190762	0.003735619	0.001864927	0.001864927	0.03695727	0.03695727	0.01228844	0.005569489	0.00936	0.449546	0.481518	0.0595761
3376	-69.66367	-88.21242	18.54875	0	1	1	0	0.01190762	0.0009765203	0.000191915	0.000191915	0.03695727	0.03695727	0.01228844	0.003190562	0.00936	0.449546	0.481518	0.0595761
3377	-65.07667	-87.32849	22.25182	0	0	1	0	0.01190762	0.0009765203	0.001171307	0.006512646	0.03695727	0.03695727	0.01315177	0.003190562	0.0603758	0.0139638	0.741539	0.184122
3378	-65.08418	-89.79312	24.70893	0	0	0	1	0.01190762	0.001751648	0.001257301	0.0009041063	0.02836529	0.005211751	0.01041509	0.01041509	0.0603758	0.0139638	0.741539	0.184122
3379	-64.66426	-91.40959	26.74534	0	0	0	1	0.004742818	0.001751648	0.0005021529	0.002392405	0.02315836	0.005201954	0.01041509	0.01041509	0.0603758	0.0139638	0.741539	0.184122
3380	-72.99818	-88.45961	15.46143	0	1	1	1	0.009947845	0.001662803	0.0005021529	0.0005021529	0.031107	0.031107	0.01041509	0.01041509	0.0610988	0.00215723	0.750418	0.186326
3381	-71.57286	-90.46617	18.89331	1	1	0	0	0.004065254	0.004065254	0.00147177	0.00147177	0.031107	0.0006015001	0.01321894	0.01307696	0.0601397	0.00216382	0.623787	0.313909
3382	-67.77027	-90.73387	22.9636	0	0	1	0	0.004413267	0.006127861	0.001063058	0.006803818	0.031107	0.031107	0.01708469	0.003196521	0.0400582	0.0187133	0.152858	0.78837
3383	-68.9994	-85.69452	16.69512	0	0	1	0	0.004487353	0.004753833	0.0001370928	0.00861749	0.06178434	0.06178434	0.01691132	0.008960921	0.0400582	0.0187133	0.152858	0.78837
3384	-69.99585	-96.38443	26.38858	0	0	0	1	0.00643309	0.002975694	0.0001370928	0.006717726	0.02826293	0.0004839609	0.00519461	0.00519461	0.364303	0.0239053	0.0993566	0.512435
3385	-65.4355	-86.04925	20.61376	0	0	1	0	0.00643309	0.002676624	0.002142668	0.005922959	0.05015376	0.05015376	0.01363789	0.002270504	0.0443348	0.00795202	0.777253	0.17046
3386	-76.9804	-87.67993	10.69953	1	1	1	0	0.005459572	0.005459572	0.003330474	0.003330474	0.05015376	0.05015376	0.01363789	0.008291597	0.347669	0.00604228	0.516766	0.129523
3387	-76.40462	-94.13864	17.73402	0	1	1	0	0.005134014	0.001215193	0.008144104	0.008144104	0.02770838	0.02770838	0.008777968	0.01919297	0.703362	0.00852314	0.108856	0.179258
3388	-69.55816	-89.46672	19.90855	0	1	0	0	0.005134014	6.64709e-05	0.001385335	0.001385335	0.02947523	0.03522513	0.01426363	0.001721506	0.703362	0.00852314	0.108856	0.179258
3389	-71.74773	-88.51824	16.77051	0	0	0	1	0.005134014	0.003162706	0.001985834	0.003763792	0.0414239	0.03505482	0.01469609	0.01469609	0.703362	0.00852314	0.108856	0.179258
3390	-65.23159	-90.41662	25.18503	0	0	1	0	0.005134014	0.001267822	0.001985834	0.004140361	0.02829783	0.02829783	0.01045792	0.005805708	0.42296	0.0165798	0.211754	0.348706
3391	-73.21004	-89.19906	15.98902	0	1	1	1	0.006880751	0.001267822	0.001370383	0.001370383	0.02829783	0.02829783	0.01280023	0.01280023	0.42296	0.0165798	0.211754	0.348706
3392	-73.55988	-84.73659	11.17672	0	1	1	1	0.006112313	0.001267822	0.001370383	0.001370383	0.05668864	0.05668864	0.01270456	0.01270456	0.120748	0.0252631	0.322656	0.531333
3393	-75.1288	-86.39746	11.26866	0	1	1	1	0.006112313	0.005866969	0.0004355622	0.0004355622	0.05249839	0.05249839	0.01270456	0.01270456	0.191385	0.0458776	0.655587	0.10715
3394	-73.50437	-85.56451	12.06014	0	1	1	1	0.00562484	0.001827124	0.0004355622	0.0004355622	0.05249839	0.05249839	0.01270456	0.01270456	0.191385	0.0458776	0.655587	0.10715
3395	-73.39191	-85.73929	12.34737	0	1	1	0	0.0111038	0.0006919992	0.0004355622	0.0004355622	0.05072461	0.05072461	0.01988912	0.01813955	0.260035	0.16939	0.174953	0.395622
3396	-69.00764	-85.70798	16.70033	0	0	1	1	0.0111038	0.0006919992	0.0005552403	0.0006048936	0.05072461	0.05072461	0.01240486	0.01240486	0.264456	0.168378	0.173908	0.393258
3397	-70.55528	-86.55318	15.9979	0	0	1	1	0.0111038	0.003359771	0.0001979585	0.002312388	0.05072461	0.05072461	0.01240486	0.01240486	0.290454	0.297488	0.307259	0.104799
3398	-64.20757	-87.54661	23.33904	0	1	0	0	0.008203457	4.43613e-05	7.283147e-05	7.283147e-05	0.04034726	0.00575325	0.01240486	0.0008226687	0.143804	0.31407	0.49024	0.0518861
3399	-74.234	-86.955	12.721	0	1	1	1	0.01251302	0.0002057383	0.001473049	0.001473049	0.04034726	0.04034726	0.01477127	0.01477127	0.0183974	0.17558	0.0627183	0.743305
3400	-68.96899	-87.80988	18.84089	1	0	1	0	0.004481165	0.004481165	0.0001676184	0.002747332	0.04034726	0.04034726	0.01477127	0.001326611	0.0933732	0.0471669	0.768183	0.0912772
3401	-70.98772	-87.35817	16.37046	0	1	1	0	0.004964596	0.0004866441	0.0001676184	0.0001676184	0.04034726	0.04034726	0.01277007	0.01923613	0.138146	0.21718	0.576208	0.0684663
3402	-76.52205	-90.94903	14.42698	1	1	1	0	0.007175309	0.007175309	0.0004661712	0.0004661712	0.04034726	0.04034726	0.00643885	0.005124408	0.390456	0.222288	0.249044	0.138211
3403	-63.57975	-86.95882	23.37907	0	0	1	0	0.007175309	0.0003368079	0.0006116903	0.003471706	0.04034726	0.04034726	0.01129721	0.004179719	0.357063	0.210071	0.173225	0.25964
3404	-71.76596	-89.536	17.77004	0	0	1	1	0.006626643	0.002700666	0.0008529764	0.01264126	0.04034726	0.04034726	0.006797793	0.006797793	0.197741	0.116337	0.15261	0.533312
3405	-72.97658	-90.15446	17.17788	0	1	1	0	0.008911737	0.007585171	0.0008529764	0.0008529764	0.04034726	0.04034726	0.006806422	0.008850254	0.197741	0.116337	0.15261	0.533312
3406	-68.75539	-86.39306	17.63767	0	0	1	1	0.008654131	0.001104189	0.0002917822	0.00685387	0.0412047	0.0412047	0.01261509	0.01261509	0.197741	0.116337	0.15261	0.533312
3407	-76.67267	-89.56963	12.89695	0	1	1	1	0.01067535	0.007065039	0.0002917822	0.0002917822	0.0412047	0.0412047	0.009066971	0.009066971	0.338169	0.0540378	0.360074	0.24772
3408	-70.33986	-87.95609	17.61622	0	0	1	1	0.01059536	0.003250904	0.0002335816	0.006657433	0.0410422	0.0410422	0.009066971	0.009066971	0.305265	0.0487799	0.422339	0.223616
3409	-70.25266	-88.00001	17.74735	0	1	1	0	0.01059536	0.003250904	0.0002432083	0.0002432083	0.0410422	0.0410422	0.01141068	0.003554059	0.23221	0.037106	0.317781	0.412903
3410	-74.05186	-89.16847	15.1166	0	1	1	0	0.01059536	0.00836366	0.0001018905	0.0001018905	0.0410422	0.0410422	0.01503931	0.01000202	0.213943	0.0341871	0.421245	0.330625
3411	-75.919	-89.02913	13.11013	0	1	1	1	0.00721977	0.00836366	0.001082109	0.001082109	0.0410422	0.0410422	0.009376736	0.009376736	0.256357	0.0409647	0.306507	0.396171
3412	-69.62959	-88.38078	18.75119	0	1	0	1	0.00721977	0.0006967198	0.001082109	0.001082109	0.03317037	0.01238244	0.00980295	0.00980295	0.142087	0.0227047	0.376275	0.458934
3413	-72.98322	-86.009	13.02578	0	1	1	1	0.00721977	0.001558305	0.001082109	0.001082109	0.04710782	0.04710782	0.01059896	0.01059896	0.33087	0.0169675	0.368546	0.283617
3414	-71.32074	-89.45525	18.13451	0	1	0	1	0.00721977	0.003386215	0.0005199938	0.0005199938	0.0322342	0.01392268	0.01059896	0.01059896	0.307617	0.015775	0.412923	0.263685
3415	-67.84126	-87.52454	19.68328	0	0	1	1	0.006884849	0.001242677	0.0005199938	0.003677916	0.0322342	0.0322342	0.01446308	0.01446308	0.250246	0.0175149	0.517732	0.214507
3416	-77.57486	-85.06971	7.494846	0	1	1	1	0.00811109	0.003580895	0.002766593	0.002766593	0.06800296	0.06800296	0.01674274	0.01674274	0.283802	0.0198635	0.453064	0.243271
3417	-65.39438	-87.29229	21.89791	0	1	0	0	0.00811109	0.002568521	0.002766593	0.002766593	0.04556185	0.0003171763	0.01320883	0.003358001	0.0194307	0.0271958	0.620304	0.33307
3418	-70.90848	-89.89051	18.98203	1	1	0	0	0.004351675	0.004351675	0.0004157388	0.0004157388	0.03760388	0.004795309	0.01320883	0.002658502	0.184978	0.0292423	0.427645	0.358134
3419	-60.65208	-88.74293	28.09085	0	0	0	0	0.01149727	0.002732564	0.001048838	0.000101257	0.03760388	0.001530066	0.01097859	0.004512699	0.238922	0.0273069	0.399341	0.33443
3420	-66.25932	-90.78805	24.52873	0	0	0	1	0.00616751	0.003817661	0.0006345364	0.0001113536	0.03760388	0.001530066	0.01097859	0.01097859	0.505716	0.0577993	0.0664024	0.370082
3421	-71.42567	-89.42178	17.99611	1	0	1	0	0.00616751	0.00616751	0.0006345364	0.002189117	0.03760388	0.03760388	0.0215035	0.0005749212	0.564335	0.0644989	0.122866	0.2483
3422	-80.38332	-91.17638	10.79306	1	1	1	1	0.00616751	0.00616751	0.002269023	0.002269023	0.03259547	0.03259547	0.00976913	0.00976913	0.62139	0.0428358	0.111151	0.224624
3423	-68.69601	-88.87277	20.17676	0	0	1	1	0.00616751	0.001415256	0.001300426	0.00159334	0.03595437	0.03595437	0.00976913	0.00976913	0.683687	0.0357875	0.0928618	0.187664
3424	-71.03738	-92.0535	21.01612	0	1	1	0	0.003042648	0.000895449	0.002342734	0.002342734	0.02971618	0.02971618	0.00976913	0.00563266	0.607227	0.0317853	0.0824766	0.278511
3425	-79.39696	-89.01291	9.615943	1	1	1	1	0.003042648	0.003042648	0.001285655	0.001285655	0.04343688	0.04343688	0.00976913	0.00976913	0.319414	0.132668	0.0433844	0.504534
3426	-71.84924	-92.94688	21.09764	0	0	1	1	0.003042648	0.0002148229	0.006403684	3.678209e-05	0.02821517	0.02821517	0.0130194	0.0130194	0.161349	0.168452	0.0550863	0.615113
3427	-78.95921	-89.13141	10.1722	0	1	1	1	0.007478491	0.003064042	0.006403684	0.006403684	0.059302	0.059302	0.007641424	0.007641424	0.189849	0.0215679	0.0648167	0.723766
3428	-71.3266	-92.6214	21.2948	0	1	1	0	0.00414729	0.005350865	0.001509743	0.001509743	0.03016731	0.03016731	0.007641424	0.0009881249	0.209654	0.0238177	0.154441	0.612088
3429	-70.73934	-90.13027	19.39093	1	0	1	0	0.00576228	0.00576228	0.001057435	0.001789584	0.03016731	0.03016731	0.01675658	0.005161822	0.209654	0.0238177	0.154441	0.612088
3430	-74.46738	-89.6339	15.16653	0	1	1	1	0.01170196	0.001052515	0.00128986	0.00128986	0.02889596	0.02889596	0.01238143	0.01238143	0.209654	0.0238177	0.154441	0.612088
3431	-69.34173	-88.76183	19.42011	0	0	0	1	0.004798199	0.004402364	0.00128986	0.002048965	0.03434509	0.03079935	0.01238143	0.01238143	0.0946888	0.0107571	0.618108	0.276446
3432	-70.74636	-87.53826	16.7919	0	1	0	1	0.004798199	0.004122365	0.00128986	0.00128986	0.04366757	0.008043421	0.01364023	0.01364023	0.0289669	0.0020038	0.917534	0.0514952
3433	-72.68436	-87.06961	14.38525	0	1	1	1	0.004798199	0.0006620591	0.0004202249	0.0004202249	0.03799259	0.03799259	0.0159176	0.0159176	0.210544	0.0101787	0.404989	0.374289
3434	-67.37334	-86.89732	19.52398	0	0	1	1	0.004798199	0.0006620591	0.0004202249	0.002341248	0.03799259	0.03799259	0.0137196	0.0137196	0.226942	0.0109714	0.358645	0.403441
3435	-68.70255	-84.96386	16.26132	0	0	1	1	0.006423994	0.001324209	0.0004202249	0.004665495	0.05204309	0.05204309	0.0137196	0.0137196	0.254975	0.0123267	0.402946	0.329753
3436	-66.77037	-87.10219	20.33182	0	0	1	0	0.01113105	0.001985331	0.0004202249	0.006691474	0.05204309	0.05204309	0.007246905	0.005332102	0.254975	0.0123267	0.402946	0.329753
3437	-66.96763	-90.89218	23.92455	0	1	0	0	0.01113105	0.002710262	0.0004202249	0.0004202249	0.03842675	0.003509332	0.007246905	0.0008549917	0.346957	0.248686	0.196228	0.208129
3438	-75.85407	-87.24598	11.39191	0	1	1	1	0.01113105	0.002420659	0.001610306	0.001610306	0.05450388	0.05450388	0.007246905	0.007246905	0.376658	0.0794307	0.317967	0.225945
3439	-72.50892	-84.35986	11.85094	0	1	1	0	0.01113105	0.001228986	0.0006067124	0.0006067124	0.0713158	0.0713158	0.01755699	0.001984748	0.383962	0.116371	0.168644	0.331023
3440	-70.28903	-88.51637	18.22734	0	0	1	1	0.005162773	0.00440141	0.00137414	0.0003472215	0.03850828	0.03850828	0.01755699	0.01755699	0.43283	0.131182	0.0628343	0.373154
3441	-76.87017	-97.68939	20.81922	0	1	1	0	0.00950627	0.001166735	0.001702728	0.001702728	0.01126052	0.01126052	0.01755699	0.01133185	0.509122	0.154304	0.0739096	0.262664
3442	-71.65017	-92.22672	20.57655	0	1	1	0	0.00950627	0.001166735	0.001702728	0.001702728	0.02173295	0.02173295	0.01755699	0.002247517	0.437361	0.132555	0.063492	0.366593
3443	-70.76347	-91.91223	21.14876	0	0	1	1	0.004570958	0.001166735	0.002898859	0.002165259	0.02173295	0.02173295	0.01810533	0.01810533	0.191082	0.118231	0.363708	0.326979
3444	-82.24441	-89.29909	7.05468	1	1	1	1	0.009191899	0.009191899	0.002898859	0.002898859	0.04952106	0.04952106	0.0105731	0.0105731	0.34876	0.345993	0.0910411	0.214206
3445	-76.05059	-88.84332	12.79273	1	0	1	1	0.00352394	0.00352394	0.002898859	0.002383055	0.04952106	0.04952106	0.0105731	0.0105731	0.326264	0.271027	0.278935	0.123774
3446	-70.06106	-90.3261	20.26504	0	0	1	0	0.006657975	0.0035295	0.008366415	0.003437775	0.04952106	0.04952106	0.0105731	0.003146335	0.326264	0.271027	0.278935	0.123774
3447	-79.42175	-92.13361	12.71185	1	0	1	1	0.003304655	0.003304655	0.008366415	0.002934741	0.04418373	0.04418373	0.0105731	0.0105731	0.43166	0.124878	0.369042	0.0744195
3448	-74.15889	-92.53075	18.37186	0	0	1	1	0.003022229	0.001610312	0.008366415	0.002823649	0.04418373	0.04418373	0.006517816	0.006517816	0.155875	0.700295	0.118121	0.0257104
3449	-69.11255	-87.65171	18.53916	0	0	1	1	0.01041928	0.0002149048	0.0009122112	0.00331922	0.04418373	0.04418373	0.006517816	0.006517816	0.0374123	0.341846	0.608191	0.0125504
3450	-68.23031	-85.87223	17.64193	0	0	1	1	0.01041928	0.0002149048	0.0009122112	0.002963008	0.04418373	0.04418373	0.01200629	0.01200629	0.167127	0.25434	0.566837	0.0116971
3451	-66.68433	-90.96105	24.27672	1	0	0	0	0.005591715	0.005591715	0.0009122112	0.0003626541	0.03250782	0.005434714	0.01200629	0.005469682	0.109635	0.635403	0.249807	0.00515493
3452	-69.83155	-89.44757	19.61602	0	1	0	1	0.005591715	0.0007559086	0.002512363	0.002512363	0.03250782	0.00603338	0.01200629	0.01200629	0.109535	0.634823	0.249579	0.00606367
3453	-70.01728	-89.35749	19.34022	0	1	0	1	0.007111608	0.0008107189	0.002512363	0.002512363	0.03250782	0.006036302	0.01200629	0.01200629	0.0910174	0.547443	0.207386	0.154153
3454	-65.98427	-92.19597	26.2117	0	0	1	0	0.007111608	0.0008107189	0.002512363	0.005457207	0.02077469	0.02077469	0.01200629	0.002544003	0.361594	0.159119	0.274928	0.204358
3455	-71.16981	-89.35907	18.18926	0	1	1	0	0.006415717	0.0008107189	0.0006561892	0.0006561892	0.02768997	0.02768997	0.01643767	0.01555839	0.265135	0.383434	0.201588	0.149843
3456	-69.16093	-84.83688	15.67595	0	0	1	0	0.01132964	0.0008107189	0.000956274	0.001736121	0.06747921	0.06747921	0.0161486	0.01302152	0.290946	0.420762	0.243512	0.044779
3457	-67.21663	-87.71552	20.49889	0	1	0	0	0.01132964	0.002889279	0.0004453601	0.0004453601	0.0493362	0.002136723	0.0161486	0.001608741	0.290946	0.420762	0.243512	0.044779
3458	-64.53334	-87.45029	22.91694	0	0	0	0	0.01132964	0.002889279	0.00047327	0.007527733	0.0493362	0.003901625	0.0161486	0.007993912	0.187274	0.0918621	0.711087	0.00977629
3459	-66.52472	-87.5975	21.07278	0	1	0	0	0.00602403	0.002825957	0.00047327	0.00047327	0.0493362	0.004108916	0.0161486	0.001694881	0.451707	0.221572	0.246487	0.0802335
3460	-79.86357	-87.5995	7.735929	1	1	1	1	0.00602403	0.00602403	0.00047327	0.00047327	0.04681908	0.04681908	0.01497175	0.01497175	0.417925	0.235224	0.261674	0.0851769
3461	-75.10853	-91.0981	15.98957	0	1	1	1	0.004695278	0.002584383	0.002666376	0.002666376	0.02977254	0.02977254	0.01089529	0.01089529	0.304298	0.443154	0.190529	0.0620187
3462	-69.59725	-93.53597	23.93872	1	0	0	0	0.00499826	0.00499826	0.005553699	0.005675922	0.02977254	0.006737992	0.01089529	0.0005847413	0.077846	0.364308	0.475477	0.0823685
3463	-60.44393	-90.9318	30.48788	0	0	0	0	0.005519247	0.0003289464	0.0005727114	0.004435965	0.02755904	0.006745881	0.01089529	0.0002369161	0.125345	0.586599	0.155428	0.132627
3464	-60.95677	-88.39365	27.43688	0	0	0	0	0.005519247	0.0003289464	0.0005727114	0.004435965	0.03708763	0.006745276	0.01375026	0.005305893	0.17745	0.401045	0.233747	0.187758
3465	-62.17019	-89.05898	26.8888	0	0	0	0	0.007345308	0.0020484	0.0005727114	0.004435965	0.03780188	0.003748349	0.01375026	0.00717811	0.248488	0.561596	0.178835	0.0110807
3466	-68.39505	-92.36544	23.97039	1	0	0	0	0.007345308	0.007345308	0.00204097	0.001746659	0.03060656	0.007401837	0.009291533	0.005604465	0.210105	0.474849	0.305676	0.00936916
3467	-72.91718	-88.98626	16.06908	0	1	1	1	0.007345308	0.0008747031	0.00204097	0.00204097	0.03060656	0.03060656	0.009291533	0.009291533	0.147476	0.333304	0.512643	0.00657636
3468	-68.51185	-89.14551	20.63366	0	1	1	0	0.00534815	0.0008747031	0.00204097	0.00204097	0.03060656	0.03060656	0.0104214	0.004294724	0.343673	0.170353	0.474516	0.0114576
3469	-66.29226	-89.43398	23.14172	0	1	0	0	0.008053394	0.001275864	0.000376121	0.000376121	0.03060656	0.01431678	0.01212948	0.002019178	0.49629	0.246003	0.241161	0.0165456
3470	-72.24122	-94.95884	22.71761	0	1	0	1	0.008053394	0.002293908	0.000376121	0.000376121	0.01439021	0.004423026	0.01212948	0.01212948	0.498794	0.152493	0.343477	0.00523608
3471	-76.88916	-91.5268	14.63765	1	1	1	0	0.007443742	0.007443742	0.000376121	0.000376121	0.02831092	0.02831092	0.01990059	0.002315599	0.092495	0.57516	0.312596	0.019749
3472	-69.64962	-85.04543	15.39581	0	1	1	0	0.007443742	0.0009245988	0.000376121	0.000376121	0.05920785	0.05920785	0.01355391	0.002041131	0.131323	0.396817	0.44382	0.0280395
3473	-75.89595	-86.97142	11.07547	0	1	1	1	0.007443742	0.0008620438	0.003431181	0.003431181	0.05920785	0.05920785	0.007778071	0.007778071	0.131323	0.396817	0.44382	0.0280395
3474	-78.29782	-94.96266	16.66484	1	0	1	1	0.004827847	0.004827847	0.004184273	0.001272659	0.01827898	0.01827898	0.01818751	0.01818751	0.232009	0.35759	0.399947	0.010454
3475	-66.96992	-94.89749	27.92757	0	0	1	0	0.004827847	0.001544909	0.002052955	0.001957908	0.01827898	0.01827898	0.006317274	0.006422118	0.259456	0.286008	0.446174	0.00836133
3476	-67.18785	-92.48319	25.29535	0	0	0	0	0.004827847	0.001276378	0.004770596	0.003552787	0.02300321	0.02310614	0.01439644	0.01106223	0.259456	0.286008	0.446174	0.00836133
3477	-69.02997	-90.70176	21.67179	0	1	1	0	0.004827847	0.001364984	0.0005384415	0.0005384415	0.02300321	0.02300321	0.01439644	0.003517394	0.284368	0.176931	0.529537	0.00916413
3478	-60.74733	-87.25283	26.50551	0	0	0	0	0.007263453	0.000160829	0.003745758	0.004919324	0.04404097	0.002259279	0.01439644	0.002287376	0.284368	0.176931	0.529537	0.00916413
3479	-72.23439	-87.84881	15.61442	0	1	0	1	0.007263453	0.000160829	0.003745758	0.003745758	0.05446884	0.002261561	0.01439644	0.01439644	0.570322	0.345592	0.0657062	0.0183794
3480	-74.99895	-93.09542	18.09647	1	0	1	0	0.007263453	0.007263453	0.003745758	0.007293451	0.02594862	0.02594862	0.01439644	0.009451703	0.130426	0.436105	0.390505	0.0429642
3481	-76.41703	-92.84912	16.43209	1	1	0	1	0.007263453	0.007263453	0.0002837157	0.0002837157	0.02594862	0.002351633	0.01223519	0.01223519	0.130426	0.436105	0.390505	0.0429642
3482	-73.84755	-92.46241	18.61486	1	1	0	0	0.007263453	0.007263453	0.0002837157	0.0002837157	0.02594862	0.006808443	0.01223519	0.01259476	0.279449	0.154307	0.47419	0.0920549
3483	-68.84019	-89.95829	21.11809	0	0	1	1	0.00705871	0.002647295	0.001707362	0.001218324	0.02594862	0.02594862	0.01223519	0.01223519	0.279449	0.154307	0.47419	0.0920549
3484	-75.8699	-85.84826	9.978353	0	1	1	1	0.00705871	0.001818192	0.003173097	0.003173097	0.06071325	0.06071325	0.01223519	0.01223519	0.250783	0.241058	0.425547	0.0826119
3485	-81.8993	-86.45187	4.552577	1	1	1	1	0.00705871	0.00705871	0.002302871	0.002302871	0.06071325	0.06071325	0.01642228	0.01642228	0.268274	0.25787	0.385482	0.0883736
3486	-69.25906	-85.25381	15.99475	0	0	1	1	0.00705871	0.0008727787	0.002302871	0.001065921	0.05266409	0.05266409	0.01615703	0.01615703	0.134755	0.304924	0.455822	0.104499
3487	-67.86101	-87.7287	19.86769	0	0	1	1	0.006445441	0.0008727787	0.001362046	0.001124472	0.03200613	0.03200613	0.01615703	0.01615703	0.134755	0.304924	0.455822	0.104499
3488	-69.85128	-88.30044	18.44916	0	1	1	0	0.006445441	0.0008727787	0.002531196	0.002531196	0.03174969	0.03174969	0.01615703	0.008325831	0.134755	0.304924	0.455822	0.104499
3489	-68.9218	-88.91739	19.99559	0	1	0	1	0.006445441	0.002191538	0.000538567	0.000538567	0.03174969	0.0001540247	0.01615703	0.01615703	0.117744	0.26643	0.398279	0.217547
3490	-65.42553	-91.58186	26.15634	0	0	0	1	0.006445441	0.002572652	0.002076271	0.0008452128	0.03174969	0.001749331	0.006094951	0.006094951	0.274795	0.219003	0.327381	0.178821
3491	-67.97213	-92.06186	24.08973	1	0	0	0	0.008559777	0.008559777	0.002062144	0.001131887	0.03174969	0.001138585	0.01733697	0.001375626	0.274795	0.219003	0.327381	0.178821
3492	-63.75562	-86.79583	23.04021	0	0	0	1	0.008559777	0.0007922358	0.002062144	0.0006924998	0.04312208	0.001138585	0.01299072	0.01299072	0.274795	0.219003	0.327381	0.178821
3493	-72.44421	-86.38838	13.94417	0	1	1	1	0.004673836	0.0002744594	0.001252593	0.001252593	0.04312208	0.04312208	0.01299072	0.01299072	0.283162	0.0549353	0.477637	0.184266
3494	-71.31826	-88.51742	17.19916	0	0	1	1	0.004673836	0.003870151	0.001252593	0.008424123	0.04312208	0.04312208	0.01188932	0.01188932	0.51592	0.100092	0.0990393	0.284948
3495	-75.38437	-88.79673	13.41236	1	1	1	0	0.004158574	0.004158574	0.002006524	0.002006524	0.04312208	0.04312208	0.01063751	0.005430981	0.299854	0.144768	0.143245	0.412134
3496	-64.38392	-87.78615	23.40223	0	0	1	0	0.004158574	0.00137626	0.002006524	0.0005553121	0.04312208	0.04312208	0.01063751	0.005430981	0.0761925	0.252137	0.173239	0.498431
3497	-67.437	-87.60922	20.17222	0	1	0	0	0.007936848	0.002156962	0.002006524	0.002006524	0.05406548	0.00155734	0.01063751	0.007402455	0.0726675	0.286737	0.165224	0.475371
3498	-69.902	-91.86464	21.96265	0	1	0	1	0.006630288	0.002156962	0.0009443297	0.0009443297	0.02405814	0.001557381	0.01063751	0.01063751	0.00126502	0.308815	0.177946	0.511974
3499	-70.36812	-86.09112	15.723	0	1	0	1	0.006630288	0.002156962	0.0004900643	0.0004900643	0.0602017	0.001559309	0.01063751	0.01063751	0.00121331	0.296192	0.554108	0.148486
3500	-73.12866	-85.47019	12.34153	1	0	1	0	0.006630288	0.006630288	0.0008194472	0.003445093	0.06578737	0.06578737	0.01488741	0.009448443	0.00115294	0.331215	0.526535	0.141097
3501	-71.32972	-85.9261	14.59638	0	0	1	1	0.007484844	0.0008246918	0.0008194472	0.002301256	0.07015272	0.07015272	0.006537192	0.006537192	0.00126027	0.362049	0.482457	0.154233
3502	-78.95496	-87.9081	8.953142	1	0	1	1	0.005138253	0.005138253	0.0008194472	0.008215113	0.07015272	0.07015272	0.006537192	0.006537192	0.231872	0.188646	0.251385	0.328097
3503	-72.35474	-86.46812	14.11338	0	1	0	1	0.005138253	0.0001089317	0.0008194472	0.0008194472	0.06984791	0.005045556	0.009922833	0.009922833	0.165234	0.156319	0.17914	0.499307
3504	-71.98675	-88.07214	16.08539	0	1	1	1	0.005138253	0.0001089317	0.001191888	0.001191888	0.03325469	0.03325469	0.010372	0.010372	0.0867717	0.0598633	0.211684	0.641681
3505	-72.63994	-88.87389	16.23394	0	1	1	1	0.008417656	0.0008145228	0.001191888	0.001191888	0.02848663	0.02848663	0.01030534	0.01030534	0.142312	0.0981806	0.439257	0.32025
3506	-63.17451	-88.81716	25.64265	0	0	0	1	0.008417656	0.0008145228	0.001191888	0.001008877	0.02848663	0.004246954	0.01030534	0.01030534	0.072224	0.0718332	0.672265	0.183678
3507	-70.0123	-90.50685	20.49455	0	1	0	1	0.008417656	0.0008145228	0.0002351917	0.0002351917	0.02848663	0.006122866	0.01030534	0.01030534	0.194332	0.100019	0.211429	0.494221
3508	-64.28875	-91.02011	26.73136	0	0	0	0	0.005264392	0.0001504501	0.0002351917	0.0002240614	0.02848663	0.0141912	0.01030534	0.01892425	0.231695	0.119249	0.0598143	0.589242
3509	-71.45083	-90.03932	18.58849	0	1	1	0	0.005264392	0.0004201226	0.0002351917	0.0002351917	0.02848663	0.02848663	0.01275325	0.01812541	0.263048	0.272417	0.0588545	0.405681
3510	-67.79974	-89.30724	21.5075	0	0	1	0	0.002969708	0.0004201226	6.631695e-05	0.008840393	0.03720401	0.03720401	0.007685938	0.02093871	0.121857	0.324609	0.0701303	0.483404
3511	-69.4968	-88.96703	19.47023	0	0	1	1	0.002969708	0.0005042052	6.631695e-05	0.008840393	0.0356496	0.0356496	0.01221119	0.01221119	0.129492	0.344949	0.0745247	0.451034
3512	-71.51822	-90.79398	19.27575	0	0	1	1	0.004085847	0.001904108	6.631695e-05	0.01210634	0.0356496	0.0356496	0.0075416	0.0075416	0.141021	0.630692	0.10668	0.121607
3513	-69.78109	-90.74386	20.96277	1	0	1	0	0.004085847	0.004085847	0.001068289	0.002362545	0.03020781	0.03020781	0.01154493	0.00243457	0.371381	0.0274209	0.280944	0.320254
3514	-76.64181	-87.54008	10.89827	1	1	0	1	0.004085847	0.004085847	0.001068289	0.001068289	0.05472808	0.008309326	0.01154493	0.01154493	0.163406	0.0120651	0.683619	0.14091
3515	-67.91567	-86.81987	18.9042	0	1	0	1	0.007755731	0.0006487905	0.001068289	0.001068289	0.03898889	0.003472512	0.01154493	0.01154493	0.402256	0.00892725	0.543084	0.0457328
3516	-73.79188	-96.39827	22.6064	1	0	1	0	0.002011451	0.002011451	0.001068289	0.003743859	0.02269789	0.02269789	0.01154493	0.001235898	0.82529	0.0183156	0.0625669	0.0938279
3517	-80.38998	-89.34602	8.956045	1	1	0	1	0.001839829	0.001839829	0.001068289	0.001068289	0.06231776	0.01407531	0.01154493	0.01154493	0.32855	0.120828	0.412754	0.137867
3518	-64.44974	-87.32914	22.87941	0	0	0	0	0.006105523	0.003816313	0.002501723	0.004658661	0.06231776	0.003462735	0.01154493	0.005407324	0.238151	0.0661543	0.567187	0.128507
3519	-80.90176	-87.61868	6.716922	1	1	1	1	0.006105523	0.006105523	0.003563133	0.003563133	0.05195795	0.05195795	0.01249031	0.01249031	0.238151	0.0661543	0.567187	0.128507
3520	-69.7175	-95.27224	25.55475	1	0	0	0	0.006105523	0.006105523	0.003563133	0.00342217	0.01791799	0.009347745	0.01249031	0.002127837	0.238151	0.0661543	0.567187	0.128507
3521	-66.06799	-89.67452	23.60653	0	1	0	0	0.004784419	0.0001585338	0.003378576	0.003378576	0.0319344	0.009362351	0.01249031	0.004010046	0.279934	0.0777607	0.365839	0.276466
3522	-63.62274	-90.43981	26.81706	0	0	0	1	0.004784419	0.0004029988	0.001191527	0.001142152	0.02407424	0.003668507	0.01249031	0.01249031	0.153904	0.0913708	0.42987	0.324855
3523	-74.10545	-93.46454	19.35909	0	0	1	1	0.01618829	0.003496081	0.002023879	0.002604333	0.02407424	0.02407424	0.01249031	0.01249031	0.153552	0.0911616	0.428886	0.3264
3524	-75.41535	-89.43533	14.01998	0	1	1	1	0.007565451	0.007378357	0.001044147	0.001044147	0.03340178	0.03340178	0.01249031	0.01249031	0.121646	0.147461	0.415034	0.315858
3525	-72.25327	-89.29387	17.0406	1	0	1	0	0.007565451	0.007565451	0.001044147	0.01012578	0.03724207	0.03724207	0.01418188	0.003979731	0.121646	0.147461	0.415034	0.315858
3526	-70.0473	-88.49847	18.45117	0	1	1	0	0.007565451	0.005038238	0.001317363	0.001317363	0.03517925	0.03517925	0.01418188	0.002788322	0.232582	0.128837	0.362616	0.275966
3527	-68.52834	-91.1613	22.63296	0	0	1	0	0.006959516	0.008916406	0.001317363	0.00492171	0.03052158	0.03052158	0.01187985	0.007171077	0.232582	0.128837	0.362616	0.275966
3528	-79.24307	-87.65357	8.4105	1	1	1	1	0.006959516	0.006959516	0.0004099905	0.0004099905	0.04518017	0.04518017	0.01187985	0.01187985	0.212382	0.117647	0.417973	0.251998
3529	-70.31611	-86.91686	16.60075	0	1	0	1	0.01008378	0.0004032259	0.002072081	0.002072081	0.04969193	0.002524179	0.01187985	0.01187985	0.636166	0.0543461	0.193079	0.116408
3530	-74.32388	-86.59899	12.2751	0	1	1	1	0.01008378	5.714489e-05	0.002376256	0.002376256	0.04746384	0.04746384	0.01187985	0.01187985	0.636166	0.0543461	0.193079	0.116408
3531	-76.57	-91.82243	15.25243	1	0	1	1	0.003862392	0.003862392	0.002165793	0.004214391	0.02683643	0.02683643	0.01775136	0.01775136	0.551783	0.0471374	0.300113	0.100967
3532	-71.86692	-92.86193	20.99501	0	0	1	1	0.007678023	0.006824488	0.002165793	0.0003986498	0.02683643	0.02683643	0.007616165	0.007616165	0.551783	0.0471374	0.300113	0.100967
3533	-76.68297	-88.78816	12.1052	1	1	1	0	0.008942429	0.008942429	0.002165793	0.002165793	0.04421237	0.04421237	0.009612006	0.007900171	0.0436331	0.145637	0.606637	0.204092
3534	-70.6599	-87.81605	17.15615	0	1	1	0	0.009901983	0.001879718	0.002165793	0.002165793	0.04421237	0.04421237	0.01041419	0.004904041	0.2046	0.357148	0.0102625	0.42799
3535	-73.0973	-94.64816	21.55086	0	1	0	0	0.009901983	0.001879718	0.009653931	0.009653931	0.04421237	0.004994297	0.003250684	0.003984203	0.275356	0.369323	0.0138115	0.34151
3536	-74.48576	-87.18604	12.70028	0	1	1	1	0.009901983	0.001975074	0.001815223	0.001815223	0.04421237	0.04421237	0.01152421	0.01152421	0.289999	0.388964	0.277371	0.0436664
3537	-66.1044	-87.39469	21.29029	0	0	1	0	0.009901983	0.001975074	0.002807858	0.006551843	0.04421237	0.04421237	0.01152421	0.002394362	0.0376338	0.319942	0.606507	0.0359178
3538	-71.86976	-87.40291	15.53315	1	0	1	0	0.009901983	0.009901983	0.000866639	0.001888822	0.05676707	0.05676707	0.01311829	0.0002189585	0.0612435	0.520658	0.359647	0.0584509
3539	-74.39333	-85.11784	10.72451	0	1	1	1	0.008721183	0.0006678201	0.001456033	0.001456033	0.05676707	0.05676707	0.01311829	0.01311829	0.409526	0.229808	0.310244	0.0504217
3540	-69.42959	-85.19347	15.76387	0	1	1	0	0.007577302	0.001182177	0.001456033	0.001456033	0.05676707	0.05676707	0.01311829	0.001341153	0.331107	0.185803	0.255365	0.227726
3541	-71.56725	-86.59825	15.03099	1	0	1	0	0.007577302	0.007577302	0.001783464	0.002944954	0.05676707	0.05676707	0.01311829	0.003443062	0.222486	0.124849	0.499646	0.153019
3542	-69.80823	-84.66402	14.85579	0	0	1	1	0.007510398	0.002752277	0.0005540292	0.0008760329	0.06182529	0.06182529	0.01311829	0.01311829	0.247845	0.0055728	0.395383	0.351199
3543	-60.7407	-88.51364	27.77293	0	0	0	0	0.01128009	0.002752277	0.0005540292	0.002765316	0.03835421	0.0009496303	0.01311829	0.00204983	0.194148	0.00436542	0.578671	0.222816
3544	-65.26891	-89.13484	23.86593	0	1	0	0	0.01128009	0.002752277	0.001528161	0.001528161	0.03281045	0.000949426	0.01311829	0.002196136	0.194148	0.00436542	0.578671	0.222816
3545	-73.36947	-87.95711	14.58763	0	1	1	1	0.01128009	0.0006801562	0.0007440615	0.0007440615	0.03281045	0.03281045	0.01311829	0.01311829	0.0917764	0.0121271	0.304117	0.591979
3546	-68.05722	-87.75695	19.69972	0	0	1	1	0.005122045	0.0006801562	0.000218543	0.006979197	0.03281045	0.03281045	0.01311829	0.01311829	0.0998667	0.0131962	0.242773	0.644164
3547	-76.23097	-90.47308	14.24212	0	1	1	1	0.00504108	0.006198802	0.003226407	0.003226407	0.03281045	0.03281045	0.01333269	0.01333269	0.0998667	0.0131962	0.242773	0.644164
3548	-76.1629	-88.52549	12.36259	1	0	1	1	0.006570545	0.006570545	0.004379589	0.001859493	0.04484708	0.04484708	0.01370375	0.01370375	0.271277	0.0358459	0.659467	0.0334105
3549	-68.36948	-87.53603	19.16655	0	1	1	0	0.006570545	0.0007235335	0.00195998	0.00195998	0.0408966	0.0408966	0.01042245	0.001405376	0.296311	0.40299	0.287112	0.0135863
3550	-77.11908	-89.41041	12.29133	1	0	1	1	0.009012558	0.009012558	0.00195998	0.003233242	0.0408966	0.0408966	0.01666569	0.01666569	0.296311	0.40299	0.287112	0.0135863
3551	-68.79635	-86.79833	18.00199	0	1	1	0	0.009012558	0.001040322	0.00195998	0.00195998	0.0408966	0.0408966	0.01485343	0.0008769615	0.090327	0.428964	0.305617	0.175092
3552	-73.05706	-87.83794	14.78087	0	1	1	0	0.009854904	0.001040322	0.001290738	0.001290738	0.0405208	0.0405208	0.02849087	0.005867217	0.111708	0.333313	0.377957	0.177022
3553	-74.75432	-87.02918	12.27486	0	1	1	1	0.009854904	0.001040322	0.002066772	0.002066772	0.04959515	0.04959515	0.009305128	0.009305128	0.262669	0.442091	0.232616	0.0626236
3554	-68.66276	-90.51934	21.85658	0	1	0	0	0.009854904	0.005287205	0.002066772	0.002066772	0.03821143	0.005295709	0.009305128	0.006107329	0.245244	0.412763	0.283523	0.0584692
3555	-70.72007	-88.77146	18.05139	0	1	1	0	0.006803813	0.005287205	0.002066772	0.002066772	0.03821143	0.03821143	0.01098802	0.005	0.357609	0.143707	0.413426	0.0852583
3556	-71.32854	-90.26386	18.93533	1	1	0	0	0.00720983	0.00720983	0.002066772	0.002066772	0.03821143	0.001551118	0.01098802	0.003273923	0.131889	0.207124	0.582011	0.0789752
3557	-74.08169	-87.99477	13.91309	0	1	1	1	0.004642591	0.003920708	0.001807989	0.001807989	0.03821143	0.03821143	0.01390879	0.01390879	0.155199	0.066994	0.684874	0.092933
3558	-78.16976	-88.92019	10.75043	1	1	1	0	0.00888429	0.00888429	0.001807989	0.001807989	0.03821143	0.03821143	0.01346083	0.0182176	0.190441	0.0822069	0.613316	0.114036
3559	-70.50233	-86.64455	16.14222	1	0	1	0	0.005965407	0.005965407	0.0004818152	0.002117959	0.04683077	0.04683077	0.01433004	0.009551864	0.055573	0.0959021	0.715491	0.133034
3560	-64.1016	-89.70876	25.60717	0	0	0	0	0.003760484	0.004291718	0.004362553	0.001584574	0.04683077	0.000805253	0.01288806	0.009688583	0.055573	0.0959021	0.715491	0.133034
3561	-68.91804	-89.19583	20.2778	0	0	1	0	0.003760484	0.0007318786	0.004362553	0.01027926	0.04683077	0.04683077	0.01079102	0.008403241	0.0514052	0.0887098	0.661832	0.198053
3562	-74.86288	-87.11482	12.25195	0	1	1	1	0.01439525	0.00018409	0.0004851666	0.0004851666	0.0461378	0.0461378	0.01079102	0.01079102	0.0373105	0.367683	0.417797	0.177209
3563	-74.82838	-87.9559	13.12753	1	1	1	0	0.00393439	0.00393439	0.0004851666	0.0004851666	0.0461378	0.0461378	0.01125256	0.005175052	0.0445652	0.244734	0.499034	0.211667
3564	-71.57773	-87.11316	15.53542	0	1	1	0	0.005731918	0.00482776	0.0007389691	0.0007389691	0.0461378	0.0461378	0.01125256	0.01405975	0.0558181	0.30653	0.372538	0.265113
3565	-74.18768	-85.99541	11.80773	0	1	1	1	0.005731918	0.000411498	0.0006911752	0.0006911752	0.0461378	0.0461378	0.0215619	0.0215619	0.0552489	0.313602	0.368739	0.26241
3566	-74.80028	-88.07619	13.27592	1	0	1	1	0.006985946	0.006985946	0.0006911752	0.003018002	0.0461378	0.0461378	0.009303242	0.009303242	0.0714776	0.405719	0.477052	0.0457512
3567	-68.97025	-92.1016	23.13135	0	1	0	0	0.01195696	0.0007847421	0.002775282	0.002775282	0.02382922	0.01728236	0.009303242	0.002904886	0.172537	0.361561	0.42513	0.0407717
3568	-78.99041	-86.93312	7.942705	0	1	1	1	0.01195696	0.005055901	0.002775282	0.002775282	0.06755111	0.06755111	0.009303242	0.009303242	0.172537	0.361561	0.42513	0.0407717
3569	-71.70672	-89.0387	17.33198	0	0	1	1	0.01195696	0.005055901	0.002775282	0.001785799	0.04159517	0.04159517	0.009303242	0.009303242	0.10977	0.230029	0.634261	0.0259394
3570	-75.58851	-94.15624	18.56773	0	0	1	1	0.01195696	0.005055901	0.002775282	0.01109278	0.02595892	0.02595892	0.008563949	0.008563949	0.189477	0.39706	0.368688	0.0447748
3571	-73.20023	-93.85427	20.65404	0	1	0	1	0.005357731	0.001161894	0.002859672	0.002859672	0.02595892	0.01342304	0.004708701	0.004708701	0.103738	0.42889	0.379889	0.0874827
3572	-74.78239	-89.30202	14.51963	1	0	0	1	0.004626118	0.004626118	0.00214387	0.004101406	0.05275101	0.01345827	0.01147852	0.01147852	0.267725	0.356079	0.150422	0.225774
3573	-76.27825	-87.78755	11.5093	1	1	1	0	0.004626118	0.004626118	0.0009375621	0.0009375621	0.05275101	0.05275101	0.008185155	0.009741496	0.177824	0.236509	0.435707	0.14996
3574	-73.30945	-88.48731	15.17786	0	0	1	1	0.008697519	0.007779892	0.002501492	0.003167974	0.05446202	0.05446202	0.008185155	0.008185155	0.336822	0.228857	0.42161	0.0127108
3575	-77.97812	-88.08535	10.10723	1	1	1	0	0.008697519	0.008697519	0.002501492	0.002501492	0.05446202	0.05446202	0.009502996	0.009097263	0.392866	0.100547	0.491761	0.0148258
3576	-68.40724	-90.74128	22.33404	0	0	1	0	0.008697519	0.0005817415	0.002501492	0.003066132	0.0253703	0.0253703	0.007833652	0.0253465	0.260963	0.066789	0.662399	0.0098481
3577	-74.08051	-87.16189	13.08138	0	1	1	1	0.01039839	0.0008550763	0.002501492	0.002501492	0.04566034	0.04566034	0.007833652	0.007833652	0.100213	0.0623001	0.8283	0.00918621
3578	-68.11796	-86.77307	18.65511	0	0	1	1	0.01039839	0.0002074524	0.0007202863	8.382225e-05	0.04566034	0.04566034	0.007833652	0.007833652	0.188813	0.11738	0.676499	0.0173078
3579	-64.01809	-87.10404	23.08594	0	1	0	0	0.01039839	0.0005143798	0.0007202863	0.0007202863	0.04566034	0.001226934	0.007833652	0.002742438	0.197289	0.12265	0.661977	0.0180848
3580	-71.70945	-88.65575	16.9463	0	1	0	1	0.01039839	0.003225612	0.0007202863	0.0007202863	0.04566034	0.006840195	0.007833652	0.007833652	0.329953	0.205123	0.411474	0.0534494
3581	-61.52601	-91.51659	29.99058	0	0	0	0	0.01039839	8.162796e-05	0.004399871	0.001965683	0.03168195	0.001106489	0.007833652	0.001670917	0.469102	0.357119	0.146382	0.0273974
3582	-76.26795	-93.05078	16.78283	1	1	0	1	0.0045504	0.0045504	0.0009014509	0.0009014509	0.03168195	0.001108946	0.007833652	0.007833652	0.540961	0.308781	0.126569	0.023689
3583	-73.83357	-88.74499	14.91142	1	1	0	0	0.0045504	0.0045504	0.001116867	0.001116867	0.04530634	0.009644932	0.0166088	0.009090758	0.416595	0.237792	0.295597	0.0500158
3584	-73.03309	-86.79476	13.76167	0	1	0	1	0.01113519	0.001186771	0.001116867	0.001116867	0.04530634	0.01754078	0.0166088	0.0166088	0.392917	0.281113	0.278796	0.0471731
3585	-63.84638	-95.23276	31.38638	0	0	0	0	0.006363729	0.003107328	0.00105617	0.0004445624	0.01269356	0.003693475	0.0166088	0.007186844	0.0797579	0.262495	0.613698	0.0440488
3586	-68.62168	-95.34835	26.72666	0	1	0	0	0.006363729	0.003107328	0.00105617	0.00105617	0.01264983	0.003557576	0.0166088	0.004927828	0.0797579	0.262495	0.613698	0.0440488
3587	-76.14357	-96.35075	20.20719	0	1	1	0	0.006100814	0.003107328	0.003223914	0.003223914	0.01264983	0.01264983	0.01806872	0.01287535	0.222226	0.221857	0.518688	0.0372294
3588	-68.94028	-91.02078	22.0805	0	1	0	0	0.005780033	0.003107328	0.00357637	0.00357637	0.03206583	0.003011115	0.01489445	0.01241247	0.630851	0.0683358	0.195127	0.105686
3589	-70.25532	-89.14084	18.88552	0	0	1	0	0.005780033	0.004335759	0.00357637	0.0001097319	0.04184852	0.04184852	0.007352362	0.03012038	0.147641	0.157786	0.450545	0.244027
3590	-76.20419	-88.79403	12.58984	1	1	1	0	0.005780033	0.005780033	0.00357637	0.00357637	0.04184852	0.04184852	0.01441713	0.00443853	0.147641	0.157786	0.450545	0.244027
3591	-76.49942	-88.88409	12.38467	0	1	1	1	0.005780033	0.005612078	0.00357637	0.00357637	0.04184852	0.04184852	0.01441713	0.01441713	0.235856	0.252062	0.341	0.171081
3592	-73.30366	-90.8974	17.59374	0	0	1	1	0.005831115	0.006513812	0.002180189	0.01012005	0.03191277	0.03191277	0.01441713	0.01441713	0.118727	0.169574	0.174321	0.537378
3593	-76.11851	-87.39968	11.28117	0	1	1	1	0.004702331	0.006513812	0.002180189	0.002180189	0.04973277	0.04973277	0.01441713	0.01441713	0.0655865	0.179799	0.184833	0.569782
3594	-78.70338	-90.24847	11.54509	1	1	1	0	0.004702331	0.004702331	0.006242802	0.006242802	0.04973277	0.04973277	0.01441713	0.0009415658	0.106014	0.238863	0.0699781	0.585145
3595	-69.67941	-87.94362	18.26421	0	0	1	1	0.004702331	0.003211535	0.003146786	0.0002245885	0.04222694	0.04222694	0.01362774	0.01362774	0.0871178	0.196288	0.0575053	0.659089
3596	-67.43029	-86.39	18.95971	0	0	1	0	0.007848005	0.002814472	0.003189808	0.0002665856	0.04954135	0.04954135	0.01362774	0.01541081	0.141959	0.184496	0.0540506	0.619494
3597	-64.29627	-86.46403	22.16776	0	0	1	0	0.007848005	0.002206853	0.0007491654	0.0003145959	0.04713679	0.04713679	0.01362774	0.002465332	0.228459	0.296914	0.086985	0.387642
3598	-69.46905	-89.92182	20.45277	0	0	1	1	0.007848005	0.002206853	0.0007491654	0.0003369374	0.02985251	0.02985251	0.01362774	0.01362774	0.315821	0.294756	0.00460011	0.384824
3599	-71.97652	-90.21127	18.23475	0	1	1	0	0.003802171	0.002206853	0.002107251	0.002107251	0.02985251	0.02985251	0.01362774	0.0157119	0.113497	0.0641696	0.00827383	0.81406
3600	-69.92327	-90.08614	20.16287	0	0	1	1	0.003886181	0.001695785	0.002107251	0.0051282	0.03424585	0.03424585	0.009216173	0.009216173	0.0634666	0.256295	0.00462668	0.675611
3601	-85.2218	-92.26881	7.047001	1	1	1	1	0.003886181	0.003886181	0.006937632	0.006937632	0.03814724	0.03814724	0.02325779	0.02325779	0.0634666	0.256295	0.00462668	0.675611
3602	-79.77725	-89.80195	10.0247	0	1	1	1	0.003886181	0.00106607	0.006937632	0.006937632	0.04958569	0.04958569	0.02325779	0.02325779	0.0343639	0.138771	0.00250511	0.82436
3603	-82.20044	-92.03117	9.830731	1	0	1	1	0.006619238	0.006619238	0.006615958	0.01487712	0.04958569	0.04958569	0.008144849	0.008144849	0.0343639	0.138771	0.00250511	0.82436
3604	-83.2696	-93.06686	9.797266	1	1	1	1	0.006619238	0.006619238	0.004629108	0.004629108	0.04135481	0.04135481	0.003893972	0.003893972	0.116946	0.472258	0.00852526	0.402271
3605	-73.54607	-93.14863	19.60256	0	1	1	0	0.006619238	0.005783826	0.004629108	0.004629108	0.0337167	0.0337167	0.007534441	0.001201148	0.116946	0.472258	0.00852526	0.402271
3606	-74.78253	-85.88997	11.10744	0	1	1	1	0.006619238	0.001293141	0.002348189	0.002348189	0.0533247	0.0533247	0.01495474	0.01495474	0.116946	0.472258	0.00852526	0.402271
3607	-81.23463	-88.93534	7.700712	1	1	1	1	0.006822764	0.006822764	0.002348189	0.002348189	0.04232465	0.04232465	0.01699396	0.01699396	0.411784	0.274002	0.00494631	0.309268
3608	-74.87961	-88.54213	13.66252	1	0	1	1	0.003923096	0.003923096	0.0008505996	0.002931425	0.04631694	0.04631694	0.009902693	0.009902693	0.115954	0.564512	0.00503006	0.314504
3609	-71.59044	-88.39578	16.80534	0	1	1	0	0.004783419	0.001324642	0.001590626	0.001590626	0.04631694	0.04631694	0.006462564	0.01500657	0.0993725	0.483785	0.00431075	0.412532
3610	-74.30808	-88.10978	13.80171	0	1	1	1	0.007315405	0.0008548836	0.001590626	0.001590626	0.04683162	0.04683162	0.006536071	0.006536071	0.0993725	0.483785	0.00431075	0.412532
3611	-70.20123	-86.04089	15.83965	0	0	1	1	0.01034756	0.0008104124	0.0007238534	0.008089314	0.04683162	0.04683162	0.01420581	0.01420581	0.144904	0.247259	0.0062859	0.601551
3612	-66.79424	-86.78672	19.99247	0	0	1	0	0.006605493	0.0005073839	0.0020146	0.009092076	0.04683162	0.04683162	0.01420581	0.007534296	0.228582	0.340737	0.154732	0.275948
3613	-70.58748	-86.6937	16.10622	0	1	1	0	0.008762561	0.002708767	0.001889732	0.001889732	0.04683162	0.04683162	0.01420581	0.005085284	0.228582	0.340737	0.154732	0.275948
3614	-74.84632	-87.30838	12.46206	1	0	1	1	0.006939252	0.006939252	0.001889732	0.000925078	0.04683162	0.04683162	0.01420581	0.01420581	0.130211	0.1941	0.0881429	0.587545
3615	-73.58707	-88.46642	14.87935	0	1	1	0	0.006939252	0.005979287	0.004456059	0.004456059	0.04683162	0.04683162	0.01420581	0.008089524	0.0893417	0.133178	0.374349	0.403132
3616	-72.84644	-85.35087	12.50444	0	1	1	1	0.008389768	0.0004771066	0.0006447748	0.0006447748	0.04683162	0.04683162	0.01420581	0.01420581	0.245045	0.110407	0.310343	0.334205
3617	-69.68347	-85.85027	16.1668	0	0	1	1	0.006920529	0.002777466	0.0006447748	0.001285047	0.05362015	0.05362015	0.01388929	0.01388929	0.213982	0.405337	0.0888414	0.29184
3618	-67.54544	-88.17946	20.63402	0	1	1	0	0.006920529	0.0002613834	0.0006447748	0.0006447748	0.02799489	0.02799489	0.01388929	0.003873597	0.0909266	0.178802	0.606262	0.12401
3619	-77.20128	-86.51511	9.313825	1	1	1	0	0.006920529	0.006920529	0.0006447748	0.0006447748	0.05091121	0.05091121	0.01388929	0.01643378	0.220086	0.0229982	0.0779799	0.678936
3620	-69.34857	-87.19254	17.84397	0	1	1	0	0.006920529	0.001454125	0.0006447748	0.0006447748	0.05091121	0.05091121	0.006797804	0.002815302	0.0267079	0.0287006	0.0973149	0.847277
3621	-66.97607	-89.46156	22.48549	0	0	1	0	0.004249907	0.003580083	0.001333932	0.007719296	0.04389034	0.04389034	0.006797804	0.004959694	0.0233327	0.0250736	0.211391	0.740202
3622	-74.34214	-86.75563	12.41348	0	1	1	1	0.009666774	0.003580083	0.001333932	0.001333932	0.04389034	0.04389034	0.01259821	0.01259821	0.234723	0.0284191	0.239597	0.497261
3623	-75.67314	-86.54473	10.87159	0	1	1	1	0.01037871	0.0006915039	0.001333932	0.001333932	0.04389034	0.04389034	0.0235946	0.0235946	0.234086	0.0656945	0.238947	0.461272
3624	-61.11569	-92.50653	31.39084	0	0	0	0	0.004002959	0.0006915039	0.001333932	0.002747946	0.02677706	0.001608333	0.006986952	0.006980275	0.0246603	0.0893561	0.32501	0.560973
3625	-73.04576	-96.82845	23.78269	0	0	1	1	0.009091359	0.001901114	0.001333932	0.003587112	0.0126734	0.0126734	0.006986952	0.006986952	0.0473374	0.171526	0.623882	0.157255
3626	-69.57843	-92.7714	23.19297	0	1	1	0	0.004191081	0.001901114	0.0007903311	0.0007903311	0.01977632	0.01977632	0.01156557	0.0007226377	0.0801374	0.240186	0.41346	0.266217
3627	-73.48629	-85.85013	12.36385	0	1	1	1	0.004191081	0.0003435918	0.0007903311	0.0007903311	0.05068568	0.05068568	0.01534258	0.01534258	0.10562	0.248136	0.504573	0.141671
3628	-84.94575	-92.58022	7.634472	1	1	1	1	0.005177656	0.005177656	0.00902725	0.00902725	0.04420608	0.04420608	0.01045747	0.01045747	0.0568428	0.133542	0.759136	0.0504789
3629	-86.82089	-95.17259	8.351704	1	1	1	1	0.006699658	0.006699658	0.00902725	0.00902725	0.02890185	0.02890185	0.02013709	0.02013709	0.19668	0.160099	0.46856	0.174661
3630	-64.71487	-88.09295	23.37808	0	0	0	0	0.006699658	0.004815093	0.00103788	0.001265871	0.04283831	0.01864087	0.02037382	0.001291035	0.173853	0.257581	0.414177	0.154389
3631	-69.59265	-86.25222	16.65957	0	0	1	1	0.006699658	0.001431437	0.002781289	0.001206246	0.04622749	0.04622749	0.01797243	0.01797243	0.151949	0.225128	0.361994	0.260929
3632	-71.53787	-88.74744	17.20957	0	0	0	0	0.01273133	0.002398012	0.002781289	0.005916753	0.04622749	0.007179884	0.02295297	0.03205909	0.172882	0.256142	0.466564	0.104411
3633	-67.58032	-87.3223	19.74198	0	0	1	0	0.005846152	0.0003180419	0.002781289	0.002897514	0.04095917	0.04095917	0.02295297	0.01246898	0.152682	0.226214	0.412049	0.209054
3634	-67.00596	-86.21963	19.21367	0	0	1	1	0.007922834	1.684234e-05	0.0006087053	0.0009962987	0.04095917	0.04095917	0.01120509	0.01120509	0.135823	0.201235	0.36655	0.296391
3635	-63.09366	-87.09908	24.00542	0	0	0	1	0.005291732	7.826803e-05	0.0006087053	0.001714125	0.04095917	0.001522796	0.01366215	0.01366215	0.150714	0.223298	0.406737	0.219251
3636	-73.79911	-89.91962	16.12051	0	1	1	1	0.005291732	7.826803e-05	0.0008579685	0.0008579685	0.02316355	0.02316355	0.02047338	0.02047338	0.0542322	0.28427	0.60897	0.0525276
3637	-71.18557	-91.05713	19.87156	1	0	1	0	0.00604796	0.00604796	0.0008579685	0.002486647	0.03110007	0.03110007	0.009975681	0.007477419	0.112998	0.592304	0.185252	0.109446
3638	-79.52866	-90.1964	10.66774	1	1	1	1	0.00604796	0.00604796	0.0008579685	0.0008579685	0.03463635	0.03463635	0.009975681	0.009975681	0.0467557	0.636538	0.199087	0.11762
3639	-80.09532	-94.16615	14.07084	1	0	1	1	0.005239059	0.005239059	0.0008579685	0.01659919	0.03420737	0.03420737	0.004685581	0.004685581	0.0673672	0.638893	0.013845	0.279895
3640	-78.40414	-95.04024	16.6361	1	0	1	1	0.008051996	0.008051996	0.0004240048	0.0001013186	0.03420737	0.03420737	0.004131	0.004131	0.0915612	0.509206	0.0188172	0.380416
3641	-69.35455	-91.15128	21.79673	0	0	1	0	0.008433374	0.002563162	0.002247057	0.002581006	0.04892176	0.04892176	0.002759953	0.00896452	0.165697	0.111817	0.0340532	0.688433
3642	-70.93519	-91.86472	20.92953	0	0	1	0	0.01144781	0.001814582	0.002077937	0.002581006	0.04756624	0.04756624	0.002759953	0.01318372	0.353038	0.221085	0.020073	0.405804
3643	-71.92419	-94.03828	22.1141	0	0	0	1	0.01144781	0.0004108998	0.002075899	0.002793878	0.04756624	0.007600753	0.002759953	0.002759953	0.240471	0.44603	0.0370875	0.276412
3644	-80.17194	-91.40133	11.22939	0	1	1	1	0.01144781	0.00125661	0.007868307	0.007868307	0.0521724	0.0521724	0.005097294	0.005097294	0.270518	0.501762	0.0417217	0.185998
3645	-81.48351	-89.90912	8.425605	1	1	1	1	0.007744235	0.007744235	0.002725283	0.002725283	0.04173353	0.04173353	0.01214008	0.01214008	0.270518	0.501762	0.0417217	0.185998
3646	-75.73202	-88.17651	12.44449	1	0	1	1	0.007744235	0.007744235	0.002725283	0.0009513082	0.04840247	0.04840247	0.01106867	0.01106867	0.262595	0.1788	0.0404997	0.518105
3647	-70.01553	-87.73829	17.72276	0	1	1	0	0.007678737	0.0002351304	0.002725283	0.002725283	0.04840247	0.04840247	0.01106867	0.0001267391	0.150349	0.673772	0.0231882	0.152691
3648	-68.12527	-85.67956	17.55429	0	1	1	0	0.01076416	0.0002351304	0.0006358565	0.0006358565	0.04840247	0.04840247	0.01106867	9.443995e-05	0.138157	0.241243	0.56593	0.0546707
3649	-68.73641	-88.9855	20.24909	0	0	0	1	0.01173587	0.002338172	0.0003544061	0.01073609	0.04840247	0.0006877325	0.01106867	0.01106867	0.154852	0.301084	0.497388	0.0466766
3650	-72.70245	-87.79978	15.09733	0	1	1	1	0.005671053	0.002338172	0.000992727	0.000992727	0.0356469	0.0356469	0.01106867	0.01106867	0.195649	0.116949	0.628428	0.0589739
3651	-74.41779	-88.81947	14.40168	0	1	1	1	0.01078096	0.002210838	0.000992727	0.000992727	0.0356469	0.0356469	0.01006529	0.01006529	0.393182	0.236966	0.250358	0.119495
3652	-65.86524	-91.63713	25.77189	0	0	0	1	0.002786403	0.001270338	0.000992727	0.00243575	0.03326756	0.002914572	0.01006529	0.01006529	0.380461	0.216697	0.270197	0.132645
3653	-77.01908	-91.03182	14.01274	1	0	1	1	0.008554988	0.008554988	0.003226439	0.003425809	0.03664893	0.03664893	0.01006529	0.01006529	0.380461	0.216697	0.270197	0.132645
3654	-69.99885	-91.32039	21.32155	0	1	1	0	0.00710289	0.001488262	0.003226439	0.003226439	0.02521115	0.02521115	0.01006529	0.002557704	0.233737	0.268017	0.334187	0.164059
3655	-70.931	-87.06956	16.13856	0	0	1	1	0.006326399	0.001488262	0.003226439	0.005377911	0.04725926	0.04725926	0.01562052	0.01562052	0.318403	0.238404	0.297262	0.145932
3656	-71.56131	-88.60246	17.04115	1	0	1	0	0.006326399	0.006326399	0.0003453563	0.006242648	0.04038162	0.04038162	0.01562052	0.005219361	0.374897	0.280703	0.172576	0.171824
3657	-79.54177	-88.89521	9.353436	1	1	1	1	0.006326399	0.006326399	0.0004976107	0.0004976107	0.04038162	0.04038162	0.01183024	0.01183024	0.374897	0.280703	0.172576	0.171824
3658	-75.12809	-89.35592	14.22783	1	0	1	1	0.006326399	0.006326399	0.003279387	0.0006904732	0.03856465	0.03856465	0.01183024	0.01183024	0.308683	0.231126	0.39255	0.0676416
3659	-67.32477	-89.88474	22.55996	1	0	0	0	0.006555072	0.006555072	0.003279387	0.0006904732	0.03856465	0.003500184	0.01183024	0.007685056	0.176584	0.132217	0.652504	0.0386948
3660	-66.66216	-88.70298	22.04083	0	0	1	0	0.006555072	0.001650954	0.003588367	0.005435161	0.03856465	0.03856465	0.01183024	0.007450106	0.233222	0.174625	0.163773	0.42838
3661	-74.99626	-86.11745	11.12119	0	1	1	1	0.01094815	0.001650954	0.0005975428	0.0005975428	0.05343445	0.05343445	0.01183024	0.01183024	0.37909	0.283843	0.266204	0.0708634
3662	-73.76607	-89.20011	15.43405	0	1	1	1	0.01052366	0.0009426746	0.0005975428	0.0005975428	0.03353063	0.03353063	0.008197006	0.008197006	0.153533	0.386954	0.362908	0.0966058
3663	-68.31864	-87.71901	19.40037	0	0	0	1	0.005705013	0.001081559	0.002478972	0.01266196	0.04977276	0.002832475	0.01564542	0.01564542	0.183819	0.140307	0.646625	0.0292483
3664	-69.21919	-92.7923	23.5731	0	0	1	0	0.01392642	0.001138198	0.002478972	0.009786453	0.02375121	0.02375121	0.01110821	0.004120384	0.165335	0.226755	0.581603	0.0263072
3665	-63.2381	-89.89644	26.65834	0	0	1	0	0.008413045	0.0002704905	0.0006202613	0.002569364	0.02375121	0.02375121	0.01117787	0.001859791	0.137432	0.357253	0.483447	0.0218674
3666	-74.18512	-86.25535	12.07024	0	1	1	1	0.008640281	0.0002704905	0.003134755	0.003134755	0.04980934	0.04980934	0.01117787	0.01117787	0.132528	0.344505	0.466196	0.0567717
3667	-74.73626	-87.21441	12.47814	0	1	1	1	0.008640281	0.0002704905	0.003134755	0.003134755	0.04747608	0.04747608	0.01117787	0.01117787	0.376835	0.382447	0.177694	0.0630242
3668	-68.59439	-88.52562	19.93123	0	1	0	1	0.008640281	0.0002704905	0.001157662	0.001157662	0.02936974	0.007341453	0.01082484	0.01082484	0.23261	0.236074	0.526422	0.00489412
3669	-66.44451	-91.12366	24.67916	0	0	0	1	0.008640281	0.002353634	0.001157662	0.008228972	0.02531019	6.952277e-05	0.01422287	0.01422287	0.23261	0.236074	0.526422	0.00489412
3670	-72.36206	-87.13459	14.77253	0	0	1	1	0.00514046	0.001652052	0.001157662	0.009529416	0.06005482	0.06005482	0.009578148	0.009578148	0.362442	0.36784	0.262093	0.0076258
3671	-72.92969	-85.77981	12.85012	0	1	1	1	0.00514046	0.000803684	0.001157662	0.001157662	0.04753495	0.04753495	0.01393501	0.01393501	0.30702	0.0631237	0.627842	0.00201406
3672	-67.12803	-89.29968	22.17165	0	0	1	0	0.00514046	0.001790647	0.002427662	0.01283212	0.03689477	0.03689477	0.01393501	0.001305591	0.449273	0.0923712	0.455408	0.00294724
3673	-74.71081	-89.2968	14.58599	1	0	1	1	0.003274065	0.003274065	0.002427662	0.002110952	0.03689477	0.03689477	0.01393501	0.01393501	0.159475	0.0683247	0.77002	0.00218
3674	-79.25766	-89.42009	10.16243	1	1	1	1	0.004763732	0.004763732	0.002427662	0.002427662	0.03689477	0.03689477	0.01032221	0.01032221	0.253805	0.148599	0.592854	0.00474128
3675	-68.69601	-90.21022	21.51421	0	0	1	1	0.006719705	0.0001713365	0.003796745	0.001077537	0.02877946	0.02877946	0.008004901	0.008004901	0.253805	0.148599	0.592854	0.00474128
3676	-76.22678	-92.62224	16.39545	0	0	1	1	0.006719705	0.00819152	0.003796745	0.003559293	0.02877946	0.02877946	0.02678263	0.02678263	0.292555	0.0186128	0.683367	0.00546515
3677	-72.69832	-93.21129	20.51297	1	0	1	0	0.006719705	0.006719705	0.002110394	0.003595506	0.02117594	0.02117594	0.0177485	0.002926797	0.479478	0.0474545	0.459134	0.0139338
3678	-66.73321	-86.62468	19.89148	0	0	1	0	0.008161645	0.001316934	0.002110394	0.006537163	0.0596016	0.0596016	0.006862064	0.0027792	0.025893	0.0888066	0.859225	0.0260757
3679	-72.56771	-91.06053	18.49283	0	1	0	1	0.009311284	0.006163579	0.002874683	0.002874683	0.04028125	0.0003393601	0.006862064	0.006862064	0.095488	0.111065	0.770076	0.0233703
3680	-75.78929	-90.62311	14.83382	1	1	0	1	0.003774207	0.003774207	0.002874683	0.002874683	0.04028125	0.0003396881	0.009955007	0.009955007	0.230618	0.26824	0.444699	0.0564428
3681	-76.28255	-87.03124	10.74869	0	1	0	1	0.005534358	0.002908098	0.001464916	0.001464916	0.05426419	0.02708533	0.01887232	0.01887232	0.609552	0.0906363	0.150261	0.149551
3682	-79.49988	-89.1312	9.631318	1	0	0	0	0.01125512	0.01125512	0.001464916	0.003172491	0.05082194	0.02709132	0.01887232	0.03337968	0.133709	0.105576	0.381258	0.379457
3683	-75.36741	-87.91268	12.54527	0	0	1	1	0.01125512	0.008535495	0.001583773	0.005156088	0.05082194	0.05082194	0.02250025	0.02250025	0.12988	0.102553	0.37034	0.397227
3684	-73.99028	-86.03185	12.04157	0	1	1	1	0.01125512	0.0002469471	0.001583773	0.001583773	0.05082194	0.05082194	0.009288902	0.009288902	0.15919	0.125695	0.228249	0.486866
3685	-74.04368	-85.00547	10.96179	0	1	0	1	0.01125512	0.001146828	0.001583773	0.001583773	0.07636718	0.009227086	0.009330256	0.009330256	0.0637225	0.0503148	0.691073	0.194889
3686	-75.60417	-91.30937	15.7052	0	1	1	1	0.01125512	0.001725393	0.001583773	0.001583773	0.02834592	0.02834592	0.009330256	0.009330256	0.326288	0.257634	0.0617249	0.354353
3687	-74.66468	-85.89985	11.23517	0	1	1	1	0.008398513	0.001725393	0.001754025	0.001754025	0.05660119	0.05660119	0.009330256	0.009330256	0.203501	0.276048	0.236286	0.284165
3688	-73.75805	-87.36172	13.60367	0	1	1	1	0.008871615	0.0007274421	0.002447185	0.002447185	0.04240123	0.04240123	0.009813899	0.009813899	0.250268	0.223333	0.17693	0.34947
3689	-72.26367	-88.70983	16.44616	1	0	1	0	0.008871615	0.008871615	0.0008918037	0.00691734	0.04690591	0.04690591	0.01051393	0.003438685	0.37849	0.154394	0.316599	0.150518
3690	-70.44603	-87.66205	17.21601	1	0	1	0	0.004222488	0.004222488	0.0008918037	0.001644849	0.04690591	0.04690591	0.01594137	0.003529257	0.206448	0.34317	0.305256	0.145126
3691	-82.89558	-89.43265	6.53707	1	1	1	1	0.008349143	0.008349143	0.003949251	0.003949251	0.04690591	0.04690591	0.01594137	0.01594137	0.182588	0.546608	0.206026	0.0647778
3692	-80.42093	-91.17924	10.7583	1	0	1	1	0.008101796	0.008101796	0.007946579	0.001641418	0.04690591	0.04690591	0.01594137	0.01594137	0.55016	0.296265	0.118466	0.0351099
3693	-74.23816	-90.85537	16.61721	0	0	1	0	0.008101796	0.007476746	0.007946579	0.002137178	0.05615662	0.05615662	0.006054014	0.01822508	0.41527	0.0799185	0.473718	0.0310941
3694	-73.71109	-90.28331	16.57222	0	0	1	0	0.008101796	0.001527664	0.007946579	0.008343597	0.05615662	0.05615662	0.006054014	0.01822508	0.0990452	0.0698332	0.112985	0.718136
3695	-67.26223	-91.05254	23.7903	0	0	0	1	0.006080804	0.001527664	0.002674648	0.004475151	0.0259805	0.01204777	0.01228089	0.01228089	0.0809919	0.0571044	0.274665	0.587239
3696	-73.26299	-87.62965	14.36665	0	1	1	0	0.008660641	0.007572149	0.003078445	0.003078445	0.05336323	0.05336323	0.01209958	0.004660169	0.107383	0.0757118	0.0383154	0.77859
3697	-77.44578	-88.28402	10.83823	1	1	1	0	0.008653041	0.008653041	0.001449424	0.001449424	0.05336323	0.05336323	0.01209958	0.00451459	0.483577	0.340953	0.172546	0.00292475
3698	-78.27874	-87.84706	9.568315	1	1	1	0	0.007285171	0.007285171	0.0008901894	0.0008901894	0.05336323	0.05336323	0.01406978	0.01173552	0.102993	0.744722	0.102312	0.0499738
3699	-66.75812	-91.36016	24.60205	0	1	0	0	0.01109333	0.001407817	0.001111791	0.001111791	0.02413506	0.003958528	0.01406978	0.004647892	0.0653264	0.472363	0.207186	0.255125
3700	-67.56866	-91.75617	24.18751	0	1	0	0	0.004531472	0.002255195	0.0004960496	0.0004960496	0.02413506	0.01102651	0.01591394	0.004437142	0.0796006	0.575578	0.252457	0.0923646
3701	-70.35392	-88.87946	18.52554	0	0	1	1	0.01031797	0.001164179	0.0004960496	0.0094613	0.03077474	0.03077474	0.01343088	0.01343088	0.0779306	0.250133	0.247161	0.424776
3702	-66.44406	-87.25283	20.80877	0	0	0	0	0.01031797	0.001581852	0.0004960496	0.002517805	0.04519729	0.02095384	0.01343088	0.01716345	0.0927015	0.297543	0.104468	0.505288
3703	-70.02599	-88.44736	18.42136	0	1	0	0	0.01031797	0.001761433	0.0003241541	0.0003241541	0.03790862	0.02094917	0.0132445	0.0112723	0.110838	0.160108	0.124908	0.604146
3704	-66.97742	-87.98579	21.00837	0	0	1	0	0.007378262	0.001240884	0.0003767051	0.004535983	0.03790862	0.03790862	0.02798627	0.001553571	0.142188	0.205393	0.345879	0.30654
3705	-58.75381	-88.06666	29.31285	0	0	0	0	0.008601153	0.0004350755	0.001817435	0.002091195	0.03700572	0.0004382736	0.01207643	0.0005499611	0.344886	0.140302	0.236268	0.278543
3706	-72.07981	-91.75395	19.67414	1	0	0	1	0.00441443	0.00441443	0.004310252	0.002162649	0.03700572	0.001857711	0.009324255	0.009324255	0.242184	0.198814	0.334801	0.224201
3707	-73.34303	-90.98355	17.64052	0	1	1	0	0.006507446	0.006145842	0.004310252	0.004310252	0.03700572	0.03700572	0.0158925	0.0008457261	0.346309	0.284292	0.0488042	0.320594
3708	-63.71189	-89.18892	25.47703	0	0	0	0	0.006502459	0.0002612856	0.0005574435	0.002163516	0.03700572	0.01943523	0.01729185	0.001738852	0.607841	0.170551	0.0292784	0.192329
3709	-73.1116	-91.28698	18.17539	0	1	0	1	0.006419173	0.0004960924	0.006151261	0.006151261	0.03700572	0.003109973	0.01446576	0.01446576	0.607841	0.170551	0.0292784	0.192329
3710	-74.7814	-91.2497	16.4683	0	1	1	0	0.00747285	0.00135399	0.006151261	0.006151261	0.03700572	0.03700572	0.007498433	0.01793042	0.607841	0.170551	0.0292784	0.192329
3711	-70.97644	-92.74181	21.76537	0	1	1	0	0.00747285	0.00135399	0.003561561	0.003561561	0.02580395	0.02580395	0.007498433	0.00142226	0.598821	0.16802	0.138421	0.0947379
3712	-61.13878	-92.4781	31.33932	0	0	0	0	0.00465497	0.00135399	0.003561561	0.001306354	0.02580395	0.001797034	0.01084738	0.002098438	0.598821	0.16802	0.138421	0.0947379
3713	-65.73149	-88.7776	23.04612	0	0	1	0	0.00465497	0.00161523	0.002938919	0.001194507	0.04541373	0.04541373	0.01084738	0.002659491	0.657625	0.184519	0.117917	0.0399385
3714	-68.59003	-87.57883	18.9888	0	0	1	1	0.00465497	0.0004172011	0.002938919	0.0003509746	0.04541373	0.04541373	0.009219404	0.009219404	0.34612	0.112873	0.516576	0.0244309
3715	-74.59535	-93.80185	19.20651	0	1	1	1	0.00465497	0.0004172011	0.001798313	0.001798313	0.0161229	0.0161229	0.009219404	0.009219404	0.22464	0.150008	0.609496	0.0158562
3716	-76.85275	-95.03952	18.18677	1	1	1	0	0.00465497	0.00465497	0.001798313	0.001798313	0.0161229	0.0161229	0.01320305	0.002266513	0.207471	0.317062	0.441953	0.0335142
3717	-72.58758	-93.69164	21.10405	1	0	1	0	0.004038085	0.004038085	0.001798313	0.002531906	0.02470817	0.02470817	0.01320305	0.004616308	0.349242	0.533718	0.0606247	0.0564154
3718	-64.20282	-85.31597	21.11315	0	0	1	0	0.009083152	5.182185e-05	0.001798313	0.0004299545	0.05562336	0.05562336	0.01320305	0.000191298	0.358737	0.152178	0.0172857	0.4718
3719	-68.92041	-88.79583	19.87542	0	0	1	1	0.00346059	0.0001539931	0.001798313	0.0004805345	0.03882721	0.03882721	0.01320305	0.01320305	0.504473	0.213999	0.024308	0.25722
3720	-70.44028	-89.78988	19.3496	0	0	1	1	0.003857302	0.0001539931	0.004571662	0.0003181706	0.03882721	0.03882721	0.01320305	0.01320305	0.0624579	0.705444	0.0748321	0.157266
3721	-70.90442	-89.53572	18.63131	0	1	1	0	0.003857302	0.0009269358	0.001207578	0.001207578	0.0303025	0.0303025	0.01653168	0.01221411	0.256143	0.0707187	0.0281833	0.644955
3722	-83.9049	-90.12432	6.219425	1	1	1	0	0.003857302	0.003857302	0.00596584	0.00596584	0.07922063	0.07922063	0.005604254	0.01185174	0.487547	0.134607	0.0536447	0.324201
3723	-73.01017	-89.67067	16.6605	0	0	1	1	0.002982223	0.002578675	0.001207673	0.01078627	0.04639193	0.04639193	0.01236647	0.01236647	0.545421	0.272025	0.0600125	0.122541
3724	-71.23893	-87.44313	16.2042	0	0	1	1	0.008591312	0.004812549	0.001207673	0.005553361	0.04639193	0.04639193	0.01236647	0.01236647	0.483873	0.094457	0.0556262	0.366043
3725	-78.77941	-87.54571	8.766306	0	1	1	0	0.008591312	0.004812549	0.001207673	0.001207673	0.04639193	0.04639193	0.0276861	0.03277901	0.0705289	0.091328	0.484225	0.353918
3726	-68.81565	-86.92597	18.11032	0	1	0	1	0.008591312	0.001879778	0.0008759014	0.0008759014	0.04639193	0.000416509	0.009864728	0.009864728	0.0754476	0.194005	0.517995	0.212552
3727	-74.78127	-87.31758	12.53631	0	1	1	1	0.0106407	0.002953125	0.0008759014	0.0008759014	0.04639193	0.04639193	0.009505073	0.009505073	0.432247	0.125521	0.332966	0.109266
3728	-68.52241	-86.7579	18.23549	0	0	1	0	0.006359637	0.006234684	0.0008759014	0.0008954333	0.06803803	0.06803803	0.009505073	0.004932572	0.223069	0.383893	0.171833	0.221204
3729	-71.47262	-86.46794	14.99532	0	1	1	0	0.007412467	0.004709145	0.001309541	0.001309541	0.05486873	0.05486873	0.009505073	0.008033225	0.117247	0.201777	0.090317	0.590659
3730	-77.71807	-88.05569	10.33763	0	1	1	1	0.01191935	0.004709145	0.001276929	0.001276929	0.04414871	0.04414871	0.02088923	0.02088923	0.204715	0.352307	0.157695	0.285283
3731	-67.01221	-88.27629	21.26408	0	1	0	0	0.008050852	0.001200924	0.0007596137	0.0007596137	0.03924284	0.002634423	0.02088923	0.006739729	0.204715	0.352307	0.157695	0.285283
3732	-72.89891	-90.31338	17.41447	0	1	1	0	0.008050852	0.001200924	0.003185534	0.003185534	0.02845796	0.02845796	0.02088923	0.010216	0.1823	0.313732	0.140429	0.36354
3733	-68.79464	-85.51227	16.71764	0	1	1	0	0.008050852	0.001200924	0.000592055	0.000592055	0.05102306	0.05102306	0.01385285	0.001266697	0.215833	0.187499	0.166259	0.430409
3734	-68.88538	-91.05284	22.16746	0	0	1	0	0.008050852	0.001200924	0.000287452	0.02227111	0.02718109	0.02718109	0.01385285	0.001505943	0.38269	0.0739011	0.294792	0.248617
3735	-65.60398	-90.22624	24.62227	0	1	0	0	0.008050852	0.002800012	0.0009005366	0.0009005366	0.02718109	0.001360342	0.01336907	0.00664664	0.27735	0.053559	0.349272	0.319819
3736	-74.5156	-89.97802	15.46243	0	1	1	1	0.008050852	0.002800012	0.002228132	0.002228132	0.02718109	0.02718109	0.01336907	0.01336907	0.271403	0.0891251	0.341782	0.29769
3737	-62.76844	-90.27707	27.50863	0	0	0	0	0.008086882	0.000475292	0.002526828	0.005580828	0.02718109	0.00284813	0.01230765	0.01432877	0.271403	0.0891251	0.341782	0.29769
3738	-67.11325	-92.55403	25.44078	0	1	0	0	0.004025651	0.004885096	0.002300217	0.002300217	0.02718109	0.002844445	0.01256204	0.001828073	0.145116	0.18488	0.421429	0.248574
3739	-82.03959	-91.30473	9.265138	1	1	1	1	0.01091813	0.01091813	0.002300217	0.002300217	0.03636983	0.03636983	0.009952765	0.009952765	0.0682428	0.0869424	0.198183	0.646632
3740	-67.91012	-89.00371	21.09359	0	0	1	0	0.01152953	0.00306023	0.002300217	0.00333866	0.03636983	0.03636983	0.02363476	0.0002595793	0.0730714	0.0930942	0.212205	0.621629
3741	-73.86202	-87.8566	13.99457	0	1	1	1	0.01152953	0.0008809137	0.001337755	0.001337755	0.03965641	0.03965641	0.008620792	0.008620792	0.0730714	0.0930942	0.212205	0.621629
3742	-66.43895	-89.02317	22.58422	0	0	0	1	0.004027675	0.0002954778	0.001337755	0.008071075	0.03965641	0.009957098	0.008620792	0.008620792	0.0263913	0.033623	0.715471	0.224515
3743	-64.68536	-88.12867	23.44331	0	0	1	0	0.006178341	0.003029397	0.001589181	0.006644097	0.04047733	0.04047733	0.00884231	0.0002915994	0.0263913	0.033623	0.715471	0.224515
3744	-68.15008	-88.20262	20.05254	0	0	1	0	0.006178341	0.0010719	0.003726853	0.0004016795	0.03906202	0.03906202	0.00884231	0.02716462	0.0813799	0.110137	0.0730516	0.735431
3745	-73.06479	-92.208	19.14321	1	0	1	0	0.006178341	0.006178341	0.003726853	0.001982925	0.02877085	0.02877085	0.01560933	0.005843684	0.250813	0.339442	0.0796458	0.330099
3746	-73.75626	-89.43634	15.68008	0	1	0	1	0.006178341	0.001293309	0.001771965	0.001771965	0.05381611	0.01226874	0.006592838	0.006592838	0.241381	0.462664	0.0575273	0.238427
3747	-69.71215	-85.81276	16.10061	0	0	1	1	0.007237515	0.0006612016	0.0002639218	0.0002187294	0.05381611	0.05381611	0.01731838	0.01731838	0.478186	0.202081	0.215594	0.104139
3748	-81.46857	-87.41173	5.943161	1	1	1	1	0.007237515	0.007237515	0.00213048	0.00213048	0.05274786	0.05274786	0.01642702	0.01642702	0.478186	0.202081	0.215594	0.104139
3749	-71.02666	-87.23787	16.21121	0	1	0	1	0.004845097	0.001591118	0.00213048	0.00213048	0.0465238	0.007365714	0.01642702	0.01642702	0.186283	0.232173	0.420321	0.161223
3750	-82.74226	-96.78711	14.04485	1	1	1	1	0.004845097	0.004845097	0.002862644	0.002862644	0.01557778	0.01557778	0.008915116	0.008915116	0.20942	0.191732	0.347109	0.251739
3751	-74.10578	-91.68448	17.5787	1	0	1	0	0.006322869	0.006322869	0.008229963	0.0004509846	0.04359456	0.04359456	0.008271134	0.004191578	0.232618	0.212972	0.38556	0.168851
3752	-70.8842	-88.27117	17.38697	0	1	0	1	0.006823739	0.00133434	0.003980412	0.003980412	0.04359456	0.00352818	0.01289656	0.01289656	0.21528	0.197098	0.356822	0.230801
3753	-67.84613	-88.55915	20.71301	0	0	0	1	0.009597371	0.00133434	0.003980412	0.005911278	0.0474478	0.00352818	0.01087036	0.01087036	0.344401	0.199714	0.316834	0.139052
3754	-60.73943	-89.3253	28.58587	0	0	0	0	0.008910611	0.00133434	0.002196749	0.001944607	0.03040898	0.003529086	0.01312831	0.005720897	0.346404	0.181476	0.318677	0.153443
3755	-69.68631	-87.19842	17.51211	0	0	0	0	0.01250396	0.002137551	0.002196749	0.00717351	0.05996804	0.02390952	0.01312831	0.009498655	0.538721	0.160375	0.281623	0.0192805
3756	-74.26011	-86.92369	12.66358	0	0	1	1	0.01250396	0.005795468	0.0006065893	0.00717351	0.05996804	0.05996804	0.01312831	0.01312831	0.538721	0.160375	0.281623	0.0192805
3757	-74.13329	-89.54534	15.41205	1	0	1	0	0.01250396	0.01250396	0.002137146	0.004681255	0.04896566	0.04896566	0.01312831	0.002038135	0.223211	0.0664492	0.467649	0.242691
3758	-69.49189	-90.2443	20.75241	0	1	0	1	0.006676843	0.001961576	0.002137146	0.002137146	0.02495334	0.004050017	0.01312831	0.01312831	0.183595	0.0848769	0.597337	0.134191
3759	-73.81773	-88.90642	15.08869	0	1	1	1	0.006676843	0.003732392	0.002137146	0.002137146	0.03009227	0.03009227	0.01312831	0.01312831	0.0294871	0.00141531	0.796325	0.172773
3760	-79.41417	-90.49463	11.08045	1	1	1	1	0.003799484	0.003799484	0.002137146	0.002137146	0.03009227	0.03009227	0.01312831	0.01312831	0.0412255	0.00678853	0.123281	0.828705
3761	-76.55736	-90.2732	13.71584	0	1	1	1	0.005537376	0.009132012	0.002137146	0.002137146	0.03755759	0.03755759	0.009255626	0.009255626	0.0570164	0.00938879	0.241101	0.692494
3762	-79.82775	-86.02559	6.197839	1	1	1	0	0.01069557	0.01069557	0.0008589289	0.0008589289	0.06512816	0.06512816	0.01692889	0.01301169	0.0618933	0.0101919	0.176188	0.751727
3763	-72.67362	-89.0241	16.35048	0	1	1	0	0.005099551	0.003400642	0.003587926	0.003587926	0.03907001	0.03907001	0.01952613	0.007402343	0.335316	0.00722132	0.124836	0.532628
3764	-77.09377	-85.62057	8.526803	1	0	1	1	0.005099551	0.005099551	0.001029037	0.003044094	0.0646026	0.0646026	0.01952613	0.01952613	0.312227	0.00672409	0.11624	0.564809
3765	-70.17153	-85.49224	15.32071	0	1	1	0	0.005099551	0.001133734	0.001029037	0.001029037	0.0646026	0.0646026	0.01095946	0.001152547	0.312227	0.00672409	0.11624	0.564809
3766	-71.78431	-93.89083	22.10651	1	0	0	0	0.005099551	0.005099551	0.001029037	0.004652877	0.02690318	0.0005940698	0.008416096	0.02800403	0.41518	0.23747	0.154569	0.192781
3767	-68.9016	-88.37226	19.47066	0	1	1	0	0.006620628	0.0009887071	0.0006264841	0.0006264841	0.02877136	0.02877136	0.01348839	0.009743348	0.190309	0.108851	0.551643	0.149197
3768	-73.55929	-89.73141	16.17213	0	1	1	1	0.006620628	7.580904e-05	0.003017501	0.003017501	0.02877136	0.02877136	0.01108433	0.01108433	0.34317	0.196282	0.250492	0.210056
3769	-64.33057	-86.67921	22.34864	0	1	0	0	0.006620628	0.0004356718	0.001127053	0.001127053	0.04292486	0.001650478	0.009503969	0.01105119	0.124408	0.172988	0.626453	0.0761506
3770	-68.99941	-86.14763	17.14822	0	0	1	1	0.006620628	0.0003427406	0.000693569	0.009656705	0.04292486	0.04292486	0.01328494	0.01328494	0.156551	0.217684	0.529939	0.0958258
3771	-75.59062	-85.4494	9.85878	0	0	1	1	0.01207805	0.0004614943	0.001531629	0.009656705	0.06793081	0.06793081	0.02356087	0.02356087	0.221262	0.129093	0.314269	0.335376
3772	-83.4797	-87.97638	4.496677	0	1	1	1	0.01207805	0.01042177	0.002362514	0.002362514	0.06793081	0.06793081	0.02356087	0.02356087	0.554967	0.106827	0.260064	0.0781416
3773	-78.59842	-86.04157	7.443155	1	1	1	0	0.006257417	0.006257417	0.001119687	0.001119687	0.06670384	0.06670384	0.02356087	0.001858144	0.326634	0.0837509	0.203887	0.385728
3774	-75.3553	-86.65233	11.29703	0	1	1	1	0.008430305	5.740467e-05	0.002260534	0.002260534	0.0431464	0.0431464	0.02356087	0.02356087	0.190354	0.116617	0.11882	0.574209
3775	-70.61631	-88.4709	17.85459	0	0	1	1	0.008743575	5.740467e-05	0.0009469802	0.008322081	0.03321532	0.03321532	0.01819761	0.01819761	0.386342	0.236687	0.0615992	0.315372
3776	-80.07359	-89.09539	9.021796	0	1	1	1	0.006021185	0.01434397	0.0009469802	0.0009469802	0.05096027	0.05096027	0.01819761	0.01819761	0.385014	0.235873	0.00131311	0.3778
3777	-78.30024	-90.54612	12.24588	0	1	1	0	0.005584405	0.01434397	0.0001063939	0.0001063939	0.05096027	0.05096027	0.01473192	0.01583822	0.528273	0.323639	0.00180171	0.146287
3778	-71.82424	-88.74377	16.91954	1	0	1	0	0.003176842	0.003176842	0.0001063939	0.001673299	0.05538092	0.05538092	0.009340148	0.005153937	0.401021	0.26419	0.193979	0.14081
3779	-71.25468	-89.09532	17.84064	0	0	1	1	0.003176842	0.004516241	0.0001063939	0.00209244	0.04094458	0.04094458	0.01872627	0.01872627	0.260855	0.326013	0.239372	0.173761
3780	-65.79047	-87.23113	21.44066	0	0	1	0	0.009508947	0.001554307	0.0001063939	0.003183762	0.04094458	0.04094458	0.01970904	0.003500548	0.215457	0.443309	0.197713	0.143521
3781	-68.74267	-86.28291	17.54025	0	0	1	1	0.009508947	0.001656341	0.000589317	0.00332353	0.04094458	0.04094458	0.01525832	0.01525832	0.238782	0.114334	0.487826	0.159058
3782	-69.98863	-87.01298	17.02435	0	1	1	0	0.005970733	0.002293908	0.000589317	0.000589317	0.05419547	0.05419547	0.008399011	0.002783563	0.342874	0.164176	0.264554	0.228396
3783	-74.93595	-91.62801	16.69206	0	1	1	1	0.008734065	0.003847313	0.000589317	0.000589317	0.02524375	0.02524375	0.008181164	0.008181164	0.111741	0.207913	0.461041	0.219305
3784	-69.66663	-90.06328	20.39665	0	0	1	1	0.007007498	0.001039086	0.000589317	0.00173739	0.02587259	0.02587259	0.01869632	0.01869632	0.0840814	0.58669	0.164208	0.16502
3785	-71.96708	-86.23102	14.26394	0	0	1	1	0.007007498	0.001039086	0.001083663	0.001988045	0.07160486	0.07160486	0.007298593	0.007298593	0.0840814	0.58669	0.164208	0.16502
3786	-73.14158	-87.8879	14.74632	0	1	1	0	0.008551022	0.002662528	0.001124004	0.001124004	0.03933677	0.03933677	0.02148238	0.01410578	0.0840814	0.58669	0.164208	0.16502
3787	-63.16978	-88.62713	25.45735	0	0	0	0	0.008551022	0.0002293507	0.00130936	3.334394e-05	0.0326186	0.01545806	0.02148238	0.005386837	0.0115395	0.633157	0.177214	0.17809
3788	-74.67255	-85.20099	10.52844	0	1	1	1	0.008551022	0.0002293507	0.001752681	0.001752681	0.04983648	0.04983648	0.02148238	0.02148238	0.0122378	0.147477	0.187938	0.652347
3789	-63.76987	-88.19634	24.42647	0	0	0	0	0.008551022	0.001367062	0.001752681	0.004473707	0.0327925	0.008127333	0.02148238	0.01241898	0.00344839	0.0415564	0.857756	0.0972391
3790	-69.40642	-89.78298	20.37657	0	1	0	1	0.00464369	0.001503828	0.001752681	0.001752681	0.0327925	0.000298688	0.0140657	0.0140657	0.00913877	0.110131	0.21546	0.665271
3791	-69.50023	-85.32922	15.82899	0	1	1	0	0.006920397	0.001587357	0.002038412	0.002038412	0.05345711	0.05345711	0.01338503	0.003681249	0.04358	0.106303	0.207971	0.642147
3792	-65.87414	-85.35887	19.48473	0	0	1	0	0.006920397	0.00176437	0.001961222	0.002593531	0.05233965	0.05233965	0.01338503	0.01073143	0.0570713	0.0998385	0.00214947	0.840941
3793	-70.36597	-87.27787	16.9119	0	0	1	1	0.003906301	0.00176437	0.001961222	0.001518651	0.05233965	0.05233965	0.01338503	0.01338503	0.261845	0.458062	0.00986185	0.270231
3794	-75.89168	-88.01202	12.12034	1	0	1	1	0.003617317	0.003617317	0.003054877	0.0007550506	0.05233965	0.05233965	0.01297925	0.01297925	0.214057	0.374463	0.008062	0.403419
3795	-72.12849	-87.8282	15.69971	1	0	1	0	0.004538901	0.004538901	0.003054877	0.0008463315	0.05233965	0.05233965	0.01405661	0.006972664	0.214057	0.374463	0.008062	0.403419
3796	-77.57458	-90.89431	13.31972	1	0	1	1	0.004538901	0.004538901	0.003054877	0.007122834	0.03711235	0.03711235	0.01405661	0.01405661	0.278551	0.539278	0.0116104	0.170561
3797	-75.22846	-89.57405	14.34559	1	0	1	1	0.003142573	0.003142573	0.003054877	0.002651125	0.03711235	0.03711235	0.01405661	0.01405661	0.0349774	0.0395813	0.300718	0.624723
3798	-80.52181	-89.68408	9.162266	1	1	1	1	0.008262319	0.008262319	0.003059067	0.003059067	0.03711235	0.03711235	0.01169564	0.01169564	0.07428	0.0840571	0.638622	0.203041
3799	-69.48868	-87.54875	18.06007	0	1	1	0	0.008262319	0.001463598	0.003059067	0.003059067	0.04076203	0.04076203	0.01169564	0.003064974	0.140284	0.158749	0.317509	0.383459
3800	-70.08677	-87.51166	17.42489	0	1	0	1	0.008262319	0.001463598	0.001437528	0.001437528	0.04076203	0.008980561	0.01103487	0.01103487	0.139764	0.15816	0.320037	0.382038
3801	-70.56066	-87.47236	16.9117	0	1	0	1	0.01121985	0.0009543953	0.0009934782	0.0009934782	0.04076203	0.008976488	0.01197015	0.01197015	0.139764	0.15816	0.320037	0.382038
3802	-67.21747	-88.75517	21.5377	0	1	0	0	0.008118139	0.00439377	0.0009934782	0.0009934782	0.04076203	0.01004775	0.01197015	0.001667139	0.114371	0.31111	0.261892	0.312628
3803	-76.26425	-88.9965	12.73225	1	0	1	1	0.003273697	0.003273697	0.001558628	0.009909659	0.04076203	0.04076203	0.01374197	0.01374197	0.00969855	0.199591	0.590145	0.200565
3804	-67.97156	-85.67232	17.70076	0	0	1	1	0.006229743	0.0005090932	0.0001090806	0.004150796	0.04562221	0.04562221	0.01374197	0.01374197	0.0212734	0.437797	0.100996	0.439934
3805	-79.26985	-91.37312	12.10327	1	1	0	1	0.007931138	0.007931138	0.0007409644	0.0007409644	0.04562221	0.0048075	0.01374197	0.01374197	0.104617	0.681349	0.0399617	0.174072
3806	-74.24614	-86.74589	12.49974	0	1	1	1	0.007931138	0.0002548254	0.003025765	0.003025765	0.04562221	0.04562221	0.01374197	0.01374197	0.152169	0.426803	0.0581257	0.362902
3807	-71.64209	-88.15795	16.51586	0	0	1	1	0.007931138	0.0003993465	0.001154313	0.009472614	0.03583887	0.03583887	0.0223443	0.0223443	0.19668	0.259139	0.0751277	0.469053
3808	-77.4298	-90.61339	13.18359	1	0	1	1	0.005080347	0.005080347	0.0004070298	0.006993143	0.03183947	0.03183947	0.0223443	0.0223443	0.288836	0.380562	0.11033	0.220272
3809	-76.50177	-90.87215	14.37038	1	1	1	0	0.006907039	0.006907039	0.0004070298	0.0004070298	0.03183947	0.03183947	0.01139643	0.009325754	0.217278	0.340362	0.111842	0.330518
3810	-63.46774	-89.04771	25.57997	0	1	0	0	0.006907039	0.002665827	0.0005534121	0.0005534121	0.03183947	0.001391982	0.01139643	7.623248e-05	0.113471	0.0858782	0.610068	0.190582
3811	-74.74757	-88.45158	13.70401	1	0	1	1	0.007800971	0.007800971	0.0005534121	0.005160285	0.03810591	0.03810591	0.01206685	0.01206685	0.119661	0.0360162	0.643345	0.200978
3812	-62.21375	-86.34326	24.12951	0	0	1	0	0.007800971	0.0007687647	0.0005534121	0.00236875	0.03810591	0.03810591	0.01206685	0.001462494	0.0645583	0.0374546	0.688983	0.209004
3813	-65.44802	-89.08982	23.6418	0	0	0	1	0.006989865	0.002184885	0.00150418	0.002602339	0.03810591	0.007128537	0.00740114	0.00740114	0.0502121	0.0291314	0.535876	0.38478
3814	-70.5965	-89.55894	18.96243	0	0	1	1	0.005473973	0.005828233	0.002117098	0.002153602	0.03810591	0.03810591	0.00946722	0.00946722	0.331004	0.0374925	0.136286	0.495217
3815	-80.07969	-88.63996	8.560269	1	1	1	1	0.005473973	0.005473973	0.002117098	0.002117098	0.03810591	0.03810591	0.01787586	0.01787586	0.281517	0.146559	0.309757	0.262166
3816	-75.67242	-91.01288	15.34046	0	1	1	1	0.002918759	0.002864056	0.002117098	0.002117098	0.03810591	0.03810591	0.008321001	0.008321001	0.23266	0.368301	0.182372	0.216667
3817	-76.74246	-91.22382	14.48136	1	0	1	0	0.002918759	0.002918759	0.002117098	0.003444396	0.03810591	0.03810591	0.006217155	0.03597474	0.204358	0.323498	0.160187	0.311957
3818	-75.69531	-91.57858	15.88327	0	1	1	1	0.002753095	0.002028647	0.002117098	0.002117098	0.03810591	0.03810591	0.006217155	0.006217155	0.10948	0.243134	0.412928	0.234459
3819	-70.43449	-91.83413	21.39964	0	0	1	0	0.011288	0.006041086	0.002117098	0.007681208	0.04058047	0.04058047	0.005025154	0.00600915	0.114387	0.055201	0.431438	0.398974
3820	-67.19611	-88.03039	20.83428	0	0	1	0	0.01494978	0.001659915	0.001308637	0.002086251	0.04058047	0.04058047	0.01739021	0.004000823	0.340648	0.0100783	0.333099	0.316175
3821	-67.25739	-88.11901	20.86162	0	0	1	0	0.01462727	0.001659915	0.0002141405	0.001001835	0.04058047	0.04058047	0.01419574	0.009540347	0.340648	0.0100783	0.333099	0.316175
3822	-80.05697	-88.09057	8.033603	1	1	1	1	0.004030233	0.004030233	0.0008417066	0.0008417066	0.04058047	0.04058047	0.021133	0.021133	0.20929	0.015545	0.287488	0.487677
3823	-71.59844	-86.82359	15.22515	0	1	1	0	0.00859413	0.000895152	0.002485253	0.002485253	0.04058047	0.04058047	0.021133	0.01083556	0.181222	0.0160968	0.297693	0.504987
3824	-77.60641	-88.81332	11.20691	0	1	1	1	0.005489321	0.000895152	0.00399851	0.00399851	0.04058047	0.04058047	0.02700755	0.02700755	0.324982	0.028866	0.533846	0.112306
3825	-70.01053	-88.52524	18.51471	0	1	0	1	0.005489321	0.0004501414	0.00399851	0.00399851	0.04058047	0.004547735	0.01064085	0.01064085	0.324982	0.028866	0.533846	0.112306
3826	-69.35115	-87.2744	17.92325	0	1	0	1	0.007092702	0.001403457	0.001659788	0.001659788	0.04058047	0.003108699	0.01524512	0.01524512	0.413363	0.0516824	0.333879	0.201076
3827	-80.19682	-88.58981	8.392987	1	1	1	1	0.002850554	0.002850554	0.001659788	0.001659788	0.04058047	0.04058047	0.01943889	0.01943889	0.0442669	0.0350105	0.292077	0.628646
3828	-78.98622	-89.50335	10.51712	1	1	1	0	0.008596777	0.008596777	0.003953395	0.003953395	0.04058047	0.04058047	0.01943889	0.009347113	0.104073	0.0285643	0.686683	0.18068
3829	-83.00628	-89.13626	6.129981	1	1	1	1	0.006925636	0.006925636	0.0005614946	0.0005614946	0.04058047	0.04058047	0.02940665	0.02940665	0.104073	0.0285643	0.686683	0.18068
3830	-68.45967	-87.66467	19.205	0	1	1	0	0.006925636	0.003460243	0.0007797677	0.0007797677	0.04058047	0.04058047	0.009994912	1.752251e-05	0.343694	0.021091	0.501806	0.133409
3831	-64.92868	-87.27736	22.34868	0	0	1	0	0.01058635	0.001028125	0.0007797677	0.001654563	0.05002485	0.05002485	0.009225351	1.462317e-05	0.633066	0.0388485	0.0823544	0.245731
3832	-71.1362	-87.31411	16.17791	0	0	1	1	0.01058635	0.002510151	0.002809941	0.001055668	0.05288624	0.05288624	0.009225351	0.009225351	0.559162	0.0466729	0.0989414	0.295224
3833	-74.9436	-87.63346	12.68986	0	1	0	1	0.008507757	0.001304936	0.0005600128	0.0005600128	0.04414666	0.03528087	0.009225351	0.009225351	0.559162	0.0466729	0.0989414	0.295224
3834	-71.50195	-89.7865	18.28455	0	0	1	1	0.009965838	0.002090793	0.001315362	0.007826394	0.03659983	0.03659983	0.009225351	0.009225351	0.750741	0.0626639	0.13284	0.0537551
3835	-68.24331	-94.29305	26.04974	0	0	0	1	0.01007298	0.002090793	0.002351311	0.004164813	0.02132086	0.002917204	0.009225351	0.009225351	0.678455	0.152916	0.12005	0.0485792
3836	-74.22498	-89.45114	15.22616	1	0	1	0	0.01007298	0.01007298	0.002351311	0.003887446	0.05568879	0.05568879	0.007137459	0.005379781	0.320775	0.179613	0.442552	0.0570603
3837	-77.38295	-91.03656	13.65361	1	0	1	1	0.01007298	0.01007298	0.0005189429	0.003887446	0.04190728	0.04190728	0.007589062	0.007589062	0.448963	0.268637	0.197058	0.0853421
3838	-75.57213	-89.62163	14.0495	1	1	1	0	0.002696702	0.002696702	0.0005189429	0.0005189429	0.04190728	0.04190728	0.01385278	0.00273552	0.329465	0.135593	0.099464	0.435478
3839	-73.7849	-89.08044	15.29555	0	1	1	0	0.006908317	0.009681398	0.002856982	0.002856982	0.04690113	0.04690113	0.01385278	0.00392028	0.298909	0.181043	0.0702571	0.449791
3840	-78.42597	-86.7677	8.341728	0	1	1	1	0.00709107	0.007757471	0.002618938	0.002618938	0.0627568	0.0627568	0.01413578	0.01413578	0.392071	0.156986	0.0609212	0.390022
3841	-73.75924	-90.19275	16.43351	1	0	1	0	0.00709107	0.00709107	0.002618938	0.01186317	0.04127114	0.04127114	0.01413578	0.0006315893	0.265942	0.189556	0.0735608	0.470941
3842	-75.38668	-90.68575	15.29907	1	0	1	1	0.00709107	0.00709107	0.0004627394	0.004498548	0.0331222	0.0331222	0.009389035	0.009389035	0.320093	0.175573	0.0681342	0.4362
3843	-68.4883	-87.74454	19.25624	0	0	1	0	0.003638059	0.0009114887	0.0004627394	0.01610542	0.05236081	0.05236081	0.009389035	0.008135018	0.138493	0.0759642	0.0294793	0.756063
3844	-67.47845	-96.55715	29.07871	0	0	0	1	0.003638059	0.0009114887	0.001611079	0.003329998	0.01575508	0.001040943	0.008530759	0.008530759	0.113759	0.0623973	0.202812	0.621033
3845	-77.94148	-93.12087	15.17939	0	1	1	1	0.003638059	0.002670745	0.003557698	0.003557698	0.04192592	0.04192592	0.003455758	0.003455758	0.191494	0.0217063	0.570759	0.216041
3846	-82.62883	-96.01835	13.38952	1	1	1	1	0.006167431	0.006167431	0.003557698	0.003557698	0.02010855	0.02010855	0.006115513	0.006115513	0.191494	0.0217063	0.570759	0.216041
3847	-74.41929	-98.39626	23.97697	0	1	0	0	0.002296606	0.001347363	0.00107462	0.00107462	0.01705086	0.003998015	0.006115513	0.03211669	0.540934	0.0613163	0.265273	0.132477
3848	-83.09098	-98.50626	15.41529	1	0	1	1	0.002296606	0.002296606	0.002210931	0.003648613	0.01722083	0.01722083	0.02852184	0.02852184	0.398509	0.336387	0.167508	0.0975966
3849	-80.39624	-89.14661	8.750371	1	1	1	0	0.005001776	0.005001776	0.002210931	0.002210931	0.04146851	0.04146851	0.02852184	0.01481953	0.114587	0.0967241	0.0481648	0.740525
3850	-73.77579	-92.63505	18.85925	0	0	1	0	0.007103434	0.002538239	0.000397447	0.01361963	0.02554287	0.02554287	0.02852184	0.01554991	0.280272	0.236581	0.117808	0.365338
3851	-69.06296	-91.17369	22.11072	0	1	0	0	0.007103434	0.002124229	0.000397447	0.000397447	0.02554287	0.0109319	0.01594106	0.0126338	0.240225	0.319722	0.133644	0.306409
3852	-69.05946	-89.22665	20.16719	0	0	1	1	0.007103434	0.002124229	0.000397447	0.001234091	0.03891917	0.03891917	0.006476392	0.006476392	0.185598	0.21724	0.181358	0.415805
3853	-72.46248	-90.77951	18.31703	0	1	1	0	0.007103434	0.002481452	0.00472353	0.00472353	0.03891917	0.03891917	0.006476392	0.007133801	0.156633	0.183338	0.153055	0.506974
3854	-69.1375	-90.60541	21.46791	0	0	1	0	0.007858873	0.002481452	0.0009951856	0.000299239	0.03077727	0.03077727	0.006476392	0.02946326	0.181507	0.179309	0.149692	0.489492
3855	-74.12854	-89.2967	15.16816	0	1	1	1	0.006484311	0.003700415	0.0009951856	0.0009951856	0.03077727	0.03077727	0.01335523	0.01335523	0.185337	0.183093	0.152851	0.478719
3856	-67.98327	-86.79694	18.81366	0	1	1	0	0.006133679	0.00272073	0.0009951856	0.0009951856	0.03871127	0.03871127	0.01335523	0.002080908	0.0408967	0.0404014	0.813067	0.105634
3857	-67.84653	-85.8722	18.02567	0	1	1	0	0.008407155	0.001641606	0.0009951856	0.0009951856	0.04177571	0.04177571	0.01292783	0.002756879	0.0408967	0.0404014	0.813067	0.105634
3858	-73.77214	-91.85954	18.0874	0	0	1	1	0.0108322	0.00758466	0.0009951856	0.005275283	0.02523184	0.02523184	0.01823213	0.01823213	0.0328764	0.0324783	0.653616	0.281029
3859	-66.98459	-92.04935	25.06476	0	0	1	0	0.004994955	0.001376979	0.002741203	0.002982889	0.02523184	0.02523184	0.007248739	0.01320083	0.0301876	0.029822	0.31928	0.62071
3860	-61.67278	-93.53304	31.86026	0	0	0	0	0.003019781	0.001376979	0.001602119	0.004096572	0.02523184	0.004719418	0.007248739	0.001148437	0.0268128	0.171866	0.649302	0.15202
3861	-71.93125	-89.63419	17.70294	0	0	1	1	0.003019781	0.00648062	0.001602119	0.001715535	0.04177377	0.04177377	0.01575859	0.01575859	0.0668723	0.42864	0.125344	0.379144
3862	-70.44509	-91.39092	20.94583	0	1	0	1	0.003019781	0.0008255592	0.0007796454	0.0007796454	0.03130787	0.0001094527	0.01575859	0.01575859	0.0656411	0.420748	0.141447	0.372163
3863	-78.05785	-89.82368	11.76584	1	0	1	1	0.003019781	0.003019781	0.001619822	0.003354862	0.03996754	0.03996754	0.02681192	0.02681192	0.0314686	0.201709	0.673685	0.0931376
3864	-72.01975	-95.92904	23.90929	1	0	0	0	0.003019781	0.003019781	0.006646216	0.001785455	0.02392965	0.0007419281	0.02681192	0.001451862	0.00691926	0.206821	0.690761	0.0954984
3865	-67.81167	-93.34403	25.53236	0	0	0	1	0.01035269	0.0008035186	0.006646216	0.002417691	0.02280911	0.0006231271	0.0114504	0.0114504	0.00691926	0.206821	0.690761	0.0954984
3866	-69.98973	-94.91509	24.92536	0	0	0	1	0.008977247	0.0008035186	0.006646216	0.004843782	0.02280911	0.007084562	0.007410397	0.007410397	0.000953072	0.0117197	0.470714	0.516613
3867	-68.29918	-87.93658	19.6374	0	1	0	0	0.008977247	0.00352387	0.003984854	0.003984854	0.05437515	0.003995947	0.01370771	0.0002575548	0.000953072	0.0117197	0.470714	0.516613
3868	-75.71252	-88.95929	13.24678	0	1	1	1	0.008760921	0.004259264	0.003984854	0.003984854	0.03559009	0.03559009	0.01370771	0.01370771	0.00135164	0.0166209	0.854859	0.127169
3869	-66.05995	-89.1535	23.09355	0	0	1	0	0.008760921	0.00711731	0.0006933952	0.003707751	0.03246355	0.03246355	0.01337461	0.002935344	0.00135164	0.0166209	0.854859	0.127169
3870	-79.02371	-90.85117	11.82746	1	1	1	1	0.003056253	0.003056253	0.0006933952	0.0006933952	0.03246355	0.03246355	0.00867109	0.00867109	0.00888696	0.149063	0.643107	0.198944
3871	-70.10639	-90.03803	19.93164	0	1	1	0	0.003056253	0.000503444	0.0001359294	0.0001359294	0.04278242	0.04278242	0.00867109	0.00245298	0.0145006	0.243222	0.144512	0.597765
3872	-73.76527	-88.13761	14.37234	1	0	1	0	0.003056253	0.003056253	0.0001359294	0.0002363736	0.04278242	0.04278242	0.01718768	0.02600303	0.0168317	0.121564	0.167744	0.693861
3873	-64.50799	-89.05643	24.54844	0	1	0	0	0.004447766	0.001160353	0.0001359294	0.0001359294	0.04278242	0.002473655	0.009696609	3.413098e-05	0.0462787	0.334238	0.485186	0.134296
3874	-70.15729	-90.89783	20.74054	0	1	0	0	0.006506738	0.003928242	0.0001438747	0.0001438747	0.04278242	0.00247586	0.009696609	0.01697854	0.0469756	0.339272	0.0802627	0.53349
3875	-82.67607	-92.57797	9.901903	1	1	0	1	0.006506738	0.006506738	0.007702267	0.007702267	0.0529675	0.00247347	0.01578577	0.01578577	0.064642	0.490118	0.110448	0.334792
3876	-77.85361	-88.23693	10.38333	1	0	1	1	0.006506738	0.006506738	0.004179726	0.003242241	0.0529675	0.0529675	0.01578577	0.01578577	0.218491	0.409503	0.092281	0.279725
3877	-69.09048	-85.62917	16.53869	0	0	1	1	0.003884279	0.0001819003	0.0006600779	0.003530477	0.0529675	0.0529675	0.01578577	0.01578577	0.160554	0.237117	0.105195	0.497134
3878	-74.66511	-89.16618	14.50107	0	1	1	1	0.01150931	0.0006081318	0.0006600779	0.0006600779	0.03879222	0.03879222	0.007558485	0.007558485	0.417158	0.164635	0.0730389	0.345168
3879	-74.7762	-87.00375	12.22755	1	0	1	1	0.005056882	0.005056882	0.0006600779	0.0001258411	0.05207839	0.05207839	0.01421171	0.01421171	0.417158	0.164635	0.0730389	0.345168
3880	-68.55253	-90.43643	21.8839	0	1	1	0	0.005056882	0.0001836126	0.0006600779	0.0006600779	0.02678704	0.02678704	0.01210684	0.001640598	0.284416	0.20213	0.0896735	0.42378
3881	-76.03193	-91.09118	15.05925	0	1	1	1	0.005056882	0.0004306837	0.005719565	0.005719565	0.03262141	0.03262141	0.01210684	0.01210684	0.275229	0.227903	0.0867769	0.410092
3882	-76.0417	-91.06798	15.02628	1	0	1	1	0.007114643	0.007114643	0.002559309	0.001079356	0.0332638	0.0332638	0.01210684	0.01210684	0.731738	0.0521274	0.105052	0.111082
3883	-68.68092	-86.442	17.76108	0	0	1	0	0.007114643	0.007401218	0.000873552	0.001250739	0.06993118	0.06993118	0.01210684	0.0008768353	0.621095	0.0442454	0.240373	0.0942862
3884	-69.99144	-86.87383	16.88239	0	1	0	1	0.007652971	0.001810532	0.000873552	0.000873552	0.04970183	0.002898294	0.01210684	0.01210684	0.621095	0.0442454	0.240373	0.0942862
3885	-69.08391	-85.78498	16.70107	0	0	1	1	0.007652971	0.00115632	0.000873552	9.774957e-05	0.04970183	0.04970183	0.01659875	0.01659875	0.623786	0.0444371	0.249271	0.0825061
3886	-66.09663	-85.9202	19.82358	0	0	1	0	0.007652971	0.001678095	0.0005657552	0.0058334	0.04915543	0.04915543	0.01659875	0.006272985	0.59802	0.034146	0.304435	0.0633987
3887	-68.82715	-87.84877	19.02162	0	0	1	0	0.007652971	0.006998601	0.0005657552	0.008608417	0.04619935	0.04619935	0.01840991	0.003909606	0.523655	0.0298999	0.266578	0.179867
3888	-74.31739	-88.39138	14.07399	0	1	0	1	0.007652971	0.0008680923	9.61228e-05	9.61228e-05	0.04290103	0.01930982	0.02028023	0.02028023	0.696152	0.00937973	0.0836269	0.210841
3889	-68.2468	-87.2032	18.9564	0	1	1	0	0.005748479	0.0008680923	0.0006146485	0.0006146485	0.04290103	0.04290103	0.01283661	0.0002116869	0.562678	0.0135001	0.120363	0.303459
3890	-63.59494	-88.93411	25.33918	0	0	0	0	0.01040732	0.0008680923	0.002379746	0.0004750249	0.03790624	0.003032161	0.01844506	0.01223127	0.596178	0.06864	0.0951896	0.239993
3891	-74.61505	-88.39479	13.77975	0	1	1	1	0.01040732	0.000900128	0.001167104	0.001167104	0.03233459	0.03233459	0.01844506	0.01844506	0.406558	0.170398	0.236307	0.186737
3892	-70.32173	-88.31796	17.99622	0	0	1	1	0.00918336	0.000900128	0.001945155	0.004441865	0.03375725	0.03375725	0.01844506	0.01844506	0.406558	0.170398	0.236307	0.186737
3893	-75.45545	-89.94008	14.48462	1	0	1	1	0.004028767	0.004028767	0.001945155	0.001046036	0.03375725	0.03375725	0.01844506	0.01844506	0.289405	0.348741	0.300632	0.0612215
3894	-71.47489	-90.4877	19.01281	1	0	0	1	0.004028767	0.004028767	0.001945155	0.004141852	0.03375725	0.0005397729	0.01844506	0.01844506	0.143047	0.234654	0.592038	0.0302606
3895	-74.80715	-92.86693	18.05978	1	0	1	0	0.003887142	0.003887142	0.007388276	0.004577312	0.03375725	0.03375725	0.01844506	0.0002542237	0.185145	0.303712	0.471977	0.0391661
3896	-67.14278	-90.12489	22.98211	0	0	1	0	0.009417863	0.0006874813	0.001734234	0.005328072	0.03260116	0.03260116	0.007243565	0.01267799	0.257017	0.42161	0.267003	0.05437
3897	-77.86604	-88.23092	10.36488	1	1	1	0	0.009417863	0.009417863	0.001323824	0.001323824	0.05199623	0.05199623	0.0097008	0.01034877	0.455282	0.114463	0.333943	0.0963116
3898	-59.57564	-88.02637	28.45074	0	0	0	0	0.005917185	0.001815595	0.001323824	0.001792649	0.03540193	0.005574268	0.01495461	0.001166524	0.155454	0.166581	0.485993	0.191972
3899	-68.84651	-88.48718	19.64068	0	1	1	0	0.005917185	0.001815595	9.37963e-05	9.37963e-05	0.03540193	0.03540193	0.01495461	0.001083324	0.155454	0.166581	0.485993	0.191972
3900	-66.30854	-89.93527	23.62673	0	1	0	0	0.009642239	0.001815595	0.003791649	0.003791649	0.03540193	0.00178613	0.01305639	0.0005091711	0.108268	0.496736	0.261295	0.133701
3901	-66.22299	-89.75429	23.5313	1	0	0	0	0.003443622	0.003443622	0.001599746	0.001135197	0.04305748	0.004991656	0.01146218	0.0008590865	0.147714	0.313376	0.356496	0.182414
3902	-66.41334	-87.79934	21.386	0	1	0	0	0.00412689	0.0006804323	0.001599746	0.001599746	0.04406994	0.01416471	0.01146218	0.002716329	0.147714	0.313376	0.356496	0.182414
3903	-68.0537	-90.28612	22.23242	0	0	1	0	0.007840128	0.001561986	0.001599746	0.0008491591	0.03072309	0.03072309	0.03043312	0.0009714221	0.49041	0.104339	0.344516	0.0607351
3904	-67.42869	-93.46135	26.03266	0	0	0	0	0.005416311	0.004344122	0.001599746	0.00669236	0.03072309	0.002359144	0.03043312	0.0002102748	0.380782	0.0810145	0.267501	0.270702
3905	-64.95901	-91.31693	26.35793	0	0	1	0	0.005416311	0.0005815884	0.001599746	0.004942162	0.02737016	0.02737016	0.01036314	0.0001073349	0.243716	0.379185	0.0607346	0.316365
3906	-60.15236	-91.3831	31.23074	0	0	0	0	0.00435207	0.002233712	0.001599746	0.002484388	0.02737016	0.00353419	0.01036314	0.0001073349	0.124793	0.326666	0.38655	0.161992
3907	-67.88646	-86.6611	18.77464	0	1	0	0	0.009139811	0.002233712	0.002259485	0.002259485	0.04670504	0.01682231	0.01320036	0.00339667	0.0933346	0.244319	0.541189	0.121157
3908	-75.07017	-87.05816	11.98799	0	1	1	1	0.009951936	0.002233712	0.001412138	0.001412138	0.04670504	0.04670504	0.01320036	0.01320036	0.199048	0.521042	0.0215271	0.258382
3909	-71.6825	-87.66787	15.98537	0	0	1	1	0.005396533	0.002941593	0.001548784	0.0008412978	0.04670504	0.04670504	0.0227418	0.0227418	0.192787	0.513993	0.0974477	0.195772
3910	-71.9509	-89.06374	17.11283	0	1	1	0	0.007578702	0.001428349	0.002591445	0.002591445	0.04228682	0.04228682	0.006423633	0.01341692	0.16786	0.447535	0.0848479	0.299757
3911	-71.1776	-88.73094	17.55334	1	0	1	0	0.007578702	0.007578702	0.0001936118	0.001776644	0.04262037	0.04262037	0.01766847	0.001368368	0.16786	0.447535	0.0848479	0.299757
3912	-78.30159	-89.92292	11.62133	1	1	1	0	0.007578702	0.007578702	0.0001936118	0.0001936118	0.04262037	0.04262037	0.01766847	0.007539366	0.428104	0.448934	0.0851131	0.0378497
3913	-74.25272	-91.6883	17.43558	1	1	0	0	0.008055894	0.008055894	0.0002792135	0.0002792135	0.04302316	0.002616039	0.0142972	0.003608217	0.428104	0.448934	0.0851131	0.0378497
3914	-72.18836	-88.05768	15.86932	0	1	1	0	0.005247165	0.001512823	0.0002792135	0.0002792135	0.05377626	0.05377626	0.007103673	0.01291974	0.247571	0.381847	0.285224	0.0853579
3915	-70.44792	-89.93557	19.48766	0	0	1	1	0.005247165	0.001512823	0.0001671137	0.01167159	0.03169737	0.03169737	0.009845654	0.009845654	0.196955	0.50823	0.226909	0.0679063
3916	-73.19995	-89.51529	16.31534	0	1	1	1	0.005247165	0.00130723	0.000653019	0.000653019	0.03169737	0.03169737	0.009845654	0.009845654	0.154651	0.42625	0.178171	0.240928
3917	-74.3887	-89.59263	15.20393	0	1	1	1	0.00245212	0.0008479691	0.000653019	0.000653019	0.04078092	0.04078092	0.01037374	0.01037374	0.059523	0.474217	0.198221	0.268039
3918	-73.27021	-90.26772	16.99751	0	1	1	0	0.006212143	0.01085071	0.000653019	0.000653019	0.04521154	0.04521154	0.01037374	0.001084399	0.0701276	0.558703	0.0553764	0.315793
3919	-73.55454	-87.28084	13.7263	0	1	1	1	0.005660949	0.00166067	0.000653019	0.000653019	0.04521154	0.04521154	0.01037374	0.01037374	0.0697898	0.556011	0.0599276	0.314272
3920	-77.42247	-85.5033	8.080828	0	1	1	1	0.004042164	0.003440737	0.000653019	0.000653019	0.07091565	0.07091565	0.01680085	0.01680085	0.118272	0.247577	0.101559	0.532593
3921	-69.9307	-90.71421	20.78351	0	0	1	1	0.004042164	0.001680067	0.000653019	0.007918134	0.02655411	0.02655411	0.01188188	0.01188188	0.141305	0.0357773	0.186603	0.636314
3922	-80.34559	-86.97778	6.63219	1	1	1	1	0.004042164	0.004042164	0.002936617	0.002936617	0.05574093	0.05574093	0.01188188	0.01188188	0.0230082	0.00582548	0.0303839	0.940782
3923	-75.74484	-88.572	12.82716	1	1	1	0	0.004042164	0.004042164	0.00163673	0.00163673	0.04899643	0.04899643	0.01188188	0.002145853	0.58798	0.148872	0.148518	0.11463
3924	-69.44417	-87.49527	18.0511	0	0	1	1	0.005511913	0.003500514	0.001284072	0.001037698	0.04899643	0.04899643	0.008028305	0.008028305	0.261017	0.0660872	0.200688	0.472208
3925	-76.70028	-88.1679	11.46763	1	0	1	1	0.003356136	0.003356136	0.0005442374	0.003559214	0.04752812	0.04752812	0.021492	0.021492	0.603358	0.0229962	0.209333	0.164313
3926	-74.42941	-89.22509	14.79567	1	0	1	1	0.003798172	0.003798172	8.976009e-05	0.005365461	0.03399647	0.03399647	0.01419319	0.01419319	0.405335	0.0154488	0.14063	0.438586
3927	-66.47041	-90.98934	24.51893	0	0	0	1	0.003798172	0.0002447233	0.0002219002	0.006237984	0.03399647	0.002207204	0.01419319	0.01419319	0.362918	0.0165508	0.150661	0.46987
3928	-65.96045	-89.01224	23.05179	0	1	0	0	0.01007418	0.00213222	0.0002219002	0.0002219002	0.03399647	0.002207409	0.01549123	0.00516838	0.0641558	0.0802668	0.388955	0.466623
3929	-64.44439	-88.70588	24.2615	0	0	1	0	0.005027871	0.00213222	0.0002127257	0.001405403	0.03399647	0.03399647	0.01549123	0.004106242	0.0761644	0.272233	0.0976372	0.553965
3930	-75.56052	-89.66779	14.10727	0	1	1	1	0.005027871	0.005774983	0.001090184	0.001090184	0.03399647	0.03399647	0.01549123	0.01549123	0.125461	0.448432	0.160831	0.265276
3931	-79.41508	-88.293	8.877921	1	1	1	1	0.005027871	0.005027871	0.001090184	0.001090184	0.04014657	0.04014657	0.01549123	0.01549123	0.125461	0.448432	0.160831	0.265276
3932	-66.55691	-90.29328	23.73636	0	0	0	1	0.005027871	0.001927861	0.001302125	0.002315703	0.04014657	0.006923214	0.007732621	0.007732621	0.128396	0.458923	0.141199	0.271482
3933	-67.93328	-88.34408	20.4108	0	1	1	0	0.005027871	0.0008063997	0.001302125	0.001302125	0.03524256	0.03524256	0.01089637	0.001585944	0.396158	0.00561885	0.248982	0.349241
3934	-74.02911	-89.55874	15.52963	0	1	0	1	0.01509364	0.001461347	0.001413599	0.001413599	0.04263843	0.006214605	0.01596029	0.01596029	0.354523	0.400651	0.101897	0.142929
3935	-68.59949	-88.7284	20.12891	0	1	0	0	0.01509364	0.0002817433	0.001413599	0.001413599	0.04263843	0.000796584	0.01596029	0.009826557	0.56156	0.0743636	0.151529	0.212547
3936	-83.32138	-93.34322	10.02184	1	1	1	1	0.01218741	0.01218741	0.001307573	0.001307573	0.03494049	0.03494049	0.006777059	0.006777059	0.164214	0.151488	0.284806	0.399491
3937	-70.73065	-89.50737	18.77672	1	0	1	0	0.004176451	0.004176451	0.001307573	0.00198928	0.03187391	0.03187391	0.01293395	0.01192717	0.0969618	0.159103	0.618228	0.125707
3938	-80.20628	-90.72136	10.51508	1	1	1	1	0.004176451	0.004176451	0.003406896	0.003406896	0.03187391	0.03187391	0.01293395	0.01293395	0.0770178	0.332067	0.491065	0.0998501
3939	-68.02536	-86.12739	18.10203	0	0	1	1	0.008613909	0.0001581043	0.003495341	0.0001614157	0.04270489	0.04270489	0.01293395	0.01293395	0.0486073	0.0663714	0.822004	0.0630171
3940	-58.49781	-87.49635	28.99854	0	0	0	0	0.008613909	0.0001581043	0.003495341	0.000189381	0.03401199	0.002839697	0.01293395	0.002570736	0.0486073	0.0663714	0.822004	0.0630171
3941	-65.45865	-87.03309	21.57444	0	0	1	0	0.008613909	0.0004486984	0.003495341	0.003608948	0.04070535	0.04070535	0.0203846	0.0004854469	0.0919564	0.125563	0.663263	0.119217
3942	-70.2703	-87.63471	17.36441	0	1	1	0	0.004333801	0.0009819281	0.002064195	0.002064195	0.04152318	0.04152318	0.02270997	0.0006737594	0.124058	0.169396	0.545711	0.160835
3943	-71.9404	-89.28603	17.34564	0	1	1	0	0.006904053	0.001414781	0.002064195	0.002064195	0.02958674	0.02958674	0.02388624	0.008538208	0.128873	0.27373	0.430318	0.167079
3944	-76.38062	-93.52729	17.14666	1	0	0	1	0.01035613	0.01035613	0.002064195	0.0006590813	0.02958674	0.02338791	0.007478306	0.007478306	0.146254	0.310647	0.488355	0.0547437
3945	-70.32564	-91.06801	20.74236	0	0	0	1	0.01035613	0.002946612	0.001346122	0.007400149	0.02958674	0.0233878	0.007478306	0.007478306	0.106173	0.225514	0.628571	0.0397412
3946	-72.91508	-91.36081	18.44573	0	1	0	1	0.01429506	0.002946612	0.001045464	0.001045464	0.02958674	0.008039157	0.01018858	0.01018858	0.0746608	0.158581	0.44201	0.324748
3947	-64.28387	-85.84658	21.56272	0	0	1	0	0.009237831	0.001295229	0.001045464	0.0004176984	0.04273825	0.04273825	0.01583341	0.007241506	0.0765402	0.1374	0.453137	0.332923
3948	-73.24662	-85.35763	12.11101	0	1	1	1	0.009237831	0.001295229	0.001045464	0.001045464	0.05025233	0.05025233	0.01096864	0.01096864	0.0830066	0.130589	0.469983	0.316421
3949	-75.33215	-88.84326	13.51111	0	1	1	1	0.00342123	0.001295229	0.002876744	0.002876744	0.03734855	0.03734855	0.01984908	0.01984908	0.0171648	0.0957445	0.0971869	0.789904
3950	-73.63912	-87.63384	13.99472	0	1	1	0	0.003798043	0.004986459	0.002997768	0.002997768	0.05894608	0.05894608	0.01984908	0.0009842771	0.0165938	0.125823	0.0939542	0.763629
3951	-71.53357	-93.96355	22.42998	1	0	1	0	0.00284524	0.00284524	0.0009139852	0.002554812	0.02281842	0.02281842	0.01246246	0.001716544	0.0165938	0.125823	0.0939542	0.763629
3952	-78.82232	-91.64513	12.8228	1	1	0	1	0.002143854	0.002143854	0.003676581	0.003676581	0.04707297	0.001290656	0.01454393	0.01454393	0.0132053	0.10013	0.27897	0.607695
3953	-80.35374	-88.64533	8.291585	1	1	1	1	0.004403305	0.004403305	0.003676581	0.003676581	0.04713784	0.04713784	0.009892008	0.009892008	0.0132053	0.10013	0.27897	0.607695
3954	-75.56871	-91.89681	16.32811	1	1	1	0	0.004560835	0.004560835	0.001734653	0.001734653	0.02512951	0.02512951	0.01553651	0.001715924	0.014206	0.145266	0.186786	0.653742
3955	-72.65393	-93.28353	20.62961	1	0	0	1	0.005885192	0.005885192	0.001734653	0.003668554	0.02512951	0.001655272	0.01553651	0.01553651	0.0814671	0.135354	0.174042	0.609137
3956	-69.18257	-89.59109	20.40852	0	0	1	1	0.007160944	0.002680244	0.002011997	0.0005545096	0.03192167	0.03192167	0.01054496	0.01054496	0.0591994	0.418287	0.0798742	0.44264
3957	-74.54207	-89.57455	15.03248	0	1	1	1	0.003351034	0.002680244	0.002011997	0.002011997	0.03750025	0.03750025	0.01054496	0.01054496	0.0511733	0.361576	0.204623	0.382627
3958	-67.91314	-89.60923	21.69608	0	0	1	0	0.003351034	0.004600961	0.002799782	0.004436354	0.04667437	0.04667437	0.01024611	0.00493791	0.0515404	0.349471	0.206091	0.392898
3959	-68.08991	-92.21676	24.12686	0	0	0	0	0.003351034	0.004600961	0.002799782	0.004065543	0.0428759	9.558149e-05	0.02475733	0.01013332	0.0515404	0.349471	0.206091	0.392898
3960	-68.37297	-91.87248	23.49951	0	0	0	1	0.005258687	0.003137876	0.002799782	0.002220304	0.0284611	9.573384e-05	0.02475733	0.02475733	0.0732162	0.0758848	0.292765	0.558134
3961	-71.29862	-92.62252	21.32389	1	1	0	0	0.004557053	0.004557053	0.002799782	0.002799782	0.0284611	9.578998e-05	0.009221877	0.004502726	0.11661	0.120861	0.466281	0.296248
3962	-70.4973	-88.44148	17.94418	0	1	1	0	0.004557053	0.004739853	0.001847235	0.001847235	0.0454101	0.0454101	0.009043932	0.00337234	0.11661	0.120861	0.466281	0.296248
3963	-73.6149	-89.45443	15.83954	1	0	1	1	0.005162793	0.005162793	0.001509167	8.564125e-05	0.03567053	0.03567053	0.009043932	0.009043932	0.11661	0.120861	0.466281	0.296248
3964	-69.15554	-86.41072	17.25518	0	1	0	0	0.01349749	0.0002489454	0.001509167	0.001509167	0.05312812	0.02221017	0.009043932	0.002810966	0.16309	0.169035	0.652137	0.0157378
3965	-77.39109	-90.78741	13.39632	1	1	1	0	0.009443248	0.009443248	0.002791882	0.002791882	0.03224053	0.03224053	0.01890761	0.002064169	0.185959	0.0525167	0.74358	0.0179446
3966	-68.01243	-89.88742	21.87499	0	0	0	1	0.009443248	0.002427584	0.003391946	0.002802403	0.03224053	0.006616158	0.01910129	0.01910129	0.326861	0.278672	0.362926	0.0315413
3967	-72.86985	-89.9056	17.03575	0	1	0	1	0.01209415	0.002427584	0.001686346	0.001686346	0.03224053	0.006616921	0.01910129	0.01910129	0.278107	0.222327	0.289545	0.210021
3968	-71.00904	-86.28133	15.27229	0	1	0	1	0.007268592	0.001101595	0.001686346	0.001686346	0.05766419	0.00661802	0.009915171	0.009915171	0.308631	0.246729	0.321325	0.123315
3969	-68.41666	-89.28979	20.87313	0	1	0	1	0.007268592	9.5607e-05	0.001686346	0.001686346	0.0275901	0.006249514	0.009326556	0.009326556	0.317915	0.0183294	0.560825	0.102931
3970	-63.19464	-88.36152	25.16688	0	1	0	0	0.008545136	0.0001602835	0.001686346	0.001686346	0.0275901	0.002333931	0.01427313	0.002604401	0.145231	0.0229699	0.70281	0.12899
3971	-71.23822	-86.9984	15.76018	0	1	0	1	0.008545136	0.0001602835	0.001686346	0.001686346	0.04252707	0.01427119	0.01427313	0.01427313	0.600405	0.149162	0.182636	0.0677977
3972	-66.90203	-86.89789	19.99586	0	0	1	0	0.006249005	0.0004409446	0.001686346	0.0002114835	0.04252707	0.04252707	0.01493533	0.02072173	0.575873	0.183926	0.175173	0.0650275
3973	-73.6551	-86.86916	13.21406	0	1	1	0	0.006249005	0.0002376371	0.001702074	0.001702074	0.05610372	0.05610372	0.005703695	0.02603099	0.32719	0.1045	0.0995271	0.468783
3974	-65.86989	-86.84309	20.9732	0	1	0	0	0.006249005	0.0002376371	0.001702074	0.001702074	0.05044954	0.003543637	0.01387501	0.005124533	0.466351	0.148946	0.141858	0.242845
3975	-67.93573	-91.44423	23.5085	1	0	0	0	0.003769002	0.003769002	0.001702074	0.003762254	0.03224274	0.0002228366	0.01387501	0.01110546	0.375367	0.126269	0.302897	0.195467
3976	-70.30451	-84.45304	14.14854	0	0	1	1	0.007961721	9.617569e-05	0.001702074	0.005355107	0.06169177	0.06169177	0.01387501	0.01387501	0.260956	0.0877827	0.210574	0.440687
3977	-75.87194	-88.98074	13.1088	1	1	1	0	0.007961721	0.007961721	0.001702074	0.001702074	0.0415432	0.0415432	0.01387501	0.002010085	0.405307	0.136341	0.104674	0.353679
3978	-77.10212	-89.38728	12.28516	1	1	1	0	0.007961721	0.007961721	0.002024841	0.002024841	0.0406357	0.0406357	0.01387501	0.007306105	0.527629	0.177489	0.133821	0.161061
3979	-77.50795	-90.54724	13.03929	1	0	1	1	0.007961721	0.007961721	0.0002896313	0.0003826244	0.03538707	0.03538707	0.02346862	0.02346862	0.477252	0.160542	0.121044	0.241162
3980	-66.54825	-88.52671	21.97846	0	0	1	0	0.007961721	0.003258081	0.0002257235	0.0005445465	0.03538707	0.03538707	0.02346862	0.004585553	0.0976365	0.0779326	0.13418	0.690251
3981	-71.00998	-90.61151	19.60153	0	1	1	0	0.007961721	0.003375177	0.0003806453	0.0003806453	0.03538707	0.03538707	0.008116393	0.00426936	0.0360218	0.659814	0.049504	0.25466
3982	-74.29485	-91.45305	17.15821	0	1	1	1	0.007961721	0.0001280858	0.0006168392	0.0006168392	0.02658346	0.02658346	0.00863909	0.00863909	0.26401	0.495139	0.0391994	0.201651
3983	-72.61546	-89.71282	17.09736	0	1	1	0	0.007961721	0.0001123211	2.501202e-05	2.501202e-05	0.03515304	0.03515304	0.02011077	0.01045155	0.277052	0.571242	0.0411359	0.11057
3984	-75.97402	-89.35674	13.38272	1	0	1	1	0.003295633	0.003295633	3.36087e-05	0.005290164	0.03515304	0.03515304	0.02175281	0.02175281	0.0380684	0.244726	0.669836	0.0473693
3985	-76.01629	-89.39549	13.3792	1	0	1	1	0.005427675	0.005427675	8.427664e-05	0.003127567	0.03515304	0.03515304	0.02175281	0.02175281	0.0825981	0.530989	0.283634	0.102779
3986	-71.82391	-89.52906	17.70515	1	0	1	0	0.003912795	0.003912795	7.912792e-05	0.0002587237	0.04210763	0.04210763	0.01610134	0.007878148	0.0972991	0.625496	0.156134	0.121071
3987	-62.1882	-88.9024	26.7142	0	0	0	0	0.01293913	0.001109485	7.912792e-05	0.000488047	0.04210763	0.001182343	0.01610134	0.003872591	0.151606	0.410707	0.24328	0.194407
3988	-72.37574	-92.93396	20.55823	0	1	1	0	0.01293913	0.00130609	0.001408139	0.001408139	0.01987673	0.01987673	0.01610134	0.002386548	0.151606	0.410707	0.24328	0.194407
3989	-71.86556	-92.75471	20.88915	0	1	1	0	0.01293913	0.00130609	0.001408139	0.001408139	0.01987673	0.01987673	0.01428375	0.002311244	0.193655	0.293028	0.310753	0.202564
3990	-61.52803	-87.73658	26.20856	0	0	0	0	0.00760486	0.002022207	0.001998923	0.002874925	0.04105642	0.00861968	0.01428375	0.002311244	0.396829	0.251659	0.322607	0.0289053
3991	-74.5659	-87.47506	12.90916	0	1	1	1	0.0075823	0.00268217	0.001998923	0.001998923	0.04105642	0.04105642	0.01491423	0.01491423	0.432029	0.267516	0.269729	0.0307266
3992	-75.86446	-90.03061	14.16615	0	1	1	1	0.002973331	0.001030546	0.00320064	0.00320064	0.04105642	0.04105642	0.01278303	0.01278303	0.519154	0.236982	0.222201	0.0216623
3993	-71.32643	-88.85399	17.52756	0	0	1	1	0.008147328	0.001030546	0.00320064	0.007945852	0.04105642	0.04105642	0.009972834	0.009972834	0.519154	0.236982	0.222201	0.0216623
3994	-76.43143	-93.81248	17.38105	0	1	1	1	0.009803525	0.0006104285	0.003472805	0.003472805	0.02221345	0.02221345	0.006554319	0.006554319	0.397719	0.302519	0.283651	0.0161108
3995	-66.97674	-90.07505	23.0983	0	0	1	0	0.008469687	0.0002848912	0.006879415	0.001414258	0.04076809	0.04076809	0.009116043	0.002093339	0.495546	0.37693	0.10745	0.0200736
3996	-70.01388	-89.81072	19.79685	0	1	1	0	0.01128747	0.0002848912	0.000514625	0.000514625	0.03502653	0.03502653	0.009116043	0.002143558	0.51855	0.346179	0.112438	0.0228331
3997	-80.23425	-91.09488	10.86063	1	1	1	1	0.005154006	0.005154006	0.001898414	0.001898414	0.03424613	0.03424613	0.009116043	0.009116043	0.377365	0.434829	0.156105	0.0317007
3998	-65.98553	-90.61398	24.62845	0	0	1	0	0.007581689	0.001702165	0.001898414	0.002029214	0.02585842	0.02585842	0.01618568	0.005017571	0.328408	0.378417	0.135853	0.157322
3999	-73.82445	-85.79008	11.96562	0	1	1	1	0.007581689	0.001325801	0.002018423	0.002018423	0.04856489	0.04856489	0.01414032	0.01414032	0.287124	0.125189	0.118775	0.468912
4000	-69.54545	-87.87752	18.33206	0	0	1	0	0.003683287	0.001325801	0.001645697	0.01194568	0.05157395	0.05157395	0.0160555	0.01005903	0.512725	0.0989547	0.0176728	0.370648
4001	-70.11572	-88.99038	18.87466	0	1	1	0	0.003909519	0.002056804	0.001645697	0.001645697	0.03754345	0.03754345	0.0160555	0.002437133	0.332268	0.135601	0.0242176	0.507913
4002	-69.35063	-97.54595	28.19532	0	1	0	0	0.003177762	0.002056804	0.001645697	0.001645697	0.02053794	0.002235717	0.005527374	0.004689145	0.51959	0.212049	0.104752	0.163609
4003	-68.62902	-92.4255	23.79647	1	0	0	0	0.006319006	0.006319006	0.001645697	0.00493908	0.03020772	0.002238445	0.01356188	0.006120326	0.140849	0.379222	0.187336	0.292593
4004	-68.39378	-87.26163	18.86786	0	1	1	0	0.01061717	0.0001000454	0.000303694	0.000303694	0.03902647	0.03902647	0.01356188	7.775814e-05	0.168691	0.258487	0.222391	0.350431
4005	-75.89618	-91.05131	15.15513	0	1	1	1	0.004159567	0.0008906091	0.000303694	0.000303694	0.02957622	0.02957622	0.02045684	0.02045684	0.341637	0.50507	0.0913117	0.0619806
4006	-71.80774	-91.28363	19.47589	1	0	1	0	0.004159567	0.004159567	0.0003607125	0.0005191469	0.03209534	0.03209534	0.02145218	0.001622103	0.279257	0.412849	0.074639	0.233255
4007	-65.18095	-93.40234	28.22139	0	0	1	0	0.00567199	0.0002016066	0.002622033	0.0004005802	0.02059409	0.02059409	0.00954333	0.0006876914	0.278098	0.411135	0.0743292	0.236437
4008	-68.79574	-89.58948	20.79374	0	0	1	1	0.004554199	0.0002922379	0.001438664	0.003359969	0.03348242	0.03348242	0.00954333	0.00954333	0.275796	0.407731	0.0819931	0.234479
4009	-70.98727	-87.04396	16.05669	0	1	1	0	0.01008928	0.0001290964	0.003361632	0.003361632	0.05497695	0.05497695	0.00954333	0.001666804	0.325132	0.275343	0.0966606	0.302864
4010	-70.5066	-90.70498	20.19838	0	1	1	0	0.01008928	0.0002831177	0.003361632	0.003361632	0.02762728	0.02762728	0.00954333	0.005171685	0.319587	0.270647	0.362036	0.0477308
4011	-74.2828	-89.61136	15.32856	0	1	1	1	0.01008928	0.0002831177	0.003361632	0.003361632	0.02762728	0.02762728	0.01303358	0.01303358	0.148938	0.129448	0.567276	0.154338
4012	-70.05276	-90.66563	20.61287	0	1	0	1	0.008533434	0.0003702062	0.003361632	0.003361632	0.02762728	0.005795902	0.008016963	0.008016963	0.167292	0.0221676	0.637183	0.173358
4013	-65.95338	-86.81183	20.85846	0	1	0	0	0.005997726	0.0006831142	0.0005063816	0.0005063816	0.04137745	0.005788485	0.01614192	0.01134273	0.264681	0.0350726	0.425969	0.274278
4014	-63.02213	-88.63816	25.61603	0	0	0	0	0.005997726	0.001096936	0.003224086	0.008075463	0.04137745	0.005794256	0.01309216	0.005503221	0.264681	0.0350726	0.425969	0.274278
4015	-70.77792	-88.37373	17.59581	0	1	0	1	0.0104361	0.000640527	0.003224086	0.003224086	0.04137745	0.005794131	0.009490918	0.009490918	0.262801	0.0419247	0.422944	0.27233
4016	-76.97036	-90.51864	13.54827	1	1	1	0	0.004373428	0.004373428	0.003224086	0.003224086	0.03444613	0.03444613	0.009490918	0.01304369	0.245655	0.0391893	0.379039	0.336117
4017	-64.76883	-88.86741	24.09858	0	0	1	0	0.004373428	0.004301301	0.0005702294	0.001168113	0.03444613	0.03444613	0.01648258	0.001962278	0.211745	0.0141121	0.653107	0.121036
4018	-65.19648	-87.5964	22.39992	0	0	1	0	0.00601815	0.001759668	0.003950927	0.001403377	0.04422699	0.04422699	0.01328447	0.002376943	0.41285	0.0275151	0.323645	0.23599
4019	-71.33866	-84.17745	12.83879	0	0	1	1	0.01068346	0.0003229377	0.001030075	0.006082157	0.06810198	0.06810198	0.0119531	0.0119531	0.210351	0.0404432	0.475711	0.273494
4020	-75.19622	-86.0454	10.84918	1	0	1	0	0.009730251	0.009730251	0.001030075	0.003895165	0.06810198	0.06810198	0.0119531	0.01484383	0.210351	0.0404432	0.475711	0.273494
4021	-75.18105	-91.67363	16.49258	1	0	1	1	0.004745526	0.004745526	0.001960096	0.003895165	0.02479245	0.02479245	0.01234339	0.01234339	0.0482967	0.0610857	0.47753	0.413088
4022	-73.61031	-97.90573	24.29543	0	1	1	0	0.002360978	0.0009519275	0.001992247	0.001992247	0.01346355	0.01346355	0.01234339	0.001528848	0.341591	0.0422604	0.330365	0.285783
4023	-70.77568	-94.4427	23.66702	0	1	1	0	0.006951507	9.838089e-05	0.001502836	0.001502836	0.01346355	0.01346355	0.009869775	0.004349405	0.170798	0.0475223	0.460313	0.321366
4024	-70.38414	-89.61384	19.2297	0	0	1	1	0.006951507	9.838089e-05	0.005503948	0.003627179	0.03251714	0.03251714	0.01291909	0.01291909	0.134901	0.0247591	0.363567	0.476773
4025	-67.07435	-91.6315	24.55715	0	1	0	0	0.006951507	0.001280168	0.002359016	0.002359016	0.02414711	0.00390547	0.01576387	0.006273885	0.0789175	0.0981579	0.134875	0.68805
4026	-76.13811	-90.90933	14.77121	0	1	1	1	0.008793352	0.00183228	0.001562142	0.001562142	0.02414711	0.02414711	0.02124808	0.02124808	0.0806759	0.0780632	0.13788	0.703381
4027	-77.68529	-85.23914	7.553852	0	1	1	1	0.008793352	0.001695361	0.003363707	0.003363707	0.06376626	0.06376626	0.02124808	0.02124808	0.0858214	0.0192627	0.146674	0.748242
4028	-67.55369	-86.67041	19.11672	0	0	1	0	0.009073594	0.00206518	0.001567267	0.00202175	0.06376626	0.06376626	0.005983798	0.007322777	0.196149	0.0440259	0.335231	0.424594
4029	-70.36476	-87.39464	17.02988	0	0	1	1	0.009073594	0.001415057	0.001567267	0.001870183	0.05429047	0.05429047	0.005983798	0.005983798	0.286989	0.0399803	0.051799	0.621231
4030	-72.58286	-87.33613	14.75327	0	0	1	1	0.009073594	0.007519957	0.001567267	0.005583361	0.05429047	0.05429047	0.009188089	0.009188089	0.166095	0.0231386	0.801283	0.00948252
4031	-66.98709	-86.58289	19.5958	0	0	1	0	0.009073594	0.002360488	0.001567267	0.005144801	0.05786291	0.05786291	0.007094798	0.005956417	0.0809234	0.108858	0.765607	0.0446114
4032	-64.16269	-91.33691	27.17422	0	0	0	0	0.009073594	0.0008137618	0.006698421	6.623808e-05	0.03768256	0.01101366	0.007094798	0.002805334	0.387149	0.520792	0.025843	0.0662168
4033	-69.14627	-89.67966	20.53339	0	0	1	0	0.009073594	0.007386066	0.003590701	5.649808e-05	0.05273427	0.05273427	0.007094798	0.003761258	0.0665451	0.564719	0.117405	0.251331
4034	-72.94006	-96.72798	23.78792	0	0	1	0	0.009073594	0.004918224	0.003590701	0.008085521	0.01867534	0.01867534	0.01790057	0.002837119	0.153233	0.640877	0.0454564	0.160433
4035	-69.82793	-94.19594	24.36802	0	1	0	0	0.009073594	0.004918224	0.003276314	0.003276314	0.02036783	0.004848274	0.01619462	0.003084013	0.108938	0.45562	0.321385	0.114057
4036	-72.59462	-91.86675	19.27213	1	0	1	0	0.005106933	0.005106933	0.0008134666	0.001829103	0.02620758	0.02620758	0.01031824	0.01709921	0.0825285	0.587594	0.243472	0.0864062
4037	-67.9711	-92.53871	24.56761	0	1	0	0	0.005106933	0.004531916	0.0008134666	0.0008134666	0.02620758	0.002242998	0.01031824	0.01140003	0.606511	0.0334514	0.225503	0.134534
4038	-63.15329	-91.87656	28.72326	0	0	0	0	0.005106933	0.002585668	0.00342095	0.0006314504	0.02620758	0.01232657	0.0110486	0.00505996	0.666009	0.036733	0.247625	0.0496331
4039	-69.52808	-91.08739	21.55931	0	1	0	1	0.002874148	0.0003343536	0.0008917446	0.0008917446	0.03365744	0.0004644216	0.01006959	0.01006959	0.490609	0.033551	0.226175	0.249666
4040	-71.54669	-88.67524	17.12855	0	0	0	1	0.002874148	0.0003635103	0.000179808	0.001090597	0.03792791	0.04471691	0.01602024	0.01602024	0.489622	0.0354952	0.22572	0.249164
4041	-80.14374	-88.20864	8.064901	1	1	1	0	0.002874148	0.002874148	0.000179808	0.000179808	0.04925981	0.04925981	0.01602024	0.02760952	0.530708	0.0384738	0.314987	0.115831
4042	-75.4657	-88.94301	13.47731	1	0	1	1	0.00313207	0.00313207	0.00112649	0.003559447	0.03901137	0.03901137	0.01815482	0.01815482	0.376154	0.0715799	0.336763	0.215503
4043	-68.41605	-87.71445	19.29839	0	0	0	1	0.006721347	0.0006091745	0.001523553	0.01014839	0.04570635	0.007897827	0.01815482	0.01815482	0.181219	0.380946	0.266985	0.17085
4044	-75.28716	-87.93377	12.64661	0	1	1	1	0.002859073	0.000411871	0.001523553	0.001523553	0.04570635	0.04570635	0.019235	0.019235	0.155511	0.432988	0.0316037	0.379897
4045	-75.68707	-88.76451	13.07745	0	1	1	1	0.01306603	0.000569271	0.0002215829	0.0002215829	0.04414417	0.04414417	0.00927035	0.00927035	0.138317	0.495681	0.0281094	0.337893
4046	-66.39753	-85.91319	19.51565	0	0	1	0	0.00801538	0.000953624	6.697359e-05	0.002261601	0.04414417	0.04414417	0.01546249	0.01861448	0.0996308	0.357042	0.29994	0.243387
4047	-69.09397	-89.74964	20.65567	1	0	0	0	0.006029721	0.006029721	7.521347e-05	0.003145598	0.04414417	0.009485767	0.01474186	0.005375449	0.0996308	0.357042	0.29994	0.243387
4048	-69.14893	-91.32396	22.17503	0	0	1	1	0.006029721	0.0008062949	0.0005290914	0.002641058	0.02002175	0.02002175	0.01474186	0.01474186	0.0784409	0.281105	0.343256	0.297198
4049	-65.41463	-88.69109	23.27645	0	1	0	0	0.006029721	0.0003268739	0.001678461	0.001678461	0.02985136	0.01046441	0.01474186	0.004913987	0.0784409	0.281105	0.343256	0.297198
4050	-60.93267	-88.03499	27.10232	0	0	0	0	0.008255037	0.001565971	0.001678461	0.0002223781	0.03610881	0.010459	0.01474186	0.00262807	0.0867005	0.310704	0.243614	0.358981
4051	-69.82707	-87.94876	18.12169	0	1	1	0	0.01004033	0.002177263	0.001470473	0.001470473	0.03610881	0.03610881	0.01675951	0.001398788	0.062376	0.527384	0.286805	0.123434
4052	-77.35658	-93.19671	15.84013	0	1	1	1	0.01004033	0.002177263	0.003038365	0.003038365	0.01945324	0.01945324	0.01675951	0.01675951	0.0638089	0.539499	0.293394	0.103298
4053	-69.29224	-93.50457	24.21233	0	0	0	1	0.01004033	0.001476036	0.004911073	0.002338785	0.01945324	0.007674446	0.01675951	0.01675951	0.0455437	0.385068	0.495659	0.0737294
4054	-64.26675	-93.69887	29.43212	0	0	0	0	0.003682717	0.001275196	0.004911073	0.004728662	0.02175942	0.007682019	0.01675951	0.001534407	0.0597826	0.151585	0.650623	0.138009
4055	-73.86934	-88.44101	14.57167	0	1	1	1	0.01151155	0.001275196	0.0003396393	0.0003396393	0.03500594	0.03500594	0.01059204	0.01059204	0.0920427	0.233384	0.462091	0.212482
4056	-64.54762	-87.80505	23.25743	0	0	0	1	0.01151155	0.000936887	0.0007935759	0.001338351	0.0422498	0.002085282	0.009200078	0.009200078	0.100868	0.231116	0.457599	0.210417
4057	-65.2359	-88.20195	22.96605	0	1	0	0	0.0109435	0.002372428	0.001348774	0.001348774	0.03949006	0.002085917	0.01092498	0.00261658	0.103694	0.209575	0.470419	0.216312
4058	-73.76416	-87.76335	13.9992	0	1	1	1	0.00786271	0.002372428	0.001348774	0.001348774	0.03949006	0.03949006	0.01092498	0.01092498	0.209347	0.423111	0.208255	0.159288
4059	-74.62204	-89.17089	14.54885	0	1	1	1	0.007452742	0.003174138	0.001348774	0.001348774	0.03949006	0.03949006	0.007389185	0.007389185	0.209347	0.423111	0.208255	0.159288
4060	-76.31806	-89.36526	13.0472	1	0	1	1	0.003453198	0.003453198	0.001348774	0.001599611	0.03949006	0.03949006	0.02155277	0.02155277	0.209347	0.423111	0.208255	0.159288
4061	-71.46247	-86.99561	15.53314	0	0	0	1	0.007938512	0.0008521182	0.0004364124	0.004009224	0.03949006	0.03801989	0.02155277	0.02155277	0.0234055	0.521842	0.228563	0.226189
4062	-73.26789	-87.80861	14.54072	0	0	0	1	0.01225012	0.002521473	0.0004364124	0.003733816	0.03949006	0.03799104	0.02155277	0.02155277	0.0348478	0.288085	0.340301	0.336766
4063	-76.71082	-92.39946	15.68864	0	0	0	1	0.004677057	0.002521473	0.00756258	0.009974461	0.03949006	0.03800257	0.009181309	0.009181309	0.0348478	0.288085	0.340301	0.336766
4064	-74.7095	-90.65765	15.94815	0	1	1	0	0.01073565	0.002521473	0.00756258	0.00756258	0.05017961	0.05017961	0.009181309	0.0002072977	0.0368504	0.30464	0.359857	0.298652
4065	-78.53423	-89.889	11.35476	0	1	1	1	0.006951257	0.002005092	0.00756258	0.00756258	0.05017961	0.05017961	0.01042675	0.01042675	0.0497659	0.411412	0.135497	0.403325
4066	-75.08236	-90.28336	15.201	1	0	1	0	0.006951257	0.006951257	0.00756258	0.002191864	0.04896716	0.04896716	0.01786956	0.001119297	0.0439553	0.262552	0.202014	0.491478
4067	-75.41219	-92.50523	17.09304	1	0	0	1	0.006951257	0.006951257	0.002390036	0.004967415	0.02985658	0.01180423	0.01786956	0.01786956	0.0305985	0.486642	0.140628	0.342131
4068	-75.70332	-87.99277	12.28945	0	1	0	1	0.004728228	0.0006820917	0.002390036	0.002390036	0.07403601	0.01181972	0.007659855	0.007659855	0.0213351	0.491293	0.141971	0.345401
4069	-77.43948	-86.37149	8.932009	0	1	1	1	0.005232452	0.0004473427	0.002390036	0.002390036	0.07403601	0.07403601	0.008877772	0.008877772	0.014029	0.693127	0.0975824	0.195261
4070	-69.40633	-89.58884	20.18251	0	1	1	0	0.005232452	0.0005216349	0.003719381	0.003719381	0.03260066	0.03260066	0.01015928	0.003933729	0.0758637	0.372896	0.527689	0.0235513
4071	-67.62712	-88.1886	20.56148	0	1	0	0	0.005232452	0.000363683	0.0008864403	0.0008864403	0.03260066	0.03021925	0.01034561	0.003888432	0.273425	0.12505	0.575826	0.0256997
4072	-68.62538	-89.12898	20.50361	0	0	1	1	0.01016421	0.0003232183	0.0006010608	0.002109767	0.03260066	0.03260066	0.008531498	0.008531498	0.212351	0.46386	0.30383	0.0199592
4073	-73.44681	-93.35101	19.9042	0	1	0	1	0.006519117	0.001322353	0.007031168	0.007031168	0.02736642	0.006988499	0.008531498	0.008531498	0.0597755	0.130574	0.804033	0.00561839
4074	-68.48733	-92.41909	23.93176	0	0	0	1	0.006519117	0.001322353	0.007031168	0.004388951	0.02736642	0.006989343	0.01064093	0.01064093	0.0597755	0.130574	0.804033	0.00561839
4075	-66.81405	-92.07364	25.25959	0	0	0	1	0.004044351	0.001830691	0.003329718	0.0003336521	0.02736642	0.00699111	0.0127671	0.0127671	0.130834	0.674099	0.166062	0.0290055
4076	-73.5095	-91.32715	17.81765	1	1	0	0	0.004877671	0.004877671	0.001000932	0.001000932	0.03007148	0.0189144	0.0127671	0.002062684	0.0194292	0.760501	0.187346	0.0327233
4077	-70.47411	-91.52457	21.05046	1	0	1	0	0.003622983	0.003622983	0.0002651549	0.00241299	0.03007148	0.03007148	0.0127671	0.002062684	0.0194292	0.760501	0.187346	0.0327233
4078	-70.77474	-89.31295	18.53821	0	0	1	1	0.005362984	0.004159428	0.002298022	0.003446158	0.03753895	0.03753895	0.0127671	0.0127671	0.134869	0.583453	0.199031	0.0826464
4079	-73.56367	-91.41168	17.84802	1	0	0	1	0.005802498	0.005802498	0.002144479	0.003446158	0.03753895	0.009844731	0.01074376	0.01074376	0.317481	0.381749	0.10622	0.194549
4080	-75.97639	-89.53094	13.55455	1	1	1	0	0.007318578	0.007318578	0.001553526	0.001553526	0.03753895	0.03753895	0.01455743	0.003573869	0.370717	0.278081	0.124032	0.227171
4081	-69.88243	-85.2314	15.34897	0	1	0	0	0.007318578	0.0004755773	0.001229713	0.001229713	0.06886748	0.01555156	0.01455743	0.005352106	0.112443	0.392212	0.174937	0.320408
4082	-78.45749	-93.3041	14.84661	1	1	1	0	0.009922834	0.009922834	0.001229713	0.001229713	0.02440611	0.02440611	0.01455743	0.007035605	0.155709	0.158347	0.24225	0.443694
4083	-65.68051	-88.12733	22.44682	0	0	1	0	0.005022582	0.001963991	0.001229713	0.001632299	0.0433627	0.0433627	0.016145	0.003395982	0.786674	0.0400093	0.0612089	0.112108
4084	-69.17641	-91.95947	22.78306	0	1	0	0	0.005022582	0.001201015	0.0009716913	0.0009716913	0.02511898	0.01009852	0.016145	0.01227116	0.811503	0.0412721	0.0631407	0.0840843
4085	-69.74432	-85.64913	15.90481	0	0	1	1	0.005586435	0.001201015	0.0003186829	0.002819863	0.05456485	0.05456485	0.016145	0.016145	0.649454	0.0330304	0.0505321	0.266984
4086	-75.09923	-87.99517	12.89594	0	1	1	1	0.007972913	0.002821423	0.003162359	0.003162359	0.04170422	0.04170422	0.01264876	0.01264876	0.539198	0.027423	0.211721	0.221659
4087	-75.70612	-88.06504	12.35892	0	1	1	1	0.01091305	0.003252412	0.002862999	0.002862999	0.04170422	0.04170422	0.01264876	0.01264876	0.267583	0.119602	0.237136	0.375679
4088	-79.93087	-87.37346	7.442595	1	1	1	1	0.004509438	0.004509438	0.002862999	0.002862999	0.04994482	0.04994482	0.01264876	0.01264876	0.115227	0.0515033	0.102116	0.731154
4089	-75.97905	-89.91073	13.93168	1	0	1	1	0.004509438	0.004509438	0.002862999	0.003191076	0.0344515	0.0344515	0.01737012	0.01737012	0.325856	0.0392424	0.0778063	0.557095
4090	-69.84157	-90.36222	20.52065	1	0	1	0	0.004509438	0.004509438	0.001692128	0.0005092045	0.03411065	0.03411065	0.007213838	0.006197696	0.0719773	0.00866812	0.7963	0.123055
4091	-68.65004	-87.41774	18.7677	0	0	1	1	0.005727299	0.002061988	0.001692128	0.0007983808	0.0467663	0.0467663	0.007213838	0.007213838	0.122512	0.0147539	0.653284	0.20945
4092	-71.84278	-94.3088	22.46602	0	1	1	0	0.005727299	0.002061988	0.0001554771	0.0001554771	0.01991949	0.01991949	0.007213838	0.008027196	0.161581	0.182488	0.398252	0.257679
4093	-72.36507	-92.89666	20.5316	0	1	0	1	0.009307543	0.002061988	0.00142873	0.00142873	0.01991949	0.006298011	0.01515456	0.01515456	0.308066	0.347926	0.153021	0.190986
4094	-71.691	-91.27799	19.587	0	1	0	1	0.009307543	0.002061988	0.00170263	0.00170263	0.02330419	0.008042578	0.01515456	0.01515456	0.536247	0.114705	0.266362	0.0826857
4095	-67.31888	-93.38024	26.06137	0	0	1	0	0.009307543	0.002904167	0.001079609	0.0005238156	0.01842804	0.01842804	0.01515456	0.004679062	0.362847	0.400972	0.180232	0.0559486
4096	-76.34013	-93.89094	17.5508	0	1	0	1	0.006470937	0.002904167	0.002867761	0.002867761	0.01728719	0.02860106	0.01308954	0.01308954	0.218671	0.410033	0.314083	0.0572129
4097	-76.80962	-92.30337	15.49374	1	0	1	1	0.004754786	0.004754786	0.002867761	0.00645731	0.03185796	0.03185796	0.007512211	0.007512211	0.399586	0.178329	0.30233	0.119754
4098	-70.54723	-94.86055	24.31331	0	1	0	0	0.005196048	0.005488454	0.001718108	0.001718108	0.03185796	0.001068374	0.004260106	0.01248672	0.340931	0.152152	0.257951	0.248966
4099	-68.89375	-89.47942	20.58567	0	0	1	0	0.008424912	0.002814419	0.001271186	0.002307138	0.05188504	0.05188504	0.004260106	0.01243537	0.367366	0.191435	0.32455	0.116648
4100	-70.76785	-89.81809	19.05024	0	0	1	1	0.003120698	0.003438693	0.001271186	0.002307138	0.04380366	0.04380366	0.008702388	0.008702388	0.308759	0.320428	0.272774	0.0980388
4101	-69.23573	-87.96972	18.73399	0	0	1	1	0.008123546	0.00385872	0.0004404863	0.002973899	0.03371752	0.03371752	0.01533858	0.01533858	0.169908	0.176329	0.599814	0.0539499
4102	-75.19746	-84.95694	9.759485	0	1	1	1	0.00887314	0.002108151	0.001378282	0.001378282	0.05855224	0.05855224	0.01533858	0.01533858	0.142893	0.384826	0.426909	0.0453722
4103	-61.50161	-89.41381	27.9122	0	0	0	0	0.00887314	0.002161926	0.001378282	0.005500024	0.03200517	0.0006886689	0.01533858	0.005081232	0.135521	0.227713	0.398378	0.238388
4104	-77.04854	-89.28896	12.24042	1	1	1	0	0.00887314	0.00887314	0.00315933	0.00315933	0.04676971	0.04676971	0.01061628	0.002640781	0.306902	0.182569	0.319401	0.191129
4105	-81.23799	-88.02265	6.784663	1	1	1	1	0.00887314	0.00887314	0.0003628088	0.0003628088	0.05100329	0.05100329	0.0134902	0.0134902	0.396406	0.278559	0.154817	0.170219
4106	-68.47188	-86.44851	17.97663	0	0	0	1	0.00897779	0.002377508	0.001494449	0.001474626	0.0635938	0.006913652	0.0134902	0.0134902	0.409509	0.287767	0.159934	0.14279
4107	-72.91254	-85.38427	12.47173	0	1	1	0	0.00897779	0.001835117	0.0002151467	0.0002151467	0.0635938	0.0635938	0.01812209	0.007529364	0.265464	0.357965	0.198949	0.177622
4108	-77.56115	-88.46185	10.9007	0	1	0	1	0.00897779	0.003660346	0.001911566	0.001911566	0.0635938	0.02530962	0.005806591	0.005806591	0.496631	0.0289751	0.288871	0.185523
4109	-69.18383	-88.63325	19.44942	0	0	0	1	0.005276157	0.003660346	0.001911566	0.0004922669	0.0635938	0.008021282	0.006942192	0.006942192	0.489075	0.0437479	0.284476	0.182701
4110	-79.71835	-87.31062	7.592266	0	1	1	1	0.005276157	0.01007008	0.0003879357	0.0003879357	0.0635938	0.0635938	0.01931906	0.01931906	0.572945	0.0512501	0.33326	0.0425456
4111	-74.91711	-92.81691	17.8998	0	0	1	0	0.01190582	0.01007008	0.004807926	0.009193531	0.03764904	0.03764904	0.01931906	0.005816069	0.598182	0.0535076	0.347939	0.00037099
4112	-67.36335	-90.57674	23.21339	1	0	0	0	0.004385851	0.004385851	0.004807926	0.001008676	0.03764904	2.551434e-05	0.01613468	0.004355747	0.335423	0.0723332	0.591743	0.000501516
4113	-70.3396	-89.14844	18.80883	0	1	0	1	0.004385851	0.004755554	0.0006070885	0.0006070885	0.03764904	0.0004924313	0.01613468	0.01613468	0.238531	0.0290191	0.732094	0.000356646
4114	-70.23115	-89.07169	18.84054	0	1	0	1	0.004385851	0.004573798	0.0006070885	0.0006070885	0.03764904	0.000492847	0.01613468	0.01613468	0.238464	0.0292915	0.731888	0.000356546
4115	-64.9725	-90.17372	25.20122	0	0	0	1	0.004385851	0.0009860414	0.002026695	0.006317183	0.03093431	0.0004923601	0.01185444	0.01185444	0.331462	0.157957	0.510086	0.000495594
4116	-76.03931	-88.4614	12.4221	1	1	0	1	0.004385851	0.004385851	0.00224598	0.00224598	0.0520413	0.0004924952	0.01185444	0.01185444	0.331462	0.157957	0.510086	0.000495594
4117	-72.98225	-92.57096	19.58871	1	0	1	0	0.003055168	0.003055168	0.0020271	0.003306503	0.02508475	0.02508475	0.01253647	0.01355371	0.29856	0.241541	0.459453	0.0004464
4118	-65.7212	-89.92553	24.20432	0	1	0	0	0.008524197	0.0001264673	0.002297604	0.002297604	0.02508475	0.007116979	0.009618493	0.00993072	0.106363	0.178377	0.714566	0.000694265
4119	-71.1768	-85.80654	14.62975	0	1	1	0	0.008524197	0.000128387	0.002745851	0.002745851	0.05096958	0.05096958	0.01174678	0.01381451	0.0492815	0.450409	0.499824	0.000485624
4120	-73.97116	-86.86743	12.89627	0	1	0	1	0.008524197	2.449087e-05	0.002745851	0.002745851	0.04684168	0.02796188	0.01174678	0.01174678	0.214815	0.528768	0.255847	0.000570108
4121	-64.22923	-86.81266	22.58342	0	0	0	0	0.008524197	2.482891e-05	0.002745851	0.001214991	0.04684168	0.02796188	0.01174678	0.002447798	0.193874	0.574705	0.230906	0.000514532
4122	-63.20966	-86.2486	23.03894	0	0	0	1	0.007263682	4.213772e-06	0.001486152	0.001282375	0.04684168	0.00125766	0.01122955	0.01122955	0.285137	0.374504	0.339602	0.00075674
4123	-68.2528	-86.21617	17.96337	0	0	1	1	0.007263682	4.213772e-06	0.002780939	0.000740692	0.04684168	0.04684168	0.01122955	0.01122955	0.235735	0.309619	0.454021	0.00062563
4124	-80.20618	-93.29027	13.08409	1	1	1	1	0.004402839	0.004402839	0.001767455	0.001767455	0.0214041	0.0214041	0.01012187	0.01012187	0.235735	0.309619	0.454021	0.00062563
4125	-69.31313	-92.37351	23.06038	0	1	0	1	0.006522845	0.0009225724	0.001767455	0.001767455	0.02037531	0.002448292	0.007669024	0.007669024	0.327506	0.0408571	0.630768	0.000869184
4126	-67.08662	-95.34279	28.25616	0	0	0	1	0.004014553	0.001093235	0.001767455	0.001668081	0.0135227	0.006721596	0.01073477	0.01073477	0.260836	0.0265834	0.712015	0.000565528
4127	-71.30598	-93.62323	22.31725	0	0	1	0	0.004014553	0.01084132	0.002141136	0.001444568	0.02481347	0.02481347	0.01439854	0.01583982	0.266401	0.0271505	0.705871	0.000577593
4128	-75.39818	-87.36899	11.97081	1	1	0	0	0.004014553	0.004014553	0.001473828	0.001473828	0.05193648	0.007750609	0.0133831	0.02458004	0.266401	0.0271505	0.705871	0.000577593
4129	-81.66765	-87.75746	6.089814	1	1	1	1	0.003546041	0.003546041	0.003190851	0.003190851	0.05193648	0.05193648	0.01903064	0.01903064	0.13669	0.0139309	0.849082	0.000296363
4130	-74.84003	-90.51044	15.67041	1	1	0	0	0.001633584	0.001633584	0.003190851	0.003190851	0.06075732	0.001387605	0.01431651	0.0006907924	0.298631	0.01869	0.682032	0.000647471
4131	-75.3251	-90.94417	15.61906	1	1	1	0	0.005836123	0.005836123	0.003190851	0.003190851	0.03056145	0.03056145	0.01263139	0.0005133774	0.144812	0.391609	0.463265	0.000313972
4132	-75.79883	-89.6798	13.88097	0	1	0	1	0.005836123	0.002592491	0.0009138732	0.0009138732	0.03937993	0.01931411	0.02417585	0.02417585	0.243279	0.657891	0.0983027	0.000527462
4133	-64.59005	-86.25791	21.66786	0	0	1	0	0.005836123	0.002592491	0.0009138732	0.0005353825	0.04394966	0.04394966	0.01864995	0.004730499	0.0752228	0.151921	0.772735	0.000121802
4134	-71.54507	-88.47595	16.93088	0	0	1	1	0.009813037	0.0008504717	0.0009138732	0.009514597	0.04394966	0.04394966	0.00972502	0.00972502	0.283071	0.63454	0.0819309	0.000458353
4135	-68.29302	-88.19006	19.89704	0	1	1	0	0.009813037	0.0006799955	0.0009138732	0.0009138732	0.03574762	0.03574762	0.00972502	0.0009204954	0.21051	0.471885	0.317264	0.000340861
4136	-69.76232	-88.15755	18.39523	0	1	1	0	0.01093586	0.0004799814	0.002265617	0.002265617	0.03574762	0.03574762	0.00972502	0.007236357	0.377174	0.0537702	0.568445	0.000610725
4137	-68.51294	-87.57059	19.05765	0	0	1	1	0.01093586	0.0004799814	0.002265617	0.001002929	0.03574762	0.03574762	0.01216941	0.01216941	0.377174	0.0537702	0.568445	0.000610725
4138	-66.98082	-89.38557	22.40475	0	0	0	1	0.01093586	0.001376208	0.002265617	0.001590398	0.03574762	0.008907789	0.01216941	0.01216941	0.742366	0.105832	0.1506	0.00120205
4139	-70.71248	-87.78611	17.07363	0	1	1	0	0.01093586	0.001114707	0.002265617	0.002265617	0.03574762	0.03574762	0.01382139	0.01006492	0.106481	0.364073	0.525254	0.00419244
4140	-71.05679	-86.06901	15.01222	0	1	0	1	0.01093586	0.00118226	0.001108459	0.001108459	0.05418637	0.00805093	0.01027765	0.01027765	0.116957	0.399891	0.478547	0.0046049
4141	-70.07027	-86.85828	16.78802	0	1	0	1	0.00723802	0.001893749	0.001948176	0.001948176	0.04617763	0.008048627	0.01027765	0.01027765	0.149657	0.232105	0.612345	0.00589239
4142	-70.2126	-88.97459	18.76199	1	0	1	0	0.002725136	0.002725136	0.0009428901	0.002453586	0.04617763	0.04617763	0.01027765	0.001715717	0.130322	0.22225	0.641258	0.0061706
4143	-77.12481	-88.21258	11.08777	1	0	1	1	0.005765012	0.005765012	0.0009428901	0.001972347	0.04617763	0.04617763	0.02379463	0.02379463	0.252916	0.431321	0.303788	0.0119753
4144	-76.95602	-89.3035	12.34748	1	1	1	0	0.003215107	0.003215107	0.0004000482	0.0004000482	0.04617763	0.04617763	0.01022943	0.01142465	0.237299	0.440337	0.310138	0.0122256
4145	-74.00825	-91.1101	17.10185	0	1	0	1	0.01137065	0.006359699	0.0004000482	0.0004000482	0.03509213	0.006659266	0.0139069	0.0139069	0.331005	0.437226	0.219629	0.0121393
4146	-76.14161	-90.32821	14.1866	0	1	1	0	0.003198913	0.006359699	0.0004000482	0.0004000482	0.03509213	0.03509213	0.01196883	0.03344449	0.243477	0.32161	0.425984	0.00892926
4147	-65.65205	-91.13984	25.48779	0	0	0	0	0.003198913	0.0001982011	0.0004000482	0.00790828	0.03124336	0.00947639	0.01196883	0.0205008	0.259164	0.468642	0.26269	0.00950456
4148	-71.04423	-89.60298	18.55876	0	0	1	1	0.007566526	0.000209528	0.0005269526	0.0139399	0.03124336	0.03124336	0.01196883	0.01196883	0.53835	0.282206	0.158186	0.0212577
4149	-67.33725	-88.24222	20.90497	0	1	1	0	0.007566526	0.000209528	0.00040217	0.00040217	0.03124336	0.03124336	0.01196883	0.0006441945	0.0613855	0.0321786	0.274379	0.632057
4150	-72.99289	-94.01786	21.02497	0	0	1	1	0.007566526	0.000125949	0.004013913	0.005208959	0.03124336	0.03124336	0.003189458	0.003189458	0.0491923	0.224419	0.219879	0.50651
4151	-71.2148	-84.42149	13.20669	0	0	1	1	0.008432941	0.0006952451	0.003059347	0.0005166752	0.07215866	0.07215866	0.01120642	0.01120642	0.0317343	0.144775	0.496738	0.326753
4152	-70.43923	-91.47346	21.03423	0	1	1	0	0.008432941	0.0006952451	0.003059347	0.003059347	0.02156128	0.02156128	0.01120642	0.006339982	0.0317343	0.144775	0.496738	0.326753
4153	-61.0881	-91.50236	30.41426	0	0	0	0	0.008432941	0.0004410705	0.003059347	0.006268141	0.02294595	0.003914488	0.01120642	0.0004467223	0.122092	0.0988235	0.556042	0.223042
4154	-68.91485	-92.80416	23.88931	0	0	0	1	0.008432941	0.0004410705	0.003059347	0.008085637	0.02294595	0.01032973	0.01120642	0.01120642	0.233483	0.188985	0.150996	0.426535
4155	-69.13748	-92.92681	23.78933	0	0	0	1	0.008380509	0.0004410705	0.003059347	0.009493819	0.02294595	0.01032141	0.01043089	0.01043089	0.252737	0.244057	0.194998	0.308208
4156	-70.09343	-88.28332	18.18989	0	1	0	1	0.007446107	0.0004410705	0.0003450443	0.0003450443	0.03615825	0.01093916	0.01223542	0.01223542	0.252737	0.244057	0.194998	0.308208
4157	-66.68959	-88.84096	22.15138	0	1	0	0	0.007446107	0.0004410705	0.0001432407	0.0001432407	0.04061464	0.01094509	0.01223542	0.002616637	0.179076	0.172926	0.0970251	0.550973
4158	-68.90389	-88.57538	19.67148	0	0	1	1	0.007446107	0.0007229699	0.0005277286	0.007156814	0.03100119	0.03100119	0.01223542	0.01223542	0.201844	0.194912	0.109361	0.493884
4159	-64.14576	-86.97524	22.82948	0	0	1	0	0.007446107	0.002269308	0.0005277286	0.003278785	0.04319763	0.04319763	0.01365114	0.0001927314	0.286165	0.276337	0.155047	0.282451
4160	-80.2127	-91.6952	11.4825	1	0	1	1	0.004053132	0.004053132	0.006181231	0.01009935	0.04319763	0.04319763	0.01286328	0.01286328	0.65797	0.121738	0.0958595	0.124432
4161	-71.19644	-90.12435	18.9279	0	0	0	1	0.004053132	0.002108367	0.003687811	0.0004542397	0.05093863	0.006072943	0.02556558	0.02556558	0.548349	0.09329	0.0798887	0.278473
4162	-74.17162	-92.53378	18.36216	0	0	1	1	0.00298895	0.001528612	0.003687811	0.0009728636	0.0318358	0.0318358	0.02556558	0.02556558	0.549241	0.216405	0.105986	0.128368
4163	-71.9032	-94.49881	22.59562	0	1	0	1	0.00298895	0.001528612	0.003687811	0.003687811	0.02428107	0.0007154412	0.009162092	0.009162092	0.405151	0.159632	0.323721	0.111495
4164	-81.73162	-94.41707	12.68544	1	1	1	1	0.00339372	0.00339372	0.003687811	0.003687811	0.02428107	0.02428107	0.008613954	0.008613954	0.412267	0.162436	0.311844	0.113453
4165	-69.12203	-92.48859	23.36656	0	0	0	1	0.006684368	0.002544909	0.003687811	0.00200116	0.02428107	0.0166988	0.01159314	0.01159314	0.23186	0.528951	0.175382	0.0638065
4166	-81.98414	-88.96167	6.977536	1	1	1	1	0.005612038	0.005612038	0.003687811	0.003687811	0.05288283	0.05288283	0.0104435	0.0104435	0.194827	0.604188	0.14737	0.0536152
4167	-68.60239	-90.56525	21.96287	0	1	0	1	0.006828486	4.204719e-05	0.002049379	0.002049379	0.02429279	0.00232715	0.0104435	0.0104435	0.433181	0.119948	0.327663	0.119208
4168	-63.37654	-90.18629	26.80975	0	1	0	0	0.008422383	4.204719e-05	0.002870545	0.002870545	0.02429279	0.0006213037	0.0104435	0.001103443	0.140677	0.0389537	0.781655	0.0387135
4169	-68.8664	-92.21551	23.3491	0	0	0	1	0.00386756	0.004716399	0.002870545	0.0019149	0.04162184	0.001331679	0.01126821	0.01126821	0.619382	0.171507	0.038661	0.17045
4170	-76.16755	-89.96132	13.79377	1	1	1	0	0.004164364	0.004164364	0.002870545	0.002870545	0.03622822	0.03622822	0.01752692	0.002383926	0.347994	0.147806	0.235743	0.268458
4171	-74.76751	-88.74731	13.9798	1	1	1	0	0.004164364	0.004164364	0.00153405	0.00153405	0.03622822	0.03622822	0.01752692	0.002656337	0.177282	0.0752984	0.610656	0.136764
4172	-76.52062	-88.44552	11.9249	1	0	1	1	0.009392746	0.009392746	0.0008795759	0.005263642	0.04080116	0.04080116	0.01752692	0.01752692	0.119217	0.0806127	0.653754	0.146416
4173	-72.52142	-89.35767	16.83625	0	0	1	1	0.006097262	0.001812698	0.001297196	0.01792807	0.04080116	0.04080116	0.007371567	0.007371567	0.0150194	0.0901493	0.731094	0.163737
4174	-66.0862	-89.76481	23.67861	0	1	0	0	0.01062477	0.001179691	0.0002749424	0.0002749424	0.04080116	0.004195059	0.007371567	0.001259147	0.684136	0.033341	0.234576	0.0479473
4175	-69.03176	-86.77626	17.7445	0	1	1	0	0.007987534	0.001007203	0.0001790622	0.0001790622	0.04080116	0.04080116	0.01877567	0.001362067	0.20087	0.0440221	0.309725	0.445383
4176	-68.41576	-85.65037	17.23461	0	1	1	0	0.008199916	0.0006914925	0.0008688935	0.0008688935	0.04313126	0.04313126	0.01877567	0.001362067	0.143308	0.0377405	0.437122	0.38183
4177	-69.08614	-88.55733	19.47119	0	1	0	0	0.007540084	0.006873389	0.0008113605	0.0008113605	0.04766145	0.003389851	0.01754876	0.005948144	0.143308	0.0377405	0.437122	0.38183
4178	-73.87742	-89.6675	15.79008	0	1	1	1	0.007540084	0.001382341	0.002878328	0.002878328	0.02716365	0.02716365	0.01279059	0.01279059	0.143308	0.0377405	0.437122	0.38183
4179	-69.07611	-88.91205	19.83595	0	1	0	1	0.007540084	0.001382341	0.002878328	0.002878328	0.03355082	7.313466e-06	0.01279059	0.01279059	0.133611	0.102853	0.407543	0.355993
4180	-64.81671	-88.69839	23.88168	0	0	0	0	0.008428749	0.001349146	0.0003107512	0.006505675	0.02835356	0.02929393	0.01915458	0.0006855014	0.186983	0.143939	0.570341	0.0987366
4181	-68.62133	-86.82041	18.19908	0	0	0	0	0.008428749	0.0006003931	0.00533429	0.004750367	0.05706337	0.02930699	0.01915458	0.001948008	0.229782	0.0438215	0.60506	0.121337
4182	-70.19393	-89.70875	19.51483	0	1	1	0	0.008428749	0.0003071367	0.003170849	0.003170849	0.02634346	0.02634346	0.0197881	0.001948008	0.197588	0.177789	0.520286	0.104336
4183	-68.79359	-88.17135	19.37777	0	0	1	1	0.00694222	0.0003071367	0.000584545	0.00235753	0.02996901	0.02996901	0.02060986	0.02060986	0.215276	0.193705	0.414549	0.17647
4184	-65.01663	-89.54527	24.52864	0	0	1	0	0.00381801	0.0005380869	0.000584545	0.002831824	0.02996901	0.02996901	0.02060986	0.002492772	0.186692	0.167985	0.359506	0.285817
4185	-64.08835	-88.31149	24.22315	0	0	1	0	0.007616157	0.0005380869	0.0007742892	0.002770163	0.02996901	0.02996901	0.02060986	0.0003139767	0.183338	0.168678	0.360988	0.286996
4186	-71.97611	-90.33144	18.35533	1	0	1	0	0.005699536	0.005699536	0.001838877	0.001373133	0.02996901	0.02996901	0.02060986	0.007128298	0.183338	0.168678	0.360988	0.286996
4187	-62.62692	-90.27791	27.651	0	0	0	0	0.005699536	0.0008229714	0.001838877	0.008157185	0.02996901	0.0007736284	0.02060986	0.004650087	0.183338	0.168678	0.360988	0.286996
4188	-67.1294	-90.73796	23.60856	0	0	1	0	0.005699536	0.00198788	0.001369169	0.01276111	0.02996901	0.02996901	0.008881317	0.005438984	0.136968	0.178256	0.381485	0.303291
4189	-70.01299	-89.89545	19.88246	0	0	1	1	0.009202246	0.004072632	0.001369169	0.002681016	0.03165143	0.03165143	0.008906941	0.008906941	0.136968	0.178256	0.381485	0.303291
4190	-74.8863	-88.22813	13.34182	1	0	1	1	0.005401762	0.005401762	0.001369169	0.002543895	0.04343686	0.04343686	0.0130075	0.0130075	0.580003	0.0979959	0.209721	0.11228
4191	-70.82799	-89.95323	19.12524	1	0	1	0	0.005401762	0.005401762	0.001029859	0.006968346	0.03222246	0.03222246	0.014286	0.002306359	0.34489	0.121798	0.36821	0.165102
4192	-70.96014	-89.31119	18.35105	0	0	1	1	0.009650956	0.003508827	0.0007461425	0.006228834	0.03222246	0.03222246	0.014286	0.014286	0.571235	0.0794117	0.240071	0.109282
4193	-69.92004	-91.29772	21.37768	0	1	1	0	0.003831444	0.000795381	0.0007461425	0.0007461425	0.03222246	0.03222246	0.006778008	0.004957236	0.571235	0.0794117	0.240071	0.109282
4194	-68.9973	-87.10284	18.10554	0	0	1	1	0.005720526	0.0005563176	0.0007461425	0.001528339	0.03690658	0.03690658	0.02258961	0.02258961	0.14614	0.0609744	0.494825	0.298061
4195	-66.49873	-90.06582	23.56709	0	0	0	0	0.01475761	0.001402481	0.003274349	0.002302712	0.03690658	0.001897063	0.02258961	0.01275096	0.14614	0.0609744	0.494825	0.298061
4196	-74.0659	-84.73406	10.66816	0	1	1	0	0.00709639	0.001578138	0.0005590877	0.0005590877	0.06704151	0.06704151	0.02258961	0.01172512	0.298729	0.0928888	0.154314	0.454068
4197	-78.65979	-86.59498	7.935189	0	1	1	1	0.0124917	0.001588621	0.004447624	0.004447624	0.06704151	0.06704151	0.01111604	0.01111604	0.215032	0.0668636	0.0222765	0.695827
4198	-78.86264	-89.42188	10.55924	0	1	1	1	0.006135764	0.0008290309	0.007980617	0.007980617	0.05601086	0.05601086	0.01071947	0.01071947	0.365771	0.0445649	0.0239625	0.565701
4199	-83.14859	-94.11567	10.96708	1	0	1	1	0.007560305	0.007560305	0.004877667	0.007403141	0.03089471	0.03089471	0.02860704	0.02860704	0.465122	0.0375839	0.0202088	0.477085
4200	-76.6677	-92.90842	16.24072	1	0	0	1	0.003810948	0.003810948	0.003421882	0.006692005	0.03089471	0.02455052	0.009344337	0.009344337	0.235571	0.13876	0.0254257	0.600243
4201	-76.51064	-90.58923	14.07859	1	1	1	0	0.005025363	0.005025363	0.00112844	0.00112844	0.03089471	0.03089471	0.009344337	0.01515197	0.296516	0.174659	0.298029	0.230796
4202	-75.67544	-92.52383	16.84839	1	1	0	1	0.00417651	0.00417651	0.00098688	0.00098688	0.03089471	0.0007562088	0.008887075	0.008887075	0.347031	0.204415	0.178438	0.270115
4203	-67.29004	-89.01499	21.72495	0	0	1	0	0.01068913	0.0006862914	0.0009174735	0.0002221364	0.03089471	0.03089471	0.01187386	0.02159778	0.347031	0.204415	0.178438	0.270115
4204	-67.81117	-90.39893	22.58776	0	1	0	0	0.01068913	0.0001923152	0.0001458183	0.0001458183	0.03028101	0.01634937	0.01187386	0.002414541	0.207695	0.283416	0.134382	0.374507
4205	-67.27981	-88.33836	21.05856	0	0	1	1	0.006635577	0.0001923152	0.0001458183	0.002027476	0.03028101	0.03028101	0.01187386	0.01187386	0.157458	0.214864	0.343755	0.283923
4206	-66.51291	-90.54243	24.02952	0	0	0	1	0.007051233	0.003234593	0.001092084	0.001125547	0.03028101	0.01289082	0.008023816	0.008023816	0.128922	0.058349	0.384225	0.428504
4207	-69.09608	-94.33359	25.23751	0	0	0	1	0.008065935	0.001120252	0.009853311	0.001101958	0.02738427	0.0009025599	0.008361022	0.008361022	0.599274	0.0356683	0.103117	0.261941
4208	-71.82147	-86.88627	15.0648	0	1	1	0	0.006415381	0.002452518	0.002989544	0.002989544	0.05894256	0.05894256	0.01068997	0.003950812	0.599274	0.0356683	0.103117	0.261941
4209	-74.25086	-89.18494	14.93408	0	1	1	1	0.006415381	0.0008043459	0.002989544	0.002989544	0.03262219	0.03262219	0.01381988	0.01381988	0.599274	0.0356683	0.103117	0.261941
4210	-76.11961	-85.99643	9.876815	0	1	1	1	0.006415381	0.0002862834	0.002989544	0.002989544	0.06206816	0.06206816	0.01381988	0.01381988	0.727123	0.0432778	0.125116	0.104483
4211	-73.9657	-87.70464	13.73895	0	1	1	1	0.01269111	0.0002862834	0.001536914	0.001536914	0.03515339	0.03515339	0.01381988	0.01381988	0.069725	0.14754	0.426537	0.356198
4212	-63.69542	-89.07351	25.37809	0	0	0	0	0.01269111	0.0002862834	0.00350873	0.00336296	0.03515339	0.00445958	0.01381988	0.01224036	0.0604754	0.127967	0.502612	0.308945
4213	-71.97677	-91.17772	19.20095	0	1	0	1	0.01269111	0.001099404	0.00350873	0.00350873	0.0284888	0.002173762	0.01381988	0.01381988	0.0443991	0.359781	0.369002	0.226818
4214	-74.61526	-90.55629	15.94102	0	1	1	1	0.00410498	0.004042429	0.000435471	0.000435471	0.0284888	0.0284888	0.01381988	0.01381988	0.136042	0.216352	0.401074	0.246532
4215	-67.83697	-88.99797	21.161	0	1	0	1	0.00410498	0.0001229688	0.0008202458	0.0008202458	0.03563788	0.0005433982	0.009340588	0.009340588	0.0758209	0.231432	0.429031	0.263716
4216	-66.45154	-90.72976	24.27822	0	0	1	0	0.00410498	0.00272419	0.00181284	0.00870617	0.03563788	0.03563788	0.008652303	0.0006381302	0.0481028	0.351347	0.272188	0.328362
4217	-70.71292	-90.6724	19.95948	1	0	0	1	0.003360072	0.003360072	0.002178678	0.001605726	0.04019756	0.001448543	0.008652303	0.008652303	0.00772748	0.465449	0.498129	0.0286949
4218	-77.58479	-90.38215	12.79736	1	1	0	1	0.00574933	0.00574933	0.002358837	0.002358837	0.03537867	0.01127764	0.01410906	0.01410906	0.00382999	0.230691	0.246889	0.51859
4219	-80.41864	-92.24101	11.82237	1	1	1	1	0.004535505	0.004535505	0.002358837	0.002358837	0.02391	0.02391	0.01410906	0.01410906	0.00398566	0.199422	0.256924	0.539669
4220	-70.70087	-87.96955	17.26868	0	1	0	1	0.00401324	0.002140334	0.001878493	0.001878493	0.04343717	0.007291009	0.01407419	0.01407419	0.00851085	0.425839	0.548626	0.0170236
4221	-72.30975	-88.09518	15.78543	1	0	1	0	0.00401324	0.00401324	0.001878493	0.003919623	0.04793475	0.04793475	0.0146367	0.008935908	0.0124627	0.623568	0.339041	0.0249281
4222	-76.50781	-88.17619	11.66838	1	0	1	1	0.009805606	0.009805606	0.0005681961	0.002386124	0.04793475	0.04793475	0.0146367	0.0146367	0.0138597	0.622686	0.338561	0.0248929
4223	-75.64462	-88.98905	13.34442	1	1	0	0	0.005662107	0.005662107	0.0005681961	0.0005681961	0.04793475	0.02314973	0.009307917	0.008658742	0.292693	0.391826	0.288679	0.0268015
4224	-71.85248	-87.66808	15.8156	0	1	1	0	0.005662107	0.005080812	0.0007585041	0.0007585041	0.04793475	0.04793475	0.009307917	0.01240205	0.40608	0.0870694	0.469666	0.0371842
4225	-75.14888	-87.72375	12.57488	1	1	1	0	0.005662107	0.005662107	0.001166395	0.001166395	0.04560426	0.04560426	0.009307917	0.008405481	0.231456	0.00822695	0.704537	0.0557794
4226	-73.70819	-88.38116	14.67296	0	1	1	1	0.005662107	0.002323212	0.001166395	0.001166395	0.03968532	0.03968532	0.009307917	0.009307917	0.572643	0.0203542	0.103892	0.303111
4227	-74.40052	-90.7911	16.39058	0	1	1	0	0.003324421	0.005656048	0.0003556421	0.0003556421	0.05431714	0.05431714	0.004909718	0.009294238	0.306542	0.0291236	0.23063	0.433704
4228	-80.2809	-88.01518	7.734282	1	1	1	1	0.002488258	0.002488258	0.0003556421	0.0003556421	0.05431714	0.05431714	0.0111365	0.0111365	0.306345	0.0291049	0.0472737	0.617277
4229	-78.37787	-88.1159	9.73803	0	1	1	1	0.009858954	0.007352458	0.003708058	0.003708058	0.05431714	0.05431714	0.0111365	0.0111365	0.167192	0.186279	0.0258003	0.620729
4230	-77.25425	-86.53119	9.276941	0	1	1	1	0.009858954	0.003354593	0.003708058	0.003708058	0.05839976	0.05839976	0.01368921	0.01368921	0.213922	0.204176	0.0232213	0.55868
4231	-74.85222	-85.46632	10.61409	0	1	1	1	0.009898091	0.001214121	0.001879032	0.001879032	0.05839976	0.05839976	0.009970956	0.009970956	0.228236	0.125084	0.0258063	0.620873
4232	-74.94534	-91.87405	16.92871	0	1	1	1	0.009898091	0.001214121	0.0005906123	0.0005906123	0.02883332	0.02883332	0.004705772	0.004705772	0.0913978	0.0500903	0.73388	0.124632
4233	-72.11783	-90.73275	18.61492	0	1	1	0	0.009898091	0.0003010794	0.006486224	0.006486224	0.04127169	0.04127169	0.006739993	0.0004367628	0.0291393	0.0535226	0.784166	0.133172
4234	-70.35248	-89.4609	19.10842	0	0	1	1	0.003958367	0.0003010794	0.001692445	0.008347398	0.04127169	0.04127169	0.006739993	0.006739993	0.271543	0.0401591	0.588376	0.0999219
4235	-70.84366	-88.61647	17.77282	0	1	1	0	0.005637091	0.001373298	0.00261525	0.00261525	0.04071164	0.04071164	0.006739993	0.01287344	0.137946	0.0204012	0.298901	0.542751
4236	-74.98186	-87.527	12.54514	1	0	1	1	0.003619584	0.003619584	0.001288302	0.006018766	0.04704608	0.04704608	0.01234353	0.01234353	0.137946	0.0204012	0.298901	0.542751
4237	-72.78495	-88.27964	15.49469	0	1	1	1	0.003653075	0.0007519775	0.0003309598	0.0003309598	0.03636509	0.03636509	0.01234353	0.01234353	0.0413346	0.00611307	0.0895634	0.862989
4238	-64.53276	-89.77915	25.2464	0	0	1	0	0.003653075	0.002230701	0.0009121761	0.00155053	0.03214548	0.03214548	0.01234353	0.003902986	0.0894733	0.0058061	0.085066	0.819655
4239	-74.60472	-90.19614	15.59142	1	0	1	1	0.006831183	0.006831183	0.001480942	0.0005548941	0.03214548	0.03214548	0.01187881	0.01187881	0.199489	0.252183	0.189662	0.358666
4240	-77.67536	-89.82794	12.15258	1	1	1	0	0.004266171	0.004266171	0.001024339	0.001024339	0.03214548	0.03214548	0.01187881	0.02324693	0.181653	0.229636	0.172705	0.416005
4241	-71.7516	-89.53283	17.78123	0	1	1	0	0.002356845	0.001316505	0.001024339	0.001024339	0.04252457	0.04252457	0.01187881	0.01080153	0.142633	0.514815	0.0988277	0.243724
4242	-67.74319	-92.86631	25.12312	0	0	1	0	0.0021408	0.001316505	8.293786e-06	0.005430761	0.04252457	0.04252457	0.005675599	0.0003471255	0.142633	0.514815	0.0988277	0.243724
4243	-73.41083	-95.88194	22.47111	1	0	0	1	0.00348998	0.00348998	0.0006707898	0.004484489	0.02022525	0.0003762942	0.01382936	0.01382936	0.142633	0.514815	0.0988277	0.243724
4244	-74.77256	-91.12194	16.34937	1	1	1	0	0.003304585	0.003304585	0.0006707898	0.0006707898	0.03083438	0.03083438	0.01166969	0.002076319	0.408626	0.0600571	0.28313	0.248187
4245	-72.12477	-93.53086	21.40609	0	0	1	1	0.003304585	0.003859109	0.002938522	0.001215089	0.03247553	0.03247553	0.005375313	0.005375313	0.408626	0.0600571	0.28313	0.248187
4246	-76.54447	-93.24832	16.70385	1	1	0	1	0.004566102	0.004566102	0.001934083	0.001934083	0.03247553	0.002177131	0.005375313	0.005375313	0.308274	0.0453079	0.459183	0.187236
4247	-75.41469	-91.45117	16.03649	0	1	1	1	0.00373196	0.003417548	0.0005858164	0.0005858164	0.03723488	0.03723488	0.005375313	0.005375313	0.104072	0.0587439	0.453804	0.383381
4248	-70.76357	-91.21231	20.44874	1	0	1	0	0.005991012	0.005991012	0.0005858164	0.001752545	0.03723488	0.03723488	0.005375313	0.00370471	0.148452	0.055834	0.431325	0.36439
4249	-77.02422	-92.46202	15.4378	1	1	0	1	0.005991012	0.005991012	0.0005858164	0.0005858164	0.03723488	0.004583007	0.005375313	0.005375313	0.158621	0.0596589	0.460872	0.320847
4250	-75.4873	-91.20486	15.71756	1	0	1	1	0.005251635	0.005251635	0.001759858	0.002548085	0.03723488	0.03723488	0.005375313	0.005375313	0.177643	0.0668131	0.556891	0.198653
4251	-75.97651	-89.50462	13.52811	1	1	0	1	0.005251635	0.005251635	0.001946356	0.001946356	0.03723488	0.00584505	0.01441569	0.01441569	0.316434	0.0550519	0.46483	0.163684
4252	-72.68972	-85.39172	12.702	0	1	1	0	0.01076986	0.003815892	0.001946356	0.001946356	0.05618452	0.05618452	0.01441569	0.01182384	0.0372755	0.0775342	0.65466	0.23053
4253	-62.12768	-86.69234	24.56466	0	0	0	0	0.008451286	0.002537106	0.001946356	0.001304787	0.05618452	0.006581079	0.008461016	0.004709069	0.0372755	0.0775342	0.65466	0.23053
4254	-62.94801	-88.63816	25.69015	0	0	0	0	0.009552234	0.001168079	0.003062771	0.007529992	0.0469736	0.001518374	0.008461016	0.005471273	0.0460851	0.157758	0.511144	0.285013
4255	-68.36417	-86.89483	18.53066	0	0	1	1	0.005640693	0.001006753	0.002267356	0.001266391	0.0469736	0.0469736	0.008461016	0.008461016	0.0460851	0.157758	0.511144	0.285013
4256	-81.41979	-93.63949	12.2197	1	1	1	1	0.003674685	0.003674685	0.003821817	0.003821817	0.0266831	0.0266831	0.008461016	0.008461016	0.0840848	0.383988	0.311095	0.220833
4257	-70.14814	-88.58441	18.43627	0	0	1	1	0.003674685	0.002005502	0.003821817	0.000159663	0.04061982	0.04061982	0.01587426	0.01587426	0.113061	0.17054	0.418982	0.297417
4258	-77.41899	-88.152	10.73301	1	1	1	0	0.007097154	0.007097154	0.002415599	0.002415599	0.04061982	0.04061982	0.01587426	0.01467495	0.085065	0.128311	0.562854	0.22377
4259	-75.28222	-87.87536	12.59314	0	1	1	1	0.007097154	0.00628313	0.0001672975	0.0001672975	0.04061982	0.04061982	0.01587426	0.01587426	0.085065	0.128311	0.562854	0.22377
4260	-70.58351	-87.17724	16.59373	0	1	1	0	0.01409425	0.002039831	0.0005939458	0.0005939458	0.04392603	0.04392603	0.01587426	0.0001668896	0.212763	0.110402	0.484296	0.192538
4261	-73.96743	-87.37432	13.40689	0	0	1	1	0.01409425	0.0003800348	0.005207628	0.001838929	0.05574586	0.05574586	0.01765741	0.01765741	0.221563	0.210502	0.367433	0.200502
4262	-72.52181	-86.09882	13.57702	0	1	1	0	0.01409425	0.0007632157	0.0002966055	0.0002966055	0.05574586	0.05574586	0.01765741	0.005393633	0.113467	0.383222	0.18817	0.315141
4263	-67.94054	-89.01775	21.07721	0	1	0	0	0.01236181	0.003041427	0.0007087391	0.0007087391	0.04220023	0.007041789	0.01256315	0.002669352	0.113467	0.383222	0.18817	0.315141
4264	-67.68994	-90.86044	23.17049	0	0	0	1	0.007622049	0.003041427	0.003940587	0.001806756	0.03197189	0.007042693	0.01318739	0.01318739	0.305073	0.402754	0.174063	0.118109
4265	-66.69882	-88.8049	22.10608	0	0	1	0	0.007622049	0.002009911	0.003940587	0.001844454	0.03197189	0.03197189	0.01763463	0.009677797	0.10765	0.142119	0.708554	0.0416769
4266	-75.91992	-86.56194	10.64201	1	1	1	0	0.007622049	0.007622049	0.0006876679	0.0006876679	0.05126214	0.05126214	0.01763463	0.003995784	0.10765	0.142119	0.708554	0.0416769
4267	-65.88107	-88.82873	22.94766	0	0	0	1	0.006055168	0.0008548438	0.0003905227	0.003143407	0.05126214	0.001871847	0.006309459	0.006309459	0.226094	0.298487	0.393987	0.0814326
4268	-59.98478	-93.00155	33.01677	0	0	0	0	0.006055168	0.0007672811	0.001381268	1.973281e-06	0.02362754	0.00187195	0.005506623	0.002616772	0.114417	0.43107	0.334893	0.119621
4269	-64.75544	-90.07951	25.32408	0	0	0	1	0.005316727	0.0005207784	0.001381268	0.003774142	0.02648411	0.004947882	0.01386924	0.01386924	0.114417	0.43107	0.334893	0.119621
4270	-70.62436	-87.12633	16.50196	0	0	1	1	0.005316727	0.0004667727	0.001219901	0.008197094	0.04374205	0.04374205	0.01827755	0.01827755	0.526074	0.149424	0.241595	0.0829068
4271	-66.10022	-86.9131	20.81288	0	0	1	0	0.005316727	0.0004667727	0.001219901	0.004109109	0.04374205	0.04374205	0.01827755	0.008966413	0.378994	0.314921	0.227273	0.078812
4272	-79.85497	-87.54403	7.689058	1	1	1	1	0.005316727	0.005316727	0.001219901	0.001219901	0.04374205	0.04374205	0.01827755	0.01827755	0.459579	0.0307098	0.414142	0.0955696
4273	-70.06206	-87.70828	17.64622	1	0	1	0	0.005316727	0.005316727	0.001219901	7.064745e-05	0.04374205	0.04374205	0.01827755	0.002048014	0.459579	0.0307098	0.414142	0.0955696
4274	-75.67571	-88.59576	12.92005	1	1	1	0	0.008533113	0.008533113	0.001219901	0.001219901	0.04048351	0.04048351	0.0161917	0.001743542	0.459579	0.0307098	0.414142	0.0955696
4275	-68.79796	-91.77173	22.97377	0	0	1	0	0.005854348	0.002446238	0.009276018	0.002467379	0.04048351	0.04048351	0.008768496	0.0004420779	0.50561	0.028094	0.378866	0.0874293
4276	-60.51169	-88.01822	27.50653	0	0	0	0	0.006892625	0.002446238	0.001828503	0.001099084	0.051927	0.001567951	0.007329803	0.0002563007	0.475772	0.0264361	0.415523	0.0822696
4277	-75.42052	-89.17523	13.75471	0	1	1	1	0.006892625	0.0006458531	0.001828503	0.001828503	0.03259994	0.03259994	0.0214305	0.0214305	0.740573	0.027995	0.0832357	0.148196
4278	-78.24009	-93.44536	15.20527	1	1	0	1	0.005468799	0.005468799	0.001940504	0.001940504	0.02523646	0.008094605	0.01435975	0.01435975	0.740573	0.027995	0.0832357	0.148196
4279	-70.03804	-87.92221	17.88416	0	0	1	0	0.006362166	0.004213976	0.001940504	0.01663324	0.04983696	0.04983696	0.01435975	0.00550438	0.247967	0.0472406	0.454716	0.250076
4280	-79.39555	-90.85653	11.46098	1	1	1	1	0.005546886	0.005546886	0.001940504	0.001940504	0.02513345	0.02513345	0.01435975	0.01435975	0.0302756	0.0166698	0.795123	0.157931
4281	-71.41698	-92.53635	21.11936	0	0	1	0	0.01064067	0.01034417	0.001940504	0.004562706	0.02627874	0.02627874	0.01498808	0.0115905	0.0302756	0.0166698	0.795123	0.157931
4282	-70.97106	-93.58356	22.6125	0	1	0	1	0.005706804	0.001890693	0.001940504	0.001940504	0.01791329	0.006935457	0.007880628	0.007880628	0.0302756	0.0166698	0.795123	0.157931
4283	-73.23955	-84.9668	11.72724	0	1	1	1	0.005706804	0.0007421629	0.001940504	0.001940504	0.05262339	0.05262339	0.01398182	0.01398182	0.0302756	0.0166698	0.795123	0.157931
4284	-70.22645	-86.31678	16.09033	0	1	0	0	0.01163247	0.0007421629	0.001940504	0.001940504	0.05262339	0.002860897	0.01398182	0.02533057	0.101857	0.0560825	0.31073	0.531331
4285	-73.8763	-87.58209	13.7058	0	1	1	1	0.007510487	0.0007421629	0.0004552445	0.0004552445	0.03360842	0.03360842	0.0213609	0.0213609	0.157957	0.1336	0.481875	0.226568
4286	-76.77331	-89.33304	12.55973	1	0	1	1	0.005963848	0.005963848	0.0001820662	0.009117558	0.03360842	0.03360842	0.0213609	0.0213609	0.141634	0.119793	0.432077	0.306496
4287	-76.35987	-90.01622	13.65635	1	0	1	1	0.005963848	0.005963848	0.0006756929	0.002351218	0.03360842	0.03360842	0.0213609	0.0213609	0.638098	0.0538392	0.170313	0.13775
4288	-79.19138	-89.71185	10.52046	1	1	1	1	0.005963848	0.005963848	0.0006756929	0.0006756929	0.03360842	0.03360842	0.01211243	0.01211243	0.550715	0.0464663	0.283933	0.118886
4289	-74.54159	-90.6502	16.10862	1	0	1	0	0.01001569	0.01001569	0.002339115	0.003313935	0.03593146	0.03593146	0.01211243	0.01575744	0.318071	0.0568647	0.347473	0.277591
4290	-61.29922	-88.22467	26.92545	0	0	0	0	0.01001569	0.0001451491	0.004057615	0.00402866	0.04282156	0.002240214	0.01211243	0.001250014	0.294994	0.0527391	0.322264	0.330003
4291	-77.37452	-91.4999	14.12538	0	1	1	1	0.01465743	0.0002110258	0.004057615	0.004057615	0.0302387	0.0302387	0.01211243	0.01211243	0.197056	0.296164	0.286338	0.220442
4292	-65.23205	-92.39713	27.16507	0	1	0	0	0.006044907	0.0001325013	0.004057615	0.004057615	0.01975136	0.0008395009	0.01180235	0.003135287	0.0376916	0.0274727	0.727551	0.207285
4293	-68.20484	-86.2299	18.02506	0	1	1	0	0.004687174	0.0001325013	0.002522617	0.002522617	0.04930122	0.04930122	0.01180235	6.199963e-05	0.0452842	0.0330068	0.672669	0.24904
4294	-59.87619	-86.10535	26.22917	0	0	0	0	0.004687174	7.794281e-05	0.001971678	0.00146693	0.04930122	0.001226282	0.01180235	0.01012055	0.0503638	0.0367092	0.748125	0.164802
4295	-67.85539	-88.53769	20.6823	0	0	0	1	0.004687174	0.0010835	0.001971678	0.01070014	0.04282418	0.009776417	0.01180235	0.01180235	0.101183	0.0609375	0.564307	0.273572
4296	-64.39289	-87.71155	23.31867	0	1	0	0	0.004687174	0.0010835	0.001887126	0.001887126	0.04416989	0.003470166	0.01180235	0.0006650241	0.0695529	0.0418881	0.387902	0.500657
4297	-65.18093	-89.68671	24.50577	0	0	1	0	0.004687174	0.0002285243	0.004599445	0.002861716	0.03567629	0.03567629	0.01180235	0.001119404	0.0470786	0.351478	0.262561	0.338883
4298	-77.28891	-89.84779	12.55888	1	1	1	0	0.004020247	0.004020247	0.002436537	0.002436537	0.03567629	0.03567629	0.01180235	0.01630224	0.409757	0.103339	0.212559	0.274346
4299	-79.33068	-92.12554	12.79487	1	0	1	1	0.001079136	0.001079136	0.002436537	0.004991947	0.05257593	0.05257593	0.007804253	0.007804253	0.456478	0.109512	0.143277	0.290733
4300	-78.0204	-91.04923	13.02883	1	0	1	1	0.001079136	0.001079136	0.002436537	0.001306484	0.05257593	0.05257593	0.01015141	0.01015141	0.365889	0.217175	0.117645	0.299291
4301	-82.13539	-94.25758	12.12218	1	1	1	1	0.001646824	0.001646824	0.002436537	0.002436537	0.02896368	0.02896368	0.01015141	0.01015141	0.365889	0.217175	0.117645	0.299291
4302	-74.90193	-89.85382	14.95189	1	1	1	0	0.004311764	0.004311764	0.002436537	0.002436537	0.03921308	0.03921308	0.01015141	0.0004366754	0.456574	0.105882	0.297023	0.14052
4303	-74.38878	-89.13689	14.7481	1	0	1	1	0.007016419	0.007016419	0.001042441	0.0002917919	0.03921308	0.03921308	0.01015141	0.01015141	0.456006	0.10575	0.296654	0.14159
4304	-65.82226	-88.12712	22.30487	0	0	0	1	0.007016419	0.001597932	0.001042441	0.002110735	0.04012914	0.01218465	0.009482894	0.009482894	0.466393	0.0853807	0.303411	0.144815
4305	-68.62103	-88.99885	20.37782	0	0	1	1	0.007016419	0.0007523407	0.002391989	0.002999549	0.03468611	0.03468611	0.007203545	0.007203545	0.0345514	0.181099	0.545587	0.238763
4306	-65.14718	-90.4858	25.33862	0	0	0	1	0.007016419	0.0007523407	0.002012572	5.454523e-05	0.02689885	0.01227269	0.007203545	0.007203545	0.0738975	0.155717	0.535873	0.234512
4307	-63.45935	-87.68416	24.22482	0	0	1	0	0.007016419	0.0001324963	0.0008214682	5.756248e-05	0.0342078	0.0342078	0.009575036	0.01077119	0.18662	0.136764	0.470648	0.205968
4308	-68.74361	-85.54341	16.7998	0	0	0	1	0.01100313	0.0001080229	0.0008214682	0.002591107	0.05778662	0.02316823	0.009575036	0.009575036	0.184785	0.145255	0.466019	0.203942
4309	-68.33466	-86.13137	17.79671	0	1	1	0	0.01100313	0.000665784	0.0005377079	0.0005377079	0.04756475	0.04756475	0.009575036	0.0004676303	0.0549632	0.0674408	0.650427	0.227169
4310	-59.61	-86.31157	26.70157	0	0	0	0	0.01100313	0.0002290958	0.0005377079	0.0003612395	0.05380245	0.001230704	0.009575036	0.001212584	0.437098	0.0432758	0.373855	0.145771
4311	-73.40105	-84.49074	11.08969	0	1	1	1	0.007488832	6.814895e-05	0.001187698	0.001187698	0.05380245	0.05380245	0.01609438	0.01609438	0.297263	0.061513	0.434022	0.207201
4312	-67.50672	-86.82754	19.32083	0	0	1	1	0.007488832	0.001293948	0.001187698	0.0009420883	0.03828155	0.03828155	0.01190187	0.01190187	0.297263	0.061513	0.434022	0.207201
4313	-73.60074	-85.88355	12.28281	0	1	1	1	0.007488832	0.002608031	0.001187698	0.001187698	0.04863037	0.04863037	0.01190187	0.01190187	0.304263	0.0629615	0.444242	0.188533
4314	-68.43446	-88.78317	20.34872	0	0	1	1	0.007488832	8.313589e-05	0.001896203	0.0009084823	0.02658387	0.02658387	0.01825587	0.01825587	0.304263	0.0629615	0.444242	0.188533
4315	-69.0288	-89.08748	20.05867	0	0	1	1	0.01043283	0.0001630359	0.001896203	0.0001113392	0.02658387	0.02658387	0.0176882	0.0176882	0.307866	0.063707	0.437662	0.190765
4316	-74.1492	-86.4911	12.3419	0	1	1	1	0.01043283	0.0005563663	0.001540932	0.001540932	0.04020723	0.04020723	0.01874146	0.01874146	0.307866	0.063707	0.437662	0.190765
4317	-69.06523	-88.38541	19.32018	0	1	0	0	0.01043283	0.004188164	0.000870637	0.000870637	0.04020723	0.01508177	0.01064499	0.009211223	0.286409	0.0681479	0.509051	0.136392
4318	-73.41772	-87.29556	13.87784	0	1	0	0	0.009810096	0.004188164	0.000870637	0.000870637	0.05436335	0.01507353	0.01226139	0.02520026	0.33566	0.0798666	0.140241	0.444232
4319	-63.06123	-90.39918	27.33795	0	0	0	0	0.005690796	0.002544066	0.002879684	0.0003289267	0.03101631	0.01507353	0.01449407	0.0022844	0.33566	0.0798666	0.140241	0.444232
4320	-69.80922	-89.16047	19.35125	0	0	1	1	0.0118555	0.002197714	0.00105435	0.0003040477	0.03101631	0.03101631	0.01449407	0.01449407	0.18263	0.144531	0.253788	0.419051
4321	-67.79468	-86.94685	19.15217	0	0	1	0	0.0118555	0.004249634	0.003629121	0.001117454	0.05586606	0.05586606	0.01449407	0.0003860209	0.182118	0.151102	0.253077	0.413702
4322	-74.80972	-89.59678	14.78706	0	1	1	1	0.0118555	0.003042683	0.0004817655	0.0004817655	0.03219935	0.03219935	0.00991304	0.00991304	0.124957	0.103676	0.487513	0.283854
4323	-71.67139	-93.20342	21.53203	0	1	0	1	0.0118555	0.0004781533	0.003418165	0.003418165	0.02097459	0.001808314	0.00991304	0.00991304	0.324676	0.0625098	0.441668	0.171146
4324	-72.51593	-88.89033	16.3744	0	1	0	1	0.0118555	0.002654799	0.003418165	0.003418165	0.04117362	0.003568178	0.01527951	0.01527951	0.324676	0.0625098	0.441668	0.171146
4325	-75.15775	-87.39694	12.23919	0	1	1	1	0.0118555	0.002654799	0.001102867	0.001102867	0.04117362	0.04117362	0.01527951	0.01527951	0.4208	0.0810164	0.276369	0.221815
4326	-69.63448	-86.7739	17.13942	0	0	1	1	0.007954288	0.002267558	0.001102867	0.005795977	0.04117362	0.04117362	0.01527951	0.01527951	0.467304	0.0234767	0.42847	0.0807497
4327	-65.41425	-88.31357	22.89932	0	0	0	1	0.005666456	0.000580868	0.000790316	0.000421935	0.03223034	0.01519449	0.01527951	0.01527951	0.532183	0.0989604	0.310365	0.0584916
4328	-60.62129	-87.07246	26.45117	0	0	0	0	0.01017546	0.0001965553	0.003411111	0.0003660909	0.03790957	0.007105215	0.01526829	0.004951935	0.236302	0.0520363	0.68569	0.0259717
4329	-71.57321	-85.78274	14.20953	0	1	0	1	0.01232816	0.0004174074	0.001836063	0.001836063	0.05281299	0.007111621	0.01582672	0.01582672	0.437651	0.0382888	0.475958	0.0481018
4330	-67.59012	-88.43233	20.84221	0	1	1	0	0.006589076	0.0005030933	0.001836063	0.001836063	0.02725128	0.02725128	0.01582672	0.0003873548	0.206982	0.0585783	0.728173	0.00626606
4331	-74.0314	-90.60765	16.57625	1	1	1	0	0.006589076	0.006589076	0.001836063	0.001836063	0.02725128	0.02725128	0.01143979	0.0001418003	0.00326104	0.0159841	0.972387	0.00836757
4332	-65.87675	-85.41077	19.53402	0	0	0	1	0.009225119	0.002116076	0.001836063	0.0032987	0.0611404	0.0003575424	0.01143979	0.01143979	0.00326104	0.0159841	0.972387	0.00836757
4333	-68.72727	-86.78647	18.05919	0	0	1	1	0.009225119	0.00209723	0.001836063	0.00402156	0.03969287	0.03969287	0.01143979	0.01143979	0.00326104	0.0159841	0.972387	0.00836757
4334	-67.29438	-87.29637	20.00198	0	0	0	1	0.009225119	0.0007820216	0.0006510952	0.009912387	0.04671846	0.0108146	0.008633199	0.008633199	0.00279786	0.155748	0.834275	0.00717909
4335	-61.76051	-87.337	25.57649	0	0	0	0	0.009225119	0.0007820216	0.0006510952	0.0008745592	0.03545736	0.0108146	0.01299609	0.01358663	0.00169354	0.0942742	0.504986	0.399046
4336	-73.78372	-87.68218	13.89846	0	1	1	1	0.005184652	0.001382653	0.001215432	0.001215432	0.03545736	0.03545736	0.01933508	0.01933508	0.00315424	0.175587	0.0780312	0.743228
4337	-66.64232	-89.79965	23.15733	0	0	0	1	0.005184652	0.001626931	0.000307129	0.001620745	0.03545736	0.01524324	0.009248003	0.009248003	0.00374517	0.00934604	0.104443	0.882466
4338	-69.82314	-87.19146	17.36832	0	0	1	1	0.0112218	0.002491796	0.000307129	0.0006333897	0.04836237	0.04836237	0.009248003	0.009248003	0.354332	0.0318392	0.355805	0.258023
4339	-73.17382	-87.85915	14.68534	0	1	1	0	0.009142058	0.002491796	0.004497261	0.004497261	0.04836237	0.04836237	0.01031657	0.01280128	0.224398	0.0201637	0.294806	0.460632
4340	-73.23726	-89.66334	16.42608	1	0	1	0	0.009142058	0.009142058	0.004497261	0.003172715	0.04824698	0.04824698	0.01031657	0.002278569	0.0803117	0.0529189	0.338253	0.528517
4341	-64.83193	-93.92599	29.09406	0	0	0	0	0.004976228	0.0009838433	0.001905808	0.0001528832	0.02594529	0.006785075	0.00399889	0.01951871	0.171705	0.0342774	0.45168	0.342338
4342	-67.34979	-86.93258	19.58279	0	0	1	1	0.008981077	0.0002526149	0.001905808	0.0001528832	0.03635544	0.03635544	0.01194973	0.01194973	0.158502	0.0284702	0.375158	0.437869
4343	-66.40338	-90.09445	23.69107	0	1	0	0	0.008981077	0.0009610532	0.003573928	0.003573928	0.03585681	0.000729643	0.01491194	0.000620587	0.533229	0.0234522	0.0826269	0.360692
4344	-63.31227	-88.31069	24.99842	0	1	0	0	0.004361749	0.0003390973	0.001255997	0.001255997	0.03585681	0.0007292533	0.01491194	0.0007020658	0.365733	0.0529089	0.342737	0.238621
4345	-65.14683	-87.69241	22.54558	0	0	1	0	0.009940145	6.150894e-05	0.001917901	0.008796948	0.03585681	0.03585681	0.01491194	0.0007020658	0.14547	0.274489	0.48513	0.0949113
4346	-70.82402	-87.308	16.48398	0	0	1	1	0.006790479	6.150894e-05	0.003899795	0.005562951	0.04237882	0.04237882	0.01862938	0.01862938	0.14325	0.270299	0.477725	0.108727
4347	-70.12465	-88.50305	18.3784	0	0	1	1	0.006790479	6.150894e-05	0.003899795	0.001120488	0.03598512	0.03598512	0.01862938	0.01862938	0.149922	0.393183	0.0429568	0.413938
4348	-66.49922	-87.34234	20.84312	0	0	1	0	0.006790479	2.950396e-05	0.003899795	0.004838175	0.04691772	0.04691772	0.01862938	0.0008204841	0.198013	0.309912	0.0259677	0.466107
4349	-70.53532	-85.74056	15.20524	0	1	1	0	0.006790479	6.624298e-05	0.001661572	0.001661572	0.04611582	0.04611582	0.01862938	0.01137395	0.235521	0.179193	0.0308866	0.554399
4350	-71.50524	-87.45	15.94476	0	0	1	1	0.006790479	0.0001022415	0.004977942	0.003791494	0.04611582	0.04611582	0.01862938	0.01862938	0.248728	0.133167	0.0326185	0.585486
4351	-72.59507	-86.22012	13.62506	0	1	1	1	0.006218409	0.0001196544	0.0006424673	0.0006424673	0.04611582	0.04611582	0.01104271	0.01104271	0.324457	0.173712	0.0425498	0.459281
4352	-74.05215	-87.4226	13.37045	1	0	1	1	0.004660135	0.004660135	9.448938e-05	0.003682295	0.04611582	0.04611582	0.01104271	0.01104271	0.23325	0.197166	0.0482946	0.52129
4353	-76.20593	-89.67222	13.46629	1	0	1	1	0.006356709	0.006356709	0.003341331	0.004145536	0.04016095	0.04016095	0.01104271	0.01104271	0.23325	0.197166	0.0482946	0.52129
4354	-79.32743	-88.10167	8.774242	1	1	1	0	0.006356709	0.006356709	0.003341331	0.003341331	0.04720492	0.04720492	0.01104271	0.02394037	0.245435	0.0261931	0.00641584	0.721957
4355	-82.12315	-91.47099	9.347833	1	1	1	0	0.006356709	0.006356709	0.004288961	0.004288961	0.03269525	0.03269525	0.02132377	0.02394037	0.245435	0.0261931	0.00641584	0.721957
4356	-76.54673	-91.37669	14.82996	0	1	1	1	0.006356709	0.003945071	0.004288961	0.004288961	0.03269525	0.03269525	0.009960915	0.009960915	0.474835	0.0182299	0.00446531	0.502469
4357	-67.84761	-90.08416	22.23654	0	0	1	0	0.006356709	0.007116344	0.0006529542	0.0001028667	0.03269525	0.03269525	0.02061131	0.006419605	0.144123	0.0297099	0.00727726	0.81889
4358	-72.03146	-87.76694	15.73548	1	0	1	0	0.006356709	0.006356709	0.003353205	0.004414408	0.05190613	0.05190613	0.01436273	0.001211223	0.125751	0.0259228	0.133818	0.714508
4359	-76.15586	-87.70601	11.55015	1	0	1	1	0.003356991	0.003356991	0.003353205	0.003028602	0.05190613	0.05190613	0.01436273	0.01436273	0.0408411	0.00841913	0.530855	0.419885
4360	-76.19427	-89.55656	13.36229	1	1	0	1	0.003356991	0.003356991	0.003353205	0.003353205	0.04303937	0.001529807	0.01436273	0.01436273	0.0152499	0.00314367	0.824823	0.156783
4361	-68.82346	-87.68242	18.85896	0	1	1	0	0.003347872	0.002040308	0.0007476732	0.0007476732	0.04303937	0.04303937	0.01436273	0.0001999391	0.122749	0.0141649	0.746963	0.116123
4362	-65.19542	-87.20904	22.01362	0	1	0	0	0.005068273	0.002040308	0.0007476732	0.0007476732	0.04969263	0.004879344	0.01263034	0.0001715905	0.311282	0.0359209	0.358319	0.294478
4363	-69.16861	-88.13869	18.97008	0	1	1	0	0.005068273	0.002945311	0.0002691705	0.0002691705	0.03898948	0.03898948	0.01263034	0.00319972	0.208865	0.0412626	0.411604	0.338268
4364	-72.21359	-94.07478	21.86118	0	1	1	0	0.006750405	0.0008393143	0.003534574	0.003534574	0.02252453	0.02252453	0.005489334	0.007426838	0.165748	0.252244	0.31357	0.268438
4365	-61.99669	-94.82916	32.83247	0	0	0	0	0.008354021	0.003015859	0.001167444	0.001455894	0.02267174	0.0003901014	0.005489334	0.0003383581	0.120443	0.183296	0.22786	0.468401
4366	-69.13651	-87.38463	18.24813	0	1	1	0	0.008354021	0.002657158	0.001167444	0.001167444	0.0394798	0.0394798	0.01083907	0.004734418	0.115016	0.111177	0.251235	0.522573
4367	-70.69134	-88.29346	17.60212	1	0	1	0	0.006387552	0.006387552	0.001461306	0.004146002	0.0394798	0.0394798	0.01334406	0.006108395	0.0406902	0.120514	0.272335	0.566461
4368	-72.63882	-89.01345	16.37463	0	1	1	1	0.006387552	0.0005952018	0.0003467138	0.0003467138	0.02773779	0.02773779	0.01334406	0.01334406	0.0457752	0.135574	0.306368	0.512283
4369	-73.0744	-87.23608	14.16167	0	1	1	1	0.006387552	0.0007613473	0.002603388	0.002603388	0.03718737	0.03718737	0.01412992	0.01412992	0.0402852	0.119314	0.269624	0.570776
4370	-65.61618	-87.52651	21.91033	0	0	1	0	0.008710332	0.0007613473	0.002603388	0.002597374	0.03718737	0.03718737	0.01412992	0.009831277	0.145438	0.147167	0.131824	0.575571
4371	-69.13928	-88.58008	19.4408	0	1	1	0	0.008710332	0.001753848	0.0002616676	0.0002616676	0.0338289	0.0338289	0.01412992	0.001725084	0.148701	0.15047	0.112343	0.588486
4372	-61.29551	-90.12835	28.83284	0	0	0	0	0.009498006	0.001753848	0.0002616676	0.001479724	0.0338289	0.008935341	0.007513122	0.002490325	0.233653	0.151869	0.458218	0.15626
4373	-64.65961	-87.91177	23.25216	0	0	1	0	0.009498006	0.0002310332	0.0002683901	0.00152482	0.0338289	0.0338289	0.0100452	0.01274929	0.258137	0.167784	0.506234	0.0678458
4374	-65.68547	-91.88154	26.19607	0	0	0	1	0.009498006	0.0002310332	0.0001938916	0.004332264	0.02620764	0.001633896	0.009209545	0.009209545	0.171484	0.584877	0.214845	0.0287937
4375	-74.63113	-87.77076	13.13964	0	1	0	1	0.01248835	0.002039177	0.0001938916	0.0001938916	0.05264099	0.01914676	0.00994365	0.00994365	0.286834	0.305642	0.359362	0.048162
4376	-71.16333	-85.98635	14.82302	0	0	1	1	0.01248835	0.002039177	0.0004353976	0.005643726	0.05264099	0.05264099	0.01357613	0.01357613	0.187312	0.348294	0.409511	0.0548829
4377	-64.30015	-88.08141	23.78126	0	0	0	1	0.007648634	0.0003137998	0.0004353976	0.005571498	0.04047353	0.0008573314	0.009818948	0.009818948	0.248449	0.25934	0.43404	0.0581704
4378	-66.23531	-90.93402	24.69871	0	1	0	0	0.01101299	0.000593037	0.002707193	0.002707193	0.02382048	0.0008565294	0.01309377	0.007787296	0.0959346	0.311969	0.522122	0.0699751
4379	-77.25429	-90.20535	12.95106	0	1	1	1	0.01360444	0.002750259	0.002707193	0.002707193	0.03157168	0.03157168	0.01736079	0.01736079	0.177374	0.252586	0.440662	0.129377
4380	-70.51102	-87.09545	16.58443	0	1	1	0	0.005573611	0.00273913	0.002560195	0.002560195	0.04519423	0.04519423	0.0164652	0.004215999	0.140881	0.200619	0.233891	0.424609
4381	-69.5928	-86.8112	17.2184	0	1	1	0	0.005573611	0.00273913	0.002560195	0.002560195	0.04274413	0.04274413	0.0164652	0.003039742	0.0233861	0.0333026	0.872827	0.0704847
4382	-66.26775	-91.79826	25.53051	0	0	0	0	0.002397069	0.0005821828	0.001358776	0.01614599	0.03586223	0.005511095	0.0164652	0.006327906	0.0203933	0.157014	0.761128	0.0614646
4383	-75.25659	-94.27185	19.01526	0	0	1	1	0.002397069	0.001184332	0.0009152843	0.01768789	0.03586223	0.03586223	0.00479709	0.00479709	0.0191449	0.208619	0.714534	0.0577019
4384	-64.26368	-88.89801	24.63433	0	0	1	0	0.00727691	0.001184332	0.0003314664	0.006168329	0.03722094	0.03722094	0.00605302	0.002004572	0.0191449	0.208619	0.714534	0.0577019
4385	-66.56581	-91.01218	24.44637	0	0	1	0	0.00727691	0.005392612	0.0003314664	0.001143911	0.03722094	0.03722094	0.00605302	0.003895818	0.0427198	0.465511	0.282508	0.209261
4386	-66.19551	-91.35736	25.16185	0	0	1	0	0.00727691	0.0004961039	0.0001162372	0.003307187	0.02171283	0.02171283	0.01325117	0.01106165	0.0710767	0.442541	0.138217	0.348165
4387	-70.11426	-90.23266	20.1184	0	0	1	1	0.01114158	0.002378979	0.0001663694	0.0006991135	0.03452017	0.03452017	0.007627601	0.007627601	0.133898	0.13471	0.207843	0.523549
4388	-70.20594	-90.442	20.23606	0	0	1	1	0.01014783	0.001637514	0.0001663694	0.003703399	0.03452017	0.03452017	0.005685524	0.005685524	0.133898	0.13471	0.207843	0.523549
4389	-70.82688	-91.50836	20.68148	0	0	1	1	0.01198302	0.001637514	0.0001663694	0.00207167	0.03110892	0.03110892	0.006345488	0.006345488	0.13742	0.144584	0.156074	0.561922
4390	-64.50626	-88.58961	24.08335	0	0	1	0	0.009450071	0.001637514	0.0001663694	0.001893295	0.03110892	0.03110892	0.01549731	0.00363771	0.195469	0.138795	0.273785	0.391952
4391	-79.0573	-94.36059	15.30329	1	0	1	1	0.009450071	0.009450071	0.004682694	0.002400739	0.03110892	0.03110892	0.006897004	0.006897004	0.10961	0.468746	0.225659	0.195984
4392	-76.89849	-95.42049	18.52199	1	0	0	1	0.009450071	0.009450071	0.004682694	0.0063686	0.03110892	0.007052856	0.007002232	0.007002232	0.559993	0.0408701	0.28619	0.112947
4393	-75.88073	-91.85726	15.97654	0	1	1	1	0.009450071	0.0001063776	0.004682694	0.004682694	0.02944706	0.02944706	0.007002232	0.007002232	0.562735	0.0406154	0.284407	0.112243
4394	-65.32058	-91.87391	26.55333	0	0	1	0	0.007155288	0.0001063776	0.004682694	0.0006398814	0.02944706	0.02944706	0.006501592	0.0007298339	0.715911	0.0516709	0.0896228	0.142795
4395	-68.64066	-93.71191	25.07125	0	0	1	0	0.01203112	0.00031149	0.005251357	0.0004664593	0.02595873	0.02595873	0.006501592	0.007219575	0.275259	0.131818	0.228637	0.364286
4396	-71.55839	-88.51747	16.95908	0	1	1	0	0.003804411	0.0004029658	0.004992061	0.004992061	0.04693044	0.04693044	0.01269619	0.005779272	0.0881446	0.0422113	0.752991	0.116653
4397	-76.78527	-87.96632	11.18105	1	1	1	0	0.003804411	0.003804411	0.003475122	0.003475122	0.05604987	0.05604987	0.01077509	0.004014427	0.0881446	0.0422113	0.752991	0.116653
4398	-76.58342	-90.74776	14.16433	1	1	1	0	0.003804411	0.003804411	0.0004623584	0.0004623584	0.0261629	0.0261629	0.01486898	0.01575571	0.0881446	0.0422113	0.752991	0.116653
4399	-70.05653	-91.15673	21.1002	1	0	1	0	0.003804411	0.003804411	0.0004623584	0.00411547	0.0261629	0.0261629	0.01486898	0.001503758	0.13687	0.0563024	0.528158	0.27867
4400	-75.26814	-91.6179	16.34976	1	1	0	1	0.003492959	0.003492959	0.0006005737	0.0006005737	0.0261629	0.0004976019	0.01779951	0.01779951	0.17413	0.0716294	0.671937	0.0823036
4401	-68.8165	-86.35124	17.53474	0	0	1	1	0.004767429	0.00188224	0.0006005737	0.001986871	0.05198016	0.05198016	0.01009526	0.01009526	0.276754	0.0627286	0.588441	0.0720764
4402	-74.34043	-89.3604	15.01997	1	0	1	1	0.005144242	0.005144242	0.0006005737	0.002267151	0.03683723	0.03683723	0.01131088	0.01131088	0.544544	0.123425	0.190212	0.141818
4403	-69.61386	-86.66111	17.04725	0	0	1	1	0.006278178	0.003263203	0.001382598	0.003695531	0.04695565	0.04695565	0.01252585	0.01252585	0.38981	0.118576	0.451905	0.0397091
4404	-64.99965	-89.80183	24.80218	0	0	1	0	0.006278178	0.0007519508	0.001382598	0.003631779	0.02510465	0.02510465	0.01982279	0.0023075	0.369714	0.107977	0.428607	0.0937023
4405	-71.40278	-91.0689	19.66611	0	1	1	0	0.006278178	0.002327446	0.003165674	0.003165674	0.02510465	0.02510465	0.01982279	0.002422198	0.353047	0.153505	0.40397	0.0894781
4406	-68.35606	-94.28484	25.92878	0	0	1	0	0.006278178	0.002327446	0.003165674	0.002371309	0.0166382	0.0166382	0.01982279	0.002231581	0.500856	0.10632	0.321593	0.0712318
4407	-70.34032	-95.85732	25.517	0	0	0	1	0.0121025	0.001008537	0.003165674	0.002348862	0.01505404	0.001688176	0.01982279	0.01982279	0.362933	0.389968	0.233034	0.0140649
4408	-68.99844	-93.31919	24.32075	0	1	0	0	0.0121025	0.001008537	0.003165674	0.003165674	0.02147392	0.001686773	0.01991785	0.002677988	0.386073	0.375804	0.22457	0.013554
4409	-71.45914	-85.53337	14.07422	0	0	1	1	0.01047927	0.001438555	0.0006492014	0.007445269	0.05986242	0.05986242	0.01123221	0.01123221	0.428549	0.182637	0.366682	0.0221312
4410	-65.81692	-90.03443	24.21751	0	0	1	0	0.01016928	0.001438555	2.057409e-05	0.006274007	0.0266696	0.0266696	0.01330467	0.004747119	0.252136	0.107454	0.215737	0.424672
4411	-68.67289	-85.28795	16.61505	0	0	1	1	0.006642221	0.0005890831	2.057409e-05	0.007614344	0.04840232	0.04840232	0.01330467	0.01330467	0.259048	0.1104	0.194239	0.436313
4412	-69.36729	-89.2155	19.84821	0	0	1	1	0.006642221	0.0009647748	2.057409e-05	0.008794322	0.02669925	0.02669925	0.0149582	0.0149582	0.0369393	0.143494	0.252464	0.567103
4413	-67.56005	-85.23639	17.67635	0	0	1	1	0.006675049	0.0001167348	2.057409e-05	0.004266395	0.04301818	0.04301818	0.0164056	0.0164056	0.03522	0.0444103	0.379662	0.540708
4414	-69.9495	-88.21857	18.26907	1	0	1	0	0.006675049	0.006675049	0.0008419973	0.004696368	0.04301818	0.04301818	0.01125255	0.00062797	0.153007	0.0300829	0.257177	0.559733
4415	-65.18661	-88.33195	23.14535	0	1	0	0	0.006675049	0.00117129	0.0007208547	0.0007208547	0.03043179	0.006190299	0.01451211	0.00905524	0.0994793	0.0195587	0.517045	0.363917
4416	-74.30805	-90.58322	16.27517	0	1	1	1	0.002952491	0.00117129	0.001828863	0.001828863	0.02851547	0.02851547	0.01451211	0.01451211	0.228113	0.0167649	0.443188	0.311934
4417	-78.57827	-93.08287	14.5046	1	1	1	0	0.002952491	0.002952491	0.001828863	0.001828863	0.02555413	0.02555413	0.01042132	0.0183512	0.635198	0.00792327	0.209456	0.147423
4418	-72.03035	-92.63186	20.6015	0	1	1	0	0.002715307	0.0006198866	0.001539148	0.001539148	0.02555413	0.02555413	0.01042132	0.01292066	0.628234	0.0078364	0.207159	0.15677
4419	-71.15334	-91.68707	20.53373	0	0	1	1	0.005906191	0.0008468957	0.003304517	0.003986426	0.02106826	0.02106826	0.01904583	0.01904583	0.0982622	0.0190076	0.502476	0.380255
4420	-72.57179	-92.6438	20.072	0	0	1	1	0.008670466	0.003807233	0.003304517	0.003540897	0.02106826	0.02106826	0.01640785	0.01640785	0.201675	0.0168278	0.444851	0.336646
4421	-72.38732	-91.58577	19.19845	0	1	0	1	0.01268983	0.003807233	0.0001725402	0.0001725402	0.0276057	0.001112878	0.01640785	0.01640785	0.139731	0.0181335	0.479368	0.362767
4422	-70.60236	-90.91027	20.30791	0	0	1	1	0.01229789	0.003284595	0.0001725402	0.0005873882	0.0276057	0.0276057	0.01150171	0.01150171	0.139731	0.0181335	0.479368	0.362767
4423	-69.56995	-90.52714	20.95719	0	0	1	1	0.01229789	0.0005943669	0.0001725402	0.0007141168	0.0276057	0.0276057	0.0103513	0.0103513	0.359368	0.0135038	0.356979	0.270149
4424	-69.5835	-89.72177	20.13826	0	1	1	0	0.004498708	0.0004095788	0.001562833	0.001562833	0.0276057	0.0276057	0.0103513	0.01199208	0.118211	0.0133651	0.353314	0.51511
4425	-78.11011	-92.34975	14.23964	1	0	1	1	0.004498708	0.004498708	0.0007057933	0.01701323	0.02805455	0.02805455	0.0103513	0.0103513	0.335798	0.0218113	0.285392	0.356999
4426	-78.92633	-88.01461	9.088278	1	1	1	1	0.004498708	0.004498708	0.000723875	0.000723875	0.0452712	0.0452712	0.01005881	0.01005881	0.255011	0.143869	0.161382	0.439737
4427	-77.47394	-90.06205	12.58811	1	1	1	0	0.002956475	0.002956475	0.002651514	0.002651514	0.04631226	0.04631226	0.008745763	0.00940444	0.515008	0.166758	0.085436	0.232797
4428	-82.69854	-86.51469	3.816153	1	1	1	0	0.009996266	0.009996266	0.002306649	0.002306649	0.08019326	0.08019326	0.01580148	0.01194899	0.507853	0.164442	0.0981419	0.229563
4429	-65.96633	-91.03546	25.06913	0	0	1	0	0.01135637	0.001499686	0.002306649	0.0002889463	0.02748898	0.02748898	0.01280453	0.002007292	0.508912	0.164784	0.0983465	0.227957
4430	-68.69743	-89.1778	20.48037	0	0	1	0	0.01135637	0.0009160539	0.002306649	0.001953331	0.03486659	0.03486659	0.02058261	0.01201887	0.466125	0.235006	0.090078	0.208791
4431	-72.57917	-89.97266	17.39349	0	1	0	1	0.00622976	0.002582907	0.002306649	0.002306649	0.03486659	0.005551969	0.02058261	0.02058261	0.100728	0.389596	0.149333	0.360343
4432	-75.52585	-90.62305	15.0972	0	1	1	1	0.00622976	0.00239258	0.0008111084	0.0008111084	0.02570223	0.02570223	0.02058261	0.02058261	0.100728	0.389596	0.149333	0.360343
4433	-66.06146	-88.56534	22.50388	0	0	1	0	0.00622976	0.00239258	0.003051611	0.001917723	0.04380858	0.04380858	0.008151914	0.00687367	0.100728	0.389596	0.149333	0.360343
4434	-71.00428	-87.03284	16.02855	0	1	1	0	0.00622976	0.00239258	0.0001475537	0.0001475537	0.04380858	0.04380858	0.02063896	0.006710601	0.0535939	0.207291	0.486231	0.252884
4435	-75.11077	-87.92164	12.81086	1	0	1	1	0.003322853	0.003322853	0.0002330125	0.007707431	0.04380858	0.04380858	0.01372442	0.01372442	0.0452785	0.391248	0.157693	0.405781
4436	-66.94451	-87.8011	20.85658	0	0	1	0	0.003081546	0.001500133	0.000241318	0.006672516	0.04298305	0.04298305	0.01372442	0.01364554	0.0402406	0.45898	0.140148	0.360632
4437	-66.107	-91.88244	25.77544	0	0	0	1	0.003081546	0.0001880297	0.001524284	0.00140283	0.02746689	0.006324323	0.01372442	0.01372442	0.0402406	0.45898	0.140148	0.360632
4438	-63.39017	-89.71583	26.32565	0	0	0	1	0.005774069	0.0002268427	0.001524284	0.00109712	0.02746689	0.0007514257	0.01372442	0.01372442	0.319075	0.119864	0.217642	0.343418
4439	-76.02412	-93.03303	17.00891	1	1	0	1	0.005774069	0.005774069	0.001059683	0.001059683	0.02746689	0.0007508079	0.009731721	0.009731721	0.339299	0.127461	0.168056	0.365185
4440	-75.85109	-90.55164	14.70055	1	1	0	1	0.005774069	0.005774069	0.001059683	0.001059683	0.03771509	0.0007510158	0.01268732	0.01268732	0.339299	0.127461	0.168056	0.365185
4441	-72.44921	-91.95477	19.50556	1	1	0	0	0.00219196	0.00219196	0.001319926	0.001319926	0.04024617	0.0007510158	0.01268732	0.002842948	0.339299	0.127461	0.168056	0.365185
4442	-75.50071	-95.54303	20.04232	0	0	1	1	0.00137789	0.008497999	0.001319926	0.003452753	0.03460314	0.03460314	0.007717292	0.007717292	0.299343	0.112451	0.266026	0.32218
4443	-69.06964	-92.06079	22.99115	0	0	1	0	0.001437847	0.001149458	0.002193261	0.004354648	0.03460314	0.03460314	0.01346893	0.01243138	0.045153	0.102233	0.342806	0.509808
4444	-76.59516	-93.30012	16.70496	1	0	1	1	0.001437847	0.001437847	0.000539962	0.005251161	0.03066672	0.03066672	0.008626114	0.008626114	0.0460386	0.104238	0.329916	0.519807
4445	-79.87683	-86.15079	6.273963	1	1	1	1	0.004797601	0.004797601	0.0007308992	0.0007308992	0.05981153	0.05981153	0.01131064	0.01131064	0.0399278	0.223136	0.286125	0.450811
4446	-70.96594	-85.98508	15.01914	0	1	1	0	0.00917892	0.001535308	0.0007308992	0.0007308992	0.05981153	0.05981153	0.008231047	0.006214248	0.0755259	0.422076	0.310893	0.191505
4447	-70.57605	-86.4946	15.91855	0	1	1	0	0.00917892	0.0006010793	0.0007308992	0.0007308992	0.05981153	0.05981153	0.006260619	0.003974215	0.0379288	0.211965	0.279212	0.470895
4448	-70.05593	-92.05112	21.99519	0	0	1	1	0.008734088	0.000811428	0.0007308992	0.002784573	0.02647687	0.02647687	0.006260619	0.006260619	0.384665	0.0347814	0.080857	0.499697
4449	-71.85204	-90.33173	18.4797	0	1	1	0	0.007365012	0.006759702	0.0007308992	0.0007308992	0.03147402	0.03147402	0.01784449	0.001733208	0.43493	0.0285729	0.125997	0.4105
4450	-65.95289	-86.43741	20.48451	0	0	1	0	0.009067111	0.003285438	0.0007308992	0.005219269	0.04807053	0.04807053	0.01656676	0.001036769	0.43493	0.0285729	0.125997	0.4105
4451	-69.61922	-86.23828	16.61906	0	0	1	1	0.009067111	0.003285438	0.001918029	0.001688516	0.04807053	0.04807053	0.01252068	0.01252068	0.114788	0.120191	0.198335	0.566685
4452	-68.12074	-86.80494	18.68419	0	0	1	0	0.009067111	0.003285438	0.003478216	0.002507302	0.04807053	0.04807053	0.01156343	0.0163027	0.0831984	0.043861	0.826355	0.0465851
4453	-67.86141	-87.27682	19.41541	0	1	0	0	0.005392515	0.001335876	0.003478216	0.003478216	0.04807053	0.004402389	0.01110991	0.0163027	0.0831984	0.043861	0.826355	0.0465851
4454	-70.92704	-91.47131	20.54427	0	1	1	0	0.00504107	0.002791618	0.003478216	0.003478216	0.02888307	0.02888307	0.01300202	0.0009018418	0.742821	0.0374848	0.179881	0.0398129
4455	-72.01042	-85.92997	13.91954	0	1	1	0	0.01175957	0.002791618	0.001422889	0.001422889	0.06292871	0.06292871	0.01300202	8.692553e-05	0.593625	0.029956	0.0468098	0.329609
4456	-71.25249	-86.67454	15.42205	1	0	1	0	0.006352871	0.006352871	0.001422889	0.004549433	0.05535495	0.05535495	0.01185007	0.003867076	0.29454	0.0151128	0.524059	0.166288
4457	-68.80292	-85.01182	16.2089	0	0	1	1	0.006352871	0.001660071	0.0002991252	0.003379331	0.05535495	0.05535495	0.01185007	0.01185007	0.107637	0.152542	0.561616	0.178205
4458	-71.72673	-86.95813	15.2314	1	0	1	0	0.006352871	0.006352871	0.001349749	0.005659631	0.05016759	0.05016759	0.01185007	0.009107864	0.0645532	0.121754	0.448262	0.365431
4459	-79.64642	-91.52659	11.88017	1	1	1	1	0.003473782	0.003473782	0.001349749	0.001349749	0.02790916	0.02790916	0.01185007	0.01185007	0.391559	0.100771	0.205216	0.302454
4460	-76.08917	-93.04783	16.95866	1	1	1	0	0.005094926	0.005094926	0.001349749	0.001349749	0.02790916	0.02790916	0.007999416	0.002717369	0.460719	0.122482	0.0491789	0.367619
4461	-71.3617	-90.76047	19.39877	0	0	1	1	0.005094926	0.001279506	0.006732438	0.0006856957	0.03647342	0.03647342	0.01038418	0.01038418	0.470257	0.138012	0.0554143	0.336317
4462	-71.29775	-88.71259	17.41484	0	1	1	0	0.005142683	0.002816562	0.0004903618	0.0004903618	0.04121064	0.04121064	0.01217382	0.01016431	0.625393	0.183542	0.0736954	0.117369
4463	-70.7297	-89.14641	18.41671	0	0	1	1	0.005142683	0.0002886553	0.005899079	0.002478125	0.04121064	0.04121064	0.01124841	0.01124841	0.412168	0.120964	0.389516	0.0773526
4464	-73.05554	-93.60606	20.55053	0	1	1	0	0.005487613	0.0002935364	0.007337471	0.007337471	0.02436342	0.02436342	0.01158242	0.004997573	0.177115	0.169333	0.545269	0.108283
4465	-65.26202	-87.78843	22.52642	0	1	0	0	0.005487613	3.672661e-05	0.0004518012	0.0004518012	0.03421329	0.01700147	0.01158242	0.003523626	0.177115	0.169333	0.545269	0.108283
4466	-64.27906	-89.27642	24.99737	0	1	0	0	0.005487613	0.0002770309	0.0004518012	0.0004518012	0.03421329	0.005065529	0.007417568	0.005250122	0.177478	0.167631	0.546386	0.108505
4467	-69.38246	-90.28119	20.89873	0	1	1	0	0.004975321	0.0003920151	0.0004518012	0.0004518012	0.02362193	0.02362193	0.01698174	0.005647454	0.143157	0.328594	0.440726	0.0875224
4468	-67.50798	-88.40618	20.89819	0	0	1	1	0.007919216	1.584759e-05	0.0006340802	0.001016487	0.03104058	0.03104058	0.01144716	0.01144716	0.145475	0.333913	0.166666	0.353946
4469	-62.85821	-88.17377	25.31556	0	0	1	0	0.007143213	4.137449e-05	0.00135298	0.001920901	0.03104058	0.03104058	0.01475467	8.911816e-05	0.372382	0.232527	0.257038	0.138053
4470	-68.14463	-88.45329	20.30866	0	0	1	1	0.008812597	0.0001586644	0.00135298	0.0007274382	0.02963919	0.02963919	0.01475467	0.01475467	0.377473	0.230641	0.254953	0.136933
4471	-60.93506	-90.93608	30.00102	0	0	0	0	0.008812597	0.0001586644	0.004607964	0.0005096668	0.02963919	0.001644495	0.008595684	0.005110609	0.377473	0.230641	0.254953	0.136933
4472	-74.91506	-89.65068	14.73562	0	1	1	1	0.004806256	0.0007485902	0.004607964	0.004607964	0.03794352	0.03794352	0.009680236	0.009680236	0.348326	0.0449497	0.313377	0.293348
4473	-67.02173	-86.02247	19.00074	0	1	0	0	0.01192246	0.0007485902	0.0008441187	0.0008441187	0.06507862	0.003458595	0.009680236	0.000731475	0.214409	0.0447252	0.311812	0.429054
4474	-70.73002	-84.42429	13.69426	0	0	1	1	0.01192246	0.001082445	0.0008441187	0.0006517483	0.06507862	0.06507862	0.01370094	0.01370094	0.294671	0.0152232	0.106132	0.583974
4475	-73.81426	-86.62198	12.80772	0	1	1	1	0.01116879	0.0006968949	0.0003974942	0.0003974942	0.04285016	0.04285016	0.01370094	0.01370094	0.294671	0.0152232	0.106132	0.583974
4476	-65.58316	-88.31082	22.72767	0	0	0	0	0.01116879	0.003016023	0.0003974942	0.001491594	0.04285016	0.01216389	0.02317201	0.00642296	0.0215137	0.0129589	0.408795	0.556733
4477	-70.96035	-87.2784	16.31805	0	1	1	0	0.00483638	0.003016023	0.000664775	0.000664775	0.04285016	0.04285016	0.02317201	0.003732766	0.019897	0.0125001	0.430581	0.537022
4478	-71.37254	-90.60862	19.23609	0	1	0	0	0.00483638	0.003214192	0.001431637	0.001431637	0.02860996	0.03460898	0.009324027	0.009092681	0.281585	0.176903	0.335296	0.206216
4479	-72.95012	-92.54689	19.59677	0	1	1	0	0.01318644	0.003214192	0.002278409	0.002278409	0.02583988	0.02583988	0.009404183	0.005594499	0.281585	0.176903	0.335296	0.206216
4480	-66.7267	-87.95922	21.23252	0	0	1	0	0.01318644	0.003017597	0.000147083	0.00314758	0.04683443	0.04683443	0.009091741	0.004273273	0.281585	0.176903	0.335296	0.206216
4481	-65.49972	-89.32199	23.82227	0	0	0	0	0.01318644	0.003017597	0.000147083	0.002911199	0.04683443	0.0006199539	0.02109434	0.006610691	0.339759	0.0833669	0.328056	0.248819
4482	-73.69782	-87.28526	13.58744	0	1	1	0	0.01389061	0.003519617	0.0006321905	0.0006321905	0.04683443	0.04683443	0.02109434	0.007920195	0.168495	0.0997935	0.433866	0.297846
4483	-66.60539	-85.93683	19.33145	0	1	0	0	0.006985232	0.0008454845	0.0006321905	0.0006321905	0.05142471	0.009322091	0.02109434	0.0002683415	0.168495	0.0997935	0.433866	0.297846
4484	-79.2895	-86.42069	7.131183	1	1	1	1	0.004623726	0.004623726	0.0006321905	0.0006321905	0.05142471	0.05142471	0.01506668	0.01506668	0.0437011	0.20664	0.224915	0.524744
4485	-74.47942	-86.49754	12.01812	1	0	1	1	0.003839223	0.003839223	0.0005907499	0.002456079	0.05142471	0.05142471	0.01502007	0.01502007	0.0437011	0.20664	0.224915	0.524744
4486	-73.45711	-89.37986	15.92275	0	1	1	1	0.008137661	0.001380557	0.0005907499	0.0005907499	0.02586704	0.02586704	0.01502007	0.01502007	0.0744606	0.286448	0.383225	0.255866
4487	-63.99137	-88.15968	24.1683	0	0	1	0	0.008137661	0.002127544	0.0003068167	0.0009777374	0.03161427	0.03161427	0.01220246	0.007538748	0.0471408	0.108362	0.682509	0.161988
4488	-67.18447	-90.84111	23.65664	0	1	0	0	0.008137661	0.007103038	0.0005401569	0.0005401569	0.03161427	0.001634335	0.01162817	0.005174356	0.0486847	0.0791596	0.704862	0.167293
4489	-75.79048	-89.0745	13.28403	0	1	1	1	0.008137661	0.003596095	0.004582447	0.004582447	0.03814541	0.03814541	0.01162817	0.01162817	0.0486847	0.0791596	0.704862	0.167293
4490	-66.92364	-91.84413	24.92049	0	0	0	1	0.01334271	0.0002915948	0.001751935	0.00441222	0.02142191	0.005754157	0.01162817	0.01162817	0.0292398	0.0475429	0.853227	0.0699904
4491	-59.19991	-89.15715	29.95723	0	0	0	0	0.008376516	0.0002915948	0.001751935	0.004102167	0.02893673	0.004154709	0.01162817	8.749737e-05	0.0190363	0.115644	0.451069	0.41425
4492	-69.08768	-90.76938	21.6817	0	0	1	1	0.008376516	0.00225897	0.0005066274	0.002787983	0.02476271	0.02476271	0.008898861	0.008898861	0.0194375	0.118081	0.460575	0.401906
4493	-70.18364	-90.39658	20.21294	0	0	1	1	0.0115752	0.0009300457	2.692664e-05	0.002761695	0.02476271	0.02476271	0.01593649	0.01593649	0.0725749	0.440886	0.401776	0.0847631
4494	-80.44744	-94.02142	13.57398	1	1	1	0	0.007833044	0.007833044	1.873575e-05	1.873575e-05	0.02626277	0.02626277	0.01192518	0.01839149	0.113351	0.688599	0.0656631	0.132387
4495	-73.14952	-91.18047	18.03094	0	0	1	1	0.007833044	0.002640784	1.873575e-05	0.007034689	0.02626277	0.02626277	0.02468419	0.02468419	0.286228	0.25254	0.126936	0.334297
4496	-69.08408	-89.7236	20.63953	0	1	1	0	0.009529671	0.0003717019	0.0002963483	0.0002963483	0.02626277	0.02626277	0.01389006	0.003202381	0.320341	0.0408228	0.264698	0.374139
4497	-60.33186	-87.55499	27.22313	0	0	0	0	0.009529671	0.0004618185	0.0002999821	0.00330668	0.04687174	0.002263222	0.01086268	0.001372786	0.320341	0.0408228	0.264698	0.374139
4498	-65.24755	-87.30353	22.05599	0	0	0	1	0.004465687	0.0004618185	0.0004500687	0.004208128	0.04687174	0.007667721	0.01086268	0.01086268	0.18252	0.0232595	0.581048	0.213172
4499	-68.8528	-86.03472	17.18192	0	0	1	1	0.004465687	0.001315999	0.0007490938	0.004273176	0.05166405	0.05166405	0.01086268	0.01086268	0.209208	0.0562402	0.219114	0.515439
4500	-71.34442	-91.46061	20.11619	0	1	1	0	0.004465687	0.001315999	0.0007490938	0.0007490938	0.0224502	0.0224502	0.01086268	0.01670283	0.450986	0.003869	0.430169	0.114975
4501	-69.19674	-93.30651	24.10978	0	1	0	0	0.004465687	0.009402926	0.002201828	0.002201828	0.03136996	0.004043131	0.009710984	0.002045505	0.165187	0.00588309	0.654102	0.174828
4502	-70.4928	-91.10701	20.61422	1	0	1	0	0.007752169	0.007752169	0.001735214	0.0005539917	0.03136996	0.03136996	0.009710984	0.002575407	0.265271	0.152588	0.301387	0.280753
4503	-72.43292	-90.57027	18.13734	0	1	0	1	0.004143327	0.001232392	0.001735214	0.001735214	0.03136996	0.02120194	0.008182783	0.008182783	0.0635386	0.232221	0.276969	0.427272
4504	-70.46102	-87.50774	17.04672	1	0	1	0	0.004932706	0.004932706	0.001735214	0.0008539299	0.04693306	0.04693306	0.01226107	0.00738804	0.0917894	0.335472	0.400116	0.172622
4505	-75.86468	-86.67007	10.80539	0	1	1	0	0.01150811	0.008585378	0.001735214	0.001735214	0.06390618	0.06390618	0.01226107	0.01180891	0.384446	0.0801105	0.432148	0.103296
4506	-71.50839	-91.24661	19.73822	1	1	0	0	0.004831231	0.004831231	0.001735214	0.001735214	0.02935043	0.00254473	0.01226107	0.00798581	0.384446	0.0801105	0.432148	0.103296
4507	-71.09692	-91.5085	20.41158	1	0	1	0	0.004831231	0.004831231	0.00360367	0.002754473	0.02935043	0.02935043	0.01226107	0.00205594	0.36332	0.130661	0.4084	0.0976192
4508	-75.59235	-91.10349	15.51114	1	0	1	1	0.00823624	0.00823624	0.0008062584	0.003648905	0.02965033	0.02965033	0.01100881	0.01100881	0.36332	0.130661	0.4084	0.0976192
4509	-75.65048	-91.30638	15.6559	1	0	1	1	0.00823624	0.00823624	0.0008062584	0.003157181	0.02895029	0.02895029	0.01137251	0.01137251	0.116879	0.429342	0.366238	0.0875413
4510	-73.47289	-85.90637	12.43347	0	1	1	1	0.00823624	0.002308443	0.0006329802	0.0006329802	0.04428668	0.04428668	0.01549065	0.01549065	0.256111	0.0673456	0.621599	0.0549448
4511	-75.11401	-89.36532	14.25131	1	0	1	1	0.002423934	0.002423934	0.0006329802	0.001428537	0.04058076	0.04058076	0.01549065	0.01549065	0.352482	0.131247	0.409191	0.10708
4512	-73.5425	-90.70643	17.16393	0	1	1	1	0.005575529	0.000649448	0.0006329802	0.0006329802	0.02154785	0.02154785	0.01549065	0.01549065	0.352482	0.131247	0.409191	0.10708
4513	-62.81865	-88.82314	26.0045	0	0	1	0	0.007680465	0.000649448	0.0006329802	0.001680118	0.0285338	0.0285338	0.01150825	0.001717039	0.346445	0.157833	0.390477	0.105245
4514	-73.72549	-88.23303	14.50754	0	1	1	0	0.005662969	0.006144163	0.0041171	0.0041171	0.06005876	0.06005876	0.01150825	0.001137089	0.33971	0.206955	0.276122	0.177213
4515	-66.40886	-91.28897	24.88011	0	1	0	0	0.005662969	0.000926392	0.0041171	0.0041171	0.02710703	0.006397174	0.01332232	0.001300682	0.351157	0.19006	0.296037	0.162746
4516	-74.31868	-87.09072	12.77203	0	1	1	0	0.004006613	0.0003776684	0.0041171	0.0041171	0.06450792	0.06450792	0.02040052	0.005145725	0.233576	0.224502	0.349684	0.192238
4517	-78.32679	-88.91645	10.58966	1	0	1	1	0.002271763	0.002271763	0.0041171	0.0006263315	0.0641587	0.0641587	0.01032784	0.01032784	0.203885	0.195964	0.305233	0.294919
4518	-78.18115	-87.98148	9.800322	1	1	1	0	0.005772937	0.005772937	0.0041171	0.0041171	0.06381117	0.06381117	0.01032784	0.001987755	0.276469	0.265728	0.413898	0.043904
4519	-73.83435	-84.33458	10.50023	0	1	0	1	0.01041683	0.0005262644	0.002146984	0.002146984	0.08245504	0.0008669363	0.01513838	0.01513838	0.343767	0.0843251	0.514648	0.0572606
4520	-65.19264	-85.71506	20.52242	0	0	0	1	0.01041683	0.0005262644	0.002146984	0.002199056	0.05089826	0.00243416	0.01513838	0.01513838	0.353391	0.086686	0.529056	0.0308671
4521	-77.18469	-88.03009	10.8454	1	1	1	0	0.01041683	0.01041683	0.002146984	0.002146984	0.05089826	0.05089826	0.01165954	0.004917284	0.135599	0.0716982	0.780859	0.0118439
4522	-68.62737	-86.58267	17.9553	0	0	0	1	0.009993876	0.002756071	0.002146984	0.004296555	0.05089826	0.01669276	0.01165954	0.01165954	0.133066	0.0890378	0.766273	0.0116227
4523	-69.6112	-85.44177	15.83056	0	1	1	0	0.006406865	0.002756071	0.0009563568	0.0009563568	0.05089826	0.05089826	0.0183748	0.001668185	0.133066	0.0890378	0.766273	0.0116227
4524	-64.02951	-84.66699	20.63748	0	0	1	0	0.006595229	0.0005738798	0.0009563568	0.0006277654	0.05430557	0.05430557	0.0183748	0.001668185	0.173868	0.116339	0.694606	0.0151866
4525	-64.60569	-84.98384	20.37816	0	0	0	1	0.008838182	0.0005710859	0.0009563568	0.0009521849	0.05430557	0.0005869737	0.0183748	0.0183748	0.186847	0.238157	0.558676	0.0163202
4526	-69.18637	-85.20756	16.02119	0	1	1	0	0.008838182	0.000276304	0.0004986454	0.0004986454	0.0495284	0.0495284	0.01451243	0.00631617	0.168556	0.312737	0.503985	0.0147226
4527	-68.24593	-85.46136	17.21543	0	1	0	1	0.006616522	0.000276304	0.0004986454	0.0004986454	0.0495284	0.001706733	0.01451243	0.01451243	0.0602867	0.353461	0.569612	0.0166397
4528	-72.9119	-85.43742	12.52552	0	1	1	1	0.006616522	0.000276304	0.0004986454	0.0004986454	0.04852459	0.04852459	0.01451243	0.01451243	0.0706882	0.414445	0.495356	0.0195106
4529	-68.54017	-88.46059	19.92042	0	0	1	1	0.006025647	0.0008940101	0.0004986454	0.005999497	0.02973606	0.02973606	0.01451243	0.01451243	0.141335	0.381251	0.455682	0.0217333
4530	-69.67411	-90.47347	20.79936	0	1	1	0	0.006025647	0.002814123	0.00179052	0.00179052	0.02973606	0.02973606	0.01200231	0.0002700303	0.289072	0.526724	0.154178	0.030026
4531	-74.82664	-90.11631	15.28967	0	1	1	1	0.00742242	0.002783217	0.00179052	0.00179052	0.02973606	0.02973606	0.01288513	0.01288513	0.289072	0.526724	0.154178	0.030026
4532	-66.11038	-91.58852	25.47814	0	1	0	0	0.0032621	0.001339038	0.00179052	0.00179052	0.02973606	0.0003208683	0.01288513	0.00607919	0.0388294	0.708635	0.207426	0.04511
4533	-71.45286	-91.24118	19.78833	1	0	1	0	0.0032621	0.0032621	0.00179052	0.00570269	0.02973606	0.02973606	0.01339621	0.004534294	0.0864982	0.350942	0.462071	0.100489
4534	-63.50949	-87.33669	23.8272	0	0	0	0	0.004552462	0.002931499	0.00179052	0.00341255	0.05957702	0.002220633	0.01766042	0.00224841	0.0864982	0.350942	0.462071	0.100489
4535	-70.21073	-85.23225	15.02152	0	1	0	0	0.009111817	0.001513572	0.00179052	0.00179052	0.05957702	0.002222276	0.01766042	0.02334985	0.0351817	0.116259	0.528655	0.319904
4536	-72.57638	-84.85404	12.27766	0	1	1	0	0.009111817	0.001513572	0.00179052	0.00179052	0.05645536	0.05645536	0.01288694	0.01962518	0.0627432	0.207336	0.298757	0.431164
4537	-68.86431	-85.0705	16.20619	0	0	1	1	0.004930397	0.0003638655	0.001277748	0.002997632	0.05645536	0.05645536	0.01288694	0.01288694	0.0627432	0.207336	0.298757	0.431164
4538	-67.99255	-90.87975	22.88721	0	0	0	1	0.004930397	0.001590759	0.007428214	0.001285745	0.04122618	0.0008849778	0.01288694	0.01288694	0.477879	0.407428	0.105559	0.00913355
4539	-78.07746	-95.25573	17.17827	1	0	0	1	0.004930397	0.004930397	0.007428214	0.001220966	0.02595818	0.01289464	0.0209192	0.0209192	0.505376	0.430872	0.054093	0.00965909
4540	-72.58315	-93.72114	21.13799	0	1	1	0	0.006622697	0.0003985872	0.006359024	0.006359024	0.02595818	0.02595818	0.009983975	0.001379239	0.319289	0.640433	0.0341752	0.00610248
4541	-75.15955	-95.62739	20.46784	0	1	1	0	0.006622697	0.003123176	0.006359024	0.006359024	0.02596422	0.02596422	0.003412539	0.009053368	0.546725	0.328785	0.105629	0.0188616
4542	-69.24137	-90.49133	21.24996	0	0	1	0	0.004115342	0.0007496566	0.006359024	0.000140312	0.05948667	0.05948667	0.003412539	0.005334808	0.350998	0.233444	0.0678137	0.347745
4543	-73.83617	-96.07548	22.23931	1	0	0	0	0.001328144	0.001328144	0.006359024	0.006642174	0.05420534	0.001702192	0.003412539	0.0002898306	0.187997	0.326429	0.389948	0.0956261
4544	-79.57194	-92.08097	12.50903	1	1	1	0	0.002589382	0.002589382	0.006359024	0.006359024	0.0481	0.0481	0.01102315	0.002451232	0.439127	0.383816	0.0646197	0.112437
4545	-70.55993	-96.56302	26.00309	0	0	0	1	0.003912893	0.00151152	0.001754081	0.006460888	0.02202282	0.01132208	0.005425882	0.005425882	0.648495	0.0900298	0.0954293	0.166045
4546	-73.602	-91.35656	17.75455	0	1	1	0	0.01256807	0.00151152	0.001754081	0.001754081	0.02854471	0.02854471	0.01840692	0.007269899	0.611667	0.084917	0.0145554	0.288861
4547	-82.04261	-88.4759	6.433297	1	1	1	1	0.008112222	0.008112222	0.001754081	0.001754081	0.05477555	0.05477555	0.01109742	0.01109742	0.769814	0.0825377	0.0141476	0.133501
4548	-69.82019	-89.40791	19.58773	0	1	1	0	0.004826578	0.0006199038	0.001754081	0.001754081	0.03509061	0.03509061	0.01592859	0.001349541	0.419417	0.33435	0.00770803	0.238525
4549	-69.30318	-89.65358	20.3504	0	0	1	1	0.004115414	0.0006606136	0.001754081	0.0008626984	0.03509061	0.03509061	0.01272335	0.01272335	0.55972	0.253551	0.00584532	0.180883
4550	-74.11662	-90.17233	16.05572	0	1	0	1	0.004115414	0.0007390157	0.004875489	0.004875489	0.05730414	1.525929e-05	0.01272335	0.01272335	0.438611	0.415064	0.00458055	0.141745
4551	-69.38813	-95.14537	25.75724	0	0	1	0	0.006679554	0.004514405	0.002869742	0.006484103	0.02328165	0.02328165	0.005016876	0.004970065	0.0968447	0.265175	0.547423	0.0905576
4552	-69.26998	-90.50664	21.23665	0	0	1	0	0.002914481	0.0009054609	0.002869742	0.005188691	0.05694396	0.05694396	0.005016876	0.005835276	0.209965	0.133857	0.459845	0.196334
4553	-64.3592	-86.35428	21.99508	0	0	0	0	0.008651818	0.001728872	0.002679062	0.001899467	0.05694396	0.000887693	0.01026027	0.02182223	0.228106	0.145422	0.499576	0.126896
4554	-65.47102	-85.99176	20.52074	0	0	0	1	0.008651818	0.001521767	0.002679062	0.001356964	0.05694396	0.0008874982	0.0117285	0.0117285	0.0246941	0.363197	0.488122	0.123987
4555	-74.06869	-89.3108	15.24211	0	1	1	1	0.008651818	0.0003272005	0.0007077557	0.0007077557	0.0244178	0.0244178	0.02078483	0.02078483	0.0184467	0.271311	0.617623	0.0926192
4556	-65.16576	-89.17789	24.01213	0	0	1	0	0.008778529	0.0003272005	0.002154802	0.00536908	0.03683621	0.03683621	0.007536491	0.002796258	0.331284	0.339954	0.294707	0.0340544
4557	-68.43091	-87.34499	18.91408	0	0	1	1	0.008364462	0.001187185	0.0006258074	0.002504266	0.03683621	0.03683621	0.01390469	0.01390469	0.331284	0.339954	0.294707	0.0340544
4558	-65.28888	-90.37427	25.08538	0	1	0	0	0.005826152	0.001187185	0.0006258074	0.0006258074	0.03065104	0.006872819	0.009500795	0.002995676	0.38751	0.397652	0.175004	0.0398342
4559	-78.02167	-90.74313	12.72146	1	0	1	1	0.005826152	0.005826152	0.002359475	0.003489951	0.05187153	0.05187153	0.005760594	0.005760594	0.666439	0.21656	0.0953066	0.0216936
4560	-71.63004	-91.0015	19.37146	0	1	1	0	0.00999801	3.625792e-05	0.001174003	0.001174003	0.02782252	0.02782252	0.008913292	0.01286228	0.666439	0.21656	0.0953066	0.0216936
4561	-69.23893	-90.48503	21.2461	0	0	1	1	0.009799555	0.0004313578	0.0003978233	0.0008952366	0.02782252	0.02782252	0.01073684	0.01073684	0.637159	0.207046	0.135055	0.0207405
4562	-72.54876	-92.4789	19.93014	0	1	0	1	0.009799555	0.002317026	0.0003978233	0.0003978233	0.02782252	0.006536925	0.01073684	0.01073684	0.231126	0.426615	0.0489904	0.293269
4563	-72.48275	-90.72757	18.24483	0	0	1	1	0.009799555	0.002317026	0.0003978233	0.003215737	0.04777245	0.04777245	0.003748209	0.003748209	0.299849	0.170395	0.149287	0.380469
4564	-69.02974	-88.87684	19.8471	0	1	1	0	0.009799555	0.0006733485	0.0003978233	0.0003978233	0.03232174	0.03232174	0.01273406	0.002159156	0.260712	0.278676	0.129802	0.33081
4565	-70.07858	-87.90529	17.82671	0	0	1	1	0.008951412	0.0006733485	0.0003978233	0.007275078	0.03232174	0.03232174	0.02002305	0.02002305	0.0192515	0.175313	0.226975	0.578461
4566	-73.98321	-84.24164	10.25843	0	1	1	1	0.007141859	0.0006428666	0.001535062	0.001535062	0.05850597	0.05850597	0.01557063	0.01557063	0.0192515	0.175313	0.226975	0.578461
4567	-73.4246	-84.80893	11.38433	0	0	1	1	0.009801177	0.0006428666	0.0006872301	0.003287901	0.06934715	0.06934715	0.02272698	0.02272698	0.0464463	0.566273	0.332119	0.0551618
4568	-79.4167	-87.82379	8.407085	1	0	1	1	0.009801177	0.009801177	0.0007901571	0.004168362	0.05649953	0.05649953	0.02272698	0.02272698	0.274297	0.353177	0.0467574	0.325768
4569	-78.26524	-95.60721	17.34198	1	0	1	1	0.005141116	0.005141116	0.001216103	0.007291561	0.0219825	0.0219825	0.007246732	0.007246732	0.589893	0.253125	0.109044	0.0479381
4570	-66.67922	-99.29859	32.61938	0	0	0	0	0.003019738	0.002562864	0.0001552471	0.007291561	0.01929174	0.004324061	0.005811686	0.001644775	0.700023	0.113688	0.129402	0.0568878
4571	-70.38938	-87.46496	17.07558	0	0	1	1	0.004853629	0.001882269	0.003296751	0.0002125939	0.04982656	0.04982656	0.01386719	0.01386719	0.578936	0.142499	0.107018	0.171547
4572	-76.70235	-88.29563	11.59329	1	1	1	0	0.007215648	0.007215648	0.003296751	0.003296751	0.04982656	0.04982656	0.01386719	0.00155477	0.40082	0.120834	0.211986	0.26636
4573	-73.73081	-86.50858	12.77777	0	1	1	0	0.007898237	0.002531808	0.0002327139	0.0002327139	0.04982656	0.04982656	0.02155524	0.01647816	0.41492	0.117991	0.206997	0.260092
4574	-69.68453	-87.29013	17.6056	0	1	1	0	0.006221064	0.002531808	0.0001448265	0.0001448265	0.04982656	0.04982656	0.01207289	0.0001100595	0.325961	0.135931	0.238471	0.299638
4575	-68.53044	-85.83749	17.30705	0	1	1	0	0.006221064	0.000914629	0.0007040782	0.0007040782	0.04982656	0.04982656	0.01485113	9.74988e-05	0.419901	0.184019	0.307197	0.0888826
4576	-64.41848	-86.47706	22.05858	0	0	0	0	0.0057022	1.62767e-05	0.0007040782	0.007960286	0.04982656	0.0211247	0.01529109	0.003884993	0.419901	0.184019	0.307197	0.0888826
4577	-72.47631	-86.7191	14.24278	0	1	1	1	0.005401648	9.922943e-06	0.0008335053	0.0008335053	0.03906946	0.03906946	0.01529109	0.01529109	0.335258	0.146925	0.245273	0.272545
4578	-76.53935	-87.64392	11.10458	0	1	1	1	0.004723997	0.005030146	0.0008335053	0.0008335053	0.04599252	0.04599252	0.02197619	0.02197619	0.298811	0.130952	0.218609	0.351628
4579	-69.54587	-87.94818	18.4023	1	0	1	0	0.006615839	0.006615839	0.0006491674	0.0008906756	0.04599252	0.04599252	0.01205728	0.0001445254	0.298811	0.130952	0.218609	0.351628
4580	-79.24642	-87.50215	8.255733	1	1	1	1	0.006615839	0.006615839	0.0006491674	0.0006491674	0.04599252	0.04599252	0.01205728	0.01205728	0.153867	0.251251	0.196368	0.398514
4581	-73.4301	-89.17511	15.74501	0	1	1	0	0.0129072	0.008623615	0.0006491674	0.0006491674	0.04599252	0.04599252	0.01205728	0.001320128	0.141877	0.309596	0.181066	0.36746
4582	-65.74279	-86.80452	21.06172	0	1	0	0	0.008189786	0.0004590762	0.002384655	0.002384655	0.05267402	0.003297966	0.01205728	0.001612322	0.141877	0.309596	0.181066	0.36746
4583	-72.25508	-87.74492	15.48985	0	1	1	1	0.008189786	0.0004590762	0.001637681	0.001637681	0.03112849	0.03112849	0.01205728	0.01205728	0.147464	0.0258492	0.557088	0.269599
4584	-72.74273	-91.85636	19.11362	1	0	0	1	0.004035144	0.004035144	0.0037567	0.001646627	0.03559254	0.01033037	0.00691984	0.00691984	0.180742	0.0316825	0.682804	0.104772
4585	-73.65254	-89.8014	16.14885	0	1	0	1	0.003333177	0.0004802443	0.0037567	0.0037567	0.04177863	0.01032967	0.01956147	0.01956147	0.136959	0.0240078	0.240981	0.598052
4586	-74.99723	-88.15396	13.15673	0	1	1	1	0.002677728	0.0003300411	0.0006195973	0.0006195973	0.04177863	0.04177863	0.02141194	0.02141194	0.156736	0.0234576	0.235459	0.584347
4587	-75.40744	-89.40996	14.00252	1	1	1	0	0.002677728	0.002677728	0.0002256646	0.0002256646	0.04177863	0.04177863	0.0117608	0.005537117	0.00209796	0.0145891	0.512401	0.470911
4588	-76.14725	-90.08345	13.93621	1	1	0	1	0.002686452	0.002686452	0.001770937	0.001770937	0.04177863	0.004435272	0.01168796	0.01168796	0.00209796	0.0145891	0.512401	0.470911
4589	-72.36958	-91.17206	18.80248	0	1	0	1	0.002112701	0.002273348	0.001770937	0.001770937	0.04177863	0.004437392	0.01168796	0.01168796	0.00266259	0.0185156	0.381171	0.597651
4590	-82.30854	-100.2956	17.9871	1	1	0	0	0.002112701	0.002112701	0.00254957	0.00254957	0.01533596	0.008852191	0.03310402	0.006770558	0.00247046	0.0171795	0.353665	0.626685
4591	-83.77513	-99.08125	15.30612	0	1	1	1	0.002112701	0.001420993	0.00254957	0.00254957	0.01533596	0.01533596	0.03310402	0.03310402	0.00540715	0.203825	0.774075	0.0166928
4592	-79.79688	-96.89601	17.09913	1	1	1	0	0.007327974	0.007327974	0.0004093201	0.0004093201	0.01309708	0.01309708	0.02114386	0.002288881	0.0740548	0.189757	0.720648	0.0155406
4593	-77.28841	-92.84798	15.55957	1	0	1	1	0.007609911	0.007609911	0.0007101433	0.008444032	0.02850228	0.02850228	0.007807133	0.007807133	0.190011	0.486881	0.283234	0.0398743
4594	-66.63983	-87.09345	20.45362	0	0	1	0	0.009560322	0.00357094	0.001209575	0.008084764	0.04228253	0.04228253	0.01740951	0.002035882	0.087893	0.225216	0.632731	0.0541604
4595	-63.57815	-86.24086	22.6627	0	0	1	0	0.006209874	0.001530753	0.001645703	0.0002395161	0.04228253	0.04228253	0.01740951	0.002199491	0.102086	0.261583	0.629156	0.00717568
4596	-79.6061	-87.96754	8.361442	1	1	1	1	0.006209874	0.006209874	0.001645703	0.001645703	0.03944506	0.03944506	0.01740951	0.01740951	0.0199627	0.0837363	0.123031	0.77327
4597	-68.31749	-86.91448	18.59699	0	0	1	0	0.006209874	0.01030445	0.001645703	0.000309478	0.05634213	0.05634213	0.01740951	0.002552405	0.065266	0.00112278	0.377991	0.55562
4598	-75.95551	-88.66891	12.7134	1	1	1	0	0.002558102	0.002558102	0.001645703	0.001645703	0.04376249	0.04376249	0.01740951	0.003977995	0.0199438	0.00117722	0.396319	0.58256
4599	-76.02485	-86.76874	10.74389	1	0	1	1	0.002766077	0.002766077	0.001645703	0.0009324575	0.05866308	0.05866308	0.01661221	0.01661221	0.063962	0.00377548	0.507724	0.424538
4600	-67.20926	-86.45569	19.24643	0	0	1	0	0.007425533	0.002819059	0.001645703	0.006331058	0.05866308	0.05866308	0.008345437	0.005828835	0.0935622	0.141399	0.214381	0.550657
4601	-74.84563	-87.91003	13.0644	1	0	1	1	0.003890787	0.003890787	0.001220276	0.004827216	0.04628139	0.04628139	0.01112637	0.01112637	0.0297914	0.395143	0.0682617	0.506804
4602	-76.58933	-85.6241	9.034764	0	1	1	1	0.01175598	0.002701724	0.001847142	0.001847142	0.06296462	0.06296462	0.01112637	0.01112637	0.0297914	0.395143	0.0682617	0.506804
4603	-71.18363	-86.13023	14.94661	0	0	1	1	0.006984901	0.002701724	0.001847142	0.0006926805	0.06296462	0.06296462	0.01092576	0.01092576	0.0929976	0.659331	0.213088	0.0345841
4604	-75.49005	-85.86611	10.37606	0	1	0	1	0.01176873	0.000941054	0.0001088547	0.0001088547	0.06296462	0.01160519	0.02487223	0.02487223	0.0358932	0.0463058	0.813887	0.103914
4605	-70.01712	-85.80949	15.79237	0	0	1	1	0.01176873	0.0001931885	0.0001088547	0.00265511	0.05908789	0.05908789	0.007465258	0.007465258	0.0462395	0.0596536	0.670043	0.224064
4606	-68.10391	-87.14829	19.04437	0	0	1	1	0.003567111	0.0004549615	0.0001088547	0.004002659	0.04539901	0.04539901	0.00914474	0.00914474	0.0620811	0.0800909	0.370098	0.48773
4607	-63.31168	-86.31248	23.00079	0	0	1	0	0.005710706	0.0001446619	0.0001088547	0.006326896	0.04539901	0.04539901	0.00914474	0.002748609	0.114563	0.147798	0.682969	0.0546708
4608	-69.53156	-90.06992	20.53836	0	1	0	1	0.005710706	0.0001036857	0.0007054006	0.0007054006	0.02636955	0.001266097	0.01997618	0.01997618	0.312302	0.197606	0.218337	0.271755
4609	-76.54674	-87.91276	11.36602	0	1	1	1	0.005710706	0.005600499	0.001362853	0.001362853	0.04441068	0.04441068	0.01997618	0.01997618	0.374884	0.237204	0.16861	0.219301
4610	-64.84979	-85.13031	20.28053	0	0	0	0	0.008042977	0.001670973	0.001362853	0.001183794	0.06316508	0.01737098	0.01894112	0.002942955	0.332707	0.120462	0.435461	0.11137
4611	-69.93824	-89.60939	19.67115	0	1	1	0	0.008062962	0.001231754	0.001362853	0.001362853	0.02647885	0.02647885	0.01894112	0.003014569	0.0801136	0.0396783	0.143434	0.736774
4612	-71.58589	-86.87335	15.28746	0	1	1	0	0.008337268	0.001949491	0.001362853	0.001362853	0.04287739	0.04287739	0.02582232	0.003817828	0.148485	0.0367292	0.132773	0.682013
4613	-73.25113	-86.62946	13.37833	0	1	1	1	0.008337268	0.002428113	0.001362853	0.001362853	0.04287739	0.04287739	0.01054474	0.01054474	0.0481611	0.0580245	0.245771	0.648044
4614	-78.62403	-87.36528	8.741247	1	0	1	1	0.004197688	0.004197688	0.001362853	0.01394479	0.06202471	0.06202471	0.01054474	0.01054474	0.0708775	0.0566397	0.239905	0.632578
4615	-69.85602	-85.7589	15.90288	0	1	1	0	0.004197688	0.0005600599	0.001362853	0.001362853	0.06202471	0.06202471	0.01054474	0.001956862	0.0506078	0.0404418	0.171297	0.737654
4616	-66.51587	-89.7784	23.26253	0	1	0	0	0.008603081	0.003896146	0.0006560404	0.0006560404	0.03957777	0.002108046	0.01054474	0.002700507	0.0711272	0.121585	0.152138	0.65515
4617	-62.49257	-86.45375	23.96118	0	0	1	0	0.007092236	0.0006586665	0.0006560404	0.003218695	0.03957777	0.03957777	0.01280596	8.062567e-05	0.189124	0.094274	0.404527	0.312075
4618	-71.27407	-87.86386	16.58979	0	1	1	0	0.007092236	0.0006614672	0.004218156	0.004218156	0.03957777	0.03957777	0.0193589	0.005809183	0.197809	0.0986031	0.423103	0.280485
4619	-74.41943	-91.14487	16.72544	0	1	1	0	0.007092236	0.009719503	0.004218156	0.004218156	0.03957777	0.03957777	0.01116813	0.004165985	0.274135	0.13665	0.200502	0.388713
4620	-72.08507	-90.2392	18.15413	1	0	1	0	0.007092236	0.007092236	0.002126629	0.006787165	0.03494702	0.03494702	0.01116813	0.005648383	0.204127	0.135815	0.33556	0.324498
4621	-70.1205	-86.97903	16.85853	0	0	1	1	0.006564388	0.003110143	0.002126629	0.005826822	0.04363395	0.04363395	0.01391859	0.01391859	0.194244	0.0423647	0.388093	0.375298
4622	-78.09077	-90.12857	12.0378	1	0	1	1	0.006564388	0.006564388	0.006780528	0.00128522	0.05022767	0.05022767	0.008360459	0.008360459	0.271634	0.0382957	0.350818	0.339252
4623	-71.1386	-88.26653	17.12793	0	0	1	1	0.006564388	0.0001658604	0.006780528	0.0007818576	0.05022767	0.05022767	0.00911922	0.00911922	0.192778	0.0271784	0.248975	0.531069
4624	-68.12142	-86.00028	17.87886	0	0	1	1	0.008929712	0.0001425099	0.0003077349	0.0006172743	0.05022767	0.05022767	0.00911922	0.00911922	0.293819	0.0475224	0.435341	0.223318
4625	-66.73558	-83.57502	16.83944	0	0	1	0	0.01077903	0.0001425099	0.001167057	0.0007568768	0.06601745	0.06601745	0.01779749	0.008166452	0.0439063	0.0147646	0.528718	0.412611
4626	-74.7012	-83.79011	9.088911	0	1	1	1	0.01077903	0.0001425099	0.001167057	0.001167057	0.06601745	0.06601745	0.01198006	0.01198006	0.0439063	0.0147646	0.528718	0.412611
4627	-66.17402	-85.94304	19.76903	0	0	1	0	0.004880762	0.0001902662	0.001167057	0.001552657	0.06601745	0.06601745	0.008018119	0.006243084	0.032592	0.343232	0.392472	0.231704
4628	-76.92456	-86.93533	10.01078	0	1	1	1	0.01057976	0.0001902662	0.0002945597	0.0002945597	0.06573029	0.06573029	0.008018119	0.008018119	0.514866	0.291477	0.071396	0.12226
4629	-77.14652	-87.96964	10.82312	1	1	1	0	0.004613526	0.004613526	0.0002945597	0.0002945597	0.05641025	0.05641025	0.01591198	0.002935983	0.60677	0.195676	0.117673	0.0798814
4630	-77.67028	-87.32719	9.65691	0	1	1	1	0.01361634	0.001727184	0.0001724544	0.0001724544	0.05540916	0.05540916	0.01591198	0.01591198	0.637966	0.154324	0.123723	0.0839882
4631	-66.62639	-86.44144	19.81505	0	0	1	0	0.004135395	0.00180043	2.408184e-05	0.004875166	0.05540916	0.05540916	0.02091299	0.0006489453	0.274438	0.109865	0.0532226	0.562474
4632	-70.54447	-85.59345	15.04898	0	0	1	1	0.008464425	0.003446016	2.408184e-05	0.004875166	0.05934501	0.05934501	0.009376583	0.009376583	0.152445	0.125266	0.0606835	0.661606
4633	-77.668	-88.23423	10.56623	0	1	1	1	0.008464425	0.004426333	2.339693e-05	2.339693e-05	0.05934501	0.05934501	0.009376583	0.009376583	0.339042	0.278596	0.134962	0.247399
4634	-67.68715	-88.17438	20.48723	0	0	0	1	0.008464425	0.001948281	2.339693e-05	0.0006664571	0.05934501	0.003497728	0.01001594	0.01001594	0.272636	0.224029	0.304391	0.198943
4635	-75.61664	-86.69208	11.07543	0	1	1	1	0.008464425	0.0009372609	3.292832e-05	3.292832e-05	0.05934501	0.05934501	0.009943448	0.009943448	0.191261	0.157162	0.512013	0.139563
4636	-72.13102	-91.64816	19.51713	0	1	0	1	0.01417214	0.0007211409	3.816047e-05	3.816047e-05	0.0257241	0.00358873	0.01572885	0.01572885	0.178419	0.14661	0.477634	0.197337
4637	-71.29019	-90.49444	19.20424	0	1	0	1	0.01417214	0.0007211409	0.0003219239	0.0003219239	0.02723414	0.00358467	0.01572885	0.01572885	0.189948	0.156083	0.508498	0.14547
4638	-67.97728	-86.96137	18.98409	0	1	1	0	0.007866983	0.0007211409	0.0003219239	0.0003219239	0.03577044	0.03577044	0.01572885	0.002612822	0.174785	0.0595908	0.563463	0.202161
4639	-65.53782	-88.86748	23.32966	0	1	0	0	0.01129374	0.0007156559	0.0003263934	0.0003263934	0.03136303	0.001066824	0.01973219	0.00320448	0.136355	0.226419	0.479514	0.157712
4640	-63.89275	-85.94076	22.04801	0	0	1	0	0.008107183	0.001199576	0.0003263934	0.001649681	0.04214592	0.04214592	0.01809623	0.003508464	0.162467	0.0782801	0.57134	0.187913
4641	-72.8681	-91.60158	18.73348	0	1	0	1	0.007434322	0.001199576	0.003511862	0.003511862	0.03340158	0.01315931	0.005749034	0.005749034	0.321352	0.0323017	0.274661	0.371685
4642	-71.13746	-89.7613	18.62383	0	1	1	0	0.007434322	0.0005239162	0.005161469	0.005161469	0.03828384	0.03828384	0.00856818	0.005111133	0.321352	0.0323017	0.274661	0.371685
4643	-75.34051	-86.28364	10.94312	0	1	1	1	0.007586818	7.696026e-05	0.002961904	0.002961904	0.06136738	0.06136738	0.007486834	0.007486834	0.321352	0.0323017	0.274661	0.371685
4644	-81.22732	-91.21808	9.99076	1	1	1	1	0.007586818	0.007586818	0.002961904	0.002961904	0.03127191	0.03127191	0.0135697	0.0135697	0.263846	0.0547132	0.0518737	0.629567
4645	-78.40414	-92.5589	14.15476	0	1	1	1	0.003286671	0.006501255	0.002961904	0.002961904	0.03127191	0.03127191	0.01708735	0.01708735	0.156806	0.455468	0.013568	0.374158
4646	-83.49969	-97.57585	14.07616	1	1	1	1	0.003286671	0.003286671	0.001108172	0.001108172	0.01634951	0.01634951	0.0112772	0.0112772	0.156806	0.455468	0.013568	0.374158
4647	-76.73127	-95.3327	18.60142	1	1	1	0	0.003286671	0.003286671	0.001108172	0.001108172	0.0176097	0.0176097	0.0112772	0.002392142	0.213835	0.126055	0.28388	0.37623
4648	-79.31131	-95.19406	15.88275	1	1	1	0	0.004665963	0.004665963	0.00250582	0.00250582	0.0176097	0.0176097	0.01105639	0.01538701	0.233027	0.122978	0.27695	0.367045
4649	-79.77416	-88.12488	8.350722	1	1	1	1	0.004665963	0.004665963	0.002145094	0.002145094	0.05014433	0.05014433	0.007816074	0.007816074	0.0876262	0.0462441	0.104143	0.761987
4650	-74.77036	-88.82715	14.05679	0	1	0	1	0.007251078	0.00420558	0.002145094	0.002145094	0.05014433	0.01964447	0.007816074	0.007816074	0.106773	0.0563487	0.126899	0.709979
4651	-72.25228	-86.53829	14.28601	0	0	1	1	0.007251078	0.00457434	0.002145094	0.003187945	0.06342311	0.06342311	0.009313953	0.009313953	0.342867	0.180945	0.407494	0.068694
4652	-76.26495	-86.81351	10.54856	1	0	1	1	0.007251078	0.007251078	0.001521706	0.0002270033	0.06342311	0.06342311	0.009313953	0.009313953	0.342867	0.180945	0.407494	0.068694
4653	-74.77754	-90.06474	15.28719	1	0	1	1	0.005581412	0.005581412	0.001521706	0.001875468	0.02992744	0.02992744	0.01572548	0.01572548	0.329111	0.173686	0.391145	0.106059
4654	-75.43507	-89.18788	13.75281	1	0	1	1	0.005581412	0.005581412	0.001521706	0.002471045	0.03427037	0.03427037	0.01956374	0.01956374	0.0930705	0.362504	0.441301	0.103125
4655	-70.56564	-87.31215	16.74651	0	0	1	1	0.005581412	0.002322758	0.002067335	0.006282782	0.04910408	0.04910408	0.01046291	0.01046291	0.0755821	0.482293	0.358378	0.083747
4656	-78.90467	-89.49761	10.59294	1	0	1	1	0.003008034	0.003008034	0.004378389	0.006081245	0.04910408	0.04910408	0.01891122	0.01891122	0.0461314	0.294367	0.519509	0.139993
4657	-72.60238	-86.73768	14.1353	0	1	1	0	0.005859232	8.575611e-05	0.004378389	0.004378389	0.04910408	0.04910408	0.01891122	0.01241888	0.0528705	0.191284	0.595401	0.160444
4658	-80.71911	-89.51851	8.799404	0	1	1	0	0.005859232	0.01606501	0.00204248	0.00204248	0.04910408	0.04910408	0.01832895	0.02987951	0.0731351	0.285177	0.419748	0.22194
4659	-69.80105	-87.25597	17.45492	0	0	1	1	0.005859232	8.062894e-05	0.00383914	0.002497717	0.04116343	0.04116343	0.01832895	0.01832895	0.0731351	0.285177	0.419748	0.22194
4660	-64.05342	-87.99962	23.9462	0	0	0	1	0.008014342	0.0001124067	0.0006421256	0.00281001	0.03391193	0.0003559255	0.01832895	0.01832895	0.259592	0.227808	0.335307	0.177292
4661	-62.47613	-89.60432	27.12819	0	0	0	0	0.01311603	6.428698e-05	0.0001851233	0.006317936	0.03391193	0.00223777	0.01832895	0.001349602	0.30764	0.0848828	0.397369	0.210108
4662	-75.64884	-84.47224	8.823401	0	0	1	1	0.01311603	0.0002464688	0.0002295619	0.01298207	0.07623891	0.07623891	0.01832895	0.01832895	0.232732	0.0642143	0.486561	0.216493
4663	-70.09272	-88.10573	18.01301	0	0	1	1	0.01311603	8.812929e-05	0.002859205	7.947391e-05	0.03410501	0.03410501	0.01832895	0.01832895	0.122726	0.0933799	0.707553	0.0763414
4664	-65.6942	-87.56668	21.87249	0	1	0	0	0.008320652	8.812929e-05	0.002859205	0.002859205	0.03410501	0.004741023	0.01585923	0.01006422	0.0748836	0.214598	0.663938	0.0465811
4665	-63.94459	-88.56744	24.62285	0	0	1	0	0.008320652	0.0008516378	0.00117872	0.0008239326	0.03410501	0.03410501	0.007236825	0.007788434	0.0748836	0.214598	0.663938	0.0465811
4666	-65.3876	-91.66156	26.27396	0	1	0	0	0.008320652	0.0008516378	0.0003365213	0.0003365213	0.02664186	0.001631758	0.007236825	0.005841487	0.214003	0.356735	0.296142	0.13312
4667	-71.76784	-93.68099	21.91315	0	1	0	0	0.01339201	0.0002929178	0.004359057	0.004359057	0.02664186	0.001638031	0.02087937	0.008601606	0.748442	0.158968	0.0638763	0.0287133
4668	-66.37017	-92.65976	26.28959	0	0	0	0	0.0039549	0.0002929178	0.00108006	0.007554566	0.02664186	0.001808958	0.01911742	0.0198578	0.729007	0.15484	0.0881856	0.0279677
4669	-77.60506	-92.85151	15.24645	0	1	1	1	0.0039549	0.003099059	0.002538068	0.002538068	0.02664186	0.02664186	0.01863068	0.01863068	0.654083	0.241702	0.0791222	0.0250933
4670	-71.2671	-87.78475	16.51765	0	1	1	0	0.004441848	0.003099059	0.0004517213	0.0004517213	0.04795418	0.04795418	0.02102343	0.0001601102	0.434498	0.160559	0.213539	0.191403
4671	-72.65718	-86.86205	14.20487	1	0	1	0	0.005541006	0.005541006	0.0004673438	0.005059872	0.05574834	0.05574834	0.009012198	0.01453084	0.235771	0.101999	0.55837	0.103861
4672	-64.40556	-88.40905	24.00349	0	1	0	0	0.007726121	0.0007135036	0.0004673438	0.0004673438	0.03424222	0.0007062962	0.009012198	0.01098033	0.235771	0.101999	0.55837	0.103861
4673	-70.60906	-86.63401	16.02495	0	1	0	1	0.007726121	0.0008222137	0.0004673438	0.0004673438	0.05544855	0.005720514	0.009763916	0.009763916	0.374691	0.114073	0.24752	0.263716
4674	-75.31623	-86.80723	11.49101	1	0	1	1	0.007726121	0.007726121	0.0005432092	0.002864174	0.05544855	0.05544855	0.009763916	0.009763916	0.0872195	0.166516	0.361312	0.384953
4675	-79.87004	-93.19166	13.32162	1	0	1	1	0.007726121	0.007726121	0.002039788	0.01393357	0.03715805	0.03715805	0.005017223	0.005017223	0.13261	0.253173	0.549343	0.0648743
4676	-76.88474	-91.79315	14.90841	0	1	1	1	0.01052148	0.002645605	0.002110019	0.002110019	0.03715805	0.03715805	0.004363001	0.004363001	0.389362	0.178232	0.386735	0.0456712
4677	-67.42475	-89.70356	22.27881	0	1	0	0	0.01052148	0.002475523	0.002110019	0.002110019	0.02873783	0.01130866	0.01498358	0.003576166	0.136847	0.251936	0.546659	0.0645574
4678	-61.02922	-88.58915	27.55993	0	0	0	0	0.005080317	0.001955931	0.002537399	0.001424137	0.03805039	0.0113059	0.01044387	0.002244101	0.136847	0.251936	0.546659	0.0645574
4679	-73.19063	-87.23738	14.04675	0	1	1	1	0.005080317	0.001712458	0.001786873	0.001786873	0.04250682	0.04250682	0.01064049	0.01064049	0.137436	0.25302	0.544709	0.0648351
4680	-64.98707	-90.54422	25.55715	0	0	0	1	0.005080317	0.001712458	0.003608127	0.0001091691	0.02963951	0.004170888	0.01064049	0.01064049	0.100454	0.454022	0.398135	0.0473888
4681	-66.17125	-90.22561	24.05436	0	1	0	0	0.00478644	0.001799867	0.003608127	0.003608127	0.03630819	0.004170888	0.01064049	0.002243014	0.456449	0.193292	0.315075	0.0351844
4682	-67.9639	-87.80888	19.84499	0	0	1	0	0.006237756	0.004621166	0.003608127	0.00334093	0.05049323	0.05049323	0.01064049	0.008693214	0.0867187	0.324771	0.529393	0.0591173
4683	-68.19862	-93.2682	25.06958	0	0	0	1	0.01660198	0.0003934305	0.0004026077	0.002393317	0.02783021	0.002357915	0.007770433	0.007770433	0.0615529	0.230523	0.375763	0.332162
4684	-75.65644	-91.26897	15.61252	0	1	1	1	0.004688053	0.0003934305	0.00454305	0.00454305	0.02783021	0.02783021	0.01531586	0.01531586	0.287315	0.218498	0.179351	0.314836
4685	-71.50841	-90.67425	19.16584	0	1	1	0	0.01143972	0.0005386095	0.003296641	0.003296641	0.02783021	0.02783021	0.01649821	0.002379154	0.287315	0.218498	0.179351	0.314836
4686	-67.66842	-90.50665	22.83823	0	0	1	0	0.01143972	0.001147497	0.001624637	0.007294701	0.03382535	0.03382535	0.007430791	0.00775067	0.311908	0.237201	0.194703	0.256188
4687	-73.13572	-87.86652	14.7308	0	1	1	1	0.01143972	0.0001160487	0.001624637	0.001624637	0.03382535	0.03382535	0.01080838	0.01080838	0.201101	0.0639333	0.569789	0.165176
4688	-70.52538	-90.83832	20.31294	0	0	1	1	0.01033119	0.001074351	0.001624637	0.007708166	0.02569952	0.02569952	0.008983167	0.008983167	0.172392	0.0662308	0.590266	0.171112
4689	-71.60648	-85.8418	14.23532	0	1	0	1	0.01033119	0.0006928197	0.001189045	0.001189045	0.06361616	0.005373074	0.008983167	0.008983167	0.138469	0.1375	0.368788	0.355242
4690	-69.80728	-90.83527	21.02799	0	1	1	0	0.01039042	0.002899271	0.001189045	0.001189045	0.02342192	0.02342192	0.01332951	0.0001007471	0.0543813	0.058155	0.501478	0.385986
4691	-60.36891	-87.24539	26.87648	0	0	0	0	0.005771613	0.0008923477	0.0007330566	0.0004044539	0.0553754	0.001040202	0.01262432	0.0001100567	0.0648513	0.370916	0.103933	0.460299
4692	-69.04938	-84.82503	15.77565	0	0	1	1	0.009178413	0.0008923477	0.0007330566	0.001420394	0.0556747	0.0556747	0.01347576	0.01347576	0.0651334	0.36818	0.104385	0.462302
4693	-76.31495	-86.85964	10.54469	0	1	1	1	0.009178413	0.0008135656	0.004828377	0.004828377	0.05266632	0.05266632	0.01427229	0.01427229	0.0225364	0.378301	0.439205	0.159958
4694	-70.21124	-86.53806	16.32682	0	1	1	0	0.006094416	0.004776586	0.0004704021	0.0004704021	0.05126118	0.05126118	0.01427229	0.001347042	0.0191541	0.321524	0.373288	0.286034
4695	-78.15699	-88.79308	10.63609	0	1	0	1	0.0131663	0.004776586	0.003510177	0.003510177	0.05126118	0.02241549	0.01564358	0.01564358	0.207934	0.268112	0.296646	0.227307
4696	-78.63302	-88.02408	9.391058	0	1	1	1	0.0131663	0.004776586	0.003510177	0.003510177	0.05126118	0.05126118	0.01564358	0.01564358	0.178191	0.2861	0.293152	0.242557
4697	-76.32011	-94.84352	18.52342	0	1	1	0	0.00386564	0.01187717	0.003510177	0.003510177	0.02895098	0.02895098	0.01564358	0.001809699	0.104744	0.454882	0.145907	0.294466
4698	-70.41969	-90.17828	19.75859	0	0	1	1	0.005421155	0.0009915316	0.003510177	0.001495988	0.02895098	0.02895098	0.01822214	0.01822214	0.0839656	0.364645	0.116963	0.434426
4699	-66.23806	-89.17268	22.93462	0	0	1	0	0.007407716	0.0009915316	0.001296578	0.001248568	0.02895098	0.02895098	0.01253039	0.01753625	0.549422	0.0150528	0.155479	0.280046
4700	-70.56991	-90.1731	19.60319	0	1	0	1	0.007457057	0.002475033	0.001950228	0.001950228	0.0343286	0.003528857	0.009741083	0.009741083	0.549422	0.0150528	0.155479	0.280046
4701	-65.54717	-84.97596	19.42878	0	1	0	0	0.007457057	0.0002423085	0.0006839638	0.0006839638	0.05516723	0.00264763	0.01623387	0.007583566	0.257227	0.0452335	0.467214	0.230325
4702	-65.68491	-87.6244	21.93949	0	1	0	0	0.004302473	0.001074743	0.001851544	0.001851544	0.05516723	0.003218048	0.008213713	0.00182646	0.301283	0.0626734	0.547235	0.0888087
4703	-76.86225	-88.3488	11.48655	1	1	1	0	0.009248544	0.009248544	0.001851544	0.001851544	0.05516723	0.05516723	0.008213713	0.001890433	0.202547	0.220789	0.496146	0.0805177
4704	-75.23719	-86.11531	10.87812	0	1	1	1	0.008520045	0.001311203	0.002721035	0.002721035	0.05908572	0.05908572	0.008213713	0.008213713	0.249811	0.0389601	0.611922	0.0993065
4705	-70.16966	-86.99384	16.82418	0	1	0	1	0.005920809	0.001311203	0.0006264048	0.0006264048	0.05908572	0.0002191501	0.008213713	0.008213713	0.393729	0.0614053	0.388348	0.156518
4706	-71.59371	-93.07985	21.48614	0	0	0	1	0.007679174	0.001311203	0.005212918	0.01342732	0.0265354	0.0002190914	0.02386228	0.02386228	0.0824692	0.0929309	0.587726	0.236874
4707	-69.04381	-90.89935	21.85555	0	0	1	0	0.007679174	0.00110253	0.001403082	0.01487265	0.0265354	0.0265354	0.01107922	0.01346232	0.146383	0.164952	0.268213	0.420451
4708	-69.56391	-89.63483	20.07093	0	1	1	0	0.007679174	0.0005654811	0.0005751414	0.0005751414	0.0265354	0.0265354	0.01107922	0.01037095	0.212436	0.0618658	0.204957	0.520741
4709	-71.76047	-91.23251	19.47204	1	0	0	1	0.007267495	0.007267495	0.0005751414	0.0009920255	0.03350207	0.006815081	0.01107922	0.01107922	0.303754	0.0884596	0.293061	0.314726
4710	-70.13715	-90.99153	20.85437	0	1	1	0	0.003444749	0.001434127	0.0003374006	0.0003374006	0.03350207	0.03350207	0.01181037	0.001795292	0.609123	0.17739	0.122939	0.0905476
4711	-77.08564	-89.15086	12.06521	0	1	1	1	0.003444749	0.006193076	0.0009686514	0.0009686514	0.05042067	0.05042067	0.01203431	0.01203431	0.609123	0.17739	0.122939	0.0905476
4712	-72.68324	-87.78904	15.1058	0	0	1	1	0.003444749	0.006193076	0.0009686514	0.006133453	0.05042067	0.05042067	0.01804565	0.01804565	0.238242	0.110567	0.0480844	0.603106
4713	-71.35579	-86.11772	14.76193	0	1	1	0	0.008911713	0.004867342	0.0009686514	0.0009686514	0.05042067	0.05042067	0.01349237	0.008512447	0.163237	0.124299	0.291128	0.421336
4714	-65.68861	-88.26021	22.5716	0	0	0	0	0.008911713	0.002392562	0.0009686514	0.0014395	0.06184481	0.01012203	0.01349237	0.002404007	0.411671	0.481204	0.0263621	0.0807625
4715	-68.32696	-84.36756	16.0406	0	0	0	1	0.009967803	0.001396322	0.001945838	0.001648571	0.0708263	0.01011908	0.01349237	0.01349237	0.0898246	0.104996	0.787557	0.017622
4716	-68.50934	-84.35852	15.84917	0	1	0	0	0.009967803	0.00150909	0.001945838	0.001945838	0.0720304	0.01012579	0.01448407	0.0004282638	0.000456542	0.14182	0.833921	0.0238022
4717	-70.3287	-86.02193	15.69323	0	1	1	0	0.009967803	0.00150909	0.001945838	0.001945838	0.04655029	0.04655029	0.02146482	0.0004082783	0.000861588	0.267644	0.686575	0.0449197
4718	-73.97295	-85.74206	11.76911	0	1	1	1	0.009244244	0.001438127	0.002502356	0.002502356	0.04655029	0.04655029	0.01502019	0.01502019	0.000975584	0.170747	0.777415	0.050863
4719	-71.93597	-91.16096	19.22498	0	1	0	1	0.009244244	0.003896154	0.002502356	0.002502356	0.02623247	0.004748816	0.01502019	0.01502019	0.000581259	0.299953	0.446925	0.252541
4720	-70.27377	-85.06452	14.79075	0	0	1	0	0.009244244	0.003173766	0.002502356	0.005714681	0.0680991	0.0680991	0.01502019	0.01279113	0.000428481	0.221113	0.314317	0.464142
4721	-71.24737	-83.92168	12.67431	0	1	1	0	0.007218967	0.000273749	0.000660596	0.000660596	0.0680991	0.0680991	0.01705229	0.005809859	0.000686065	0.354037	0.50327	0.142006
4722	-74.7185	-84.3329	9.614396	0	1	1	1	0.006408595	0.0003876604	0.0006153341	0.0006153341	0.0680991	0.0680991	0.01156962	0.01156962	0.000762006	0.300594	0.558977	0.139666
4723	-78.98785	-85.82147	6.833616	0	1	1	1	0.006408595	0.001555642	0.003182053	0.003182053	0.0680991	0.0680991	0.02374118	0.02374118	0.000643957	0.408945	0.472382	0.118029
4724	-71.16827	-87.02598	15.85771	0	0	1	1	0.006408595	0.001623902	0.003182053	0.004543963	0.04661218	0.04661218	0.01853459	0.01853459	0.000518044	0.524514	0.380017	0.094951
4725	-73.44128	-87.64912	14.20784	0	1	1	1	0.009730903	0.001623902	0.001243007	0.001243007	0.03621871	0.03621871	0.01198899	0.01198899	0.000518044	0.524514	0.380017	0.094951
4726	-72.86532	-87.00761	14.14229	0	0	1	1	0.009730903	0.00704912	0.001243007	0.005411314	0.05529428	0.05529428	0.01198899	0.01198899	0.000228716	0.528217	0.167777	0.303776
4727	-81.01122	-87.00433	5.993109	1	1	1	1	0.009730903	0.009730903	0.001243007	0.001243007	0.05529428	0.05529428	0.01198899	0.01198899	0.00132318	0.278903	0.559377	0.160397
4728	-75.46234	-86.98571	11.52337	1	1	1	0	0.005109183	0.005109183	0.0004721062	0.0004721062	0.05529428	0.05529428	0.01025178	0.005033474	0.00147487	0.310876	0.623503	0.0641459
4729	-72.42832	-89.57876	17.15045	1	1	0	0	0.005109183	0.005109183	0.001215783	0.001215783	0.05364619	0.0001834742	0.007510529	0.005845569	0.00249234	0.52534	0.363769	0.108398
4730	-60.67926	-87.01232	26.33306	0	0	0	0	0.005109183	0.002261135	0.0007517619	4.876257e-05	0.05364619	0.0001834071	0.008831423	0.009227954	0.00489729	0.0565159	0.714785	0.223802
4731	-70.71445	-87.90057	17.18612	0	0	1	1	0.004112871	0.0005865245	0.001080665	0.01030123	0.05000451	0.05000451	0.007220882	0.007220882	0.00530368	0.0612057	0.691117	0.242374
4732	-65.56337	-86.31229	20.74892	0	0	1	0	0.004817007	0.00178803	0.001080665	0.007587832	0.05091882	0.05091882	0.01586458	0.0004074406	0.00372945	0.339858	0.48598	0.170433
4733	-63.91637	-91.30826	27.39189	0	0	0	0	0.008851275	0.001958744	0.001080665	0.008751753	0.02177115	0.0198267	0.01142356	0.0003393873	0.00595607	0.144803	0.776128	0.073113
4734	-71.42115	-87.65605	16.23491	0	1	0	1	0.005689625	0.002972774	0.001080665	0.001080665	0.03773111	0.01984995	0.01142356	0.01142356	0.00595607	0.144803	0.776128	0.073113
4735	-59.88986	-86.83943	26.94957	0	0	0	0	0.005873475	0.001823884	0.001080665	0.001424262	0.04762223	0.006695135	0.01142356	0.0005901638	0.0147943	0.216259	0.477803	0.291144
4736	-65.67005	-86.65255	20.9825	0	0	1	0	0.009991603	0.001823884	0.001608174	0.00858622	0.04762223	0.04762223	0.01142356	7.261632e-05	0.0147943	0.216259	0.477803	0.291144
4737	-71.31101	-88.03938	16.72837	0	0	1	1	0.004904202	0.0009408162	0.001608174	0.001698626	0.03940886	0.03940886	0.02736437	0.02736437	0.0140748	0.205742	0.454566	0.325617
4738	-70.96171	-88.2023	17.24059	0	1	1	0	0.006018215	0.003944461	0.001608174	0.001608174	0.0379685	0.0379685	0.02116566	0.002290079	0.0269898	0.394529	0.34185	0.236631
4739	-70.36412	-89.85545	19.49133	0	1	0	1	0.006018215	0.001203706	0.0007099141	0.0007099141	0.02734746	0.003675753	0.02116566	0.02116566	0.0269898	0.394529	0.34185	0.236631
4740	-66.21726	-87.2974	21.08015	0	1	0	0	0.006018215	0.0003764345	0.002037004	0.002037004	0.04022493	0.005972858	0.02116566	0.004774613	0.0339202	0.495835	0.42963	0.0406153
4741	-66.10642	-87.95832	21.8519	0	1	0	0	0.007653004	0.00140308	0.001026586	0.001026586	0.03482064	0.001215359	0.02116566	0.008870897	0.178211	0.317169	0.47864	0.0259802
4742	-68.66854	-90.12993	21.46139	0	0	1	0	0.00782414	0.004513324	0.003371711	0.004336434	0.03482064	0.03482064	0.02116566	0.002357086	0.302552	0.408585	0.273992	0.014872
4743	-67.4909	-89.45224	21.96133	0	1	0	0	0.01074414	0.0003814299	0.004389306	0.004389306	0.0396509	0.008838036	0.0106231	0.0009023496	0.298194	0.402699	0.270045	0.0290618
4744	-78.08152	-90.46567	12.38415	0	1	1	1	0.01074414	0.005829652	0.004389306	0.004389306	0.0396509	0.0396509	0.0106231	0.0106231	0.121602	0.251528	0.168671	0.458199
4745	-85.005	-89.711	4.705992	1	1	1	1	0.002932663	0.002932663	0.004389306	0.004389306	0.0676745	0.0676745	0.0106231	0.0106231	0.699234	0.178072	0.0608135	0.0618807
4746	-76.39529	-88.77502	12.37973	0	1	1	1	0.006674856	0.005231106	0.0004578101	0.0004578101	0.0437322	0.0437322	0.01516643	0.01516643	0.699234	0.178072	0.0608135	0.0618807
4747	-70.13136	-88.70847	18.57711	0	1	1	0	0.006674856	0.0004652316	0.0004578101	0.0004578101	0.03374928	0.03374928	0.01516643	0.008836487	0.536893	0.274188	0.0936382	0.0952814
4748	-68.75969	-89.14356	20.38386	0	1	0	1	0.006674856	0.000624141	0.002793386	0.002793386	0.03464745	0.000233483	0.01004203	0.01004203	0.0723018	0.2394	0.314909	0.37339
4749	-74.39216	-91.90626	17.5141	0	1	1	1	0.006674856	0.000624141	0.002793386	0.002793386	0.02175904	0.02175904	0.01004203	0.01004203	0.0148804	0.615243	0.334114	0.0357621
4750	-73.74018	-87.129	13.38881	0	1	1	1	0.008340056	0.001277972	0.002004266	0.002004266	0.04382604	0.04382604	0.01004203	0.01004203	0.0148804	0.615243	0.334114	0.0357621
4751	-80.39239	-88.15466	7.762266	1	1	1	1	0.004019457	0.004019457	0.002004266	0.002004266	0.05177725	0.05177725	0.0103365	0.0103365	0.0148804	0.615243	0.334114	0.0357621
4752	-83.21199	-89.03987	5.827871	1	1	1	1	0.002735947	0.002735947	0.002235585	0.002235585	0.05177725	0.05177725	0.02245356	0.02245356	0.0148804	0.615243	0.334114	0.0357621
4753	-74.97215	-86.77819	11.80603	0	1	1	1	0.002735947	0.001380634	0.001402593	0.001402593	0.05177725	0.05177725	0.01724756	0.01724756	0.00266659	0.110253	0.059874	0.827206
4754	-67.04006	-90.8985	23.85844	0	0	1	0	0.009094933	0.001380634	0.002966044	0.0003544704	0.02490875	0.02490875	0.02104205	0.004930821	0.00262262	0.0581759	0.124327	0.814875
4755	-69.74437	-87.97884	18.23447	0	0	1	1	0.009094933	2.336703e-05	0.002966044	0.0004107323	0.0337729	0.0337729	0.02104205	0.02104205	0.00358522	0.0795287	0.169959	0.746927
4756	-65.89203	-84.90642	19.01439	0	0	1	0	0.009094933	2.336703e-05	0.0004642812	0.005840433	0.05227472	0.05227472	0.02246344	0.00222483	0.00737291	0.163549	0.123164	0.705914
4757	-69.26143	-85.68054	16.41911	0	1	1	0	0.007263228	2.391802e-05	0.0004642812	0.0004642812	0.04658824	0.04658824	0.02246344	0.0008909075	0.0671789	0.168526	0.0368956	0.727399
4758	-69.3125	-89.14834	19.83584	0	0	1	1	0.00436826	8.97063e-06	0.001783176	0.006247933	0.03793941	0.03793941	0.007802322	0.007802322	0.314124	0.111135	0.172521	0.40222
4759	-67.80417	-92.8771	25.07293	0	1	0	0	0.004790712	8.482977e-06	0.002625731	0.002625731	0.02414076	0.01134129	0.007802322	0.007021412	0.573983	0.00882124	0.138822	0.278374
4760	-68.37615	-87.41637	19.04022	0	0	1	0	0.008406345	1.626975e-05	0.002625731	0.007263699	0.04683606	0.04683606	0.008925291	0.01816484	0.573983	0.00882124	0.138822	0.278374
4761	-73.05445	-89.39782	16.34337	1	1	0	0	0.005151318	0.005151318	0.002625731	0.002625731	0.04683606	0.004305098	0.01682627	0.002382764	0.239554	0.00661886	0.276421	0.477405
4762	-63.87747	-89.26291	25.38543	0	0	0	0	0.005151318	0.001880399	0.002625731	0.001459231	0.03772773	0.004305956	0.01871657	0.01361339	0.500276	0.00434956	0.181649	0.313725
4763	-69.06734	-87.25569	18.18834	0	0	1	1	0.009983818	0.00185635	0.002310997	0.001038887	0.04119827	0.04119827	0.01118556	0.01118556	0.277912	0.00589019	0.24599	0.470208
4764	-69.11888	-90.0342	20.91532	0	1	0	1	0.009983818	0.0003476635	0.0005835567	0.0005835567	0.02636547	0.004245761	0.01044913	0.01044913	0.344179	0.112353	0.362858	0.18061
4765	-74.3582	-84.76999	10.41179	0	1	1	1	0.004492782	0.0003476635	0.0008617891	0.0008617891	0.06206695	0.06206695	0.01474996	0.01474996	0.221496	0.0356935	0.236301	0.506509
4766	-72.14037	-85.08073	12.94037	0	1	1	0	0.01517576	0.0003476635	0.0008617891	0.0008617891	0.06206695	0.06206695	0.01474996	0.004390544	0.178149	0.0287082	0.190057	0.603086
4767	-68.86422	-85.95034	17.08612	0	0	1	0	0.009848183	0.002251217	0.004453164	0.002348592	0.06206695	0.06206695	0.01474996	0.007697736	0.175227	0.0282373	0.203344	0.593192
4768	-67.15452	-85.33054	18.17602	0	0	1	0	0.009848183	0.005933606	0.0004191875	0.0009824407	0.06206695	0.06206695	0.01474996	0.00318121	0.11087	0.0178663	0.495939	0.375325
4769	-80.1149	-85.36527	5.250372	1	1	1	1	0.00499846	0.00499846	0.0006903089	0.0006903089	0.06206695	0.06206695	0.01474996	0.01474996	0.063282	0.0101977	0.298843	0.627677
4770	-80.27234	-89.22391	8.951568	1	1	1	1	0.009563133	0.009563133	0.0006903089	0.0006903089	0.03568934	0.03568934	0.0153918	0.0153918	0.0974629	0.0157059	0.759725	0.127106
4771	-65.13526	-89.37749	24.24223	0	0	1	0	0.007764179	0.0008839399	0.0006903089	4.631584e-05	0.02342698	0.02342698	0.01666509	0.01300558	0.0906083	0.0849317	0.706294	0.118166
4772	-77.13157	-90.40407	13.2725	0	1	1	1	0.01745399	0.0005904	0.0006903089	0.0006903089	0.03075594	0.03075594	0.01666509	0.01666509	0.125032	0.117199	0.494872	0.262898
4773	-74.12877	-93.2218	19.09303	1	0	1	0	0.01239219	0.01239219	0.0006903089	0.00246738	0.02842541	0.02842541	0.01666509	0.001758648	0.096039	0.279167	0.380119	0.244675
4774	-65.21398	-87.44307	22.22909	0	0	1	0	0.003442308	0.001458537	0.0006903089	0.001737906	0.0475943	0.0475943	0.01666509	0.002409221	0.166574	0.324268	0.224954	0.284204
4775	-67.47121	-89.3634	21.89219	0	0	1	0	0.003442308	0.001458537	0.0006903089	0.002296196	0.03289323	0.03289323	0.01666509	0.01847911	0.270312	0.283906	0.196954	0.248828
4776	-71.69733	-90.05256	18.35523	0	0	1	0	0.003589663	0.01381998	0.0006903089	0.001169527	0.04585401	0.04585401	0.0151099	0.01592305	0.19726	0.207181	0.143727	0.451831
4777	-69.15094	-86.86427	17.71333	0	0	1	1	0.003589663	0.001367331	0.001360548	0.001838992	0.04753305	0.04753305	0.01460143	0.01460143	0.19726	0.207181	0.143727	0.451831
4778	-79.91919	-92.58361	12.66442	1	1	1	1	0.003589663	0.003589663	0.001360548	0.001360548	0.02609103	0.02609103	0.009055584	0.009055584	0.122747	0.23273	0.161452	0.483071
4779	-77.09444	-88.07842	10.98399	1	1	1	0	0.003589663	0.003589663	0.001360548	0.001360548	0.0441628	0.0441628	0.01185983	0.01827332	0.15001	0.284421	0.387675	0.177893
4780	-71.92957	-88.55688	16.6273	1	0	1	0	0.003589663	0.003589663	0.003273462	0.000230343	0.05794018	0.05794018	0.009285963	0.002183524	0.157069	0.297804	0.201252	0.343875
4781	-74.71816	-85.95965	11.24149	0	1	1	1	0.004007437	0.002325677	0.001158891	0.001158891	0.05794018	0.05794018	0.01234104	0.01234104	0.0952203	0.180539	0.297902	0.426339
4782	-76.40403	-86.0016	9.597568	1	0	1	1	0.005299828	0.005299828	0.001158891	0.003196228	0.05794018	0.05794018	0.01958144	0.01958144	0.116914	0.17621	0.290759	0.416117
4783	-75.40916	-87.7013	12.29213	0	1	1	1	0.005299828	0.001607695	0.001158891	0.001158891	0.05794018	0.05794018	0.00575688	0.00575688	0.150642	0.227044	0.273246	0.349068
4784	-60.51579	-87.16115	26.64536	0	0	0	0	0.005814753	0.001175371	0.001158891	0.0007098204	0.04529711	0.01058053	0.01253324	0.001003755	0.134359	0.310595	0.24371	0.311336
4785	-69.56401	-87.03412	17.47011	0	1	1	0	0.007510933	0.002697202	0.001158891	0.001158891	0.04529711	0.04529711	0.01020648	0.004811626	0.0212592	0.483615	0.235253	0.259873
4786	-67.00937	-87.53317	20.52381	0	1	0	0	0.007510933	0.002697202	0.001158891	0.001158891	0.04451923	0.004863	0.01403334	0.008969417	0.0226054	0.450915	0.250151	0.276329
4787	-75.04217	-87.21455	12.17238	0	1	1	1	0.007510933	0.005368133	0.001158891	0.001158891	0.04451923	0.04451923	0.01389128	0.01389128	0.0251572	0.501817	0.279096	0.193931
4788	-68.81815	-89.68196	20.86381	0	0	1	1	0.007510933	0.001295094	0.001158891	0.0006935944	0.02531514	0.02531514	0.01629638	0.01629638	0.028266	0.563827	0.313584	0.0943234
4789	-74.72071	-84.33359	9.612886	0	1	1	1	0.007891317	0.001381338	0.001158891	0.001158891	0.06036102	0.06036102	0.01629638	0.01629638	0.283557	0.0350864	0.155301	0.526055
4790	-74.43027	-88.22403	13.79375	0	1	1	1	0.008807527	0.002896198	0.001158891	0.001158891	0.03401509	0.03401509	0.01629638	0.01629638	0.434866	0.0538089	0.238172	0.273153
4791	-69.05324	-85.0161	15.96286	0	1	1	0	0.006538445	0.000402563	0.001158891	0.001158891	0.0556841	0.0556841	0.01400816	0.002511619	0.434866	0.0538089	0.238172	0.273153
4792	-71.58212	-92.45139	20.86927	0	1	1	0	0.0116193	0.003257236	0.001011015	0.001011015	0.02152644	0.02152644	0.01400816	0.0008166567	0.535246	0.0662295	0.293149	0.105376
4793	-75.24258	-90.00804	14.76547	0	1	1	1	0.007617209	0.003176354	0.001011015	0.001011015	0.02971548	0.02971548	0.01609578	0.01609578	0.0125442	0.604353	0.0246675	0.358436
4794	-60.50346	-87.9174	27.41394	0	0	0	0	0.009356411	0.001210169	0.001011015	0.00356564	0.0347882	0.006166705	0.01421361	0.003565362	0.00649596	0.312962	0.494927	0.185615
4795	-69.86401	-87.17304	17.30903	0	1	1	0	0.009356411	0.0001377707	0.002098803	0.002098803	0.0347882	0.0347882	0.01421361	0.01200883	0.00649596	0.312962	0.494927	0.185615
4796	-71.01385	-89.54583	18.53198	0	1	0	1	0.01320877	0.0005224804	0.003157791	0.003157791	0.0347882	1.929259e-05	0.01391171	0.01391171	0.401032	0.189107	0.358567	0.0512944
4797	-61.56811	-90.19561	28.6275	0	0	0	0	0.01320877	0.0007634564	0.0009928623	0.0009298017	0.0347882	1.929092e-05	0.01391171	0.002321392	0.701022	0.186159	0.0796581	0.0331615
4798	-72.55285	-88.11341	15.56057	0	1	0	1	0.007269955	0.001825933	0.0003840602	0.0003840602	0.04796831	0.007237435	0.01791924	0.01791924	0.713798	0.171326	0.0811099	0.0337659
4799	-66.25643	-85.66545	19.40902	0	0	1	0	0.007269955	0.002325349	0.0003840602	0.003416563	0.05373967	0.05373967	0.01791924	0.005073843	0.149123	0.471883	0.267595	0.111399
4800	-74.46429	-88.42639	13.9621	0	1	1	1	0.007681875	0.002582748	0.002744824	0.002744824	0.04100158	0.04100158	0.00820013	0.00820013	0.0143486	0.430084	0.512308	0.0432589
4801	-69.75283	-86.70854	16.95571	0	0	1	1	0.008836551	0.002201646	0.00207661	0.002394867	0.04073337	0.04073337	0.01838157	0.01838157	0.00988821	0.296388	0.613041	0.080683
4802	-65.87009	-87.29437	21.42428	0	0	1	0	0.007243266	0.004660613	0.000101931	0.007078452	0.04073337	0.04073337	0.01838157	0.000402032	0.00793644	0.237886	0.492036	0.262141
4803	-72.99451	-88.01062	15.01611	0	1	1	0	0.007243266	0.009798895	0.000604254	0.000604254	0.0454086	0.0454086	0.01433497	0.008329282	0.00730473	0.298547	0.452872	0.241276
4804	-68.76703	-87.9727	19.20567	0	1	1	0	0.006419566	0.0005646714	0.000604254	0.000604254	0.0454086	0.0454086	0.005871554	0.002886049	0.00491212	0.200761	0.632079	0.162248
4805	-63.63905	-86.96982	23.33077	0	0	1	0	0.006982114	0.001374459	0.0007432561	0.006025058	0.03755366	0.03755366	0.01328556	0.001731885	0.0040046	0.348421	0.515302	0.132272
4806	-65.76653	-88.89824	23.13171	0	0	1	0	0.006982114	0.001374459	0.004938656	0.002738225	0.03755366	0.03755366	0.01328556	0.001961975	0.00214934	0.187004	0.276572	0.534274
4807	-66.5253	-87.33383	20.80852	0	1	0	0	0.006982114	0.0007669507	0.002441367	0.002441367	0.03755366	0.01920072	0.01328556	0.001893043	0.147609	0.291409	0.521809	0.0391733
4808	-67.9073	-85.27652	17.36922	0	0	0	1	0.006982114	0.0007669507	0.0007397698	0.002962376	0.0577141	0.01919774	0.01343343	0.01343343	0.420495	0.13317	0.428433	0.0179017
4809	-71.72917	-86.80084	15.07166	0	1	1	0	0.006982114	0.003640499	0.0007397698	0.0007397698	0.04948495	0.04948495	0.02341538	0.001138802	0.420495	0.13317	0.428433	0.0179017
4810	-63.19932	-86.94464	23.74532	0	0	0	0	0.007119935	0.001745291	0.0007397698	0.003279474	0.04948495	0.0206997	0.01162254	0.0001702404	0.547194	0.173296	0.256215	0.0232957
4811	-69.7045	-85.86112	16.15662	0	1	0	0	0.009200156	0.001745291	0.0005953626	0.0005953626	0.06469036	0.02070229	0.01162254	0.0001766355	0.547194	0.173296	0.256215	0.0232957
4812	-75.6094	-91.32879	15.71939	1	1	1	0	0.009200156	0.009200156	0.0005953626	0.0005953626	0.03137372	0.03137372	0.01078364	0.0002064505	0.420032	0.133024	0.429062	0.017882
4813	-66.62731	-88.82764	22.20034	1	0	0	0	0.00464723	0.00464723	0.0004277918	0.00282464	0.05248876	0.00282125	0.01078364	0.0001688472	0.328071	0.1039	0.554062	0.013967
4814	-65.71706	-88.22915	22.51209	0	0	0	0	0.01035641	0.00124933	0.000756676	0.003602902	0.0333002	0.01296537	0.01455983	0.02512532	0.362597	0.114834	0.43949	0.0830786
4815	-59.32339	-88.26556	28.94216	0	0	0	0	0.006115946	0.001361253	0.001041388	0.003598061	0.0333002	0.001226972	0.01455983	0.003931934	0.112201	0.154395	0.590895	0.142509
4816	-70.0159	-89.95247	19.93657	0	1	0	1	0.003787503	0.0003307974	0.001297885	0.001297885	0.03246711	0.01153324	0.008157352	0.008157352	0.126824	0.174517	0.537576	0.161082
4817	-71.07746	-87.89946	16.822	0	1	1	0	0.01101918	0.001201174	0.001297885	0.001297885	0.03562626	0.03562626	0.02404625	0.002198725	0.130058	0.15347	0.551283	0.165189
4818	-64.26382	-89.58162	25.3178	0	0	1	0	0.009116784	0.001201174	0.0001994926	0.004379724	0.02518895	0.02518895	0.01426637	0.00197753	0.115181	0.250302	0.488224	0.146294
4819	-76.03774	-86.33627	10.29853	1	1	1	0	0.006918741	0.006918741	0.002192308	0.002192308	0.05892407	0.05892407	0.01426637	0.000865541	0.0364628	0.180655	0.36939	0.413493
4820	-72.98303	-94.12222	21.13919	1	0	1	0	0.006918741	0.006918741	0.002192308	0.005092444	0.02225908	0.02225908	0.01336673	0.000865541	0.040002	0.324115	0.111089	0.524795
4821	-77.21773	-94.54005	17.32231	0	0	1	1	0.005778908	0.004175082	0.002548963	0.01439365	0.02225908	0.02225908	0.02337195	0.02337195	0.0422972	0.285336	0.117462	0.554905
4822	-69.4602	-91.11973	21.65953	0	0	1	1	0.005778908	0.0002314596	0.002548963	0.002230038	0.02225908	0.02225908	0.01467003	0.01467003	0.0683347	0.296182	0.224036	0.411448
4823	-72.29713	-85.66798	13.37085	0	1	1	0	0.005198266	0.002504111	0.002548963	0.002548963	0.06985117	0.06985117	0.01467003	0.0003577182	0.0683347	0.296182	0.224036	0.411448
4824	-75.83891	-86.65039	10.81148	0	0	1	1	0.01365885	0.008089502	0.002548963	0.002890754	0.06985117	0.06985117	0.01273084	0.01273084	0.0443933	0.192413	0.37522	0.387974
4825	-74.73055	-87.94367	13.21312	0	1	1	0	0.01365885	0.008089502	0.002548963	0.002548963	0.05427142	0.05427142	0.01686357	0.0006002336	0.0343742	0.386914	0.552734	0.0259779
4826	-80.96349	-86.56124	5.59775	1	1	1	1	0.008897003	0.008897003	0.0007720921	0.0007720921	0.05399581	0.05399581	0.01685375	0.01685375	0.0404975	0.2777	0.651197	0.0306056
4827	-69.21746	-85.52336	16.3059	0	1	1	0	0.008897003	0.001831673	0.0007720921	0.0007720921	0.04418237	0.04418237	0.01685375	0.005804685	0.0126658	0.0392193	0.748692	0.199423
4828	-73.10675	-88.2109	15.10415	0	1	1	1	0.008897003	0.001302014	0.0007720921	0.0007720921	0.02785368	0.02785368	0.01685375	0.01685375	0.010968	0.0339622	0.782379	0.172691
4829	-74.47638	-89.52367	15.04729	0	1	1	1	0.008676999	0.001847255	0.0007720921	0.0007720921	0.02785368	0.02785368	0.01685375	0.01685375	0.0664843	0.0958892	0.0392972	0.798329
4830	-63.94054	-89.23104	25.29051	0	0	1	0	0.005213284	0.001789449	0.0007720921	0.0003674682	0.02785368	0.02785368	0.01987757	0.0006126213	0.135846	0.195929	0.648902	0.019323
4831	-73.94019	-92.4593	18.51911	1	1	0	0	0.005213284	0.005213284	0.001830565	0.001830565	0.02529044	0.01239589	0.01987757	0.001074135	0.281352	0.40579	0.272838	0.04002
4832	-68.84067	-90.12977	21.28911	0	1	1	0	0.006697422	0.0004743211	0.001830565	0.001830565	0.03254009	0.03254009	0.006202152	0.002092753	0.02412	0.385625	0.321873	0.268382
4833	-74.913	-91.10649	16.19349	1	0	1	1	0.00419595	0.00419595	0.001708715	0.001097843	0.03254009	0.03254009	0.00990482	0.00990482	0.626497	0.0422001	0.057158	0.274145
4834	-82.02479	-91.5472	9.522403	1	1	1	1	0.008214749	0.008214749	0.003137875	0.003137875	0.03681192	0.03681192	0.00990482	0.00990482	0.451786	0.351689	0.086062	0.110463
4835	-68.1716	-95.51188	27.34028	0	0	0	1	0.001816124	0.0001876885	0.001770797	0.004757289	0.02747511	0.0001697436	0.008584576	0.008584576	0.137352	0.507453	0.195808	0.159387
4836	-68.863	-91.84823	22.98523	1	0	0	0	0.001816124	0.001816124	0.001770797	7.513389e-05	0.04010261	0.0123202	0.01254809	0.001039541	0.239475	0.349196	0.30165	0.10968
4837	-82.10594	-92.71413	10.6082	1	1	1	1	0.001816124	0.001816124	0.001770797	0.001770797	0.04010261	0.04010261	0.008169027	0.008169027	0.603657	0.181981	0.157203	0.0571588
4838	-75.5506	-92.15803	16.60742	1	0	0	0	0.002118159	0.002118159	0.002268042	0.008460134	0.04010261	0.02626619	0.01554558	0.01139327	0.603657	0.181981	0.157203	0.0571588
4839	-79.21667	-95.9193	16.70263	1	1	0	1	0.002118159	0.002118159	0.001780806	0.001780806	0.02146944	0.00562111	0.01554558	0.01554558	0.55047	0.254055	0.143352	0.0521227
4840	-74.03366	-90.9291	16.89545	1	0	0	1	0.002118159	0.002118159	0.003399592	0.001503111	0.0452297	0.005620656	0.01709812	0.01709812	0.00358249	0.341813	0.387301	0.267304
4841	-73.2584	-90.02575	16.76735	1	0	1	0	0.00254165	0.00254165	0.003399592	0.002638335	0.0452297	0.0452297	0.01094787	0.01094492	0.0312365	0.4031	0.456744	0.108919
4842	-75.22217	-90.08958	14.86741	1	0	0	1	0.004550146	0.004550146	0.003399592	0.003500691	0.03489365	0.02423526	0.01599051	0.01599051	0.0340009	0.350277	0.497165	0.118558
4843	-72.22963	-90.04757	17.81794	0	1	0	1	0.004874298	0.002727806	0.003399592	0.003399592	0.03489365	0.005227807	0.01856949	0.01856949	0.019402	0.199879	0.373437	0.407281
4844	-73.73684	-90.91304	17.17621	0	1	1	0	0.01053581	0.002727806	0.003399592	0.003399592	0.02722964	0.02722964	0.01901132	0.01045921	0.0706967	0.189424	0.353903	0.385977
4845	-69.56936	-87.40921	17.83985	0	1	1	0	0.00545618	0.001869555	0.001502507	0.001502507	0.0379022	0.0379022	0.01901132	0.003825521	0.0899648	0.293077	0.450358	0.166601
4846	-69.26164	-87.63922	18.37758	0	1	0	0	0.006916549	0.002679176	0.001502507	0.001502507	0.05742865	0.004085048	0.01901132	0.004405327	0.218492	0.542937	0.102944	0.135626
4847	-80.5877	-91.31907	10.73136	1	1	0	1	0.007338183	0.007338183	0.004751483	0.004751483	0.05644962	0.004086397	0.008065511	0.008065511	0.607029	0.273009	0.0517642	0.0681978
4848	-69.23317	-92.34645	23.11328	1	0	0	0	0.007338183	0.007338183	0.00459669	0.0001070486	0.03940674	0.007516101	0.008065511	0.001909773	0.575123	0.295175	0.0559671	0.073735
4849	-77.69165	-91.69575	14.0041	1	1	1	0	0.01048539	0.01048539	0.0007600776	0.0007600776	0.03620479	0.03620479	0.01075982	0.003760833	0.519035	0.266389	0.148032	0.0665441
4850	-64.47217	-89.20309	24.73092	0	1	0	0	0.008098359	0.0006563539	0.0007600776	0.0007600776	0.03620479	0.0003602654	0.01075982	0.002847394	0.564838	0.289897	0.09354	0.0517251
4851	-67.19651	-87.03162	19.83511	0	1	0	0	0.008098359	0.0006563539	0.0006785211	0.0006785211	0.05914787	0.0003606282	0.01075982	0.007989846	0.527102	0.337338	0.0872907	0.0482693
4852	-72.87631	-92.41654	19.54023	0	0	1	1	0.007749117	0.0009185404	0.0006785211	0.01207537	0.02305925	0.02305925	0.01536019	0.01536019	0.499289	0.383714	0.0620928	0.0549051
4853	-77.71676	-96.33209	18.61533	0	1	1	1	0.004656168	0.002512979	0.0002825437	0.0002825437	0.02305925	0.02305925	0.005083405	0.005083405	0.735554	0.0920843	0.0914753	0.0808864
4854	-75.52697	-93.93545	18.40847	1	1	0	1	0.003571949	0.003571949	0.0004809569	0.0004809569	0.02305925	0.002340666	0.007324748	0.007324748	0.0661811	0.022607	0.870676	0.0405363
4855	-80.1238	-93.03264	12.90885	1	1	1	1	0.003797022	0.003797022	0.0004809569	0.0004809569	0.02709596	0.02709596	0.007324748	0.007324748	0.484165	0.0651094	0.333979	0.116747
4856	-76.16204	-93.43787	17.27584	1	0	1	1	0.002774768	0.002774768	9.229754e-05	0.005239304	0.02709596	0.02709596	0.008054018	0.008054018	0.497168	0.170962	0.211989	0.119882
4857	-71.86486	-88.50417	16.63932	0	0	1	1	0.002774768	0.002703466	0.0007653449	0.004414169	0.04839652	0.04839652	0.01738016	0.01738016	0.539503	0.156568	0.194141	0.109788
4858	-70.43442	-90.74573	20.31131	0	0	1	1	0.006541871	0.002715836	0.0007653449	0.004163598	0.0289461	0.0289461	0.01229764	0.01229764	0.731404	0.115159	0.0726854	0.0807519
4859	-74.40493	-89.66275	15.25782	0	1	1	1	0.006565743	0.002715836	0.0007653449	0.0007653449	0.03048659	0.03048659	0.01426599	0.01426599	0.549671	0.11592	0.0731654	0.261244
4860	-74.34855	-86.79517	12.44662	0	1	1	1	0.006519451	0.002142504	0.0007653449	0.0007653449	0.05041149	0.05041149	0.011041	0.011041	0.439089	0.293777	0.0584462	0.208688
4861	-72.13096	-86.5672	14.43625	0	1	1	0	0.00996904	0.0008794155	0.0003993889	0.0003993889	0.05041149	0.05041149	0.01832721	0.009049592	0.474933	0.317758	0.0632172	0.144092
4862	-71.45234	-88.47498	17.02265	0	1	1	0	0.005786704	0.0008794155	0.0003993889	0.0003993889	0.04296822	0.04296822	0.008543184	0.01566483	0.474933	0.317758	0.0632172	0.144092
4863	-73.77549	-88.08072	14.30522	0	1	1	1	0.005786704	0.001827006	0.001122991	0.001122991	0.03357082	0.03357082	0.01794093	0.01794093	0.246366	0.25926	0.328346	0.166029
4864	-64.39494	-88.20586	23.81092	0	0	0	1	0.006510504	0.002964443	0.001027728	0.0008851921	0.03357082	0.002049882	0.01794093	0.01794093	0.0895006	0.116452	0.719472	0.0745753
4865	-73.77807	-89.65844	15.88037	0	1	0	1	0.0140934	0.0008276328	0.0005273372	0.0005273372	0.03357082	0.01381553	0.01794093	0.01794093	0.157498	0.593012	0.226058	0.0234316
4866	-70.50869	-85.44596	14.93727	0	0	1	1	0.009013731	0.0009498622	0.0005273372	0.008076814	0.05018001	0.05018001	0.0174225	0.0174225	0.306733	0.207375	0.440258	0.0456339
4867	-68.89038	-86.6747	17.78432	0	1	1	0	0.009013731	0.001595734	0.0005947929	0.0005947929	0.03682382	0.03682382	0.01522894	0.0066279	0.130644	0.0883252	0.761595	0.0194364
4868	-65.73784	-88.96349	23.22565	0	0	0	1	0.009013731	0.001595734	0.0005947929	0.002026546	0.03682382	0.003013703	0.01522894	0.01522894	0.0220206	0.575017	0.12837	0.274593
4869	-62.34204	-88.16188	25.81985	0	0	0	0	0.01115612	0.001178897	0.0009491696	0.005074835	0.03682382	0.002431364	0.01716901	0.008212225	0.00480961	0.438956	0.49626	0.059975
4870	-80.46907	-93.01749	12.54842	1	1	1	1	0.003549932	0.003549932	0.0009491696	0.0009491696	0.02045157	0.02045157	0.01580967	0.01580967	0.00480961	0.438956	0.49626	0.059975
4871	-64.87783	-93.95842	29.08058	0	0	0	0	0.005465623	0.003479522	0.003770226	0.002674975	0.02045157	0.01477816	0.01109627	0.002627472	0.0060632	0.553366	0.364963	0.075607
4872	-63.40392	-88.92629	25.52238	0	0	1	0	0.005465623	0.003257739	0.0006919274	0.001103937	0.03159148	0.03159148	0.01083656	0.002212595	0.0117185	0.136783	0.705371	0.146127
4873	-69.88562	-92.25188	22.36625	0	0	1	1	0.005465623	0.002014381	0.003275198	0.00120396	0.02088024	0.02088024	0.01083656	0.01083656	0.0387906	0.262092	0.611173	0.0879447
4874	-69.36746	-92.47913	23.11167	0	1	1	0	0.005465623	0.0001064125	0.003275198	0.003275198	0.02088024	0.02088024	0.009464351	0.0002203005	0.137549	0.137146	0.413458	0.311847
4875	-70.15323	-86.87299	16.71976	0	1	0	1	0.005465623	0.002045778	0.0008895878	0.0008895878	0.05576262	0.0023463	0.009464351	0.009464351	0.253191	0.0620068	0.482853	0.201949
4876	-69.03896	-92.82272	23.78376	0	1	0	0	0.005465623	0.005224318	0.000998214	0.000998214	0.02478216	0.002345146	0.007943808	0.01834558	0.213422	0.0522672	0.564083	0.170228
4877	-74.09953	-89.76213	15.66259	0	1	1	1	0.005465623	0.001816912	0.000998214	0.000998214	0.02478216	0.02478216	0.01942129	0.01942129	0.120201	0.0584616	0.630935	0.190403
4878	-74.57171	-91.44625	16.87455	0	1	0	1	0.007251303	0.001816912	0.003632058	0.003632058	0.02478216	0.0277869	0.009819547	0.009819547	0.160909	0.0782609	0.449066	0.311763
4879	-78.14878	-94.49364	16.34487	0	1	1	1	0.00243349	0.001812684	0.003632058	0.003632058	0.02202725	0.02202725	0.01867608	0.01867608	0.160909	0.0782609	0.449066	0.311763
4880	-73.25482	-97.24316	23.98834	1	0	0	1	0.00243349	0.00243349	0.003632058	0.0003755676	0.02202725	0.0002686284	0.005660517	0.005660517	0.148065	0.0720137	0.436602	0.343319
4881	-75.17593	-92.30161	17.12568	0	1	0	1	0.008508831	0.004303665	0.0002354247	0.0002354247	0.04841718	0.007614199	0.004573112	0.004573112	0.468207	0.0585289	0.194233	0.279032
4882	-73.4689	-88.21756	14.74866	0	1	0	1	0.005536429	0.002489583	0.004356898	0.004356898	0.04841718	0.007610976	0.01883803	0.01883803	0.252147	0.0327052	0.559229	0.155919
4883	-71.34962	-89.73266	18.38304	0	0	1	1	0.01284697	0.001955783	0.001443228	0.004393302	0.02876033	0.02876033	0.01706057	0.01706057	0.252147	0.0327052	0.559229	0.155919
4884	-74.51527	-84.51183	9.996554	0	1	1	1	0.009955317	0.001955783	0.001215985	0.001215985	0.05757438	0.05757438	0.01419287	0.01419287	0.10053	0.0511695	0.604354	0.243946
4885	-71.9844	-86.63913	14.65474	0	1	0	1	0.009955317	0.001955783	0.001215985	0.001215985	0.05757438	0.002892029	0.01419287	0.01419287	0.171325	0.431642	0.159499	0.237533
4886	-71.15739	-91.3249	20.16751	1	0	0	0	0.002745473	0.002745473	0.001215985	0.001012571	0.03530823	0.002892571	0.01419287	0.02842234	0.106969	0.269502	0.180467	0.443062
4887	-68.97233	-89.45576	20.48344	0	0	1	1	0.002745473	0.001217573	0.0009314488	5.019386e-05	0.03530823	0.03530823	0.01419287	0.01419287	0.104991	0.264517	0.395937	0.234556
4888	-71.29786	-87.66777	16.36991	1	0	1	0	0.006994543	0.006994543	0.0009314488	0.001586558	0.04212573	0.04212573	0.01419287	0.01214431	0.100005	0.251954	0.424625	0.223416
4889	-73.23728	-86.57509	13.33782	0	1	1	1	0.008385447	0.001152153	0.0002012693	0.0002012693	0.04185034	0.04185034	0.01419287	0.01419287	0.0792562	0.19968	0.336527	0.384537
4890	-72.3567	-87.09554	14.73885	0	1	1	1	0.008385447	0.0009780615	0.001231618	0.001231618	0.0329801	0.0329801	0.01419287	0.01419287	0.206942	0.0346113	0.749332	0.00911417
4891	-71.46785	-89.49086	18.023	0	0	1	0	0.008385447	0.001964231	0.001231618	0.01963417	0.0329801	0.0329801	0.01095414	0.02290707	0.206942	0.0346113	0.749332	0.00911417
4892	-66.75349	-89.81865	23.06516	0	1	0	0	0.01226406	0.0008804185	0.001231618	0.001231618	0.02740905	0.004411389	0.01095414	0.0120646	0.308291	0.0301882	0.653571	0.00794942
4893	-62.97321	-90.21005	27.23684	0	0	1	0	0.003496816	0.0004895664	0.001231618	0.0004987845	0.02740905	0.02740905	0.01095414	0.001273014	0.308291	0.0301882	0.653571	0.00794942
4894	-67.7768	-88.14251	20.36571	0	1	1	0	0.003496816	0.000458659	0.001231618	0.001231618	0.0367779	0.0367779	0.01095414	0.002200049	0.0892725	0.0397468	0.860514	0.0104665
4895	-69.91513	-90.30574	20.39061	0	1	1	0	0.0022949	0.000458659	0.001231618	0.001231618	0.0367779	0.0367779	0.01201364	0.002200049	0.47781	0.0852219	0.419097	0.0178714
4896	-80.09757	-90.62543	10.52786	1	1	1	1	0.0022949	0.0022949	0.001231618	0.001231618	0.0367779	0.0367779	0.01201364	0.01201364	0.456781	0.0814712	0.400652	0.0610955
4897	-77.56855	-87.6908	10.12226	0	1	1	1	0.008931634	0.008926148	0.001617745	0.001617745	0.05707216	0.05707216	0.007627626	0.007627626	0.0223556	0.0827637	0.832816	0.0620647
4898	-66.58313	-88.71279	22.12965	0	0	1	0	0.008931634	0.006357455	0.001617745	0.004664075	0.04486562	0.04486562	0.007627626	0.0005023041	0.0184207	0.0681963	0.686231	0.227152
4899	-63.77302	-87.24627	23.47325	0	1	0	0	0.008931634	0.0008093165	0.001617745	0.001617745	0.04486562	0.0006572837	0.007627626	0.002371802	0.0190963	0.0340223	0.711398	0.235483
4900	-74.63345	-88.9574	14.32395	1	0	1	1	0.007304141	0.007304141	0.001617745	0.001720072	0.0370045	0.0370045	0.01249486	0.01249486	0.0600397	0.106968	0.0926223	0.74037
4901	-65.28606	-85.49937	20.21331	0	0	1	0	0.007304141	9.177905e-05	0.001617745	0.001720072	0.04925471	0.04925471	0.01198534	0.01355432	0.171557	0.317717	0.264658	0.246068
4902	-63.96419	-88.40347	24.43929	0	0	0	1	0.006997602	0.000639925	0.002600386	0.001808589	0.03811319	0.0009859104	0.0102096	0.0102096	0.168302	0.311688	0.278612	0.241399
4903	-63.7485	-88.44621	24.69771	0	0	0	1	0.006997602	0.0007505973	0.002684593	0.0001367903	0.03811319	0.0009846397	0.0102096	0.0102096	0.13458	0.449602	0.222787	0.193031
4904	-66.7695	-90.5336	23.76409	0	0	0	1	0.006997602	0.001048847	0.005819363	0.0001367903	0.03811319	0.005264912	0.007836638	0.007836638	0.284183	0.143723	0.21487	0.357224
4905	-68.30647	-90.88134	22.57487	0	0	1	1	0.004836349	0.001424628	0.0008246434	0.0001745753	0.02738582	0.02738582	0.007836638	0.007836638	0.184342	0.126008	0.376456	0.313193
4906	-68.5305	-91.05221	22.52171	0	0	1	1	0.004836349	0.001424628	0.00113473	0.001181046	0.02738582	0.02738582	0.006824155	0.006824155	0.141993	0.0970602	0.572649	0.188298
4907	-79.16993	-91.19305	12.02312	1	1	1	1	0.004795589	0.004795589	0.001717548	0.001717548	0.02573033	0.02573033	0.01152163	0.01152163	0.124538	0.0990349	0.584299	0.192128
4908	-64.0057	-87.92562	23.91992	0	1	0	0	0.004795589	0.0007933972	0.001717548	0.001717548	0.04169955	0.001159146	0.01274521	0.001415603	0.396296	0.0482962	0.284944	0.270463
4909	-64.88334	-86.90548	22.02214	0	0	0	1	0.00600342	0.001577619	0.002366671	0.000418392	0.05194184	0.001159651	0.01171383	0.01171383	0.396296	0.0482962	0.284944	0.270463
4910	-62.66195	-90.20152	27.53956	0	0	0	0	0.00524231	0.0006283853	0.0001481346	0.0004918556	0.02793499	0.003585071	0.01171383	0.02341398	0.30987	0.0377636	0.440887	0.211479
4911	-73.57546	-87.4611	13.88564	0	0	1	1	0.01086413	0.003003524	0.0001481346	0.01453375	0.04385957	0.04385957	0.01977653	0.01977653	0.269375	0.163514	0.383269	0.183842
4912	-76.00604	-89.74273	13.73669	1	0	1	0	0.01086413	0.01086413	0.0001481346	0.01103265	0.04385957	0.04385957	0.02225211	0.004881072	0.29533	0.254706	0.420198	0.0297662
4913	-71.41743	-86.33175	14.91432	0	1	1	0	0.01008198	0.001389702	0.002665317	0.002665317	0.04761112	0.04761112	0.02225211	0.002301296	0.151842	0.130955	0.701899	0.0153041
4914	-74.57974	-89.59274	15.013	0	1	1	0	0.01008198	0.005284516	0.004652714	0.004652714	0.03911277	0.03911277	0.01421863	0.01238644	0.137856	0.211002	0.637248	0.0138944
4915	-68.03222	-86.79822	18.76601	0	0	1	1	0.006412876	0.003060355	0.001049658	0.0009423425	0.03858574	0.03858574	0.01421863	0.01421863	0.151174	0.0344679	0.799122	0.0152368
4916	-70.34529	-88.53233	18.18704	0	0	1	1	0.003791458	0.0007286665	0.00274187	0.007514994	0.03858574	0.03858574	0.01421863	0.01421863	0.114145	0.0640373	0.157423	0.664394
4917	-73.27227	-87.49359	14.22131	0	1	1	1	0.004649354	0.002567407	0.0007072872	0.0007072872	0.03858574	0.03858574	0.01421863	0.01421863	0.117286	0.0638103	0.156865	0.662039
4918	-79.14886	-86.72113	7.572267	1	1	1	1	0.004649354	0.004649354	0.001293597	0.001293597	0.04906269	0.04906269	0.01421863	0.01421863	0.245696	0.0197062	0.140716	0.593882
4919	-72.22952	-87.73331	15.50379	0	1	0	0	0.004649354	0.00501151	0.0009759059	0.0009759059	0.05441592	0.02852405	0.01024745	0.008642676	0.167011	0.0217619	0.155395	0.655832
4920	-68.83007	-89.93826	21.10819	0	1	0	1	0.004649354	0.001228141	0.0009759059	0.0009759059	0.02449648	0.005073976	0.01444828	0.01444828	0.040381	0.00526172	0.795786	0.158571
4921	-69.62362	-91.1457	21.52208	0	1	1	0	0.002971341	0.001228141	0.0009759059	0.0009759059	0.02449648	0.02449648	0.01460043	0.004232372	0.042432	0.00552896	0.836205	0.115834
4922	-70.75419	-91.92386	21.16967	0	1	0	1	0.006029592	0.00426849	0.002823298	0.002823298	0.02449648	0.002734192	0.01016843	0.01016843	0.0224938	0.00293098	0.91317	0.0614052
4923	-67.2025	-92.95115	25.74865	1	0	0	0	0.003146621	0.003146621	0.0007635975	0.006247282	0.02568236	0.002735648	0.01016843	0.005121591	0.0224938	0.00293098	0.91317	0.0614052
4924	-73.99577	-89.30896	15.31319	1	1	1	0	0.003146621	0.003146621	0.0007635975	0.0007635975	0.03815179	0.03815179	0.01087817	0.001542644	0.174147	0.0226916	0.745204	0.0579571
4925	-63.8975	-88.40463	24.50713	0	0	1	0	0.00535285	0.004302856	0.001388754	0.0003113269	0.03815179	0.03815179	0.009865265	0.001594302	0.162464	0.0882541	0.695212	0.054069
4926	-70.41512	-93.65194	23.23682	1	0	1	0	0.005943096	0.005943096	0.001388754	0.0002438477	0.02026947	0.02026947	0.009865265	0.0009857983	0.470775	0.0535419	0.430046	0.0456375
4927	-81.4924	-94.02134	12.52894	1	1	1	0	0.007923632	0.007923632	0.001388754	0.001388754	0.02026947	0.02026947	0.02120666	0.0196204	0.382946	0.230116	0.349815	0.0371232
4928	-68.59023	-88.97406	20.38383	0	1	1	0	0.004823429	0.002606766	0.000860546	0.000860546	0.03591119	0.03591119	0.0102459	0.0005677174	0.407966	0.179815	0.372671	0.0395487
4929	-72.76526	-91.25383	18.48856	0	1	0	1	0.004823429	0.002606766	0.00351248	0.00351248	0.03591119	0.01173655	0.007266184	0.007266184	0.407966	0.179815	0.372671	0.0395487
4930	-68.26499	-88.98737	20.72238	0	0	1	1	0.006485426	0.0009450193	0.002099493	0.0003716983	0.03591119	0.03591119	0.007266184	0.007266184	0.44715	0.101039	0.408464	0.0433473
4931	-68.74568	-87.35756	18.61187	0	1	0	1	0.005548894	0.0009450193	0.002099493	0.002099493	0.04745994	0.0001846118	0.008913293	0.008913293	0.171111	0.149498	0.5486	0.130791
4932	-71.51467	-87.62354	16.10887	0	0	1	1	0.004303939	0.00140796	0.002099493	0.006747509	0.05599643	0.05599643	0.008913293	0.008913293	0.431004	0.102624	0.37659	0.0897821
4933	-77.13392	-92.59424	15.46032	1	1	1	0	0.004303939	0.004303939	0.002099493	0.002099493	0.02247748	0.02247748	0.01688316	0.007877169	0.397032	0.108751	0.399075	0.0951426
4934	-65.63127	-91.44968	25.81841	0	0	0	1	0.004190707	0.002469837	0.002099493	0.0007507448	0.02469503	0.002377569	0.01688316	0.01688316	0.0877172	0.0358389	0.432597	0.443847
4935	-63.93445	-88.92463	24.99018	0	0	1	0	0.005562994	0.00217271	0.002099493	0.0007001579	0.03030468	0.03030468	0.01688316	0.0004808856	0.0425143	0.140583	0.403209	0.413694
4936	-68.20787	-90.7374	22.52953	1	0	0	0	0.004354014	0.004354014	0.0003714597	0.0058992	0.03030468	0.01616528	0.01480981	0.0003746974	0.03615	0.119538	0.492547	0.351765
4937	-65.91738	-88.81864	22.90126	0	0	0	1	0.004559737	1.591492e-05	0.0004367873	0.004985182	0.02918338	0.01616202	0.01480981	0.01480981	0.123065	0.155623	0.599763	0.121549
4938	-73.68666	-87.38932	13.70266	0	1	1	1	0.008615468	0.00308817	0.001357867	0.001357867	0.03582386	0.03582386	0.01480981	0.01480981	0.123065	0.155623	0.599763	0.121549
4939	-68.18069	-87.01064	18.82996	0	1	0	1	0.008615468	0.000277149	0.001927468	0.001927468	0.03582386	0.002450052	0.01480981	0.01480981	0.123065	0.155623	0.599763	0.121549
4940	-64.23425	-87.65723	23.42297	0	1	0	0	0.009125417	0.001258251	0.001927468	0.001927468	0.03582386	0.002447013	0.01480981	0.001776774	0.115873	0.204772	0.519418	0.159936
4941	-72.35999	-93.23725	20.87726	1	1	0	0	0.008231611	0.008231611	0.001927468	0.001927468	0.02724664	0.001688222	0.009288548	0.003810583	0.115873	0.204772	0.519418	0.159936
4942	-66.13881	-92.23909	26.10028	0	1	0	0	0.008231611	0.00270822	0.001927468	0.001927468	0.02724664	0.002963291	0.006990565	0.001786433	0.125579	0.478908	0.302399	0.0931131
4943	-67.37341	-92.7952	25.42179	0	0	0	1	0.008231611	0.000790462	0.001927468	0.006495881	0.02431336	0.00698586	0.006990565	0.006990565	0.114582	0.436969	0.275917	0.172532
4944	-70.01355	-95.31889	25.30534	0	1	0	0	0.008231611	0.0002241981	0.007565585	0.007565585	0.02431336	0.002697944	0.007623418	0.005745177	0.114582	0.436969	0.275917	0.172532
4945	-73.96921	-93.53371	19.5645	0	0	1	1	0.008497617	0.00190573	0.007565585	0.002547658	0.0357629	0.0357629	0.003422681	0.003422681	0.144621	0.551525	0.0860912	0.217763
4946	-68.93282	-93.94338	25.01056	0	0	0	0	0.008497617	0.000569511	0.007565585	0.002930699	0.04136456	0.02456001	0.001005994	0.001130644	0.144621	0.551525	0.0860912	0.217763
4947	-76.18452	-94.36254	18.17802	0	0	1	1	0.00866615	0.004953929	0.007565585	0.003446503	0.04136456	0.04136456	0.001636208	0.001636208	0.135004	0.445473	0.243634	0.17589
4948	-70.53336	-93.51237	22.97901	0	0	0	0	0.004678679	0.002248008	0.007957056	0.009117089	0.05210276	0.007685483	0.002701753	0.01275439	0.135004	0.445473	0.243634	0.17589
4949	-67.1308	-91.05571	23.92491	0	0	0	0	0.006475281	0.001183728	0.007957056	0.007735765	0.05210276	0.007691139	0.008522056	0.00216684	0.0811802	0.705043	0.146501	0.0672757
4950	-73.21222	-88.97926	15.76704	0	1	1	0	0.01087307	0.004967561	0.002096191	0.002096191	0.05328331	0.05328331	0.008522056	0.001681731	0.0879437	0.760591	0.078585	0.0728807
4951	-73.42865	-93.46103	20.03238	0	0	1	0	0.01087307	0.009329814	0.002096191	0.01864626	0.03382388	0.03382388	0.01064174	0.001152032	0.244461	0.334502	0.218446	0.20259
4952	-79.76751	-89.35085	9.583336	1	1	1	1	0.006392316	0.006392316	0.001510673	0.001510673	0.03382388	0.03382388	0.01599395	0.01599395	0.308469	0.160254	0.275643	0.255635
4953	-74.15008	-87.31041	13.16033	0	1	1	1	0.006392316	0.003504858	0.000788306	0.000788306	0.04011789	0.04011789	0.01599395	0.01599395	0.335732	0.148985	0.237055	0.278228
4954	-71.96419	-90.11249	18.1483	1	0	1	0	0.005138868	0.005138868	0.000788306	0.005835664	0.04206586	0.04206586	0.006478279	0.007495961	0.359074	0.208369	0.198997	0.23356
4955	-65.70944	-88.04901	22.33957	0	0	1	0	0.007350895	0.002613364	0.0004183558	0.0009939656	0.04773551	0.04773551	0.006909477	0.007344153	0.399389	0.119489	0.221339	0.259783
4956	-69.41027	-90.83065	21.42038	0	0	1	1	0.006345196	0.002173576	0.001941542	0.0009939656	0.03072265	0.03072265	0.006909477	0.006909477	0.399389	0.119489	0.221339	0.259783
4957	-60.67026	-90.58586	29.9156	0	0	0	0	0.006345196	0.002173576	0.002553887	0.0004709804	0.028954	0.001220701	0.01298924	0.004859857	0.318768	0.0953687	0.17666	0.409204
4958	-71.48399	-90.39199	18.908	0	0	1	1	0.006345196	0.004078612	0.005583136	0.001342141	0.03529206	0.03529206	0.01081628	0.01081628	0.213526	0.0638826	0.448487	0.274105
4959	-71.55346	-89.13237	17.5789	1	0	0	1	0.006345196	0.006345196	0.0005382604	0.00105921	0.03529206	0.01522728	0.01259792	0.01259792	0.0632651	0.0202415	0.7777	0.138794
4960	-67.25593	-87.05465	19.79872	0	1	1	0	0.006345196	0.0009640611	0.0005382604	0.0005382604	0.03529206	0.03529206	0.01259792	0.002624901	0.0749619	0.0536436	0.70694	0.164454
4961	-70.06176	-87.36676	17.305	0	1	0	1	0.006345196	0.001711071	0.001021863	0.001021863	0.03529206	0.01565858	0.01259792	0.01259792	0.06722	0.0540925	0.712857	0.165831
4962	-70.12944	-88.58837	18.45893	0	1	0	1	0.006345196	0.001711071	0.0008836624	0.0008836624	0.03529206	0.009196213	0.01259792	0.01259792	0.183347	0.147541	0.216797	0.452314
4963	-69.53104	-88.46906	18.93802	0	0	1	1	0.006345196	0.003844648	0.0001181933	0.005087667	0.03529206	0.03529206	0.01259792	0.01259792	0.403083	0.0644354	0.0439863	0.488495
4964	-69.24794	-93.00586	23.75792	0	0	1	0	0.006345196	0.003056048	0.0007807669	0.007291184	0.02139475	0.02139475	0.01259792	0.01378682	0.403083	0.0644354	0.0439863	0.488495
4965	-70.00425	-92.76921	22.76496	0	1	1	0	0.005542072	0.003252915	0.001473213	0.001473213	0.02139475	0.02139475	0.00796446	0.001767925	0.348698	0.00738864	0.587899	0.0560145
4966	-76.36257	-94.40043	18.03786	1	1	1	0	0.006297164	0.006297164	0.001473213	0.001473213	0.02139475	0.02139475	0.00796446	0.001767925	0.606373	0.0128486	0.283371	0.0974073
4967	-69.82668	-89.31578	19.4891	0	1	1	0	0.004857929	0.00146765	0.003911824	0.003911824	0.04040601	0.04040601	0.00796446	0.001525623	0.0546618	0.0308573	0.680547	0.233934
4968	-76.02503	-88.62739	12.60236	1	0	1	1	0.005710377	0.005710377	0.00409622	0.001276887	0.04040601	0.04040601	0.01849947	0.01849947	0.0546618	0.0308573	0.680547	0.233934
4969	-73.70276	-95.54876	21.846	0	1	0	0	0.005438034	0.007822065	0.00409622	0.00409622	0.02167661	0.02715421	0.009120296	0.0008815289	0.171937	0.0986526	0.307634	0.421776
4970	-65.09902	-87.13382	22.0348	0	0	1	0	0.005438034	7.308522e-05	0.001019108	0.0007927814	0.04138113	0.04138113	0.02525507	0.001149825	0.308599	0.0823712	0.256862	0.352167
4971	-62.58254	-87.46068	24.87815	0	0	1	0	0.005952098	7.308522e-05	0.001019108	0.003081192	0.03899652	0.03899652	0.009452868	0.0002700174	0.211035	0.0939946	0.293108	0.401862
4972	-74.52865	-87.45684	12.92818	0	1	1	1	0.01402361	0.0001184331	0.001019108	0.001019108	0.03899652	0.03899652	0.01396754	0.01396754	0.191402	0.10687	0.295959	0.405769
4973	-74.68445	-89.12856	14.44411	0	0	1	1	0.01402361	0.003940561	0.0002645064	0.01233841	0.03899652	0.03899652	0.01942756	0.01942756	0.249555	0.148711	0.41183	0.189904
4974	-61.946	-89.37981	27.43381	0	0	0	0	0.007490137	0.004750126	0.0002645064	0.0006949495	0.03899652	0.001306318	0.0169731	0.003287803	0.173152	0.207956	0.353331	0.26556
4975	-65.35388	-87.7661	22.41222	0	1	0	0	0.009693628	0.0007346792	0.002662578	0.002662578	0.03899652	0.001306951	0.0169731	0.002582704	0.173152	0.207956	0.353331	0.26556
4976	-75.81963	-89.31249	13.49285	1	0	1	1	0.009693628	0.009693628	0.0005723078	0.004480746	0.03899652	0.03899652	0.01115205	0.01115205	0.0851903	0.102314	0.374817	0.437678
4977	-70.88068	-88.20651	17.32584	1	0	1	0	0.005864782	0.005864782	0.0005723078	0.003334515	0.03899652	0.03899652	0.02057175	0.003167603	0.0945887	0.113601	0.305846	0.485964
4978	-75.02252	-89.16119	14.13868	1	0	1	1	0.004969407	0.004969407	0.0004759186	0.002957756	0.03222628	0.03222628	0.02057175	0.02057175	0.0671588	0.0806579	0.507145	0.345039
4979	-80.59854	-90.32608	9.727542	1	1	1	1	0.003983739	0.003983739	0.0001141867	0.0001141867	0.03222628	0.03222628	0.02057175	0.02057175	0.143104	0.171868	0.100296	0.584732
4980	-80.17118	-87.64852	7.477339	1	1	1	1	0.005454052	0.005454052	0.0001141867	0.0001141867	0.04730465	0.04730465	0.01689438	0.01689438	0.369194	0.148245	0.258755	0.223807
4981	-73.26387	-84.53013	11.26627	0	0	1	1	0.005454052	0.0002476401	0.0001339611	0.008136577	0.07775233	0.07775233	0.01544408	0.01544408	0.369194	0.148245	0.258755	0.223807
4982	-76.48146	-90.29788	13.81642	1	1	1	0	0.006096067	0.006096067	0.0005262421	0.0005262421	0.03032913	0.03032913	0.02178646	0.004306536	0.0576222	0.18188	0.317463	0.443035
4983	-67.02558	-90.96953	23.94395	0	0	1	0	0.009359188	0.001503697	0.001153266	0.0118909	0.03032913	0.03032913	0.008771009	0.001181358	0.0210474	0.0664344	0.0780033	0.834515
4984	-74.24306	-88.7413	14.49825	0	1	1	1	0.011431	0.001503697	0.001153266	0.001153266	0.03628538	0.03628538	0.008771009	0.008771009	0.0220351	0.0768757	0.0274131	0.873676
4985	-77.42825	-92.62212	15.19387	1	1	1	0	0.007369158	0.007369158	0.001153266	0.001153266	0.03628538	0.03628538	0.004270419	0.006087104	0.0220351	0.0768757	0.0274131	0.873676
4986	-81.9654	-91.11892	9.153527	1	1	1	1	0.003585337	0.003585337	0.001247216	0.001247216	0.05107639	0.05107639	0.004270419	0.004270419	0.200865	0.232038	0.203239	0.363858
4987	-77.18375	-93.56273	16.37898	0	0	1	1	0.01419009	0.006228802	0.001034704	0.002433463	0.05107639	0.05107639	0.002960104	0.002960104	0.215038	0.227923	0.199634	0.357405
4988	-69.07283	-90.0634	20.99057	0	0	1	0	0.00837131	0.006228802	0.003306855	0.00343859	0.05107639	0.05107639	0.005759653	0.002900502	0.215038	0.227923	0.199634	0.357405
4989	-66.94062	-86.97301	20.03239	0	0	1	0	0.0114749	0.001567995	0.003136879	0.00343859	0.04870543	0.04870543	0.0154028	0.002836354	0.215038	0.227923	0.199634	0.357405
4990	-72.01848	-86.87174	14.85326	0	0	1	1	0.0114749	0.001567995	0.003136879	0.004979962	0.04870543	0.04870543	0.01678564	0.01678564	0.30039	0.171443	0.491062	0.0371042
4991	-71.15509	-88.67946	17.52437	0	0	0	1	0.0114749	0.001567995	0.0006437011	0.001387006	0.04870543	0.008274808	0.02885518	0.02885518	0.460303	0.262711	0.220129	0.0568566
4992	-74.05873	-88.28757	14.22884	0	0	1	1	0.0114749	0.001567995	0.0006437011	0.0004972162	0.04718352	0.04718352	0.02885518	0.02885518	0.460303	0.262711	0.220129	0.0568566
4993	-63.93522	-87.25458	23.31936	0	0	1	0	0.004062695	0.00236776	0.002004477	0.0005652504	0.04718352	0.04718352	0.01144513	0.0001324225	0.0625161	0.165914	0.675945	0.0956249
4994	-74.14149	-87.272	13.13051	0	1	1	1	0.004062695	0.0003380337	0.002230354	0.002230354	0.05021334	0.05021334	0.0101235	0.0101235	0.155598	0.411004	0.195395	0.238004
4995	-76.13108	-88.37542	12.24434	1	1	1	0	0.004062695	0.004062695	0.002230354	0.002230354	0.05021334	0.05021334	0.0101235	0.005406942	0.16101	0.390517	0.202191	0.246282
4996	-77.1852	-90.78342	13.59822	0	1	1	1	0.004062695	0.00324848	0.00214406	0.00214406	0.05021334	0.05021334	0.004623986	0.004623986	0.16101	0.390517	0.202191	0.246282
4997	-68.37673	-92.40176	24.02502	0	1	0	0	0.002089641	0.0007413142	0.001091768	0.001091768	0.05021334	0.0006121882	0.007030678	0.001945892	0.247313	0.156094	0.118625	0.477968
4998	-74.50752	-90.65815	16.15063	0	1	1	1	0.002089641	6.167419e-05	0.001087778	0.001087778	0.03220207	0.03220207	0.01425147	0.01425147	0.249336	0.157371	0.111417	0.481877
4999	-72.37194	-92.53132	20.15938	0	0	1	1	0.002089641	0.005234315	0.001087778	0.001434175	0.03220207	0.03220207	0.01425147	0.01425147	0.178343	0.433347	0.0436362	0.344674
5000	-74.26602	-92.84607	18.58005	1	0	1	0	0.003134377	0.003134377	0.00220205	0.013075	0.03220207	0.03220207	0.01281705	0.001902743	0.232188	0.564184	0.0568109	0.146817
