Iteration	Posterior	Likelihood	Prior	prob_gain_A_indep	prob_gain_B_indep	prob_loss_A_indep	prob_loss_B_indep	rate_gain_A_when_B0	rate_gain_A_when_B1	rate_gain_B_when_A0	rate_gain_B_when_A1	rate_loss_A_when_B0	rate_loss_A_when_B1	rate_loss_B_when_A0	rate_loss_B_when_A1	rf[1]	rf[2]	rf[3]	rf[4]
0	-71.01409	-100.9055	29.89141	0	0	1	0	0.003818734	0.005542585	0.0002613442	3.697936e-05	0.01297768	0.01297768	0.005676893	0.001854444	0.348389	0.189976	0.383734	0.0779015
1	-79.62895	-99.42296	19.794	1	1	1	0	0.003107929	0.003107929	0.0001786862	0.0001786862	0.01171638	0.01171638	0.01063941	0.003209837	0.32881	0.1793	0.362168	0.129723
2	-68.14512	-95.97163	27.82651	1	0	0	0	0.005062325	0.005062325	0.0001523361	0.001623377	0.01644684	0.001014039	0.01404295	0.003638177	0.202224	0.213115	0.430472	0.154188
3	-66.07168	-93.89341	27.82173	0	0	1	0	0.005890963	0.001709782	9.244054e-05	0.001419383	0.01644684	0.01644684	0.01441334	0.002034642	0.146344	0.154226	0.311522	0.387908
4	-66.49282	-90.36297	23.87015	0	0	1	0	0.005365358	0.003488026	0.0001521977	0.01271766	0.03104419	0.03104419	0.01057369	0.001269594	0.146344	0.154226	0.311522	0.387908
5	-69.99458	-87.4831	17.48852	0	0	1	1	0.01175782	0.00221777	0.0001241316	0.003546442	0.04334327	0.04334327	0.01058749	0.01058749	0.265533	0.185236	0.0833257	0.465905
6	-69.4584	-90.39819	20.93979	0	0	0	1	0.01297625	0.002185687	0.0001207313	0.00320242	0.05279992	0.0002850264	0.0098025	0.0098025	0.287136	0.200306	0.0901045	0.422454
7	-75.50037	-88.72934	13.22897	0	1	1	1	0.01228429	0.002185687	0.0001831313	0.0001831313	0.0419491	0.0419491	0.0098025	0.0098025	0.18799	0.171373	0.0528341	0.587803
8	-69.97749	-87.24166	17.26418	0	0	1	1	0.01109485	0.001789758	0.0002218912	0.004542029	0.04041673	0.04041673	0.01479493	0.01479493	0.262287	0.239103	0.0737151	0.424895
9	-77.53951	-87.26012	9.720606	1	0	1	1	0.01075348	0.01075348	0.0002842853	0.001755768	0.05888431	0.05888431	0.01479493	0.01479493	0.255008	0.260219	0.0716693	0.413103
10	-79.04883	-89.40385	10.35503	1	1	1	0	0.009848397	0.009848397	0.0002330378	0.0002330378	0.04336622	0.04336622	0.01260533	0.01679087	0.255008	0.260219	0.0716693	0.413103
11	-77.71157	-88.91982	11.20825	1	1	1	0	0.009848397	0.009848397	0.0002519268	0.0002519268	0.05043082	0.05043082	0.01079057	0.006641637	0.255008	0.260219	0.0716693	0.413103
12	-66.35733	-85.59835	19.24102	0	0	1	0	0.01054271	0.001019501	0.0003882624	0.005530404	0.05100313	0.05100313	0.01046293	0.01214269	0.122224	0.121663	0.0516016	0.704512
13	-66.0597	-87.40223	21.34253	0	0	1	0	0.01054271	0.000804085	0.0004877783	0.005530404	0.04719051	0.04719051	0.006557015	0.007956344	0.0312902	0.0944337	0.0400528	0.834223
14	-72.70333	-89.25772	16.55439	0	0	1	1	0.01054271	0.006465297	0.0002423958	0.006236474	0.04719051	0.04719051	0.006242802	0.006242802	0.0741276	0.0787475	0.0388089	0.808316
15	-68.91769	-86.28666	17.36897	0	0	1	1	0.007299733	0.001574603	0.0002124557	0.006236474	0.04719051	0.04719051	0.009746978	0.009746978	0.297675	0.106983	0.237777	0.357565
16	-75.88284	-88.29208	12.40924	1	1	1	0	0.007299733	0.007299733	0.0002416618	0.0002416618	0.04636528	0.04636528	0.01152523	0.005661713	0.31663	0.18081	0.401864	0.100697
17	-75.40917	-88.38917	12.98	1	0	1	1	0.006138442	0.006138442	0.0005672662	0.004746413	0.04847368	0.04847368	0.007903041	0.007903041	0.296145	0.233808	0.375865	0.0941823
18	-71.21454	-85.23798	14.02344	0	0	1	1	0.006138442	0.0004426623	0.0004104618	0.003468104	0.070322	0.070322	0.01061573	0.01061573	0.603267	0.0966473	0.127409	0.172676
19	-75.02585	-88.04309	13.01725	1	0	1	1	0.004046836	0.004046836	0.0004081829	0.003326535	0.04447246	0.04447246	0.01536175	0.01536175	0.603267	0.0966473	0.127409	0.172676
20	-67.66678	-86.18156	18.51478	0	0	1	1	0.00513994	0.001290661	0.0004081829	0.003059541	0.04447246	0.04447246	0.01133587	0.01133587	0.135474	0.0201023	0.0387801	0.805644
21	-69.11855	-85.11373	15.99518	0	0	1	1	0.004518607	0.00119161	0.0005613792	0.001864717	0.06064674	0.06064674	0.01133587	0.01133587	0.132884	0.019718	0.0571563	0.790242
22	-76.94281	-89.67906	12.73625	1	0	1	1	0.005585903	0.005585903	0.0006775876	0.01302511	0.04192271	0.04192271	0.008011798	0.008011798	0.0345085	0.334312	0.0425725	0.588607
23	-71.19818	-90.60429	19.40611	1	0	1	0	0.004834377	0.004834377	0.001000926	0.0015997	0.04192271	0.04192271	0.005375131	0.005875327	0.0309804	0.33901	0.0508921	0.579117
24	-77.42287	-89.52298	12.10012	1	1	1	0	0.004629953	0.004629953	0.002126252	0.002126252	0.04192271	0.04192271	0.006797628	0.01738528	0.0309804	0.33901	0.0508921	0.579117
25	-72.85086	-89.97308	17.12222	0	0	1	1	0.00626466	0.002281027	0.002126252	0.00495323	0.05412217	0.05412217	0.003924819	0.003924819	0.0281354	0.309051	0.053542	0.609271
26	-72.22087	-88.72597	16.5051	0	1	1	0	0.00626466	0.001290788	0.004203229	0.004203229	0.05412217	0.05412217	0.005796926	0.005524375	0.015951	0.181065	0.114353	0.688631
27	-69.97988	-87.43736	17.45748	0	0	1	1	0.007054172	0.001277921	0.001957181	0.001546106	0.05412217	0.05412217	0.005796926	0.005796926	0.0168033	0.190739	0.0670344	0.725424
28	-66.26891	-87.89888	21.62998	0	0	1	0	0.006387755	0.0008036798	0.002464748	0.002923861	0.0485284	0.0485284	0.005796926	0.01051927	0.0208477	0.175931	0.0679448	0.735276
29	-68.20282	-87.766	19.56318	0	0	1	0	0.004465162	0.001156914	0.001825241	0.000922014	0.049953	0.049953	0.005796926	0.02512763	0.029314	0.197191	0.104222	0.669274
30	-67.03	-89.80653	22.77653	0	0	0	1	0.008891468	0.002617004	0.0022722	0.0005736523	0.04709207	0.003622995	0.005796926	0.005796926	0.14349	0.137814	0.250951	0.467746
31	-67.67519	-87.23021	19.55502	0	0	1	0	0.006509773	0.001725241	0.0022722	0.0007254689	0.07067649	0.07067649	0.005796926	0.001587466	0.229636	0.175253	0.3383	0.256811
32	-70.965	-88.92091	17.95591	0	0	0	1	0.006509773	0.005281669	0.0022722	0.004264989	0.07067649	0.002182707	0.007252722	0.007252722	0.191681	0.146287	0.447667	0.214365
33	-78.11181	-87.32063	9.208814	1	0	1	1	0.008218373	0.008218373	0.0022722	0.0009804725	0.07067649	0.07067649	0.007252722	0.007252722	0.191681	0.146287	0.447667	0.214365
34	-83.65689	-91.00001	7.343126	1	1	1	1	0.01206454	0.01206454	0.00270549	0.00270549	0.04851224	0.04851224	0.007252722	0.007252722	0.24867	0.0375119	0.114794	0.599025
35	-80.20376	-89.14802	8.944259	1	1	1	0	0.01206454	0.01206454	0.00270549	0.00270549	0.05583458	0.05583458	0.0160112	0.00429773	0.372261	0.317601	0.171847	0.138291
36	-70.01086	-86.16155	16.15069	0	0	1	1	0.009812282	0.0009490001	0.002443291	0.001310444	0.0487032	0.0487032	0.0160112	0.0160112	0.467573	0.142882	0.215846	0.173699
37	-70.03982	-85.35515	15.31533	0	1	1	0	0.009812282	0.001087098	0.002443291	0.002443291	0.05553193	0.05553193	0.01459659	0.0005365236	0.152724	0.227375	0.343486	0.276415
38	-74.10686	-89.06018	14.95332	0	0	1	1	0.005958789	0.001240456	0.002946596	0.01921021	0.04212579	0.04212579	0.01459659	0.01459659	0.174594	0.283521	0.244711	0.297174
39	-65.26441	-87.06255	21.79814	0	0	1	0	0.00828069	0.002104958	0.001621743	0.002252076	0.04212579	0.04212579	0.01115096	0.008926553	0.143321	0.354188	0.305705	0.196786
40	-72.4111	-87.69758	15.28648	0	1	1	1	0.006315837	0.001602992	0.001013372	0.001013372	0.03455242	0.03455242	0.01115096	0.01115096	0.209491	0.056021	0.446847	0.287641
41	-69.6507	-87.95437	18.30367	0	1	0	1	0.008631656	0.001008375	0.0006508655	0.0006508655	0.03455242	0.0006222814	0.02144864	0.02144864	0.154744	0.0450738	0.452574	0.347608
42	-66.22284	-86.42673	20.20389	0	0	1	0	0.01065293	0.002020272	0.001285838	0.003430806	0.04565931	0.04565931	0.02144864	0.001084171	0.138811	0.0795751	0.167934	0.61368
43	-70.02321	-88.48971	18.4665	0	1	1	0	0.009276455	0.001274545	0.001586142	0.001586142	0.03186039	0.03186039	0.02144864	0.0005366302	0.262814	0.150661	0.317952	0.268572
44	-67.48962	-88.59932	21.1097	0	0	1	0	0.003554616	0.0009138847	0.002942577	0.008575993	0.04383162	0.04383162	0.01642609	0.00415589	0.195414	0.112023	0.383919	0.308643
45	-67.34955	-89.7075	22.35795	0	0	0	0	0.003920724	0.007697817	0.001425556	0.0008116328	0.05035006	0.01699162	0.01054785	0.01105249	0.157517	0.0902986	0.309465	0.442719
46	-72.9457	-85.97888	13.03318	0	1	1	1	0.004682264	0.0004425252	0.001425556	0.001425556	0.05035006	0.05035006	0.01062421	0.01062421	0.157517	0.0902986	0.309465	0.442719
47	-76.13799	-88.74894	12.61095	1	0	1	1	0.004682264	0.004682264	0.001668307	0.006245025	0.05035006	0.05035006	0.006994138	0.006994138	0.146582	0.0840301	0.287982	0.481405
48	-67.04537	-90.08586	23.04049	1	0	0	0	0.006280467	0.006280467	0.002490018	0.001105176	0.04132279	0.005092353	0.01137739	0.001688227	0.104846	0.0520408	0.292672	0.550441
49	-74.93569	-88.94206	14.00637	1	0	1	1	0.003222552	0.003222552	0.003001941	0.0001603897	0.03903239	0.03903239	0.01654065	0.01654065	0.0630586	0.0312994	0.535048	0.370594
50	-69.21181	-86.99752	17.78571	0	0	1	1	0.004668116	0.001099409	0.003462773	0.0001489595	0.04392862	0.04392862	0.01656907	0.01656907	0.107159	0.0513284	0.233769	0.607744
51	-64.44386	-87.39159	22.94773	0	0	0	0	0.007914365	0.001640908	0.004363092	0.0001143948	0.05461848	0.008748418	0.0189513	0.003073191	0.255151	0.0428205	0.195021	0.507007
52	-66.61837	-87.83079	21.21242	0	0	1	0	0.007145962	0.001420789	0.00568504	0.0001143948	0.05371503	0.05371503	0.009437922	0.002293945	0.166211	0.0151763	0.0691184	0.749495
53	-77.7519	-92.61872	14.86682	1	1	1	0	0.003359018	0.003359018	0.004246784	0.004246784	0.0342894	0.0342894	0.006464458	0.008676397	0.0689916	0.0169458	0.0771776	0.836885
54	-81.49935	-93.15011	11.65076	1	1	1	1	0.002965421	0.002965421	0.004246784	0.004246784	0.02857762	0.02857762	0.01010518	0.01010518	0.0281981	0.0175597	0.0805701	0.873672
55	-77.84998	-93.22073	15.37075	1	1	1	0	0.002895019	0.002895019	0.004246784	0.004246784	0.0318384	0.0318384	0.007874297	0.007299084	0.278467	0.131472	0.342613	0.247448
56	-67.22785	-93.05886	25.83101	0	1	0	0	0.003305761	0.001016072	0.003657515	0.003657515	0.02824137	0.001063127	0.008904953	0.007205685	0.167896	0.36828	0.31463	0.149194
57	-76.73251	-90.97503	14.24251	0	1	1	1	0.003449402	0.003018809	0.004273448	0.004273448	0.04096055	0.04096055	0.008904953	0.008904953	0.144232	0.45732	0.270283	0.128166
58	-71.28682	-90.35094	19.06412	0	1	1	0	0.00554901	0.003190916	0.004273448	0.004273448	0.03493881	0.03493881	0.01198064	0.002631564	0.148025	0.469348	0.297907	0.0847197
59	-75.76117	-91.12285	15.36168	0	1	0	1	0.007547378	0.00912234	0.003285608	0.003285608	0.04659355	0.0003030611	0.01689064	0.01689064	0.140331	0.577026	0.218878	0.0637655
60	-71.43816	-87.35951	15.92135	0	1	1	0	0.007320003	0.00432821	0.001335539	0.001335539	0.04457556	0.04457556	0.02026311	0.00271882	0.181949	0.451582	0.283792	0.0826768
61	-70.78267	-86.95144	16.16877	0	0	1	1	0.008868449	0.001307035	0.002110397	0.002001407	0.04457556	0.04457556	0.02026311	0.02026311	0.32017	0.390598	0.245467	0.0437651
62	-76.78238	-86.61796	9.835577	0	1	1	1	0.007054022	0.001806354	0.001870116	0.001870116	0.05202203	0.05202203	0.02306261	0.02306261	0.32017	0.390598	0.245467	0.0437651
63	-66.61718	-89.74406	23.12688	0	1	0	0	0.01215494	0.001971934	0.001884952	0.001884952	0.03354513	0.0003320435	0.01603668	0.002936604	0.32017	0.390598	0.245467	0.0437651
64	-65.91728	-86.8083	20.89103	0	0	1	0	0.009069573	0.001425156	0.001162071	0.001993463	0.04766234	0.04766234	0.01603668	0.004302207	0.290708	0.548327	0.114472	0.0464934
65	-69.3188	-89.21783	19.89903	0	0	1	1	0.008158569	0.00103354	0.001086736	0.002166857	0.03475411	0.03475411	0.01058881	0.01058881	0.342291	0.53413	0.0822394	0.041339
66	-72.39165	-88.19229	15.80064	0	0	1	1	0.011432	0.001430209	0.001070543	0.008474395	0.04883397	0.04883397	0.009990576	0.009990576	0.293356	0.598315	0.0704823	0.037847
67	-71.38972	-92.78873	21.399	0	1	0	1	0.008205433	0.001430209	0.001070543	0.001070543	0.02383222	0.005727671	0.008942602	0.008942602	0.208133	0.670473	0.0789826	0.0424114
68	-67.67818	-94.93573	27.25756	0	0	1	0	0.003844974	0.0005814869	0.001078559	0.002526559	0.01794556	0.01794556	0.01478286	0.004474496	0.212988	0.686112	0.0574994	0.0434007
69	-65.26676	-96.477	31.21024	0	0	0	0	0.003844974	0.0004023135	0.0009874812	0.007521696	0.01617349	0.004546769	0.01478286	0.003902473	0.282319	0.617736	0.0608699	0.0390755
70	-72.44848	-94.62049	22.17201	0	1	0	1	0.003887366	0.000191678	0.0005816518	0.0005816518	0.01617349	0.006268714	0.01768414	0.01768414	0.711413	0.0120131	0.168443	0.108132
71	-67.5842	-93.87691	26.29271	0	0	1	0	0.003434848	0.0001912931	0.0005816518	0.001347464	0.01854362	0.01854362	0.02395052	0.002704096	0.414329	0.0512511	0.334951	0.199469
72	-80.25597	-92.23418	11.97821	1	1	1	1	0.003620673	0.003620673	0.0004171567	0.0004171567	0.02249057	0.02249057	0.01749356	0.01749356	0.0783526	0.0899232	0.521289	0.310435
73	-79.16281	-91.74819	12.58538	1	1	1	1	0.004107811	0.004107811	0.0004096507	0.0004096507	0.02522962	0.02522962	0.01080185	0.01080185	0.0767208	0.108877	0.510432	0.30397
74	-79.79654	-91.01432	11.21778	1	1	1	1	0.004685983	0.004685983	0.0004096507	0.0004096507	0.02522962	0.02522962	0.01804645	0.01804645	0.0730606	0.103683	0.533789	0.289468
75	-69.56232	-90.26921	20.70689	0	0	1	1	0.003822717	0.002454071	0.0003958108	0.004825811	0.02647375	0.02647375	0.01519547	0.01519547	0.0447669	0.106847	0.550082	0.298304
76	-74.45237	-91.15013	16.69776	1	0	1	1	0.003252313	0.003252313	0.0003958108	0.0007660437	0.02695336	0.02695336	0.01519547	0.01519547	0.0374722	0.221703	0.460448	0.280377
77	-76.68118	-92.05552	15.37434	1	0	1	1	0.003252313	0.003252313	0.0003958108	0.002622532	0.02623584	0.02623584	0.02162652	0.02162652	0.386214	0.164489	0.241276	0.208021
78	-69.66997	-88.86213	19.19216	0	0	1	1	0.005024099	0.0006301852	0.0005440331	0.002609608	0.03139753	0.03139753	0.02162652	0.02162652	0.386214	0.164489	0.241276	0.208021
79	-69.30493	-85.37152	16.06658	0	0	1	1	0.005024099	0.0006018645	0.0003655983	0.004057174	0.05609346	0.05609346	0.0135683	0.0135683	0.386214	0.164489	0.241276	0.208021
80	-69.99768	-89.48737	19.48968	0	0	0	1	0.017098	0.0007794771	0.0003655983	0.005347124	0.05161337	0.005381509	0.009082193	0.009082193	0.164279	0.223965	0.328518	0.283238
81	-71.86335	-88.62606	16.7627	0	0	1	1	0.017098	0.00079721	0.0004490073	0.001234646	0.04160162	0.04160162	0.01454816	0.01454816	0.0830362	0.44724	0.326559	0.143165
82	-72.45105	-87.69327	15.24222	0	0	1	0	0.01790509	0.0007230371	0.0004490073	0.01629753	0.05887229	0.05887229	0.01372505	0.005991053	0.0830362	0.44724	0.326559	0.143165
83	-66.83591	-85.35581	18.5199	0	0	1	0	0.008924182	0.001509692	0.000180325	0.014445	0.05319298	0.05319298	0.01311718	0.003845137	0.0185212	0.0997566	0.849789	0.0319328
84	-62.94091	-86.14733	23.20642	0	0	1	0	0.008162524	0.001181451	0.0003383577	0.001872078	0.03854189	0.03854189	0.01446582	0.003845137	0.0185212	0.0997566	0.849789	0.0319328
85	-65.24861	-86.86438	21.61576	0	1	0	0	0.00619846	0.0008899263	0.000287772	0.000287772	0.03854189	0.009980354	0.01364619	0.00796137	0.0284061	0.0987519	0.841231	0.0316112
86	-74.54071	-87.88423	13.34352	0	1	1	0	0.004023118	0.01011025	0.0004113172	0.0004113172	0.06263087	0.06263087	0.01100725	0.007103819	0.022806	0.100068	0.852446	0.02468
87	-75.15773	-84.6939	9.536167	0	1	1	1	0.005911128	0.0003275901	0.0003002073	0.0003002073	0.06263087	0.06263087	0.01835799	0.01835799	0.0214703	0.258575	0.68282	0.0371344
88	-67.51122	-85.74947	18.23825	0	0	0	1	0.005606399	0.0001245501	0.0003800809	0.0002880301	0.06030418	0.01685292	0.01326937	0.01326937	0.221081	0.394535	0.294126	0.090258
89	-77.4325	-86.59484	9.162338	1	0	1	1	0.008070801	0.008070801	0.0005038959	0.007233876	0.05902674	0.05902674	0.0148308	0.0148308	0.17643	0.417151	0.310987	0.095432
90	-71.63406	-90.22525	18.59119	0	1	0	1	0.006225854	0.004143415	0.0005038959	0.0005038959	0.02990129	0.01270687	0.01178824	0.01178824	0.205416	0.327882	0.391691	0.0750099
91	-62.70322	-90.76367	28.06045	0	0	0	0	0.006110585	0.000941228	0.0008655075	0.008282529	0.02829853	0.01270687	0.009080099	0.003893689	0.162588	0.212891	0.310026	0.314495
92	-72.4552	-87.24145	14.78625	0	1	1	1	0.005746123	0.0007292009	0.0005025321	0.0005025321	0.04052007	0.04052007	0.009999038	0.009999038	0.159568	0.227514	0.304266	0.308652
93	-68.26361	-86.38813	18.12452	0	1	1	0	0.00884135	0.0007613585	0.0007486465	0.0007486465	0.04552908	0.04552908	0.009999038	0.002059482	0.158398	0.225846	0.302036	0.31372
94	-68.68469	-86.68629	18.00159	0	0	1	1	0.005495577	0.0005897283	0.001100585	9.829869e-05	0.04552908	0.04552908	0.01582885	0.01582885	0.296437	0.434644	0.131908	0.137011
95	-77.86681	-87.65125	9.784436	1	1	1	0	0.004364865	0.004364865	0.001100585	0.001100585	0.0565428	0.0565428	0.02051328	0.00358614	0.251291	0.520745	0.111819	0.116145
96	-76.11962	-85.55675	9.437131	0	1	1	1	0.006705312	0.003733784	0.0006862646	0.0006862646	0.06296737	0.06296737	0.01400154	0.01400154	0.207868	0.43076	0.313072	0.0483
97	-66.02825	-86.51654	20.48828	0	1	0	0	0.008978497	4.742899e-05	0.001150069	0.001150069	0.05236034	0.003743641	0.01183775	0.00583748	0.159468	0.534041	0.134746	0.171745
98	-67.8744	-87.02665	19.15224	0	1	1	0	0.004625949	4.742899e-05	0.001801699	0.001801699	0.04268819	0.04268819	0.01138621	0.001510823	0.101324	0.339322	0.45023	0.109124
99	-63.98496	-90.03097	26.04601	0	1	0	0	0.004742395	0.002361536	0.001309458	0.001309458	0.02903135	0.0005006537	0.01270841	0.001510823	0.0736419	0.380297	0.504598	0.0414635
100	-62.39459	-88.75878	26.36419	0	0	0	0	0.003315909	0.002089935	0.001809678	0.002513142	0.0453661	0.002941598	0.01271448	0.009130932	0.0736419	0.380297	0.504598	0.0414635
101	-65.4232	-88.06057	22.63736	0	0	0	1	0.007459269	0.001732381	0.001761689	0.003470187	0.0453661	0.003797782	0.008074927	0.008074927	0.0795704	0.410912	0.464716	0.0448015
102	-68.8925	-87.7745	18.882	0	1	0	1	0.004663679	0.00142237	0.001124478	0.001124478	0.0453661	0.002264661	0.00876483	0.00876483	0.0208201	0.352469	0.614988	0.0117226
103	-63.56605	-85.73913	22.17308	0	0	1	0	0.006412018	0.00100651	0.001035571	0.002701837	0.0453661	0.0453661	0.01325816	0.004537854	0.0201183	0.340589	0.59426	0.0450323
104	-69.32658	-85.91725	16.59067	0	0	1	1	0.01032373	0.00147957	0.001035571	0.0009496851	0.05421285	0.05421285	0.008711295	0.008711295	0.0201183	0.340589	0.59426	0.0450323
105	-65.45787	-91.71996	26.26209	0	1	0	0	0.007213571	0.002048307	0.0006435929	0.0006435929	0.02460555	0.007288107	0.008711295	0.0004182071	0.130347	0.514924	0.286647	0.0680826
106	-74.36433	-89.28272	14.91839	0	1	1	1	0.01111818	0.002048307	0.0008235451	0.0008235451	0.02910379	0.02910379	0.01364726	0.01364726	0.24314	0.290866	0.427536	0.0384579
107	-68.59744	-88.77248	20.17504	0	1	0	1	0.008572972	0.001414413	0.0006848749	0.0006848749	0.02910379	0.002786505	0.01364726	0.01364726	0.159928	0.298582	0.516194	0.0252961
108	-65.14733	-89.16075	24.01342	0	1	0	0	0.008975375	0.0009514392	0.0005001516	0.0005001516	0.02910379	0.004109184	0.01737267	0.002778557	0.213098	0.405324	0.309426	0.0721513
109	-64.31468	-88.28977	23.97509	0	1	0	0	0.005786725	0.0009956811	0.0007724146	0.0007724146	0.03901482	2.292406e-05	0.01395026	0.003467592	0.342704	0.212116	0.16193	0.283249
110	-66.21994	-91.61451	25.39457	0	1	0	0	0.005992749	0.001912678	0.0008007612	0.0008007612	0.02816615	3.594905e-05	0.01085022	0.008132427	0.171927	0.604736	0.0812369	0.1421
111	-76.76282	-91.59987	14.83705	1	1	0	1	0.003827938	0.003827938	0.0009487216	0.0009487216	0.02816615	0.005952573	0.01831097	0.01831097	0.16251	0.24043	0.296091	0.300968
112	-72.29625	-89.59527	17.29901	0	1	1	0	0.003147055	3.458292e-05	0.0009053102	0.0009053102	0.02816615	0.02816615	0.01665181	0.02375601	0.0423172	0.0626072	0.744152	0.150924
113	-69.4362	-89.45951	20.02332	0	0	1	1	0.004566033	2.09549e-05	0.0009357628	0.01139718	0.02816615	0.02816615	0.01199164	0.01199164	0.0599841	0.0527212	0.626646	0.260649
114	-66.61654	-90.11635	23.49981	0	0	0	1	0.007339108	2.283084e-05	0.0007090137	0.007785706	0.02467755	0.01420323	0.01199164	0.01199164	0.0912392	0.222499	0.380141	0.306121
115	-66.21764	-92.15766	25.94002	0	1	0	0	0.01075013	2.687285e-05	0.00160005	0.00160005	0.01806261	0.002195925	0.0176185	0.002516849	0.0829998	0.202406	0.436117	0.278476
116	-70.20372	-89.02992	18.8262	0	0	1	1	0.01027165	2.730827e-05	0.00207479	0.006356025	0.02864057	0.02864057	0.01655495	0.01655495	0.0940088	0.165461	0.399857	0.340673
117	-63.99945	-86.66362	22.66417	0	0	0	1	0.008086853	4.05533e-05	0.001954751	0.001476735	0.04015854	0.003236623	0.01655495	0.01655495	0.228725	0.265688	0.366774	0.138813
118	-72.96102	-87.3383	14.37728	0	1	1	1	0.008086853	4.336403e-05	0.002466489	0.002466489	0.04015854	0.04015854	0.009081059	0.009081059	0.143356	0.190527	0.353164	0.312952
119	-70.69856	-87.03608	16.33752	0	1	1	0	0.005208164	1.135214e-05	0.002490778	0.002490778	0.03911193	0.03911193	0.01606934	0.01526914	0.139851	0.21032	0.344529	0.3053
120	-73.34202	-86.90934	13.56732	0	1	1	1	0.004644643	0.001454621	0.001548783	0.001548783	0.04668244	0.04668244	0.01013883	0.01013883	0.139851	0.21032	0.344529	0.3053
121	-68.70559	-88.26285	19.55726	0	1	1	0	0.007312784	0.001504228	0.002602407	0.002602407	0.03537718	0.03537718	0.01201802	0.0009289469	0.204327	0.194554	0.318703	0.282415
122	-64.28718	-88.97397	24.68679	0	0	1	0	0.006105853	0.001459384	0.002602407	0.001688389	0.03537718	0.03537718	0.01201802	0.000688241	0.105356	0.333828	0.0762317	0.484584
123	-72.16859	-95.00478	22.83619	0	1	0	0	0.005835199	0.002791911	0.004307091	0.004307091	0.02239209	0.01065515	0.01201802	0.01252559	0.102258	0.39092	0.0364887	0.470333
124	-72.58868	-92.90078	20.3121	1	0	0	0	0.00730173	0.00730173	0.002643354	0.003970686	0.02622255	0.01377388	0.01323464	0.01781618	0.41568	0.260007	0.2684	0.0559142
125	-72.83784	-92.16017	19.32234	1	0	0	1	0.005251343	0.005251343	0.002422129	0.002104456	0.03054643	0.005157875	0.01560513	0.01560513	0.466492	0.29179	0.113735	0.127983
126	-68.32984	-90.23274	21.9029	0	0	1	0	0.006048885	0.000892483	0.002506826	0.01018389	0.03054643	0.03054643	0.01671902	0.008965971	0.387856	0.207108	0.0945625	0.310473
127	-73.67285	-91.28781	17.61496	0	0	1	1	0.004654596	0.0006309394	0.004157648	0.01205913	0.03178491	0.03178491	0.01756646	0.01756646	0.387856	0.207108	0.0945625	0.310473
128	-68.47134	-95.93163	27.46029	0	0	1	0	0.002798251	0.0006309394	0.002940094	0.00137109	0.02379241	0.02379241	0.006904663	0.005637403	0.174944	0.699254	0.0426528	0.0831487
129	-68.03037	-93.79839	25.76802	0	0	1	0	0.002798251	0.0009797352	0.002940094	0.003873915	0.03359405	0.03359405	0.006115857	0.003452881	0.22964	0.652898	0.0398252	0.0776365
130	-74.24946	-90.40083	16.15138	0	1	1	0	0.004066675	0.004887192	0.003906329	0.003906329	0.04842456	0.04842456	0.005643424	0.01229728	0.0728518	0.207128	0.0126343	0.707386
131	-72.03608	-89.44129	17.40521	1	0	1	0	0.003259302	0.003259302	0.003906329	0.0002076325	0.04809997	0.04809997	0.01409556	0.002484656	0.146651	0.41695	0.025433	0.410966
132	-77.37357	-88.96885	11.59528	1	1	1	0	0.003906483	0.003906483	0.003735799	0.003735799	0.0542188	0.0542188	0.01140377	0.002484656	0.144145	0.426916	0.0249983	0.403941
133	-74.47084	-91.4844	17.01356	0	0	1	1	0.002201557	0.00316843	0.002242905	0.01124839	0.04558484	0.04558484	0.009847627	0.009847627	0.453227	0.269429	0.0224137	0.25493
134	-74.91497	-93.62412	18.70915	1	1	0	0	0.002201557	0.002201557	0.003317159	0.003317159	0.04558484	0.003153084	0.009847627	0.000490558	0.590475	0.229214	0.014572	0.165739
135	-79.52869	-93.03993	13.51124	1	1	0	1	0.002235809	0.002235809	0.003317159	0.003317159	0.04558484	0.003153084	0.01049919	0.01049919	0.730803	0.114573	0.0371309	0.117492
136	-75.29861	-91.64647	16.34786	1	1	0	0	0.006191014	0.006191014	0.005205359	0.005205359	0.04558484	0.001590469	0.008025477	0.01150442	0.484219	0.0759146	0.362018	0.0778486
137	-70.0835	-94.21968	24.13618	0	1	0	0	0.004226702	0.007740294	0.003965104	0.003965104	0.0334805	0.003799364	0.007884627	0.001992427	0.484219	0.0759146	0.362018	0.0778486
138	-80.43935	-91.88827	11.44892	1	1	1	1	0.003863557	0.003863557	0.003339797	0.003339797	0.02826376	0.02826376	0.01158245	0.01158245	0.365966	0.0933196	0.445018	0.095697
139	-71.24549	-89.52081	18.27532	0	1	1	0	0.004282982	0.001317041	0.004744719	0.004744719	0.04140149	0.04140149	0.01034184	0.004988295	0.256892	0.122666	0.494651	0.125791
140	-70.89142	-92.78429	21.89288	0	1	0	0	0.003571497	0.003064527	0.004744719	0.004744719	0.03476486	0.01585305	0.008933875	0.004988295	0.229184	0.324366	0.245472	0.200978
141	-71.1822	-91.65363	20.47144	0	1	1	0	0.003571497	0.0007215853	0.004729699	0.004729699	0.03202606	0.03202606	0.01202909	0.001436514	0.267816	0.30419	0.230204	0.19779
142	-82.15347	-92.33293	10.17946	1	1	1	1	0.004596692	0.004596692	0.004729699	0.004729699	0.02916467	0.02916467	0.01581991	0.01581991	0.424602	0.0781735	0.183643	0.313581
143	-79.48023	-95.11968	15.63945	0	1	1	1	0.004596692	0.001133892	0.005411039	0.005411039	0.02133085	0.02133085	0.02014411	0.02014411	0.244535	0.440154	0.0376735	0.277638
144	-68.3205	-94.72662	26.40612	0	0	0	1	0.004596692	0.0004172026	0.004239378	0.002627235	0.02133085	0.004236377	0.01265705	0.01265705	0.244535	0.440154	0.0376735	0.277638
145	-70.29286	-91.34243	21.04958	0	0	1	1	0.005799137	0.0008560299	0.004239378	0.0002685203	0.02738732	0.02738732	0.01265705	0.01265705	0.0297693	0.565281	0.0483834	0.356566
146	-80.67084	-88.6553	7.984462	1	1	1	1	0.005799137	0.005799137	0.003455291	0.003455291	0.04495502	0.04495502	0.01265705	0.01265705	0.13718	0.321031	0.0274776	0.514312
147	-81.13746	-91.3414	10.20393	1	1	0	1	0.00495544	0.00495544	0.004205625	0.004205625	0.06337725	0.001734828	0.009434964	0.009434964	0.0913197	0.338094	0.028938	0.541648
148	-71.03716	-90.37493	19.33777	0	0	1	1	0.005099009	0.001091382	0.0055078	0.0008876025	0.04190298	0.04190298	0.006510293	0.006510293	0.0913197	0.338094	0.028938	0.541648
149	-70.62318	-91.36991	20.74673	0	0	1	1	0.00494279	0.003831332	0.003059773	0.001508236	0.03096219	0.03096219	0.008635411	0.008635411	0.109832	0.289959	0.135677	0.464533
150	-69.06841	-87.85505	18.78664	0	0	1	1	0.00494279	0.000249694	0.003059773	0.001508236	0.04634066	0.04634066	0.008050425	0.008050425	0.111235	0.293663	0.123349	0.471752
151	-72.79802	-88.40541	15.60739	1	0	1	0	0.00494279	0.00494279	0.002064501	0.008744274	0.04634066	0.04634066	0.01701624	0.003228675	0.177107	0.271898	0.114207	0.436788
152	-79.86301	-87.25167	7.38866	1	1	1	1	0.00494279	0.00494279	0.001577102	0.001577102	0.05426436	0.05426436	0.009490275	0.009490275	0.124501	0.28928	0.121508	0.464711
153	-67.58398	-90.53822	22.95424	0	0	1	0	0.00494279	0.008628917	0.002059091	0.002478073	0.03899493	0.03899493	0.01136259	0.001383358	0.124501	0.28928	0.121508	0.464711
154	-79.48015	-89.67514	10.195	1	1	1	1	0.004583872	0.004583872	0.00222969	0.00222969	0.03899493	0.03899493	0.008413592	0.008413592	0.0925367	0.21501	0.126508	0.565945
155	-75.59049	-89.5114	13.92091	1	1	1	0	0.004189763	0.004189763	0.002214818	0.002214818	0.03804179	0.03804179	0.01345358	0.004546776	0.35105	0.157878	0.0928921	0.39818
156	-69.34133	-91.3484	22.00707	0	1	1	0	0.006516936	0.0008602384	0.001769743	0.001769743	0.02517019	0.02517019	0.009634319	0.00177906	0.318394	0.165822	0.0975666	0.418217
157	-68.97057	-90.40476	21.43419	0	1	1	0	0.006516936	0.001360208	0.001961431	0.001961431	0.02517019	0.02517019	0.01185439	0.002144233	0.0692429	0.190831	0.258637	0.481289
158	-67.97095	-89.45532	21.48437	0	0	1	1	0.007018568	0.0006127876	0.001001288	0.002407706	0.02582566	0.02582566	0.01185439	0.01185439	0.115516	0.239948	0.325208	0.319328
159	-72.9419	-88.68094	15.73904	0	1	1	1	0.006129073	0.000432141	0.00142138	0.00142138	0.02776519	0.02776519	0.01629913	0.01629913	0.0573417	0.25573	0.346597	0.340331
160	-74.19487	-86.63447	12.4396	0	1	1	1	0.006125448	0.000432141	0.002164803	0.002164803	0.040483	0.040483	0.02171457	0.02171457	0.0335958	0.149829	0.508366	0.308208
161	-76.24852	-89.12589	12.87736	1	1	1	0	0.00589243	0.00589243	0.003697974	0.003697974	0.03926212	0.03926212	0.01581279	0.003750591	0.0325587	0.176074	0.492673	0.298694
162	-81.08027	-88.77893	7.698663	1	1	1	1	0.006160742	0.006160742	0.003974193	0.003974193	0.04177754	0.04177754	0.01658881	0.01658881	0.0325587	0.176074	0.492673	0.298694
163	-70.9259	-89.23456	18.30867	1	0	1	0	0.006160742	0.006160742	0.003974193	0.000858111	0.038119	0.038119	0.017628	0.0001455721	0.0269249	0.179643	0.50153	0.291902
164	-80.14457	-87.30492	7.160345	1	1	1	1	0.006160742	0.006160742	0.002868502	0.002868502	0.04999922	0.04999922	0.01255204	0.01255204	0.0269254	0.193996	0.438606	0.340472
165	-76.98037	-88.28058	11.30021	1	0	1	1	0.006160742	0.006160742	0.002868502	0.00812199	0.04999922	0.04999922	0.01028689	0.01028689	0.0665492	0.186097	0.420746	0.326608
166	-73.02475	-87.96894	14.94419	1	0	1	0	0.006160742	0.006160742	0.004674926	0.0006629008	0.04999922	0.04999922	0.01523119	0.009401712	0.141079	0.151232	0.442269	0.26542
167	-69.34836	-89.64426	20.2959	0	1	0	0	0.006701803	0.004640895	0.004962865	0.004962865	0.04999922	0.0006722787	0.01289281	0.005185773	0.141079	0.151232	0.442269	0.26542
168	-76.80614	-90.255	13.44885	1	1	1	0	0.007597698	0.007597698	0.003143335	0.003143335	0.03412711	0.03412711	0.01289281	0.007385994	0.141079	0.151232	0.442269	0.26542
169	-67.51008	-88.2623	20.75222	0	0	0	1	0.004516251	0.004731207	0.002255956	0.001013499	0.04882323	0.004118485	0.01698684	0.01698684	0.155728	0.0631019	0.488191	0.292979
170	-68.77834	-87.20679	18.42846	0	1	1	0	0.00686334	0.002099186	0.002109194	0.002109194	0.03803464	0.03803464	0.01391206	0.003181995	0.108862	0.0117573	0.405475	0.473906
171	-68.62657	-86.94556	18.319	0	0	1	1	0.01101616	0.001915725	0.001335208	0.001646168	0.03999066	0.03999066	0.01092262	0.01092262	0.0608201	0.00656868	0.667845	0.264767
172	-66.50067	-87.41902	20.91835	0	0	1	0	0.01101616	0.002553357	0.001244454	0.007271308	0.04129239	0.04129239	0.01174766	0.006369877	0.256344	0.00520118	0.528809	0.209646
173	-75.04888	-87.01064	11.96176	1	0	1	1	0.004623267	0.004623267	0.001144463	0.005207901	0.05092995	0.05092995	0.01174766	0.01174766	0.237583	0.0780048	0.490109	0.194303
174	-69.317	-87.83083	18.51383	0	1	0	1	0.006592143	0.001342848	0.001144463	0.001144463	0.03201465	0.01287032	0.01174766	0.01174766	0.0972011	0.0319137	0.791391	0.0794942
175	-70.92117	-90.78927	19.86809	1	0	0	1	0.005920855	0.005920855	0.001503489	0.003446425	0.03201465	0.004279558	0.01080063	0.01080063	0.0739122	0.0242673	0.601778	0.300042
176	-63.65415	-88.16653	24.51238	0	0	1	0	0.005920855	0.001298792	0.001899817	0.003105556	0.03311688	0.03311688	0.01080063	0.004794594	0.0748652	0.011687	0.609537	0.303911
177	-68.82079	-87.90658	19.08578	0	1	0	1	0.00566915	0.001298792	0.00224554	0.00224554	0.04426569	0.0001307571	0.008830545	0.008830545	0.0659063	0.00349253	0.536596	0.394005
178	-74.73817	-88.87648	14.13831	1	0	1	1	0.006327819	0.006327819	0.002699943	0.001426371	0.04206692	0.04206692	0.008682132	0.008682132	0.0876404	0.00961368	0.378809	0.523937
179	-80.90051	-86.89462	5.994113	1	1	1	1	0.006327819	0.006327819	0.002805749	0.002805749	0.05949731	0.05949731	0.009620549	0.009620549	0.0790439	0.00867069	0.43974	0.472545
180	-72.29456	-86.09083	13.79626	0	1	0	0	0.006896598	0.0008494557	0.00274039	0.00274039	0.0448676	0.03791885	0.01453505	0.01442609	0.0790439	0.00867069	0.43974	0.472545
181	-75.39665	-86.74777	11.35112	0	1	1	1	0.007344872	0.006449809	0.001898158	0.001898158	0.04691822	0.04691822	0.01453505	0.01453505	0.0680839	0.00746844	0.517424	0.407023
182	-71.17285	-87.68918	16.51633	0	1	0	1	0.005719518	0.001260072	0.001582706	0.001582706	0.03685062	0.02016985	0.01155513	0.01155513	0.0803898	0.00940519	0.39763	0.512575
183	-72.60072	-87.85193	15.25121	0	1	1	1	0.004183839	0.00120941	0.001038352	0.001038352	0.03685062	0.03685062	0.01155513	0.01155513	0.162151	0.00684725	0.289486	0.541516
184	-60.77378	-92.18167	31.40788	0	0	0	0	0.004183839	0.001902847	0.001648467	0.002222559	0.02275399	0.0007490589	0.01531774	0.002253017	0.190623	0.00804956	0.340317	0.461011
185	-71.69935	-93.34858	21.64923	0	1	1	0	0.00522394	0.00203494	0.002422783	0.002422783	0.01649885	0.01649885	0.01682832	0.004768526	0.0429985	0.00522298	0.65265	0.299128
186	-71.53012	-94.12093	22.59081	0	1	1	0	0.004117577	0.00203494	0.002422783	0.002422783	0.01649885	0.01649885	0.01203816	0.005279179	0.239649	0.00566238	0.707556	0.0471326
187	-77.0649	-88.38333	11.31844	1	1	1	0	0.006010217	0.006010217	0.001504473	0.001504473	0.03558322	0.03558322	0.01203816	0.022197	0.0979775	0.00671742	0.839391	0.0559145
188	-75.13944	-89.07538	13.93594	1	1	0	1	0.004730434	0.004730434	0.0006997653	0.0006997653	0.03558322	0.003827027	0.01752036	0.01752036	0.0907013	0.0482149	0.780386	0.0806975
189	-72.31478	-91.12472	18.80993	0	0	1	1	0.004730434	0.009812879	0.001489082	0.004570356	0.0324716	0.0324716	0.010944	0.010944	0.0924625	0.0491511	0.79554	0.0628466
190	-64.58808	-88.28296	23.69488	0	0	0	1	0.00523404	0.0007043614	0.001943122	0.001991299	0.03150699	0.01233368	0.01189977	0.01189977	0.110812	0.0294591	0.784411	0.0753184
191	-64.03625	-88.05952	24.02327	0	0	1	0	0.006049251	0.0007043614	0.001218818	0.003978895	0.03191589	0.03191589	0.01060087	0.009266746	0.122378	0.136054	0.658388	0.0831799
192	-66.13953	-88.73318	22.59365	0	0	1	0	0.005350653	0.002876399	0.001564214	0.003140785	0.03191589	0.03191589	0.01644917	0.01061527	0.285022	0.104078	0.519092	0.0918079
193	-76.51737	-87.06609	10.54872	1	1	1	0	0.004736079	0.004736079	0.002169247	0.002169247	0.05138849	0.05138849	0.01644917	0.006992948	0.369626	0.0404102	0.501302	0.0886616
194	-77.04889	-86.36457	9.315675	0	1	1	1	0.003823518	0.002565801	0.00151748	0.00151748	0.05854825	0.05854825	0.02233396	0.02233396	0.154501	0.0718679	0.425469	0.348162
195	-76.05081	-86.10015	10.04934	1	0	1	1	0.005085241	0.005085241	0.00151748	0.004585268	0.06019935	0.06019935	0.01320506	0.01320506	0.227625	0.053994	0.395083	0.323298
196	-83.50549	-85.52104	2.015551	1	1	1	1	0.008574936	0.008574936	0.001762893	0.001762893	0.0763431	0.0763431	0.01432815	0.01432815	0.324513	0.0769765	0.56325	0.03526
197	-73.67071	-84.59364	10.92293	0	1	0	1	0.01252936	0.0009324525	0.0009602209	0.0009602209	0.0763431	0.004485022	0.0138824	0.0138824	0.283647	0.0468699	0.49232	0.177163
198	-69.74933	-87.5634	17.81407	0	1	0	0	0.01252936	0.001411457	0.001809802	0.001809802	0.07076429	0.001094877	0.006001602	0.005640519	0.283647	0.0468699	0.49232	0.177163
199	-69.50848	-88.57054	19.06206	0	0	1	1	0.01218502	0.001353794	0.00162565	0.0007037629	0.03952003	0.03952003	0.007187917	0.007187917	0.126635	0.057143	0.600228	0.215994
200	-66.62149	-89.61054	22.98905	0	1	0	0	0.01218502	0.001618559	0.00267212	0.00267212	0.03952003	0.004179289	0.00743696	0.002038687	0.126635	0.057143	0.600228	0.215994
201	-71.36275	-86.16314	14.80038	0	0	1	1	0.01358175	0.001618559	0.001390928	0.004054693	0.05040366	0.05040366	0.01590366	0.01590366	0.250792	0.0585066	0.469553	0.221148
202	-67.24886	-85.8032	18.55434	0	1	0	0	0.01358175	0.00114531	0.002281812	0.002281812	0.05964942	0.001906961	0.01590366	0.0005485894	0.142218	0.0331777	0.689517	0.135087
203	-67.04086	-85.57623	18.53537	0	0	1	0	0.007140425	0.0008846878	0.001718427	0.001090595	0.05964942	0.05964942	0.02330543	0.001337013	0.548576	0.083975	0.218281	0.149168
204	-67.64463	-90.49146	22.84683	0	1	0	0	0.006222387	0.001028343	0.004360485	0.004360485	0.03981079	0.01158202	0.00617395	0.001286183	0.0696614	0.0496905	0.554201	0.326447
205	-70.93743	-90.93228	19.99485	0	0	1	1	0.006222387	0.003171266	0.004360485	0.001175484	0.03613698	0.03613698	0.00617395	0.00617395	0.132274	0.0379193	0.381636	0.44817
206	-82.12995	-93.42543	11.29548	0	1	1	1	0.01250201	0.004377267	0.008445899	0.008445899	0.04576666	0.04576666	0.006372562	0.006372562	0.195105	0.0449035	0.349528	0.410464
207	-67.27703	-87.79322	20.51619	0	0	1	0	0.007340906	0.00425131	0.00426142	0.0008243405	0.04576666	0.04576666	0.01436189	0.00698906	0.369753	0.0217029	0.325036	0.283509
208	-72.01207	-91.76989	19.75782	1	0	0	1	0.007257078	0.007257078	0.002773331	0.001215817	0.03337511	0.004040129	0.009934923	0.009934923	0.369753	0.0217029	0.325036	0.283509
209	-70.58638	-90.75777	20.17139	0	1	1	0	0.003094469	0.00332052	0.001965246	0.001965246	0.03337511	0.03337511	0.01094423	0.003531127	0.347403	0.020391	0.444074	0.188132
210	-74.47053	-90.3065	15.83597	1	0	1	0	0.003094469	0.003094469	0.001269473	0.001845277	0.03337511	0.03337511	0.009635629	0.03180965	0.403557	0.023687	0.515853	0.0569028
211	-71.56327	-89.08999	17.52673	1	1	0	0	0.003094469	0.003094469	0.001269473	0.001269473	0.04050269	0.004588886	0.01708849	0.004814361	0.0299918	0.0386911	0.842613	0.0887044
212	-72.786	-91.3337	18.5477	0	1	1	0	0.005313004	0.002392661	0.001269473	0.001269473	0.02191556	0.02191556	0.01167304	0.0229546	0.0504479	0.0650808	0.411653	0.472818
213	-77.75626	-93.02689	15.27064	1	1	1	0	0.005313004	0.005313004	0.001242056	0.001242056	0.02191556	0.02191556	0.009524117	0.01673149	0.459114	0.0637214	0.403054	0.0741105
214	-71.35641	-91.01582	19.6594	0	1	1	0	0.005313004	0.002577807	0.00373084	0.00373084	0.03235099	0.03235099	0.009940322	0.005246348	0.63072	0.087539	0.179929	0.101811
215	-59.45461	-89.8374	30.38279	0	0	0	0	0.005313004	0.001753555	0.002047213	0.00219187	0.03121198	0.000106073	0.01252412	0.001747268	0.255562	0.150662	0.309674	0.284102
216	-69.17799	-90.09419	20.91621	0	0	1	0	0.005095729	0.001753555	0.0009223839	0.01633037	0.0324236	0.0324236	0.02070078	0.00428104	0.222464	0.260662	0.269567	0.247307
217	-76.26171	-86.45526	10.19355	0	1	1	1	0.004280252	0.002549613	0.003071148	0.003071148	0.05824126	0.05824126	0.01562523	0.01562523	0.138653	0.16246	0.16801	0.530877
218	-65.04913	-85.97458	20.92545	0	0	1	0	0.006667344	0.002315444	0.001896913	0.0004873214	0.05824126	0.05824126	0.009455699	0.002390635	0.117332	0.109574	0.137986	0.635108
219	-70.29473	-85.86364	15.56891	0	0	1	1	0.0121474	0.0009860541	0.001371316	0.000355495	0.05824126	0.05824126	0.009455699	0.009455699	0.186627	0.272723	0.21948	0.321171
220	-69.72022	-89.64468	19.92447	0	1	1	0	0.0121474	0.001198537	0.0007821128	0.0007821128	0.03270358	0.03270358	0.009455699	0.001355814	0.194628	0.284414	0.228889	0.292068
221	-67.48561	-89.9281	22.4425	0	0	0	0	0.007173091	0.002707263	0.0004969316	0.003657216	0.03270358	0.04228589	0.007433807	0.005856345	0.303663	0.274819	0.139304	0.282215
222	-75.60383	-89.87899	14.27516	1	0	1	1	0.007173091	0.007173091	0.0005683693	0.0007133951	0.04479769	0.04479769	0.007167857	0.007167857	0.358255	0.324226	0.209099	0.108421
223	-67.97523	-86.15907	18.18384	0	0	1	1	0.005965963	0.0007775115	0.0004742069	0.003339726	0.04479769	0.04479769	0.01224457	0.01224457	0.0217764	0.494223	0.318733	0.165267
224	-73.02273	-89.88641	16.86368	0	1	1	1	0.006699221	0.0007775115	0.0004380585	0.0004380585	0.0292909	0.0292909	0.008408236	0.008408236	0.0217764	0.494223	0.318733	0.165267
225	-73.42327	-85.18219	11.75892	0	1	1	1	0.006559714	0.0004891534	0.001300733	0.001300733	0.05349203	0.05349203	0.01297187	0.01297187	0.0457073	0.473158	0.306221	0.174913
226	-70.00242	-85.18472	15.18229	0	1	1	0	0.01095304	0.0003880863	0.001179765	0.001179765	0.05349203	0.05349203	0.01795078	0.000804997	0.0457073	0.473158	0.306221	0.174913
227	-64.71312	-85.5306	20.81748	0	0	1	0	0.01082494	0.0009231924	0.001179765	0.000606356	0.05349203	0.05349203	0.01196958	0.003076342	0.0468993	0.459419	0.314207	0.179475
228	-79.08992	-88.68955	9.59963	1	1	1	1	0.005733338	0.005733338	0.001010072	0.001010072	0.03690708	0.03690708	0.01397713	0.01397713	0.0832613	0.441892	0.302219	0.172628
229	-71.75431	-87.24013	15.48582	0	1	1	0	0.005871272	0.004110206	0.0007388669	0.0007388669	0.043084	0.043084	0.01397713	0.01525101	0.0832613	0.441892	0.302219	0.172628
230	-65.50969	-90.20245	24.69277	0	0	0	1	0.004647205	0.0002994976	0.00171494	0.0003974856	0.02714029	0.01172873	0.01397713	0.01397713	0.384436	0.296718	0.202932	0.115915
231	-61.91007	-90.85948	28.94941	0	0	0	0	0.004647205	0.0005234795	0.00227645	0.0004389548	0.02611252	0.01140564	0.01243892	0.007250944	0.384436	0.296718	0.202932	0.115915
232	-62.56796	-87.48583	24.91787	0	0	0	0	0.01122386	0.000459188	0.00227645	0.00128674	0.04533153	0.01229697	0.01243892	0.002841136	0.331489	0.174236	0.174983	0.319293
233	-66.50298	-87.28009	20.77711	0	0	1	0	0.01373116	0.000459188	0.001739281	0.00491275	0.04533153	0.04533153	0.01243892	0.003690265	0.145041	0.0762357	0.0765625	0.702161
234	-64.81357	-86.57627	21.7627	0	0	1	0	0.008266527	0.000459188	0.002591086	0.004201052	0.04533153	0.04533153	0.01243892	0.003377154	0.145041	0.0762357	0.0765625	0.702161
235	-75.90969	-88.45006	12.54037	1	0	1	1	0.004281989	0.004281989	0.001625631	0.006665487	0.04533153	0.04533153	0.01243892	0.01243892	0.438288	0.175826	0.231358	0.154528
236	-69.18827	-91.93556	22.74729	0	1	0	0	0.002965684	0.001181073	0.002531234	0.002531234	0.0301416	0.0003050805	0.01243892	0.02146995	0.453248	0.181827	0.239255	0.125669
237	-72.42574	-95.07244	22.64669	0	1	0	1	0.001983486	0.001285282	0.002528553	0.002528553	0.0301416	6.200195e-05	0.006070894	0.006070894	0.288769	0.115844	0.515321	0.0800651
238	-80.9784	-97.58969	16.61128	1	1	1	0	0.002011505	0.002011505	0.005619338	0.005619338	0.02458932	0.02458932	0.006070894	0.008766576	0.309875	0.0512216	0.552986	0.085917
239	-73.67673	-91.26395	17.58722	0	1	1	0	0.0029156	0.004094694	0.003265389	0.003265389	0.04544456	0.04544456	0.008490843	0.006801291	0.619151	0.135271	0.181912	0.0636651
240	-65.43354	-87.95994	22.5264	0	0	1	0	0.004835165	0.004094694	0.0009866656	0.003665176	0.04866852	0.04866852	0.009903114	0.0001436998	0.526399	0.0858659	0.361783	0.0259519
241	-64.71411	-86.61599	21.90188	0	0	0	1	0.005894868	0.001706792	0.0009866656	0.0004705783	0.05388073	0.003026588	0.009903114	0.009903114	0.446241	0.100399	0.423016	0.0303443
242	-67.89346	-87.5751	19.68164	0	0	1	1	0.005894868	0.002150631	0.001832212	0.0003517652	0.03708657	0.03708657	0.0117161	0.0117161	0.317426	0.0806965	0.577488	0.0243895
243	-70.8802	-88.00843	17.12824	0	0	1	0	0.003733217	0.005449089	0.001832212	0.005457924	0.06113302	0.06113302	0.009917316	0.01565214	0.401663	0.102111	0.465364	0.0308618
244	-78.9089	-88.87637	9.967464	1	1	1	1	0.003733217	0.003733217	0.00139965	0.00139965	0.03722774	0.03722774	0.01316298	0.01316298	0.227544	0.180522	0.537373	0.0545605
245	-67.78269	-92.92286	25.14016	0	0	0	0	0.003207698	0.006945294	0.002848958	0.004844361	0.03722774	0.005646846	0.02136586	0.004796527	0.178443	0.357357	0.421413	0.0427869
246	-66.90045	-93.10795	26.20749	0	0	0	1	0.003207698	0.00077094	0.002988849	0.00082977	0.02060953	0.001468308	0.02136586	0.02136586	0.113661	0.189029	0.670056	0.0272537
247	-76.25618	-91.69576	15.43958	0	1	1	1	0.009806702	0.0004846832	0.002988849	0.002988849	0.02060953	0.02060953	0.01987008	0.01987008	0.241272	0.136877	0.485192	0.136659
248	-79.53935	-89.48971	9.950365	1	1	1	0	0.005732376	0.005732376	0.005037247	0.005037247	0.04484024	0.04484024	0.01987008	0.009678589	0.216519	0.225428	0.435414	0.122639
249	-74.79488	-89.34632	14.55144	1	0	1	0	0.005732376	0.005732376	0.005589991	0.001100681	0.04484024	0.04484024	0.01987008	0.01124383	0.219223	0.228244	0.440853	0.11168
250	-70.21207	-89.2792	19.06712	0	0	1	0	0.005732376	0.003350532	0.003565902	0.001467323	0.03417239	0.03417239	0.01987008	0.02392574	0.22334	0.23253	0.449132	0.0949977
251	-75.63557	-89.64387	14.00829	0	1	1	1	0.007964269	0.004074053	0.003565902	0.003565902	0.03791688	0.03791688	0.008425813	0.008425813	0.0922133	0.271789	0.524961	0.111037
252	-71.64122	-86.18198	14.54075	0	1	0	1	0.006162253	0.002344439	0.002291754	0.002291754	0.05991052	0.004915246	0.01281413	0.01281413	0.0922133	0.271789	0.524961	0.111037
253	-69.1737	-87.14285	17.96914	0	0	1	1	0.006162253	0.001573625	0.002291754	0.003347569	0.04473626	0.04473626	0.01071625	0.01071625	0.129506	0.381707	0.332844	0.155942
254	-69.36512	-87.18009	17.81497	0	1	1	0	0.006660631	0.0008465456	0.003830927	0.003830927	0.04473626	0.04473626	0.01071625	0.002918972	0.0497437	0.146615	0.750298	0.0533436
255	-74.31057	-87.13421	12.82363	0	1	1	1	0.007116848	0.0007941198	0.003830927	0.003830927	0.04473626	0.04473626	0.01224509	0.01224509	0.0364046	0.398788	0.549101	0.0157067
256	-69.20632	-89.74692	20.54061	0	1	1	0	0.007116848	0.0007941198	0.003321029	0.003321029	0.03044002	0.03044002	0.01224509	0.0002016659	0.0595481	0.652309	0.262451	0.0256919
257	-61.66328	-90.37346	28.71018	0	0	0	0	0.008481507	0.0007941198	0.003419762	0.005295457	0.03044002	0.005151906	0.01263394	0.0002458323	0.0564331	0.670497	0.248722	0.0243479
258	-76.26876	-85.55464	9.285873	0	1	1	1	0.009778376	0.00209794	0.00264804	0.00264804	0.05471218	0.05471218	0.01972294	0.01972294	0.0216083	0.256734	0.712335	0.00932285
259	-76.13353	-88.41163	12.2781	0	1	0	1	0.005254178	0.002886224	0.00369807	0.00369807	0.05479386	0.01502559	0.01972294	0.01972294	0.261655	0.424505	0.19502	0.11882
260	-70.77379	-91.54718	20.77338	0	1	0	1	0.005254178	0.003991565	0.001624664	0.001624664	0.03172401	0.0007293808	0.009463478	0.009463478	0.261655	0.424505	0.19502	0.11882
261	-73.24963	-87.48516	14.23553	0	1	1	1	0.006496154	0.0002952513	0.001624664	0.001624664	0.04333424	0.04333424	0.008896802	0.008896802	0.271515	0.422313	0.190255	0.115917
262	-63.46369	-87.18094	23.71725	0	0	1	0	0.006496154	0.000248062	0.001624664	0.001765827	0.04333424	0.04333424	0.009710075	0.002306258	0.325406	0.307654	0.228016	0.138924
263	-73.09522	-87.14864	14.05342	0	1	1	1	0.006496154	0.000248062	0.001900238	0.001900238	0.04333424	0.04333424	0.009710075	0.009710075	0.325406	0.307654	0.228016	0.138924
264	-71.62595	-87.1754	15.54944	0	0	1	1	0.01271713	0.0001461566	0.001778536	0.002111885	0.0588494	0.0588494	0.007065459	0.007065459	0.325406	0.307654	0.228016	0.138924
265	-68.86535	-90.86324	21.99789	0	0	1	0	0.006170289	0.000217818	0.002851991	0.01043518	0.0361635	0.0361635	0.006538351	0.01294306	0.537902	0.210744	0.156192	0.0951631
266	-67.76698	-92.55838	24.7914	0	0	1	0	0.003150805	0.0005254255	0.003832094	0.004318605	0.0381854	0.0381854	0.005367414	0.003961337	0.528626	0.20711	0.153498	0.110766
267	-72.95664	-86.50014	13.5435	0	1	1	1	0.008761782	0.0008897557	0.001293575	0.001293575	0.04401096	0.04401096	0.009649476	0.009649476	0.33438	0.131006	0.503611	0.0310027
268	-62.21243	-88.02132	25.80888	0	0	0	0	0.008832749	0.001009052	0.001977698	0.002503488	0.03632075	0.004221905	0.01449336	0.01369915	0.42599	0.219462	0.304054	0.0504933
269	-65.94639	-87.22762	21.28123	0	1	0	0	0.008832749	0.001009052	0.0008994113	0.0008994113	0.04350176	0.005726214	0.01655364	0.002896671	0.50403	0.259666	0.176561	0.0597434
270	-68.88339	-86.19334	17.30996	0	1	0	1	0.008832749	0.0003424083	0.0008388489	0.0008388489	0.04350176	0.002528904	0.01655364	0.01655364	0.463437	0.0329084	0.376319	0.127336
271	-63.35755	-86.77818	23.42063	0	0	0	1	0.008832749	0.0001080636	0.000613755	0.003307695	0.04350176	0.0005917414	0.0102262	0.0102262	0.191309	0.0495985	0.567175	0.191917
272	-71.72955	-91.9661	20.23655	1	1	0	0	0.008832749	0.008832749	0.001157418	0.001157418	0.03270183	4.02951e-06	0.01013471	0.00302724	0.184386	0.0478037	0.546651	0.221159
273	-65.49137	-90.64593	25.15457	0	0	1	0	0.003911214	0.003015385	0.001237405	0.003597551	0.03270183	0.03270183	0.009773122	0.00302724	0.345054	0.0894583	0.151618	0.41387
274	-64.1937	-90.12794	25.93424	0	0	1	0	0.003911214	0.001710712	0.001237405	0.001666283	0.03270183	0.03270183	0.009773122	0.001803376	0.246694	0.0950819	0.176482	0.481742
275	-70.70139	-87.83977	17.13838	0	1	1	0	0.006384494	0.003675711	0.001237405	0.001237405	0.0423516	0.0423516	0.01003721	0.009893321	0.349032	0.134525	0.0554114	0.461031
276	-75.07897	-92.41204	17.33307	0	1	1	1	0.006384494	0.003675631	0.001101525	0.001101525	0.02191985	0.02191985	0.009847459	0.009847459	0.274343	0.105738	0.257543	0.362376
277	-71.09933	-96.98116	25.88182	0	0	0	1	0.007372108	0.005379717	0.007117761	0.002669573	0.02191985	0.001533965	0.007110825	0.007110825	0.251851	0.0970693	0.236428	0.414652
278	-81.78928	-98.27058	16.4813	0	1	1	1	0.007372108	0.007115735	0.007117761	0.007117761	0.02191985	0.02191985	0.004275701	0.004275701	0.351048	0.265586	0.165553	0.217814
279	-68.42743	-91.84068	23.41325	0	0	0	1	0.007372108	0.001898966	0.007501403	0.003145144	0.04098753	0.00204337	0.004275701	0.004275701	0.901289	0.0403977	0.0251819	0.0331313
280	-69.15845	-92.41643	23.25798	0	0	1	0	0.005916179	0.002126973	0.007501403	0.002793052	0.04098753	0.04098753	0.003436999	0.005350248	0.474936	0.0212877	0.0132697	0.490506
281	-76.62032	-92.50542	15.8851	1	0	1	0	0.005916179	0.005916179	0.004446077	0.004712129	0.04098753	0.04098753	0.003436999	0.02124968	0.222226	0.139966	0.10808	0.529729
282	-71.22686	-89.685	18.45815	0	0	1	1	0.005395522	0.001635502	0.002563487	0.008512642	0.04098753	0.04098753	0.006935912	0.006935912	0.217241	0.136826	0.128085	0.517847
283	-69.20237	-88.59648	19.39412	0	1	1	0	0.005395522	0.0007622072	0.002563487	0.002563487	0.03744686	0.03744686	0.01107715	0.00343155	0.299157	0.135539	0.0523294	0.512975
284	-75.93889	-89.80542	13.86653	1	1	1	0	0.005395522	0.005395522	0.002615813	0.002615813	0.04170623	0.04170623	0.007788376	0.005251888	0.175028	0.135483	0.063825	0.625665
285	-70.77042	-89.74326	18.97284	1	0	1	0	0.003884002	0.003884002	0.00219677	0.00220354	0.04170623	0.04170623	0.007844073	0.005251888	0.192551	0.0489297	0.070215	0.688304
286	-78.47142	-88.32082	9.849397	0	1	1	1	0.005041537	0.006539235	0.001900094	0.001900094	0.06441115	0.06441115	0.007844073	0.007844073	0.620319	0.0947146	0.0508543	0.234112
287	-76.47281	-86.19497	9.722151	1	1	1	0	0.006247158	0.006247158	0.00194103	0.00194103	0.06441115	0.06441115	0.01246074	0.001403865	0.220165	0.0396204	0.140913	0.599301
288	-68.78064	-86.68868	17.90805	0	0	1	1	0.006247158	0.0008189083	0.00194103	0.001488688	0.04781035	0.04781035	0.01087107	0.01087107	0.655585	0.0075404	0.157599	0.179276
289	-69.46914	-87.08053	17.61139	0	1	1	0	0.007061762	0.001521648	0.001248647	0.001248647	0.04781035	0.04781035	0.009426483	0.003805214	0.655585	0.0075404	0.157599	0.179276
290	-72.51959	-87.53348	15.01388	0	1	0	1	0.008598018	0.003017433	0.0009183499	0.0009183499	0.04781035	0.0103917	0.01499616	0.01499616	0.655585	0.0075404	0.157599	0.179276
291	-69.52698	-86.12906	16.60207	0	0	1	1	0.008737873	0.003017433	0.001404201	0.004338079	0.04781035	0.04781035	0.01133953	0.01133953	0.11279	0.019424	0.405974	0.461812
292	-73.955	-86.84588	12.89087	0	1	0	1	0.008737873	0.004052121	0.0008620171	0.0008620171	0.04781035	0.01938312	0.0170303	0.0170303	0.150246	0.076888	0.330405	0.442462
293	-71.04195	-85.43575	14.39381	0	0	0	1	0.006180544	0.0001737183	0.0006545822	0.00260655	0.061203	0.02430942	0.02368822	0.02368822	0.130132	0.0869105	0.286172	0.496786
294	-76.79543	-90.89136	14.09593	1	0	1	0	0.003039183	0.003039183	0.0005966337	0.002560677	0.03120926	0.03120926	0.02390394	0.02967306	0.214112	0.201389	0.333484	0.251015
295	-78.87383	-87.62643	8.752596	1	1	1	0	0.002871989	0.002871989	0.001188867	0.001188867	0.04979785	0.04979785	0.01113543	0.02701572	0.167156	0.157223	0.260349	0.415271
296	-81.41094	-89.01386	7.602911	1	1	1	1	0.001779064	0.001779064	0.0006425437	0.0006425437	0.04979785	0.04979785	0.01682954	0.01682954	0.210199	0.0584704	0.576893	0.154437
297	-81.59665	-89.21204	7.615389	1	1	1	1	0.001779064	0.001779064	0.0005711673	0.0005711673	0.04979785	0.04979785	0.01682954	0.01682954	0.232913	0.0647886	0.639231	0.0630679
298	-72.31879	-89.49097	17.17218	1	0	1	0	0.001779064	0.001779064	0.0004463892	0.003089629	0.04764484	0.04764484	0.01682954	0.003596971	0.218767	0.05238	0.600409	0.128444
299	-72.26711	-89.28917	17.02207	1	0	1	0	0.001779064	0.001779064	0.0004463892	0.001892807	0.04764484	0.04764484	0.01682954	0.005652423	0.0685117	0.0624543	0.715886	0.153148
300	-77.2502	-88.0882	10.838	1	0	1	1	0.003350992	0.003350992	0.0006706416	0.01354401	0.04610956	0.04610956	0.016406	0.016406	0.0685117	0.0624543	0.715886	0.153148
301	-68.01426	-87.40896	19.3947	0	0	1	1	0.003350992	0.000675185	0.0005066849	0.001669676	0.04400384	0.04400384	0.01046708	0.01046708	0.0334533	0.0648049	0.74283	0.158912
302	-72.83313	-85.74774	12.91461	0	1	1	1	0.00553118	0.0009554398	0.0006774815	0.0006774815	0.04673925	0.04673925	0.01429949	0.01429949	0.0130793	0.285296	0.172171	0.529453
303	-66.78355	-86.51584	19.73229	0	0	1	0	0.00553118	0.000797501	0.001100913	0.006004043	0.04673925	0.04673925	0.0238215	0.004285168	0.0130793	0.285296	0.172171	0.529453
304	-69.88044	-86.98715	17.10671	0	1	1	0	0.008221664	0.0006550063	0.001127443	0.001127443	0.03677523	0.03677523	0.01617278	0.01080877	0.0144999	0.316281	0.0822623	0.586957
305	-68.58729	-89.64428	21.05699	0	1	0	0	0.008221664	0.003833563	0.001127443	0.001127443	0.03669663	0.001981369	0.01622574	0.01261578	0.027968	0.610059	0.134965	0.227008
306	-68.28837	-92.27866	23.99029	0	1	0	0	0.008221664	0.003999773	0.001388081	0.001388081	0.02449541	0.006163657	0.01013864	0.00951629	0.0494996	0.309858	0.238869	0.401774
307	-69.91324	-93.66931	23.75607	0	0	1	0	0.008221664	0.01080097	0.001929653	0.004264909	0.02631921	0.02631921	0.01013864	0.003588205	0.0623511	0.45688	0.352208	0.12856
308	-77.13622	-92.63968	15.50346	0	1	1	1	0.008221664	0.008493752	0.0008418878	0.0008418878	0.02631921	0.02631921	0.009517959	0.009517959	0.0477235	0.349696	0.26958	0.333
309	-75.45587	-88.34763	12.89176	1	1	1	0	0.00819454	0.00819454	0.0003177393	0.0003177393	0.04364105	0.04364105	0.01495364	0.001226566	0.0782236	0.175718	0.200238	0.545821
310	-72.54088	-89.41811	16.87724	1	0	1	0	0.01117393	0.01117393	0.0001683076	0.005283697	0.04226737	0.04226737	0.01495364	0.001226566	0.0782236	0.175718	0.200238	0.545821
311	-76.14979	-90.2646	14.11481	1	1	1	0	0.005544887	0.005544887	0.0004658865	0.0004658865	0.03303288	0.03303288	0.01027041	0.01202355	0.0551855	0.418483	0.141264	0.385067
312	-70.80471	-90.48135	19.67664	1	0	1	0	0.006580032	0.006580032	0.0004658865	0.004840325	0.03303288	0.03303288	0.01021768	0.003923937	0.0551855	0.418483	0.141264	0.385067
313	-74.11259	-89.65191	15.53932	0	1	1	1	0.006580032	0.003452919	0.0004658865	0.0004658865	0.0324728	0.0324728	0.01021768	0.01021768	0.0551855	0.418483	0.141264	0.385067
314	-73.37107	-88.61751	15.24644	0	1	1	0	0.01309372	0.005365613	0.0004658865	0.0004658865	0.04705891	0.04705891	0.01021768	0.008199936	0.0957874	0.389994	0.086214	0.428005
315	-69.34101	-88.59608	19.25507	0	0	1	1	0.008486394	0.003250132	0.0004658865	0.001769493	0.03293589	0.03293589	0.01456436	0.01456436	0.0994405	0.404867	0.22419	0.271502
316	-76.50959	-91.73847	15.22888	1	1	0	1	0.003970431	0.003970431	0.0008162628	0.0008162628	0.02823173	0.00349294	0.01845372	0.01845372	0.076673	0.31217	0.263673	0.347483
317	-78.60624	-92.69778	14.09154	1	0	1	0	0.007915921	0.007915921	0.0001313258	0.00903433	0.0246794	0.0246794	0.01791711	0.03132978	0.209258	0.302728	0.151042	0.336972
318	-72.04925	-89.73571	17.68646	0	0	1	1	0.007410184	0.01026998	0.0002779384	0.00103137	0.0384916	0.0384916	0.0129636	0.0129636	0.202192	0.292505	0.229964	0.275339
319	-73.78124	-91.13104	17.3498	1	0	0	1	0.007982854	0.007982854	7.477574e-05	0.0007244971	0.0384916	0.01477892	0.01031774	0.01031774	0.286004	0.141218	0.325287	0.247491
320	-69.69762	-89.34568	19.64806	0	1	1	0	0.006274147	0.001397927	0.0001394813	0.0001394813	0.03002148	0.03002148	0.01434822	0.007042969	0.286004	0.141218	0.325287	0.247491
321	-63.67356	-88.4881	24.81455	0	0	1	0	0.009005977	0.0008831784	0.0001394813	0.00569705	0.03002148	0.03002148	0.01341404	4.749004e-05	0.318625	0.0432639	0.36239	0.27572
322	-70.81332	-88.23208	17.41876	0	1	1	0	0.008419972	0.002054455	0.0003222813	0.0003222813	0.03280473	0.03280473	0.01341404	0.01496045	0.40968	0.0358791	0.465951	0.0884894
323	-73.90584	-88.37812	14.47228	1	0	1	1	0.006021533	0.006021533	0.0002510233	0.001606625	0.03799964	0.03799964	0.01341404	0.01341404	0.418006	0.0162858	0.475421	0.0902878
324	-78.62551	-90.93225	12.30674	1	1	0	1	0.009896545	0.009896545	0.0002510233	0.0002510233	0.03897186	0.00914643	0.01341404	0.01341404	0.446155	0.0173825	0.507437	0.0290254
325	-69.399	-85.84871	16.44971	0	0	1	1	0.009896545	0.0005608859	0.0002510233	0.002873104	0.044562	0.044562	0.01937545	0.01937545	0.446155	0.0173825	0.507437	0.0290254
326	-71.71425	-86.20359	14.48934	0	0	1	1	0.007130722	0.0004469225	0.0001859044	0.001903767	0.07242854	0.07242854	0.006636594	0.006636594	0.446155	0.0173825	0.507437	0.0290254
327	-73.5485	-87.87549	14.32699	0	1	1	1	0.005038204	0.0004271154	0.0002047433	0.0002047433	0.04741272	0.04741272	0.007041165	0.007041165	0.070289	0.0291791	0.851808	0.0487235
328	-75.10478	-86.40419	11.29941	0	1	1	1	0.01037504	0.001392743	0.0002047433	0.0002047433	0.05680335	0.05680335	0.008666009	0.008666009	0.319223	0.0213663	0.623733	0.0356776
329	-81.24885	-88.23383	6.984984	1	1	1	1	0.007003393	0.007003393	0.0001108284	0.0001108284	0.05680335	0.05680335	0.008666009	0.008666009	0.40257	0.0369055	0.515532	0.0449928
330	-76.84154	-88.01657	11.17504	1	1	1	0	0.003520867	0.003520867	0.0001108284	0.0001108284	0.05680335	0.05680335	0.01666429	0.001054013	0.387721	0.0355442	0.496516	0.0802193
331	-64.87307	-87.9262	23.05313	0	0	1	0	0.005568414	0.0005835606	0.00013757	0.002712617	0.03559655	0.03559655	0.02380217	0.0008832193	0.225017	0.0168703	0.235661	0.522452
332	-73.57859	-87.54831	13.96972	0	0	1	1	0.009968006	0.0008046128	0.0001840715	0.01558647	0.04135934	0.04135934	0.02380217	0.02380217	0.168034	0.0251152	0.0290665	0.777784
333	-67.92748	-87.32237	19.3949	0	1	1	0	0.004959522	0.00084907	0.0005604208	0.0005604208	0.04135934	0.04135934	0.01277632	0.0001676344	0.0461735	0.0150033	0.0247227	0.914101
334	-63.87501	-86.06941	22.1944	0	0	1	0	0.007089621	0.001004743	0.0005604208	0.003477566	0.04135934	0.04135934	0.01564061	0.005063826	0.0598283	0.0147885	0.0243687	0.901014
335	-67.5136	-87.88869	20.37509	0	0	0	1	0.007089621	0.0006752514	0.001504075	0.003477566	0.04135934	0.0148562	0.01564061	0.01564061	0.0654086	0.0147007	0.0242241	0.895667
336	-68.32589	-88.56185	20.23596	0	0	1	1	0.007318769	0.0004876983	0.001466837	0.001900468	0.02904698	0.02904698	0.01564061	0.01564061	0.0601706	0.03899	0.0768992	0.82394
337	-70.86397	-86.55174	15.68776	0	1	1	0	0.00566552	0.0006308916	0.001328844	0.001328844	0.03967824	0.03967824	0.02036421	0.01420967	0.0617348	0.0140083	0.0788982	0.845359
338	-68.19152	-87.73371	19.54219	0	1	0	1	0.00566552	0.0007710184	0.00194946	0.00194946	0.03967824	0.0003554935	0.01141004	0.01141004	0.309031	0.0701226	0.394948	0.225899
339	-64.44963	-90.09586	25.64623	0	0	1	0	0.004990786	0.0007710184	0.00194946	0.00118869	0.03435417	0.03435417	0.00620703	0.004990248	0.309031	0.0701226	0.394948	0.225899
340	-69.53101	-91.13201	21.601	0	1	0	1	0.004990786	0.0005569606	0.001954768	0.001954768	0.02570742	0.006282172	0.008561154	0.008561154	0.317444	0.0448078	0.405699	0.232049
341	-73.48775	-86.8733	13.38555	0	1	1	1	0.006943477	0.001393489	0.001954768	0.001954768	0.04665618	0.04665618	0.008561154	0.008561154	0.317444	0.0448078	0.405699	0.232049
342	-73.45893	-86.74855	13.28962	0	1	1	1	0.008720845	0.001847576	0.0007884558	0.0007884558	0.04665618	0.04665618	0.008044708	0.008044708	0.236093	0.033325	0.636982	0.0935997
343	-66.81548	-89.17609	22.36061	0	0	1	0	0.01133589	0.002061371	0.001328947	0.002084948	0.04234179	0.04234179	0.008101212	0.00599124	0.631745	0.089172	0.0286267	0.250457
344	-75.84878	-91.07094	15.22216	0	1	1	1	0.009214058	0.00180909	0.001328947	0.001328947	0.03830234	0.03830234	0.004349053	0.004349053	0.113678	0.21462	0.0688992	0.602802
345	-76.46249	-94.18303	17.72054	1	0	1	0	0.005795395	0.005795395	0.001428327	0.01187155	0.04285966	0.04285966	0.002637847	0.005656963	0.198774	0.0101991	0.145007	0.646019
346	-79.52756	-97.7147	18.18714	1	0	0	1	0.005795395	0.005795395	0.001390955	0.01071629	0.04285966	0.004231061	0.002587407	0.002587407	0.167276	0.00858296	0.122029	0.702112
347	-78.96944	-91.2259	12.25647	1	0	1	1	0.007275405	0.007275405	0.001390955	0.001279968	0.05883554	0.05883554	0.003185594	0.003185594	0.175372	0.0139849	0.0745501	0.736093
348	-78.95901	-94.42266	15.46365	1	0	1	1	0.008056839	0.008056839	0.001421013	0.003499385	0.03745934	0.03745934	0.003185594	0.003185594	0.194696	0.0136572	0.0728031	0.718844
349	-73.64953	-93.51833	19.8688	0	0	1	1	0.01311317	0.001396828	0.001421013	0.001385629	0.03745934	0.03745934	0.003185594	0.003185594	0.194696	0.0136572	0.0728031	0.718844
350	-77.82713	-93.39533	15.5682	0	1	1	1	0.007929145	0.001332171	0.001421013	0.001421013	0.03989968	0.03989968	0.002442129	0.002442129	0.283237	0.019868	0.105911	0.590983
351	-64.35057	-89.23691	24.88634	0	0	1	0	0.004038875	0.001456993	0.001681026	0.0009688175	0.03989968	0.03989968	0.008132494	0.002620138	0.242485	0.0415743	0.0906728	0.625268
352	-69.06944	-92.70174	23.63231	0	1	0	0	0.006645576	0.000180433	0.002708565	0.002708565	0.02185831	0.02113329	0.008132494	0.005312503	0.227572	0.0390174	0.146597	0.586814
353	-64.45849	-94.13951	29.68102	0	0	0	0	0.006645576	0.0001544597	0.002708565	0.0005798263	0.01849565	0.02113329	0.008329378	0.002862557	0.244954	0.0419976	0.0703565	0.642692
354	-73.30793	-94.78582	21.4779	0	1	0	1	0.003129753	0.001370775	0.002132093	0.002132093	0.02402644	0.009891118	0.008207241	0.008207241	0.223	0.0432188	0.0724022	0.661379
355	-74.80161	-93.6156	18.81399	0	1	1	0	0.005308549	0.004207044	0.003760809	0.003760809	0.02495971	0.02495971	0.008207241	0.01755179	0.210859	0.0953097	0.0684604	0.625371
356	-68.83995	-96.54598	27.70602	0	0	1	0	0.007398344	0.002007975	0.003760809	0.001589054	0.01517317	0.01517317	0.0108863	0.001853594	0.273594	0.0877328	0.0630179	0.575655
357	-77.04072	-99.5642	22.52349	0	0	1	1	0.01123796	0.002216055	0.00691446	0.0003434297	0.01517317	0.01517317	0.006891495	0.006891495	0.274131	0.0859406	0.0631417	0.576786
358	-81.81676	-99.31939	17.50263	1	0	1	1	0.005143075	0.005143075	0.005974163	0.005064249	0.01517317	0.01517317	0.01060443	0.01060443	0.26155	0.405842	0.0602438	0.272364
359	-81.21501	-94.12889	12.91387	0	1	1	1	0.006376436	0.007778601	0.005974163	0.005974163	0.02729137	0.02729137	0.0207865	0.0207865	0.274975	0.24016	0.323692	0.161173
360	-75.77723	-89.79475	14.01752	0	0	1	1	0.009017271	0.009530002	0.005989793	0.002234766	0.05070503	0.05070503	0.01395444	0.01395444	0.274975	0.24016	0.323692	0.161173
361	-69.29735	-90.90852	21.61116	0	0	0	1	0.01126422	0.001946409	0.00362585	0.00562173	0.04095276	0.0001668596	0.01395444	0.01395444	0.0724178	0.537395	0.0634592	0.326728
362	-71.42273	-88.0707	16.64797	0	0	1	1	0.01076255	0.002005572	0.00362585	0.0003342292	0.05134322	0.05134322	0.008313499	0.008313499	0.155231	0.494219	0.136028	0.214523
363	-63.53009	-86.4444	22.91431	0	0	0	0	0.01076255	0.001900691	0.00176981	0.0003342292	0.05134322	0.009782192	0.01785096	0.005871683	0.0627106	0.534431	0.316195	0.0866634
364	-73.11609	-87.94201	14.82592	0	0	1	1	0.0100366	0.002568601	0.001471527	0.01167187	0.04320764	0.04320764	0.01785096	0.01785096	0.0321393	0.67443	0.249015	0.0444151
365	-69.22228	-86.73467	17.51239	0	1	0	1	0.00670355	0.001550334	0.002399599	0.002399599	0.04320764	0.005698354	0.01188089	0.01188089	0.0119526	0.131689	0.83984	0.016518
366	-64.00406	-88.78307	24.77902	0	0	0	1	0.00670355	0.0009101863	0.002399599	0.002737008	0.02910586	0.003426142	0.01412958	0.01412958	0.135651	0.146034	0.668849	0.0494654
367	-74.03825	-90.52485	16.4866	0	1	1	1	0.007183532	0.0004341363	0.003173464	0.003173464	0.02910586	0.02910586	0.007873818	0.007873818	0.024172	0.548338	0.398052	0.0294383
368	-66.43434	-91.85931	25.42497	0	0	0	1	0.007183532	0.0004477993	0.001780493	0.009929953	0.02089173	0.004053155	0.01143034	0.01143034	0.0237141	0.288102	0.659304	0.0288807
369	-67.81757	-91.69182	23.87424	0	0	1	0	0.014615	0.0006106539	0.001780493	0.009929953	0.02686598	0.02686598	0.01020302	0.0005821853	0.0229409	0.278708	0.637806	0.0605456
370	-60.25327	-90.90884	30.65556	0	0	0	0	0.009155171	0.0009086583	0.001282059	0.003456515	0.0231155	0.004432588	0.01020302	0.002781322	0.141238	0.244963	0.560584	0.0532151
371	-68.61622	-88.28847	19.67226	0	0	1	1	0.006599372	0.002121789	0.0008415458	0.003456515	0.0389737	0.0389737	0.007092882	0.007092882	0.171554	0.0768003	0.680908	0.0707378
372	-69.6331	-88.74695	19.11385	0	1	0	1	0.01004913	0.001419188	0.000657097	0.000657097	0.0389737	0.004087906	0.007092882	0.007092882	0.208948	0.0995161	0.603307	0.0882289
373	-68.48476	-87.44753	18.96277	0	0	1	1	0.005754334	0.003282119	0.000657097	0.000123535	0.0389737	0.0389737	0.01435331	0.01435331	0.0421064	0.389427	0.49594	0.0725273
374	-76.82004	-92.57279	15.75275	1	1	0	1	0.00383829	0.00383829	0.001193368	0.001193368	0.02412887	0.008454647	0.01435331	0.01435331	0.079245	0.564239	0.298788	0.0577283
375	-75.65483	-92.88106	17.22623	1	1	0	0	0.00522032	0.00522032	0.001628071	0.001628071	0.0261719	0.02343952	0.007777094	0.008840352	0.0775223	0.573711	0.292293	0.0564734
376	-69.4416	-86.87652	17.43492	0	0	1	1	0.006002462	0.00293187	0.001057972	0.0001503859	0.04359298	0.04359298	0.01814784	0.01814784	0.0616826	0.456488	0.23257	0.249259
377	-75.96221	-91.84534	15.88314	0	1	1	1	0.008577054	0.004212316	0.001057972	0.001057972	0.02181743	0.02181743	0.01555791	0.01555791	0.0859219	0.528111	0.329223	0.0567446
378	-73.87665	-92.89675	19.0201	0	0	1	1	0.007548479	0.004212316	0.0006260569	0.01203089	0.03251982	0.03251982	0.005878613	0.005878613	0.162632	0.689018	0.0409434	0.107406
379	-80.00692	-86.95273	6.945814	1	0	1	1	0.007548479	0.007548479	0.0005497555	0.007981627	0.06443904	0.06443904	0.02182588	0.02182588	0.296077	0.434388	0.0600925	0.209442
380	-77.13288	-89.19108	12.05821	0	1	1	1	0.01388483	0.00350266	0.0004945641	0.0004945641	0.04487517	0.04487517	0.01034432	0.01034432	0.296077	0.434388	0.0600925	0.209442
381	-68.71968	-88.822	20.10232	0	0	1	0	0.01388483	0.00311489	0.0002751001	0.0009143931	0.05460907	0.05460907	0.01204843	0.001316232	0.104767	0.799859	0.0212636	0.0741108
382	-74.93736	-90.53253	15.59517	0	0	1	1	0.01388483	0.00311489	6.94633e-05	9.735904e-05	0.05677687	0.05677687	0.0084636	0.0084636	0.105862	0.808224	0.0110279	0.0748858
383	-73.28111	-93.02877	19.74766	0	0	0	1	0.009780002	0.004879555	6.376646e-05	8.659734e-05	0.05677687	0.008141242	0.0084636	0.0084636	0.282672	0.65432	0.00892794	0.0540797
384	-77.16867	-87.11704	9.94837	0	1	1	1	0.006655956	0.002110742	0.000119184	0.000119184	0.05677687	0.05677687	0.0195072	0.0195072	0.290633	0.559895	0.00917937	0.140293
385	-78.17986	-87.92747	9.747606	1	1	1	0	0.007692283	0.007692283	0.0002338794	0.0002338794	0.05677687	0.05677687	0.0195072	0.002108109	0.268619	0.517485	0.00848407	0.205412
386	-77.44848	-94.37964	16.93116	1	1	1	0	0.006061928	0.006061928	0.0002218048	0.0002218048	0.02836704	0.02836704	0.009144972	0.001432172	0.372668	0.443866	0.0072771	0.176189
387	-65.95268	-91.72855	25.77587	0	0	1	0	0.007926254	0.002213246	0.0002218048	0.0005591685	0.03233922	0.03233922	0.009144972	0.001305211	0.365352	0.454783	0.00713424	0.172731
388	-72.85029	-93.59838	20.74809	0	1	1	0	0.006391276	0.002343306	0.0001250301	0.0001250301	0.02947843	0.02947843	0.006875682	0.007718259	0.365352	0.454783	0.00713424	0.172731
389	-70.31769	-90.82984	20.51215	0	1	1	0	0.005932341	0.001717768	0.0001250301	0.0001250301	0.03669898	0.03669898	0.006875682	0.002931727	0.116264	0.144723	0.00227029	0.736743
390	-75.02897	-87.11185	12.08288	1	0	1	1	0.003345078	0.003345078	0.0001250301	0.002101885	0.05797254	0.05797254	0.009415888	0.009415888	0.168616	0.13462	0.00329256	0.693472
391	-75.67067	-89.33047	13.6598	1	0	1	1	0.002204342	0.002204342	8.155888e-05	0.005914427	0.04632409	0.04632409	0.009415888	0.009415888	0.340066	0.271502	0.00664047	0.381792
392	-72.8059	-90.54282	17.73692	1	0	1	0	0.002329184	0.002329184	4.046602e-05	0.003097653	0.0381421	0.0381421	0.01006909	0.01647754	0.637034	0.145263	0.00257001	0.215133
393	-74.63428	-90.08802	15.45374	1	0	1	1	0.002441452	0.002441452	6.868487e-05	0.002957542	0.0381421	0.0381421	0.01006909	0.01006909	0.300638	0.279893	0.00495189	0.414518
394	-72.24495	-94.3988	22.15384	0	0	1	1	0.002441452	0.0008544068	3.637992e-05	0.002917053	0.02023526	0.02023526	0.01840641	0.01840641	0.24198	0.225282	0.0593224	0.473415
395	-76.09815	-94.14003	18.04189	1	0	1	1	0.002635898	0.002635898	2.750988e-05	0.004133059	0.02448417	0.02448417	0.007593844	0.007593844	0.285702	0.085302	0.0700411	0.558955
396	-70.62356	-86.78825	16.16469	0	0	1	1	0.004294496	0.001435345	0.0001395366	0.009303454	0.05547126	0.05547126	0.008505207	0.008505207	0.285702	0.085302	0.0700411	0.558955
397	-63.637	-87.64395	24.00694	0	0	0	0	0.008539247	0.001249765	6.112285e-05	0.003039139	0.05617367	0.009176232	0.008055085	0.007071119	0.180598	0.0206246	0.445451	0.353326
398	-69.98511	-86.45516	16.47005	0	1	1	0	0.007632133	0.000721012	5.77849e-05	5.77849e-05	0.05617367	0.05617367	0.01044172	0.002376308	0.18333	0.0364755	0.452189	0.328005
399	-75.20116	-88.1782	12.97705	0	1	1	1	0.01343598	0.000536098	5.77849e-05	5.77849e-05	0.04015408	0.04015408	0.01366178	0.01366178	0.0435398	0.199108	0.43895	0.318402
400	-67.85094	-85.75417	17.90324	0	0	1	1	0.006998668	0.0003877546	6.762998e-05	0.003612345	0.04168259	0.04168259	0.01645571	0.01645571	0.0513763	0.234945	0.23462	0.479059
401	-71.20214	-88.76915	17.56701	1	0	1	0	0.003086161	0.003086161	6.762998e-05	0.003213413	0.04168259	0.04168259	0.008622919	0.01445524	0.0186395	0.243052	0.242717	0.495591
402	-72.98931	-90.88956	17.90025	0	0	1	0	0.003086161	0.007541747	0.0002774135	0.01779872	0.04050885	0.04050885	0.009830714	0.01971533	0.0186395	0.243052	0.242717	0.495591
403	-75.67522	-89.63269	13.95746	1	0	1	0	0.006053591	0.006053591	0.0002774135	0.01779872	0.03661615	0.03661615	0.01131361	0.01971533	0.0186395	0.243052	0.242717	0.495591
404	-74.10244	-89.49734	15.3949	1	0	1	1	0.005735025	0.005735025	0.0003779072	0.003806619	0.0350458	0.0350458	0.009050094	0.009050094	0.0421455	0.159361	0.239578	0.558915
405	-69.40279	-88.72689	19.32409	0	1	1	0	0.01054853	0.001643303	0.0004573793	0.0004573793	0.0350458	0.0350458	0.01075323	0.002629078	0.0347276	0.389852	0.197411	0.378009
406	-73.88169	-88.36484	14.48315	0	1	1	1	0.01054853	0.001753636	0.0009161081	0.0009161081	0.03525921	0.03525921	0.01075323	0.01075323	0.0340526	0.382275	0.193574	0.390099
407	-66.139	-88.00552	21.86651	0	0	0	1	0.01055605	0.002717255	0.0008849213	0.003242348	0.04601326	0.00120369	0.01145412	0.01145412	0.00940791	0.329346	0.325159	0.336087
408	-66.72368	-89.32388	22.6002	1	0	0	0	0.006203831	0.006203831	0.002575641	0.002664753	0.04601326	0.00132774	0.01145412	0.00163556	0.00634511	0.222126	0.544857	0.226672
409	-75.45414	-88.76283	13.30869	1	1	1	0	0.006264773	0.006264773	0.002001724	0.002001724	0.03522978	0.03522978	0.014261	0.008191435	0.0113042	0.123477	0.611021	0.254197
410	-70.85228	-90.25634	19.40406	1	0	1	0	0.006264773	0.006264773	0.002044559	0.002259044	0.03280618	0.03280618	0.014261	0.002984347	0.0404725	0.602301	0.236885	0.120341
411	-79.08591	-88.92254	9.836627	1	1	1	1	0.00692556	0.00692556	0.0005747094	0.0005747094	0.03440294	0.03440294	0.01436878	0.01436878	0.0880704	0.197399	0.515475	0.199055
412	-76.34411	-90.02476	13.68065	1	1	1	0	0.003971601	0.003971601	0.0002546789	0.0002546789	0.03262694	0.03262694	0.0169521	0.01001571	0.125911	0.282214	0.307293	0.284582
413	-68.84275	-88.81661	19.97385	0	1	0	1	0.009198085	0.0001672243	0.0001502883	0.0001502883	0.03262694	0.000328535	0.01488956	0.01488956	0.117602	0.345716	0.27088	0.265802
414	-68.35157	-85.59231	17.24074	0	0	1	0	0.009198085	0.006398866	0.0001502883	0.00346184	0.06035752	0.06035752	0.01488956	0.008075215	0.087263	0.256528	0.458979	0.197231
415	-71.44301	-88.22646	16.78345	1	0	0	0	0.005295762	0.005295762	0.0006708269	0.002847885	0.06035752	0.01121766	0.02371127	0.001046201	0.087263	0.256528	0.458979	0.197231
416	-73.75375	-86.02395	12.2702	0	0	1	1	0.005295762	0.001029795	0.0006708269	0.01036092	0.06035752	0.06035752	0.02371127	0.02371127	0.123747	0.36378	0.232782	0.279691
417	-77.57636	-86.55375	8.977389	1	0	1	1	0.007613271	0.007613271	0.001838802	0.0009084081	0.06035752	0.06035752	0.02000603	0.02000603	0.094658	0.462996	0.228401	0.213945
418	-69.34515	-88.17656	18.8314	0	0	0	0	0.007613271	0.002102747	0.00253399	0.01353896	0.06084516	0.01505931	0.02000603	0.001270358	0.0731676	0.473986	0.233823	0.219023
419	-66.34645	-88.29094	21.94448	0	1	0	0	0.0084961	0.002047074	0.00253399	0.00253399	0.04084485	0.003809708	0.01639133	0.001502605	0.073977	0.473572	0.233619	0.218832
420	-65.37477	-87.68184	22.30707	0	0	1	0	0.005684554	0.0004830325	0.00253399	0.002232893	0.03797856	0.03797856	0.01639133	0.008247285	0.068385	0.513365	0.215959	0.20229
421	-70.48111	-85.8283	15.34719	0	0	1	1	0.009440285	0.0004830325	0.002317347	0.0006825546	0.05075263	0.05075263	0.0201496	0.0201496	0.0624669	0.506615	0.21312	0.217798
422	-75.88081	-89.52083	13.64002	0	1	1	1	0.004926788	0.0005015959	0.004353036	0.004353036	0.03412243	0.03412243	0.0201496	0.0201496	0.0604179	0.394918	0.374886	0.169778
423	-71.68972	-89.2385	17.54878	0	0	0	1	0.01027438	0.003203585	0.002212933	0.0009160954	0.03514191	0.02484499	0.02417545	0.02417545	0.114184	0.351598	0.383064	0.151155
424	-73.94891	-88.57269	14.62378	0	1	1	1	0.01027438	0.002000452	0.0005900746	0.0005900746	0.03187329	0.03187329	0.0136881	0.0136881	0.118201	0.363966	0.361361	0.156472
425	-71.75128	-88.69448	16.9432	0	1	0	1	0.01027438	0.002499518	0.0005900746	0.0005900746	0.03187329	0.01577081	0.0136881	0.0136881	0.0543153	0.207287	0.515279	0.223119
426	-75.78509	-92.85959	17.07451	1	0	1	1	0.004640161	0.004640161	0.0005530843	0.004477905	0.02104872	0.02104872	0.0136881	0.0136881	0.331515	0.146527	0.36424	0.157718
427	-75.90226	-91.92756	16.0253	1	1	1	0	0.004640161	0.004640161	0.001566714	0.001566714	0.02889311	0.02889311	0.008213983	0.007095514	0.206784	0.309918	0.227196	0.256102
428	-69.62569	-89.84254	20.21684	1	0	0	0	0.003618689	0.003618689	0.001526199	0.002379224	0.03665216	0.02119126	0.01304483	0.007095514	0.280709	0.0632161	0.308418	0.347657
429	-75.39336	-89.4241	14.03074	1	1	1	0	0.0076387	0.0076387	0.002725488	0.002725488	0.03665216	0.03665216	0.01304483	0.001757346	0.215003	0.101299	0.60891	0.0747881
430	-69.77789	-86.16612	16.38823	0	0	1	0	0.006432223	0.001052088	0.002725488	0.004440548	0.07707995	0.07707995	0.007428322	0.008249206	0.157099	0.108771	0.653825	0.0803047
431	-69.96942	-87.46504	17.49563	0	0	0	1	0.006432223	0.006074279	0.00327354	0.002870583	0.06486653	0.002076535	0.01547973	0.01547973	0.032091	0.124902	0.750792	0.0922144
432	-69.71335	-86.07601	16.36266	0	0	1	1	0.008804159	0.00391989	0.0009694345	0.003574684	0.05074174	0.05074174	0.01000702	0.01000702	0.0279544	0.0764991	0.654013	0.241533
433	-82.34996	-88.90874	6.55878	1	1	1	1	0.008804159	0.008804159	0.004071839	0.004071839	0.04490744	0.04490744	0.01723806	0.01723806	0.00385197	0.0522898	0.447041	0.496817
434	-71.96249	-87.53172	15.56923	0	1	1	0	0.0128944	0.001914449	0.003352073	0.003352073	0.04490744	0.04490744	0.01327132	0.006215714	0.00422108	0.0573004	0.489878	0.4486
435	-74.49686	-89.25374	14.75688	0	1	1	1	0.01024959	0.003150889	0.001902925	0.001902925	0.02914187	0.02914187	0.01321967	0.01321967	0.00531232	0.0721138	0.616523	0.306051
436	-64.34154	-90.32446	25.98293	0	0	1	0	0.007905935	0.003150889	0.001279281	0.001043541	0.02914187	0.02914187	0.007665661	0.002338307	0.00426203	0.0578564	0.494631	0.44325
437	-82.78288	-93.71032	10.92744	1	1	1	1	0.01194567	0.01194567	0.001279281	0.001279281	0.02914187	0.02914187	0.007665661	0.007665661	0.00324045	0.0377661	0.669659	0.289335
438	-74.98436	-88.66691	13.68255	1	0	1	1	0.007626237	0.007626237	0.001230129	0.003042354	0.04424578	0.04424578	0.007665661	0.007665661	0.0240855	0.0369763	0.655654	0.283284
439	-63.75548	-86.41207	22.65659	0	0	1	0	0.007626237	0.002936328	0.0002703895	0.003033016	0.04139231	0.04139231	0.0135956	0.002698469	0.0211498	0.0324694	0.575738	0.370643
440	-65.34916	-86.15112	20.80196	0	0	1	0	0.006825076	0.005046933	0.0006319276	0.005012787	0.04960445	0.04960445	0.0135956	0.001444222	0.0211498	0.0324694	0.575738	0.370643
441	-69.74308	-91.2582	21.51511	0	1	1	0	0.006825076	0.002711421	0.0006319276	0.0006319276	0.02380204	0.02380204	0.0135956	0.0009784632	0.116916	0.398444	0.184531	0.300109
442	-69.95024	-91.46154	21.5113	0	1	1	0	0.005608939	0.003045977	0.001187371	0.001187371	0.02380204	0.02380204	0.0135956	0.001326418	0.0336381	0.436019	0.201933	0.32841
443	-74.71637	-89.11018	14.39381	1	0	1	1	0.003248405	0.003248405	0.00103999	0.001639297	0.03965987	0.03965987	0.01415419	0.01415419	0.0232577	0.610057	0.139619	0.227066
444	-84.93634	-89.67272	4.736383	1	1	1	1	0.008003158	0.008003158	0.006177991	0.006177991	0.05711039	0.05711039	0.01415419	0.01415419	0.0542195	0.69608	0.159306	0.0903945
445	-78.19328	-90.3388	12.14552	0	1	1	1	0.00494742	0.001070927	0.006177991	0.006177991	0.03761388	0.03761388	0.02279191	0.02279191	0.0907227	0.292596	0.567724	0.0489573
446	-82.52508	-92.21374	9.688663	1	1	0	1	0.00494742	0.00494742	0.006177991	0.006177991	0.03761388	0.01512429	0.02279191	0.02279191	0.127316	0.410617	0.393362	0.0687046
447	-71.53052	-93.03705	21.50653	0	1	0	0	0.004096902	5.739273e-05	0.006177991	0.006177991	0.02546452	0.01576023	0.02279191	0.003781835	0.178157	0.105231	0.620472	0.09614
448	-70.27709	-92.11691	21.83982	0	0	0	1	0.006137979	9.188871e-05	0.006177991	0.0003858775	0.02546452	0.00979541	0.02817066	0.02817066	0.178157	0.105231	0.620472	0.09614
449	-76.39336	-89.09637	12.70301	0	1	1	1	0.004220211	0.002711819	0.004870834	0.004870834	0.04379895	0.04379895	0.01381143	0.01381143	0.118713	0.189319	0.519006	0.172963
450	-70.05903	-88.46553	18.4065	1	0	1	0	0.005719161	0.005719161	0.00196282	0.0004914305	0.04145471	0.04145471	0.01381143	0.002886464	0.066599	0.5452	0.291167	0.0970338
451	-71.71594	-89.36098	17.64504	1	0	1	0	0.008172274	0.008172274	0.004279313	0.001204389	0.04145471	0.04145471	0.01457748	0.0009934737	0.0397311	0.325252	0.57713	0.0578877
452	-74.93664	-88.38494	13.4483	1	0	1	1	0.004934723	0.004934723	0.001741517	0.003332479	0.04145471	0.04145471	0.01368668	0.01368668	0.119905	0.468383	0.32835	0.0833621
453	-72.16536	-94.62797	22.46261	0	1	0	0	0.002577078	0.004502004	0.001741517	0.001741517	0.0247682	0.008979302	0.01368668	0.01640713	0.315653	0.260931	0.18292	0.240496
454	-76.68971	-92.31949	15.62978	1	1	0	0	0.003363732	0.003363732	0.001233879	0.001233879	0.0247682	0.03342508	0.01934884	6.930401e-05	0.362713	0.20874	0.278979	0.149569
455	-77.58709	-89.41883	11.83174	1	1	1	0	0.003363732	0.003363732	0.001633016	0.001633016	0.04034679	0.04034679	0.01934884	0.009704558	0.430442	0.247718	0.144342	0.177498
456	-67.05304	-89.05857	22.00554	0	1	0	0	0.0044151	0.0008849139	0.002364784	0.002364784	0.04034679	0.003301799	0.01357006	0.01039298	0.368464	0.274674	0.160049	0.196813
457	-65.82535	-90.70153	24.87617	0	0	0	0	0.007831864	0.0008874049	0.002364784	0.007422925	0.02854663	0.02515665	0.01357006	0.002613011	0.250469	0.506949	0.108796	0.133786
458	-70.7368	-86.61882	15.88203	0	0	1	1	0.01208054	0.002305128	0.002364784	0.001297331	0.04655183	0.04655183	0.01616657	0.01616657	0.113014	0.228741	0.478144	0.180101
459	-73.89343	-86.20776	12.31433	0	1	1	1	0.005660955	0.001718518	0.001538613	0.001538613	0.04655183	0.04655183	0.01616657	0.01616657	0.209016	0.27691	0.296046	0.218028
460	-77.14093	-90.09625	12.95532	1	0	1	1	0.006298308	0.006298308	0.001538613	0.01065685	0.03330967	0.03330967	0.01616657	0.01616657	0.225534	0.232802	0.36634	0.175324
461	-70.67929	-88.67885	17.99956	0	1	1	0	0.005023002	0.001110405	0.001538613	0.001538613	0.03343846	0.03343846	0.0173705	0.01017278	0.303826	0.313617	0.14637	0.236186
462	-70.00018	-90.75933	20.75914	0	1	0	1	0.005023002	0.000372351	0.002710168	0.002710168	0.03343846	0.001794503	0.009530258	0.009530258	0.318245	0.3285	0.10586	0.247395
463	-69.90355	-89.26125	19.35769	0	0	0	1	0.01123721	0.0005242759	0.001160629	0.006074852	0.05866974	0.001756364	0.01099919	0.01099919	0.470461	0.485621	0.019728	0.0241897
464	-74.39109	-89.50696	15.11587	0	1	1	1	0.005204255	0.0007149993	0.001057375	0.001057375	0.03443997	0.03443997	0.01419492	0.01419492	0.579708	0.303885	0.0123451	0.104062
465	-68.70976	-91.35957	22.64981	0	1	0	0	0.005204255	0.0005917562	0.0009048605	0.0009048605	0.03443997	0.005134288	0.01316232	0.01215368	0.579708	0.303885	0.0123451	0.104062
466	-72.92988	-90.24829	17.31841	0	0	0	1	0.004124098	0.003356818	0.0003728022	0.0005392237	0.03443997	0.04632533	0.01292885	0.01292885	0.54905	0.287814	0.0116922	0.151444
467	-79.62328	-91.24366	11.62039	0	1	0	1	0.002152243	0.002584974	0.0003728022	0.0003728022	0.03443997	0.05006248	0.01553059	0.01553059	0.40003	0.349253	0.0051682	0.245548
468	-70.6516	-90.34352	19.69192	0	0	1	1	0.001497167	0.0005162571	0.0003728022	0.002940283	0.045139	0.045139	0.008507811	0.008507811	0.236666	0.256618	0.00305761	0.503658
469	-69.98707	-94.86293	24.87586	0	0	1	0	0.002014183	0.0003543016	0.0003728022	0.01054354	0.02555501	0.02555501	0.006267747	0.01375039	0.313203	0.230888	0.00275104	0.453158
470	-78.21765	-93.72095	15.50329	1	1	0	0	0.002848938	0.002848938	0.0005279322	0.0005279322	0.02555501	0.02578256	0.01159695	0.01662117	0.454394	0.312611	0.00372477	0.22927
471	-77.19266	-93.32712	16.13446	1	1	1	0	0.002848938	0.002848938	0.001487798	0.001487798	0.02555501	0.02555501	0.01159695	0.0082964	0.306122	0.210604	0.00250935	0.480765
472	-72.41922	-90.51612	18.0969	0	0	1	1	0.002848938	0.0004164986	0.001205408	0.003187963	0.03744919	0.03744919	0.02298893	0.02298893	0.449052	0.415028	0.00356084	0.13236
473	-67.02959	-91.87026	24.84067	0	1	0	0	0.006458803	0.0009647176	0.002386108	0.002386108	0.03743498	0.001115321	0.008455994	0.002243337	0.498466	0.460699	0.00395268	0.0368824
474	-77.63708	-92.38944	14.75236	1	0	1	1	0.007418754	0.007418754	0.003535147	0.0008459076	0.03743498	0.03743498	0.008455994	0.008455994	0.683118	0.301504	0.00148856	0.0138897
475	-77.61496	-91.69494	14.07998	0	1	1	1	0.007418754	0.00199121	0.006235943	0.006235943	0.03743498	0.03743498	0.008455994	0.008455994	0.187348	0.773573	0.00378272	0.0352965
476	-80.89284	-95.63585	14.74301	0	1	1	1	0.004732809	0.00199121	0.01077515	0.01077515	0.03178913	0.03178913	0.008455994	0.008455994	0.177881	0.734486	0.00192874	0.0857046
477	-70.27463	-91.32752	21.05289	0	1	0	0	0.004854142	0.000770386	0.007489341	0.007489341	0.0622751	0.000724551	0.003800075	0.000812048	0.374179	0.559112	0.00146821	0.0652408
478	-69.65671	-90.86035	21.20363	0	0	1	0	0.004854142	0.0005543939	0.007489341	0.0001678742	0.0622751	0.0622751	0.001737664	0.002784844	0.403412	0.345518	0.00158292	0.249487
479	-79.97036	-91.17015	11.19979	0	1	1	1	0.01214718	0.0005543939	0.006943693	0.006943693	0.05442823	0.05442823	0.003938275	0.003938275	0.418058	0.358063	0.00581956	0.218059
480	-77.74411	-95.78531	18.0412	0	0	1	1	0.01214718	0.0003580335	0.004807391	0.01639107	0.03118449	0.03118449	0.003527414	0.003527414	0.367236	0.571328	0.00511209	0.0563239
481	-75.0272	-95.3709	20.34369	0	1	0	1	0.01214718	0.0003580335	0.006775079	0.006775079	0.02947226	0.0009541473	0.005538442	0.005538442	0.443909	0.527178	0.0024058	0.0265066
482	-73.04183	-91.71023	18.6684	0	0	1	1	0.007595038	0.00107922	0.006775079	0.004806303	0.03535607	0.03535607	0.009216206	0.009216206	0.367519	0.599597	0.00273629	0.0301478
483	-72.01537	-88.09003	16.07466	0	0	1	0	0.007892865	0.006831408	0.003611226	0.005067636	0.07561329	0.07561329	0.009216206	0.0009688297	0.0803946	0.636246	0.00290354	0.280455
484	-76.46643	-86.0968	9.630371	0	1	1	1	0.007892865	0.002872376	0.002160808	0.002160808	0.06484667	0.06484667	0.009216206	0.009216206	0.0636918	0.504059	0.0023003	0.429949
485	-82.07139	-89.00288	6.931491	0	0	1	1	0.01883896	0.00248091	0.002237645	0.006834052	0.09579035	0.09579035	0.005781933	0.005781933	0.197688	0.400345	0.0604839	0.341483
486	-79.28759	-86.18987	6.902277	0	0	1	1	0.005716854	0.001522822	0.002237645	0.0119667	0.09579035	0.09579035	0.01489658	0.01489658	0.197688	0.400345	0.0604839	0.341483
487	-68.63801	-86.93852	18.30051	0	0	1	0	0.003659851	0.003065161	0.0005361028	0.007385023	0.06583713	0.06583713	0.01489658	0.001089555	0.19057	0.38593	0.0583062	0.365193
488	-78.29871	-86.05982	7.761109	1	1	1	0	0.005025626	0.005025626	0.0005361028	0.0005361028	0.07087635	0.07087635	0.01489658	0.006346579	0.192995	0.390842	0.296671	0.119492
489	-73.08976	-86.46594	13.37618	0	1	1	1	0.007212716	0.001189131	0.001052287	0.001052287	0.04381001	0.04381001	0.0122985	0.0122985	0.173652	0.351669	0.0736497	0.401029
490	-65.59241	-88.07713	22.48472	0	1	0	0	0.007212716	0.001319937	0.0007980202	0.0007980202	0.04381001	0.006341808	0.0122985	0.0007544742	0.117185	0.207169	0.104831	0.570815
491	-70.58523	-87.01563	16.4304	0	0	1	1	0.007212716	0.001520863	0.003492436	0.003112054	0.04999285	0.04999285	0.0122985	0.0122985	0.575795	0.0754083	0.231833	0.116963
492	-70.8175	-87.16739	16.34989	0	1	1	0	0.007808017	0.005141539	0.0006333581	0.0006333581	0.04999285	0.04999285	0.0122985	0.002215675	0.575795	0.0754083	0.231833	0.116963
493	-64.7267	-88.03754	23.31084	0	0	1	0	0.007808017	0.002711336	0.0006624982	0.003551439	0.03414926	0.03414926	0.0122985	0.006628932	0.268805	0.12998	0.399607	0.201608
494	-68.14449	-92.20967	24.06519	0	0	1	0	0.01362807	0.001417314	0.001024858	0.004448561	0.02211311	0.02211311	0.0122985	0.008564673	0.366859	0.0378369	0.429762	0.165542
495	-66.54106	-92.07952	25.53847	0	1	0	0	0.008610316	0.002133553	0.002184374	0.002184374	0.02211311	0.005950055	0.01009583	0.003980581	0.341342	0.0352051	0.399869	0.223584
496	-69.13919	-92.87157	23.73238	1	0	0	0	0.00361578	0.00361578	0.001690481	0.001976183	0.02495306	0.007407351	0.01009583	0.01566007	0.341342	0.0352051	0.399869	0.223584
497	-71.38101	-90.311	18.92999	0	1	0	1	0.005898017	0.00328526	0.002849371	0.002849371	0.03463976	0.008998201	0.007660999	0.007660999	0.172058	0.0177457	0.697495	0.112701
498	-78.74539	-92.3824	13.63701	1	1	1	0	0.005898017	0.005898017	0.002849371	0.002849371	0.02342199	0.02342199	0.01320113	0.01870018	0.396675	0.0166378	0.505077	0.0816099
499	-71.9118	-86.76354	14.85174	0	0	1	0	0.005898017	0.001021433	0.002849371	0.003082714	0.05152758	0.05152758	0.01206766	0.03974984	0.157807	0.544105	0.256623	0.041465
500	-70.60418	-89.41341	18.80922	0	1	0	1	0.008713296	0.000316913	0.0017755	0.0017755	0.02785607	0.009514706	0.01584592	0.01584592	0.163329	0.563143	0.230612	0.0429159
501	-69.97706	-89.14253	19.16547	0	0	1	1	0.006679689	0.0001346267	0.0017755	0.004933947	0.02785607	0.02785607	0.02060483	0.02060483	0.0271353	0.516836	0.416642	0.0393869
502	-69.73536	-89.31827	19.58291	0	0	1	1	0.006679689	0.0002429484	0.002775342	0.003393534	0.02785607	0.02785607	0.01864928	0.01864928	0.0264162	0.50314	0.405601	0.0648427
503	-73.3294	-89.25441	15.92501	0	1	1	1	0.006679689	0.0001749819	0.002775342	0.002775342	0.02785607	0.02785607	0.01349705	0.01349705	0.0264162	0.50314	0.405601	0.0648427
504	-72.73285	-87.27561	14.54276	0	1	1	1	0.004606576	0.0003752333	0.001375408	0.001375408	0.03903544	0.03903544	0.01349705	0.01349705	0.0901939	0.404322	0.284089	0.221395
505	-72.7294	-91.17165	18.44225	0	1	1	0	0.004606576	0.0004176057	0.004493285	0.004493285	0.03018867	0.03018867	0.02455442	0.001860966	0.0857987	0.285798	0.270245	0.358158
506	-73.30947	-87.99349	14.68402	0	1	0	1	0.005605407	0.0003391468	0.004493285	0.004493285	0.05212271	0.0005038742	0.02455442	0.02455442	0.145966	0.175404	0.459757	0.218874
507	-78.58717	-87.26816	8.680985	0	1	1	1	0.01065468	0.000594382	0.004493285	0.004493285	0.05212271	0.05212271	0.02455442	0.02455442	0.149191	0.179279	0.469915	0.201614
508	-72.99805	-88.17051	15.17246	0	0	1	1	0.01689932	0.000594382	0.003729726	0.001245429	0.05212271	0.05212271	0.01023335	0.01023335	0.0493867	0.230197	0.629683	0.0907339
509	-76.11531	-88.47691	12.36161	0	1	1	1	0.01689932	0.0008300999	0.0007020697	0.0007020697	0.04270124	0.04270124	0.01023335	0.01023335	0.0902409	0.220304	0.602621	0.0868345
510	-73.7974	-89.08101	15.28361	0	1	1	0	0.01689932	0.0006773824	0.00133946	0.00133946	0.03707759	0.03707759	0.01726249	0.01093291	0.428469	0.07306	0.469674	0.0287972
511	-71.96231	-89.48841	17.5261	0	1	0	1	0.01626925	0.0006773824	0.00133946	0.00133946	0.03465635	0.004751575	0.01366793	0.01366793	0.366207	0.0814051	0.523321	0.0290666
512	-64.18393	-86.74145	22.55751	0	0	0	0	0.01108875	0.0006736939	0.00133946	0.001084709	0.03819605	0.003954499	0.01366793	0.03165113	0.101303	0.11543	0.742052	0.0412154
513	-72.13478	-89.55738	17.42261	0	0	1	1	0.01108875	0.001253595	0.001905431	0.01215539	0.03819605	0.03819605	0.007354749	0.007354749	0.17685	0.105726	0.679673	0.0377507
514	-66.19408	-87.58376	21.38968	0	0	0	1	0.007194664	0.0005709559	0.001013178	0.008810191	0.04313506	0.005465023	0.0126101	0.0126101	0.358893	0.214557	0.349941	0.0766098
515	-75.09997	-89.98644	14.88647	0	1	1	1	0.004055636	0.0005760599	0.004958845	0.004958845	0.03746816	0.03746816	0.009865002	0.009865002	0.0871748	0.123292	0.74551	0.0440229
516	-63.94673	-86.33629	22.38956	0	1	0	0	0.00435539	0.0009183193	0.001464415	0.001464415	0.04956112	0.001305562	0.01426495	0.001210035	0.0871748	0.123292	0.74551	0.0440229
517	-66.1538	-86.53331	20.37951	0	1	0	0	0.00435539	0.0004316563	0.001596907	0.001596907	0.04956112	0.01249146	0.01426495	0.001875894	0.0532987	0.0753811	0.455806	0.415515
518	-67.74625	-87.23311	19.48686	0	1	0	0	0.009869815	0.0003263933	0.004379165	0.004379165	0.04956112	0.01110458	0.01426495	0.0001773981	0.136705	0.198187	0.442244	0.222864
519	-62.94506	-86.92972	23.98466	0	0	0	0	0.009869815	3.526349e-05	0.004893554	0.0001432483	0.04956112	0.01099693	0.01426495	0.003727981	0.279517	0.15984	0.356675	0.203968
520	-76.16785	-89.41539	13.24753	0	1	1	1	0.0114216	9.440724e-05	0.004893554	0.004893554	0.03562399	0.03562399	0.01426495	0.01426495	0.279517	0.15984	0.356675	0.203968
521	-65.50896	-90.22367	24.71471	0	1	0	0	0.0114216	0.0003300921	0.002327365	0.002327365	0.02832476	0.0004710034	0.009602687	0.007302252	0.140118	0.10441	0.477634	0.277838
522	-69.99681	-87.43113	17.43432	0	1	1	0	0.0114216	0.0003300921	0.0008430694	0.0008430694	0.03785375	0.03785375	0.009602687	0.01183576	0.140118	0.10441	0.477634	0.277838
523	-64.90185	-88.7422	23.84035	0	0	1	0	0.0114216	0.0006892562	0.001695978	0.003571353	0.03785375	0.03785375	0.009475283	7.392296e-05	0.609049	0.0474709	0.21716	0.126321
524	-74.37633	-89.30111	14.92478	0	1	1	1	0.0114216	0.0006687021	0.001650702	0.001650702	0.03348828	0.03348828	0.009475283	0.009475283	0.605941	0.0472287	0.216052	0.130778
525	-71.55145	-94.87334	23.32189	0	0	1	1	0.006325735	0.0006687021	0.004429554	0.001346445	0.01838283	0.01838283	0.007056354	0.007056354	0.658587	0.0241533	0.250379	0.0668814
526	-68.39962	-96.65503	28.25541	0	0	0	1	0.003950382	0.001225024	0.004429554	0.001827349	0.01838283	0.0024065	0.007305054	0.007305054	0.784762	0.093115	0.0424284	0.0796948
527	-69.3286	-93.88528	24.55668	1	0	0	0	0.003950382	0.003950382	0.00537061	0.002633346	0.0338338	0.003885083	0.005429041	0.005581452	0.769392	0.0912914	0.0415975	0.0977187
528	-81.71633	-94.57009	12.85376	1	1	0	1	0.003950382	0.003950382	0.006911001	0.006911001	0.03107512	0.01943509	0.007179355	0.007179355	0.77654	0.0921394	0.0326944	0.0986265
529	-73.14862	-91.04857	17.89995	1	0	1	0	0.007340346	0.007340346	0.006911001	0.0004933955	0.04440074	0.04440074	0.00932868	0.0007493541	0.841177	0.0649461	0.0354158	0.0584606
530	-70.81187	-89.97898	19.16711	0	0	1	1	0.007340346	0.001817815	0.00446418	0.0003112302	0.03598144	0.03598144	0.01206027	0.01206027	0.881655	0.0199508	0.03712	0.0612738
531	-69.38281	-95.64856	26.26575	0	0	0	1	0.003346167	0.002759325	0.00446418	0.000393733	0.02091081	0.003967686	0.01506582	0.01506582	0.865057	0.0195752	0.055248	0.0601202
532	-71.96077	-90.58263	18.62186	0	1	1	0	0.003346167	0.001809794	0.00446418	0.00446418	0.04353099	0.04353099	0.01099913	0.0009438826	0.6332	0.0532088	0.150174	0.163417
533	-72.2589	-92.33291	20.07401	1	0	1	0	0.003346167	0.003346167	0.00446418	0.0007925763	0.0325649	0.0325649	0.01510136	0.0005185743	0.707691	0.0594684	0.0900123	0.142829
534	-72.96326	-91.62279	18.65952	1	0	1	0	0.00624901	0.00624901	0.002744766	0.005130061	0.0325649	0.0325649	0.01510136	0.003088604	0.7108	0.153729	0.0904078	0.0450629
535	-69.33795	-91.41939	22.08143	0	1	0	0	0.005589574	0.006310523	0.00144446	0.00144446	0.0325649	0.00794207	0.01580681	0.005183958	0.573856	0.238923	0.172376	0.0148447
536	-75.9944	-86.67098	10.67658	0	1	1	1	0.004911666	0.001612375	0.001316008	0.001316008	0.05650778	0.05650778	0.01665669	0.01665669	0.528411	0.299194	0.158726	0.0136691
537	-70.48519	-87.37609	16.89089	0	0	1	1	0.004911666	0.0009942311	0.00165923	0.00151029	0.05650778	0.05650778	0.009412185	0.009412185	0.528411	0.299194	0.158726	0.0136691
538	-73.45212	-86.39996	12.94784	0	1	1	1	0.008655543	0.0001284018	0.002100207	0.002100207	0.04805837	0.04805837	0.009070248	0.009070248	0.334864	0.189605	0.466868	0.00866238
539	-69.10439	-85.30632	16.20193	0	0	1	1	0.008655543	0.0002191152	0.0005740582	0.006280534	0.04805837	0.04805837	0.01514868	0.01514868	0.334864	0.189605	0.466868	0.00866238
540	-71.35428	-89.08207	17.72778	1	0	1	0	0.005909851	0.005909851	0.0006002827	0.006702106	0.03516778	0.03516778	0.01718897	0.004639329	0.334864	0.189605	0.466868	0.00866238
541	-77.12025	-88.55434	11.43409	1	0	1	1	0.00269206	0.00269206	0.001709926	0.006002859	0.05450229	0.05450229	0.01176437	0.01176437	0.313628	0.161339	0.518842	0.00619014
542	-69.13455	-90.70918	21.57462	1	0	0	0	0.003054349	0.003054349	0.0004462297	0.00220242	0.05510139	0.00750044	0.008632012	0.0008044215	0.527624	0.271425	0.190537	0.0104138
543	-73.02171	-88.14707	15.12536	1	0	1	0	0.003140966	0.003140966	0.001318086	0.00631654	0.05510139	0.05510139	0.01476751	0.004449837	0.424301	0.218273	0.349051	0.00837451
544	-74.53435	-87.84565	13.3113	0	0	1	1	0.009971963	0.001025955	0.002942412	0.007458185	0.06735361	0.06735361	0.006718807	0.006718807	0.633755	0.13886	0.222058	0.00532766
545	-70.77263	-89.00653	18.2339	0	0	1	1	0.009971963	0.001286401	0.003280566	0.000107376	0.04369783	0.04369783	0.008969164	0.008969164	0.693616	0.209081	0.0913571	0.00594546
546	-69.85634	-87.24063	17.38429	0	1	0	0	0.006936532	0.001300267	0.003394208	0.003394208	0.05982284	0.00603546	0.01064711	0.01357384	0.184079	0.556798	0.24329	0.0158332
547	-80.60274	-87.28737	6.684625	0	1	1	1	0.008385967	0.008182595	0.003340541	0.003340541	0.07461685	0.07461685	0.009312841	0.009312841	0.0588864	0.45128	0.440795	0.049039
548	-80.74982	-87.60418	6.854354	1	1	1	0	0.004579025	0.004579025	0.003340541	0.003340541	0.07461685	0.07461685	0.009312841	0.01101868	0.051249	0.522448	0.383625	0.0426788
549	-76.533	-87.37235	10.83934	0	0	1	1	0.007803509	0.002404751	0.003340541	0.01213219	0.07461685	0.07461685	0.009312841	0.009312841	0.304666	0.382899	0.281156	0.031279
550	-80.77462	-87.20812	6.433504	0	1	1	1	0.01627662	0.00172837	0.003340541	0.003340541	0.07461685	0.07461685	0.009312841	0.009312841	0.440943	0.10687	0.406917	0.0452701
551	-75.77878	-93.95662	18.17785	0	1	0	1	0.01627662	0.002696932	0.003905406	0.003905406	0.032429	0.001701601	0.01062436	0.01062436	0.774625	0.028988	0.116859	0.0795282
552	-72.21776	-93.39554	21.17778	0	1	0	1	0.01521128	0.001084046	0.0004654287	0.0004654287	0.02369307	0.000401321	0.009618958	0.009618958	0.429531	0.0733744	0.295792	0.201302
553	-70.95318	-87.39556	16.44238	0	1	1	0	0.01136274	0.0009294271	0.001328191	0.001328191	0.04813486	0.04813486	0.007283531	0.008522163	0.360597	0.0822409	0.331535	0.225627
554	-63.54212	-86.72149	23.17937	0	0	1	0	0.009244158	0.001467993	0.001328191	0.0002463049	0.04386762	0.04386762	0.01029626	0.0021115	0.376579	0.0415637	0.34623	0.235627
555	-65.10969	-86.9044	21.79471	0	1	0	0	0.01171794	0.0006695412	0.001328191	0.001328191	0.04386762	0.0008925941	0.01170841	0.006298084	0.272122	0.0196706	0.459053	0.249154
556	-68.16975	-86.53516	18.36541	0	0	1	0	0.01171794	0.0004037022	0.000489622	0.01357443	0.04386762	0.04386762	0.01534289	0.010702	0.179588	0.0249623	0.482124	0.313325
557	-68.8048	-86.45682	17.65202	0	0	1	1	0.01171794	0.001478218	0.0008123993	0.0003749953	0.04386762	0.04386762	0.01239049	0.01239049	0.246959	0.0229124	0.442533	0.287596
558	-58.68581	-87.07667	28.39086	0	0	0	0	0.006937155	0.002122128	0.0009275494	0.0001091638	0.04065472	0.0003211468	0.01376188	0.003455308	0.252689	0.0545272	0.503291	0.189493
559	-65.09437	-87.16392	22.06955	0	0	1	0	0.007109564	0.003743078	0.0009275494	0.003636659	0.04065472	0.04065472	0.01318433	0.005654365	0.0602318	0.376483	0.515414	0.0478712
560	-70.18357	-87.15729	16.97372	0	1	1	0	0.009474752	0.003743078	0.00144638	0.00144638	0.04579528	0.04579528	0.009444944	0.004617174	0.0350301	0.237373	0.441929	0.285668
561	-75.25584	-87.79633	12.54049	0	1	1	1	0.009474752	0.005184519	0.001564971	0.001564971	0.04579528	0.04579528	0.00832334	0.00832334	0.0752765	0.0418069	0.326683	0.556233
562	-77.88488	-89.92513	12.04025	0	1	1	0	0.0111454	0.005176565	0.002978827	0.002978827	0.06881196	0.06881196	0.003394067	0.01123458	0.129209	0.0717597	0.560738	0.238293
563	-79.44053	-93.09805	13.65752	1	0	1	1	0.01050161	0.01050161	0.0009802688	0.001871301	0.04720613	0.04720613	0.003394067	0.003394067	0.129209	0.0717597	0.560738	0.238293
564	-72.56774	-88.40018	15.83244	0	0	1	1	0.007359579	0.0007660059	0.0009802688	0.000926607	0.06728723	0.06728723	0.003730116	0.003730116	0.126331	0.0701613	0.548248	0.25526
565	-72.2025	-86.00347	13.80097	0	1	1	0	0.007359579	0.002126199	0.0009802688	0.0009802688	0.06728723	0.06728723	0.006722601	0.008194062	0.121732	0.10401	0.52829	0.245968
566	-83.59234	-89.5819	5.989562	1	1	1	1	0.004012966	0.004012966	0.002277252	0.002277252	0.06728723	0.06728723	0.004700011	0.004700011	0.156336	0.0985177	0.678465	0.0666812
567	-71.5243	-90.2741	18.7498	1	0	0	0	0.00355711	0.00355711	0.001868568	0.0009357047	0.06728723	0.001207806	0.004700011	0.01434301	0.156336	0.0985177	0.678465	0.0666812
568	-77.49168	-92.45781	14.96613	1	0	1	0	0.001353284	0.001353284	0.00471381	0.002873699	0.06728723	0.06728723	0.004700011	0.005077102	0.102083	0.0643292	0.443018	0.390569
569	-79.92334	-94.73653	14.81319	1	0	1	1	0.001353284	0.001353284	0.002349158	0.0112473	0.03450159	0.03450159	0.007891519	0.007891519	0.12178	0.188357	0.411416	0.278448
570	-71.12867	-95.57539	24.44672	0	1	0	0	0.001444689	0.0003437155	0.003411493	0.003411493	0.03450159	0.001990225	0.01277147	0.006849514	0.375894	0.422646	0.053966	0.147494
571	-77.17642	-96.18139	19.00497	0	0	1	1	0.001444689	0.0003437155	0.00158357	0.005709927	0.02624148	0.02624148	0.02757932	0.02757932	0.362677	0.396318	0.102699	0.138306
572	-84.39942	-97.29159	12.89218	1	1	1	1	0.001366614	0.001366614	0.003527087	0.003527087	0.02624148	0.02624148	0.007658862	0.007658862	0.498215	0.170711	0.14108	0.189994
573	-77.02021	-94.10996	17.08975	0	1	1	1	0.001366614	0.0007835094	0.0005773395	0.0005773395	0.02654883	0.02654883	0.01504446	0.01504446	0.32774	0.112299	0.0470624	0.512899
574	-74.21324	-94.72657	20.51333	1	0	1	0	0.001247995	0.001247995	0.0002189628	0.0008719827	0.02654883	0.02654883	0.01504446	0.01034257	0.32774	0.112299	0.0470624	0.512899
575	-76.65278	-91.10069	14.44792	1	0	1	1	0.001247995	0.001247995	0.0006562344	0.002186449	0.04029709	0.04029709	0.01504446	0.01504446	0.444767	0.122482	0.063867	0.368884
576	-78.80114	-92.9873	14.18616	0	1	1	1	0.001559132	0.005936248	0.001496312	0.001496312	0.03689337	0.03689337	0.01504446	0.01504446	0.545023	0.150091	0.0782635	0.226623
577	-67.29676	-95.82326	28.5265	0	0	0	0	0.001700526	0.002685418	0.003676938	0.007250014	0.03689337	0.0005395509	0.01366972	0.001097662	0.545023	0.150091	0.0782635	0.226623
578	-76.47002	-93.93425	17.46423	0	0	1	1	0.001700526	0.005148802	0.002872474	0.01149139	0.03689337	0.03689337	0.01360932	0.01360932	0.489115	0.168534	0.0878805	0.25447
579	-78.9678	-91.35003	12.38223	1	1	1	0	0.002912099	0.002912099	0.002872474	0.002872474	0.03689337	0.03689337	0.009303833	0.01926635	0.397167	0.318579	0.16612	0.118134
580	-74.86436	-90.1088	15.24444	0	1	1	1	0.002912099	4.596763e-05	0.002872474	0.002872474	0.03852333	0.03852333	0.01052219	0.01052219	0.29986	0.3853	0.200911	0.113929
581	-67.24658	-85.73987	18.49329	0	0	0	1	0.00656801	2.306942e-05	0.002872474	0.0006131754	0.05884322	0.009243721	0.01720303	0.01720303	0.168087	0.477174	0.248818	0.10592
582	-67.86035	-88.58912	20.72876	0	0	1	0	0.003887712	0.0001196276	0.001039638	0.000752289	0.06095907	0.06095907	0.006155166	0.009666158	0.458766	0.310444	0.161879	0.0689107
583	-73.45717	-89.15927	15.7021	0	1	0	1	0.01006956	0.0001285913	0.001515406	0.001515406	0.06095907	0.004790155	0.004332588	0.004332588	0.293208	0.369436	0.236626	0.10073
584	-71.64991	-90.60443	18.95452	0	1	0	1	0.007568911	0.0002817861	0.001870951	0.001870951	0.04339968	0.005737389	0.004332588	0.004332588	0.284381	0.37405	0.239581	0.101988
585	-70.05923	-89.53826	19.47903	0	0	1	1	0.007568911	0.0004537737	0.001090525	0.0007714472	0.04597381	0.04597381	0.004332588	0.004332588	0.380776	0.161875	0.320791	0.136559
586	-71.99482	-90.8331	18.83828	0	1	0	1	0.009926732	0.0002765801	0.003077475	0.003077475	0.04597381	0.000269034	0.004332588	0.004332588	0.307826	0.130862	0.259333	0.30198
587	-66.13567	-87.03748	20.9018	0	0	0	1	0.005978929	0.0001825906	0.003077475	0.001318189	0.04597381	0.01289521	0.01216365	0.01216365	0.356383	0.151505	0.300241	0.191872
588	-72.94025	-89.20849	16.26824	0	1	1	0	0.009227917	0.01027603	0.0003762522	0.0003762522	0.04597381	0.04597381	0.01141278	0.001290214	0.356383	0.151505	0.300241	0.191872
589	-71.28492	-88.07972	16.7948	0	1	1	0	0.009227917	0.001550303	0.002400178	0.002400178	0.04597381	0.04597381	0.006092894	0.01029995	0.115171	0.0489614	0.590022	0.245845
590	-67.73205	-91.09573	23.36367	0	0	1	0	0.009227917	0.001924067	0.003080683	0.004546026	0.03312183	0.03312183	0.005903158	0.009704097	0.274848	0.0806973	0.449406	0.195048
591	-67.36073	-93.26162	25.90089	0	0	0	0	0.009227917	0.009485876	0.002919892	0.00509079	0.03485867	0.004719795	0.009709871	0.00651909	0.197817	0.268526	0.323453	0.210205
592	-72.54426	-87.78448	15.24022	0	1	1	1	0.008682518	0.0005738958	0.001372664	0.001372664	0.03375187	0.03375187	0.01051927	0.01051927	0.12018	0.267641	0.402667	0.209512
593	-64.14753	-85.33441	21.18689	0	0	0	1	0.01010178	0.0005738958	0.001372664	1.447019e-05	0.05537042	0.0004306303	0.0120953	0.0120953	0.12018	0.267641	0.402667	0.209512
594	-65.10902	-88.61114	23.50211	0	0	0	1	0.01010178	0.001112515	0.002818159	0.00420611	0.0359514	0.0004306303	0.0120953	0.0120953	0.156307	0.0474894	0.523712	0.272492
595	-69.63028	-88.37499	18.74472	1	0	1	0	0.005762465	0.005762465	0.001275525	0.003679442	0.03949356	0.03949356	0.01096336	0.003217044	0.158278	0.0891351	0.637455	0.115131
596	-70.75098	-89.4697	18.71872	0	0	1	1	0.008305426	0.004537627	0.002164977	0.003363706	0.03023823	0.03023823	0.01593014	0.01593014	0.255743	0.124329	0.558235	0.0616933
597	-67.11306	-90.8052	23.69214	0	1	0	0	0.008491171	0.004537627	0.0009652074	0.0009652074	0.0246153	0.001543358	0.01593014	0.009546126	0.0816333	0.122912	0.765727	0.0297276
598	-65.00184	-90.01646	25.01462	0	0	0	1	0.006105548	0.003511537	0.0005772457	0.0001144311	0.02718933	0.001238366	0.01932782	0.01932782	0.185835	0.108966	0.678844	0.0263546
599	-73.73102	-87.90977	14.17875	1	0	1	1	0.006252691	0.006252691	0.0005772457	0.001857673	0.03922888	0.03922888	0.0130554	0.0130554	0.210372	0.105682	0.658385	0.0255603
600	-73.19386	-85.68125	12.48739	0	1	1	0	0.007520216	0.00315013	0.0007157785	0.0007157785	0.05035809	0.05035809	0.0130554	0.02538411	0.353236	0.061931	0.541914	0.0429183
601	-73.76311	-88.66208	14.89897	0	1	0	1	0.01065553	0.00315013	0.00405463	0.00405463	0.04556923	0.009704511	0.01325529	0.01325529	0.291964	0.0511885	0.447914	0.208934
602	-69.38944	-90.02216	20.63272	0	0	1	1	0.004919683	0.0008689088	0.00405463	0.001740344	0.031707	0.031707	0.01030132	0.01030132	0.333047	0.0616686	0.353574	0.25171
603	-78.34273	-86.82552	8.482791	1	1	1	0	0.004919683	0.004919683	0.002057938	0.002057938	0.06190848	0.06190848	0.009362074	0.01530499	0.333047	0.0616686	0.353574	0.25171
604	-72.34072	-86.41697	14.07625	0	0	1	1	0.0134835	0.0001305454	0.003128388	0.003082344	0.06190848	0.06190848	0.009362074	0.009362074	0.333047	0.0616686	0.353574	0.25171
605	-75.04504	-86.40569	11.36066	0	1	1	1	0.0134835	0.0002423438	0.001284397	0.001284397	0.04364024	0.04364024	0.0184411	0.0184411	0.204231	0.0511148	0.536021	0.208633
606	-72.46586	-87.65443	15.18857	0	1	1	1	0.009265768	0.0002419496	0.001284397	0.001284397	0.03538269	0.03538269	0.009020831	0.009020831	0.237578	0.0288128	0.475374	0.258235
607	-68.63831	-87.26602	18.62772	0	0	1	1	0.009265768	0.001237608	0.001660544	0.003146418	0.03538269	0.03538269	0.01436762	0.01436762	0.237578	0.0288128	0.475374	0.258235
608	-67.41312	-89.71808	22.30496	0	1	0	0	0.003532177	0.0005931103	0.001210785	0.001210785	0.03538269	0.01983544	0.008920247	0.00408925	0.152816	0.293387	0.387694	0.166103
609	-64.36837	-91.17061	26.80224	0	1	0	0	0.003939557	0.0002469196	0.002943039	0.002943039	0.03133494	0.0001302236	0.008920247	0.0003240487	0.230685	0.442884	0.288259	0.0381729
610	-62.70361	-92.32479	29.62119	0	0	0	0	0.003939557	0.004708509	0.002943039	0.004564709	0.03133494	0.003839308	0.00964326	0.0002782041	0.112179	0.215369	0.653888	0.0185631
611	-67.02528	-90.72231	23.69703	0	0	1	0	0.003106839	0.004708509	0.001292806	0.00739589	0.03888093	0.03888093	0.008987463	0.001228533	0.112179	0.215369	0.653888	0.0185631
612	-81.62485	-91.59669	9.971845	0	1	1	1	0.01351499	0.01591617	0.001292806	0.001292806	0.03888093	0.03888093	0.01543079	0.01543079	0.125951	0.120304	0.734164	0.019581
613	-78.40132	-90.91265	12.51133	1	1	1	0	0.01351499	0.01351499	0.001292806	0.001292806	0.03888093	0.03888093	0.01543079	0.001390125	0.125951	0.120304	0.734164	0.019581
614	-75.91591	-93.2243	17.30839	0	0	1	1	0.009754469	0.01475297	0.0016348	0.003101351	0.02732873	0.02732873	0.01603499	0.01603499	0.0333396	0.133051	0.811954	0.0216557
615	-62.09463	-86.41442	24.31979	0	0	0	0	0.004096717	0.002297077	0.0016348	0.0009462181	0.05692558	0.005697891	0.01603499	0.003942579	0.0333396	0.133051	0.811954	0.0216557
616	-68.33112	-87.22004	18.88892	0	0	1	0	0.004096717	0.005484778	0.0016348	0.002192282	0.050299	0.050299	0.01603499	0.01336112	0.0662588	0.180874	0.71152	0.0413466
617	-81.38383	-90.81291	9.429089	1	1	1	1	0.009758995	0.009758995	0.001634387	0.001634387	0.03052611	0.03052611	0.01668364	0.01668364	0.0549546	0.151358	0.595411	0.198277
618	-75.94728	-92.5221	16.57481	1	1	0	1	0.003404233	0.003404233	0.0007846405	0.0007846405	0.02503388	0.008102661	0.009940827	0.009940827	0.0549546	0.151358	0.595411	0.198277
619	-74.60631	-91.61967	17.01336	1	0	1	1	0.002567331	0.002567331	0.0007846405	0.001085755	0.03037915	0.03037915	0.009940827	0.009940827	0.0954188	0.262807	0.414009	0.227765
620	-69.42389	-88.84747	19.42357	0	1	1	0	0.004802254	0.0005857551	0.001971538	0.001971538	0.03037915	0.03037915	0.01799354	0.004776043	0.0789402	0.217421	0.342511	0.361128
621	-66.34702	-91.0729	24.72588	1	0	0	0	0.004802254	0.004802254	0.0009934724	0.0008141852	0.03037915	0.003530142	0.01799354	0.00120314	0.0735851	0.185133	0.319276	0.422006
622	-65.83364	-90.85011	25.01647	0	0	0	1	0.004802254	0.001378047	0.003900567	8.866817e-05	0.03037915	0.001023809	0.01648117	0.01648117	0.0891615	0.224322	0.175182	0.511335
623	-71.29395	-92.7563	21.46235	0	1	1	0	0.004110848	0.004802529	0.0009894141	0.0009894141	0.03061357	0.03061357	0.006658117	0.001671841	0.0698765	0.175802	0.137291	0.61703
624	-78.82047	-90.72141	11.90094	1	1	1	1	0.004110848	0.004110848	0.0009894141	0.0009894141	0.03061357	0.03061357	0.008750134	0.008750134	0.0469467	0.118113	0.420387	0.414553
625	-78.74061	-90.63034	11.88973	1	1	1	1	0.004174963	0.004174963	0.0009894141	0.0009894141	0.03061357	0.03061357	0.008750134	0.008750134	0.0668988	0.168311	0.59905	0.16574
626	-77.60155	-90.45751	12.85597	1	1	0	0	0.008452259	0.008452259	0.0002276786	0.0002276786	0.04933212	0.01913116	0.008750134	0.01218209	0.165122	0.356213	0.127893	0.350772
627	-73.11975	-91.35772	18.23797	0	1	0	1	0.00342173	0.004008788	0.0001862985	0.0001862985	0.04933212	0.001590957	0.008750134	0.008750134	0.00246562	0.472699	0.195049	0.329786
628	-64.89382	-91.68761	26.79378	0	1	0	0	0.00342173	0.0003946487	0.0001862985	0.0001862985	0.03299259	0.001441519	0.008750134	0.0007004039	0.00314534	0.603012	0.248819	0.145024
629	-76.28928	-90.79293	14.50365	1	0	1	1	0.001368134	0.001368134	0.0003213356	0.004489198	0.04165298	0.04165298	0.01128178	0.01128178	0.132843	0.0402042	0.620721	0.206232
630	-75.8693	-89.09828	13.22898	1	1	1	0	0.00708035	0.00708035	0.0003213356	0.0003213356	0.04165298	0.04165298	0.008321832	0.009028142	0.15198	0.0339762	0.524566	0.289477
631	-69.67116	-86.62988	16.95872	0	0	1	1	0.006981436	0.002038779	0.0006073915	0.0005847244	0.04165298	0.04165298	0.0227421	0.0227421	0.166016	0.0196936	0.524725	0.289565
632	-81.79378	-88.24118	6.447404	1	1	1	1	0.007086948	0.007086948	0.002435274	0.002435274	0.04339425	0.04339425	0.0227421	0.0227421	0.229046	0.0167912	0.507273	0.24689
633	-72.62562	-90.32877	17.70315	0	0	1	1	0.007086948	0.008653479	0.001748109	0.002731163	0.04339425	0.04339425	0.006735301	0.006735301	0.44638	0.0355772	0.294391	0.223652
634	-68.93269	-89.14017	20.20747	0	0	1	0	0.009517449	0.004749326	0.002042552	0.003081887	0.04509859	0.04509859	0.007203656	0.01386802	0.507451	0.105402	0.132895	0.254251
635	-73.0527	-93.95087	20.89817	0	0	1	1	0.01219727	0.001911027	0.003441948	0.002224118	0.0221884	0.0221884	0.01011073	0.01011073	0.507451	0.105402	0.132895	0.254251
636	-69.63192	-90.6377	21.00578	0	0	1	1	0.00505556	0.001911027	0.003643229	0.0002621515	0.03184369	0.03184369	0.008742282	0.008742282	0.360627	0.114478	0.18018	0.344716
637	-75.79522	-91.11815	15.32293	1	0	1	1	0.008253914	0.008253914	0.001338697	0.002462047	0.03184369	0.03184369	0.01052872	0.01052872	0.451615	0.143361	0.225641	0.179383
638	-67.14418	-90.1137	22.96952	0	1	0	0	0.008253914	0.0006276246	0.003630604	0.003630604	0.03184369	0.0007592388	0.01052872	0.01411858	0.508709	0.0463997	0.254167	0.190724
639	-67.85603	-87.33073	19.4747	0	0	0	1	0.008253914	0.0009069188	0.003630604	0.004449107	0.0610911	0.0008926309	0.01052872	0.01052872	0.435928	0.182831	0.217803	0.163437
640	-66.59929	-89.57995	22.98066	0	1	0	0	0.007315728	0.002163729	0.0005946059	0.0005946059	0.04279159	0.0008273937	0.01052872	0.005476874	0.847159	0.0495398	0.0590159	0.0442848
641	-65.95578	-90.43321	24.47743	0	0	0	0	0.007315728	0.00460613	0.0005946059	0.004488144	0.04279159	0.007748223	0.01848486	0.004644871	0.802135	0.055387	0.0616025	0.0808752
642	-75.78456	-90.01147	14.22691	0	1	1	1	0.007315728	0.004238205	0.0006339232	0.0006339232	0.04279159	0.04279159	0.005716968	0.005716968	0.414693	0.131396	0.146142	0.307769
643	-68.89608	-89.9444	21.04833	0	0	1	0	0.007315728	0.002337198	0.00168617	0.01369488	0.04496671	0.04496671	0.005716968	0.005034084	0.201883	0.11201	0.2209	0.465208
644	-72.21409	-90.77203	18.55794	1	0	1	0	0.003188908	0.003188908	0.0003381902	0.00829739	0.04561287	0.04561287	0.005716968	0.002305439	0.22294	0.0193877	0.243941	0.513732
645	-74.82917	-90.80543	15.97626	0	1	1	0	0.01620136	0.001869848	0.0005596336	0.0005596336	0.03702463	0.03702463	0.007058213	0.01751347	0.272947	0.0586811	0.530216	0.138155
646	-70.01972	-90.76872	20.749	0	1	0	1	0.01210947	0.00139096	0.0006885106	0.0006885106	0.03123857	0.0004410429	0.007058213	0.007058213	0.272947	0.0586811	0.530216	0.138155
647	-71.10087	-91.40009	20.29922	0	0	1	1	0.01210947	0.001791031	0.0006885106	0.002613736	0.03123857	0.03123857	0.007058213	0.007058213	0.460964	0.0822697	0.0977509	0.359015
648	-69.71913	-87.65566	17.93652	0	0	1	0	0.01210947	0.004290284	0.003885209	0.0002308397	0.05530888	0.05530888	0.02209707	0.0006297141	0.50426	0.0899968	0.106932	0.298811
649	-77.5642	-91.13498	13.57078	0	1	0	1	0.002752119	0.006788441	0.002362552	0.002362552	0.05530888	0.0144086	0.0123661	0.0123661	0.520976	0.0598297	0.110477	0.308717
650	-74.48897	-88.10657	13.6176	0	1	1	1	0.002752119	0.0005123782	0.002362552	0.002362552	0.04618855	0.04618855	0.0123661	0.0123661	0.255224	0.136662	0.103418	0.504696
651	-69.96079	-87.31654	17.35574	1	0	1	0	0.005868597	0.005868597	0.001509982	0.0004983671	0.04978128	0.04978128	0.01303121	0.001646969	0.255224	0.136662	0.103418	0.504696
652	-73.48482	-86.07494	12.59013	0	1	1	1	0.005561382	0.00175957	0.001731985	0.001731985	0.04978128	0.04978128	0.0112247	0.0112247	0.245601	0.0258279	0.0995186	0.629053
653	-74.59948	-87.08424	12.48477	1	0	1	1	0.005690538	0.005690538	0.001731985	0.002233073	0.04978128	0.04978128	0.0112247	0.0112247	0.245601	0.0258279	0.0995186	0.629053
654	-80.21009	-90.12675	9.916661	0	1	1	1	0.005690538	0.01708858	0.001182781	0.001182781	0.04978128	0.04978128	0.01160815	0.01160815	0.480494	0.0505298	0.194699	0.274277
655	-73.22622	-87.35673	14.13051	0	1	1	1	0.005690538	0.002305422	0.0003599951	0.0003599951	0.04128372	0.04128372	0.01160815	0.01160815	0.36142	0.0380077	0.394265	0.206307
656	-74.62684	-89.62288	14.99605	1	1	1	0	0.005690538	0.005690538	0.0003599951	0.0003599951	0.03323985	0.03323985	0.01160815	0.005398353	0.157571	0.0220684	0.466876	0.353484
657	-60.39218	-88.08925	27.69707	0	0	0	0	0.005624681	0.000456344	0.0002812173	0.002521094	0.03323985	0.007810265	0.01462947	0.007694665	0.168655	0.0550875	0.570719	0.205539
658	-75.01828	-91.49291	16.47463	1	0	1	1	0.005624681	0.005624681	0.0001270651	0.003238372	0.02421972	0.02421972	0.01462947	0.01462947	0.0989401	0.0265054	0.284722	0.589832
659	-67.67038	-87.82878	20.15841	0	0	1	0	0.002198986	0.0005165068	8.649002e-05	0.01086326	0.05091552	0.05091552	0.01462947	0.006631885	0.0989401	0.0265054	0.284722	0.589832
660	-64.1257	-84.83864	20.71295	0	0	1	0	0.006145835	0.0006063542	8.24708e-05	0.00499265	0.05091552	0.05091552	0.01462947	0.005297807	0.0623886	0.0185947	0.194419	0.724598
661	-68.65156	-85.45363	16.80207	0	0	1	1	0.004134863	0.001039095	0.000144262	0.004611343	0.05091552	0.05091552	0.01465839	0.01465839	0.156778	0.014485	0.162987	0.66575
662	-66.97354	-90.8713	23.89776	0	1	0	0	0.004167705	0.001039095	0.000144262	0.000144262	0.03283784	0.004156581	0.01465839	0.007448889	0.195697	0.039961	0.137998	0.626344
663	-72.10867	-94.15979	22.05112	0	1	0	1	0.01077985	0.001312361	0.0002957654	0.0002957654	0.01699176	0.001440407	0.01465839	0.01465839	0.143428	0.0377207	0.197192	0.621659
664	-65.1784	-88.28845	23.11005	0	0	1	0	0.01077985	0.002021665	0.001306116	0.0005382452	0.03183668	0.03183668	0.01671542	0.005760533	0.10672	0.0280668	0.402657	0.462556
665	-78.17259	-88.15781	9.985219	1	0	1	1	0.008456006	0.008456006	0.001302174	0.01184623	0.04663934	0.04663934	0.01671542	0.01671542	0.152992	0.0507531	0.133142	0.663113
666	-82.47445	-90.69081	8.216361	1	1	1	1	0.009583865	0.009583865	0.003086323	0.003086323	0.04663934	0.04663934	0.006230488	0.006230488	0.059421	0.05636	0.14785	0.736369
667	-78.77282	-90.85687	12.08405	1	1	1	0	0.006719673	0.006719673	0.003086323	0.003086323	0.04069857	0.04069857	0.005146996	0.01730213	0.059421	0.05636	0.14785	0.736369
668	-71.40659	-90.4151	19.0085	1	0	0	0	0.006719673	0.006719673	0.0007160561	0.001927022	0.05285353	0.006340917	0.007773409	0.01608904	0.259753	0.044356	0.11636	0.579531
669	-64.81592	-88.82745	24.01153	0	0	0	0	0.01294349	0.001139159	0.004782752	0.000690206	0.05285353	0.005557775	0.0106556	0.004716646	0.358754	0.0612617	0.160709	0.419275
670	-71.2972	-88.49043	17.19322	0	1	0	1	0.00415217	0.0005835048	0.00442661	0.00442661	0.04606751	0.005265521	0.01277073	0.01277073	0.290041	0.0495281	0.621099	0.0393317
671	-68.012	-86.65839	18.64639	0	0	1	1	0.01211833	0.0001621254	0.0007831127	0.0008999719	0.03821957	0.03821957	0.01277073	0.01277073	0.0233227	0.0406899	0.638361	0.297626
672	-66.52815	-90.18582	23.65768	0	1	0	0	0.009551551	0.005911	0.0008300711	0.0008300711	0.0359219	0.0005659678	0.01277073	0.0002748388	0.0424139	0.0739971	0.342337	0.541252
673	-72.23226	-91.75673	19.52447	0	1	0	1	0.00830853	0.005911	0.001989026	0.001989026	0.03457582	0.0005659678	0.008580781	0.008580781	0.224074	0.39093	0.223039	0.161957
674	-66.40466	-91.8964	25.49174	0	0	1	0	0.006244825	0.002880224	0.002316733	0.002382451	0.03457582	0.03457582	0.005063166	0.00187186	0.180408	0.262498	0.179575	0.37752
675	-76.7747	-93.03444	16.25975	1	1	1	0	0.006244825	0.006244825	0.002316733	0.002316733	0.03424517	0.03424517	0.005063166	0.001198561	0.225242	0.327731	0.224201	0.222826
676	-71.36352	-92.42903	21.06552	0	1	1	0	0.006244825	0.002636214	0.0007583717	0.0007583717	0.03424517	0.03424517	0.005063166	0.002168505	0.643166	0.150945	0.103261	0.102628
677	-67.86415	-92.06083	24.19669	0	1	0	0	0.006244825	0.0009466987	0.0007583717	0.0007583717	0.03424517	0.002470053	0.005063166	0.01301462	0.157515	0.553028	0.145173	0.144283
678	-75.40277	-92.0215	16.61873	0	1	1	1	0.008159108	0.002092807	0.001842855	0.001842855	0.02838133	0.02838133	0.006538916	0.006538916	0.168621	0.545738	0.14326	0.142381
679	-80.47973	-90.36978	9.890052	1	1	1	1	0.002499254	0.002499254	0.0006134339	0.0006134339	0.04453245	0.04453245	0.008321255	0.008321255	0.255962	0.393314	0.103247	0.247477
680	-79.2027	-88.65661	9.453916	1	1	1	1	0.005236584	0.005236584	0.001169719	0.001169719	0.04373356	0.04373356	0.008321255	0.008321255	0.122502	0.240589	0.0360392	0.60087
681	-75.0262	-87.71634	12.69015	0	1	1	1	0.007148043	0.005852357	0.001572031	0.001572031	0.04373356	0.04373356	0.01118081	0.01118081	0.0396818	0.263296	0.0394406	0.657582
682	-73.64032	-86.09892	12.4586	0	1	1	1	0.007148043	0.001565154	0.001602246	0.001602246	0.05119888	0.05119888	0.009296943	0.009296943	0.0396818	0.263296	0.0394406	0.657582
683	-74.92627	-89.89935	14.97308	0	1	0	1	0.007148043	0.004822547	0.001417257	0.001417257	0.05119888	0.01317352	0.008205156	0.008205156	0.0468207	0.310664	0.018915	0.6236
684	-71.48415	-93.45068	21.96653	0	0	1	0	0.002418927	0.007197923	0.001417257	0.01405311	0.03929127	0.03929127	0.008205156	0.002915923	0.0277753	0.184294	0.0112209	0.77671
685	-76.7856	-91.89012	15.10452	1	1	1	0	0.002418927	0.002418927	0.002676388	0.002676388	0.03929127	0.03929127	0.008254663	0.003035194	0.0671492	0.445547	0.0271274	0.460176
686	-76.27825	-95.28469	19.00644	0	0	1	1	0.004294277	0.006470029	0.003521586	0.006998608	0.03929127	0.03929127	0.002318559	0.002318559	0.222087	0.444777	0.0988662	0.23427
687	-75.37604	-93.07997	17.70393	0	0	1	1	0.004294277	0.005945876	0.004688257	0.004864906	0.04762308	0.04762308	0.002928371	0.002928371	0.296774	0.402074	0.0893741	0.211778
688	-72.40209	-92.66342	20.26132	0	0	1	0	0.01200157	0.001075443	0.004688257	0.0109672	0.04762308	0.04762308	0.002859755	0.006038135	0.296774	0.402074	0.0893741	0.211778
689	-74.39806	-91.96296	17.5649	0	0	1	1	0.006312081	0.00224746	0.004688257	0.007217365	0.04762308	0.04762308	0.00305177	0.00305177	0.228178	0.309139	0.0687162	0.393967
690	-80.11175	-94.26716	14.15541	1	0	1	1	0.006312081	0.006312081	0.003199829	0.008712307	0.03982939	0.03982939	0.00305177	0.00305177	0.228178	0.309139	0.0687162	0.393967
691	-84.8783	-95.66949	10.7912	1	1	1	1	0.006312081	0.006312081	0.003199829	0.003199829	0.03982939	0.03982939	0.001470474	0.001470474	0.228178	0.309139	0.0687162	0.393967
692	-78.72684	-93.9676	15.24076	1	0	1	1	0.003877365	0.003877365	0.002462022	0.005268257	0.03982939	0.03982939	0.00346009	0.00346009	0.453053	0.194923	0.11441	0.237614
693	-63.65171	-86.41931	22.76761	0	0	0	1	0.005827664	0.0001488005	0.001365236	0.00144262	0.05232719	0.001204286	0.008601533	0.008601533	0.353152	0.0497927	0.525297	0.0717588
694	-66.1047	-85.17284	19.06814	0	0	1	0	0.007874589	0.0001488005	0.001365236	0.003624313	0.05232719	0.05232719	0.01994827	0.00679012	0.485521	0.0080769	0.407747	0.0986555
695	-65.63959	-88.67465	23.03506	0	1	0	0	0.004605914	9.191277e-05	0.003129529	0.003129529	0.04393947	0.006289072	0.009507529	0.001824055	0.641364	0.00563029	0.284235	0.0687714
696	-74.74931	-91.02467	16.27537	1	1	1	0	0.004605914	0.004605914	0.002275416	0.002275416	0.03168884	0.03168884	0.008352773	0.002056167	0.268761	0.00235935	0.531846	0.197034
697	-76.59056	-91.20124	14.61068	0	1	1	1	0.01097835	0.005205863	0.002275416	0.002275416	0.03168884	0.03168884	0.008352773	0.008352773	0.426915	0.00374773	0.365717	0.203621
698	-70.20989	-91.84213	21.63224	1	0	1	0	0.003040417	0.003040417	0.002275416	0.0004553618	0.03168884	0.03168884	0.008026667	0.00238785	0.23624	0.00487081	0.49425	0.264639
699	-74.55276	-95.70249	21.14973	0	1	0	1	0.002603923	0.008961703	0.0004355006	0.0004355006	0.03039594	0.0002108238	0.008026667	0.008026667	0.296034	0.00610364	0.619347	0.0785153
700	-65.12458	-90.75201	25.62743	0	0	1	0	0.002603923	0.001087098	0.0007033161	2.589787e-05	0.03039594	0.03039594	0.01915574	0.0005870485	0.293718	0.0138772	0.614503	0.0779012
701	-73.69829	-88.15019	14.4519	0	1	1	1	0.007359604	0.001219148	0.001279017	0.001279017	0.03039594	0.03039594	0.01915574	0.01915574	0.225154	0.170725	0.471056	0.133064
702	-74.43658	-89.44674	15.01016	0	1	1	1	0.007359604	0.00292422	0.003031863	0.003031863	0.03039594	0.03039594	0.01250451	0.01250451	0.268636	0.0855808	0.562026	0.0837574
703	-63.64499	-93.35745	29.71246	0	0	0	0	0.004764593	0.0007597436	0.002556499	0.007830801	0.03039594	0.004479675	0.005599947	0.004342243	0.0759084	0.639985	0.247258	0.0368483
704	-65.34388	-92.05605	26.71217	0	1	0	0	0.007348102	0.0002659602	0.001804678	0.001804678	0.03039594	9.426432e-05	0.005599947	0.002845244	0.00949743	0.800718	0.143682	0.0461028
705	-62.94578	-88.66887	25.72309	0	0	1	0	0.007348102	0.0006201089	0.001838833	1.251956e-05	0.03039594	0.03039594	0.009217502	0.004578756	0.00477305	0.402411	0.573347	0.0194686
706	-68.77678	-89.03655	20.25977	0	1	0	1	0.007348102	0.0008658645	0.00122231	0.00122231	0.03039594	0.008261337	0.007631607	0.007631607	0.00739272	0.0744274	0.888026	0.0301538
707	-70.11112	-90.87956	20.76844	0	1	0	1	0.004968334	0.0008658645	0.003083145	0.003083145	0.03039594	0.005429574	0.008072708	0.008072708	0.0145242	0.303323	0.458798	0.223354
708	-65.29421	-87.93685	22.64265	0	0	1	0	0.004968334	0.0004744281	0.0009691549	0.01052082	0.03641536	0.03641536	0.01559396	0.002690031	0.0384657	0.141544	0.228465	0.591525
709	-68.61967	-87.1637	18.54403	0	0	1	1	0.004778933	0.0005491792	0.0004855652	0.003561577	0.03641536	0.03641536	0.01974873	0.01974873	0.0387931	0.134236	0.23041	0.596561
710	-70.93817	-91.0017	20.06353	0	1	0	1	0.01017013	0.0005491792	0.003013073	0.003013073	0.02654413	0.001389659	0.01518152	0.01518152	0.0320072	0.0460733	0.190105	0.731814
711	-67.05287	-86.36384	19.31097	0	0	1	1	0.006576438	0.0004294718	0.001457017	0.001065761	0.03929272	0.03929272	0.01233097	0.01233097	0.0249182	0.0464107	0.191497	0.737174
712	-72.13315	-86.75652	14.62337	0	1	1	1	0.006859251	0.00027926	0.001457017	0.001457017	0.03750211	0.03750211	0.01233097	0.01233097	0.162317	0.039871	0.164514	0.633299
713	-77.02233	-91.23676	14.21444	1	0	1	1	0.009362836	0.009362836	0.001457017	0.005617684	0.03199925	0.03199925	0.01233097	0.01233097	0.364757	0.0895977	0.279731	0.265915
714	-72.88492	-91.43745	18.55253	0	1	0	1	0.009362836	0.0009033478	0.001457017	0.001457017	0.03199925	0.01663639	0.005131866	0.005131866	0.122808	0.126068	0.275557	0.475567
715	-71.97855	-90.44895	18.4704	0	1	1	0	0.01012683	0.002520503	0.003894676	0.003894676	0.03609828	0.03609828	0.007706168	0.005614064	0.122808	0.126068	0.275557	0.475567
716	-75.98863	-91.09478	15.10615	0	0	1	1	0.001788334	0.002520503	0.003894676	0.01018821	0.05525961	0.05525961	0.01155293	0.01155293	0.138497	0.252028	0.372264	0.237211
717	-80.68872	-87.81165	7.122928	1	1	1	0	0.002104139	0.002104139	0.002021032	0.002021032	0.07063239	0.07063239	0.01609369	0.01048042	0.282876	0.34061	0.0559284	0.320586
718	-71.23554	-92.6199	21.38436	0	0	1	0	0.0008250424	0.005071302	0.0004179594	0.001218659	0.0484224	0.0484224	0.01669374	0.006180482	0.375957	0.262876	0.0431645	0.318002
719	-72.82355	-89.46982	16.64628	0	0	1	1	0.002284462	0.003846104	0.002616997	0.0007849954	0.0501683	0.0501683	0.01669374	0.01669374	0.352697	0.312858	0.0361179	0.298327
720	-75.9157	-88.10113	12.18543	1	0	1	1	0.002284462	0.002284462	0.001291085	0.001936221	0.0501683	0.0501683	0.01669374	0.01669374	0.380347	0.0781241	0.0389494	0.502579
721	-75.8815	-89.47724	13.59574	1	0	0	1	0.002284462	0.002284462	0.001291085	0.002176267	0.04510044	0.02629791	0.01669374	0.01669374	0.380347	0.0781241	0.0389494	0.502579
722	-74.84639	-87.77401	12.92762	1	0	1	1	0.00310585	0.00310585	0.0004534158	0.002774975	0.04510044	0.04510044	0.01669374	0.01669374	0.187418	0.290254	0.0626977	0.459631
723	-66.36191	-91.95948	25.59757	0	0	0	0	0.003915999	0.003156601	0.002351481	0.01115652	0.04020728	0.005095282	0.01669374	0.001689991	0.343328	0.184246	0.114855	0.357571
724	-73.94121	-89.17766	15.23645	0	1	1	1	0.003915999	0.002288837	0.0006471755	0.0006471755	0.0387096	0.0387096	0.009360168	0.009360168	0.343328	0.184246	0.114855	0.357571
725	-80.11347	-93.00077	12.88729	1	1	1	0	0.00166401	0.00166401	0.002014972	0.002014972	0.05070643	0.05070643	0.003771324	0.01020238	0.381228	0.204584	0.0171459	0.397042
726	-71.25218	-91.32447	20.07229	0	0	1	1	0.002328456	0.0001843098	0.002014972	0.004650301	0.04093049	0.04093049	0.006689042	0.006689042	0.330803	0.288435	0.0157622	0.365
727	-69.48919	-87.13229	17.64311	0	0	1	1	0.005092231	0.0005490863	0.001527712	0.002781158	0.04093049	0.04093049	0.01981201	0.01981201	0.442493	0.0567589	0.0210841	0.479664
728	-74.72004	-86.82332	12.10328	0	1	0	1	0.005092231	0.0003889847	0.001527712	0.001527712	0.04106079	0.03449914	0.01981201	0.01981201	0.123782	0.0892063	0.0331372	0.753874
729	-67.95279	-87.09421	19.14142	0	0	1	1	0.005092231	0.0003889847	0.001476813	0.002694935	0.04106079	0.04106079	0.01140845	0.01140845	0.256572	0.181361	0.0673696	0.494698
730	-70.61842	-87.88172	17.2633	0	0	1	1	0.009806876	0.0003828496	0.0006754155	0.0116352	0.03895641	0.03895641	0.01140845	0.01140845	0.329448	0.232875	0.0865052	0.351172
731	-76.47498	-87.28597	10.811	1	1	1	0	0.007558212	0.007558212	0.001395697	0.001395697	0.05950008	0.05950008	0.01140845	0.0003732299	0.34207	0.241797	0.0515067	0.364626
732	-75.57543	-85.70235	10.12692	0	1	1	1	0.008350794	0.004216054	0.0006732523	0.0006732523	0.05950008	0.05950008	0.01140845	0.01140845	0.229341	0.225703	0.0345326	0.510423
733	-67.33919	-90.98093	23.64174	0	0	1	0	0.008350794	0.003268556	0.002618031	0.001645562	0.03008481	0.03008481	0.007835715	0.01211373	0.0884837	0.0716735	0.053219	0.786624
734	-68.55624	-88.69611	20.13987	0	0	1	1	0.01024338	0.0003011611	0.0006951923	0.001861216	0.03008481	0.03008481	0.01322527	0.01322527	0.0971119	0.0407461	0.0302548	0.831887
735	-69.75951	-91.66033	21.90083	0	1	1	0	0.008572576	0.0003165742	0.001117372	0.001117372	0.0218407	0.0218407	0.01322527	0.001265719	0.0971119	0.0407461	0.0302548	0.831887
736	-69.76482	-91.31367	21.54885	0	0	1	1	0.008572576	0.0003165742	0.001117372	0.003279037	0.0218407	0.0218407	0.01322527	0.01322527	0.0184178	0.0438276	0.0429546	0.8948
737	-66.22982	-88.33428	22.10446	0	1	0	0	0.008572576	0.0002419981	0.001286911	0.001286911	0.03209745	0.0004641758	0.01199678	0.02005067	0.133266	0.317125	0.310808	0.238801
738	-66.71203	-85.93887	19.22684	0	0	1	0	0.006811642	0.003931279	0.001286911	0.0004517192	0.05706634	0.05706634	0.01199678	0.009626064	0.267937	0.270734	0.260885	0.200444
739	-73.8171	-85.02089	11.20379	0	1	1	1	0.006811642	0.000166977	0.001947116	0.001947116	0.05706634	0.05706634	0.01199678	0.01199678	0.129724	0.321848	0.31014	0.238287
740	-67.3129	-86.62673	19.31384	0	0	0	1	0.006811642	0.0002579571	0.002075348	0.005869663	0.05921203	0.004449704	0.01199678	0.01199678	0.0921346	0.228587	0.220272	0.459006
741	-75.42825	-85.3617	9.933444	0	1	1	1	0.008891339	0.003079827	0.002075348	0.002075348	0.05921203	0.05921203	0.01199678	0.01199678	0.143213	0.138761	0.0483297	0.669696
742	-72.56019	-89.32445	16.76425	0	1	0	1	0.008891339	0.0003205582	0.002075348	0.002075348	0.03785543	0.01846558	0.008111517	0.008111517	0.143213	0.138761	0.0483297	0.669696
743	-65.28894	-89.42781	24.13887	0	0	1	0	0.005132394	0.002318051	0.002075348	0.00468023	0.03785543	0.03785543	0.01062169	0.0003904572	0.166341	0.253873	0.0561344	0.523652
744	-71.81338	-88.66172	16.84834	0	0	1	1	0.004589761	0.0009583861	0.006140246	0.001450661	0.04566904	0.04566904	0.01643068	0.01643068	0.166341	0.253873	0.0561344	0.523652
745	-77.77972	-90.64942	12.8697	0	1	1	1	0.003416116	0.001815327	0.006140246	0.006140246	0.04566904	0.04566904	0.01141899	0.01141899	0.115457	0.491074	0.108582	0.284887
746	-77.77341	-89.77386	12.00045	1	1	0	1	0.003852817	0.003852817	0.0009529946	0.0009529946	0.04566904	0.01153807	0.01141899	0.01141899	0.147516	0.374649	0.113843	0.363992
747	-72.45685	-90.70944	18.25259	1	0	0	1	0.003852817	0.003852817	0.0009529946	0.0001051962	0.05100162	0.001408323	0.009885436	0.009885436	0.564277	0.191283	0.0585977	0.185842
748	-70.67943	-87.55872	16.87929	0	0	1	1	0.003047376	3.92256e-06	0.000951015	0.002154354	0.05901965	0.05901965	0.009885436	0.009885436	0.354264	0.407198	0.057183	0.181355
749	-72.24572	-89.29581	17.05009	0	1	1	0	0.001882299	3.222588e-06	0.001172184	0.001172184	0.05901965	0.05901965	0.009885436	0.002121981	0.120588	0.486601	0.176092	0.216719
750	-76.42311	-90.20773	13.78462	1	0	1	1	0.001882299	0.001882299	0.001172184	0.003584128	0.04723534	0.04723534	0.009352362	0.009352362	0.0690633	0.515111	0.186409	0.229416
751	-72.15319	-90.37409	18.2209	1	1	0	0	0.002379798	0.002379798	0.001527096	0.001527096	0.04723534	0.0006436596	0.009352362	0.006249403	0.0372374	0.277736	0.56133	0.123696
752	-71.076	-92.00029	20.92429	0	1	0	1	0.002379798	0.001651336	0.001174587	0.001174587	0.02818658	0.0006820452	0.01784971	0.01784971	0.0372374	0.277736	0.56133	0.123696
753	-79.29965	-90.97183	11.67219	1	1	0	1	0.002379798	0.002379798	0.002187207	0.002187207	0.04120131	0.01169157	0.01784971	0.01784971	0.0710901	0.479378	0.213383	0.236149
754	-74.41379	-87.94825	13.53447	0	1	1	1	0.004759356	0.001034247	0.002187207	0.002187207	0.03882672	0.03882672	0.01784971	0.01784971	0.0767167	0.517319	0.151124	0.25484
755	-70.11722	-90.54803	20.43081	0	0	1	0	0.006065841	0.01155869	0.002187207	0.002953655	0.03882672	0.03882672	0.01784971	0.004842137	0.0700926	0.472652	0.22442	0.232836
756	-69.3719	-89.31516	19.94325	0	0	1	1	0.003182449	0.001059275	0.001905859	0.002002434	0.03882672	0.03882672	0.01055894	0.01055894	0.18288	0.394894	0.207228	0.214999
757	-75.96091	-92.17577	16.21486	1	0	1	1	0.003182449	0.003182449	0.0003909533	0.002583035	0.02534861	0.02534861	0.01782013	0.01782013	0.150296	0.404059	0.16959	0.276056
758	-71.19291	-89.26679	18.07388	0	1	0	1	0.005618042	0.001008803	3.739139e-05	3.739139e-05	0.04391751	0.00570468	0.01194217	0.01194217	0.155898	0.419121	0.175911	0.24907
759	-72.61387	-87.76713	15.15326	1	0	1	0	0.005618042	0.005618042	0.0005578585	0.005480241	0.05278266	0.05278266	0.01561195	0.004884021	0.228271	0.613688	0.0718915	0.0861502
760	-72.97613	-88.92103	15.9449	1	0	1	0	0.005757556	0.005757556	0.0001062821	0.006260758	0.04126152	0.04126152	0.01466162	0.01235881	0.228271	0.613688	0.0718915	0.0861502
761	-67.8085	-90.06363	22.25513	0	0	1	0	0.002766062	0.000337685	0.0001322739	0.008873453	0.03470533	0.03470533	0.01655552	0.01047843	0.439776	0.32258	0.0716703	0.165973
762	-68.07199	-93.33256	25.26057	0	0	1	0	0.002090359	0.0004843162	0.0001322739	0.00577288	0.02457369	0.02457369	0.01655552	0.00704839	0.0841085	0.506421	0.112516	0.296955
763	-72.33268	-92.85188	20.5192	0	1	1	0	0.00295383	0.002200069	0.0009097032	0.0009097032	0.02457369	0.02457369	0.01655552	0.00704839	0.0841085	0.506421	0.112516	0.296955
764	-76.70241	-91.64558	14.94316	0	1	1	1	0.009848935	0.004051206	0.001125748	0.001125748	0.02501797	0.02501797	0.01655552	0.01655552	0.0967107	0.591263	0.131366	0.180661
765	-71.08404	-86.91899	15.83495	0	1	0	0	0.009410734	0.001329722	0.0005880751	0.0005880751	0.06500441	0.003801484	0.01855459	0.01188356	0.24845	0.591413	0.0674188	0.0927179
766	-74.18433	-90.88835	16.70402	1	0	1	0	0.00593763	0.00593763	0.001161918	0.009196546	0.0312543	0.0312543	0.01855459	0.009959334	0.159857	0.380525	0.0433784	0.416239
767	-75.4552	-92.52609	17.07089	0	1	1	1	0.008023914	0.001719366	0.0007037529	0.0007037529	0.02064583	0.02064583	0.01333576	0.01333576	0.0384148	0.409866	0.0520709	0.499648
768	-71.71901	-98.52973	26.81072	0	0	1	0	0.008871571	0.003353528	0.00544494	0.003634086	0.01596793	0.01596793	0.009635947	0.0008824451	0.0384148	0.409866	0.0520709	0.499648
769	-77.83314	-95.62066	17.78752	0	1	1	1	0.008871571	0.001955649	0.001132564	0.001132564	0.01596793	0.01596793	0.01240178	0.01240178	0.0366464	0.529036	0.0255985	0.408719
770	-72.91411	-94.55875	21.64464	0	1	1	0	0.008871571	0.000676067	0.00136892	0.00136892	0.01596793	0.01596793	0.01240178	0.008517368	0.0295996	0.427308	0.0655228	0.47757
771	-77.14078	-96.31635	19.17556	1	0	1	1	0.002992547	0.002992547	0.0004674587	0.0004887146	0.01596793	0.01596793	0.01247314	0.01247314	0.0225288	0.349102	0.238203	0.390165
772	-69.63007	-93.36496	23.73488	0	0	1	0	0.002992547	0.003637973	0.0004674587	0.01258507	0.02498766	0.02498766	0.01136468	0.009349051	0.0225288	0.349102	0.238203	0.390165
773	-70.73788	-90.19859	19.46071	0	1	1	0	0.002992547	0.003116277	0.001894575	0.001894575	0.03429714	0.03429714	0.01204582	0.005949477	0.0666031	0.192783	0.525155	0.215459
774	-71.85302	-91.36428	19.51126	1	0	0	1	0.008184607	0.008184607	0.002119475	0.0007231782	0.03429714	0.005777355	0.008904937	0.008904937	0.0764212	0.221201	0.602569	0.0998087
775	-77.75452	-89.82889	12.07437	1	1	0	1	0.003580072	0.003580072	0.002119475	0.002119475	0.04719729	0.0112073	0.008904937	0.008904937	0.349858	0.258703	0.371815	0.0196234
776	-80.0058	-88.46828	8.462474	1	1	1	1	0.006066408	0.006066408	0.001963602	0.001963602	0.04719729	0.04719729	0.008904937	0.008904937	0.246673	0.306306	0.262155	0.184866
777	-79.05175	-91.3855	12.33375	1	0	1	1	0.007862272	0.007862272	0.001698264	0.01151043	0.03373537	0.03373537	0.01671909	0.01671909	0.313227	0.388948	0.0630806	0.234744
778	-70.11208	-86.79879	16.68671	0	1	1	0	0.008038889	0.003386121	0.001698264	0.001698264	0.04376654	0.04376654	0.01671909	0.002554448	0.270834	0.236858	0.386035	0.106273
779	-69.91565	-89.14221	19.22656	0	0	1	1	0.005036203	0.004428862	0.001698264	0.0007264643	0.03302634	0.03302634	0.01671909	0.01671909	0.128385	0.11228	0.182995	0.576341
780	-74.75101	-89.14993	14.39892	0	1	1	1	0.004911211	0.004159179	0.0008966824	0.0008966824	0.03302634	0.03302634	0.01671909	0.01671909	0.152623	0.133476	0.0287566	0.685145
781	-76.36508	-89.43874	13.07366	1	1	1	0	0.006366752	0.006366752	0.0006164019	0.0006164019	0.04122214	0.04122214	0.01824127	0.0008465262	0.431938	0.416312	0.0896918	0.0620581
782	-70.99903	-88.09641	17.09738	0	0	1	1	0.00553975	0.001350149	0.001174318	0.006286668	0.04122214	0.04122214	0.01824127	0.01824127	0.459677	0.378828	0.0954518	0.0660435
783	-70.3273	-86.89866	16.57136	0	1	1	0	0.009474468	0.001348998	0.001093605	0.001093605	0.04839031	0.04839031	0.01351372	0.003002054	0.459677	0.378828	0.0954518	0.0660435
784	-76.3144	-87.78843	11.47403	0	1	1	1	0.009474468	0.002027356	0.003598587	0.003598587	0.04831264	0.04831264	0.01303	0.01303	0.545288	0.246772	0.164918	0.0430213
785	-63.49582	-87.80528	24.30947	0	0	1	0	0.007406899	0.002027356	0.001373281	0.0001104548	0.03350255	0.03350255	0.01585373	0.00182352	0.379375	0.145803	0.444891	0.0299313
786	-64.23577	-88.33054	24.09477	0	0	0	1	0.007406899	0.001787283	0.001335542	0.0001486834	0.03350255	0.007611859	0.01153306	0.01153306	0.442499	0.13174	0.401983	0.0237773
787	-73.10858	-90.02828	16.91971	1	1	0	0	0.00595508	0.00595508	0.002786384	0.002786384	0.04570817	0.007611859	0.01153306	0.001236023	0.709725	0.0685936	0.209301	0.0123802
788	-74.05212	-91.18484	17.13272	0	0	1	1	0.007029696	0.01128336	0.003346515	0.0008989977	0.03952048	0.03952048	0.01153306	0.01153306	0.709725	0.0685936	0.209301	0.0123802
789	-73.90188	-87.77743	13.87555	0	0	1	1	0.005773221	0.01128336	0.002012681	0.0008989977	0.0631056	0.0631056	0.009169496	0.009169496	0.0562171	0.168799	0.515061	0.259923
790	-81.99061	-86.36782	4.377209	1	1	1	1	0.004421042	0.004421042	0.002879862	0.002879862	0.0631056	0.0631056	0.01709373	0.01709373	0.0581096	0.140816	0.5324	0.268674
791	-67.98872	-84.74453	16.75581	0	0	1	0	0.01077997	0.001735185	0.00210015	0.003350197	0.0631056	0.0631056	0.01709373	0.007140396	0.138211	0.114423	0.432612	0.314754
792	-72.08168	-92.83565	20.75397	0	1	0	1	0.01077997	0.003092404	0.00210015	0.00210015	0.0256775	0.003109977	0.008138343	0.008138343	0.117639	0.353617	0.277095	0.251649
793	-74.13986	-89.01758	14.87773	1	0	1	0	0.008826361	0.008826361	0.001894544	0.007381806	0.04469787	0.04469787	0.01506955	0.008640706	0.155591	0.474416	0.248128	0.121864
794	-77.14955	-89.62318	12.47364	1	0	1	1	0.008826361	0.008826361	0.003554383	0.002049959	0.04469787	0.04469787	0.01159668	0.01159668	0.183167	0.456884	0.242588	0.117361
795	-71.68778	-91.40057	19.71279	0	0	1	0	0.008826361	0.008603868	0.007668932	0.002848866	0.04469787	0.04469787	0.01527929	0.0004659004	0.241005	0.285385	0.31919	0.154419
796	-70.51577	-92.46321	21.94745	0	0	1	0	0.003017725	0.001502991	0.007668932	0.00304049	0.03965762	0.03965762	0.008912339	0.01180861	0.225683	0.235382	0.411572	0.127363
797	-74.35683	-92.29082	17.93399	0	1	0	1	0.00965486	0.001107701	0.008314667	0.008314667	0.03965762	0.0006956163	0.009598318	0.009598318	0.199993	0.243191	0.425227	0.131588
798	-74.60886	-87.58694	12.97809	0	1	1	1	0.00965486	0.001064695	0.001905306	0.001905306	0.04117586	0.04117586	0.01403903	0.01403903	0.122153	0.668647	0.128827	0.0803726
799	-64.98226	-87.84436	22.8621	0	0	0	0	0.00965486	0.002791176	0.003355413	0.004857651	0.05374288	0.001134913	0.01209354	0.01228352	0.044684	0.325485	0.387856	0.241975
800	-74.59088	-89.23443	14.64356	0	1	1	1	0.00965486	0.002358066	0.003355413	0.003355413	0.0325617	0.0325617	0.01038311	0.01038311	0.00449419	0.119556	0.787069	0.0888813
801	-66.3418	-89.16377	22.82197	0	0	1	0	0.01309015	0.002367536	0.003355413	0.001253128	0.03840987	0.03840987	0.01108917	0.001041082	0.0108257	0.287987	0.407285	0.293902
802	-75.97741	-86.25184	10.27444	0	1	1	1	0.01175501	0.002367536	0.002304084	0.002304084	0.05332424	0.05332424	0.01355396	0.01355396	0.0572407	0.396072	0.188209	0.358478
803	-73.4278	-86.79069	13.36289	0	0	1	1	0.01175501	0.003765325	0.002304084	0.007205589	0.05332424	0.05332424	0.01682158	0.01682158	0.0440386	0.304722	0.234184	0.417056
804	-77.83969	-86.79786	8.958165	0	1	1	1	0.009002754	0.006062625	0.002304084	0.002304084	0.05332424	0.05332424	0.02014029	0.02014029	0.220983	0.20972	0.282266	0.287031
805	-79.75122	-90.11465	10.36343	0	0	1	1	0.02212107	0.004362582	0.002304084	0.007982208	0.06031546	0.06031546	0.01524751	0.01524751	0.263352	0.249929	0.336385	0.150334
806	-72.89811	-88.96641	16.0683	0	1	1	1	0.004838432	0.0006288704	0.00087789	0.00087789	0.03538293	0.03538293	0.008435425	0.008435425	0.273053	0.259135	0.229435	0.238377
807	-81.61572	-87.74479	6.129072	1	1	1	1	0.00841417	0.00841417	0.001940566	0.001940566	0.05868929	0.05868929	0.008435425	0.008435425	0.311836	0.153907	0.262023	0.272234
808	-71.87291	-89.1366	17.26369	0	1	0	0	0.009746822	0.001891732	0.002340588	0.002340588	0.03381799	0.02349925	0.01809167	0.01301207	0.218309	0.421433	0.183436	0.176822
809	-69.73437	-88.34675	18.61238	0	0	1	0	0.01473015	0.001891732	0.0003167316	0.00739382	0.04080826	0.04080826	0.0151007	0.01444413	0.280193	0.298549	0.235434	0.185824
810	-75.78536	-88.70255	12.91719	1	0	1	1	0.004369618	0.004369618	0.001627307	0.006282213	0.04080826	0.04080826	0.0151007	0.0151007	0.280193	0.298549	0.235434	0.185824
811	-73.32634	-92.12218	18.79583	1	1	0	0	0.002803387	0.002803387	0.001627307	0.001627307	0.0292547	0.004098422	0.0151007	0.01121449	0.244412	0.260424	0.333069	0.162095
812	-82.27487	-86.30428	4.029405	1	1	1	1	0.002803387	0.002803387	0.0005864131	0.0005864131	0.07099919	0.07099919	0.0151007	0.0151007	0.250666	0.0539241	0.214524	0.480886
813	-75.65607	-87.02684	11.37078	1	0	1	0	0.002803387	0.002803387	0.0006911903	0.001254082	0.07099919	0.07099919	0.008106237	0.02271673	0.250666	0.0539241	0.214524	0.480886
814	-65.76756	-87.21896	21.4514	0	0	1	0	0.003216962	1.377552e-05	0.0007786987	0.003441239	0.05522083	0.05522083	0.008106237	0.007668397	0.0802436	0.130658	0.541084	0.248015
815	-72.1459	-89.57256	17.42666	0	1	0	1	0.003216962	0.0003865225	0.00210758	0.00210758	0.04203403	0.01422244	0.009963258	0.009963258	0.242875	0.415126	0.234508	0.107491
816	-68.57287	-87.27067	18.6978	0	0	1	1	0.004908745	0.0006693341	0.00210758	0.00116753	0.04584331	0.04584331	0.009963258	0.009963258	0.255643	0.319733	0.291164	0.13346
817	-67.77852	-87.80112	20.0226	0	1	0	0	0.01119025	0.0006693341	0.002634273	0.002634273	0.04227081	0.01005181	0.01975724	4.521917e-05	0.255643	0.319733	0.291164	0.13346
818	-76.07848	-89.62708	13.5486	0	1	1	1	0.009150448	0.001969688	0.002634273	0.002634273	0.03106473	0.03106473	0.01975724	0.01975724	0.529182	0.0365767	0.157979	0.276262
819	-59.57452	-88.25086	28.67634	0	0	0	0	0.007695408	0.0006430973	0.001841964	0.000219506	0.03543134	0.001364953	0.01538923	0.004070633	0.529182	0.0365767	0.157979	0.276262
820	-72.2777	-92.2306	19.9529	1	1	0	0	0.007695408	0.007695408	0.001841964	0.001841964	0.0309315	0.00322117	0.01241624	0.001374212	0.479845	0.0331666	0.236483	0.250506
821	-67.46451	-90.42826	22.96375	0	0	1	0	0.01480669	0.00134176	0.0008170466	0.008628154	0.0309315	0.0309315	0.01241624	0.0008540039	0.169318	0.0592409	0.323997	0.447445
822	-69.31338	-90.62248	21.3091	0	1	0	1	0.007027925	0.0003705899	0.001998814	0.001998814	0.02757975	0.002009001	0.01073686	0.01073686	0.181799	0.232322	0.137331	0.448548
823	-70.06625	-89.39284	19.32659	0	0	1	1	0.007027925	0.001042286	0.001998814	0.00454383	0.02757975	0.02757975	0.01887045	0.01887045	0.240215	0.171137	0.352577	0.236071
824	-70.57152	-89.92707	19.35555	0	1	1	0	0.005654207	0.00129788	0.001998814	0.001998814	0.02757975	0.02757975	0.01887045	0.005496255	0.486289	0.11571	0.238386	0.159614
825	-64.59174	-90.37803	25.7863	0	0	0	1	0.005654207	0.001438815	0.001998814	0.001336791	0.02757975	0.006347095	0.009294749	0.009294749	0.0279307	0.347859	0.455616	0.168594
826	-68.89665	-89.46852	20.57187	0	1	1	0	0.005654207	0.0008574156	0.001998814	0.001998814	0.02504334	0.02504334	0.01810913	0.002277021	0.0774448	0.104213	0.703456	0.114886
827	-73.08939	-88.32013	15.23074	0	1	1	1	0.006970912	0.0008574156	0.001543899	0.001543899	0.02747308	0.02747308	0.01810913	0.01810913	0.0821614	0.0496569	0.746299	0.121883
828	-68.60139	-90.23961	21.63821	0	1	0	1	0.005951422	0.002408623	0.001543899	0.001543899	0.02747308	0.001063322	0.009400043	0.009400043	0.0902342	0.054536	0.721371	0.133858
829	-69.45535	-91.69726	22.24191	0	0	1	1	0.007832369	0.000658331	0.003299085	0.001231035	0.02196633	0.02196633	0.009400043	0.009400043	0.176679	0.106782	0.454443	0.262096
830	-61.84984	-91.32698	29.47714	0	0	0	0	0.007832369	0.0001963925	0.001670595	0.005440716	0.02196633	0.008655642	0.009400043	0.006913391	0.147282	0.0890149	0.545216	0.218487
831	-63.27524	-86.16301	22.88777	0	0	0	1	0.005949804	0.0001963925	0.0008559428	0.001265234	0.04646793	0.001619353	0.0138753	0.0138753	0.367392	0.0763185	0.397141	0.159148
832	-67.73927	-85.13383	17.39455	0	0	1	1	0.007304664	0.0001963925	0.0008559428	0.004050199	0.04646793	0.04646793	0.01323929	0.01323929	0.137672	0.123206	0.606935	0.132187
833	-61.29913	-88.00262	26.70349	0	0	0	0	0.01148028	0.0001963925	0.0008559428	0.00138679	0.03484389	0.0006349579	0.01323929	0.01530342	0.230192	0.167759	0.381029	0.22102
834	-67.68929	-86.62376	18.93447	0	0	1	0	0.01148028	0.0003345449	0.0008559428	0.005539442	0.04540253	0.04540253	0.009604298	0.0196261	0.236932	0.172671	0.362906	0.227491
835	-70.19148	-86.42886	16.23738	0	1	1	0	0.01148028	0.0007597058	0.0008559428	0.0008559428	0.04011362	0.04011362	0.01543564	0.01008831	0.165414	0.12055	0.555213	0.158823
836	-69.1944	-91.05126	21.85686	0	1	0	0	0.00541158	0.0016575	0.001617515	0.001617515	0.02096039	0.02502306	0.01543564	0.006021182	0.165414	0.12055	0.555213	0.158823
837	-67.91632	-92.9658	25.04948	0	1	0	0	0.006345267	0.001994878	0.00374769	0.00374769	0.01895375	0.0004640039	0.01543564	0.01092361	0.106947	0.0779407	0.712426	0.102686
838	-67.33598	-92.15318	24.81721	0	0	0	1	0.006345267	0.0007360386	0.001602553	0.006471886	0.02010821	0.008493882	0.01543564	0.01543564	0.133357	0.430464	0.295097	0.141082
839	-65.26945	-85.87431	20.60485	0	1	0	0	0.006345267	0.0007360386	0.001602553	0.001602553	0.05212607	0.006344158	0.01543564	0.0006986983	0.0845712	0.454861	0.371098	0.0894704
840	-74.74763	-90.52654	15.77891	0	1	1	1	0.006345267	0.00103793	0.001602553	0.001602553	0.02739748	0.02739748	0.01543564	0.01543564	0.450197	0.399454	0.0692908	0.0810578
841	-67.95371	-88.01864	20.06493	0	0	1	0	0.007779167	0.002678916	0.0005931338	0.01123262	0.04047646	0.04047646	0.01543564	0.008180893	0.58321	0.121462	0.136107	0.159221
842	-72.58329	-88.05335	15.47006	0	1	1	0	0.006478641	0.005858684	0.0005931338	0.0005931338	0.04047646	0.04047646	0.01543564	0.01428009	0.269896	0.299434	0.305958	0.124711
843	-63.92041	-87.33274	23.41233	0	0	1	0	0.006478641	0.0009394562	0.0005931338	0.002748599	0.03761909	0.03761909	0.01543564	0.003414921	0.432668	0.232677	0.237747	0.0969077
844	-66.40274	-90.83189	24.42915	0	0	0	1	0.006187936	0.0005211779	0.0005931338	0.002700143	0.02497951	0.009600552	0.01683071	0.01683071	0.35755	0.192281	0.132461	0.317708
845	-68.04026	-92.90377	24.86351	0	0	0	1	0.005401534	0.002910288	0.0001346977	0.005274589	0.02384319	0.007896411	0.01346793	0.01346793	0.384146	0.206583	0.142314	0.266957
846	-75.93293	-91.16242	15.22949	0	1	1	1	0.006979898	0.001517444	0.0006814767	0.0006814767	0.02384319	0.02384319	0.02193959	0.02193959	0.384146	0.206583	0.142314	0.266957
847	-72.48549	-92.56502	20.07953	0	1	0	1	0.007137221	0.001517444	0.0003418672	0.0003418672	0.01707029	0.008749745	0.02193959	0.02193959	0.111849	0.0601494	0.750274	0.0777279
848	-70.51411	-92.09143	21.57732	0	1	1	0	0.007137221	0.0004162491	0.0004438559	0.0004438559	0.01707029	0.01707029	0.02193959	0.001181508	0.0640691	0.107205	0.690191	0.138535
849	-64.8786	-86.72799	21.84939	0	0	1	0	0.01299556	0.0005578103	0.0001948578	0.001052382	0.04151341	0.04151341	0.0175128	0.002342751	0.0612294	0.146776	0.6596	0.132395
850	-75.193	-86.53944	11.34644	1	0	1	1	0.005884702	0.005884702	0.0003665106	0.0004321293	0.05033774	0.05033774	0.02015182	0.02015182	0.035168	0.150851	0.677911	0.13607
851	-68.6612	-84.67872	16.01752	0	0	1	1	0.005884702	0.002006959	0.0003665106	0.002117892	0.05559294	0.05559294	0.01402212	0.01402212	0.00718943	0.0122682	0.138586	0.841956
852	-65.08051	-88.02304	22.94253	0	1	0	0	0.005884702	0.002006959	0.0004471795	0.0004471795	0.04517096	0.003746928	0.01117048	0.001489543	0.0280427	0.169499	0.25937	0.543089
853	-67.70649	-86.73357	19.02707	0	1	0	0	0.009956164	0.001137633	0.0004149528	0.0004149528	0.04783978	0.007690146	0.01395813	0.01131664	0.0280427	0.169499	0.25937	0.543089
854	-74.36465	-90.9515	16.58685	0	1	0	1	0.009956164	0.002372544	0.004854732	0.004854732	0.03069079	0.01146911	0.01739118	0.01739118	0.0207364	0.125337	0.452335	0.401591
855	-72.06288	-93.02434	20.96146	0	1	1	0	0.009956164	0.002127286	0.004854732	0.004854732	0.02643883	0.02643883	0.007240417	0.001094015	0.0148404	0.0897	0.608053	0.287406
856	-69.8725	-93.2247	23.3522	0	0	1	0	0.01014749	0.004730779	0.003059949	0.002907767	0.02643883	0.02643883	0.007240417	0.0130482	0.0315957	0.167457	0.18905	0.611897
857	-71.02604	-87.60225	16.57622	0	0	0	1	0.008432913	0.003142948	0.003059949	0.003223483	0.05948712	0.01959108	0.009395003	0.009395003	0.0298702	0.158312	0.178726	0.633091
858	-81.45764	-87.52802	6.070386	1	1	1	1	0.004427284	0.004427284	0.003059949	0.003059949	0.06093291	0.06093291	0.009395003	0.009395003	0.0239944	0.323883	0.143568	0.508554
859	-78.24523	-89.05119	10.80595	1	0	1	1	0.004427284	0.004427284	0.003059949	0.005010005	0.06093291	0.06093291	0.006834382	0.006834382	0.327027	0.196728	0.327626	0.148619
860	-79.13829	-92.07829	12.94	0	1	1	1	0.00669631	0.005880021	0.005582196	0.005582196	0.04528483	0.04528483	0.004614281	0.004614281	0.203801	0.156898	0.439798	0.199503
861	-78.42287	-90.29325	11.87037	1	1	1	0	0.00398963	0.00398963	0.005582196	0.005582196	0.04528483	0.04528483	0.0143491	0.004970202	0.173031	0.359335	0.321702	0.145932
862	-64.43364	-88.83514	24.40151	0	0	1	0	0.00398963	0.001604999	0.001336568	0.0006965289	0.04528483	0.04528483	0.008110241	0.0005485029	0.162691	0.490845	0.302477	0.0439878
863	-61.38726	-87.60291	26.21565	0	0	0	0	0.009942641	0.002843003	0.001336568	0.0007790836	0.04528483	0.002277931	0.01603188	0.002235481	0.174276	0.525797	0.252807	0.0471201
864	-72.69315	-89.15674	16.46359	0	0	1	0	0.009942641	0.01054476	0.001336568	0.00204362	0.0443552	0.0443552	0.01603188	0.02272209	0.174276	0.525797	0.252807	0.0471201
865	-76.14053	-89.29466	13.15412	1	1	0	1	0.004310344	0.004310344	0.001472727	0.001472727	0.04381242	0.001205446	0.01603188	0.01603188	0.174276	0.525797	0.252807	0.0471201
866	-76.72693	-93.28355	16.55662	0	1	1	1	0.004310344	0.006897743	0.001628184	0.001628184	0.02330277	0.02330277	0.01123128	0.01123128	0.0612521	0.457099	0.440685	0.0409636
867	-70.25152	-92.41297	22.16145	0	1	0	1	0.006993663	0.001187215	0.001628184	0.001628184	0.02330277	0.002475894	0.009259747	0.009259747	0.108148	0.699705	0.129442	0.062705
868	-67.95011	-89.15799	21.20788	0	0	1	0	0.01214576	0.001774921	0.002104786	0.00496263	0.03803569	0.03803569	0.009259747	0.01155555	0.0972912	0.495361	0.350937	0.0564102
869	-73.35337	-89.72131	16.36794	0	0	1	1	0.01653874	0.002576259	0.002104786	0.00157577	0.03803569	0.03803569	0.01715546	0.01715546	0.11105	0.423997	0.400566	0.0643875
870	-69.42629	-93.32561	23.89931	0	0	0	1	0.01012031	0.00751497	0.002104786	0.002776697	0.02391131	0.0008603685	0.01715546	0.01715546	0.0430633	0.311912	0.567435	0.0775896
871	-68.82389	-90.69845	21.87456	0	0	0	1	0.004044692	0.0001385773	0.002104786	0.01271047	0.02918797	0.01068367	0.01715546	0.01715546	0.0377224	0.313781	0.555609	0.0928876
872	-73.30096	-90.72772	17.42676	0	1	1	1	0.004044692	0.000136651	0.001786856	0.001786856	0.02918797	0.02918797	0.007236877	0.007236877	0.0302861	0.251925	0.446081	0.271708
873	-73.53408	-90.64202	17.10795	0	1	1	1	0.004044692	0.000136651	0.002302997	0.002302997	0.02918797	0.02918797	0.008544377	0.008544377	0.15214	0.167332	0.235737	0.444791
874	-74.82417	-87.98134	13.15717	1	0	1	1	0.007572699	0.007572699	0.0005537332	0.001717832	0.04842677	0.04842677	0.008544377	0.008544377	0.165299	0.0953087	0.256128	0.483264
875	-71.50858	-92.2465	20.73791	1	0	0	1	0.007233347	0.007233347	0.0008068966	0.002104344	0.03242401	0.002419158	0.008002405	0.008002405	0.14161	0.0276952	0.416689	0.414006
876	-76.83114	-91.10478	14.27364	1	0	1	1	0.002938513	0.002938513	0.00363644	0.00330569	0.03233481	0.03233481	0.01821368	0.01821368	0.14161	0.0276952	0.416689	0.414006
877	-81.62399	-91.31256	9.688567	1	1	1	1	0.002933967	0.002933967	0.00363644	0.00363644	0.03233481	0.03233481	0.01821368	0.01821368	0.1757	0.181907	0.516998	0.125394
878	-77.19112	-89.82902	12.6379	1	1	0	0	0.002933967	0.002933967	0.00363644	0.00363644	0.05630223	0.0125052	0.01821368	0.005731295	0.211143	0.307258	0.290422	0.191177
879	-75.04238	-90.97785	15.93547	1	0	1	1	0.005807646	0.005807646	0.002006992	0.001842013	0.03345531	0.03345531	0.007811365	0.007811365	0.224884	0.293379	0.309323	0.172414
880	-78.79798	-94.18043	15.38245	1	0	1	1	0.003911753	0.003911753	0.005089777	0.008162806	0.02911094	0.02911094	0.007811365	0.007811365	0.224884	0.293379	0.309323	0.172414
881	-63.03145	-90.83522	27.80377	0	0	0	0	0.00522785	0.002302317	0.005089777	0.001432245	0.04118128	0.006081727	0.007811365	0.002520711	0.185962	0.248683	0.255786	0.30957
882	-76.91424	-91.04864	14.1344	1	1	0	1	0.004838984	0.004838984	0.0005966991	0.0005966991	0.04118128	0.006797262	0.007811365	0.007811365	0.361444	0.195074	0.200646	0.242836
883	-67.45686	-94.94135	27.48448	0	0	0	0	0.001985907	0.005578083	0.001835975	0.002274811	0.04118128	0.00819794	0.006933023	0.005486602	0.324578	0.175177	0.18018	0.320065
884	-74.5527	-87.74757	13.19487	0	0	1	1	0.003226732	0.003120812	0.0001661008	0.008274486	0.05630593	0.05630593	0.02504285	0.02504285	0.361005	0.194837	0.0955188	0.348639
885	-73.54755	-86.74808	13.20053	1	0	1	0	0.003832367	0.003832367	0.0001661008	0.005286549	0.05630593	0.05630593	0.02033221	0.01018135	0.326325	0.17612	0.0863428	0.411211
886	-72.1489	-90.94929	18.80039	1	0	1	0	0.003356176	0.003356176	0.0001075626	0.002076129	0.04519778	0.04519778	0.005588681	0.007746606	0.436189	0.235414	0.115412	0.212985
887	-77.35944	-94.13604	16.77659	1	0	1	1	0.001707119	0.001707119	3.070803e-05	0.0005797675	0.03804882	0.03804882	0.005745642	0.005745642	0.170719	0.346259	0.169753	0.313269
888	-77.66443	-94.44351	16.77907	1	0	1	1	0.001707119	0.001707119	0.0002920337	0.0005148097	0.03804882	0.03804882	0.005535069	0.005535069	0.134218	0.513617	0.183103	0.169062
889	-76.16987	-90.74178	14.57191	0	1	1	1	0.006836514	0.004907593	0.001384975	0.001384975	0.04005886	0.04005886	0.005535069	0.005535069	0.273122	0.264488	0.0942894	0.368101
890	-74.54154	-87.49954	12.958	0	1	1	1	0.006836514	0.002282405	0.001384975	0.001384975	0.04005886	0.04005886	0.01739189	0.01739189	0.34325	0.3324	0.1185	0.20585
891	-68.04779	-88.06072	20.01293	0	0	1	0	0.006836514	0.003769452	0.001384975	0.0006481539	0.04005886	0.04005886	0.01739189	0.01658443	0.256834	0.428884	0.0486809	0.265601
892	-73.56349	-87.22132	13.65783	0	1	1	1	0.009531259	0.0009658619	0.001570041	0.001570041	0.03761843	0.03761843	0.014266	0.014266	0.0104209	0.359162	0.0976487	0.532768
893	-72.93384	-89.35568	16.42184	0	0	1	1	0.007072032	0.003244148	0.00574732	0.005713817	0.04396219	0.04396219	0.01193887	0.01193887	0.043775	0.438485	0.410193	0.107547
894	-65.36923	-89.36655	23.99732	0	0	0	1	0.004515996	0.003244148	0.000727227	0.0006369836	0.04396219	0.002004232	0.008792507	0.008792507	0.0371794	0.523089	0.348389	0.0913429
895	-75.07388	-88.01684	12.94296	1	0	1	1	0.004467293	0.004467293	0.0007274011	0.003150337	0.05090313	0.05090313	0.008792507	0.008792507	0.0371794	0.523089	0.348389	0.0913429
896	-67.6164	-86.19938	18.58299	0	0	1	0	0.005961274	0.002157424	0.000303186	0.004544674	0.04990882	0.04990882	0.01198189	0.01999637	0.042579	0.599057	0.173744	0.18462
897	-74.55161	-92.25493	17.70332	1	1	0	0	0.005961274	0.005961274	0.000303186	0.000303186	0.02897476	0.0104546	0.01198189	0.01267252	0.0390588	0.549531	0.15938	0.25203
898	-73.49013	-90.65759	17.16746	1	0	1	0	0.005961274	0.005961274	0.0001381885	0.01147244	0.03480699	0.03480699	0.009514621	0.01151988	0.332141	0.381927	0.11077	0.175162
899	-76.53033	-86.76673	10.2364	0	1	1	1	0.005961274	0.005893047	0.000962105	0.000962105	0.06119137	0.06119137	0.009514621	0.009514621	0.245501	0.282299	0.081875	0.390325
900	-70.08589	-91.59498	21.5091	0	1	1	0	0.005961274	0.003157415	0.000962105	0.000962105	0.02976225	0.02976225	0.007515149	0.001220745	0.260477	0.151704	0.0868695	0.500949
901	-74.92188	-87.9021	12.98022	1	0	1	1	0.005961274	0.005961274	0.000962105	0.001596374	0.05179265	0.05179265	0.007515149	0.007515149	0.177562	0.128485	0.102554	0.591399
902	-70.55797	-89.40528	18.84731	0	1	1	0	0.006443168	0.001296586	0.000962105	0.000962105	0.0343437	0.0343437	0.006749584	0.01400938	0.319458	0.0875771	0.189859	0.403106
903	-69.3361	-89.78424	20.44814	0	0	1	1	0.006679131	0.001296586	0.000962105	0.004616561	0.0343437	0.0343437	0.006749584	0.006749584	0.349801	0.0958953	0.112911	0.441394
904	-69.01675	-89.58664	20.56989	0	1	1	0	0.006679131	0.001279588	0.000962105	0.000962105	0.03649458	0.03649458	0.007323134	0.001212723	0.464216	0.225344	0.149842	0.160598
905	-73.81448	-93.22718	19.4127	1	0	1	0	0.007188396	0.007188396	0.000962105	0.002802005	0.02083323	0.02083323	0.02049821	0.008286548	0.29023	0.140886	0.468477	0.100407
906	-69.10129	-90.47586	21.37458	0	1	1	0	0.005706089	0.0002257202	0.000962105	0.000962105	0.02083323	0.02083323	0.02049821	0.001123043	0.171257	0.0831333	0.686363	0.0592473
907	-72.47737	-86.07567	13.5983	0	1	1	1	0.005706089	0.0005749751	0.000962105	0.000962105	0.04043402	0.04043402	0.01661489	0.01661489	0.136047	0.0660415	0.54525	0.252661
908	-69.97632	-87.73141	17.75509	0	1	0	1	0.007953551	0.0005749751	0.001742031	0.001742031	0.04043402	0.004992844	0.01435469	0.01435469	0.275835	0.0662618	0.145635	0.512268
909	-71.25929	-85.06635	13.80706	0	0	1	1	0.007953551	0.001899782	0.001742031	0.006499635	0.06018544	0.06018544	0.01435469	0.01435469	0.275835	0.0662618	0.145635	0.512268
910	-68.57552	-85.61706	17.04154	0	0	1	0	0.006284115	0.0007643178	0.001334681	0.00585457	0.05249164	0.05249164	0.01430636	0.02263514	0.464754	0.111644	0.245381	0.178221
911	-73.79241	-85.43294	11.64053	0	1	1	1	0.007373511	0.0007643178	0.001646802	0.001646802	0.05249164	0.05249164	0.01321439	0.01321439	0.464754	0.111644	0.245381	0.178221
912	-72.80602	-86.49732	13.6913	0	1	1	1	0.007373511	0.001455736	0.001646802	0.001646802	0.04006969	0.04006969	0.01321439	0.01321439	0.156917	0.193641	0.539164	0.110278
913	-76.26398	-84.88177	8.617794	0	1	1	1	0.007373511	0.003853365	0.001646802	0.001646802	0.0675296	0.0675296	0.01237766	0.01237766	0.0955244	0.207742	0.578425	0.118309
914	-77.24991	-89.98159	12.73168	0	1	1	1	0.01353907	0.005500012	0.002239845	0.002239845	0.03474034	0.03474034	0.01322996	0.01322996	0.0955244	0.207742	0.578425	0.118309
915	-68.36971	-87.12865	18.75894	0	0	1	1	0.004778616	0.001431312	0.002536651	0.001437752	0.04089574	0.04089574	0.01322996	0.01322996	0.106901	0.0756961	0.647315	0.170088
916	-69.89256	-89.99043	20.09786	0	0	1	1	0.004778616	0.00339223	0.001271618	0.0005914576	0.04089574	0.04089574	0.005721645	0.005721645	0.154632	0.196353	0.572061	0.0769532
917	-80.83319	-90.99503	10.16185	1	1	1	1	0.004778616	0.004778616	0.003015699	0.003015699	0.04089574	0.04089574	0.005721645	0.005721645	0.154632	0.196353	0.572061	0.0769532
918	-80.17021	-89.5951	9.424894	1	1	0	1	0.004530534	0.004530534	0.003015699	0.003015699	0.06029124	0.01385567	0.006471128	0.006471128	0.0885054	0.211712	0.61681	0.0829727
919	-66.11742	-93.59758	27.48016	0	0	1	0	0.004530534	0.002228658	0.003015699	0.0007397045	0.02664382	0.02664382	0.006471128	0.0003316775	0.187624	0.448813	0.150338	0.213225
920	-78.63553	-89.77941	11.14387	1	1	0	1	0.004530534	0.004530534	0.003015699	0.003015699	0.0423171	0.0176766	0.01079165	0.01079165	0.471409	0.0758689	0.351834	0.100889
921	-74.68533	-88.82379	14.13846	1	0	1	1	0.004530534	0.004530534	0.002428298	0.001875705	0.0423171	0.0423171	0.01005071	0.01005071	0.360262	0.0918218	0.425814	0.122102
922	-79.66207	-88.59579	8.93372	1	1	1	1	0.004530534	0.004530534	0.002428298	0.002428298	0.04442714	0.04442714	0.01005071	0.01005071	0.360262	0.0918218	0.425814	0.122102
923	-68.87634	-88.62517	19.74883	0	0	1	1	0.00876302	0.0002943763	0.002428298	0.003772128	0.03333923	0.03333923	0.01005071	0.01005071	0.452136	0.1075	0.378654	0.0617101
924	-70.30266	-88.88408	18.58142	0	1	1	0	0.00792285	0.0004800087	0.004020319	0.004020319	0.03333923	0.03333923	0.01480057	0.004762485	0.452136	0.1075	0.378654	0.0617101
925	-69.57048	-87.87929	18.30881	0	0	1	1	0.009849741	0.001706201	0.000831731	0.006357317	0.03333923	0.03333923	0.01480057	0.01480057	0.0622058	0.255013	0.462101	0.22068
926	-71.15676	-88.32218	17.16542	0	1	0	1	0.01065028	0.001610586	0.000831731	0.000831731	0.03333923	0.0121927	0.01480057	0.01480057	0.0538316	0.355305	0.399892	0.190972
927	-64.41281	-87.25729	22.84447	0	1	0	0	0.006770052	0.0004713003	0.000672805	0.000672805	0.03333923	0.008139964	0.01480057	0.006283719	0.0238448	0.251641	0.639924	0.0845911
928	-70.3512	-89.07773	18.72653	0	1	1	0	0.009898873	0.0004713003	0.000672805	0.000672805	0.02950215	0.02950215	0.01862772	0.005322547	0.143571	0.477843	0.168486	0.210101
929	-64.73713	-89.46875	24.73162	0	0	1	0	0.007569935	0.0005917257	0.000672805	0.006474691	0.02629015	0.02629015	0.01597281	0.002110905	0.282481	0.0570978	0.24704	0.413382
930	-68.26574	-87.29246	19.02673	0	1	0	1	0.005951183	0.0004605355	0.001740551	0.001740551	0.03786529	0.0064322	0.01032851	0.01032851	0.0335725	0.0341262	0.685232	0.24707
931	-73.34405	-87.58997	14.24591	0	1	1	1	0.005951183	0.0003806545	0.001740551	0.001740551	0.03257903	0.03257903	0.01993629	0.01993629	0.194102	0.0235362	0.585487	0.196875
932	-81.57695	-91.36887	9.791924	1	1	1	1	0.005951183	0.005951183	0.004366906	0.004366906	0.03257903	0.03257903	0.01363057	0.01363057	0.410982	0.0498345	0.122331	0.416853
933	-72.99337	-89.98806	16.99469	0	0	1	1	0.005951183	0.005928029	0.001919535	0.009846009	0.03256276	0.03256276	0.01819413	0.01819413	0.01311	0.0631486	0.395519	0.528222
934	-79.46436	-88.73331	9.268953	1	1	0	1	0.005951183	0.005951183	0.002474564	0.002474564	0.0559223	0.01645026	0.008257962	0.008257962	0.0145082	0.0698834	0.437702	0.477907
935	-75.47946	-88.33449	12.85502	1	0	1	1	0.004922195	0.004922195	0.002474564	0.00117848	0.03922571	0.03922571	0.02074277	0.02074277	0.0145082	0.0698834	0.437702	0.477907
936	-78.32554	-91.51985	13.19431	1	1	1	0	0.004922195	0.004922195	0.002402317	0.002402317	0.03045987	0.03045987	0.0235315	0.005287073	0.593973	0.128499	0.218464	0.0590644
937	-65.65448	-92.08714	26.43266	0	1	0	0	0.004922195	0.003351935	0.001719544	0.001719544	0.02890557	0.001859358	0.008243848	0.0009505454	0.469648	0.167845	0.285357	0.0771498
938	-72.40857	-92.77629	20.36772	1	0	1	0	0.004922195	0.004922195	0.001719544	0.007188558	0.02890557	0.02890557	0.008243848	0.004127963	0.611751	0.0580583	0.169267	0.160924
939	-73.68067	-90.61389	16.93322	0	1	1	1	0.004922195	0.001799049	0.001345446	0.001345446	0.02890557	0.02890557	0.008243848	0.008243848	0.436894	0.106378	0.341801	0.114927
940	-72.63173	-89.25872	16.62699	0	1	1	1	0.004922195	0.001299397	0.001345446	0.001345446	0.02890557	0.02890557	0.01049515	0.01049515	0.205804	0.090743	0.605418	0.0980356
941	-67.33956	-86.50176	19.1622	0	1	0	1	0.007539148	0.0003991985	0.001345446	0.001345446	0.04196614	0.000258294	0.01049515	0.01049515	0.205804	0.090743	0.605418	0.0980356
942	-65.61067	-90.05245	24.44178	0	0	0	1	0.01031597	0.0004939827	0.001345446	0.003967391	0.02663865	0.00808436	0.01049515	0.01049515	0.158269	0.069784	0.465584	0.306363
943	-68.1564	-85.778	17.6216	0	0	1	1	0.008538051	0.0003795165	0.001345446	0.002370953	0.04268336	0.04268336	0.01549835	0.01549835	0.213185	0.0939976	0.280152	0.412665
944	-68.85853	-87.18775	18.32922	0	0	1	1	0.008538051	0.0004936991	0.001345446	0.006670549	0.03422197	0.03422197	0.01549835	0.01549835	0.112582	0.0496396	0.522549	0.31523
945	-69.87254	-85.23927	15.36673	0	0	1	1	0.008538051	0.000663739	0.0009667316	0.006670549	0.05780797	0.05780797	0.009066682	0.009066682	0.144192	0.063577	0.669266	0.122965
946	-64.40591	-85.77979	21.37388	0	0	1	0	0.008538051	0.001193985	0.0009667316	0.0006928193	0.05780797	0.05780797	0.007765968	0.001924022	0.203203	0.0591931	0.623118	0.114486
947	-77.36906	-87.41581	10.04675	1	0	1	1	0.008538051	0.008538051	0.001583634	0.006352066	0.05780797	0.05780797	0.01032551	0.01032551	0.394016	0.0537872	0.525127	0.0270698
948	-70.24107	-89.51008	19.269	1	1	0	0	0.004208674	0.004208674	0.001200188	0.001200188	0.04112416	0.001192536	0.01032551	0.003341371	0.269236	0.0546441	0.533493	0.142627
949	-78.90061	-93.49659	14.59598	1	1	0	1	0.007358686	0.007358686	0.001200188	0.001200188	0.04516321	0.001192536	0.003670663	0.003670663	0.260606	0.0849461	0.516393	0.138055
950	-63.70947	-88.63618	24.92671	0	0	1	0	0.007358686	0.0006012666	0.001055663	0.007483351	0.03110169	0.03110169	0.01009785	0.0008685829	0.260606	0.0849461	0.516393	0.138055
951	-73.98204	-87.43162	13.44958	0	1	1	1	0.008475798	0.0002664358	0.002908054	0.002908054	0.04520509	0.04520509	0.008287419	0.008287419	0.356649	0.116252	0.338166	0.188933
952	-70.34062	-89.17653	18.8359	0	0	1	1	0.00349457	0.0003785625	0.00373409	0.002770067	0.04520509	0.04520509	0.008287419	0.008287419	0.331361	0.0686181	0.276311	0.32371
953	-73.50316	-90.36659	16.86343	0	1	1	1	0.00349457	0.0003622713	0.002381537	0.002381537	0.03108953	0.03108953	0.008287419	0.008287419	0.0241179	0.00499432	0.490379	0.480509
954	-65.09394	-90.99846	25.90453	0	0	0	1	0.007114342	0.001143644	0.003103351	0.001200355	0.03108953	0.001035284	0.008287419	0.008287419	0.0622272	0.00686867	0.173132	0.757772
955	-79.61096	-90.77405	11.16309	1	1	1	1	0.007114342	0.007114342	0.0010966	0.0010966	0.03218615	0.03218615	0.008287419	0.008287419	0.0622272	0.00686867	0.173132	0.757772
956	-68.6004	-87.27289	18.67249	0	1	1	0	0.004863474	0.0001239698	0.001466729	0.001466729	0.0381868	0.0381868	0.01908239	0.001081166	0.0722485	0.14047	0.146421	0.64086
957	-67.71831	-87.47384	19.75552	0	0	1	1	0.004863474	0.0002925221	0.001466729	0.003324417	0.0381868	0.0381868	0.01047556	0.01047556	0.0959867	0.144442	0.22138	0.538191
958	-72.33467	-87.2807	14.94603	0	1	1	1	0.004863474	0.0006753672	0.0005630368	0.0005630368	0.04000555	0.04000555	0.01047556	0.01047556	0.0959867	0.144442	0.22138	0.538191
959	-70.17657	-86.31966	16.14308	0	0	1	1	0.004863474	0.002206734	0.002709994	0.0001124143	0.05724214	0.05724214	0.01213816	0.01213816	0.135391	0.354292	0.0809405	0.429377
960	-77.69083	-87.11596	9.425128	1	1	1	0	0.004863474	0.004863474	0.003075967	0.003075967	0.05724214	0.05724214	0.01527412	0.007707231	0.116823	0.305702	0.206985	0.37049
961	-77.53126	-90.75841	13.22714	0	1	1	0	0.0105613	0.003519375	0.0006864938	0.0006864938	0.02288149	0.02288149	0.01527412	0.0430295	0.0880859	0.117435	0.700772	0.0937073
962	-71.31511	-88.65628	17.34118	0	0	1	1	0.0105613	0.003519375	0.003440984	0.001038408	0.03958574	0.03958574	0.01427391	0.01427391	0.624678	0.0189358	0.290085	0.0663007
963	-68.98102	-87.57329	18.59227	0	1	0	0	0.005617314	0.002728576	0.002489825	0.002489825	0.04867542	0.01361361	0.01937919	0.00229663	0.480436	0.0246985	0.378367	0.116499
964	-68.45515	-92.38964	23.93449	0	1	0	0	0.005617314	0.003417925	0.002489825	0.002489825	0.02161164	0.007050641	0.01937919	0.004676134	0.410694	0.0124588	0.51808	0.0587663
965	-68.82617	-91.12181	22.29565	0	1	1	0	0.005617314	1.574396e-05	0.002415939	0.002415939	0.02161164	0.02161164	0.01027685	0.004142338	0.281747	0.0518089	0.582552	0.0838914
966	-70.43668	-85.93087	15.49419	0	1	0	1	0.005466622	1.574396e-05	0.00290289	0.00290289	0.05917787	0.005144629	0.01027685	0.01027685	0.0942386	0.0653342	0.734635	0.105792
967	-63.79924	-85.31077	21.51152	0	0	1	0	0.009724977	4.858364e-05	0.0007265897	0.001369859	0.0451973	0.0451973	0.02074466	0.000290252	0.088598	0.0614237	0.690663	0.159315
968	-73.4513	-85.21396	11.76266	0	1	1	1	0.009724977	0.0001758223	0.0007265897	0.0007265897	0.0451973	0.0451973	0.01896743	0.01896743	0.0882113	0.0655202	0.687649	0.15862
969	-68.06408	-86.76916	18.70508	0	1	1	0	0.005222173	9.784679e-05	0.001907877	0.001907877	0.0451973	0.0451973	0.0105746	0.001618341	0.133609	0.280898	0.34524	0.240252
970	-71.7744	-88.40749	16.63309	0	1	1	1	0.006926873	9.914333e-05	0.001540435	0.001540435	0.02779185	0.02779185	0.0105746	0.0105746	0.0438474	0.0921845	0.785123	0.0788453
971	-75.37699	-86.81972	11.44273	1	0	1	1	0.006926873	0.006926873	0.001540435	0.001210851	0.05724418	0.05724418	0.009699759	0.009699759	0.0431228	0.300733	0.222544	0.4336
972	-80.51834	-85.97294	5.4546	1	1	1	1	0.007005526	0.007005526	0.001540435	0.001540435	0.05724418	0.05724418	0.01554734	0.01554734	0.0308674	0.249176	0.409585	0.310372
973	-67.45304	-84.99194	17.53889	0	0	1	0	0.007005526	0.0007636328	0.002543037	0.001770847	0.06383435	0.06383435	0.02293165	0.001976891	0.0321931	0.259879	0.315943	0.391986
974	-62.79466	-86.2212	23.42654	0	0	1	0	0.00771347	0.0007636328	0.001341734	0.002016606	0.04442264	0.04442264	0.01017366	0.0007164528	0.0207405	0.244087	0.482635	0.252538
975	-65.03918	-87.62434	22.58516	0	1	0	0	0.00771347	0.0009043325	0.002541633	0.002541633	0.04442264	0.005445086	0.01017366	0.0007600917	0.0530505	0.162749	0.321804	0.462397
976	-67.38238	-95.84535	28.46297	0	0	1	0	0.003299909	0.0009043325	0.000601483	0.00727588	0.01581086	0.01581086	0.01017366	0.0002733441	0.0655148	0.160607	0.317568	0.456311
977	-69.31956	-87.47298	18.15341	0	0	1	1	0.002617056	0.0003008297	0.0002441984	0.002553457	0.04398184	0.04398184	0.01807631	0.01807631	0.0655439	0.160234	0.317709	0.456513
978	-71.00838	-90.42467	19.41629	0	1	1	0	0.002053558	0.0005294878	0.0002441984	0.0002441984	0.04398184	0.04398184	0.008456753	0.005284126	0.0281252	0.176283	0.148348	0.647244
979	-70.90872	-89.64739	18.73867	0	1	1	0	0.002053558	0.0007137175	0.0002089065	0.0002089065	0.04734393	0.04734393	0.01343103	0.0006748311	0.0187317	0.117407	0.43279	0.431072
980	-75.68668	-88.82035	13.13366	0	1	1	1	0.00248757	0.003544095	0.0001432258	0.0001432258	0.04734393	0.04734393	0.01343103	0.01343103	0.0661757	0.138657	0.286072	0.509095
981	-79.14506	-90.11788	10.97281	1	1	0	1	0.008547995	0.008547995	7.863993e-06	7.863993e-06	0.04734393	0.003892075	0.01951821	0.01951821	0.210605	0.0692578	0.46585	0.254288
982	-76.78002	-92.59329	15.81326	0	1	1	0	0.01074252	0.01091552	4.326026e-05	4.326026e-05	0.04734393	0.04734393	0.007342087	0.004772182	0.688575	0.027323	0.183783	0.100319
983	-83.70829	-91.24936	7.541068	1	1	1	1	0.01074252	0.01074252	3.580817e-05	3.580817e-05	0.04734393	0.04734393	0.01128048	0.01128048	0.314213	0.536418	0.0873371	0.0620319
984	-65.90166	-87.13916	21.23751	0	0	1	0	0.01078824	0.0002841322	3.580817e-05	0.006410383	0.04734393	0.04734393	0.01128048	0.003526631	0.325335	0.520009	0.0904286	0.0642276
985	-68.37112	-86.24218	17.87105	0	0	1	1	0.01041758	0.0004131971	3.580817e-05	0.004888208	0.04235354	0.04235354	0.01128048	0.01128048	0.153038	0.244612	0.572137	0.0302127
986	-68.84955	-85.80763	16.95808	0	0	1	1	0.01041758	0.001430213	2.191515e-05	0.005367916	0.04235354	0.04235354	0.01501989	0.01501989	0.10793	0.0212064	0.827183	0.0436808
987	-68.01295	-86.75119	18.73823	0	0	1	1	0.007912216	0.001130199	2.191515e-05	0.003614786	0.04173685	0.04173685	0.0100125	0.0100125	0.357571	0.0702566	0.427458	0.144714
988	-69.70652	-87.39456	17.68804	0	1	1	0	0.009747046	0.003270604	0.0003357412	0.0003357412	0.04173685	0.04173685	0.01316007	0.002185343	0.23518	0.134667	0.352766	0.277387
989	-73.83126	-95.86722	22.03596	1	0	1	0	0.006001558	0.006001558	0.0003357412	0.004872424	0.01864156	0.01864156	0.006803133	0.008910855	0.241257	0.138147	0.336043	0.284554
990	-63.08878	-94.7486	31.65982	0	0	0	0	0.007661413	0.002540186	0.0003357412	0.004872424	0.01864156	0.00518025	0.00761901	0.002739831	0.344638	0.1594	0.387742	0.10822
991	-76.92905	-92.44077	15.51172	1	1	1	0	0.00376924	0.00376924	0.0003357412	0.0003357412	0.0376148	0.0376148	0.004886409	0.006741031	0.2053	0.201144	0.529089	0.0644667
992	-73.1033	-88.12017	15.01687	0	1	1	1	0.003789017	0.000999052	0.001252387	0.001252387	0.0376148	0.0376148	0.01252255	0.01252255	0.279171	0.163234	0.429371	0.128224
993	-60.57942	-88.77359	28.19417	0	0	0	0	0.003789017	0.000999052	0.001252387	0.001754948	0.0376148	0.01050157	0.01208052	0.001421862	0.264366	0.154578	0.406601	0.174456
994	-79.87941	-90.31989	10.44048	1	1	1	1	0.002329438	0.002329438	0.000793159	0.000793159	0.0376148	0.0376148	0.01208052	0.01208052	0.184404	0.317143	0.394188	0.104266
995	-77.46775	-91.13197	13.66422	1	1	0	1	0.002329438	0.002329438	0.0007355737	0.0007355737	0.0376148	0.01115473	0.01208052	0.01208052	0.0685916	0.251997	0.283282	0.396129
996	-72.35127	-89.96545	17.61419	1	0	1	0	0.002329438	0.002329438	0.003343493	0.001779239	0.04778769	0.04778769	0.01208052	0.003537711	0.0884817	0.325071	0.181379	0.405069
997	-80.77775	-88.21565	7.437893	1	1	1	0	0.002329438	0.002329438	0.001088309	0.001088309	0.04778769	0.04778769	0.01366354	0.03466107	0.115551	0.315417	0.175992	0.39304
998	-78.55932	-96.04854	17.48922	0	1	1	1	0.002329438	0.003527216	0.00301398	0.00301398	0.01950161	0.01950161	0.01366354	0.01366354	0.0883519	0.241172	0.369954	0.300523
999	-74.14918	-89.70601	15.55683	0	1	1	1	0.006482263	0.000534077	0.00301398	0.00301398	0.03019803	0.03019803	0.01286084	0.01286084	0.0364377	0.62717	0.152575	0.183817
1000	-68.65274	-88.05663	19.4039	0	0	1	1	0.006444193	0.0008000993	0.0008991501	0.004859157	0.03475738	0.03475738	0.01286084	0.01286084	0.0364377	0.62717	0.152575	0.183817
1001	-72.89397	-90.06596	17.17199	0	0	1	1	0.009325685	0.00732076	0.0008991501	0.008223673	0.03475738	0.03475738	0.01286084	0.01286084	0.0249567	0.429558	0.119848	0.425637
1002	-74.80962	-93.20388	18.39426	0	1	0	1	0.009325685	0.006670998	0.003475081	0.003475081	0.03475738	0.004732508	0.007434353	0.007434353	0.0235972	0.27947	0.236186	0.460747
1003	-72.93201	-91.31112	18.37911	1	0	1	0	0.009325685	0.009325685	0.003475081	0.003138682	0.03475738	0.03475738	0.01467531	0.001110564	0.0339308	0.178328	0.125227	0.662515
1004	-74.84214	-87.31461	12.47247	0	1	1	0	0.009325685	0.008683408	0.002754736	0.002754736	0.06562306	0.06562306	0.01093684	0.002945319	0.0875449	0.460103	0.323098	0.129254
1005	-76.54281	-88.16713	11.62432	1	0	1	1	0.009325685	0.009325685	0.002754736	0.0003517168	0.04791852	0.04791852	0.01523276	0.01523276	0.196888	0.163197	0.0966475	0.543268
1006	-76.89254	-88.00401	11.11147	1	0	1	1	0.005237171	0.005237171	0.002754736	0.007373734	0.04791852	0.04791852	0.01523276	0.01523276	0.216942	0.17982	0.106492	0.496746
1007	-70.49785	-91.11973	20.62189	0	0	1	1	0.002555623	0.001510941	0.002754736	0.0001639918	0.03143579	0.03143579	0.01523276	0.01523276	0.216942	0.17982	0.106492	0.496746
1008	-77.35383	-87.7545	10.40066	1	1	1	0	0.006185682	0.006185682	0.003304256	0.003304256	0.05324155	0.05324155	0.01012248	0.009728825	0.148103	0.12276	0.390017	0.33912
1009	-77.43454	-88.36145	10.92691	1	1	1	0	0.003262284	0.003262284	0.003304256	0.003304256	0.05324155	0.05324155	0.01012248	0.009642039	0.0961651	0.07971	0.3401	0.484025
1010	-74.96412	-89.63989	14.67577	1	1	1	0	0.003262284	0.003262284	0.0007122127	0.0007122127	0.03848531	0.03848531	0.008997743	0.006671355	0.0951421	0.0895003	0.336482	0.478876
1011	-76.03567	-92.55933	16.52365	1	0	1	1	0.003262284	0.003262284	0.00131595	0.007519999	0.0264629	0.0264629	0.008997743	0.008997743	0.0696428	0.120907	0.458919	0.350531
1012	-68.99722	-91.47694	22.47972	0	0	1	1	0.003262284	0.001492067	0.002062707	0.0001168651	0.02709526	0.02709526	0.008997743	0.008997743	0.0966672	0.167824	0.636998	0.0985105
1013	-74.64612	-91.59914	16.95302	0	1	1	1	0.003262284	0.0003691963	0.002062707	0.002062707	0.03324882	0.03324882	0.006159874	0.006159874	0.403618	0.119423	0.453285	0.0236746
1014	-72.01813	-85.25938	13.24124	0	0	1	1	0.006997927	0.0005291604	0.002062707	0.00407863	0.06053552	0.06053552	0.02166769	0.02166769	0.433568	0.0544991	0.48692	0.0250135
1015	-64.92989	-89.73267	24.80278	0	0	0	0	0.006997927	0.001733987	0.0002669332	0.002652938	0.02779334	0.01275488	0.02166769	0.01494547	0.433568	0.0544991	0.48692	0.0250135
1016	-79.45745	-88.08045	8.622994	1	1	1	1	0.003992807	0.003992807	0.0002669332	0.0002669332	0.04674675	0.04674675	0.01220756	0.01220756	0.433568	0.0544991	0.48692	0.0250135
1017	-75.2379	-86.89292	11.65502	0	1	1	1	0.004207413	0.0007313247	0.0001189942	0.0001189942	0.05814253	0.05814253	0.01220756	0.01220756	0.433568	0.0544991	0.48692	0.0250135
1018	-72.14072	-86.61259	14.47187	0	1	0	1	0.008038692	0.003811353	0.001612604	0.001612604	0.05814253	0.005019624	0.01220756	0.01220756	0.370101	0.192904	0.415643	0.0213519
1019	-68.20739	-87.58248	19.37509	0	1	0	1	0.008038692	0.0003187973	0.001612604	0.001612604	0.03540547	0.001680653	0.0137294	0.0137294	0.299506	0.346853	0.336361	0.0172792
1020	-76.82779	-84.79505	7.967258	0	1	1	1	0.008038692	0.00023956	0.001220745	0.001220745	0.07327365	0.07327365	0.0137294	0.0137294	0.174505	0.619449	0.195978	0.0100676
1021	-74.35865	-86.82649	12.46784	0	1	1	1	0.008038692	0.00023956	0.001220745	0.001220745	0.03929365	0.03929365	0.02196578	0.02196578	0.116235	0.477935	0.398062	0.00776762
1022	-75.74136	-92.90718	17.16582	1	1	0	0	0.00254847	0.00254847	0.005039379	0.005039379	0.03929365	0.002610841	0.02196578	0.001964645	0.116235	0.477935	0.398062	0.00776762
1023	-73.61759	-90.39694	16.77935	0	0	1	1	0.00254847	5.894917e-05	0.001053981	0.01655782	0.03929365	0.03929365	0.01612057	0.01612057	0.138069	0.567712	0.279046	0.0151726
1024	-77.44409	-91.30217	13.85808	1	1	1	0	0.002348445	0.002348445	0.001053981	0.001053981	0.03415042	0.03415042	0.01612057	0.009132705	0.165959	0.549342	0.270017	0.0146816
1025	-82.91789	-90.65353	7.735638	1	1	1	1	0.008197607	0.008197607	0.005011816	0.005011816	0.03895979	0.03895979	0.01612057	0.01612057	0.287435	0.219479	0.467658	0.025428
1026	-75.52185	-90.36909	14.84723	1	1	1	0	0.008197607	0.008197607	0.001317792	0.001317792	0.03408064	0.03408064	0.009980512	0.003571563	0.30287	0.231265	0.439072	0.0267935
1027	-66.642	-88.98884	22.34685	0	0	1	0	0.008197607	0.004879167	0.001642333	0.003746426	0.03408064	0.03408064	0.01359773	0.007180202	0.33085	0.221983	0.421449	0.0257181
1028	-68.84094	-89.41958	20.57864	0	1	0	1	0.008197607	0.001217023	0.001100587	0.001100587	0.03412236	0.002461335	0.00680231	0.00680231	0.121675	0.293774	0.55775	0.0268003
1029	-65.37359	-88.48695	23.11335	0	0	0	1	0.008197607	0.0006577245	0.001100587	0.004641992	0.03412236	0.006831398	0.01338796	0.01338796	0.376486	0.281932	0.258656	0.0829253
1030	-70.13662	-87.95231	17.81569	0	1	1	0	0.008197607	0.0004249185	0.001048681	0.001048681	0.0316972	0.0316972	0.01881186	0.009525213	0.293292	0.310191	0.331916	0.0646009
1031	-69.56675	-90.21127	20.64452	0	1	0	1	0.009516975	0.0004249185	0.002923159	0.002923159	0.0316972	5.049668e-05	0.008911635	0.008911635	0.359983	0.298106	0.262621	0.0792903
1032	-70.4285	-86.39683	15.96833	0	1	1	0	0.01031471	0.0001362702	0.002923159	0.002923159	0.05472989	0.05472989	0.009374513	0.00279395	0.0805044	0.437452	0.385381	0.0966625
1033	-65.18634	-86.31608	21.12974	0	1	0	0	0.007631425	5.979231e-05	0.0002990395	0.0002990395	0.05472989	0.006309349	0.009374513	0.001882029	0.0805044	0.437452	0.385381	0.0966625
1034	-63.85575	-89.9656	26.10985	0	0	0	1	0.007631425	0.0002568954	0.0008458669	0.001981517	0.02360438	0.006969079	0.01051031	0.01051031	0.128448	0.102436	0.614888	0.154228
1035	-65.33312	-89.62916	24.29604	0	0	1	0	0.006906408	0.0001520352	0.0007231358	0.01031785	0.02586312	0.02586312	0.01051031	0.007701702	0.128448	0.102436	0.614888	0.154228
1036	-63.98971	-89.74358	25.75388	0	1	0	0	0.006906408	0.0002799671	0.002500331	0.002500331	0.02586312	0.002234948	0.01051031	0.005540554	0.0737083	0.114156	0.685239	0.126896
1037	-76.64527	-88.68217	12.0369	1	1	1	0	0.006906408	0.006906408	0.001812183	0.001812183	0.0393638	0.0393638	0.01799397	0.007147076	0.452713	0.0719302	0.274782	0.200575
1038	-68.05617	-86.24977	18.1936	0	0	1	1	0.007088507	0.000666318	0.0008566171	0.001574588	0.0393638	0.0393638	0.01799397	0.01799397	0.232252	0.0936933	0.38964	0.284414
1039	-69.13739	-88.16572	19.02834	0	1	0	0	0.007088507	0.003249883	0.0005268376	0.0005268376	0.0393638	0.01620585	0.01799397	0.00787735	0.107116	0.474965	0.286747	0.131173
1040	-71.45235	-87.6971	16.24474	0	1	1	0	0.01083871	0.002823571	0.0005268376	0.0005268376	0.0393638	0.0393638	0.01799397	0.007144514	0.0464403	0.50724	0.306233	0.140086
1041	-68.91782	-87.40322	18.4854	0	0	1	0	0.01083871	0.003845032	0.001109162	0.007334939	0.05909173	0.05909173	0.007973306	0.005218975	0.049569	0.541413	0.171149	0.237869
1042	-76.67043	-85.28765	8.617216	0	1	1	1	0.007351099	0.003845032	0.001548727	0.001548727	0.06560953	0.06560953	0.01442986	0.01442986	0.049569	0.541413	0.171149	0.237869
1043	-66.83605	-84.77728	17.94122	0	0	1	0	0.007351099	0.001040195	0.001548727	0.00741406	0.06560953	0.06560953	0.01442986	0.001131101	0.0487464	0.308373	0.40896	0.233921
1044	-69.1102	-92.34819	23.23799	0	0	1	0	0.006446074	0.001040195	0.003687619	0.0001770834	0.02399471	0.02399471	0.01578503	0.017096	0.856494	0.0547856	0.0369413	0.0517787
1045	-71.61646	-91.494	19.87755	0	1	1	0	0.005739343	0.002793016	0.003687619	0.003687619	0.03365819	0.03365819	0.01200328	3.006942e-05	0.854183	0.0713649	0.0070038	0.0674481
1046	-76.40606	-89.64095	13.23489	0	1	0	1	0.005739343	0.004011604	0.003687619	0.003687619	0.06411169	0.006389266	0.01196847	0.01196847	0.854183	0.0713649	0.0070038	0.0674481
1047	-72.56293	-88.15181	15.58888	0	0	1	1	0.005739343	0.001439095	0.00380374	0.001543903	0.06411169	0.06411169	0.005805237	0.005805237	0.264033	0.268454	0.127356	0.340156
1048	-72.85927	-93.86341	21.00414	1	0	0	1	0.005739343	0.005739343	0.00380374	0.001543903	0.03355711	0.001017979	0.005805237	0.005805237	0.388637	0.176395	0.145227	0.289741
1049	-79.8579	-88.90752	9.049622	1	1	1	1	0.007518136	0.007518136	0.0006423266	0.0006423266	0.03882455	0.03882455	0.0137887	0.0137887	0.375046	0.170226	0.140148	0.31458
1050	-76.56227	-91.13912	14.57685	1	1	1	0	0.007518136	0.007518136	0.001827402	0.001827402	0.0298401	0.0298401	0.0137887	0.005720378	0.450274	0.0688396	0.168259	0.312627
1051	-77.19918	-91.75698	14.5578	1	1	1	0	0.009001573	0.009001573	0.001535083	0.001535083	0.0298401	0.0298401	0.01202383	0.006403121	0.290364	0.0665996	0.108504	0.534533
1052	-71.65014	-92.84993	21.19979	0	0	1	0	0.001946086	0.003564769	0.001535083	0.001148639	0.0319345	0.0319345	0.02530954	0.01444672	0.311445	0.071435	0.0437766	0.573343
1053	-71.83054	-91.15248	19.32195	0	1	1	0	0.002191031	0.001363372	0.001535083	0.001535083	0.0319345	0.0319345	0.01317231	0.0108933	0.319963	0.0588613	0.14875	0.472426
1054	-72.79751	-85.87814	13.08063	0	1	1	1	0.005554256	0.001156767	0.001475397	0.001475397	0.04589448	0.04589448	0.01317231	0.01317231	0.0929987	0.0878812	0.113779	0.705341
1055	-70.36251	-86.65355	16.29105	0	0	1	1	0.004765816	0.005432081	0.001475397	0.001109097	0.05488564	0.05488564	0.01075852	0.01075852	0.066808	0.0631316	0.261488	0.608572
1056	-77.25786	-87.07703	9.819167	1	1	1	0	0.004765816	0.004765816	0.002407652	0.002407652	0.05724042	0.05724042	0.01075852	0.0107366	0.0459441	0.355711	0.179827	0.418518
1057	-72.21851	-86.67437	14.45587	1	0	1	0	0.007376209	0.007376209	0.001679657	0.003315644	0.05724042	0.05724042	0.01075852	0.008553459	0.0294423	0.22795	0.474409	0.268198
1058	-73.59162	-85.10904	11.51742	0	1	1	1	0.007376209	0.001095639	0.001679657	0.001679657	0.05528487	0.05528487	0.01075852	0.01075852	0.0294423	0.22795	0.474409	0.268198
1059	-75.50916	-89.65241	14.14325	1	1	0	0	0.007376209	0.007376209	0.002396278	0.002396278	0.05528487	0.003426664	0.01202083	0.01020727	0.0239936	0.592259	0.165183	0.218564
1060	-74.65615	-87.66742	13.01127	0	1	1	1	0.0028875	0.0001761044	0.000483383	0.000483383	0.04756575	0.04756575	0.01653724	0.01653724	0.0264082	0.551226	0.181806	0.240559
1061	-67.40309	-85.27891	17.87582	0	0	1	1	0.006320989	0.0001620483	0.0005684405	0.0001892198	0.04756575	0.04756575	0.0145551	0.0145551	0.239978	0.0498849	0.542729	0.167408
1062	-71.65378	-92.23935	20.58557	0	0	1	1	0.01156906	0.0001620483	0.003727083	0.002758892	0.02108943	0.02108943	0.0145551	0.0145551	0.317174	0.0882363	0.416691	0.177898
1063	-69.88746	-86.17065	16.28318	0	1	1	0	0.01156906	0.0007234295	0.002525183	0.002525183	0.0483886	0.0483886	0.0145551	0.0007101556	0.295556	0.0917654	0.446905	0.165773
1064	-71.58477	-86.71473	15.12996	0	0	1	1	0.01156906	0.001047804	0.002525183	0.0069823	0.0483886	0.0483886	0.0145551	0.0145551	0.397987	0.0297889	0.386736	0.185489
1065	-63.93402	-85.06066	21.12664	0	0	1	0	0.007192737	0.001090222	0.001391479	0.001088569	0.05086449	0.05086449	0.0157871	0.002889154	0.239465	0.0485555	0.409636	0.302344
1066	-71.62607	-90.37471	18.74864	1	1	0	0	0.005592334	0.005592334	0.001432372	0.001432372	0.03337226	0.006682918	0.0157871	0.001501972	0.199689	0.0404902	0.341594	0.418228
1067	-71.47298	-89.8313	18.35832	0	1	0	1	0.005592334	0.0007204135	0.003113469	0.003113469	0.03337226	0.0005552141	0.0232479	0.0232479	0.162673	0.218352	0.278273	0.340702
1068	-72.91065	-85.81918	12.90853	0	1	1	1	0.008496794	0.0007505089	0.0008685932	0.0008685932	0.04412371	0.04412371	0.01399805	0.01399805	0.191455	0.256985	0.327509	0.22405
1069	-73.60929	-95.41167	21.80238	0	0	1	1	0.002037919	0.0008790535	0.005474627	0.00175445	0.03134865	0.03134865	0.005406658	0.005406658	0.191455	0.256985	0.327509	0.22405
1070	-82.94748	-90.78207	7.834595	1	1	1	1	0.003152017	0.003152017	0.005474627	0.005474627	0.05031786	0.05031786	0.008779241	0.008779241	0.27965	0.228954	0.291785	0.199611
1071	-75.72025	-89.53622	13.81597	1	1	1	0	0.003152017	0.003152017	0.0008726892	0.0008726892	0.05031786	0.05031786	0.007534924	0.001169536	0.331502	0.149997	0.345887	0.172614
1072	-77.34041	-88.76291	11.4225	1	1	0	1	0.005524713	0.005524713	0.002554629	0.002554629	0.05031786	0.005056759	0.01328386	0.01328386	0.326361	0.163179	0.340522	0.169937
1073	-76.67323	-91.88294	15.20971	0	1	0	1	0.01150669	0.00684792	0.002554629	0.002554629	0.03568959	0.001676892	0.02633614	0.02633614	0.129405	0.185686	0.491532	0.193376
1074	-75.38608	-94.52792	19.14184	0	0	1	1	0.008018095	0.00125005	0.001034014	0.009553438	0.01592807	0.01592807	0.02633614	0.02633614	0.120473	0.357661	0.509637	0.0122287
1075	-69.78561	-89.6061	19.82049	0	1	0	1	0.008284295	0.002379554	0.001815068	0.001815068	0.03626985	0.0007966983	0.00869245	0.00869245	0.0810167	0.635609	0.276734	0.0066402
1076	-72.71497	-93.25137	20.5364	1	0	0	1	0.005599802	0.005599802	0.003561652	0.003558712	0.03194478	0.0007854426	0.00869245	0.00869245	0.0905834	0.710664	0.191329	0.00742429
1077	-74.78531	-91.84852	17.06321	0	1	1	1	0.007299667	0.002431287	0.002019162	0.002019162	0.02203633	0.02203633	0.01068614	0.01068614	0.162295	0.481606	0.342797	0.0133019
1078	-79.97981	-89.85214	9.872328	1	1	1	1	0.003163475	0.003163475	0.002019162	0.002019162	0.040199	0.040199	0.01068614	0.01068614	0.157395	0.467065	0.332447	0.043092
1079	-77.61941	-89.35028	11.73088	0	1	1	1	0.003163475	0.008567815	0.0006747071	0.0006747071	0.0542934	0.0542934	0.00827449	0.00827449	0.110086	0.144509	0.102858	0.642547
1080	-69.42519	-88.65455	19.22936	0	0	1	0	0.003163475	0.008567815	0.001660813	0.001104911	0.0542934	0.0542934	0.01878307	0.003582885	0.110086	0.144509	0.102858	0.642547
1081	-76.1831	-86.54111	10.35801	1	0	1	1	0.007135019	0.007135019	0.001660813	0.0009544771	0.0542934	0.0542934	0.01878307	0.01878307	0.195425	0.196471	0.139844	0.468259
1082	-69.49573	-89.34579	19.85006	0	0	1	1	0.007135019	0.0009971755	0.004006918	0.002385408	0.0291203	0.0291203	0.01442391	0.01442391	0.122736	0.0462685	0.536909	0.294087
1083	-67.81439	-87.81326	19.99887	0	0	1	0	0.007135019	0.0002110354	0.0007671328	0.003670538	0.0291203	0.0291203	0.01442391	0.03142674	0.271599	0.0526415	0.610862	0.0648978
1084	-73.39023	-88.9794	15.58917	0	1	1	1	0.007135019	0.0004676267	0.0007671328	0.0007671328	0.03011051	0.03011051	0.01442391	0.01442391	0.504471	0.0977769	0.046376	0.351376
1085	-73.4745	-89.36414	15.88965	0	1	1	1	0.005510841	0.0003730457	0.0007671328	0.0007671328	0.03011051	0.03011051	0.01442391	0.01442391	0.587581	0.113885	0.0540163	0.244518
1086	-69.44268	-90.08743	20.64475	0	1	1	0	0.004397184	0.0004845071	0.002782635	0.002782635	0.03011051	0.03011051	0.01324962	0.002498592	0.493306	0.0956129	0.217544	0.193537
1087	-67.83348	-87.17352	19.34004	0	0	0	1	0.01395859	2.771942e-05	0.001318645	0.004317454	0.05662563	0.001025615	0.01324962	0.01324962	0.379909	0.244359	0.173888	0.201843
1088	-72.90674	-85.71407	12.80733	0	1	0	1	0.01395859	2.771942e-05	0.001318645	0.001318645	0.05662563	0.008818319	0.01760476	0.01760476	0.339499	0.182309	0.415081	0.0631101
1089	-71.82415	-86.23681	14.41266	0	0	1	1	0.01489974	8.55536e-05	0.002561967	0.001676035	0.05662563	0.05662563	0.01332214	0.01332214	0.287778	0.204475	0.381045	0.126702
1090	-72.99644	-86.67342	13.67698	0	1	0	1	0.007815559	0.003557935	0.002561967	0.002561967	0.05662563	0.009495963	0.01332214	0.01332214	0.35839	0.0972583	0.484086	0.0602658
1091	-71.74536	-88.42351	16.67815	0	0	1	1	0.007575421	0.003366694	0.002561967	0.0007933809	0.05662563	0.05662563	0.005289177	0.005289177	0.329031	0.089291	0.526349	0.0553289
1092	-70.6952	-90.60849	19.91329	0	1	0	1	0.01107086	0.0002207463	0.002561967	0.002561967	0.03643431	0.002130008	0.005289177	0.005289177	0.329031	0.089291	0.526349	0.0553289
1093	-61.01121	-92.35668	31.34547	0	0	0	0	0.007926228	4.325778e-05	0.002561967	0.002538673	0.03035601	0.002566173	0.005289177	0.0001070298	0.269477	0.0731295	0.15455	0.502843
1094	-63.54475	-89.38	25.83525	0	0	1	0	0.008004659	4.325778e-05	0.0002921252	0.004067174	0.03035601	0.03035601	0.009139284	0.001467682	0.138773	0.0973067	0.0948333	0.669087
1095	-64.56388	-85.80649	21.24261	0	0	1	0	0.01236988	0.0001653277	0.0003192893	0.002662713	0.05176536	0.05176536	0.009139284	0.003218554	0.0378874	0.0265664	0.609719	0.325827
1096	-75.2	-88.93049	13.73049	1	0	1	1	0.00753916	0.00753916	0.000728446	0.006339047	0.03979004	0.03979004	0.009139284	0.009139284	0.0517729	0.0695363	0.433451	0.44524
1097	-77.0198	-91.37004	14.35024	1	1	1	0	0.009202557	0.009202557	0.0003372581	0.0003372581	0.03979004	0.03979004	0.006597399	0.004063717	0.0286706	0.118767	0.156671	0.695891
1098	-73.92858	-88.89798	14.9694	1	0	1	0	0.002963339	0.002963339	0.001199687	0.01016474	0.03979004	0.03979004	0.0142674	0.01760129	0.0336213	0.139275	0.0110508	0.816052
1099	-81.26102	-89.22027	7.959248	1	1	0	1	0.004906305	0.004906305	0.001379582	0.001379582	0.03979004	0.02841736	0.02205458	0.02205458	0.0839419	0.347728	0.0275904	0.54074
1100	-69.68289	-88.22848	18.54559	0	1	1	0	0.006293476	8.714207e-05	0.001379582	0.001379582	0.03979004	0.03979004	0.006858855	0.01112133	0.0839419	0.347728	0.0275904	0.54074
1101	-70.34512	-88.7094	18.36428	0	1	0	1	0.008493827	0.0002185804	0.001805669	0.001805669	0.03979004	0.009400536	0.006858855	0.006858855	0.0847003	0.051839	0.317835	0.545626
1102	-75.11195	-89.30291	14.19095	0	1	1	1	0.01261645	0.0004028939	0.001766929	0.001766929	0.03979004	0.03979004	0.006325779	0.006325779	0.0338438	0.0741526	0.111518	0.780486
1103	-70.5177	-88.52527	18.00757	0	1	0	1	0.007130749	0.001192067	0.001766929	0.001766929	0.03979004	0.0005468908	0.01818125	0.01818125	0.205175	0.0725218	0.109065	0.613237
1104	-65.82462	-90.86016	25.03554	0	0	0	1	0.01027113	0.001068704	0.0002151363	0.002948697	0.02915324	0.0004991927	0.01378847	0.01378847	0.398538	0.140868	0.165427	0.295166
1105	-74.87298	-85.80544	10.93246	0	1	1	1	0.007763406	0.0008433354	0.0003671062	0.0003671062	0.05829615	0.05829615	0.01227089	0.01227089	0.264408	0.474568	0.0651976	0.195827
1106	-75.21305	-85.73962	10.52657	0	1	1	1	0.007763406	0.001966399	0.001191475	0.001191475	0.05829615	0.05829615	0.01264517	0.01264517	0.264408	0.474568	0.0651976	0.195827
1107	-66.53985	-87.31152	20.77167	0	0	1	0	0.004447279	0.001136316	0.00252578	0.002297909	0.05829615	0.05829615	0.01264517	0.0009856375	0.229132	0.516503	0.041234	0.213131
1108	-78.02744	-87.42253	9.395095	0	1	1	1	0.006245064	0.008622555	0.00252578	0.00252578	0.05829615	0.05829615	0.01264517	0.01264517	0.158304	0.356846	0.0243004	0.46055
1109	-80.69956	-88.21024	7.510677	1	1	1	1	0.006245064	0.006245064	0.001010343	0.001010343	0.049676	0.049676	0.01264517	0.01264517	0.06334	0.778697	0.0399846	0.117978
1110	-81.64693	-92.85851	11.21158	1	1	1	1	0.006245064	0.006245064	0.001010343	0.001010343	0.03597584	0.03597584	0.005175933	0.005175933	0.0548134	0.673872	0.0285178	0.242796
1111	-73.61492	-89.77234	16.15742	0	0	1	1	0.009835044	0.00184729	0.001010343	0.01431664	0.03597584	0.03597584	0.01620573	0.01620573	0.371689	0.450527	0.0125295	0.165255
1112	-75.25138	-89.53127	14.2799	1	0	1	1	0.004212416	0.004212416	7.730542e-05	0.004828164	0.03597584	0.03597584	0.0152996	0.0152996	0.284494	0.485366	0.0521064	0.178034
1113	-71.28213	-89.33939	18.05726	0	0	1	1	0.007529106	0.004399832	0.0006969231	0.00442236	0.03597584	0.03597584	0.0152996	0.0152996	0.421312	0.39425	0.0398263	0.144612
1114	-67.39363	-87.34083	19.9472	0	0	1	0	0.007529106	0.004751332	0.0006969231	0.007903028	0.04306162	0.04306162	0.0152996	0.007808651	0.261804	0.244988	0.403346	0.0898623
1115	-64.79919	-90.71855	25.91936	0	1	0	0	0.002696638	0.0002952213	0.0006969231	0.0006969231	0.03299788	0.0005965149	0.0112591	0.004346817	0.253528	0.27324	0.38621	0.0870218
1116	-77.65265	-90.14292	12.49027	1	1	1	0	0.002210625	0.002210625	0.002135215	0.002135215	0.04766223	0.04766223	0.0112591	0.007362942	0.177006	0.49522	0.267018	0.060756
1117	-72.47127	-90.0995	17.62823	1	0	1	0	0.002210625	0.002210625	0.002135215	0.0007762126	0.04766223	0.04766223	0.01460274	0.003390749	0.546496	0.179524	0.103037	0.170943
1118	-83.23267	-90.17356	6.94089	1	1	1	1	0.003589731	0.003589731	0.005702217	0.005702217	0.0489411	0.0489411	0.01460274	0.01460274	0.424894	0.227662	0.130665	0.216779
1119	-68.47564	-85.83027	17.35462	0	0	1	1	0.006297362	0.0003408011	0.001339705	0.000821097	0.0489411	0.0489411	0.01460274	0.01460274	0.42267	0.226471	0.129982	0.220877
1120	-67.44934	-90.84424	23.3949	0	0	0	1	0.006297362	0.002766037	0.001339705	0.001422355	0.02546438	0.01543657	0.01460274	0.01460274	0.440061	0.235789	0.223719	0.10043
1121	-71.16228	-87.48807	16.32578	0	1	1	0	0.006297362	0.005209889	0.001339705	0.001339705	0.05293926	0.05293926	0.01080769	0.001633939	0.456544	0.243675	0.195589	0.104192
1122	-75.15072	-86.84933	11.69861	0	1	1	1	0.003348473	0.001532249	0.001339705	0.001339705	0.05293926	0.05293926	0.01599875	0.01599875	0.27942	0.173647	0.483164	0.0637689
1123	-69.49375	-88.51766	19.02391	0	1	1	0	0.005398558	0.003238909	0.002413573	0.002413573	0.03968464	0.03968464	0.009000983	0.003057709	0.125418	0.0804483	0.636095	0.158039
1124	-75.27888	-94.56978	19.29089	1	1	0	0	0.005398558	0.005398558	0.002413573	0.002413573	0.01824563	0.001102639	0.02112936	0.01297746	0.125418	0.0804483	0.636095	0.158039
1125	-74.72317	-87.57296	12.84979	1	0	1	0	0.005398558	0.005398558	0.001104855	0.008702783	0.04757301	0.04757301	0.02112936	0.01420223	0.223668	0.137414	0.368969	0.269948
1126	-76.89248	-87.36406	10.47158	1	1	1	0	0.007605945	0.007605945	0.001104855	0.001104855	0.04757301	0.04757301	0.02112936	0.004763976	0.223668	0.137414	0.368969	0.269948
1127	-70.54386	-87.75594	17.21208	0	1	1	0	0.008268841	0.001241554	0.001629992	0.001629992	0.03479179	0.03479179	0.01133474	0.01589125	0.259102	0.204785	0.38393	0.152183
1128	-72.46926	-88.79281	16.32355	0	1	0	1	0.008268841	0.001860531	0.001629992	0.001629992	0.03056932	0.02457721	0.01133474	0.01133474	0.228847	0.180873	0.455867	0.134413
1129	-64.32369	-90.67843	26.35475	0	0	0	0	0.005398302	0.0009101313	0.0006020033	0.01303401	0.02948395	0.009007771	0.01133474	0.01016488	0.384702	0.144317	0.363733	0.107248
1130	-70.28624	-89.25336	18.96712	0	1	1	0	0.006944388	0.003459207	0.001426667	0.001426667	0.02948395	0.02948395	0.02164533	0.0001596807	0.0935456	0.146457	0.552384	0.207613
1131	-70.14244	-90.82902	20.68658	0	1	0	1	0.006944388	0.003327666	0.001426667	0.001426667	0.02948395	0.004405911	0.007695221	0.007695221	0.0935456	0.146457	0.552384	0.207613
1132	-64.59489	-90.84648	26.25159	0	0	1	0	0.006225252	0.002793611	0.001426667	0.003170771	0.02948395	0.02948395	0.006780742	0.00110772	0.0935456	0.146457	0.552384	0.207613
1133	-64.71108	-90.46965	25.75856	0	0	1	0	0.003424655	0.0005286086	0.001426667	0.003922504	0.02948395	0.02948395	0.009767029	0.00525545	0.160928	0.251953	0.500464	0.0866551
1134	-65.00625	-89.42	24.41375	0	0	1	0	0.008470587	0.001423456	0.001426667	0.004098319	0.02948395	0.02948395	0.01218143	0.004416871	0.05995	0.641209	0.254734	0.0441071
1135	-69.44696	-90.09275	20.64579	0	1	1	0	0.008470587	0.0003048263	0.000609175	0.000609175	0.02948395	0.02948395	0.01218143	0.002467128	0.0749725	0.801885	0.0679831	0.0551596
1136	-69.79934	-88.29341	18.49407	0	0	1	1	0.01014652	0.0003048263	0.000609175	0.00174545	0.02948395	0.02948395	0.02353519	0.02353519	0.0195828	0.0949864	0.83257	0.0528605
1137	-67.71885	-89.96809	22.24924	0	0	1	0	0.007027222	0.0005813281	0.003428345	0.0024056	0.02948395	0.02948395	0.02353519	0.007420769	0.0637813	0.30937	0.169585	0.457264
1138	-68.0577	-92.9925	24.93481	0	0	1	0	0.007027222	0.0007938009	0.003428345	0.002363784	0.018341	0.018341	0.02469692	0.001869725	0.0331798	0.160938	0.568008	0.237874
1139	-72.59956	-90.95876	18.3592	0	1	1	0	0.007027222	0.002382498	0.0008807223	0.0008807223	0.02305143	0.02305143	0.02469692	0.008557775	0.0331798	0.160938	0.568008	0.237874
1140	-74.04982	-87.06919	13.01937	0	1	1	1	0.006262183	0.002413796	0.002032871	0.002032871	0.0480188	0.0480188	0.008876001	0.008876001	0.0294987	0.374935	0.504991	0.0905752
1141	-79.37074	-87.86818	8.497438	1	1	1	1	0.005004569	0.005004569	0.002032871	0.002032871	0.0480188	0.0480188	0.008876001	0.008876001	0.0142481	0.181097	0.760907	0.0437486
1142	-76.63999	-93.40062	16.76062	0	1	1	1	0.005004569	0.008260251	0.0007480162	0.0007480162	0.02331456	0.02331456	0.008876001	0.008876001	0.0142194	0.180732	0.759375	0.0456739
1143	-75.42878	-91.50262	16.07383	1	1	1	0	0.004909406	0.004909406	0.0007480162	0.0007480162	0.02314133	0.02314133	0.01886737	0.002465751	0.0138197	0.175651	0.766139	0.0443899
1144	-72.09269	-92.6314	20.53871	1	0	1	0	0.002912126	0.002912126	0.0004477498	0.004046022	0.02314133	0.02314133	0.02021494	0.003367484	0.0138197	0.175651	0.766139	0.0443899
1145	-72.85702	-92.87646	20.01944	0	0	1	1	0.002912126	0.007244908	0.0004477498	0.005535846	0.0314766	0.0314766	0.009482661	0.009482661	0.0464067	0.589839	0.214693	0.149062
1146	-69.34697	-93.15088	23.80391	0	1	0	0	0.004223203	0.002290294	5.58655e-05	5.58655e-05	0.0314766	0.005002931	0.01439311	0.007547598	0.040656	0.815232	0.0452686	0.098843
1147	-64.05807	-89.76202	25.70395	0	0	0	0	0.01013228	0.002290294	0.000316337	0.007268081	0.0314766	0.004855004	0.01439311	0.01292669	0.147069	0.278013	0.499548	0.0753697
1148	-70.62945	-88.93954	18.31009	0	0	1	1	0.006778406	0.002504583	0.0003930103	0.01133177	0.0314766	0.0314766	0.01439311	0.01439311	0.0831318	0.352359	0.282373	0.282137
1149	-70.98348	-86.21628	15.23279	0	0	1	0	0.006778406	0.000978021	0.00315785	0.004849684	0.04948077	0.04948077	0.01439311	0.03437914	0.0737897	0.312762	0.480306	0.133142
1150	-66.36055	-92.98213	26.62158	0	0	0	1	0.005261563	0.002570094	0.0001282234	0.003297215	0.02169771	0.001524408	0.01439311	0.01439311	0.0172637	0.00894669	0.351274	0.622516
1151	-74.25528	-88.42046	14.16518	1	0	1	1	0.005261563	0.005261563	0.0002003715	0.002601391	0.03460942	0.03460942	0.01837675	0.01837675	0.0172637	0.00894669	0.351274	0.622516
1152	-80.19344	-89.64963	9.45619	1	1	1	1	0.005261563	0.005261563	0.0002003715	0.0002003715	0.03460942	0.03460942	0.01837675	0.01837675	0.551477	0.00408329	0.160322	0.284118
1153	-79.98369	-89.79944	9.81575	1	1	1	1	0.003204857	0.003204857	0.0002003715	0.0002003715	0.03460942	0.03460942	0.01837675	0.01837675	0.265348	0.00830926	0.064018	0.662325
1154	-76.79777	-86.83152	10.03375	0	1	1	1	0.003204857	0.00322196	0.001486014	0.001486014	0.05839201	0.05839201	0.01837675	0.01837675	0.42557	0.0133265	0.0802953	0.480809
1155	-71.52632	-88.55976	17.03345	0	1	1	0	0.01124062	0.001954449	0.001486014	0.001486014	0.03589318	0.03589318	0.01837675	0.005228962	0.581744	0.0182171	0.109762	0.290277
1156	-77.56735	-90.27991	12.71256	1	0	1	1	0.007276604	0.007276604	0.0001606732	0.007651413	0.03589318	0.03589318	0.01837675	0.01837675	0.239671	0.595518	0.0452205	0.119591
1157	-75.7035	-90.43699	14.7335	1	0	1	1	0.00311165	0.00311165	0.0001893285	0.007001751	0.03589318	0.03589318	0.01160279	0.01160279	0.312972	0.473851	0.0570103	0.156166
1158	-72.41751	-89.54922	17.13171	0	0	1	1	0.00311165	0.005382931	0.0001160755	0.007950134	0.0454543	0.0454543	0.01160279	0.01160279	0.278766	0.517883	0.0326739	0.170677
1159	-66.72958	-89.88411	23.15452	0	0	1	0	0.00311165	0.00186107	0.002375471	0.003216861	0.04546333	0.04546333	0.01160279	0.001072956	0.257704	0.478756	0.0302053	0.233335
1160	-70.12454	-87.46693	17.34239	0	0	1	1	0.009519308	0.001729358	0.001422689	0.00253474	0.04546333	0.04546333	0.01174337	0.01174337	0.203123	0.582224	0.0242871	0.190366
1161	-65.10378	-88.66588	23.5621	0	0	1	0	0.007137664	0.002657768	0.001037311	0.0004026611	0.04546333	0.04546333	0.009461149	0.0002128674	0.203123	0.582224	0.0242871	0.190366
1162	-73.17518	-87.61889	14.44371	0	1	0	1	0.007890562	0.002657768	0.001239363	0.001239363	0.05366446	0.002661795	0.02087947	0.02087947	0.414319	0.359772	0.12495	0.100959
1163	-75.04007	-89.54685	14.50678	0	1	1	1	0.007890562	0.001314466	0.001239363	0.001239363	0.02777167	0.02777167	0.02087947	0.02087947	0.44372	0.201849	0.246308	0.108124
1164	-72.96686	-86.55113	13.58428	0	1	1	0	0.004638863	0.0007973697	0.0005691927	0.0005691927	0.05997211	0.05997211	0.02087947	0.007052443	0.53862	0.24502	0.0851117	0.131249
1165	-67.51169	-87.74313	20.23145	0	0	0	1	0.007726745	0.0004817281	0.0007139048	0.003330668	0.04662694	0.005664868	0.02087947	0.02087947	0.674503	0.0545528	0.106584	0.16436
1166	-73.12256	-86.71641	13.59385	0	1	1	1	0.007726745	0.0004817281	0.00205095	0.00205095	0.04662694	0.04662694	0.007431209	0.007431209	0.142098	0.0112541	0.800016	0.046632
1167	-69.01047	-88.08733	19.07686	0	1	0	1	0.007726745	0.0004817281	0.001859425	0.001859425	0.03941939	0.005573023	0.007431209	0.007431209	0.325886	0.000908867	0.566259	0.106945
1168	-74.1313	-86.90014	12.76884	0	1	1	1	0.01128858	0.001939468	0.001859425	0.001859425	0.03941939	0.03941939	0.01452982	0.01452982	0.106398	0.000580034	0.646794	0.246228
1169	-65.08396	-88.53951	23.45555	0	0	1	0	0.01097856	0.001069035	0.0001848357	0.0003190281	0.03941939	0.03941939	0.008800347	0.00621103	0.161851	0.00288945	0.13252	0.70274
1170	-68.34125	-88.63316	20.29191	0	0	1	0	0.0104042	0.003812674	9.860092e-05	0.0001520746	0.04070988	0.04070988	0.02425927	0.005641789	0.424201	0.00757307	0.102957	0.465269
1171	-75.50027	-89.59383	14.09356	1	0	1	1	0.003489502	0.003489502	0.0001816919	0.005159504	0.04598564	0.04598564	0.006642839	0.006642839	0.490985	0.00876534	0.119166	0.381084
1172	-71.76076	-88.72583	16.96506	0	1	1	0	0.004124231	0.006137853	0.0001816919	0.0001816919	0.04598564	0.04598564	0.0107095	0.00743223	0.0612652	0.0161652	0.219767	0.702802
1173	-83.14132	-89.72016	6.578843	1	1	1	1	0.01364862	0.01364862	0.000493348	0.000493348	0.04598564	0.04598564	0.01477913	0.01477913	0.0437285	0.011538	0.443104	0.50163
1174	-67.91073	-85.05109	17.14036	0	0	1	1	0.008982298	0.0008778391	0.000493348	0.002450162	0.04598564	0.04598564	0.01477913	0.01477913	0.0889047	0.0234581	0.717098	0.170539
1175	-67.87464	-86.69734	18.82269	0	1	0	0	0.007217512	0.003322894	0.001466704	0.001466704	0.04763978	0.001779046	0.0140137	0.01804286	0.0745519	0.181111	0.60133	0.143007
1176	-62.74096	-85.66882	22.92786	0	0	1	0	0.007217512	0.001242173	0.001296043	0.000703263	0.04763978	0.04763978	0.0105584	0.001343476	0.0905508	0.133791	0.730376	0.0452824
1177	-65.78568	-89.03876	23.25308	0	0	1	0	0.007217512	0.001242173	0.002745062	0.002429546	0.0292242	0.0292242	0.0105584	0.01472348	0.093376	0.137966	0.753164	0.0154944
1178	-65.35075	-87.23476	21.88401	0	0	1	0	0.007217512	0.001242173	0.0009173984	0.005346463	0.03958607	0.03958607	0.0105584	0.01110356	0.481659	0.0788785	0.430604	0.00885854
1179	-64.4777	-87.80686	23.32916	0	1	0	0	0.007217512	0.001633816	0.0009173984	0.0009173984	0.03958607	0.005024706	0.0105584	0.002767281	0.543205	0.0250435	0.358854	0.072897
1180	-64.83861	-88.73331	23.89471	0	0	1	0	0.01005285	0.001069371	0.0007498195	0.003584687	0.03958607	0.03958607	0.006583806	0.002843643	0.468646	0.0396785	0.428784	0.0628913
1181	-72.0681	-89.81171	17.7436	0	1	0	1	0.003286778	0.000512708	0.0007498195	0.0007498195	0.03958607	0.00266341	0.02331903	0.02331903	0.6467	0.0547536	0.215119	0.0834274
1182	-70.45445	-93.26611	22.81166	0	1	1	0	0.006155915	0.0006107996	0.0005476762	0.0005476762	0.01992515	0.01992515	0.00800258	0.005886103	0.705073	0.0203052	0.19788	0.0767419
1183	-66.0647	-91.80549	25.74078	0	1	0	0	0.006155915	0.001465559	0.003545095	0.003545095	0.02455021	0.0005944834	0.01313907	0.004460228	0.587042	0.0284314	0.277072	0.107454
1184	-74.12331	-95.49557	21.37226	1	1	0	0	0.001909245	0.001909245	0.003545095	0.003545095	0.02455021	0.002419873	0.0129377	0.003999517	0.364492	0.0211912	0.442649	0.171668
1185	-78.24459	-96.75986	18.51527	1	0	0	1	0.004867089	0.004867089	0.0003063115	0.01102421	0.01734457	0.01343103	0.0187306	0.0187306	0.618725	0.035972	0.053896	0.291407
1186	-75.32979	-93.57186	18.24207	0	1	1	1	0.004867089	0.0008686818	0.001210702	0.001210702	0.01734457	0.01734457	0.01343836	0.01343836	0.148247	0.0803601	0.120402	0.650991
1187	-72.45289	-94.14486	21.69197	0	1	0	1	0.005901881	0.00114004	0.001210702	0.001210702	0.01753444	0.01555567	0.006190158	0.006190158	0.159222	0.0863095	0.678541	0.0759271
1188	-66.35907	-90.80398	24.4449	0	0	0	1	0.005197122	0.00114004	0.001210702	0.009261504	0.0363171	0.002006459	0.006190158	0.006190158	0.100437	0.092344	0.725983	0.0812357
1189	-64.39589	-90.51135	26.11547	0	0	0	1	0.004759222	0.001545217	0.001210702	0.001738322	0.030628	0.002111227	0.009774654	0.009774654	0.271949	0.250035	0.258058	0.219958
1190	-73.4244	-88.45284	15.02845	0	1	1	0	0.006248587	0.001545217	0.001210702	0.001210702	0.03275134	0.03275134	0.009774654	0.03411821	0.0621899	0.189401	0.195479	0.55293
1191	-82.78134	-91.09628	8.314939	1	1	1	1	0.003151145	0.003151145	0.001210702	0.001210702	0.03275134	0.03275134	0.02786296	0.02786296	0.0583859	0.177816	0.244689	0.519109
1192	-67.94832	-90.81021	22.86189	0	0	1	0	0.003151145	0.003294524	0.001210702	0.005935621	0.03275134	0.03275134	0.0229435	0.001091178	0.0431961	0.131555	0.441193	0.384056
1193	-73.614	-88.41671	14.80271	0	1	1	1	0.006984841	0.004139918	0.001210702	0.001210702	0.03275134	0.03275134	0.012316	0.012316	0.0639336	0.194712	0.653001	0.0883535
1194	-79.93373	-87.06286	7.129134	1	1	1	1	0.006984841	0.006984841	0.0004048479	0.0004048479	0.05205335	0.05205335	0.012316	0.012316	0.13951	0.315243	0.152127	0.39312
1195	-69.98917	-88.64898	18.65982	0	1	1	0	0.004880027	0.002834111	0.0001723283	0.0001723283	0.03539198	0.03539198	0.01790075	0.003697821	0.0706815	0.159715	0.570432	0.199171
1196	-61.56999	-88.75894	27.18895	0	0	0	0	0.004880027	0.002834111	0.0004587826	0.0001629244	0.03539198	0.005362568	0.01790075	0.008172939	0.0706815	0.159715	0.570432	0.199171
1197	-70.37127	-87.66713	17.29587	0	1	1	0	0.008853068	0.001558235	0.002428517	0.002428517	0.03539198	0.03539198	0.01701657	0.007430522	0.277108	0.110498	0.4746	0.137795
1198	-64.70451	-87.87022	23.16571	0	0	1	0	0.008853068	0.002081795	0.002428517	0.002718354	0.03539198	0.03539198	0.01701657	0.000149877	0.282805	0.0922107	0.484357	0.140628
1199	-66.77579	-87.86404	21.08825	0	0	1	0	0.007115974	0.004223175	0.0002935572	0.009786092	0.04387156	0.04387156	0.01068008	0.004552928	0.338037	0.22873	0.265142	0.168092
1200	-71.15721	-88.08704	16.92983	1	0	1	0	0.007115974	0.007115974	0.001926459	0.0002109908	0.04387156	0.04387156	0.01092212	0.01072558	0.259094	0.175313	0.504805	0.0607877
1201	-69.75532	-87.65607	17.90075	0	1	0	1	0.007499802	0.002881993	0.0009681914	0.0009681914	0.041354	0.005592831	0.01092212	0.01092212	0.23853	0.168441	0.485017	0.108011
1202	-65.97816	-87.21033	21.23217	0	1	0	0	0.008166205	0.002881993	0.0007718458	0.0007718458	0.041354	0.006531765	0.01525322	0.00474109	0.223796	0.158036	0.516829	0.101339
1203	-70.17072	-87.28494	17.11422	0	1	0	1	0.008166205	0.002881993	0.0007718458	0.0007718458	0.041354	0.002141089	0.0184028	0.0184028	0.223796	0.158036	0.516829	0.101339
1204	-71.02665	-90.23464	19.20799	1	0	0	0	0.008613503	0.008613503	0.002317952	0.004348858	0.041354	0.01003324	0.0184028	0.006208246	0.223796	0.158036	0.516829	0.101339
1205	-75.09655	-88.80852	13.71197	1	0	0	1	0.005087278	0.005087278	0.002317952	0.00772111	0.05015367	0.009496252	0.0184028	0.0184028	0.221356	0.229044	0.511195	0.0384043
1206	-69.62654	-88.19257	18.56603	1	0	0	0	0.00416138	0.00416138	0.002317952	0.001591022	0.05684697	0.008893958	0.0184028	0.002736563	0.16823	0.414076	0.388507	0.0291871
1207	-74.22188	-86.90674	12.68486	0	1	1	0	0.008598119	0.007063009	0.002317952	0.002317952	0.05684697	0.05684697	0.02011858	0.004109566	0.160444	0.394912	0.416808	0.0278362
1208	-76.53867	-89.07389	12.53522	1	0	1	1	0.008598119	0.008598119	0.003101777	0.002175361	0.04560178	0.04560178	0.01089597	0.01089597	0.160444	0.394912	0.416808	0.0278362
1209	-77.63129	-89.26824	11.63695	1	1	1	0	0.007481796	0.007481796	0.003101777	0.003101777	0.04891598	0.04891598	0.008768938	0.007242656	0.119755	0.548361	0.311106	0.020777
1210	-69.80765	-86.80828	17.00063	0	0	1	1	0.007885274	0.0008403387	0.003101777	0.004855396	0.04891598	0.04891598	0.008768938	0.008768938	0.00638827	0.165365	0.802343	0.0259039
1211	-68.29259	-87.96047	19.66788	0	0	1	1	0.007012521	0.0001294015	0.003101777	0.001902228	0.03819595	0.03819595	0.008768938	0.008768938	0.0136243	0.352675	0.502054	0.131646
1212	-64.70295	-86.76324	22.06029	0	0	0	1	0.007012521	0.0001294015	0.003101777	0.002393839	0.0511625	0.002643624	0.008519578	0.008519578	0.0173082	0.177646	0.637804	0.167242
1213	-59.46921	-85.49692	26.02771	0	0	0	0	0.007012521	0.0001294015	0.001674967	0.002721632	0.05475146	0.004030425	0.01100486	0.0004811748	0.0152012	0.156021	0.560164	0.268614
1214	-73.06031	-86.56911	13.5088	0	1	1	1	0.009156377	0.0001294015	0.00175935	0.00175935	0.0453189	0.0453189	0.008440024	0.008440024	0.058489	0.215877	0.35397	0.371664
1215	-69.03985	-86.31701	17.27716	0	1	0	1	0.009156377	3.376722e-05	0.001726475	0.001726475	0.04778621	0.005643074	0.008440024	0.008440024	0.0290764	0.107318	0.678841	0.184764
1216	-69.09241	-86.3128	17.22039	0	1	0	1	0.009156377	2.92582e-05	0.001726475	0.001726475	0.04778621	0.005972282	0.008440024	0.008440024	0.0290764	0.107318	0.678841	0.184764
1217	-65.40294	-91.06595	25.66301	0	0	1	0	0.01236095	2.135905e-05	0.002259588	0.00039472	0.0296967	0.0296967	0.006673111	0.002948991	0.036333	0.233285	0.328746	0.401636
1218	-68.98433	-88.36459	19.38025	0	0	1	1	0.004332608	2.135905e-05	0.003448147	0.0003618902	0.0347831	0.0347831	0.01780897	0.01780897	0.038621	0.185004	0.349448	0.426927
1219	-65.12341	-89.42947	24.30606	0	0	0	0	0.003958189	2.378766e-05	0.003448147	0.0001836829	0.0347831	0.01388091	0.02121748	0.01415914	0.165115	0.168018	0.300158	0.366709
1220	-66.7116	-90.74115	24.02956	0	0	0	1	0.006685935	0.0001662086	0.004323171	0.0002682981	0.02926323	0.01457887	0.008413177	0.008413177	0.231503	0.39193	0.304726	0.0718414
1221	-69.32365	-89.08883	19.76518	0	0	1	1	0.006685935	0.000925456	0.004323171	0.0003948683	0.03546714	0.03546714	0.01075772	0.01075772	0.231503	0.39193	0.304726	0.0718414
1222	-76.77889	-90.45121	13.67232	0	1	1	1	0.008297565	0.004783326	0.00456293	0.00456293	0.03546714	0.03546714	0.01075772	0.01075772	0.32933	0.134975	0.433495	0.1022
1223	-70.38057	-89.94351	19.56294	0	0	1	1	0.008297565	0.003530046	0.00156982	0.003770785	0.03564592	0.03564592	0.006896948	0.006896948	0.310366	0.184788	0.408532	0.0963145
1224	-79.05607	-90.04562	10.98955	1	1	1	1	0.003692017	0.003692017	0.00156982	0.00156982	0.03564592	0.03564592	0.008769406	0.008769406	0.100918	0.219963	0.486298	0.192821
1225	-73.42989	-88.24812	14.81823	0	1	1	1	0.005861637	0.002254956	0.00156982	0.00156982	0.0318647	0.0318647	0.01576292	0.01576292	0.100918	0.219963	0.486298	0.192821
1226	-69.17221	-91.60983	22.43762	0	0	1	0	0.01054843	0.004673065	0.0051515	0.003828407	0.0318647	0.0318647	0.01576292	0.0009758391	0.14261	0.310838	0.286103	0.260449
1227	-65.7682	-89.67215	23.90395	0	0	1	0	0.004768349	0.001791217	0.0051515	0.000261871	0.03502312	0.03502312	0.01576292	0.001658387	0.110326	0.240471	0.417454	0.231748
1228	-71.59249	-93.5038	21.91131	0	1	0	1	0.004768349	0.001316212	0.00204673	0.00204673	0.01666887	0.007478971	0.0139991	0.0139991	0.102229	0.222822	0.46021	0.214739
1229	-67.5701	-92.35794	24.78783	0	0	0	1	0.008887758	0.001815723	0.005895477	0.002723264	0.02568599	0.0003541755	0.0139991	0.0139991	0.18903	0.201278	0.415715	0.193977
1230	-74.10369	-88.49707	14.39338	0	0	1	1	0.004578872	0.004905943	0.005895477	0.002536169	0.05736577	0.05736577	0.0139991	0.0139991	0.222552	0.0921974	0.489438	0.195813
1231	-78.70189	-88.70328	10.00139	1	0	1	1	0.00650638	0.00650638	0.005895477	0.003945219	0.05736577	0.05736577	0.01115384	0.01115384	0.227505	0.0763207	0.540955	0.155219
1232	-79.11303	-91.54739	12.43437	0	1	0	1	0.01478023	0.001260915	0.005895477	0.005895477	0.04790326	0.02154966	0.009097469	0.009097469	0.280183	0.113296	0.0355769	0.570944
1233	-75.99649	-91.24916	15.25267	0	0	1	1	0.01755053	0.001375938	0.005895477	0.002543441	0.04790326	0.04790326	0.009097469	0.009097469	0.197224	0.126353	0.0396771	0.636745
1234	-67.79222	-89.63305	21.84082	0	0	1	0	0.007409651	0.002975173	0.005895477	0.003348462	0.0417368	0.0417368	0.01401008	0.0008429326	0.0556193	0.148641	0.0466759	0.749063
1235	-67.38768	-94.50694	27.11926	0	0	0	1	0.003453088	0.002975173	0.001078976	0.003348462	0.021285	0.003841185	0.01004367	0.01004367	0.316908	0.0624189	0.277753	0.34292
1236	-76.27955	-87.66114	11.38159	1	1	1	0	0.006521372	0.006521372	0.001078976	0.001078976	0.04903101	0.04903101	0.01004367	0.01029683	0.381426	0.15673	0.334299	0.127544
1237	-64.84526	-86.34021	21.49495	0	0	1	0	0.007557337	0.002009225	0.001078976	0.006656195	0.04937681	0.04937681	0.01004367	0.001474782	0.263975	0.108469	0.539286	0.0882702
1238	-73.99253	-86.84489	12.85236	0	1	1	1	0.003804644	0.002272039	0.0005481913	0.0005481913	0.04937681	0.04937681	0.01255723	0.01255723	0.204267	0.0839344	0.417304	0.294495
1239	-71.00614	-88.52853	17.5224	0	1	0	1	0.004692625	0.0007050765	0.0005481913	0.0005481913	0.03197195	0.0195332	0.01393211	0.01393211	0.204267	0.0839344	0.417304	0.294495
1240	-68.63061	-89.09869	20.46809	0	1	1	0	0.00331681	3.724366e-05	0.0007951037	0.0007951037	0.03197195	0.03197195	0.01393211	0.004480391	0.204267	0.0839344	0.417304	0.294495
1241	-66.07428	-89.46256	23.38828	0	1	0	0	0.00331681	0.0001010038	0.0007951037	0.0007951037	0.03197195	0.01260224	0.01393211	0.004647817	0.204267	0.0839344	0.417304	0.294495
1242	-68.50199	-86.72385	18.22185	0	0	1	1	0.006065038	0.000495477	0.0007951037	0.008106343	0.04103058	0.04103058	0.01088966	0.01088966	0.204267	0.0839344	0.417304	0.294495
1243	-74.6345	-91.90209	17.26759	1	0	1	1	0.006065038	0.006065038	0.0002825816	0.001365217	0.024701	0.024701	0.01088966	0.01088966	0.204267	0.0839344	0.417304	0.294495
1244	-69.3525	-88.60458	19.25208	1	0	1	0	0.006065038	0.006065038	0.002055823	0.001183518	0.03780189	0.03780189	0.01088966	0.003493304	0.0834021	0.0342705	0.762085	0.120242
1245	-58.56909	-88.4099	29.84081	0	0	0	0	0.005958945	0.001703333	0.002055823	0.001092218	0.03305946	0.0004931107	0.01088966	0.004742726	0.0619643	0.0746784	0.788088	0.0752691
1246	-64.45119	-88.06705	23.61585	0	1	0	0	0.005669525	0.0004547431	0.002055823	0.002055823	0.03305946	0.005499959	0.01088966	0.008436125	0.0596496	0.109243	0.75865	0.0724575
1247	-67.18704	-87.34433	20.15729	0	0	0	1	0.005669525	0.0003291095	0.002055823	0.004450691	0.03887934	0.02357439	0.01088966	0.01088966	0.0466289	0.0853965	0.593046	0.274929
1248	-72.47972	-87.55016	15.07044	0	1	1	1	0.006792964	0.0003291095	0.0009278001	0.0009278001	0.03887934	0.03887934	0.008942172	0.008942172	0.0283059	0.478396	0.233682	0.259615
1249	-71.68085	-87.9546	16.27375	0	0	1	1	0.004376559	0.003589802	0.002178285	0.005507412	0.05393126	0.05393126	0.008942172	0.008942172	0.0632889	0.39543	0.238951	0.302331
1250	-75.49817	-85.98116	10.483	0	1	1	1	0.01054773	0.0004003447	0.00111182	0.00111182	0.05393126	0.05393126	0.0161207	0.0161207	0.112856	0.705123	0.0998382	0.0821831
1251	-68.25603	-86.80941	18.55338	0	0	0	1	0.01054773	0.0004003447	0.004679178	0.001338611	0.06309576	0.004142069	0.0108193	0.0108193	0.231171	0.419274	0.300688	0.0488669
1252	-72.74881	-88.57252	15.82371	1	0	1	0	0.006725265	0.006725265	0.004679178	0.0004945806	0.05813621	0.05813621	0.009733229	0.00133128	0.231171	0.419274	0.300688	0.0488669
1253	-77.92626	-87.09613	9.169874	0	1	1	1	0.006725265	0.001699082	0.004679178	0.004679178	0.05813621	0.05813621	0.01838326	0.01838326	0.231171	0.419274	0.300688	0.0488669
1254	-70.93121	-92.31939	21.38818	0	1	0	1	0.006725265	8.875715e-05	0.004679178	0.004679178	0.02436816	0.004262242	0.009146992	0.009146992	0.205569	0.330916	0.398716	0.0647983
1255	-78.45611	-94.26826	15.81215	1	1	1	0	0.006725265	0.006725265	0.004679178	0.004679178	0.02436816	0.02436816	0.008621116	0.007235032	0.265697	0.0495809	0.515338	0.169384
1256	-81.6583	-90.84994	9.191637	1	1	1	1	0.003386479	0.003386479	0.004679178	0.004679178	0.03663415	0.03663415	0.01526157	0.01526157	0.346718	0.0441103	0.458477	0.150695
1257	-79.41119	-90.29389	10.88271	1	1	1	1	0.005064703	0.005064703	0.000190873	0.000190873	0.03663415	0.03663415	0.008398615	0.008398615	0.302688	0.0385088	0.400255	0.258548
1258	-73.1312	-94.16614	21.03494	1	0	0	1	0.005064703	0.005064703	0.0002470916	0.003998649	0.02399939	0.009582724	0.008398615	0.008398615	0.382548	0.0486687	0.242022	0.326761
1259	-66.73597	-92.53239	25.79642	0	0	1	0	0.005064703	0.003100189	0.0009762891	0.005549495	0.02399939	0.02399939	0.0103885	0.004513725	0.156821	0.10296	0.0489447	0.691274
1260	-71.02869	-93.621	22.59231	0	0	1	1	0.009105215	3.0152e-05	0.001899815	0.002451715	0.0185075	0.0185075	0.0103885	0.0103885	0.156821	0.10296	0.0489447	0.691274
1261	-74.37683	-93.41115	19.03432	0	1	1	1	0.006063766	3.0152e-05	0.001264078	0.001264078	0.0185075	0.0185075	0.00733222	0.00733222	0.173169	0.217807	0.269511	0.339513
1262	-69.69874	-96.64201	26.94327	1	0	0	0	0.006063766	0.006063766	0.001264078	0.002916014	0.0185075	0.001174861	0.00733222	0.009773821	0.199707	0.148126	0.239855	0.412312
1263	-82.332	-96.00091	13.66891	1	1	1	1	0.006063766	0.006063766	0.000556548	0.000556548	0.0185075	0.0185075	0.009223259	0.009223259	0.217165	0.161075	0.0460814	0.575678
1264	-78.53917	-90.20997	11.6708	1	1	0	1	0.003324414	0.003324414	0.001374556	0.001374556	0.03634255	0.01469864	0.01957738	0.01957738	0.172842	0.1282	0.240775	0.458183
1265	-73.2446	-90.35956	17.11496	0	1	0	1	0.01279517	0.002222769	0.001374556	0.001374556	0.03028518	0.01509222	0.01194381	0.01194381	0.19555	0.145043	0.272407	0.387
1266	-72.59244	-92.79154	20.1991	0	1	0	0	0.01992237	0.001166304	0.00130954	0.00130954	0.02833936	0.01578388	0.01194381	0.007144085	0.10737	0.0796387	0.600501	0.21249
1267	-78.65109	-88.12603	9.474938	0	1	1	0	0.01992237	0.0005367075	0.004491212	0.004491212	0.07718027	0.07718027	0.01194381	0.003340791	0.252339	0.157999	0.168094	0.421568
1268	-72.63566	-86.25996	13.6243	0	0	1	0	0.01656436	0.0004792052	0.003988452	0.002957205	0.07718027	0.07718027	0.018977	0.003071156	0.252339	0.157999	0.168094	0.421568
1269	-80.52667	-87.90205	7.375382	0	0	1	1	0.02042232	0.002910448	0.002336095	0.007598631	0.07718027	0.07718027	0.018977	0.018977	0.202141	0.340032	0.193191	0.264635
1270	-81.54105	-93.37224	11.83119	0	0	1	1	0.02042232	0.009982532	0.0005860164	0.01044764	0.04314086	0.04314086	0.01935786	0.01935786	0.104898	0.628882	0.203337	0.0628829
1271	-81.6605	-93.99978	12.33928	0	1	1	0	0.02042232	0.008033042	0.001623686	0.001623686	0.04314086	0.04314086	0.01935786	0.008453158	0.158863	0.777395	0.0486861	0.0150564
1272	-73.33391	-86.75728	13.42337	0	1	1	1	0.004961507	0.001160293	0.001623686	0.001623686	0.04314086	0.04314086	0.01440638	0.01440638	0.211135	0.292127	0.404856	0.0918823
1273	-68.54212	-87.06626	18.52414	0	0	1	1	0.004961507	0.001394607	0.001623686	0.00165024	0.04314086	0.04314086	0.0128822	0.0128822	0.235737	0.326165	0.33551	0.102588
1274	-75.10136	-90.79791	15.69655	0	1	1	0	0.01741078	0.0003662921	0.005297192	0.005297192	0.04314086	0.04314086	0.01089533	0.004716649	0.143746	0.121777	0.562487	0.171991
1275	-79.83214	-91.03594	11.20381	0	1	1	1	0.01741078	9.52135e-05	0.005297192	0.005297192	0.04314086	0.04314086	0.01204472	0.01204472	0.075913	0.536205	0.297053	0.0908293
1276	-65.18321	-86.31551	21.1323	0	0	1	0	0.01034888	5.932022e-05	0.001250843	0.003890175	0.04314086	0.04314086	0.01589254	0.005688761	0.0338638	0.529401	0.24044	0.196296
1277	-75.79695	-90.61287	14.81592	0	1	0	1	0.01034888	1.04458e-05	0.007435551	0.007435551	0.04314086	0.01003609	0.01589254	0.01589254	0.204618	0.43741	0.19866	0.159312
1278	-78.31735	-88.41971	10.10236	1	0	1	1	0.003742562	0.003742562	0.002214959	0.007887617	0.05968056	0.05968056	0.01076341	0.01076341	0.418593	0.30318	0.154405	0.123822
1279	-73.70142	-91.95896	18.25754	1	0	1	0	0.003742562	0.003742562	0.0001709015	0.00874119	0.02700961	0.02700961	0.01059079	0.01692303	0.225332	0.403958	0.205729	0.164981
1280	-80.27389	-91.0458	10.77191	1	1	1	1	0.007916783	0.007916783	0.000124775	0.000124775	0.03255416	0.03255416	0.01032639	0.01032639	0.143114	0.256564	0.495538	0.104784
1281	-72.14273	-85.95281	13.81007	0	1	1	1	0.006161836	0.0003144962	0.0005146832	0.0005146832	0.04331686	0.04331686	0.01277287	0.01277287	0.248459	0.0709686	0.528842	0.15173
1282	-67.91982	-85.91257	17.99276	0	1	0	1	0.009607923	0.0001207797	0.0005146832	0.0005146832	0.04331686	0.001971456	0.01316095	0.01316095	0.0928485	0.0856631	0.638342	0.183147
1283	-68.05015	-85.87097	17.82081	0	1	1	0	0.009607923	0.0003140561	0.0005146832	0.0005146832	0.04331686	0.04331686	0.01340934	0.002513322	0.0935197	0.0862823	0.351419	0.468779
1284	-73.95668	-88.72222	14.76554	1	0	1	1	0.004295885	0.004295885	0.0002011201	0.001455661	0.04331686	0.04331686	0.008345899	0.008345899	0.137554	0.126909	0.311812	0.423726
1285	-79.31103	-87.3146	8.003565	1	1	1	1	0.006080229	0.006080229	0.0007908089	0.0007908089	0.04377779	0.04377779	0.0161084	0.0161084	0.169088	0.156003	0.154043	0.520866
1286	-73.96547	-87.25135	13.28588	0	1	1	1	0.0101247	0.0002038362	0.0007908089	0.0007908089	0.0388514	0.0388514	0.0161084	0.0161084	0.20102	0.517122	0.149597	0.132261
1287	-66.48786	-92.52427	26.03642	0	0	1	0	0.004526695	0.001998441	0.0009319653	0.001400993	0.02186	0.02186	0.02121407	0.000287351	0.218331	0.191774	0.155907	0.433989
1288	-76.12152	-91.4459	15.32438	1	1	1	0	0.004526695	0.004526695	0.0008397287	0.0008397287	0.02750579	0.02750579	0.02121407	0.0003325415	0.143131	0.210223	0.170905	0.47574
1289	-71.77183	-92.21995	20.44812	0	1	0	1	0.01236421	0.002591113	0.001704177	0.001704177	0.02750579	0.002840778	0.007641727	0.007641727	0.0986982	0.144963	0.428284	0.328055
1290	-70.00857	-87.6117	17.60313	0	0	1	1	0.01236421	0.00141675	0.0006158809	0.0008573721	0.04802542	0.04802542	0.007641727	0.007641727	0.132314	0.22336	0.24323	0.401096
1291	-71.51424	-86.32551	14.81127	0	0	1	1	0.01236421	0.001456427	0.0006158809	0.005497434	0.05028222	0.05028222	0.01667479	0.01667479	0.0899574	0.536118	0.149816	0.224108
1292	-75.69858	-86.74254	11.04396	0	1	1	1	0.006764847	0.001172153	0.003148318	0.003148318	0.05028222	0.05028222	0.01753556	0.01753556	0.122687	0.5408	0.0308668	0.305646
1293	-60.06582	-90.4323	30.36649	0	0	0	0	0.007756356	0.001172153	0.003148318	0.0003883339	0.0303438	0.005053257	0.008146724	0.0009794135	0.0682812	0.38104	0.335325	0.215354
1294	-69.67353	-91.66417	21.99065	0	0	1	0	0.007756356	0.003049163	0.003148318	0.01171343	0.0303438	0.0303438	0.01338851	0.00596202	0.43886	0.378111	0.125419	0.0576111
1295	-67.71256	-90.12514	22.41258	0	1	0	0	0.007756356	0.001491535	0.001096532	0.001096532	0.03093033	0.00838656	0.01338851	0.009898281	0.28295	0.522453	0.0808623	0.113735
1296	-76.26799	-89.15887	12.89088	1	0	1	1	0.004500569	0.004500569	0.001096532	0.0008909939	0.04203705	0.04203705	0.01981344	0.01981344	0.382823	0.449684	0.0695995	0.0978933
1297	-73.85387	-91.50412	17.65025	0	0	1	1	0.002955759	0.005587612	0.004595863	0.004948197	0.04203705	0.04203705	0.01052731	0.01052731	0.148347	0.199567	0.614152	0.0379343
1298	-74.21786	-91.23119	17.01334	0	1	0	1	0.008432609	0.005587612	0.004595863	0.004595863	0.04203705	0.003896387	0.009745483	0.009745483	0.258225	0.401964	0.27378	0.0660317
1299	-79.62062	-96.72742	17.10681	1	0	1	0	0.01350144	0.01350144	0.008566506	0.001871974	0.03469707	0.03469707	0.009745483	0.005377873	0.208348	0.324324	0.220899	0.246429
1300	-77.66246	-94.38031	16.71785	0	0	1	1	0.01350144	0.005489942	0.008566506	0.002962348	0.03958102	0.03958102	0.005883962	0.005883962	0.42506	0.235541	0.160429	0.17897
1301	-76.06384	-93.82114	17.7573	0	0	1	1	0.01350144	0.001905828	0.007460896	0.003468712	0.03940738	0.03940738	0.004295249	0.004295249	0.390696	0.0673829	0.256158	0.285763
1302	-65.26268	-87.17838	21.9157	0	0	1	0	0.01157747	0.0002831851	0.001915981	0.002507965	0.04632207	0.04632207	0.009031504	0.004152111	0.390696	0.0673829	0.256158	0.285763
1303	-69.67124	-92.06592	22.39467	0	1	0	0	0.006663949	0.004504051	0.004283236	0.004283236	0.04632207	0.001038404	0.00567523	0.004563587	0.451289	0.3681	0.0629873	0.117624
1304	-73.33459	-88.04054	14.70595	0	1	1	0	0.01259833	0.0005446775	0.0004466677	0.0004466677	0.03465961	0.03465961	0.01556074	0.02368339	0.332972	0.107796	0.404222	0.155011
1305	-65.52663	-84.98507	19.45844	0	0	1	0	0.01136649	0.0005446775	0.001129594	0.002008203	0.05480523	0.05480523	0.01278962	0.007202182	0.311714	0.05434	0.488832	0.145114
1306	-66.17729	-85.51771	19.34042	0	1	0	0	0.00955228	0.0001933157	0.001307909	0.001307909	0.05480523	0.01265763	0.009824917	0.0021798	0.319189	0.0316619	0.500554	0.148594
1307	-70.73561	-89.27379	18.53818	0	1	1	0	0.00955228	0.002145955	0.001485827	0.001485827	0.0309954	0.0309954	0.01828634	0.003106975	0.491953	0.233164	0.21196	0.0629224
1308	-70.82894	-88.73553	17.90659	0	1	1	0	0.008336989	0.000285585	0.0003057694	0.0003057694	0.0309954	0.0309954	0.01117757	0.01808423	0.324932	0.28601	0.339158	0.0498997
1309	-64.58613	-90.03401	25.44788	0	0	1	0	0.003630396	0.0001047595	0.002670847	0.003057116	0.0309954	0.0309954	0.01117757	0.003949877	0.132817	0.299542	0.450325	0.117317
1310	-69.23273	-95.5122	26.27947	0	0	1	0	0.004212918	0.0001047595	0.002670847	0.00420839	0.01385921	0.01385921	0.02322849	0.002544625	0.0697769	0.317676	0.550914	0.0616336
1311	-71.32821	-94.9731	23.64489	0	1	0	1	0.004212918	0.0004243127	0.002253874	0.002253874	0.01385921	0.002944014	0.01266772	0.01266772	0.216391	0.224934	0.534633	0.0240415
1312	-66.54963	-96.13846	29.58882	0	0	1	0	0.004212918	0.0005798529	0.002253874	0.001053369	0.01385921	0.01385921	0.009265261	0.0006750162	0.679515	0.0431832	0.27124	0.00606217
1313	-74.20417	-96.46972	22.26555	0	1	1	0	0.01051449	0.002214899	0.002253874	0.002253874	0.01385921	0.01385921	0.009265261	0.006144228	0.648996	0.0511991	0.292618	0.00718747
1314	-72.67035	-90.07354	17.40319	0	1	0	1	0.01221192	0.005571922	0.002253874	0.002253874	0.04038907	0.002372965	0.009265261	0.009265261	0.126336	0.127336	0.728452	0.0178758
1315	-71.15496	-88.02314	16.86818	0	1	0	1	0.01221192	0.003076235	0.002253874	0.002253874	0.04038907	0.0021144	0.01507983	0.01507983	0.0121234	0.143983	0.823681	0.0202127
1316	-65.81175	-91.0676	25.25585	0	0	1	0	0.01221192	0.003076235	0.002253874	0.0009623217	0.02796337	0.02796337	0.009895327	0.0003213405	0.0823583	0.256238	0.458405	0.202998
1317	-69.23409	-90.73923	21.50515	0	0	1	1	0.004225438	0.003076235	0.002253874	0.00118729	0.02796337	0.02796337	0.009895327	0.009895327	0.0478134	0.14876	0.685575	0.117851
1318	-75.05247	-90.27785	15.22538	1	0	1	1	0.006134193	0.006134193	0.0009185253	0.00118729	0.02796337	0.02796337	0.01878173	0.01878173	0.0361176	0.307924	0.517875	0.138083
1319	-80.33061	-90.59978	10.26917	1	1	1	1	0.006134193	0.006134193	0.0009185253	0.0009185253	0.02796337	0.02796337	0.01878173	0.01878173	0.302889	0.222701	0.374544	0.0998661
1320	-67.71486	-89.1225	21.40763	0	1	0	1	0.007105078	0.000279594	0.0009185253	0.0009185253	0.02796337	0.002593002	0.01029976	0.01029976	0.305383	0.14024	0.453689	0.100688
1321	-69.64466	-90.9113	21.26664	0	1	0	1	0.007105078	0.00206642	0.0008739949	0.0008739949	0.02796337	0.001657159	0.01029976	0.01029976	0.282964	0.319864	0.16752	0.229653
1322	-69.78947	-89.85368	20.06421	0	0	1	1	0.01069291	0.002348461	0.0008739949	0.0001275137	0.02796337	0.02796337	0.01483753	0.01483753	0.252711	0.285666	0.256524	0.205099
1323	-73.26178	-91.39134	18.12956	1	0	1	0	0.01069291	0.01069291	0.0008739949	0.007568965	0.0326269	0.0326269	0.01483753	0.001309823	0.205752	0.110102	0.380179	0.303967
1324	-75.30502	-88.99003	13.68501	0	1	1	1	0.01069291	0.003879397	0.00175935	0.00175935	0.0326269	0.0326269	0.01483753	0.01483753	0.205752	0.110102	0.380179	0.303967
1325	-66.65659	-90.70873	24.05215	0	0	1	0	0.00419839	0.003879397	0.002971069	0.0003604813	0.03009036	0.03009036	0.01677594	0.005294037	0.302	0.101235	0.295209	0.301556
1326	-70.55424	-90.4581	19.90386	0	0	1	1	0.009704326	0.003817876	0.002971069	0.0003883185	0.03009036	0.03009036	0.01078909	0.01078909	0.312774	0.104846	0.270066	0.312314
1327	-70.23315	-87.11572	16.88257	0	0	1	1	0.007969896	0.00180388	0.002971069	0.006491785	0.04395022	0.04395022	0.01185613	0.01185613	0.172442	0.0578049	0.597565	0.172188
1328	-67.25677	-89.49705	22.24028	0	0	0	1	0.007969896	0.006527798	0.0001035873	0.0002460619	0.04395022	0.002863809	0.01227232	0.01227232	0.145847	0.134334	0.574187	0.145632
1329	-63.85645	-86.40321	22.54676	0	0	1	0	0.007969896	0.0001577614	8.764843e-05	0.0003470633	0.04395022	0.04395022	0.01227232	0.007395677	0.145847	0.134334	0.574187	0.145632
1330	-69.18004	-86.57534	17.39531	0	0	1	1	0.01288167	0.0002148215	0.0007178101	0.002073264	0.04395022	0.04395022	0.01227232	0.01227232	0.300709	0.174799	0.418378	0.106114
1331	-65.12191	-92.08779	26.96588	0	1	0	0	0.00814439	0.0004581495	0.0007178101	0.0007178101	0.0212533	0.005667931	0.008818147	0.00184319	0.187917	0.0659308	0.26145	0.484702
1332	-69.30024	-91.73734	22.4371	0	1	1	0	0.005518831	0.0008430415	0.0007178101	0.0007178101	0.0212533	0.0212533	0.01058073	0.004356971	0.363878	0.118392	0.276589	0.241141
1333	-73.70135	-93.68384	19.98248	1	0	0	1	0.006190711	0.006190711	0.001130447	0.002343722	0.0212533	0.01581237	0.01058073	0.01058073	0.508899	0.128736	0.300755	0.0616094
1334	-69.06549	-91.9888	22.92332	0	0	1	1	0.006190711	0.001052609	0.001130447	0.00172701	0.0212533	0.0212533	0.009135427	0.009135427	0.511638	0.129429	0.302374	0.0565588
1335	-77.61671	-93.98646	16.36975	1	1	0	1	0.003648842	0.003648842	0.001130447	0.001130447	0.0212533	0.003394046	0.01901259	0.01901259	0.405372	0.102547	0.22684	0.265241
1336	-71.69595	-93.60865	21.9127	1	0	0	1	0.003573896	0.003573896	0.001130447	0.0009204744	0.0212533	0.0003795814	0.01901259	0.01901259	0.334197	0.0845416	0.362591	0.21867
1337	-74.55487	-89.70654	15.15167	0	1	1	1	0.003573896	0.003785789	0.001130447	0.001130447	0.03858371	0.03858371	0.008332887	0.008332887	0.0929227	0.170907	0.254789	0.481382
1338	-67.3194	-90.09943	22.78003	0	0	1	0	0.01229516	0.003785789	0.001130447	0.006343449	0.03858371	0.03858371	0.008332887	0.00037484	0.106852	0.196527	0.138148	0.558473
1339	-78.14465	-88.96124	10.81659	1	0	1	1	0.00687771	0.00687771	0.004577871	0.0003628998	0.06197972	0.06197972	0.006405456	0.006405456	0.289355	0.153231	0.508846	0.0485671
1340	-68.85916	-84.98185	16.1227	0	0	1	1	0.00687771	0.001426057	0.0003547607	0.0003628998	0.05705267	0.05705267	0.01331543	0.01331543	0.202305	0.0913255	0.313249	0.393121
1341	-66.91309	-89.87151	22.95842	0	1	0	0	0.009023691	0.001223604	0.0005622694	0.0005622694	0.03067963	0.0009959012	0.02562293	0.001717835	0.203057	0.0879451	0.314414	0.394584
1342	-73.33128	-87.69962	14.36834	0	0	1	1	0.01363676	0.002129094	0.0005622694	0.002946663	0.04452685	0.04452685	0.02562293	0.02562293	0.0807991	0.126916	0.425342	0.366942
1343	-73.67736	-88.34569	14.66834	1	0	1	1	0.004663584	0.004663584	0.0004641555	0.002787574	0.03785747	0.03785747	0.01239865	0.01239865	0.117963	0.185292	0.161024	0.53572
1344	-72.98229	-91.38875	18.40646	0	0	1	1	0.003841163	0.002566163	0.006845822	0.002817005	0.03785747	0.03785747	0.01239865	0.01239865	0.184165	0.289279	0.251392	0.275164
1345	-65.31371	-88.88398	23.57027	0	1	0	0	0.003610336	0.000245362	0.0004320347	0.0004320347	0.04326268	0.006667211	0.01093786	0.001170559	0.170454	0.34219	0.232676	0.254679
1346	-70.18328	-89.59168	19.40839	0	1	0	0	0.003236466	5.027025e-05	0.000223758	0.000223758	0.04326268	0.0005869438	0.01093786	0.03183429	0.17369	0.348686	0.237093	0.240532
1347	-79.62089	-88.14429	8.523399	1	1	1	1	0.003236466	0.003236466	0.001255946	0.001255946	0.0472375	0.0472375	0.01205383	0.01205383	0.17369	0.348686	0.237093	0.240532
1348	-75.24143	-87.91465	12.67322	1	0	1	1	0.007019945	0.007019945	0.001255946	0.00288862	0.0472375	0.0472375	0.01118161	0.01118161	0.472591	0.107151	0.141621	0.278637
1349	-75.22201	-89.92253	14.70052	1	1	1	0	0.007019945	0.007019945	0.001255946	0.001255946	0.03229381	0.03229381	0.01118161	0.006236039	0.367035	0.0832185	0.519202	0.0305439
1350	-63.286	-88.52569	25.2397	0	1	0	0	0.007019945	0.0006450138	0.001255946	0.001255946	0.03229381	0.0009330022	0.01118161	0.003447456	0.35837	0.0812537	0.343459	0.216917
1351	-69.67027	-91.53586	21.86559	0	1	1	0	0.007019945	0.0006046268	0.002448203	0.002448203	0.0231722	0.0231722	0.01118161	0.002113186	0.186283	0.522429	0.178533	0.112755
1352	-68.30289	-91.72917	23.42628	0	1	0	0	0.007019945	0.001334614	0.0004105426	0.0004105426	0.0231722	0.0002875216	0.01215816	0.02276666	0.472849	0.27698	0.165997	0.0841739
1353	-67.23071	-87.7977	20.567	0	1	1	0	0.007019945	0.0002601292	0.001318854	0.001318854	0.03073357	0.03073357	0.01253515	0.002100177	0.259057	0.151747	0.54308	0.0461158
1354	-70.77437	-90.56283	19.78847	1	0	1	0	0.007285263	0.007285263	0.0005708187	0.0009549805	0.02899472	0.02899472	0.01253515	0.008080139	0.237727	0.139253	0.498365	0.124655
1355	-65.50393	-88.58171	23.07778	0	0	0	0	0.006188348	0.00178952	0.0005568682	0.008451351	0.03207284	0.03337265	0.01253515	0.003713527	0.349816	0.118776	0.425082	0.106325
1356	-69.56767	-93.19769	23.63001	0	0	0	0	0.006188348	0.000406573	0.004313816	0.01228523	0.02535849	0.03104013	0.0125488	0.003380049	0.491858	0.327692	0.0320015	0.148448
1357	-65.30931	-88.39912	23.08981	0	0	0	1	0.008560937	0.00124121	0.0003728504	0.0008229805	0.03287605	0.01265145	0.0125488	0.0125488	0.0153154	0.406403	0.394177	0.184105
1358	-64.08222	-87.82821	23.74599	0	1	0	0	0.005689015	0.00124121	0.002267351	0.002267351	0.04184268	0.003390366	0.01008499	0.0008052857	0.0201008	0.206481	0.517342	0.256076
1359	-77.88454	-91.52855	13.64401	1	1	0	1	0.007092077	0.007092077	0.002267351	0.002267351	0.04184268	0.004866466	0.007962045	0.007962045	0.0333748	0.342834	0.198609	0.425181
1360	-68.85197	-88.1823	19.33033	0	1	0	0	0.005558287	0.0009482882	0.002267351	0.002267351	0.04184268	0.007137989	0.02480974	0.008014456	0.0631077	0.220708	0.375546	0.340638
1361	-66.31479	-87.81798	21.50319	0	0	1	0	0.004854088	0.0009482882	0.002267351	0.0001616017	0.04184268	0.04184268	0.02480974	0.003266115	0.0331885	0.451767	0.362164	0.152881
1362	-73.20196	-87.64729	14.44533	0	1	1	1	0.004854088	0.0004498448	0.002267351	0.002267351	0.03680948	0.03680948	0.01506627	0.01506627	0.017346	0.319071	0.189286	0.474298
1363	-64.17075	-89.68996	25.51921	0	0	1	0	0.004854088	0.001826557	0.0001828363	0.001431321	0.03397651	0.03397651	0.009906736	0.002999901	0.177749	0.289668	0.101992	0.430591
1364	-74.74633	-92.49854	17.75221	0	1	1	1	0.004854088	8.842514e-05	2.572743e-05	2.572743e-05	0.02565647	0.02565647	0.009906736	0.009906736	0.193551	0.226517	0.111059	0.468873
1365	-70.46889	-89.54784	19.07895	0	0	1	1	0.004854088	0.0008010555	2.451876e-05	0.01224089	0.03053317	0.03053317	0.0140258	0.0140258	0.105137	0.522364	0.0550232	0.317476
1366	-68.4549	-88.55657	20.10168	0	0	1	0	0.007896055	0.0004095997	0.0001321986	0.007810748	0.03053317	0.03053317	0.02105105	0.01833381	0.307287	0.15891	0.213296	0.320507
1367	-73.89888	-90.02667	16.12779	1	0	1	0	0.006251599	0.006251599	0.0008609758	0.004134503	0.03053317	0.03053317	0.0156901	0.02189004	0.134232	0.330925	0.232536	0.302307
1368	-66.90673	-88.9389	22.03217	0	0	1	0	0.006251599	0.005633596	0.0009226194	0.002530459	0.04925569	0.04925569	0.006610006	0.003920097	0.17325	0.316011	0.222057	0.288682
1369	-70.73897	-87.96259	17.22362	0	0	1	1	0.005760845	0.001014528	0.00467491	0.002967495	0.04925569	0.04925569	0.009418714	0.009418714	0.294152	0.161599	0.377018	0.167231
1370	-74.75118	-86.62001	11.86883	1	0	1	0	0.007329223	0.007329223	0.0008529931	0.005268642	0.07985062	0.07985062	0.009418714	0.001001717	0.333097	0.242028	0.294324	0.130551
1371	-75.80902	-87.39107	11.58205	1	0	1	0	0.004248098	0.004248098	0.0001362153	0.009743054	0.07985062	0.07985062	0.008526932	0.00285743	0.266991	0.193995	0.0610916	0.477923
1372	-81.43376	-87.92136	6.487602	1	0	1	1	0.004248098	0.004248098	0.001286908	0.01105323	0.07985062	0.07985062	0.008526932	0.008526932	0.365345	0.265459	0.0835965	0.2856
1373	-74.25312	-92.35734	18.10422	1	1	0	0	0.004248098	0.004248098	8.963395e-05	8.963395e-05	0.03622383	0.003688786	0.0187277	0.005077017	0.305975	0.290292	0.0914167	0.312317
1374	-74.86929	-86.65224	11.78295	0	0	1	1	0.004248098	0.007796973	8.963395e-05	0.00646759	0.06989301	0.06989301	0.01571788	0.01571788	0.305975	0.290292	0.0914167	0.312317
1375	-80.46357	-85.69365	5.230076	1	1	1	0	0.004939231	0.004939231	0.000185336	0.000185336	0.07429685	0.07429685	0.01647	0.0162675	0.212032	0.201164	0.00379919	0.583004
1376	-77.96916	-86.68773	8.718566	1	1	1	0	0.004939231	0.004939231	0.002402966	0.002402966	0.05571254	0.05571254	0.01647	0.01267977	0.217805	0.179413	0.00390264	0.598879
1377	-72.98052	-88.49638	15.51586	0	0	1	1	0.004939231	0.0004011441	0.005507134	0.008255016	0.04728813	0.04728813	0.01647	0.01647	0.125444	0.200599	0.00436346	0.669594
1378	-69.61279	-86.69656	17.08377	0	0	1	1	0.004939231	0.001001304	0.002661985	0.001531447	0.04728813	0.04728813	0.01647	0.01647	0.348337	0.149273	0.00411983	0.49827
1379	-70.96738	-88.66801	17.70063	0	0	1	1	0.01195346	0.001001304	0.001378467	0.002465834	0.04728813	0.04728813	0.006276443	0.006276443	0.348337	0.149273	0.00411983	0.49827
1380	-77.32625	-90.93792	13.61167	0	1	1	1	0.01148738	0.0007622292	0.00438021	0.00438021	0.04156297	0.04156297	0.00602284	0.00602284	0.46088	0.197501	0.0054509	0.336169
1381	-68.58059	-87.22758	18.64699	0	0	1	1	0.007660504	0.0006942991	0.002141447	0.002015267	0.04156297	0.04156297	0.01087589	0.01087589	0.317537	0.19141	0.0299951	0.461058
1382	-71.2701	-88.05486	16.78475	0	0	1	1	0.006725632	0.0006942991	0.00187914	0.01235293	0.04307462	0.04307462	0.01087589	0.01087589	0.251095	0.360601	0.0237189	0.364585
1383	-70.72941	-88.42926	17.69984	0	1	1	0	0.01016278	0.003419374	0.002200461	0.002200461	0.03650119	0.03650119	0.01087589	0.007208451	0.175671	0.134121	0.554605	0.135602
1384	-72.12754	-84.32349	12.19595	0	0	1	1	0.01016278	0.0009394699	0.001776129	0.0001200971	0.06642741	0.06642741	0.0224249	0.0224249	0.115575	0.0882389	0.706972	0.0892137
1385	-72.58721	-85.77837	13.19117	0	0	1	1	0.005528852	0.00383262	0.0001440047	0.00719522	0.05703249	0.05703249	0.0224249	0.0224249	0.0839515	0.0845312	0.677266	0.154252
1386	-77.21599	-86.205	8.989017	0	1	1	1	0.005528852	0.00425137	0.001419907	0.001419907	0.05703249	0.05703249	0.0224249	0.0224249	0.125079	0.266767	0.121361	0.486793
1387	-76.15245	-89.89311	13.74066	0	1	1	1	0.01143503	0.00425137	0.000705723	0.000705723	0.03064316	0.03064316	0.01644249	0.01644249	0.0498151	0.106245	0.102995	0.740945
1388	-78.18689	-87.87046	9.683567	0	1	1	1	0.01298749	0.006146446	0.002617408	0.002617408	0.0484908	0.0484908	0.01644249	0.01644249	0.0498128	0.106286	0.10299	0.740911
1389	-64.47386	-85.44594	20.97208	0	0	1	0	0.01102684	0.0004581348	0.0006964462	0.003444259	0.04419863	0.04419863	0.01644249	0.004921051	0.0190703	0.0398173	0.657463	0.28365
1390	-70.87655	-87.87491	16.99836	0	1	1	0	0.01102684	0.002294083	0.003243493	0.003243493	0.04419863	0.04419863	0.009210968	0.004406665	0.0190703	0.0398173	0.657463	0.28365
1391	-65.57128	-87.07872	21.50744	0	0	0	1	0.01102684	0.0007968886	5.189233e-05	0.0003462488	0.04419863	0.003191276	0.01851377	0.01851377	0.0190703	0.0398173	0.657463	0.28365
1392	-63.65132	-87.36585	23.71453	0	0	1	0	0.01102684	0.00015784	5.189233e-05	0.0003462488	0.04267941	0.04267941	0.009947954	0.001290699	0.0172565	0.0360301	0.690042	0.256671
1393	-68.01534	-86.09977	18.08443	0	1	0	1	0.006898853	0.00015784	0.0002931923	0.0002931923	0.04267941	0.001680044	0.01645895	0.01645895	0.0751544	0.0342394	0.655747	0.234859
1394	-70.74154	-88.00295	17.26141	0	0	1	1	0.003603676	0.00015784	0.001517175	0.004052087	0.03964933	0.03964933	0.02389592	0.02389592	0.097917	0.0497312	0.627581	0.224771
1395	-72.40387	-87.25845	14.85458	0	1	1	1	0.006905705	0.00042527	0.001808426	0.001808426	0.03223732	0.03223732	0.0157294	0.0157294	0.158413	0.0804565	0.706715	0.0544159
1396	-64.54806	-90.2387	25.69064	0	0	0	1	0.006905705	0.0007205604	0.001808426	0.003616445	0.02283237	0.002584478	0.0157294	0.0157294	0.140962	0.0715933	0.628862	0.158583
1397	-72.24646	-88.37387	16.1274	0	1	0	1	0.01362274	0.00109237	0.0009958702	0.0009958702	0.03630936	0.01161286	0.0157294	0.0157294	0.223286	0.113405	0.404745	0.258564
1398	-72.79637	-86.64599	13.84962	0	1	1	1	0.009549134	0.0002707992	0.0009958702	0.0009958702	0.03630936	0.03630936	0.0157294	0.0157294	0.109659	0.27038	0.484058	0.135903
1399	-73.01999	-86.91665	13.89666	0	1	1	1	0.009549134	0.0005354115	0.0004621816	0.0004621816	0.03630936	0.03630936	0.0157294	0.0157294	0.112129	0.27647	0.472437	0.138964
1400	-72.2023	-91.73774	19.53544	0	1	0	1	0.009549134	0.003069358	0.0004621816	0.0004621816	0.0214484	0.01073271	0.0146066	0.0146066	0.136376	0.26892	0.459535	0.135169
1401	-67.76707	-87.12429	19.35722	0	1	0	0	0.009549134	0.003074515	0.0004621816	0.0004621816	0.04561473	0.01201787	0.01809026	0.001616256	0.136376	0.26892	0.459535	0.135169
1402	-64.06383	-88.75888	24.69505	0	0	1	0	0.009549134	0.003074515	0.0006596692	0.0007122878	0.0341264	0.0341264	0.01006223	0.001707956	0.24043	0.193092	0.469422	0.0970553
1403	-71.57435	-90.63909	19.06474	0	1	1	0	0.007646124	0.003074515	0.003451599	0.003451599	0.03032945	0.03032945	0.01006223	0.007996935	0.303131	0.243448	0.331056	0.122366
1404	-72.23649	-92.35862	20.12213	0	1	0	1	0.004956766	0.003200938	0.004347603	0.004347603	0.0300687	0.003876251	0.01006223	0.01006223	0.279052	0.22411	0.326193	0.170645
1405	-75.18299	-91.65268	16.46969	1	1	0	1	0.004956766	0.004956766	0.001837059	0.001837059	0.0300687	0.0009427794	0.01006223	0.01006223	0.329988	0.265018	0.385735	0.0192591
1406	-80.56935	-89.65031	9.080958	1	1	1	1	0.004956766	0.004956766	0.003534065	0.003534065	0.0420414	0.0420414	0.01006223	0.01006223	0.329988	0.265018	0.385735	0.0192591
1407	-71.26729	-91.22266	19.95537	1	0	1	0	0.00472716	0.00472716	0.002704138	0.0001353032	0.03841961	0.03841961	0.006627193	0.004852961	0.395074	0.317289	0.264579	0.0230577
1408	-77.64193	-90.96259	13.32067	1	0	1	1	0.003886201	0.003886201	0.002704138	0.0114086	0.03841961	0.03841961	0.009461644	0.009461644	0.41184	0.104274	0.45985	0.0240362
1409	-76.32349	-92.72938	16.4059	1	0	1	1	0.003886201	0.003886201	0.002704138	0.004382103	0.02202755	0.02202755	0.01523246	0.01523246	0.0773271	0.156432	0.763534	0.00270697
1410	-77.45063	-92.67317	15.22254	1	0	1	1	0.008259055	0.008259055	0.0006497881	0.00385061	0.02202755	0.02202755	0.02021432	0.02021432	0.085705	0.155011	0.756601	0.00268239
1411	-81.36047	-89.65272	8.292245	1	1	1	1	0.008259055	0.008259055	0.0003081209	0.0003081209	0.03632446	0.03632446	0.02021432	0.02021432	0.435083	0.103188	0.312363	0.149366
1412	-68.62449	-88.96467	20.34018	0	0	0	1	0.008259055	0.0002104883	0.0002704352	0.01415554	0.03632446	0.005368069	0.02021432	0.02021432	0.330207	0.0704556	0.405456	0.193881
1413	-76.60851	-90.54495	13.93645	0	1	1	1	0.01629492	0.001017141	0.0009043715	0.0009043715	0.03632446	0.03632446	0.00781697	0.00781697	0.386799	0.065604	0.367067	0.180531
1414	-64.46248	-91.98245	27.51997	0	0	0	0	0.01629492	0.001017141	0.0009043715	0.002105175	0.03632446	0.005959923	0.006451412	0.004213197	0.150392	0.355641	0.331117	0.16285
1415	-65.59099	-89.99082	24.39982	0	1	0	0	0.005271651	0.0006456918	0.003968264	0.003968264	0.03632446	0.001578907	0.009699245	0.004092725	0.150392	0.355641	0.331117	0.16285
1416	-64.72817	-88.97469	24.24652	0	1	0	0	0.005271651	0.0007132809	0.003968264	0.003968264	0.03632446	0.001585532	0.01237205	0.002222621	0.0792736	0.233788	0.601098	0.0858406
1417	-67.59324	-89.99577	22.40253	0	0	0	0	0.009808286	0.001347762	0.002394119	0.01852866	0.03632446	0.01763144	0.01237205	0.004135965	0.16909	0.210982	0.542461	0.0774669
1418	-74.58044	-88.98366	14.40322	0	1	1	1	0.01164522	0.001101961	0.002394119	0.002394119	0.03632446	0.03632446	0.008222153	0.008222153	0.16909	0.210982	0.542461	0.0774669
1419	-64.93339	-87.21222	22.27883	0	0	0	1	0.01164522	0.0001629281	0.000730468	0.005218485	0.03818412	0.003014265	0.0147577	0.0147577	0.0215894	0.112017	0.758128	0.108266
1420	-68.27017	-86.45135	18.18119	0	0	1	1	0.01088978	0.0001629281	0.0005967307	0.004033752	0.03818412	0.03818412	0.01374751	0.01374751	0.117104	0.182308	0.600729	0.0998599
1421	-68.61958	-87.49341	18.87383	0	1	0	1	0.003795485	0.0003552039	0.0003391868	0.0003391868	0.04393159	0.001483872	0.01374751	0.01374751	0.119739	0.186409	0.614245	0.0796069
1422	-70.0748	-87.40684	17.33203	0	1	1	0	0.009174457	0.0003552039	0.0003391868	0.0003391868	0.04393159	0.04393159	0.01307754	0.005594052	0.408111	0.398748	0.0735537	0.119588
1423	-70.04637	-93.60157	23.5552	0	1	0	0	0.009174457	0.002572878	0.003517608	0.003517608	0.02325766	0.01216693	0.01344664	0.002276082	0.408111	0.398748	0.0735537	0.119588
1424	-70.21165	-91.03028	20.81862	0	0	1	1	0.009174457	0.001964415	0.0006163281	0.004843992	0.02325766	0.02325766	0.01267165	0.01267165	0.289767	0.283119	0.286566	0.140548
1425	-71.36443	-86.24325	14.87882	0	0	1	1	0.01123655	0.001964415	0.001259464	0.00733409	0.05203841	0.05203841	0.01267165	0.01267165	0.459247	0.0757042	0.400344	0.0647052
1426	-71.19946	-88.02013	16.82067	0	0	1	1	0.00429927	0.006845542	0.001259464	0.000995111	0.04932601	0.04932601	0.01267165	0.01267165	0.459247	0.0757042	0.400344	0.0647052
1427	-76.5712	-88.34744	11.77625	1	0	1	1	0.007090916	0.007090916	0.004061303	0.001564499	0.04932601	0.04932601	0.01267165	0.01267165	0.459247	0.0757042	0.400344	0.0647052
1428	-71.39369	-87.59184	16.19815	0	1	1	0	0.009868543	0.002340481	0.003086742	0.003086742	0.04029085	0.04029085	0.01267165	0.01069969	0.23752	0.0386957	0.567907	0.155878
1429	-68.73911	-88.36353	19.62441	0	0	1	1	0.003814624	0.001414809	0.003086742	0.0001130434	0.04029085	0.04029085	0.0106394	0.0106394	0.151422	0.0422792	0.620498	0.185801
1430	-68.37814	-86.86103	18.48288	0	1	0	1	0.008021226	0.0008726088	0.00189206	0.00189206	0.04029085	0.004172953	0.0106394	0.0106394	0.0203782	0.0488082	0.71632	0.214494
1431	-72.25361	-86.64312	14.38951	0	1	1	1	0.008021226	0.0004908936	0.0003239679	0.0003239679	0.04029085	0.04029085	0.0106394	0.0106394	0.0172382	0.195371	0.605947	0.181444
1432	-65.25647	-89.15777	23.9013	0	0	1	0	0.008021226	0.001703224	0.004882169	0.00239597	0.03614775	0.03614775	0.0106394	0.0006427691	0.0205396	0.194714	0.603911	0.180835
1433	-65.94669	-89.65778	23.71109	0	0	0	0	0.008021226	0.001854075	0.004882169	0.003934934	0.03614775	0.001503916	0.01306047	0.02565311	0.215157	0.141772	0.439709	0.203363
1434	-66.31073	-89.24997	22.93924	0	0	1	0	0.01000758	0.001080936	0.004882169	0.00273843	0.03614775	0.03614775	0.01153164	0.003547045	0.215157	0.141772	0.439709	0.203363
1435	-67.68647	-90.13683	22.45036	0	1	0	0	0.005056985	0.0008976318	0.004882169	0.004882169	0.03614775	0.002691767	0.01153164	0.01152406	0.213963	0.140985	0.442818	0.202234
1436	-72.12533	-92.24826	20.12293	0	0	1	0	0.008662257	0.01296728	0.004882169	0.002404636	0.03614775	0.03614775	0.01397927	0.00700167	0.213963	0.140985	0.442818	0.202234
1437	-79.32025	-95.17328	15.85303	0	1	1	0	0.008426986	0.01463057	0.003410861	0.003410861	0.0244506	0.0244506	0.01397927	0.01603373	0.193719	0.127646	0.495534	0.1831
1438	-68.87523	-90.10641	21.23118	0	1	1	0	0.008426986	0.002075042	0.0009693015	0.0009693015	0.0244506	0.0244506	0.01397927	0.0002674567	0.35205	0.183346	0.409034	0.0555701
1439	-64.55586	-90.87248	26.31662	0	1	0	0	0.008426986	0.00273657	0.000613675	0.000613675	0.0244506	0.0002962131	0.01397927	0.0001134259	0.347253	0.180847	0.40346	0.0684396
1440	-64.19182	-85.43624	21.24442	0	0	1	0	0.008426986	0.001542626	0.0003456914	0.003109712	0.04911997	0.04911997	0.01696758	0.0001174928	0.248398	0.208236	0.464562	0.0788043
1441	-66.71131	-89.65618	22.94487	0	0	1	0	0.008426986	0.00528045	6.41788e-05	0.003784009	0.03143014	0.03143014	0.0208001	0.0001174928	0.0409705	0.447297	0.444987	0.0667453
1442	-66.07283	-89.31543	23.2426	0	0	1	0	0.006955361	0.004117848	0.0001787649	0.003784009	0.03141839	0.03141839	0.0208001	0.0009458475	0.0383875	0.419097	0.383025	0.159491
1443	-73.35222	-90.89993	17.54771	0	0	1	1	0.006673025	0.005827169	0.0003480919	0.01589169	0.0310352	0.0310352	0.01146314	0.01146314	0.300423	0.269671	0.398306	0.0315998
1444	-67.76661	-90.05902	22.29242	0	0	1	0	0.006673025	0.003181205	0.002096081	0.01522757	0.03227156	0.03227156	0.01146314	0.002722869	0.132074	0.0503438	0.759444	0.0581376
1445	-67.49733	-90.18674	22.68941	0	0	1	0	0.005406936	0.003415705	0.0006760008	0.01522757	0.0330487	0.0330487	0.01146314	0.002126549	0.537232	0.0173728	0.413723	0.0316717
1446	-67.90393	-89.53663	21.63271	0	0	1	0	0.01254781	0.00272049	0.0006760008	0.007077737	0.0330487	0.0330487	0.01146314	0.009875136	0.537232	0.0173728	0.413723	0.0316717
1447	-66.84964	-89.9982	23.14855	0	0	0	1	0.004725948	0.00272049	0.0006760008	0.007931837	0.0330487	0.008172173	0.01146314	0.01146314	0.072512	0.132974	0.552094	0.24242
1448	-63.94682	-87.72966	23.78283	0	0	1	0	0.009596431	0.001236355	0.001169346	0.002053168	0.0330487	0.0330487	0.01146314	0.00654302	0.0539138	0.120831	0.592999	0.232257
1449	-63.89879	-93.15245	29.25366	0	0	0	0	0.008543168	0.001236355	0.005908291	0.002049832	0.0330487	0.003352179	0.004422439	0.004792842	0.0575627	0.0613287	0.633133	0.247976
1450	-79.80067	-92.90527	13.1046	1	1	1	0	0.007670979	0.007670979	0.005908291	0.005908291	0.03981394	0.03981394	0.005610172	0.008112721	0.0485455	0.208371	0.533953	0.209131
1451	-79.32956	-92.12701	12.79744	0	1	1	1	0.009573089	0.00278444	0.006759105	0.006759105	0.03002048	0.03002048	0.01973596	0.01973596	0.0485455	0.208371	0.533953	0.209131
1452	-71.79541	-89.96033	18.16492	0	1	0	1	0.009573089	0.00278444	0.002743295	0.002743295	0.03002048	0.002850612	0.01973596	0.01973596	0.0485455	0.208371	0.533953	0.209131
1453	-76.97059	-91.53029	14.5597	1	0	1	1	0.009573089	0.009573089	0.002743295	0.002558965	0.03002048	0.03002048	0.013897	0.013897	0.0485455	0.208371	0.533953	0.209131
1454	-80.71778	-87.76935	7.051565	1	1	1	1	0.009573089	0.009573089	0.001550809	0.001550809	0.05180389	0.05180389	0.009274945	0.009274945	0.0599331	0.0226745	0.659205	0.258188
1455	-70.45418	-86.86642	16.41225	0	0	0	1	0.009573089	0.004624347	0.001550809	0.002408036	0.05180389	0.01983543	0.01747482	0.01747482	0.0921825	0.133961	0.37674	0.397116
1456	-71.89467	-94.89069	22.99602	0	0	0	1	0.009573089	0.004624347	0.001550809	0.003355901	0.02490285	0.02026097	0.005342801	0.005342801	0.128355	0.186528	0.132175	0.552943
1457	-80.31697	-89.00395	8.686979	1	1	1	1	0.006095632	0.006095632	0.000680236	0.000680236	0.04949334	0.04949334	0.006578848	0.006578848	0.29983	0.149833	0.106172	0.444165
1458	-66.53947	-86.43298	19.89351	0	0	1	0	0.006095632	0.0007326336	0.001147911	0.002560612	0.04949334	0.04949334	0.02375089	0.003576346	0.408152	0.203964	0.14453	0.243355
1459	-71.31339	-86.06519	14.75181	0	1	1	0	0.006716848	0.0007326336	0.0005596479	0.0005596479	0.04949334	0.04949334	0.01722484	0.01250379	0.426384	0.271766	0.0476246	0.254225
1460	-66.98068	-85.38678	18.4061	0	0	1	0	0.006716848	0.0006046561	0.0005596479	0.01178871	0.04949334	0.04949334	0.01433932	0.01236293	0.123962	0.0790105	0.723116	0.0739108
1461	-69.45833	-87.52086	18.06252	0	1	0	0	0.01071673	0.0009784311	0.001079867	0.001079867	0.06097939	0.01015188	0.005298099	0.008626323	0.182513	0.0737297	0.674786	0.0689709
1462	-74.18876	-86.95121	12.76244	0	1	1	0	0.01071673	0.0004238367	0.001079867	0.001079867	0.06097939	0.06097939	0.006853787	0.01855678	0.256489	0.504058	0.142528	0.0969257
1463	-72.51079	-88.90392	16.39314	0	1	0	1	0.01071673	0.003463595	0.001123191	0.001123191	0.04086538	0.006582731	0.01509097	0.01509097	0.199419	0.391902	0.155103	0.253576
1464	-77.05433	-85.67714	8.622807	0	1	1	1	0.01071673	0.005359656	0.001123191	0.001123191	0.06046172	0.06046172	0.01509097	0.01509097	0.149923	0.294633	0.116607	0.438837
1465	-69.69318	-85.6979	16.00472	0	1	1	0	0.009312845	0.002239332	0.001123191	0.001123191	0.05484833	0.05484833	0.0104663	0.00207436	0.206431	0.0287725	0.160557	0.604239
1466	-69.63196	-86.69072	17.05876	0	1	0	0	0.005593982	0.002239332	0.0008295979	0.0008295979	0.05484833	0.01592808	0.0104663	0.01366672	0.11087	0.0280814	0.271323	0.589726
1467	-74.19455	-90.68319	16.48864	0	1	1	1	0.005599354	0.002287358	0.001899967	0.001899967	0.03150874	0.03150874	0.006463735	0.006463735	0.122157	0.0309402	0.298944	0.547959
1468	-70.89967	-86.85631	15.95664	1	0	1	0	0.005599354	0.005599354	0.001405958	0.0002155623	0.04968598	0.04968598	0.02137255	0.00205998	0.135729	0.0490374	0.287766	0.527468
1469	-61.45715	-91.5572	30.10005	0	0	0	0	0.005599354	0.00243385	0.001253039	0.0002272585	0.02562802	0.000106966	0.02080301	0.002460875	0.157815	0.0570171	0.171866	0.613302
1470	-65.40677	-88.89557	23.4888	0	1	0	0	0.007148785	0.002568798	0.001253039	0.001253039	0.03348707	0.000106966	0.02080301	0.001424379	0.425511	0.141447	0.42636	0.00668219
1471	-75.07937	-87.24575	12.16638	0	1	1	0	0.009308623	0.005384098	0.004640916	0.004640916	0.05843989	0.05843989	0.02080301	0.003443374	0.135233	0.0367874	0.815204	0.0127764
1472	-70.83816	-85.19545	14.35729	0	1	0	1	0.006085321	0.0006934746	0.001002904	0.001002904	0.05299104	0.007912037	0.02080301	0.02080301	0.13842	0.0366518	0.812199	0.0127293
1473	-67.38548	-86.46571	19.08022	0	0	0	1	0.005773464	0.00216707	4.379062e-05	0.001379488	0.05299104	0.01032064	0.01933392	0.01933392	0.13842	0.0366518	0.812199	0.0127293
1474	-64.91904	-86.2572	21.33816	0	0	0	1	0.01164032	3.884331e-05	0.000476505	0.000666204	0.04570658	0.001231501	0.01933392	0.01933392	0.373296	0.0988439	0.493532	0.0343288
1475	-64.83511	-85.75888	20.92376	0	1	0	0	0.006791216	3.169651e-06	0.000476505	0.000476505	0.04570658	0.00867955	0.01933392	0.0004733074	0.284468	0.0328255	0.569048	0.113659
1476	-79.39818	-88.35516	8.95698	1	1	1	1	0.006791216	0.006791216	0.000476505	0.000476505	0.04570658	0.04570658	0.008329325	0.008329325	0.241193	0.0278319	0.634606	0.0963685
1477	-75.0534	-88.46482	13.41142	1	0	1	1	0.006105106	0.006105106	0.000476505	0.004743558	0.04570658	0.04570658	0.008329325	0.008329325	0.159399	0.357519	0.419395	0.0636875
1478	-69.78458	-87.97553	18.19095	0	0	1	0	0.01198283	0.0007112903	0.002424195	0.00561388	0.04570658	0.04570658	0.008425288	0.02223206	0.160766	0.360585	0.422992	0.0556579
1479	-80.86376	-92.32492	11.46117	1	1	1	1	0.004221292	0.004221292	0.002424195	0.002424195	0.02355257	0.02355257	0.01678145	0.01678145	0.160766	0.360585	0.422992	0.0556579
1480	-71.80134	-87.1767	15.37535	0	1	0	1	0.004221292	0.001754596	0.0006570884	0.0006570884	0.06486644	0.0009629654	0.01120199	0.01120199	0.197322	0.442579	0.291785	0.0683141
1481	-80.19197	-91.43682	11.24485	1	0	1	1	0.003884228	0.003884228	0.0006570884	0.004705973	0.06486644	0.06486644	0.003640277	0.003640277	0.197322	0.442579	0.291785	0.0683141
1482	-81.27712	-85.90715	4.63003	1	1	1	1	0.003884228	0.003884228	0.0006792833	0.0006792833	0.06486644	0.06486644	0.01662413	0.01662413	0.296377	0.0715366	0.160757	0.47133
1483	-76.14742	-85.55902	9.411601	0	1	1	1	0.00376923	0.001894839	0.001085673	0.001085673	0.06486644	0.06486644	0.01662413	0.01662413	0.296377	0.0715366	0.160757	0.47133
1484	-75.06	-84.78361	9.723612	0	1	1	1	0.00376923	0.0001101147	0.001085673	0.001085673	0.06486644	0.06486644	0.01662413	0.01662413	0.0725385	0.0309961	0.0629831	0.833482
1485	-69.86114	-85.6405	15.77936	0	0	1	1	0.00369109	9.961111e-05	0.001084461	0.006786993	0.05306717	0.05306717	0.01662413	0.01662413	0.0725385	0.0309961	0.0629831	0.833482
1486	-68.49559	-90.28933	21.79374	0	0	1	1	0.003309867	9.961111e-05	0.001084461	0.003001357	0.03093982	0.03093982	0.008515676	0.008515676	0.148763	0.0737563	0.129167	0.648314
1487	-70.36578	-87.04339	16.67761	0	1	1	0	0.003309867	0.0003568111	0.0006287797	0.0006287797	0.04733319	0.04733319	0.009832484	0.01475425	0.0967075	0.0343668	0.247554	0.621371
1488	-74.99228	-88.01703	13.02475	1	1	1	0	0.00554481	0.00554481	0.0006287797	0.0006287797	0.04733319	0.04733319	0.009832484	0.004233598	0.0887315	0.339475	0.227137	0.344657
1489	-71.11763	-91.25484	20.13721	0	1	1	0	0.00554481	0.0009895144	0.0007281188	0.0007281188	0.02884228	0.02884228	0.005869602	0.01445188	0.0828944	0.317143	0.277978	0.321984
1490	-69.48827	-91.0496	21.56133	0	0	1	1	0.0088744	0.0005742136	0.0009051175	0.003214571	0.02884228	0.02884228	0.005869602	0.005869602	0.0806045	0.308382	0.297924	0.31309
1491	-66.66081	-85.23737	18.57657	0	0	1	0	0.01381924	0.0001595416	5.397851e-05	0.003592838	0.05551129	0.05551129	0.01875466	0.002998818	0.0959313	0.176872	0.354573	0.372623
1492	-76.71952	-86.06235	9.342824	0	1	1	1	0.01381924	0.0001595416	0.0003889801	0.0003889801	0.05551129	0.05551129	0.01875466	0.01875466	0.0912249	0.520901	0.243396	0.144478
1493	-75.80581	-88.58799	12.78218	0	1	1	0	0.01103696	0.0001595416	0.006938212	0.006938212	0.0571426	0.0571426	0.02123868	0.001981518	0.082624	0.537469	0.220448	0.159459
1494	-66.35148	-89.12232	22.77084	0	0	0	1	0.004570244	0.0005067533	0.001317148	0.002186146	0.04341358	0.01130645	0.007598523	0.007598523	0.082624	0.537469	0.220448	0.159459
1495	-74.01364	-91.86801	17.85437	0	1	1	1	0.004570244	0.00026687	0.001317148	0.001317148	0.02619431	0.02619431	0.007598523	0.007598523	0.227003	0.276621	0.0582749	0.438101
1496	-75.15405	-89.16972	14.01567	0	1	1	1	0.004570244	0.004277589	0.001317148	0.001317148	0.03522148	0.03522148	0.01651824	0.01651824	0.227003	0.276621	0.0582749	0.438101
1497	-69.84259	-88.88704	19.04445	0	0	1	1	0.009340925	0.0004718468	0.0003115545	0.006827481	0.03522148	0.03522148	0.01050361	0.01050361	0.525442	0.251214	0.0380894	0.185254
1498	-79.61598	-89.29607	9.680085	1	1	1	1	0.002745947	0.002745947	0.0003115545	0.0003115545	0.04360631	0.04360631	0.01050361	0.01050361	0.129838	0.28468	0.099849	0.485633
1499	-75.55138	-88.18634	12.63496	1	0	1	1	0.002745947	0.002745947	0.0001132422	0.008574561	0.04360631	0.04360631	0.01476243	0.01476243	0.129838	0.28468	0.099849	0.485633
1500	-70.64257	-88.53371	17.89114	0	1	1	0	0.007063638	0.001978442	4.259337e-05	4.259337e-05	0.04360631	0.04360631	0.01007518	0.00650777	0.168774	0.159875	0.0400834	0.631268
1501	-70.52361	-91.46866	20.94505	0	1	1	0	0.007063638	0.001334151	0.0001165469	0.0001165469	0.02112671	0.02112671	0.01609622	0.006068055	0.0614423	0.0683275	0.415979	0.454251
1502	-68.95758	-89.89814	20.94056	0	1	1	0	0.007063638	0.0002655323	0.001519177	0.001519177	0.02112671	0.02112671	0.01609622	0.005759727	0.0885711	0.0710216	0.762183	0.0782243
1503	-78.15108	-91.0532	12.90212	1	0	1	1	0.005044907	0.005044907	0.004588155	0.003254566	0.03200738	0.03200738	0.02337931	0.02337931	0.0798574	0.0672585	0.721799	0.131085
1504	-76.69887	-91.94289	15.24402	1	1	0	1	0.00521493	0.00521493	0.004588155	0.004588155	0.03373823	0.000777269	0.01055989	0.01055989	0.0713827	0.0601208	0.645199	0.223297
1505	-74.58674	-93.4313	18.84456	0	1	0	1	0.00521493	0.004938209	0.004588155	0.004588155	0.02406068	0.009188578	0.01582976	0.01582976	0.272974	0.0470694	0.505134	0.174822
1506	-71.3376	-92.36478	21.02718	0	0	1	0	0.00521493	0.006506197	0.004588155	0.01105034	0.03945201	0.03945201	0.007100136	0.006960925	0.282338	0.0486841	0.522463	0.146515
1507	-69.43626	-91.08696	21.6507	0	0	0	1	0.00521493	0.006506197	0.004588155	0.002319231	0.03945201	0.004750517	0.01447508	0.01447508	0.208251	0.149304	0.385366	0.257078
1508	-75.69753	-88.06251	12.36498	0	1	1	1	0.00521493	0.00155537	0.004588155	0.004588155	0.04551326	0.04551326	0.01447508	0.01447508	0.305061	0.131048	0.338246	0.225644
1509	-68.19612	-94.07361	25.87748	0	0	1	0	0.00521493	0.00155537	0.007382154	0.002064975	0.02610587	0.02610587	0.008131647	0.002673684	0.436158	0.187365	0.0918162	0.284661
1510	-72.1122	-86.50465	14.39244	0	0	1	0	0.00521493	0.001443754	0.0007826709	0.003157303	0.0605312	0.0605312	0.02080227	0.02689171	0.493374	0.334572	0.163954	0.00810046
1511	-76.42134	-85.36695	8.945606	0	1	1	1	0.008091908	0.001443754	0.0007826709	0.0007826709	0.0605312	0.0605312	0.0200563	0.0200563	0.154408	0.564332	0.267597	0.0136633
1512	-75.54965	-88.59911	13.04946	0	1	0	0	0.008091908	0.001443754	0.00671461	0.00671461	0.0605312	0.01214626	0.01959613	0.01798194	0.0463022	0.581137	0.35213	0.020431
1513	-70.01786	-86.87278	16.85492	0	0	0	1	0.008091908	0.0009891133	0.002160832	0.002270879	0.0605312	0.01109825	0.01959613	0.01959613	0.0647559	0.812749	0.0939211	0.0285738
1514	-78.21842	-86.88732	8.6689	1	1	1	0	0.008091908	0.008091908	0.002160832	0.002160832	0.0605312	0.0605312	0.01959613	0.002108545	0.0445508	0.559156	0.376635	0.0196582
1515	-76.4414	-83.77671	7.335317	0	1	1	1	0.008091908	0.0009523478	0.002160832	0.002160832	0.07395348	0.07395348	0.01495823	0.01495823	0.101118	0.027446	0.826817	0.0446187
1516	-68.14269	-84.91281	16.77012	0	0	1	1	0.008349364	0.001130238	0.001922478	0.000398292	0.04974636	0.04974636	0.01413951	0.01413951	0.100304	0.0352722	0.820164	0.0442597
1517	-73.55444	-86.87337	13.31893	0	1	1	1	0.008349364	0.001130238	0.001922478	0.001922478	0.03548746	0.03548746	0.01900058	0.01900058	0.100304	0.0352722	0.820164	0.0442597
1518	-72.99606	-87.16782	14.17176	0	1	1	1	0.008349364	0.001130238	0.001922478	0.001922478	0.03548746	0.03548746	0.01412235	0.01412235	0.114689	0.27022	0.564484	0.0506072
1519	-68.59819	-87.17606	18.57787	0	1	1	0	0.006391009	0.001130238	0.001922478	0.001922478	0.03911032	0.03911032	0.01412235	0.00266936	0.170871	0.40259	0.348623	0.0779155
1520	-72.425	-86.46456	14.03956	0	1	1	1	0.006063271	0.0005359815	0.001936131	0.001936131	0.03911032	0.03911032	0.01412235	0.01412235	0.0584167	0.222873	0.661308	0.0574027
1521	-72.5732	-87.00975	14.43656	0	1	1	1	0.006063271	0.001623444	0.0009687003	0.0009687003	0.04081694	0.04081694	0.01002485	0.01002485	0.0520798	0.307174	0.589571	0.0511758
1522	-78.59511	-88.34467	9.749554	1	1	1	1	0.006063271	0.006063271	0.0009687003	0.0009687003	0.04081694	0.04081694	0.008921142	0.008921142	0.0694303	0.0763567	0.785988	0.0682252
1523	-73.4168	-87.56724	14.15044	0	1	1	1	0.008099894	0.002327121	0.0009687003	0.0009687003	0.04081694	0.04081694	0.008921142	0.008921142	0.0549587	0.408433	0.426826	0.109782
1524	-66.60916	-92.6276	26.01844	0	1	0	0	0.008099894	0.005948357	0.001714918	0.001714918	0.0265387	0.0006452355	0.008921142	0.0004540903	0.0581826	0.432392	0.451864	0.0575622
1525	-68.7557	-92.26039	23.50469	0	0	1	0	0.006554692	0.001538444	0.001714918	0.0206961	0.0265387	0.0265387	0.008921142	0.0007371593	0.0266592	0.37518	0.548215	0.0499459
1526	-67.42095	-91.26664	23.8457	0	0	0	1	0.006506463	0.003489499	0.0003200649	0.004754921	0.0265387	0.01421979	0.008921142	0.008921142	0.0266592	0.37518	0.548215	0.0499459
1527	-72.37326	-89.31855	16.94529	0	1	1	0	0.01200907	0.0001710061	0.004580737	0.004580737	0.04049914	0.04049914	0.008921142	0.008503114	0.0251045	0.411617	0.516245	0.0470332
1528	-71.30038	-88.08646	16.78608	0	1	1	0	0.01023786	0.0003334765	0.001052992	0.001052992	0.04049914	0.04049914	0.008921142	0.01455034	0.119674	0.625351	0.12138	0.133595
1529	-74.87188	-86.99494	12.12305	1	1	1	0	0.005893551	0.005893551	0.00183107	0.00183107	0.0493768	0.0493768	0.01402259	0.001606607	0.120636	0.22164	0.523055	0.134669
1530	-65.93831	-87.88284	21.94453	0	1	0	0	0.007607725	4.401765e-05	0.00183107	0.00183107	0.04143981	0.002179769	0.006672518	0.01585047	0.081751	0.150742	0.676246	0.0912609
1531	-67.8014	-87.32485	19.52345	0	0	1	1	0.007619982	0.0001109354	0.00183107	0.001500805	0.03945922	0.03945922	0.009414985	0.009414985	0.181385	0.33446	0.28167	0.202485
1532	-73.55798	-88.14124	14.58326	0	1	1	1	0.007619982	0.0003328126	0.00183107	0.00183107	0.03945922	0.03945922	0.009414985	0.009414985	0.280734	0.427218	0.045067	0.246981
1533	-67.07011	-88.34088	21.27077	0	1	0	0	0.007619982	0.001385109	0.00183107	0.00183107	0.03945922	0.01244151	0.009414985	0.00732749	0.251098	0.443651	0.272439	0.0328114
1534	-68.52304	-94.17143	25.64838	0	1	0	0	0.01100578	0.0004644052	0.002266653	0.002266653	0.01802767	0.005283771	0.009414985	0.007975814	0.389815	0.361475	0.221976	0.0267338
1535	-70.43602	-89.89042	19.4544	0	1	0	1	0.01219531	0.0003802751	0.002266653	0.002266653	0.0287041	0.007370642	0.009414985	0.009414985	0.0898159	0.145181	0.754943	0.0100599
1536	-74.55988	-89.31183	14.75195	0	1	1	1	0.01219531	0.0003802751	0.0009878193	0.0009878193	0.0287041	0.0287041	0.01542562	0.01542562	0.299778	0.353634	0.322084	0.0245041
1537	-73.90827	-88.92794	15.01967	0	1	1	1	0.01025999	0.0003802751	0.001391783	0.001391783	0.0287041	0.0287041	0.01542562	0.01542562	0.372709	0.275357	0.297892	0.0540417
1538	-68.16841	-89.57068	21.40228	0	0	1	0	0.01025999	0.001694859	0.001738386	0.002645996	0.0287041	0.0287041	0.01676832	0.01691545	0.311516	0.230148	0.248983	0.209353
1539	-65.65466	-87.96604	22.31138	0	0	1	0	0.006596666	0.002955888	0.001738386	0.004137526	0.03892139	0.03892139	0.01752345	0.00165365	0.375017	0.277062	0.299737	0.0481842
1540	-81.03349	-88.93937	7.905882	1	1	1	1	0.007340491	0.007340491	0.001738386	0.001738386	0.0436656	0.0436656	0.0145715	0.0145715	0.471068	0.348025	0.10571	0.0751973
1541	-76.13695	-90.79658	14.65963	1	0	1	1	0.006568013	0.006568013	0.001738386	0.002569834	0.04090477	0.04090477	0.006440231	0.006440231	0.368082	0.271939	0.082599	0.27738
1542	-83.59441	-92.82272	9.228309	1	1	1	1	0.01086113	0.01086113	0.001251066	0.001251066	0.0302737	0.0302737	0.01736572	0.01736572	0.309658	0.387501	0.0694884	0.233353
1543	-70.38463	-88.33922	17.9546	0	1	1	0	0.01086113	0.002788713	0.001251066	0.001251066	0.0402775	0.0402775	0.009603573	0.004128962	0.18772	0.100326	0.0421251	0.669829
1544	-71.74669	-85.15749	13.41081	0	1	1	0	0.007678555	0.002102139	0.0008924664	0.0008924664	0.05358431	0.05358431	0.01770101	0.01294323	0.164122	0.213423	0.0368296	0.585625
1545	-70.003	-89.75278	19.74977	0	1	0	0	0.007678555	0.002102139	0.0008924664	0.0008924664	0.04456509	0.01234196	0.007425784	0.01317356	0.174411	0.191043	0.0122081	0.622339
1546	-64.26143	-89.07081	24.80938	0	0	0	0	0.01262364	0.002102139	0.0007445582	0.00211776	0.04456509	0.01215891	0.007425784	0.007037501	0.0787298	0.22743	0.381553	0.312287
1547	-71.18682	-91.86858	20.68176	1	0	0	1	0.004815704	0.004815704	0.001635721	0.00331925	0.02988725	0.00405304	0.009600399	0.009600399	0.0816441	0.198832	0.395677	0.323847
1548	-70.20304	-87.61968	17.41664	0	1	1	0	0.004815704	0.0008458153	0.003768557	0.003768557	0.05274263	0.05274263	0.0093997	0.0004156952	0.1084	0.263993	0.525346	0.102261
1549	-78.06365	-90.24485	12.18119	1	1	0	1	0.004815704	0.004815704	0.003768557	0.003768557	0.05274263	0.001671467	0.0093997	0.0093997	0.614513	0.114138	0.227136	0.0442128
1550	-77.73089	-88.7066	10.97571	1	1	0	1	0.007393736	0.007393736	0.0007660109	0.0007660109	0.05274263	0.008854684	0.009536451	0.009536451	0.353424	0.0877703	0.467755	0.0910504
1551	-69.93628	-88.29922	18.36293	0	1	0	1	0.007393736	0.001602943	0.002868313	0.002868313	0.04323181	0.001941956	0.009536451	0.009536451	0.515638	0.0657503	0.350404	0.0682075
1552	-80.76096	-88.77592	8.014965	1	1	1	1	0.007393736	0.007393736	0.002211598	0.002211598	0.04323181	0.04323181	0.01385487	0.01385487	0.634845	0.0809506	0.200229	0.0839759
1553	-61.0667	-88.1523	27.0856	0	0	0	0	0.007393736	0.0002623736	0.004919809	0.001801805	0.04323181	0.003534674	0.01385487	0.0007561493	0.181955	0.521536	0.272441	0.0240686
1554	-69.251	-91.94632	22.69532	0	1	0	0	0.009452346	0.0002623736	0.003180879	0.003180879	0.03057352	0.01481392	0.005573321	0.007474465	0.603837	0.131324	0.258156	0.00668307
1555	-72.98174	-91.41074	18.42901	0	1	0	1	0.009452346	0.0002623736	0.003180879	0.003180879	0.03057352	0.01715482	0.005573321	0.005573321	0.282424	0.0614221	0.498838	0.157316
1556	-71.55586	-89.3017	17.74584	0	1	1	0	0.009452346	0.0003709024	0.002845359	0.002845359	0.03057352	0.03057352	0.01101971	0.0158432	0.405944	0.0882855	0.279652	0.226119
1557	-72.27166	-90.8771	18.60544	1	1	0	0	0.003808027	0.003808027	0.001466774	0.001466774	0.03057352	0.01797304	0.01101971	0.0003469789	0.136198	0.234634	0.513483	0.115685
1558	-75.10232	-85.68391	10.58159	1	0	1	1	0.005195606	0.005195606	0.001466774	0.0004931297	0.05967349	0.05967349	0.01471888	0.01471888	0.175475	0.0139197	0.66156	0.149046
1559	-77.2877	-91.4091	14.12139	1	1	0	1	0.005195606	0.005195606	0.002794652	0.002794652	0.03488316	0.01086539	0.007561165	0.007561165	0.305831	0.011719	0.556968	0.125482
1560	-73.93445	-89.51831	15.58386	0	1	1	1	0.007198942	0.0004966573	0.002794652	0.002794652	0.03488316	0.03488316	0.007561165	0.007561165	0.345136	0.0195734	0.0550188	0.580271
1561	-75.35388	-89.512	14.15812	1	1	1	0	0.008453758	0.008453758	0.002174223	0.002174223	0.03488316	0.03488316	0.01390251	0.001676226	0.172133	0.00976199	0.705143	0.112962
1562	-75.76001	-88.97552	13.21552	1	1	0	1	0.004691985	0.004691985	0.002174223	0.002174223	0.0433178	0.003010256	0.01328739	0.01328739	0.433664	0.00667808	0.482382	0.0772759
1563	-76.0875	-95.49796	19.41046	0	0	1	1	0.002809119	0.006610611	0.002174223	0.01190506	0.0237969	0.0237969	0.01328739	0.01328739	0.572676	0.00503889	0.363977	0.0583079
1564	-73.89617	-93.61356	19.7174	1	0	0	0	0.001872838	0.001872838	0.001114725	0.01190506	0.03189791	0.02503328	0.01130386	0.005237065	0.572676	0.00503889	0.363977	0.0583079
1565	-74.45043	-90.58417	16.13374	0	1	1	1	0.002340327	0.001224119	0.001395246	0.001395246	0.03189791	0.03189791	0.01293162	0.01293162	0.22351	0.00949026	0.657182	0.109817
1566	-69.36828	-91.64969	22.2814	0	0	1	1	0.002340327	0.0002067584	0.001597796	0.0005400837	0.03189791	0.03189791	0.007578428	0.007578428	0.16053	0.00681611	0.472003	0.360651
1567	-70.58263	-91.42853	20.8459	0	0	1	1	0.003478567	0.003091733	0.001597796	0.003143931	0.03399843	0.03399843	0.007062017	0.007062017	0.360981	0.0582029	0.179321	0.401495
1568	-69.66379	-87.20117	17.53738	0	0	1	1	0.00722518	0.0008365305	0.002519847	0.005651092	0.04282041	0.04282041	0.01224438	0.01224438	0.459975	0.0741641	0.228496	0.237365
1569	-73.57202	-87.35802	13.78599	0	1	1	1	0.004035557	0.0008365305	0.002519847	0.002519847	0.04282041	0.04282041	0.01300614	0.01300614	0.132961	0.10096	0.0527577	0.713321
1570	-74.6887	-88.99123	14.30253	1	0	1	1	0.004436683	0.004436683	0.0007220118	0.004878958	0.04282041	0.04282041	0.007405808	0.007405808	0.123804	0.102026	0.0533149	0.720855
1571	-72.56793	-87.47137	14.90344	0	1	0	1	0.007878822	0.001470473	0.001282384	0.001282384	0.04282041	0.02172361	0.01118807	0.01118807	0.123804	0.102026	0.0533149	0.720855
1572	-70.77775	-87.68378	16.90603	0	0	1	1	0.01016138	0.001470473	0.002128631	0.004680052	0.04282041	0.04282041	0.01364785	0.01364785	0.627747	0.0333244	0.0233411	0.315588
1573	-71.10523	-89.53551	18.43028	0	0	0	1	0.002530709	0.002970154	0.002128631	5.444304e-05	0.04655899	0.02783638	0.01364785	0.01364785	0.472439	0.0472276	0.0330792	0.447254
1574	-72.16415	-86.35349	14.18934	0	1	1	0	0.005405506	0.001970255	0.002128631	0.002128631	0.05583054	0.05583054	0.02467996	0.0004335607	0.292059	0.0633754	0.0443895	0.600176
1575	-76.81275	-88.24577	11.43302	1	0	1	1	0.003555049	0.003555049	0.0005645634	0.001986903	0.04589115	0.04589115	0.02467996	0.02467996	0.402766	0.0603685	0.0612157	0.47565
1576	-77.31955	-87.75366	10.43411	1	0	1	1	0.003555049	0.003555049	0.000525862	0.00149154	0.05213907	0.05213907	0.02467996	0.02467996	0.119026	0.405884	0.0541718	0.420918
1577	-75.09445	-88.39247	13.29802	1	0	1	0	0.002238137	0.002238137	0.002561315	0.002224349	0.05213907	0.05213907	0.01858452	0.01779948	0.165744	0.172692	0.0754345	0.58613
1578	-66.61347	-88.18541	21.57194	0	0	1	0	0.005975538	0.006723073	0.002144911	0.002258938	0.04680927	0.04680927	0.0117172	0.002127717	0.154173	0.160636	0.139981	0.545211
1579	-71.01848	-88.13008	17.1116	1	0	1	0	0.00816474	0.00816474	0.002144911	0.001633998	0.04680927	0.04680927	0.0117172	0.003262818	0.057795	0.178939	0.155931	0.607335
1580	-80.36207	-88.02756	7.665492	1	1	1	1	0.007355793	0.007355793	0.002808762	0.002808762	0.04680927	0.04680927	0.0117172	0.0117172	0.057795	0.178939	0.155931	0.607335
1581	-79.36939	-90.32277	10.95338	1	1	0	1	0.002404249	0.002404249	0.002433448	0.002433448	0.04680927	0.007780963	0.01999329	0.01999329	0.0465611	0.144158	0.319997	0.489284
1582	-72.08677	-89.54538	17.45861	0	1	1	0	0.002404249	0.0002552616	0.003761593	0.003761593	0.04680927	0.04680927	0.01102645	0.007491198	0.0829175	0.256721	0.184703	0.475659
1583	-79.32631	-91.45978	12.13347	1	1	0	1	0.002404249	0.002404249	0.003761593	0.003761593	0.04680927	0.002334807	0.01736112	0.01736112	0.103698	0.0704455	0.230991	0.594865
1584	-74.26129	-87.96402	13.70272	0	0	1	1	0.002404249	0.001854757	0.003042402	0.0001874889	0.06391881	0.06391881	0.02182423	0.02182423	0.14693	0.0998147	0.657795	0.0954608
1585	-76.11129	-89.51864	13.40734	0	1	0	1	0.002404249	0.001925217	0.003284391	0.003284391	0.06391881	0.01451851	0.008870356	0.008870356	0.16211	0.00681108	0.725755	0.105323
1586	-72.1855	-93.72594	21.54044	1	0	0	1	0.006116361	0.006116361	0.002080056	0.0008777598	0.02615397	0.004301151	0.008870356	0.008870356	0.49403	0.329728	0.153906	0.0223352
1587	-75.72204	-91.80179	16.07975	1	1	1	0	0.006116361	0.006116361	0.001565469	0.001565469	0.02615397	0.02615397	0.01601552	0.0002467062	0.535075	0.136363	0.205799	0.122763
1588	-70.57626	-90.84042	20.26416	0	0	1	1	0.006116361	0.002821021	0.001565469	0.003027714	0.02615397	0.02615397	0.01601552	0.01601552	0.437217	0.29431	0.168162	0.100311
1589	-72.95145	-90.5835	17.63205	1	0	1	0	0.006116361	0.006116361	0.003855959	0.0036925	0.04972559	0.04972559	0.006222112	0.001143399	0.590124	0.11704	0.171915	0.12092
1590	-81.01186	-89.36397	8.352113	1	1	1	1	0.003488517	0.003488517	0.002772526	0.002772526	0.04972559	0.04972559	0.008776875	0.008776875	0.485026	0.147052	0.215997	0.151926
1591	-76.25807	-90.31061	14.05254	1	1	0	1	0.003930022	0.003930022	0.002772526	0.002772526	0.04470732	0.001507082	0.008776875	0.008776875	0.16524	0.306928	0.450833	0.0769986
1592	-70.48648	-88.31993	17.83345	0	0	1	1	0.004055651	0.002832612	0.002772526	0.00206481	0.04470732	0.04470732	0.01317097	0.01317097	0.37788	0.228744	0.335991	0.0573846
1593	-71.69259	-93.44381	21.75123	1	0	1	0	0.003488742	0.003488742	0.002772526	0.002367115	0.02113797	0.02113797	0.01317097	0.004256623	0.145205	0.167521	0.63104	0.0562338
1594	-73.95685	-92.25342	18.29657	0	0	1	1	0.006299578	0.003323637	0.002772526	0.01665546	0.0281879	0.0281879	0.009715706	0.009715706	0.186374	0.215017	0.526432	0.0721774
1595	-74.72027	-97.59204	22.87177	0	1	0	1	0.006299578	0.004670365	0.002772526	0.002772526	0.01310991	0.004216286	0.009715706	0.009715706	0.28188	0.325202	0.373967	0.0189513
1596	-74.44673	-90.74731	16.30058	0	1	1	0	0.009013161	0.00392777	0.002772526	0.002772526	0.03460764	0.03460764	0.01048712	0.01756381	0.517246	0.374049	0.0869072	0.0217978
1597	-74.84167	-90.54258	15.70091	0	1	1	0	0.003695608	0.00392777	0.002772526	0.002772526	0.03460764	0.03460764	0.01923484	0.01756381	0.327436	0.236787	0.0457646	0.390012
1598	-80.61338	-87.43283	6.819448	0	1	1	1	0.0145788	0.00392777	0.002772526	0.002772526	0.06391113	0.06391113	0.01787738	0.01787738	0.291123	0.46872	0.0406892	0.199468
1599	-74.19478	-90.4254	16.23061	0	0	1	1	0.0145788	0.00392777	0.001514288	0.006063016	0.03596963	0.03596963	0.01671874	0.01671874	0.118667	0.359287	0.0165857	0.50546
1600	-67.85386	-89.70265	21.84879	0	0	1	0	0.0145788	0.0004840292	0.0003926789	0.001531665	0.0349128	0.0349128	0.01671874	0.007554303	0.425317	0.234277	0.0108149	0.329591
1601	-69.80533	-87.82213	18.01679	0	1	1	0	0.005375279	0.001749297	0.0003926789	0.0003926789	0.03676486	0.03676486	0.01671874	0.007554303	0.159956	0.0881084	0.00406732	0.747868
1602	-72.4559	-92.97491	20.51901	0	0	1	1	0.007596824	0.002573611	0.000618851	0.005277182	0.0214571	0.0214571	0.01671874	0.01671874	0.0872513	0.50259	0.00221861	0.40794
1603	-68.65853	-92.82524	24.16671	0	0	1	0	0.007204949	0.0003965928	0.001735846	0.00651981	0.0214571	0.0214571	0.01671874	0.008881335	0.0872513	0.50259	0.00221861	0.40794
1604	-69.60831	-87.62904	18.02072	0	1	0	0	0.007204949	0.0007015758	0.005055911	0.005055911	0.05901525	0.005803045	0.01671874	0.003570347	0.0437062	0.498751	0.26153	0.196012
1605	-77.18035	-86.58174	9.401389	0	1	1	1	0.006048256	0.001460562	0.005055911	0.005055911	0.05901525	0.05901525	0.01671874	0.01671874	0.0641365	0.0715231	0.576704	0.287636
1606	-79.59481	-92.00816	12.41335	1	1	1	1	0.003747337	0.003747337	0.001814087	0.001814087	0.02823013	0.02823013	0.007741422	0.007741422	0.014892	0.0166072	0.36069	0.607811
1607	-64.38983	-91.38266	26.99283	0	1	0	0	0.005417916	0.001024342	0.001814087	0.001814087	0.02011636	0.003682904	0.01172197	0.002971195	0.00447175	0.00498676	0.808029	0.182512
1608	-72.10968	-93.38618	21.2765	1	1	0	0	0.003515823	0.003515823	0.001814087	0.001814087	0.02132114	0.0004481955	0.01172197	0.01108822	0.126923	0.00437339	0.708641	0.160063
1609	-73.47092	-90.10791	16.637	0	1	1	1	0.003613057	0.001906557	0.001599674	0.001599674	0.02912873	0.02912873	0.01066253	0.01066253	0.126923	0.00437339	0.708641	0.160063
1610	-61.25835	-88.72964	27.4713	0	0	0	0	0.01119935	0.0008399171	0.001599674	0.001349816	0.03438744	0.008795691	0.01473568	0.00064148	0.735917	0.00132284	0.214346	0.0484149
1611	-80.9652	-90.35596	9.390754	0	1	1	1	0.01119935	0.0008399171	0.009004291	0.009004291	0.05258031	0.05258031	0.01473568	0.01473568	0.548595	0.00098612	0.159786	0.290633
1612	-72.9953	-88.97019	15.97489	0	1	1	0	0.00429974	0.003194909	0.004927565	0.004927565	0.05258031	0.05258031	0.01473568	0.0004967854	0.492664	0.00110831	0.179584	0.326644
1613	-71.73159	-89.35628	17.62469	0	0	1	0	0.007892628	0.01113076	0.004927565	0.001982375	0.05258031	0.05258031	0.0142701	0.007551422	0.486845	0.00109522	0.282158	0.229902
1614	-65.56799	-85.85031	20.28231	0	0	0	1	0.006968939	0.001291749	0.001608037	0.001634484	0.05258031	0.006293647	0.01475621	0.01475621	0.282275	0.000193442	0.395378	0.322154
1615	-68.13017	-87.79339	19.66322	0	0	1	1	0.006968939	0.001291749	0.001608037	0.002242214	0.03227035	0.03227035	0.01475621	0.01475621	0.313074	0.000214549	0.438518	0.248193
1616	-64.64188	-89.67959	25.03771	0	0	1	0	0.004142676	0.001757188	0.0004103203	0.002299057	0.03227035	0.03227035	0.00921651	0.007836095	0.288291	8.84475e-05	0.180778	0.530842
1617	-78.98489	-87.90932	8.924431	1	1	1	1	0.004142676	0.004142676	0.0006204797	0.0006204797	0.04724878	0.04724878	0.009477876	0.009477876	0.288291	8.84475e-05	0.180778	0.530842
1618	-70.63375	-88.62711	17.99336	1	0	1	0	0.007074015	0.007074015	0.0006204797	0.003241845	0.04630802	0.04630802	0.006990665	0.004454176	0.100981	0.000776815	0.7123	0.185941
1619	-72.35949	-86.23179	13.8723	0	1	1	1	0.007074015	0.001596225	0.0007586144	0.0007586144	0.0428753	0.0428753	0.01042063	0.01042063	0.113256	0.000871239	0.67733	0.208543
1620	-74.59614	-92.39074	17.7946	1	0	1	0	0.007074015	0.007074015	0.001009196	0.0001715396	0.02560239	0.02560239	0.02930875	0.00666022	0.1231	0.0378294	0.736203	0.102867
1621	-68.11851	-89.70777	21.58926	0	1	1	0	0.00764307	0.0001347366	0.0006469263	0.0006469263	0.02560239	0.02560239	0.008392181	0.005701125	0.138837	0.0146688	0.678344	0.16815
1622	-71.57929	-92.05376	20.47447	1	0	1	0	0.006659645	0.006659645	8.568838e-05	0.001878047	0.02560239	0.02560239	0.008392181	0.01187913	0.062498	0.0105716	0.805747	0.121184
1623	-79.24842	-86.30036	7.051944	1	1	1	0	0.006659645	0.006659645	0.002337534	0.002337534	0.06817041	0.06817041	0.01469963	0.00987049	0.515217	0.0871498	0.127434	0.270199
1624	-71.94285	-86.3817	14.43884	0	1	1	1	0.006659645	0.0004932506	0.0007139394	0.0007139394	0.03691767	0.03691767	0.01469963	0.01469963	0.127894	0.0216335	0.556279	0.294193
1625	-76.28639	-91.24245	14.95606	1	1	1	0	0.002161339	0.002161339	0.0001302995	0.0001302995	0.03691767	0.03691767	0.01469963	0.002616713	0.122072	0.0661732	0.530955	0.2808
1626	-69.75764	-89.0633	19.30565	0	0	1	1	0.002923509	0.003699754	0.0001302995	0.002811937	0.03691767	0.03691767	0.01469963	0.01469963	0.138095	0.0748595	0.469385	0.31766
1627	-75.09865	-86.53357	11.43491	1	0	1	1	0.003342671	0.003342671	0.0001184	0.003307738	0.0566227	0.0566227	0.01327531	0.01327531	0.219886	0.119197	0.27374	0.387177
1628	-69.67655	-90.15399	20.47745	1	0	1	0	0.005677824	0.005677824	0.0001184	0.004662437	0.03003687	0.03003687	0.01327531	0.0007092045	0.190278	0.103147	0.418579	0.287996
1629	-75.46232	-92.32712	16.8648	0	1	1	1	0.002098098	7.884258e-05	0.0001184	0.0001184	0.03003687	0.03003687	0.01327531	0.01327531	0.451624	0.0309144	0.306547	0.210914
1630	-70.09873	-89.50993	19.4112	0	0	1	1	0.008367004	0.0004913021	0.004217044	0.00186335	0.03236503	0.03236503	0.01327531	0.01327531	0.564421	0.0386355	0.133352	0.263592
1631	-71.57768	-86.92454	15.34686	0	1	1	0	0.008367004	0.0004913021	0.004217044	0.004217044	0.05554333	0.05554333	0.01263357	0.002575117	0.516435	0.140577	0.115226	0.227762
1632	-73.03133	-85.71082	12.67949	0	1	1	1	0.008367004	0.0003567772	0.0001987957	0.0001987957	0.04799164	0.04799164	0.01263357	0.01263357	0.0935071	0.150561	0.45571	0.300222
1633	-64.30513	-86.86329	22.55816	0	0	1	0	0.009736645	0.001914744	0.00119993	0.003381259	0.0404041	0.0404041	0.01263357	0.002845129	0.0667689	0.107508	0.3254	0.500323
1634	-72.69848	-86.76822	14.06974	0	1	1	1	0.005443091	0.001914744	0.00119993	0.00119993	0.0404041	0.0404041	0.01263357	0.01263357	0.0617625	0.166579	0.504195	0.267463
1635	-68.88496	-94.20657	25.32161	0	0	1	0	0.005443091	0.001914744	0.00466944	0.008510056	0.02326134	0.02326134	0.007558222	0.004951344	0.216455	0.154461	0.467517	0.161566
1636	-69.59095	-93.32491	23.73396	0	0	0	1	0.004882339	0.002180436	0.00466944	0.004880069	0.02326134	0.007786897	0.01772921	0.01772921	0.145545	0.431459	0.314359	0.108637
1637	-67.62982	-88.38881	20.759	0	0	1	1	0.004882339	0.0003243593	0.0003439281	0.004880069	0.03257397	0.03257397	0.009864898	0.009864898	0.0222499	0.331727	0.562497	0.0835257
1638	-71.97753	-87.03083	15.0533	1	0	1	0	0.004882339	0.004882339	0.0001142458	0.009892621	0.05920811	0.05920811	0.01029209	0.001117158	0.0196138	0.410903	0.495854	0.0736297
1639	-70.32861	-89.17079	18.84218	1	0	1	0	0.008240398	0.008240398	0.001612781	0.001044762	0.03790324	0.03790324	0.01459838	0.0004343232	0.0152484	0.542018	0.385492	0.057242
1640	-62.34392	-89.0587	26.71478	0	0	0	0	0.006935034	0.003324448	0.001670049	0.005138775	0.03790324	0.003770909	0.01244692	0.006686988	0.0152484	0.542018	0.385492	0.057242
1641	-68.03939	-87.34294	19.30354	0	0	1	0	0.003397721	0.00217929	0.001670049	0.004946846	0.05899123	0.05899123	0.01244692	0.007099939	0.0154424	0.548913	0.377675	0.0579702
1642	-72.49745	-88.1227	15.62525	1	0	1	0	0.002871741	0.002871741	0.001670049	4.598903e-05	0.05899123	0.05899123	0.01813752	0.0005183909	0.0180897	0.643014	0.270989	0.0679081
1643	-68.71619	-85.32991	16.61372	0	0	1	0	0.009484016	0.00298	0.001097806	0.0003487888	0.05899123	0.05899123	0.01813752	0.01507863	0.366604	0.183211	0.0772115	0.372974
1644	-77.93272	-87.92221	9.989483	1	1	1	0	0.009484016	0.009484016	0.001068612	0.001068612	0.05540384	0.05540384	0.01813752	0.0008407946	0.513064	0.256404	0.108058	0.122474
1645	-69.92934	-88.79466	18.86532	0	1	1	0	0.01084872	0.001460557	0.001055242	0.001055242	0.0361062	0.0361062	0.01322542	0.001005397	0.47655	0.309325	0.100367	0.113758
1646	-73.75288	-90.16517	16.4123	1	1	0	0	0.006985938	0.006985938	0.002395666	0.002395666	0.0533177	0.001690371	0.01322542	0.0001178998	0.484891	0.304396	0.098768	0.111945
1647	-70.16274	-89.19775	19.03501	0	1	1	0	0.006985938	7.687548e-05	0.001125652	0.001125652	0.03012426	0.03012426	0.02262817	0.001790007	0.278782	0.426193	0.138288	0.156737
1648	-66.41817	-87.80911	21.39093	0	1	0	0	0.006985938	0.0001028509	0.001125652	0.001125652	0.03737305	0.01764447	0.01222163	0.003338393	0.54765	0.0463509	0.156127	0.249873
1649	-75.83428	-90.38434	14.55006	0	1	1	1	0.006985938	0.0003091112	0.005609829	0.005609829	0.03372145	0.03372145	0.01222163	0.01222163	0.607437	0.0402247	0.135491	0.216847
1650	-77.92953	-91.0539	13.12437	0	1	1	1	0.009791034	0.00107125	0.005609829	0.005609829	0.04601838	0.04601838	0.004512548	0.004512548	0.333628	0.472854	0.0744171	0.119101
1651	-73.581	-90.95486	17.37386	0	1	0	1	0.01013568	0.001158201	0.005609829	0.005609829	0.04700116	0.002138374	0.006189562	0.006189562	0.692938	0.102599	0.0786262	0.125837
1652	-74.33481	-89.70988	15.37506	0	1	1	0	0.01013568	0.004002549	0.003503627	0.003503627	0.04700116	0.04700116	0.007123977	0.01189905	0.701971	0.0533323	0.179285	0.0654118
1653	-70.77798	-91.8845	21.10653	0	1	0	1	0.005789534	0.004002549	0.0008954027	0.0008954027	0.03018581	0.002624319	0.007384072	0.007384072	0.478939	0.0932439	0.313454	0.114363
1654	-68.08118	-92.4991	24.41792	0	0	1	0	0.006458185	0.007702736	0.002476868	0.003576377	0.02948854	0.02948854	0.008232649	0.003542045	0.488058	0.00872312	0.363452	0.139767
1655	-68.9503	-87.44367	18.49337	0	0	1	1	0.004394181	0.0004390317	0.002476868	0.001856477	0.0484299	0.0484299	0.008232649	0.008232649	0.271155	0.0087961	0.366493	0.353556
1656	-73.08817	-88.56391	15.47573	0	1	1	1	0.009930896	0.0006200376	0.0007889855	0.0007889855	0.03398048	0.03398048	0.008232649	0.008232649	0.271155	0.0087961	0.366493	0.353556
1657	-70.07577	-87.95571	17.87995	0	0	1	1	0.009930896	0.00165731	0.0007889855	0.007571774	0.04062975	0.04062975	0.008759226	0.008759226	0.349353	0.0113328	0.183796	0.455518
1658	-71.807	-90.45569	18.64869	1	0	1	0	0.009930896	0.009930896	0.0007889855	0.0004085839	0.04062975	0.04062975	0.008759226	0.00442324	0.348621	0.0113091	0.104166	0.535904
1659	-70.43898	-89.19172	18.75274	1	0	1	0	0.007382967	0.007382967	0.0007889855	0.00496637	0.04062975	0.04062975	0.008759226	0.001818221	0.207808	0.0469195	0.432167	0.313106
1660	-72.07109	-86.74026	14.66917	0	1	1	1	0.005023227	0.0003179685	0.0007889855	0.0007889855	0.04062975	0.04062975	0.01140671	0.01140671	0.256276	0.044098	0.406178	0.293448
1661	-72.43928	-84.78971	12.35043	0	1	1	1	0.006791152	4.434851e-05	0.0005883655	0.0005883655	0.05259944	0.05259944	0.01140671	0.01140671	0.0685195	0.0663903	0.611509	0.253581
1662	-64.28863	-86.08729	21.79866	0	1	0	0	0.007236919	0.0002258652	0.003056089	0.003056089	0.05259944	0.001554455	0.01140671	0.0003802781	0.0780415	0.0657117	0.605258	0.250989
1663	-64.32791	-88.2651	23.93719	0	0	1	0	0.008556145	0.002941603	0.0005186359	7.751986e-05	0.04206092	0.04206092	0.007456713	0.002615689	0.0528651	0.012982	0.404917	0.529236
1664	-64.49574	-87.33497	22.83923	0	0	1	0	0.008556145	0.002941603	0.0005186359	0.0001151813	0.0373769	0.0373769	0.01354141	0.007457756	0.0526762	0.0165088	0.40347	0.527345
1665	-74.32229	-91.27841	16.95612	1	1	0	0	0.00700581	0.00700581	0.0042882	0.0042882	0.0373769	0.004952201	0.01354141	0.007457756	0.064771	0.114626	0.496109	0.324494
1666	-71.07647	-85.97996	14.90349	0	1	0	1	0.010978	0.001579278	0.001490255	0.001490255	0.05826273	0.0005117904	0.01354141	0.01354141	0.0434634	0.38741	0.332905	0.236222
1667	-67.03387	-87.69584	20.66197	0	1	0	0	0.010978	0.00155192	0.002918383	0.002918383	0.04573265	0.000508472	0.01354141	0.007730887	0.0413405	0.335608	0.364448	0.258604
1668	-68.88676	-86.01396	17.1272	0	1	1	0	0.00509609	0.00155192	0.001048147	0.001048147	0.04573265	0.04573265	0.01353784	0.006677032	0.0232404	0.188669	0.724532	0.0635585
1669	-76.03426	-91.63945	15.6052	1	1	1	0	0.007530166	0.007530166	0.0007739646	0.0007739646	0.0273946	0.0273946	0.008847228	0.008266552	0.0524855	0.240059	0.632022	0.0754329
1670	-76.12005	-88.00456	11.88451	1	1	1	0	0.01040112	0.01040112	0.0007739646	0.0007739646	0.05167448	0.05167448	0.01074152	0.0005040321	0.0524855	0.240059	0.632022	0.0754329
1671	-64.08926	-86.36232	22.27305	0	0	1	0	0.00675168	0.00285056	0.0007739646	0.001488376	0.04896067	0.04896067	0.01074152	0.002179434	0.0915594	0.336783	0.465831	0.105826
1672	-73.28582	-87.78653	14.50071	0	1	1	1	0.007282802	0.00285056	0.001610834	0.001610834	0.03664451	0.03664451	0.01074152	0.01074152	0.0750821	0.276175	0.561962	0.0867813
1673	-70.11146	-90.05393	19.94247	0	1	0	1	0.004425008	0.00285056	0.001610834	0.001610834	0.03288987	0.005022381	0.01074152	0.01074152	0.0728409	0.267931	0.430064	0.229164
1674	-76.81139	-91.88812	15.07672	0	1	1	1	0.004425008	0.005707801	0.003094158	0.003094158	0.03288987	0.03288987	0.009718573	0.009718573	0.123702	0.455014	0.0321066	0.389177
1675	-65.28067	-90.27947	24.9988	0	0	1	0	0.003811204	0.001937614	0.001173897	0.00496841	0.03288987	0.03288987	0.009718573	0.003655196	0.202068	0.0413999	0.0524462	0.704086
1676	-65.27135	-90.7717	25.50035	0	0	1	0	0.005287468	0.0008398334	0.001173897	0.005939694	0.02803841	0.02803841	0.009718573	0.004287977	0.305059	0.0177893	0.0225359	0.654616
1677	-72.52505	-86.86018	14.33512	0	1	1	0	0.005287468	0.00729371	0.001173897	0.001173897	0.05430031	0.05430031	0.01424849	0.007310694	0.305059	0.0177893	0.0225359	0.654616
1678	-68.97422	-86.67359	17.69937	0	0	1	0	0.01093524	0.0003118683	0.0008216673	0.006899712	0.05430031	0.05430031	0.01424849	0.01239072	0.837885	0.0488608	0.0618978	0.0513564
1679	-75.69191	-84.74275	9.050847	0	1	1	1	0.01093524	0.0008685829	0.0005696994	0.0005696994	0.06368183	0.06368183	0.01424849	0.01424849	0.308142	0.253373	0.239649	0.198836
1680	-65.37906	-90.54238	25.16331	0	0	1	0	0.01093524	0.0008685829	0.0006218555	0.004769024	0.02849309	0.02849309	0.008623865	0.002902054	0.308142	0.253373	0.239649	0.198836
1681	-65.52104	-90.39939	24.87835	0	0	0	0	0.01093524	0.0008685829	0.0006218555	0.001923617	0.02628516	0.009939807	0.01438867	0.02341796	0.288476	0.301023	0.224355	0.186146
1682	-67.48551	-86.98025	19.49474	0	0	1	0	0.01647701	0.0008685829	0.0009584164	0.001923617	0.05149278	0.05149278	0.01438867	0.003529283	0.352567	0.112686	0.274199	0.260548
1683	-72.71493	-90.60942	17.89449	0	1	0	1	0.01647701	0.0006977338	0.002101319	0.002101319	0.03407326	0.001516733	0.01438867	0.01438867	0.335073	0.115731	0.281608	0.267588
1684	-66.49376	-85.1133	18.61954	0	0	0	1	0.009508939	0.0002085024	0.002101319	0.001002828	0.06601728	0.001417038	0.01438867	0.01438867	0.600035	0.101186	0.246214	0.0525651
1685	-64.02111	-88.93023	24.90912	0	0	1	0	0.009508939	0.0004817635	0.0004995555	0.001356659	0.02903029	0.02903029	0.01438867	0.003401851	0.58557	0.0987462	0.264386	0.0512979
1686	-73.88093	-88.25454	14.37361	0	0	1	1	0.01028114	8.653636e-05	0.005011093	0.003744287	0.04478617	0.04478617	0.02548518	0.02548518	0.257951	0.166237	0.482244	0.0935679
1687	-65.65961	-87.97715	22.31753	0	0	1	0	0.01028114	0.0001504524	0.002651386	0.00292324	0.04478617	0.04478617	0.00693434	0.005765058	0.119817	0.0377135	0.179171	0.663298
1688	-71.69868	-87.6514	15.95272	0	0	1	1	0.00815995	0.006281091	0.002651386	0.003327746	0.04747127	0.04747127	0.01247035	0.01247035	0.294496	0.139154	0.440383	0.125967
1689	-77.99358	-88.95751	10.96393	1	1	1	0	0.00224954	0.00224954	0.0009608653	0.0009608653	0.04747127	0.04747127	0.01247035	0.01620886	0.311732	0.147298	0.466156	0.0748148
1690	-80.97893	-93.58185	12.60292	1	1	1	1	0.002493864	0.002493864	0.0009608653	0.0009608653	0.02735465	0.02735465	0.009639223	0.009639223	0.31542	0.4033	0.0680223	0.213257
1691	-62.47106	-94.20964	31.73858	0	0	0	0	0.002493864	0.0004048501	0.0009608653	0.001215467	0.02735465	0.005028299	0.009639223	0.002042664	0.328873	0.297009	0.0709235	0.303194
1692	-69.65991	-91.1082	21.4483	0	0	1	1	0.004833735	0.003651742	0.0009608653	0.0002647001	0.03062064	0.03062064	0.00859505	0.00859505	0.119325	0.389745	0.0930682	0.397862
1693	-76.30815	-88.63345	12.3253	1	0	1	1	0.006858448	0.006858448	0.004308689	0.0001886946	0.04834258	0.04834258	0.01187534	0.01187534	0.119325	0.389745	0.0930682	0.397862
1694	-77.16501	-88.80159	11.63658	1	1	1	0	0.006858448	0.006858448	0.004308689	0.004308689	0.04834258	0.04834258	0.01420582	0.001797731	0.0940229	0.307101	0.28538	0.313497
1695	-67.73221	-86.33533	18.60312	0	0	0	0	0.006858448	0.00162278	0.004308689	0.0003936236	0.09441455	5.285049e-05	0.01482697	0.001797731	0.0940229	0.307101	0.28538	0.313497
1696	-73.54449	-86.90973	13.36523	0	0	1	0	0.007877592	0.0007791432	0.008189563	0.000423748	0.08826679	0.08826679	0.01482697	0.004335728	0.227129	0.111949	0.634009	0.026913
1697	-78.15554	-87.6399	9.484363	1	0	1	0	0.007877592	0.007877592	0.003741654	0.0004851959	0.08214558	0.08214558	0.008750382	0.01436085	0.523134	0.257847	0.157031	0.0619874
1698	-72.37703	-86.89292	14.51588	0	0	1	1	0.007877592	0.003450977	0.003741654	0.0006159698	0.06414403	0.06414403	0.008750382	0.008750382	0.373801	0.184243	0.169814	0.272143
1699	-74.83663	-90.8241	15.98747	0	1	0	1	0.007723451	0.003450977	0.003741654	0.003741654	0.05623919	0.003385975	0.005621762	0.005621762	0.200438	0.560651	0.0910568	0.147854
1700	-71.69969	-92.3065	20.60681	0	0	1	1	0.007723451	0.003450977	0.003741654	0.001576439	0.03128016	0.03128016	0.005967429	0.005967429	0.267482	0.252087	0.183108	0.297323
1701	-64.58315	-89.29076	24.70762	0	0	1	0	0.003829228	0.0004084823	0.001379721	0.004253349	0.03128016	0.03128016	0.01535435	0.003315046	0.208954	0.121664	0.255124	0.414258
1702	-68.05053	-88.0375	19.98697	0	0	1	0	0.003829228	0.003249204	0.0004624889	0.004094253	0.04055042	0.04055042	0.02080422	0.01383296	0.208954	0.121664	0.255124	0.414258
1703	-74.6501	-87.94244	13.29234	0	1	1	1	0.003163528	8.428902e-05	0.001439725	0.001439725	0.04055042	0.04055042	0.02080422	0.02080422	0.208954	0.121664	0.255124	0.414258
1704	-73.67089	-86.68489	13.014	0	1	1	1	0.009736367	0.001043043	0.0004891428	0.0004891428	0.04055042	0.04055042	0.01581534	0.01581534	0.330438	0.10298	0.215943	0.350639
1705	-73.78027	-86.70812	12.92785	0	1	1	1	0.009736367	0.001102488	0.0009225176	0.0009225176	0.04055042	0.04055042	0.01581534	0.01581534	0.432243	0.0848779	0.193876	0.289003
1706	-68.74203	-86.38042	17.6384	0	0	1	1	0.01041939	2.212611e-05	0.0001044758	0.003807868	0.04055042	0.04055042	0.01581534	0.01581534	0.236825	0.294428	0.310402	0.158345
1707	-74.73333	-85.68445	10.95112	0	1	1	1	0.01041939	0.0001379706	0.002368919	0.002368919	0.05708069	0.05708069	0.009427182	0.009427182	0.14212	0.176689	0.0759372	0.605254
1708	-81.13149	-86.75945	5.627961	1	1	1	1	0.00808829	0.00808829	0.002368919	0.002368919	0.05708069	0.05708069	0.01280795	0.01280795	0.15559	0.120672	0.0611235	0.662615
1709	-74.4302	-88.96149	14.53128	0	1	1	1	0.008574183	0.004089991	0.001036111	0.001036111	0.03244713	0.03244713	0.01280795	0.01280795	0.00108934	0.142751	0.0723072	0.783853
1710	-64.81481	-88.45787	23.64306	0	0	1	0	0.008574183	0.001906284	0.003638819	0.001506345	0.0370316	0.0370316	0.01280795	0.0004444676	0.00378053	0.252018	0.250941	0.493261
1711	-77.42523	-89.95628	12.53105	0	1	1	1	0.008574183	0.001906284	0.003638819	0.003638819	0.05213644	0.05213644	0.004141146	0.004141146	0.00398736	0.265806	0.26467	0.465537
1712	-71.00571	-92.34913	21.34343	0	0	1	1	0.00675837	0.0003081496	0.003638819	0.002185384	0.03249471	0.03249471	0.004141146	0.004141146	0.0344261	0.226748	0.225779	0.513047
1713	-76.74846	-98.35528	21.60683	0	0	0	1	0.00675837	0.007933317	0.0103516	0.001833882	0.03575438	0.01399447	0.0009310615	0.0009310615	0.0344042	0.226604	0.226271	0.512721
1714	-73.48399	-96.82382	23.33982	1	0	0	0	0.00675837	0.00675837	0.005171496	0.001971797	0.03575438	0.006711822	0.001076444	0.01019991	0.173589	0.0625256	0.233893	0.529992
1715	-68.23445	-92.36116	24.12672	0	0	0	1	0.00675837	0.003528445	0.005171496	0.001447815	0.03575438	0.004913895	0.005568723	0.005568723	0.430688	0.0756242	0.282892	0.210795
1716	-71.23623	-90.14582	18.90959	0	1	0	1	0.01132383	0.0009957812	0.001701262	0.001701262	0.03575438	0.005057054	0.00861603	0.00861603	0.44581	0.381489	0.139261	0.0334402
1717	-81.39513	-88.79066	7.395532	0	1	1	0	0.00630357	0.001441563	0.0006468287	0.0006468287	0.03575438	0.03575438	0.02190464	0.06325853	0.44581	0.381489	0.139261	0.0334402
1718	-70.10629	-87.72277	17.61649	0	0	1	1	0.007408464	0.001441563	0.001389361	0.002946532	0.03575438	0.03575438	0.02190464	0.02190464	0.0638157	0.387583	0.339491	0.20911
1719	-69.87853	-90.62003	20.7415	0	0	1	0	0.007408464	0.004043992	0.001389361	0.01988609	0.03575438	0.03575438	0.01056733	0.003457179	0.384792	0.139639	0.336135	0.139434
1720	-78.05057	-89.53015	11.47958	1	0	1	1	0.007408464	0.007408464	0.001389361	0.01191007	0.03986086	0.03986086	0.01584255	0.01584255	0.455512	0.165303	0.211674	0.167511
1721	-76.73663	-88.8091	12.07248	0	1	1	1	0.01438922	0.001537938	0.001389361	0.001389361	0.03986086	0.03986086	0.01584255	0.01584255	0.522695	0.189683	0.0954052	0.192217
1722	-74.71697	-87.50378	12.78681	0	1	1	1	0.01018619	0.000926936	0.002117344	0.002117344	0.03986086	0.03986086	0.01584255	0.01584255	0.39166	0.246158	0.120137	0.242045
1723	-73.54732	-86.92512	13.3778	0	1	1	1	0.008103257	0.0005739706	0.002117344	0.002117344	0.04340144	0.04340144	0.01135739	0.01135739	0.419351	0.19286	0.128631	0.259158
1724	-68.41163	-86.70276	18.29113	0	1	1	0	0.008103257	0.0001506978	0.0003139233	0.0003139233	0.04518545	0.04518545	0.01261731	0.0006153102	0.419351	0.19286	0.128631	0.259158
1725	-62.91686	-88.57877	25.66192	0	0	0	0	0.008103257	0.000763978	0.00011816	0.00397452	0.04518545	0.01275955	0.01261731	0.000376607	0.235661	0.546415	0.0722862	0.145638
1726	-71.16312	-87.66694	16.50382	0	0	1	1	0.008103257	0.004756181	0.0001200101	0.002694429	0.04518545	0.04518545	0.01635016	0.01635016	0.235661	0.546415	0.0722862	0.145638
1727	-79.14141	-90.40723	11.26582	0	1	1	1	0.008103257	0.01237206	0.002145843	0.002145843	0.03866273	0.03866273	0.01635016	0.01635016	0.16417	0.380652	0.293782	0.161396
1728	-74.98357	-88.6435	13.65993	1	0	0	1	0.004827203	0.004827203	0.001936944	0.003877835	0.07325318	0.0005540948	0.009027483	0.009027483	0.212626	0.197848	0.380494	0.209033
1729	-77.65013	-93.16297	15.51285	1	1	0	1	0.004827203	0.004827203	0.004238149	0.004238149	0.03784325	0.0005599458	0.005872216	0.005872216	0.212626	0.197848	0.380494	0.209033
1730	-71.10072	-91.52798	20.42725	0	0	1	0	0.009899804	0.001909156	0.009229871	0.000276276	0.03784325	0.03784325	0.01136865	0.01377729	0.160996	0.202747	0.389914	0.246343
1731	-71.0005	-92.48795	21.48746	0	1	0	0	0.003584544	0.003834029	0.004208795	0.004208795	0.03692194	0.002004624	0.01136865	0.0163173	0.101089	0.56438	0.179852	0.154678
1732	-72.89715	-90.74426	17.84712	0	1	0	1	0.006376382	0.002520896	0.004208795	0.004208795	0.03692194	0.001516614	0.0179811	0.0179811	0.225167	0.308798	0.121504	0.344531
1733	-66.16339	-92.94684	26.78345	0	1	0	0	0.006376382	0.0005289769	0.0008453438	0.0008453438	0.01754005	0.001458265	0.01506174	0.006135688	0.332653	0.368105	0.179506	0.119736
1734	-64.76971	-90.64743	25.87772	0	1	0	0	0.006376382	0.0009290532	0.001927211	0.001927211	0.02301425	0.003733516	0.01456239	0.002584458	0.245757	0.271948	0.393836	0.0884585
1735	-71.95656	-89.53636	17.5798	1	0	1	0	0.006376382	0.006376382	0.001927211	0.007221269	0.03625283	0.03625283	0.01456239	0.00471473	0.245757	0.271948	0.393836	0.0884585
1736	-69.92899	-85.25089	15.32189	0	0	1	0	0.0105584	0.002847684	0.001084129	0.004433122	0.06030578	0.06030578	0.01456239	0.01971581	0.250622	0.277331	0.381837	0.0902096
1737	-69.25937	-88.65955	19.40018	0	0	1	1	0.0105584	0.002847684	0.0001751295	0.002513328	0.03166501	0.03166501	0.01288253	0.01288253	0.263627	0.0495228	0.584669	0.102181
1738	-69.35003	-85.73679	16.38675	0	0	1	1	0.0105584	0.002507436	2.206604e-05	0.001860066	0.04725739	0.04725739	0.01567374	0.01567374	0.0061938	0.0668358	0.789067	0.137903
1739	-67.25085	-86.5969	19.34605	0	0	1	0	0.0105584	0.0009001096	2.206604e-05	0.01347128	0.05621741	0.05621741	0.007148197	0.002171382	0.0201683	0.0716301	0.768936	0.139265
1740	-79.91963	-87.77541	7.855788	1	0	1	1	0.009185219	0.009185219	2.646288e-05	0.01347128	0.06730851	0.06730851	0.007148197	0.007148197	0.0225394	0.0866125	0.859336	0.0315117
1741	-83.8439	-86.63396	2.790056	1	1	1	1	0.009185219	0.009185219	1.024665e-05	1.024665e-05	0.07208736	0.07208736	0.01529602	0.01529602	0.395306	0.0722212	0.477655	0.0548181
1742	-76.87926	-85.35112	8.471857	1	0	1	1	0.006340053	0.006340053	1.024665e-05	0.002204994	0.07208736	0.07208736	0.01297305	0.01297305	0.229015	0.0177791	0.626961	0.126245
1743	-72.98373	-85.13783	12.15409	0	1	1	0	0.01290068	0.002054613	0.0001684403	0.0001684403	0.07208736	0.07208736	0.01297305	0.001906052	0.207163	0.0182831	0.644731	0.129823
1744	-72.37405	-85.8255	13.45145	0	1	1	0	0.01177748	0.002813443	0.002823238	0.002823238	0.05981896	0.05981896	0.01561601	0.001820127	0.325822	0.0287553	0.441239	0.204184
1745	-67.20438	-91.49013	24.28574	0	0	1	0	0.003573336	0.002813443	0.002823238	0.002277103	0.03295095	0.03295095	0.007356875	0.01043854	0.355235	0.0207917	0.426575	0.197398
1746	-69.48012	-93.88257	24.40245	0	0	1	0	0.003040184	0.006272486	0.002823238	0.007175418	0.03550689	0.03550689	0.006124074	0.0006236315	0.132536	0.027973	0.573912	0.265578
1747	-74.90345	-94.81456	19.91111	1	0	0	1	0.002867143	0.002867143	0.003360507	0.006840565	0.03589515	0.002576767	0.00617943	0.00617943	0.258871	0.0488193	0.184945	0.507365
1748	-77.37618	-95.62271	18.24654	1	1	0	0	0.002712851	0.002712851	0.003360507	0.003360507	0.0508995	0.002418851	0.001998874	0.005850436	0.374637	0.0633175	0.20322	0.358826
1749	-65.47904	-88.18956	22.71053	0	0	0	1	0.008284808	0.000776597	0.003360507	0.001787845	0.04280866	0.002418851	0.01180656	0.01180656	0.334542	0.0565411	0.18147	0.427446
1750	-73.96893	-90.43477	16.46585	0	1	1	0	0.002218977	0.000776597	0.003360507	0.003360507	0.04280866	0.04280866	0.010707	0.01755494	0.444775	0.0751716	0.333893	0.14616
1751	-68.96182	-89.75632	20.79449	0	0	1	0	0.003190728	0.0004105362	0.003360507	0.01022081	0.04280866	0.04280866	0.01785101	0.004361405	0.468492	0.07918	0.298374	0.153954
1752	-75.39181	-87.95273	12.56091	1	0	1	1	0.003190728	0.003190728	0.0002957577	0.006079861	0.04280866	0.04280866	0.01785101	0.01785101	0.257372	0.0655351	0.402779	0.274314
1753	-72.47169	-89.08012	16.60843	1	0	1	0	0.008793999	0.008793999	0.002747965	0.004587467	0.04280866	0.04280866	0.01336259	0.004310416	0.257372	0.0655351	0.402779	0.274314
1754	-69.64493	-89.31147	19.66655	0	1	0	1	0.005741104	0.001252371	0.002747965	0.002747965	0.03967324	0.001926401	0.007777371	0.007777371	0.257372	0.0655351	0.402779	0.274314
1755	-68.83471	-87.17337	18.33866	0	0	1	0	0.006728398	0.001252371	0.002286365	0.003806698	0.03967324	0.03967324	0.01094384	0.03156028	0.270366	0.0183546	0.423115	0.288164
1756	-73.63522	-89.02986	15.39464	0	1	1	0	0.005466129	0.00091519	0.004738149	0.004738149	0.03967324	0.03967324	0.01094384	0.02181752	0.432649	0.0293717	0.0768498	0.46113
1757	-84.53724	-92.25219	7.71495	1	1	1	1	0.01130061	0.01130061	0.004738149	0.004738149	0.03967324	0.03967324	0.01269613	0.01269613	0.451651	0.0306617	0.036304	0.481383
1758	-75.5007	-88.79655	13.29585	1	0	1	1	0.005418008	0.005418008	0.003559203	0.001944179	0.04325504	0.04325504	0.01184572	0.01184572	0.26382	0.132754	0.0720507	0.531375
1759	-75.55585	-89.67157	14.11572	1	0	1	1	0.005418008	0.005418008	0.001279052	0.006290194	0.03613766	0.03613766	0.01220753	0.01220753	0.503272	0.0895742	0.0486152	0.358538
1760	-69.38045	-89.31671	19.93626	0	0	1	0	0.005862359	0.001059116	0.003659835	0.005418492	0.03613766	0.03613766	0.01220753	0.02276782	0.11488	0.503625	0.0349848	0.34651
1761	-72.75054	-86.92594	14.17539	0	1	1	1	0.01038431	0.001349288	0.0009122981	0.0009122981	0.03613766	0.03613766	0.01220753	0.01220753	0.019732	0.0865034	0.834247	0.0595172
1762	-60.26341	-87.3183	27.05489	0	0	0	0	0.01038431	0.0007944401	0.00177089	0.001603032	0.03613766	0.003161631	0.01220753	0.009871418	0.122064	0.0774732	0.747159	0.0533041
1763	-62.36882	-89.9359	27.56707	0	0	0	0	0.01271755	0.0008319124	0.00391772	0.0011823	0.0308673	0.003077056	0.01220753	0.008199833	0.105022	0.121626	0.689669	0.0836827
1764	-70.30512	-94.01306	23.70794	0	1	0	0	0.006566812	0.006668242	0.001665798	0.001665798	0.01778942	0.01959546	0.01220753	0.001045269	0.105022	0.121626	0.689669	0.0836827
1765	-73.32011	-90.34417	17.02406	1	0	1	0	0.006566812	0.006566812	0.003229118	0.007945339	0.03327004	0.03327004	0.0193444	0.003877934	0.0462364	0.0731942	0.785285	0.0952845
1766	-75.98155	-91.61594	15.63438	1	1	0	0	0.007683128	0.007683128	0.003229118	0.003229118	0.03327004	0.0001453875	0.0193444	0.01851063	0.0309584	0.0490085	0.525802	0.394231
1767	-64.79796	-88.20794	23.40998	0	1	0	0	0.007683128	0.0007486787	0.001564606	0.001564606	0.03327004	0.006824884	0.0115425	0.005609077	0.0140167	0.317789	0.381875	0.286319
1768	-69.66361	-91.34522	21.68161	0	1	0	1	0.00720357	0.0007486787	0.0005595471	0.0005595471	0.02075243	0.006775413	0.01155253	0.01155253	0.0140167	0.317789	0.381875	0.286319
1769	-63.71235	-87.75077	24.03842	0	0	1	0	0.00720357	0.001587567	5.476562e-05	0.004553038	0.03329339	0.03329339	0.01155253	0.005403356	0.0177934	0.133977	0.484766	0.363464
1770	-63.59476	-87.7841	24.18934	0	0	1	0	0.01077417	0.0008295639	0.000267898	0.005014663	0.03329339	0.03329339	0.01155253	0.001052736	0.022693	0.170869	0.618253	0.188184
1771	-72.55926	-89.14478	16.58552	0	1	1	1	0.008052877	0.0008295639	0.000477045	0.000477045	0.02580131	0.02580131	0.0120442	0.0120442	0.022693	0.170869	0.618253	0.188184
1772	-65.70489	-84.39006	18.68517	0	0	1	0	0.01063103	0.000430704	0.000477045	0.003644643	0.05849512	0.05849512	0.01369322	0.006897388	0.0355085	0.267365	0.402667	0.294459
1773	-69.15511	-89.09939	19.94428	0	0	1	0	0.00778076	0.005466069	0.001192	0.003676238	0.05849512	0.05849512	0.004762738	0.005694033	0.0506284	0.381212	0.148317	0.419842
1774	-79.89623	-89.77922	9.882987	1	1	1	0	0.005968246	0.005968246	0.0005306839	0.0005306839	0.07060625	0.07060625	0.004762738	0.003676033	0.364999	0.318087	0.123757	0.193157
1775	-68.5593	-87.07073	18.51142	0	0	0	1	0.005968246	0.001395989	0.000243587	0.002142484	0.07060625	0.0005878682	0.01431857	0.01431857	0.430951	0.19487	0.146119	0.228059
1776	-76.31817	-87.13054	10.81237	0	1	1	1	0.01228588	0.001395989	0.0002490517	0.0002490517	0.04423546	0.04423546	0.02206142	0.02206142	0.319418	0.0964681	0.564572	0.0195412
1777	-70.83796	-87.19534	16.35738	0	1	0	1	0.007564711	0.002758417	0.0002490517	0.0002490517	0.04423546	0.001178082	0.02206142	0.02206142	0.0431062	0.135634	0.793785	0.0274748
1778	-76.04075	-90.6472	14.60645	0	1	0	1	0.007564711	0.002797342	0.0002490517	0.0002490517	0.03887699	0.004283331	0.03429111	0.03429111	0.104966	0.330275	0.497856	0.0669026
1779	-77.65294	-89.12852	11.47558	0	1	1	1	0.007564711	0.0005053312	0.0002490517	0.0002490517	0.03887699	0.03887699	0.02923811	0.02923811	0.344202	0.387127	0.190253	0.0784187
1780	-77.15378	-88.25241	11.09863	0	1	1	1	0.007564711	0.0009689226	0.001941637	0.001941637	0.03887699	0.03887699	0.02923811	0.02923811	0.0471256	0.390842	0.482862	0.0791712
1781	-76.10988	-87.4204	11.31052	0	0	1	1	0.007564711	0.004763842	0.004054557	0.0001041366	0.06102045	0.06102045	0.02940781	0.02940781	0.0650607	0.159008	0.666629	0.109302
1782	-67.92047	-87.08453	19.16406	0	0	1	0	0.01086563	0.005751321	0.0005093616	0.006249899	0.05661511	0.05661511	0.008220535	0.00331801	0.058192	0.142221	0.596251	0.203336
1783	-65.21457	-89.45185	24.23728	0	0	0	1	0.01163599	0.001087928	0.0003225348	0.0007790128	0.03428626	0.00617843	0.008220535	0.008220535	0.0627483	0.153357	0.642936	0.140959
1784	-64.51332	-89.036	24.52267	0	0	1	0	0.01163599	0.0003438986	0.001134956	0.002940162	0.03465183	0.03465183	0.008220535	0.001950856	0.0316225	0.40042	0.324013	0.243945
1785	-65.80757	-90.00548	24.19791	0	0	0	1	0.01163599	0.0004519347	0.002598457	0.001366354	0.03465183	0.003810806	0.008220535	0.008220535	0.0256059	0.324235	0.262365	0.387794
1786	-70.26687	-87.61488	17.34801	0	1	0	1	0.01163599	0.0009920462	0.001717579	0.001717579	0.04707125	0.002743256	0.008220535	0.008220535	0.0169162	0.133642	0.493448	0.355993
1787	-70.28202	-87.51656	17.23454	0	1	1	0	0.01163599	0.0008304001	0.001717579	0.001717579	0.04707125	0.04707125	0.008220535	0.003553958	0.039149	0.309287	0.0973917	0.554172
1788	-84.28274	-87.45489	3.172148	1	1	1	0	0.005283915	0.005283915	0.001717579	0.001717579	0.1081429	0.1081429	0.008220535	0.000565498	0.0668317	0.527988	0.166259	0.238922
1789	-76.3519	-86.90578	10.55387	0	1	1	1	0.005731133	0.002710345	0.002981923	0.002981923	0.0620625	0.0620625	0.008220535	0.008220535	0.0721982	0.279908	0.157104	0.49079
1790	-74.62119	-87.83466	13.21347	1	0	1	0	0.005731133	0.005731133	0.001898637	0.009797238	0.0620625	0.0620625	0.008536855	0.008004136	0.0656977	0.380761	0.179029	0.374512
1791	-73.89561	-88.15939	14.26378	0	1	1	0	0.004763748	0.006775625	0.00289307	0.00289307	0.0620625	0.0620625	0.008536855	0.004990833	0.0461905	0.267704	0.422795	0.26331
1792	-69.70741	-92.98255	23.27514	0	0	0	1	0.004763748	0.003547522	0.00289307	0.00456329	0.0249023	0.01880742	0.008536855	0.008536855	0.0461905	0.267704	0.422795	0.26331
1793	-66.70353	-92.42294	25.7194	0	1	0	0	0.002865351	0.002864573	0.001564821	0.001564821	0.0265708	0.0007077996	0.01352793	0.005931569	0.0322026	0.186635	0.519627	0.261535
1794	-75.38277	-88.61938	13.2366	1	1	1	0	0.003079753	0.003079753	0.00212489	0.00212489	0.0435476	0.0435476	0.01352793	0.004080863	0.0280836	0.162763	0.453162	0.355992
1795	-76.4782	-91.13431	14.65611	1	0	1	1	0.003079753	0.003079753	0.005545656	0.0002757507	0.03581227	0.03581227	0.01352793	0.01352793	0.0280836	0.162763	0.453162	0.355992
1796	-74.75127	-87.97963	13.22836	1	0	1	1	0.005613429	0.005613429	0.001626117	0.005150689	0.04049003	0.04049003	0.01352793	0.01352793	0.0280836	0.162763	0.453162	0.355992
1797	-72.81909	-89.61681	16.79772	0	1	1	1	0.005613429	0.0006722613	0.001626117	0.001626117	0.02375254	0.02375254	0.01432688	0.01432688	0.0030011	0.107356	0.654836	0.234807
1798	-78.75823	-97.06645	18.30822	1	0	1	0	0.003985424	0.003985424	0.01222724	0.004468675	0.02898166	0.02898166	0.01176838	0.005456784	0.0222187	0.105287	0.642214	0.230281
1799	-74.95981	-91.18777	16.22796	0	1	1	1	0.003985424	0.002157162	0.003015943	0.003015943	0.02557865	0.02557865	0.0145131	0.0145131	0.0277295	0.1314	0.553473	0.287397
1800	-74.87958	-86.4875	11.60792	1	0	1	1	0.003985424	0.003985424	0.0005210453	0.001099966	0.05555768	0.05555768	0.0145131	0.0145131	0.0136538	0.383612	0.26715	0.335584
1801	-72.18713	-86.18011	13.99298	1	0	1	0	0.005946156	0.005946156	0.0005210453	0.002800039	0.05555768	0.05555768	0.0145131	0.01223361	0.0155324	0.436392	0.16632	0.381756
1802	-75.53742	-88.26053	12.72311	0	1	1	0	0.005946156	0.007309773	0.004530307	0.004530307	0.05974566	0.05974566	0.0145131	0.006790405	0.0134833	0.510744	0.144379	0.331394
1803	-81.3322	-91.59776	10.26556	1	1	1	1	0.004654671	0.004654671	0.004530307	0.004530307	0.03012036	0.03012036	0.0145131	0.0145131	0.0233144	0.0924368	0.249649	0.634599
1804	-78.73961	-93.966	15.22639	1	1	1	0	0.001930628	0.001930628	0.004530307	0.004530307	0.03012036	0.03012036	0.01172529	0.006672724	0.0421012	0.141055	0.450817	0.366027
1805	-70.6222	-90.70897	20.08677	1	0	1	0	0.00743344	0.00743344	0.0003082495	0.002418984	0.02846393	0.02846393	0.01172529	0.006364855	0.0934491	0.196377	0.62763	0.082544
1806	-75.78006	-88.18323	12.40317	0	1	0	1	0.00743344	0.007839324	0.0003407467	0.0003407467	0.05750751	0.01581919	0.01172529	0.01172529	0.151311	0.31797	0.397066	0.133653
1807	-71.5122	-85.92338	14.41118	0	1	1	0	0.00743344	0.0004193248	9.490802e-05	9.490802e-05	0.05750751	0.05750751	0.01172529	0.01199905	0.151311	0.31797	0.397066	0.133653
1808	-77.91957	-89.78421	11.86464	1	1	0	1	0.00743344	0.00743344	9.490802e-05	9.490802e-05	0.04660071	0.007968926	0.01211078	0.01211078	0.144243	0.303117	0.393447	0.159193
1809	-79.76316	-88.73929	8.976129	1	1	1	1	0.00743344	0.00743344	0.0004285835	0.0004285835	0.04122129	0.04122129	0.01211078	0.01211078	0.344821	0.200966	0.191603	0.26261
1810	-65.13851	-87.51895	22.38044	0	0	1	0	0.00743344	0.003614258	0.0004285835	0.006100577	0.04313722	0.04313722	0.01120313	0.001214715	0.412289	0.0539084	0.21981	0.313993
1811	-78.41381	-86.85027	8.436462	1	0	1	1	0.00743344	0.00743344	0.0005403026	0.0120557	0.0547938	0.0547938	0.01899492	0.01899492	0.207273	0.125286	0.139051	0.52839
1812	-67.03398	-85.78264	18.74865	0	0	1	0	0.00743344	0.004182663	0.0005403026	0.003984995	0.0547938	0.0547938	0.0223797	0.0005911102	0.142102	0.0858928	0.0929988	0.679007
1813	-69.97272	-88.68765	18.71493	0	1	1	0	0.00743344	0.001382635	0.0001947995	0.0001947995	0.03428904	0.03428904	0.01821216	0.003049705	0.50369	0.05628	0.0888126	0.351218
1814	-64.92101	-89.33411	24.4131	0	0	0	1	0.00743344	0.000306333	0.0001891549	0.001715279	0.03428904	0.002253326	0.0153184	0.0153184	0.058956	0.338073	0.121699	0.481271
1815	-71.68279	-86.83589	15.1531	0	1	1	0	0.00743344	0.000306333	0.001304276	0.001304276	0.03428904	0.03428904	0.0153184	0.02628417	0.116397	0.0462009	0.403182	0.434219
1816	-63.56298	-87.69288	24.12989	0	0	0	1	0.00743344	0.0003068203	0.001304276	0.001448048	0.03376096	0.003460885	0.01541052	0.01541052	0.15681	0.0481628	0.34237	0.452658
1817	-76.69046	-86.50272	9.812264	1	1	1	0	0.004199447	0.004199447	0.001304276	0.001304276	0.05568164	0.05568164	0.01386283	0.0109003	0.124582	0.243784	0.272006	0.359628
1818	-76.53178	-87.22523	10.69345	1	1	1	0	0.004481759	0.004481759	0.001615631	0.001615631	0.05568164	0.05568164	0.009420342	0.00970868	0.120249	0.235304	0.529858	0.114589
1819	-76.62004	-87.9731	11.35305	0	1	1	1	0.00458746	0.003934297	0.003511324	0.003511324	0.05568164	0.05568164	0.009420342	0.009420342	0.117065	0.229074	0.515828	0.138033
1820	-70.7262	-89.72651	19.0003	0	1	0	1	0.00458746	0.002417142	0.003511324	0.003511324	0.0399493	0.003043843	0.009420342	0.009420342	0.136105	0.0845864	0.599726	0.179582
1821	-74.93355	-88.26048	13.32693	0	1	1	1	0.01156	0.003196005	0.001718705	0.001718705	0.0399493	0.0399493	0.009420342	0.009420342	0.0761242	0.1009	0.335429	0.487547
1822	-76.14098	-88.97212	12.83114	0	1	1	1	0.01156	0.003196005	0.001718705	0.001718705	0.03294147	0.03294147	0.01926412	0.01926412	0.087167	0.115537	0.341958	0.455339
1823	-66.61191	-94.18061	27.56869	0	0	0	0	0.01086833	0.003196005	0.001775198	0.007994472	0.03294147	0.0009211621	0.004338288	0.01095702	0.224927	0.144595	0.427962	0.202516
1824	-76.22737	-93.65377	17.42639	0	1	1	0	0.01057662	0.002176451	0.001775198	0.001775198	0.04167323	0.04167323	0.002113968	0.01361682	0.229658	0.126601	0.436965	0.206776
1825	-66.57566	-88.8961	22.32044	0	0	1	0	0.009828505	0.002176451	0.001775198	0.00089735	0.04167323	0.04167323	0.005652338	0.01147208	0.158776	0.0399198	0.658348	0.142956
1826	-67.25242	-90.83663	23.58421	0	0	0	1	0.01224199	0.002176451	0.001775198	0.0004097374	0.04167323	0.002854328	0.005115376	0.005115376	0.256581	0.0754329	0.397855	0.270131
1827	-71.42904	-88.47436	17.04532	0	1	1	0	0.008258365	0.004198873	0.001775198	0.001775198	0.0363023	0.0363023	0.02048657	0.003090764	0.266132	0.116697	0.19927	0.417901
1828	-79.58208	-90.5726	10.99052	1	1	1	1	0.004193989	0.004193989	0.001775198	0.001775198	0.0363023	0.0363023	0.007400145	0.007400145	0.266132	0.116697	0.19927	0.417901
1829	-74.34427	-89.55868	15.21441	1	0	1	1	0.004193989	0.004193989	0.001775198	0.002141521	0.0363023	0.0363023	0.01063486	0.01063486	0.296391	0.156665	0.267519	0.279425
1830	-62.41682	-96.4572	34.04038	0	0	0	0	0.004193989	0.002539867	0.001775198	0.0002442121	0.01472453	0.002348416	0.009731763	0.0004154616	0.251242	0.285128	0.226768	0.236861
1831	-78.96931	-98.64833	19.67903	1	1	0	1	0.004193989	0.004193989	0.001775198	0.001775198	0.01472453	0.00302679	0.005789432	0.005789432	0.169946	0.192867	0.381236	0.255951
1832	-72.93641	-96.84581	23.9094	1	0	1	0	0.006181206	0.006181206	0.001775198	0.0001411525	0.01920773	0.01920773	0.005789432	0.001754315	0.694383	0.0857449	0.16949	0.050382
1833	-77.30273	-91.67242	14.36969	1	1	1	0	0.006181206	0.006181206	0.001775198	0.001775198	0.02642937	0.02642937	0.01114217	0.01435173	0.414795	0.164187	0.324545	0.0964733
1834	-78.35031	-91.63163	13.28133	0	1	1	1	0.002422564	0.006292122	0.0004061371	0.0004061371	0.04133566	0.04133566	0.01564872	0.01564872	0.703219	0.16902	0.0284485	0.0993127
1835	-80.11587	-92.45533	12.33945	1	1	0	1	0.00301717	0.00301717	0.003892903	0.003892903	0.04133566	0.007598341	0.01564872	0.01564872	0.703219	0.16902	0.0284485	0.0993127
1836	-73.70799	-89.30649	15.5985	0	1	1	0	0.009711907	0.0009491393	0.002923127	0.002923127	0.04133566	0.04133566	0.02555823	0.001909919	0.703219	0.16902	0.0284485	0.0993127
1837	-74.99165	-88.53852	13.54686	0	1	1	0	0.008191857	0.002612022	0.002923127	0.002923127	0.04133566	0.04133566	0.02020012	0.01886067	0.59481	0.142964	0.0169847	0.245241
1838	-72.2752	-86.40177	14.12657	0	1	1	0	0.008877805	0.0005953191	0.0003303825	0.0003303825	0.04726572	0.04726572	0.02130924	0.01242902	0.147169	0.465952	0.0813555	0.305523
1839	-76.89537	-88.53224	11.63686	1	0	1	1	0.005737562	0.005737562	0.002455341	0.0002104231	0.04579909	0.04579909	0.02130924	0.02130924	0.646588	0.100854	0.186429	0.0661296
1840	-80.37903	-87.86	7.480963	1	1	1	1	0.00508033	0.00508033	0.002455341	0.002455341	0.04579909	0.04579909	0.01641178	0.01641178	0.302593	0.214752	0.169568	0.313086
1841	-71.3532	-86.68026	15.32706	0	1	1	0	0.009680453	0.002816076	0.003101484	0.003101484	0.04836091	0.04836091	0.01635739	0.003624315	0.246442	0.169991	0.526537	0.0570301
1842	-73.65979	-86.46898	12.80919	0	1	1	1	0.009680453	0.000756299	0.001094198	0.001094198	0.03820722	0.03820722	0.01906768	0.01906768	0.158826	0.159142	0.615379	0.0666527
1843	-74.09685	-86.76861	12.67176	0	1	1	1	0.009680453	0.001542409	0.001094198	0.001094198	0.03820722	0.03820722	0.01906768	0.01906768	0.177409	0.177762	0.570378	0.0744511
1844	-70.98442	-87.80103	16.81661	0	1	1	0	0.009680453	0.0006616544	0.003278157	0.003278157	0.04045977	0.04045977	0.01906768	0.00227256	0.330528	0.294212	0.236551	0.138709
1845	-74.67241	-84.92996	10.25755	0	1	1	1	0.009680453	0.0006616544	0.001070294	0.001070294	0.05645278	0.05645278	0.01553624	0.01553624	0.409741	0.195191	0.303043	0.0920245
1846	-75.64371	-85.91892	10.27521	0	1	1	1	0.005154945	0.001312016	0.001070294	0.001070294	0.05645278	0.05645278	0.01931035	0.01931035	0.493473	0.167502	0.260055	0.0789703
1847	-78.50591	-87.96286	9.456958	0	1	1	1	0.01557618	0.001312016	0.001070294	0.001070294	0.05071202	0.05071202	0.01931035	0.01931035	0.424389	0.39316	0.114536	0.0679148
1848	-71.96495	-86.45534	14.49039	0	0	1	0	0.008467514	0.002728721	0.0001242364	0.01741946	0.06351362	0.06351362	0.00887184	0.01713818	0.0440843	0.471414	0.127196	0.357305
1849	-73.9946	-87.49936	13.50476	0	0	1	0	0.006085786	0.002775954	0.001149093	0.02117491	0.08069692	0.08069692	0.01105694	0.000961835	0.285319	0.352448	0.0950967	0.267136
1850	-73.57868	-84.57506	10.99638	0	0	1	1	0.01317389	0.001995607	0.001443882	0.0003451847	0.08069692	0.08069692	0.01105694	0.01105694	0.208911	0.134987	0.460504	0.195597
1851	-70.77658	-86.68193	15.90536	0	0	0	1	0.01317389	0.001758715	0.001443882	0.00846855	0.06551636	0.008751528	0.01105694	0.01105694	0.155372	0.100393	0.598766	0.14547
1852	-75.30896	-92.00358	16.69462	0	1	0	1	0.01317389	0.005874191	0.001443882	0.001443882	0.03132868	0.01324051	0.01105694	0.01105694	0.178144	0.19974	0.247885	0.37423
1853	-70.76119	-91.8065	21.04531	0	1	1	0	0.003109137	0.002576276	0.002903993	0.002903993	0.03132868	0.03132868	0.01105694	0.0002568417	0.242138	0.238034	0.295409	0.224418
1854	-74.81621	-86.85568	12.03947	0	1	1	1	0.006399988	0.001917673	0.002903993	0.002903993	0.05093014	0.05093014	0.01105694	0.01105694	0.291721	0.286777	0.341326	0.0801763
1855	-73.29388	-87.58802	14.29415	0	1	1	0	0.01289299	0.001917673	0.002903993	0.002903993	0.05400093	0.05400093	0.01542986	0.002703505	0.63482	0.202629	0.131026	0.0315243
1856	-65.83382	-90.80938	24.97556	0	0	0	1	0.005575857	0.001917673	0.002903993	0.00157792	0.02470283	0.00617957	0.01542986	0.01542986	0.356178	0.0484339	0.479921	0.115467
1857	-69.15874	-90.35227	21.19353	0	1	0	1	0.006116254	0.001917673	0.001231329	0.001231329	0.02315942	0.002529452	0.01542986	0.01542986	0.137816	0.0187405	0.625334	0.218109
1858	-68.63435	-90.29476	21.66041	0	1	1	0	0.004634573	0.00034671	0.0008294593	0.0008294593	0.02315942	0.02315942	0.01155302	0.007190223	0.113224	0.019275	0.643171	0.224331
1859	-79.36495	-90.68327	11.31832	1	1	1	1	0.004817942	0.004817942	0.00228451	0.00228451	0.03130466	0.03130466	0.009389484	0.009389484	0.085578	0.258737	0.486129	0.169556
1860	-67.93017	-88.31802	20.38785	0	1	1	0	0.006822297	0.0008258517	0.0008541548	0.0008541548	0.03237238	0.03237238	0.009389484	0.004728402	0.0721927	0.218268	0.455136	0.254404
1861	-72.51622	-88.8333	16.31707	0	1	1	1	0.006822297	0.0008258517	0.0005016246	0.0005016246	0.03237238	0.03237238	0.008218373	0.008218373	0.050917	0.223273	0.465572	0.260238
1862	-71.36255	-86.17478	14.81222	0	1	1	0	0.006822297	0.0006666384	0.003234058	0.003234058	0.06640303	0.06640303	0.008218373	0.001541128	0.0562705	0.274882	0.573189	0.0956579
1863	-71.11175	-89.55201	18.44026	0	0	1	0	0.005951081	0.008805605	0.001981878	0.001785194	0.06640303	0.06640303	0.005207331	0.005535946	0.103823	0.412371	0.307311	0.176496
1864	-70.5589	-91.56723	21.00833	0	0	1	1	0.006815906	0.002663208	0.001981878	0.002604213	0.03217083	0.03217083	0.005207331	0.005207331	0.123859	0.298969	0.366616	0.210556
1865	-76.7098	-93.47577	16.76597	1	1	0	0	0.006815906	0.006815906	0.004529627	0.004529627	0.03217083	0.01236762	0.008179203	0.01164675	0.689954	0.105798	0.129737	0.074511
1866	-80.45522	-89.30275	8.847532	1	1	1	1	0.006815906	0.006815906	0.0007806009	0.0007806009	0.04615396	0.04615396	0.008179203	0.008179203	0.508292	0.224125	0.109737	0.157846
1867	-71.02363	-86.44189	15.41826	0	1	1	0	0.01116604	0.001217456	0.0007806009	0.0007806009	0.04615396	0.04615396	0.0183719	0.005728993	0.266082	0.317959	0.16607	0.249889
1868	-66.18035	-89.971	23.79065	0	0	0	1	0.008993092	0.001217456	0.003050508	0.0009971367	0.02522232	0.007213059	0.0183719	0.0183719	0.118396	0.141479	0.628934	0.111191
1869	-62.7256	-90.57647	27.85087	0	0	0	0	0.007263458	0.001217456	0.001856892	0.007452491	0.02522232	0.007213059	0.01250466	0.008647532	0.135615	0.229028	0.521099	0.114257
1870	-77.37371	-94.43269	17.05898	0	1	1	0	0.007263458	0.009546354	0.0004146748	0.0004146748	0.02522232	0.02522232	0.02718447	0.004402646	0.114801	0.616644	0.171834	0.0967209
1871	-68.30637	-88.80336	20.49699	0	0	1	1	0.007263458	0.0009985544	0.001688757	0.0003007045	0.03389151	0.03389151	0.01022531	0.01022531	0.114801	0.616644	0.171834	0.0967209
1872	-71.78448	-87.79124	16.00676	1	0	1	0	0.007263458	0.007263458	0.001688757	0.003784495	0.0489632	0.0489632	0.01022531	0.008127453	0.259713	0.132735	0.38874	0.218812
1873	-74.33303	-89.09344	14.76041	0	1	1	1	0.006790194	0.003506714	0.002498496	0.002498496	0.03462403	0.03462403	0.01022531	0.01022531	0.259713	0.132735	0.38874	0.218812
1874	-69.12761	-89.60725	20.47964	0	0	1	1	0.005216607	0.002108698	0.0001521005	0.005549082	0.03462403	0.03462403	0.006816994	0.006816994	0.0980205	0.0500967	0.146718	0.705165
1875	-77.23969	-88.74224	11.50255	1	1	1	0	0.005216607	0.005216607	0.001466484	0.001466484	0.03462403	0.03462403	0.01372314	0.02124967	0.0134743	0.0547925	0.16047	0.771263
1876	-70.99296	-88.32539	17.33243	1	0	1	0	0.005216607	0.005216607	0.001466484	0.005714562	0.04889298	0.04889298	0.008196984	0.002982135	0.0105614	0.0429473	0.182696	0.763795
1877	-75.52186	-97.44584	21.92397	1	0	0	1	0.00963648	0.00963648	0.0007896085	0.003141245	0.01798508	0.00645643	0.008196984	0.008196984	0.00770362	0.0313264	0.403847	0.557123
1878	-71.83774	-93.95918	22.12144	0	1	0	1	0.009995183	0.001879279	0.001008192	0.001008192	0.01798508	0.006011612	0.008196984	0.008196984	0.00770362	0.0313264	0.403847	0.557123
1879	-61.17016	-88.51844	27.34828	0	0	0	0	0.009995183	0.001790712	0.003123362	0.00058313	0.03965257	0.006617597	0.0100468	0.00244334	0.00770362	0.0313264	0.403847	0.557123
1880	-65.2494	-87.22534	21.97594	0	0	1	0	0.009498401	0.003932565	0.001694124	0.001390934	0.03965257	0.03965257	0.01375548	0.005521638	0.245155	0.0536027	0.691023	0.0102194
1881	-79.98061	-93.21775	13.23715	0	1	1	1	0.01172792	0.008082099	0.000603849	0.000603849	0.03965257	0.03965257	0.006291479	0.006291479	0.249714	0.665689	0.0741866	0.0104095
1882	-68.79815	-88.00695	19.2088	0	0	1	0	0.01172792	0.005002384	0.001792283	0.002486828	0.05435861	0.05435861	0.01165276	0.004253172	0.439255	0.411938	0.130496	0.0183106
1883	-76.04589	-89.17713	13.13123	0	1	1	1	0.009376479	0.005002384	0.001792283	0.001792283	0.03913985	0.03913985	0.01165276	0.01165276	0.262483	0.541799	0.171634	0.024083
1884	-68.70446	-89.9282	21.22374	0	0	0	1	0.007358802	0.005002384	0.001792283	0.003863201	0.05139164	0.001506283	0.008833741	0.008833741	0.137767	0.703294	0.139382	0.0195574
1885	-66.46237	-88.96211	22.49974	0	0	0	1	0.004719608	0.002104095	0.001792283	0.001504905	0.05139164	0.00146746	0.009469561	0.009469561	0.209447	0.633423	0.127397	0.029733
1886	-71.53067	-90.85698	19.32631	0	1	0	1	0.005270691	0.00195868	0.001792283	0.001792283	0.0281008	0.008099246	0.01584292	0.01584292	0.0977055	0.722955	0.145404	0.0339356
1887	-72.44017	-93.29628	20.85611	0	1	1	0	0.004946656	0.004155666	0.001792283	0.001792283	0.02784181	0.02784181	0.005922259	0.007655407	0.175639	0.516189	0.261384	0.0467876
1888	-70.37114	-93.7712	23.40006	0	1	0	0	0.01251693	0.003628901	0.003684825	0.003684825	0.02228964	0.01241116	0.01066029	0.002107899	0.164367	0.138128	0.670147	0.0273579
1889	-66.07648	-92.19774	26.12127	0	0	1	0	0.008257304	0.003628901	0.002734287	0.001920654	0.02228964	0.02228964	0.01084652	0.002056857	0.115535	0.394183	0.471052	0.0192301
1890	-73.32103	-92.52357	19.20254	0	0	1	1	0.01059939	0.005795793	0.001278002	0.002459561	0.02228964	0.02228964	0.0193502	0.0193502	0.115535	0.394183	0.471052	0.0192301
1891	-77.67705	-87.31587	9.638826	1	1	0	1	0.004611535	0.004611535	0.001278002	0.001278002	0.05620929	0.005491538	0.0193502	0.0193502	0.268698	0.112871	0.612924	0.00550639
1892	-71.81203	-87.08961	15.27758	0	1	1	0	0.00853737	0.003161206	0.00356346	0.00356346	0.05620929	0.05620929	0.01042986	0.002322471	0.500589	0.0770804	0.41857	0.00376036
1893	-65.21052	-84.82847	19.61795	0	0	0	1	0.006241639	0.0006326903	0.001942427	0.001516145	0.05620929	0.00747815	0.01491325	0.01491325	0.0883835	0.0719626	0.830811	0.00884258
1894	-73.20536	-88.01884	14.81348	0	1	1	1	0.006241639	0.002071402	0.001942427	0.001942427	0.03763685	0.03763685	0.009448903	0.009448903	0.285418	0.125804	0.57332	0.0154585
1895	-68.70498	-88.00334	19.29835	0	1	1	0	0.006241639	0.002071402	0.001942427	0.001942427	0.03763685	0.03763685	0.009448903	0.003883328	0.300489	0.091282	0.603594	0.00463541
1896	-70.17817	-86.22042	16.04225	0	0	1	1	0.006453596	0.003401218	0.001942427	0.001054548	0.05768015	0.05768015	0.00931775	0.00931775	0.280037	0.0939509	0.621242	0.00477094
1897	-74.42812	-88.60702	14.1789	1	1	1	0	0.00671516	0.00671516	0.001942427	0.001942427	0.04012926	0.04012926	0.0113313	0.0008529006	0.213042	0.211594	0.564618	0.010745
1898	-72.98869	-88.30096	15.31227	0	1	0	1	0.00671516	0.001325012	0.001942427	0.001942427	0.05195972	0.01075158	0.0113313	0.0113313	0.0397852	0.866929	0.0517947	0.041491
1899	-67.27138	-88.55745	21.28606	0	0	1	1	0.007045831	0.001245382	0.000375031	0.001845631	0.02801155	0.02801155	0.0113313	0.0113313	0.0104025	0.146647	0.835933	0.00701846
1900	-61.72994	-86.06103	24.33109	0	0	0	0	0.007045831	0.001245382	0.000375031	0.004676609	0.05296442	0.002500117	0.01118744	0.01151641	0.00219397	0.030929	0.965397	0.00148025
1901	-60.36764	-86.39619	26.02855	0	0	0	0	0.00600489	0.0004053881	0.002102636	0.0007358785	0.03938811	0.00166417	0.01741757	0.01408302	0.00875018	0.211423	0.773923	0.00590366
1902	-72.50269	-87.07464	14.57195	0	1	1	1	0.00600489	0.0004053881	0.001556954	0.001556954	0.03333795	0.03333795	0.01741757	0.01741757	0.00128143	0.213016	0.779754	0.00594815
1903	-70.17058	-86.97065	16.80007	0	1	1	0	0.006522504	0.0009132511	0.0007437757	0.0007437757	0.03333795	0.03333795	0.01741757	0.01657983	0.0251804	0.0701527	0.787784	0.116882
1904	-69.77415	-90.55649	20.78234	0	1	0	1	0.006522504	0.0009132511	0.0005448677	0.0005448677	0.03333795	0.005564337	0.005853132	0.005853132	0.0961251	0.267805	0.422271	0.213799
1905	-70.5344	-90.31287	19.77846	1	0	1	0	0.003583867	0.003583867	0.001262557	0.004309895	0.03333795	0.03333795	0.009728302	0.006255719	0.0488146	0.152151	0.359512	0.439522
1906	-69.95585	-90.07573	20.11988	1	0	1	0	0.004537598	0.004537598	0.001893469	0.004035144	0.03333795	0.03333795	0.009728302	0.002992913	0.0297678	0.0927837	0.609422	0.268027
1907	-62.52696	-90.03735	27.51039	0	0	0	0	0.003260176	0.001813069	0.001497309	0.005011325	0.03333795	0.009645534	0.01733379	0.001426262	0.014897	0.137458	0.678773	0.168872
1908	-68.18083	-89.23646	21.05563	0	1	0	0	0.008637336	0.001813069	0.002293226	0.002293226	0.03333795	0.005844928	0.008971967	0.0198115	0.0164888	0.152145	0.529671	0.301695
1909	-69.56665	-88.42735	18.8607	0	1	0	1	0.008637336	0.001813069	0.002293226	0.002293226	0.03333795	0.005720613	0.01192575	0.01192575	0.0198778	0.183417	0.638539	0.158166
1910	-70.51	-86.23342	15.72341	0	0	1	1	0.008637336	0.003742071	0.001834238	0.0003968828	0.04777915	0.04777915	0.01928377	0.01928377	0.165887	0.194281	0.472298	0.167534
1911	-71.95879	-87.89526	15.93648	1	0	1	0	0.008637336	0.008637336	0.001834238	0.0005633949	0.04777915	0.04777915	0.01835704	0.003283565	0.434176	0.127401	0.328561	0.109862
1912	-71.1552	-91.33496	20.17976	1	0	1	0	0.004518607	0.004518607	0.002780222	0.0005633949	0.02989963	0.02989963	0.01818151	0.0002394892	0.118184	0.405476	0.140872	0.335468
1913	-68.60378	-89.13708	20.53329	0	1	1	0	0.00641564	0.0004793979	0.000774363	0.000774363	0.02989963	0.02989963	0.0120825	0.004509074	0.268759	0.132174	0.0626331	0.536433
1914	-72.59937	-88.13239	15.53301	0	1	1	1	0.006231588	0.0004769609	0.000774363	0.000774363	0.03365999	0.03365999	0.0120825	0.0120825	0.284121	0.139729	0.00905573	0.567094
1915	-68.25254	-88.02862	19.77609	0	0	1	1	0.005902048	5.628592e-05	0.000774363	0.00601669	0.03365999	0.03365999	0.0120825	0.0120825	0.284121	0.139729	0.00905573	0.567094
1916	-68.3751	-90.97245	22.59735	0	0	1	0	0.01541978	0.003217702	0.0001564294	0.00601669	0.03365999	0.03365999	0.0120825	0.001338084	0.444876	0.0832957	0.133769	0.338059
1917	-71.65639	-92.07864	20.42226	0	0	1	0	0.01541978	0.002223772	0.00119724	0.004868578	0.03365999	0.03365999	0.006646152	0.02031736	0.362836	0.067935	0.109101	0.460128
1918	-75.64141	-84.04285	8.401436	0	1	1	1	0.007088744	0.0017537	0.00119724	0.00119724	0.06755248	0.06755248	0.01642635	0.01642635	0.206608	0.0386839	0.103902	0.650806
1919	-77.3455	-85.02258	7.677079	0	1	1	1	0.008106352	0.003277306	0.0027994	0.0027994	0.06755248	0.06755248	0.01642635	0.01642635	0.239055	0.0405029	0.0390322	0.68141
1920	-76.01328	-90.97777	14.96449	0	1	1	1	0.00305772	0.002580725	0.002018242	0.002018242	0.02980675	0.02980675	0.01901397	0.01901397	0.210374	0.0425959	0.0304086	0.716622
1921	-79.16901	-91.74094	12.57193	1	0	1	1	0.005731503	0.005731503	0.002018242	0.01359252	0.02980675	0.02980675	0.01901397	0.01901397	0.209345	0.0878524	0.0627165	0.640086
1922	-73.08764	-89.56324	16.4756	0	1	1	0	0.002919225	0.004001886	0.002018242	0.002018242	0.03830692	0.03830692	0.01901397	0.01111066	0.132456	0.0555858	0.406964	0.404994
1923	-74.60537	-90.86688	16.2615	0	1	1	0	0.003435866	0.001577554	0.005006236	0.005006236	0.03830692	0.03830692	0.02195967	0.008309289	0.133199	0.3413	0.118235	0.407266
1924	-71.31535	-90.01708	18.70173	0	1	0	0	0.003435866	0.003172738	0.000425505	0.000425505	0.03830692	0.02109155	0.02195967	0.005782182	0.0950626	0.243582	0.294874	0.366481
1925	-74.65406	-90.05212	15.39806	0	1	0	1	0.003435866	0.0005618488	0.000425505	0.000425505	0.03642009	0.02073154	0.02195967	0.02195967	0.141195	0.420046	0.0130724	0.425686
1926	-77.5142	-88.55992	11.04573	0	1	1	1	0.002014882	0.0006993747	0.002694786	0.002694786	0.05465784	0.05465784	0.0188261	0.0188261	0.141195	0.420046	0.0130724	0.425686
1927	-71.49279	-87.26584	15.77305	0	1	1	0	0.005355372	0.00076584	0.002694786	0.002694786	0.05465784	0.05465784	0.007192856	0.01072286	0.113621	0.338016	0.0105195	0.537843
1928	-73.91935	-91.51129	17.59194	0	0	1	1	0.01105228	0.007082393	0.0008788231	0.0007566425	0.03117461	0.03117461	0.02004061	0.02004061	0.0896054	0.477939	0.00829601	0.42416
1929	-73.28238	-87.91269	14.63032	1	0	1	0	0.007225443	0.007225443	0.0008927845	0.0002237473	0.047902	0.047902	0.0235028	0.008179274	0.0896054	0.477939	0.00829601	0.42416
1930	-69.20661	-87.1337	17.92709	0	0	1	1	0.0085293	0.003135576	0.0008927845	0.0003361251	0.047902	0.047902	0.00827246	0.00827246	0.157175	0.0842656	0.0145518	0.744008
1931	-66.26511	-85.44823	19.18311	0	0	1	0	0.0085293	0.002721884	0.002809525	0.000797691	0.05672576	0.05672576	0.01637316	0.003463559	0.168258	0.0196905	0.015578	0.796473
1932	-78.11443	-89.14979	11.03537	1	1	1	0	0.0085293	0.0085293	0.0002908077	0.0002908077	0.04944642	0.04944642	0.01637316	0.004312558	0.78643	0.0920322	0.0983978	0.02314
1933	-64.97058	-88.79362	23.82304	0	0	1	0	0.006044611	0.00111624	0.0002908077	0.005569549	0.03117325	0.03117325	0.01637316	0.004312558	0.453142	0.104027	0.138931	0.303901
1934	-78.09768	-90.84654	12.74886	1	1	1	0	0.006758541	0.006758541	0.001391673	0.001391673	0.03117325	0.03117325	0.01699246	0.01283504	0.659698	0.0647343	0.0864543	0.189113
1935	-73.53806	-86.00802	12.46996	0	1	1	1	0.006758541	0.0005740995	0.001391673	0.001391673	0.04502951	0.04502951	0.01699246	0.01699246	0.435506	0.109299	0.147987	0.307209
1936	-71.58839	-88.38864	16.80025	0	0	1	1	0.004389161	0.0005740995	0.001391673	0.01465262	0.03751387	0.03751387	0.01699246	0.01699246	0.186035	0.0913317	0.465926	0.256707
1937	-70.0494	-91.41921	21.36981	0	0	1	1	0.005554092	0.002170026	0.001391673	0.0007163582	0.02255105	0.02255105	0.01699246	0.01699246	0.0328204	0.0766465	0.101999	0.788534
1938	-61.57159	-88.92002	27.34843	0	0	0	0	0.004785962	0.002170026	0.001391673	0.001032917	0.03576288	0.006048332	0.01904312	0.004016944	0.109902	0.256657	0.341554	0.291887
1939	-65.98127	-88.66924	22.68797	0	0	1	0	0.006773824	0.002170026	0.001400627	0.009162917	0.03576288	0.03576288	0.01328772	0.002814867	0.335524	0.301044	0.253962	0.109471
1940	-66.79606	-88.23894	21.44288	0	0	1	0	0.006773824	0.002742832	0.0004027546	0.007327165	0.03576288	0.03576288	0.02267865	0.002806756	0.0304586	0.228001	0.192342	0.549198
1941	-73.65431	-89.85639	16.20208	0	1	1	1	0.005622681	0.002742832	0.0004027546	0.0004027546	0.03048563	0.03048563	0.01014441	0.01014441	0.0565351	0.423199	0.338006	0.18226
1942	-64.46643	-89.12511	24.65868	0	0	0	1	0.005622681	0.002405609	0.001883143	0.0005280902	0.03597577	0.003540548	0.01014441	0.01014441	0.0567502	0.421005	0.339292	0.182953
1943	-76.64415	-88.81172	12.16757	1	1	1	0	0.003201214	0.003201214	0.001883143	0.001883143	0.04596551	0.04596551	0.009186354	0.01223976	0.0394784	0.292873	0.540377	0.127272
1944	-76.07562	-87.03212	10.9565	1	0	1	0	0.003201214	0.003201214	0.0004881965	0.007078451	0.07590842	0.07590842	0.009186354	0.01307787	0.0353303	0.262101	0.58867	0.113899
1945	-76.45652	-86.60989	10.15338	1	0	1	1	0.005132581	0.005132581	0.0004881965	0.001291032	0.06789915	0.06789915	0.009186354	0.009186354	0.0903358	0.393909	0.224528	0.291227
1946	-81.69937	-90.21208	8.512706	1	1	1	1	0.008880207	0.008880207	0.002489007	0.002489007	0.03558591	0.03558591	0.01688978	0.01688978	0.0795336	0.346806	0.197679	0.375981
1947	-67.71017	-87.90097	20.19081	0	1	0	0	0.005247155	0.001347472	0.002489007	0.002489007	0.05668471	0.0009551154	0.01080444	0.008128908	0.0833433	0.363418	0.159248	0.39399
1948	-76.36652	-87.28002	10.91351	1	1	1	0	0.005247155	0.005247155	0.002489007	0.002489007	0.05140444	0.05140444	0.01080444	0.009704262	0.132324	0.0978827	0.627214	0.14258
1949	-72.07546	-93.00658	20.93112	1	0	0	1	0.003771845	0.003771845	0.002489007	0.005776899	0.02720338	0.001839435	0.01080444	0.01080444	0.200698	0.148368	0.434815	0.216119
1950	-71.02052	-92.59356	21.57304	1	1	0	0	0.006110428	0.006110428	0.001359574	0.001359574	0.02720338	0.001792401	0.01106804	0.0006793552	0.551592	0.0832345	0.243931	0.121243
1951	-70.53097	-88.87827	18.34729	0	1	0	1	0.008713553	0.005820983	0.001359574	0.001359574	0.03729822	0.001786184	0.01168617	0.01168617	0.00726487	0.0548469	0.905524	0.0323642
1952	-67.76777	-89.94651	22.17875	0	0	0	1	0.008713553	0.005820983	0.003028967	0.002584352	0.04061228	0.001839344	0.01168617	0.01168617	0.00807172	0.184592	0.390636	0.4167
1953	-66.8875	-89.28879	22.40128	0	0	1	0	0.008713553	0.005820983	0.001554686	0.003229607	0.03426281	0.03426281	0.01168617	0.00774491	0.14904	0.161367	0.358995	0.330597
1954	-70.55659	-87.84316	17.28657	1	0	1	0	0.004979009	0.004979009	0.001554686	0.001803285	0.04204669	0.04204669	0.01168617	0.01066223	0.104797	0.122528	0.408053	0.364622
1955	-65.41388	-85.85696	20.44308	0	0	1	0	0.004979009	0.0008531748	0.001273354	2.284488e-05	0.06460404	0.06460404	0.0100074	0.002473939	0.206789	0.305834	0.246293	0.241085
1956	-74.56539	-87.43555	12.87016	0	1	1	1	0.008511163	0.0008151873	0.003393046	0.003393046	0.04061248	0.04061248	0.01512522	0.01512522	0.152261	0.283602	0.181349	0.382789
1957	-77.32777	-89.79519	12.46742	1	1	1	0	0.008511163	0.008511163	0.003393046	0.003393046	0.04061248	0.04061248	0.01512522	0.00311891	0.0911685	0.502206	0.321699	0.0849257
1958	-73.40213	-88.85786	15.45573	0	0	1	1	0.007296871	0.001115718	0.003393046	0.01566131	0.04061248	0.04061248	0.01512522	0.01512522	0.0996902	0.455677	0.351769	0.0928639
1959	-72.40147	-87.51955	15.11808	0	1	0	1	0.007624126	0.001115718	0.003393046	0.003393046	0.04061248	0.0194539	0.01293674	0.01293674	0.0811951	0.162199	0.506995	0.249611
1960	-73.84848	-86.9927	13.14422	0	1	1	1	0.007624126	0.002685078	0.0001818273	0.0001818273	0.04061248	0.04061248	0.01578597	0.01578597	0.105974	0.157824	0.493322	0.242879
1961	-62.52991	-88.77766	26.24776	0	0	0	0	0.005632544	0.003058931	0.00241506	0.0008513716	0.03848411	0.00112299	0.01976029	0.009222482	0.29032	0.24675	0.378847	0.0840832
1962	-67.78979	-87.78674	19.99695	0	0	1	1	0.005632544	0.0008921426	0.00241506	0.0001254265	0.03848411	0.03848411	0.009679232	0.009679232	0.356417	0.0752578	0.465099	0.103226
1963	-78.73107	-90.79306	12.06199	0	1	1	1	0.004097826	0.004209577	0.00241506	0.00241506	0.03973707	0.03973707	0.02262039	0.02262039	0.455054	0.444592	0.0610017	0.0393523
1964	-72.88666	-88.90401	16.01736	0	1	1	0	0.01104004	0.000592522	0.0005360201	0.0005360201	0.03973707	0.03973707	0.02262039	0.005466036	0.461175	0.437121	0.0618223	0.0398816
1965	-71.74627	-89.37895	17.63268	0	1	0	1	0.008677078	0.001666724	0.002344233	0.002344233	0.03973707	0.004058837	0.01426839	0.01426839	0.461175	0.437121	0.0618223	0.0398816
1966	-72.62308	-93.09249	20.46941	0	1	0	1	0.008677078	0.001799862	0.001767424	0.001767424	0.03100578	0.006521064	0.004754833	0.004754833	0.183459	0.422092	0.164127	0.230322
1967	-61.36551	-91.62	30.25449	0	0	0	0	0.008677078	0.002696191	0.001767424	0.001389557	0.02584577	0.00303408	0.01290806	0.001310847	0.298859	0.362439	0.140931	0.197771
1968	-69.2973	-89.03652	19.73921	0	1	1	0	0.004951307	0.0004152093	0.001767424	0.001767424	0.03202607	0.03202607	0.01290806	0.00663472	0.227494	0.399329	0.155275	0.217901
1969	-69.42667	-91.00603	21.57935	0	1	0	1	0.004951307	0.0004152093	0.0006279051	0.0006279051	0.02882481	0.000449771	0.01290806	0.01290806	0.325076	0.290432	0.0731241	0.311368
1970	-77.64168	-93.2952	15.65353	1	1	0	1	0.003864789	0.003864789	0.0005634357	0.0005634357	0.02744655	0.0004624412	0.02019883	0.02019883	0.149478	0.365995	0.0921492	0.392378
1971	-78.79346	-88.27318	9.479716	1	1	1	1	0.004736465	0.004736465	0.0005634357	0.0005634357	0.04346662	0.04346662	0.009547021	0.009547021	0.220701	0.0639042	0.136056	0.579339
1972	-67.12754	-89.6702	22.54266	0	0	0	1	0.01113638	0.001283491	0.004834274	0.001884828	0.04346662	5.139482e-05	0.009547021	0.009547021	0.554784	0.0593731	0.198896	0.186947
1973	-79.63109	-88.8612	9.23011	1	1	1	1	0.005536451	0.005536451	0.001179797	0.001179797	0.04347803	0.04347803	0.009547021	0.009547021	0.45208	0.233506	0.162075	0.152339
1974	-71.87807	-93.26586	21.38779	1	1	0	0	0.004423051	0.004423051	0.001046824	0.001046824	0.024029	0.003440236	0.01561854	0.0007151968	0.45208	0.233506	0.162075	0.152339
1975	-67.59207	-92.4568	24.86473	1	0	0	0	0.006545628	0.006545628	0.001181357	0.004341252	0.02898093	0.001842455	0.01561854	0.0004114926	0.254712	0.317618	0.220457	0.207213
1976	-70.74026	-90.56097	19.82071	0	1	1	0	0.006545628	0.005607788	0.001181357	0.001181357	0.02898093	0.02898093	0.01561854	0.0003024001	0.243147	0.322547	0.223878	0.210429
1977	-67.98817	-88.95134	20.96317	0	1	1	0	0.006545628	0.0004802317	0.0009149246	0.0009149246	0.02898093	0.02898093	0.01453207	0.0002479119	0.150723	0.199943	0.138779	0.510555
1978	-69.5404	-89.16916	19.62876	0	1	1	0	0.009319288	0.002471776	0.0007275603	0.0007275603	0.03147598	0.03147598	0.01345368	0.001886308	0.107493	0.293305	0.122365	0.476837
1979	-76.50948	-87.22905	10.71957	0	1	0	0	0.009319288	0.002471776	0.003616424	0.003616424	0.08586241	0.009861073	0.0277411	0.0009608637	0.279044	0.11406	0.445971	0.160924
1980	-68.9386	-90.29743	21.35882	0	0	0	1	0.009319288	0.000268731	0.003039162	0.0003718356	0.02855063	0.009684911	0.0277411	0.0277411	0.351793	0.143797	0.398805	0.105604
1981	-67.61343	-89.18044	21.56701	0	0	0	1	0.009319288	0.000268731	0.0002259239	0.001969776	0.0353723	0.002887697	0.0277411	0.0277411	0.35462	0.144952	0.40201	0.098418
1982	-68.65625	-87.83989	19.18365	0	0	1	1	0.004672147	0.000268731	0.0008498271	0.001247655	0.0349986	0.0349986	0.01984373	0.01984373	0.35462	0.144952	0.40201	0.098418
1983	-60.65048	-87.93042	27.27994	0	0	0	0	0.004672147	0.001271471	0.0008498271	0.0008076177	0.03576547	0.001843619	0.0156722	0.01376129	0.168883	0.145268	0.587217	0.0986321
1984	-64.76318	-88.01149	23.2483	0	0	1	0	0.004672147	0.0007847795	0.0008498271	0.001007518	0.03576547	0.03576547	0.0156722	0.00941578	0.25047	0.353147	0.250101	0.146281
1985	-69.53733	-91.66659	22.12926	0	1	0	1	0.009735055	0.0007847795	0.0008498271	0.0008498271	0.02180472	0.0006244308	0.01123276	0.01123276	0.25047	0.353147	0.250101	0.146281
1986	-78.08818	-97.36998	19.28181	0	0	1	1	0.01370657	0.0007847795	0.0008498271	0.004778447	0.01292214	0.01292214	0.02827743	0.02827743	0.154759	0.2182	0.536657	0.0903834
1987	-83.11896	-89.60228	6.483321	0	1	1	1	0.01370657	0.009681677	0.0008498271	0.0008498271	0.05247476	0.05247476	0.02827743	0.02827743	0.119536	0.396138	0.414514	0.0698121
1988	-73.73451	-87.75633	14.02183	0	1	1	0	0.005608688	0.009681677	0.0003332231	0.0003332231	0.05247476	0.05247476	0.01659241	0.006715899	0.091626	0.303646	0.565479	0.0392497
1989	-65.58743	-86.24812	20.66069	0	1	0	0	0.005608688	0.00149958	0.00142402	0.00142402	0.05247476	0.0007553142	0.01659241	0.004614259	0.0704529	0.237235	0.434807	0.257505
1990	-71.34596	-88.06924	16.72328	1	0	1	0	0.002541342	0.002541342	0.00142402	0.001923458	0.05403929	0.05403929	0.01378446	0.002241599	0.0725157	0.214903	0.447538	0.265044
1991	-77.01659	-88.96259	11.946	0	1	1	0	0.01159623	0.003366485	0.005492981	0.005492981	0.05403929	0.05403929	0.02647954	0.002305987	0.341433	0.0681362	0.164225	0.426205
1992	-68.82631	-87.98517	19.15885	0	0	1	0	0.01159623	0.003504926	0.002915569	0.003890394	0.04609098	0.04609098	0.01208432	0.01147722	0.357447	0.071332	0.125025	0.446196
1993	-75.95679	-90.16357	14.20679	1	0	1	0	0.006320707	0.006320707	0.002479909	0.00504408	0.04609098	0.04609098	0.00537872	0.02503427	0.474335	0.0583558	0.102282	0.365027
1994	-68.52542	-87.86039	19.33497	0	1	1	0	0.006320707	0.0005187959	0.002479909	0.002479909	0.03647776	0.03647776	0.01040317	0.004814774	0.2157	0.0820696	0.379595	0.322635
1995	-74.93808	-89.5168	14.57872	1	0	1	1	0.006320707	0.006320707	0.002479909	0.003002495	0.03647776	0.03647776	0.01040317	0.01040317	0.183524	0.0854366	0.395169	0.335871
1996	-74.95728	-89.00702	14.04974	1	0	1	1	0.006038277	0.006038277	0.001175766	0.006448761	0.03764388	0.03764388	0.01040317	0.01040317	0.216248	0.100671	0.46563	0.217451
1997	-70.67981	-88.10504	17.42523	0	0	1	1	0.01220858	0.000334866	0.0005842611	0.01076418	0.03764388	0.03764388	0.01040317	0.01040317	0.241827	0.188005	0.447896	0.122272
1998	-65.06888	-86.76076	21.69188	0	0	1	0	0.004330219	0.000165434	0.0003109593	0.002091446	0.04713548	0.04713548	0.01040317	0.01263386	0.283247	0.220207	0.353332	0.143214
1999	-74.37468	-87.61175	13.23707	0	1	1	1	0.004553599	0.001401685	0.002763923	0.002763923	0.04713548	0.04713548	0.01050367	0.01050367	0.283247	0.220207	0.353332	0.143214
2000	-74.56082	-87.77224	13.21142	0	1	1	0	0.004553599	0.004557006	0.002401017	0.002401017	0.04713548	0.04713548	0.01050367	0.02689146	0.10071	0.247131	0.396532	0.255627
2001	-73.8959	-89.42006	15.52416	0	0	1	1	0.01495316	0.005067843	0.003862067	0.001290974	0.04713548	0.04713548	0.01050367	0.01050367	0.0876559	0.215098	0.471825	0.225421
2002	-74.31026	-87.39866	13.0884	1	0	1	1	0.006943591	0.006943591	0.0006673941	0.002032665	0.04713548	0.04713548	0.01042965	0.01042965	0.0876559	0.215098	0.471825	0.225421
2003	-77.7027	-90.45787	12.75517	1	0	1	1	0.008034818	0.008034818	0.001840434	0.003303778	0.0344938	0.0344938	0.02144203	0.02144203	0.0451933	0.595996	0.243262	0.115549
2004	-69.63614	-89.38308	19.74693	0	1	0	0	0.008034818	0.002946584	0.0008253478	0.0008253478	0.03339494	0.01814239	0.02144203	0.003409677	0.107663	0.514473	0.209987	0.167877
2005	-71.45281	-87.26155	15.80874	0	1	0	1	0.008004398	0.002946584	0.0008253478	0.0008253478	0.04146666	0.006500336	0.02144203	0.02144203	0.0493446	0.235797	0.637916	0.0769426
2006	-60.91758	-90.02317	29.1056	0	0	0	0	0.007479941	0.002946584	0.001140236	0.001623248	0.03225161	0.006724773	0.009034273	0.003000073	0.0895362	0.427855	0.342996	0.139613
2007	-72.52109	-90.45523	17.93413	0	1	1	0	0.007479941	0.007494466	0.001140236	0.001140236	0.03225161	0.03225161	0.009034273	0.01162746	0.147184	0.276313	0.563833	0.0126709
2008	-77.9109	-88.44048	10.52958	1	0	1	1	0.01141664	0.01141664	0.0008161913	0.002278155	0.05775492	0.05775492	0.0095795	0.0095795	0.384321	0.19948	0.407051	0.00914757
2009	-69.06578	-88.06539	18.99961	0	0	0	1	0.006719246	0.0003715196	0.0008161913	0.01626556	0.03886608	0.01466389	0.01476806	0.01476806	0.200686	0.258978	0.52846	0.011876
2010	-66.71557	-84.9765	18.26092	0	1	0	0	0.006719246	0.0003957609	0.0008161913	0.0008161913	0.05391674	0.01472127	0.01476806	0.005358611	0.284342	0.147639	0.551193	0.0168264
2011	-69.62068	-91.02423	21.40355	0	0	1	1	0.004634452	0.0003957609	0.003458113	0.002311466	0.02361482	0.02361482	0.01476806	0.01476806	0.284342	0.147639	0.551193	0.0168264
2012	-71.56413	-85.06669	13.50256	0	0	1	1	0.004634452	0.0008907077	0.001247372	0.003416511	0.0694198	0.0694198	0.01476806	0.01476806	0.284342	0.147639	0.551193	0.0168264
2013	-73.82574	-85.34699	11.52126	0	1	1	0	0.01222217	0.00455305	0.001268268	0.001268268	0.0694198	0.0694198	0.01069949	0.007547302	0.0730315	0.191231	0.713942	0.0217947
2014	-77.76151	-86.1236	8.362086	1	1	1	0	0.005938573	0.005938573	0.001268268	0.001268268	0.0694198	0.0694198	0.01069949	0.006917484	0.136075	0.35631	0.467006	0.0406088
2015	-77.19522	-86.39028	9.195057	0	1	1	1	0.005938573	0.004231466	0.002604058	0.002604058	0.06642962	0.06642962	0.01027523	0.01027523	0.136464	0.33618	0.485168	0.0421881
2016	-64.7594	-86.03238	21.27298	0	1	0	0	0.005938573	0.0003305621	0.00100299	0.00100299	0.05147107	0.005181364	0.01027523	0.005266917	0.136464	0.33618	0.485168	0.0421881
2017	-71.45108	-86.92384	15.47275	0	1	1	0	0.008127762	0.0003305621	0.003417005	0.003417005	0.05147107	0.05147107	0.00914217	0.01061868	0.294166	0.274785	0.396565	0.0344836
2018	-65.47715	-86.72623	21.24908	0	0	1	0	0.006417752	0.001665527	0.003417005	0.002308886	0.05147107	0.05147107	0.01215893	0.002164224	0.241059	0.225177	0.324971	0.208792
2019	-82.0453	-89.21895	7.173646	1	1	1	1	0.006097214	0.006097214	0.00496401	0.00496401	0.04882155	0.04882155	0.01162165	0.01162165	0.271267	0.217719	0.314208	0.196806
2020	-73.75745	-86.01937	12.26192	0	1	0	1	0.006097214	0.001195048	0.0005742244	0.0005742244	0.04882155	0.03316374	0.01162165	0.01162165	0.220967	0.0947826	0.373683	0.310568
2021	-72.92749	-91.94125	19.01376	0	1	0	1	0.002783009	0.002911509	0.00181773	0.00181773	0.03621317	0.007505355	0.01162165	0.01162165	0.0682725	0.0292852	0.115458	0.786985
2022	-72.85452	-92.68658	19.83206	1	1	0	0	0.002783009	0.002783009	0.001724839	0.001724839	0.02780353	0.007413382	0.01162165	0.006825306	0.207832	0.0891486	0.351471	0.351549
2023	-72.42809	-93.87426	21.44617	1	0	0	1	0.002368152	0.002368152	0.001724839	0.002808881	0.02608616	0.005035886	0.01091497	0.01091497	0.207832	0.0891486	0.351471	0.351549
2024	-69.82197	-95.73346	25.91149	0	0	0	1	0.001623584	0.0003747152	0.003435419	0.005569173	0.02608616	0.004930084	0.01091497	0.01091497	0.243624	0.104502	0.412	0.239874
2025	-69.90962	-93.94474	24.03512	0	1	0	0	0.002309106	0.0009725	0.003313941	0.003313941	0.02411874	0.00922923	0.01676328	0.006960268	0.324252	0.139087	0.457326	0.0793351
2026	-72.91795	-89.96588	17.04793	0	0	1	1	0.002309106	0.0005683058	0.003313941	0.006041364	0.04510115	0.04510115	0.01676328	0.01676328	0.40023	0.123448	0.405906	0.0704151
2027	-79.43805	-90.49583	11.05778	1	1	1	1	0.004304034	0.004304034	0.001439505	0.001439505	0.028903	0.028903	0.01464037	0.01464037	0.381142	0.165255	0.386547	0.0670567
2028	-77.78798	-93.19319	15.4052	1	1	0	1	0.004216053	0.004216053	0.001439505	0.001439505	0.02391144	0.01576196	0.008627528	0.008627528	0.37177	0.161191	0.377043	0.0899962
2029	-79.87328	-91.66079	11.78751	1	1	1	1	0.006722617	0.006722617	0.001418435	0.001418435	0.02834421	0.02834421	0.008627528	0.008627528	0.397085	0.104073	0.402717	0.0961245
2030	-72.80155	-88.95971	16.15816	0	1	0	1	0.006240599	0.004000878	0.001418435	0.001418435	0.03974295	0.008026824	0.01975701	0.01975701	0.214501	0.236596	0.217543	0.331359
2031	-72.42903	-86.79344	14.36441	0	1	1	0	0.006240599	0.004000878	0.001418435	0.001418435	0.04625352	0.04625352	0.01975701	0.01177659	0.221505	0.211668	0.224647	0.342179
2032	-71.52045	-88.82337	17.30293	1	0	1	0	0.006240599	0.006240599	0.0019117	0.003340855	0.04625352	0.04625352	0.008520508	0.00637135	0.171771	0.309317	0.11309	0.405821
2033	-71.15489	-89.73783	18.58294	0	0	1	1	0.006073701	0.001880461	0.0019117	0.00275836	0.04625352	0.04625352	0.00643905	0.00643905	0.583429	0.290611	0.0413271	0.0846329
2034	-73.37543	-92.60665	19.23121	0	1	1	0	0.006073701	0.001880461	0.00285746	0.00285746	0.02708746	0.02708746	0.008546971	0.01516253	0.571553	0.284695	0.0216596	0.122092
2035	-78.0039	-95.71483	17.71093	0	1	1	0	0.007027646	0.004270664	0.001779849	0.001779849	0.01924049	0.01924049	0.02548292	0.01250316	0.430488	0.378431	0.028791	0.162291
2036	-70.61358	-91.74268	21.1291	0	0	0	1	0.007027646	0.002028609	0.002751183	0.003842227	0.03044035	0.008716778	0.02548292	0.02548292	0.470608	0.413699	0.101716	0.0139773
2037	-77.24103	-92.17401	14.93298	0	1	1	1	0.003516256	0.006792286	0.001620134	0.001620134	0.03699962	0.03699962	0.007729328	0.007729328	0.128857	0.607413	0.243208	0.0205221
2038	-80.14813	-89.46539	9.317264	1	1	1	1	0.003516256	0.003516256	0.001765576	0.001765576	0.03699962	0.03699962	0.01696132	0.01696132	0.186468	0.431891	0.351944	0.0296974
2039	-76.54854	-86.72794	10.1794	1	0	1	1	0.006926682	0.006926682	0.001754689	0.001913079	0.05629267	0.05629267	0.01696132	0.01696132	0.186468	0.431891	0.351944	0.0296974
2040	-71.2972	-88.11118	16.81398	0	1	0	1	0.005247502	0.001437242	0.001754689	0.001754689	0.05629267	0.002575823	0.008127426	0.008127426	0.24421	0.332134	0.207668	0.215987
2041	-63.08764	-86.73629	23.64865	0	0	0	0	0.009742057	0.001558845	0.001754689	0.001082331	0.05629267	0.00262637	0.01127501	0.01108289	0.224677	0.379178	0.191058	0.205087
2042	-70.32585	-90.51152	20.18568	0	0	1	0	0.00693676	0.005937004	0.00305337	0.01159071	0.03738709	0.03738709	0.01407894	0.006702268	0.224677	0.379178	0.191058	0.205087
2043	-73.6118	-90.54955	16.93775	0	1	1	0	0.003194471	0.005464604	0.00305337	0.00305337	0.03738709	0.03738709	0.01407894	0.0115489	0.148726	0.210464	0.293839	0.346971
2044	-80.05352	-89.60617	9.552655	1	1	1	1	0.003376917	0.003376917	0.00305337	0.00305337	0.03738709	0.03738709	0.01407894	0.01407894	0.0889399	0.18028	0.433571	0.297209
2045	-66.33385	-87.6685	21.33465	0	0	1	0	0.01218096	0.001319691	0.001360344	0.007842801	0.03738709	0.03738709	0.01452631	0.004496765	0.0838595	0.08262	0.630981	0.202539
2046	-63.99341	-88.09301	24.0996	0	0	0	0	0.01218096	0.002012445	0.0004267875	0.005865907	0.03738709	0.01882676	0.01452631	0.001609114	0.0789768	0.136035	0.594242	0.190746
2047	-70.26216	-87.63888	17.37672	0	1	1	0	0.009068454	0.001298386	0.0005433117	0.0005433117	0.03738709	0.03738709	0.009617737	0.01430147	0.0883919	0.152252	0.25993	0.499425
2048	-73.3923	-88.60214	15.20984	0	1	1	1	0.009068454	0.001298386	0.002449011	0.002449011	0.03264039	0.03264039	0.009617737	0.009617737	0.0599321	0.231175	0.686488	0.022404
2049	-63.81386	-87.98338	24.16953	0	0	1	0	0.009068454	0.001298386	0.001961973	0.002266557	0.03714504	0.03714504	0.009617737	0.001540102	0.10435	0.402507	0.454135	0.0390083
2050	-70.44365	-87.38047	16.93682	0	0	1	1	0.01112058	0.001298386	0.0008918921	0.001249558	0.03714757	0.03714757	0.02302469	0.02302469	0.163569	0.100235	0.711859	0.0243367
2051	-69.60652	-89.24588	19.63936	0	1	1	0	0.005138325	0.001298386	0.00384169	0.00384169	0.03714757	0.03714757	0.0100789	0.001769086	0.114872	0.368107	0.499929	0.0170913
2052	-67.13115	-88.33817	21.20703	0	1	0	0	0.008740665	0.001298386	0.003036123	0.003036123	0.05533699	0.002019393	0.006567268	0.002845137	0.28382	0.336112	0.367504	0.012564
2053	-68.12961	-85.81378	17.68417	0	1	0	0	0.008740665	0.001298386	0.003036123	0.003036123	0.05533699	0.01343867	0.01572511	0.002418971	0.192237	0.180992	0.608942	0.0178292
2054	-66.28974	-87.03028	20.74054	0	0	0	0	0.01546209	0.001298386	0.003036123	0.0006928003	0.05926994	0.01375524	0.01572511	0.002809756	0.463605	0.134803	0.358595	0.0429974
2055	-72.68643	-88.17117	15.48473	0	1	0	1	0.01546209	0.0003578065	0.0003491239	0.0003491239	0.04239912	0.009868635	0.01460196	0.01460196	0.162193	0.202665	0.371918	0.263225
2056	-76.38381	-86.50212	10.11832	0	1	1	1	0.01546209	0.001430648	0.0003491239	0.0003491239	0.05235404	0.05235404	0.01460196	0.01460196	0.112064	0.140027	0.56604	0.181869
2057	-66.14376	-88.30659	22.16283	0	0	0	0	0.01314307	0.0007200641	0.001142984	0.01604059	0.05235404	0.0009785123	0.01460196	0.00493262	0.082728	0.269032	0.51398	0.13426
2058	-67.21574	-89.14726	21.93152	0	0	1	0	0.00392104	0.0007200641	0.001142984	0.01604059	0.03490821	0.03490821	0.01460196	0.004364956	0.0622412	0.108894	0.774522	0.0543433
2059	-76.45241	-89.16523	12.71282	1	0	1	1	0.00392104	0.00392104	0.0009412875	0.01111826	0.03877456	0.03877456	0.01460196	0.01460196	0.210579	0.306719	0.430083	0.0526189
2060	-76.52448	-92.21912	15.69464	1	1	1	0	0.00392104	0.00392104	0.0008231228	0.0008231228	0.02311216	0.02311216	0.01322761	0.01121695	0.210579	0.306719	0.430083	0.0526189
2061	-64.29459	-90.80615	26.51155	0	0	0	1	0.003709394	0.0007051579	0.0008231228	0.0008683915	0.0276918	0.00374047	0.01196336	0.01196336	0.438438	0.218187	0.305944	0.0374309
2062	-69.34555	-91.62526	22.27971	1	0	1	0	0.004234287	0.004234287	0.0008231228	0.000600896	0.0276918	0.0276918	0.008302725	0.002518169	0.1608	0.178039	0.647433	0.0137281
2063	-67.9064	-92.23986	24.33345	0	0	1	0	0.006286912	0.006258214	0.004578568	0.0004314583	0.03180797	0.03180797	0.009185201	0.003412247	0.355534	0.393648	0.220464	0.0303532
2064	-74.87705	-90.80864	15.9316	1	0	1	1	0.006286912	0.006286912	0.002769222	0.0004314583	0.0322727	0.0322727	0.009185201	0.009185201	0.252443	0.279505	0.4465	0.0215519
2065	-69.85428	-89.02175	19.16748	1	0	1	0	0.00530639	0.00530639	0.0006895189	0.0002959311	0.04779349	0.04779349	0.007879358	8.486506e-06	0.29601	0.0945923	0.210756	0.398643
2066	-73.03909	-86.38884	13.34974	0	1	1	1	0.008311128	0.0006343139	0.0006895189	0.0006895189	0.04779349	0.04779349	0.008285407	0.008285407	0.24281	0.0775919	0.3526	0.326998
2067	-75.63876	-86.59673	10.95797	0	1	1	1	0.01029287	0.0004561422	0.004210923	0.004210923	0.04779349	0.04779349	0.01664157	0.01664157	0.143052	0.0457135	0.618583	0.192651
2068	-65.59135	-85.35655	19.76519	0	1	0	0	0.01029287	5.742973e-05	0.001060303	0.001060303	0.04779349	0.000610993	0.01245444	0.01582181	0.044961	0.0509461	0.68939	0.214703
2069	-66.91821	-86.17589	19.25768	0	1	1	0	0.007236747	0.0005323074	0.001060303	0.001060303	0.04007371	0.04007371	0.01245444	9.968669e-05	0.0718849	0.0814539	0.503388	0.343273
2070	-71.11093	-85.81833	14.70739	1	0	1	0	0.007236747	0.007236747	0.0006113387	0.001552781	0.06173663	0.06173663	0.01245444	0.003893216	0.104558	0.118476	0.732187	0.0447793
2071	-77.65372	-93.46511	15.81139	0	1	1	1	0.006019162	0.006073081	0.003959123	0.003959123	0.02312728	0.02312728	0.01245444	0.01245444	0.0493127	0.055877	0.345321	0.549489
2072	-74.79815	-88.89552	14.09737	0	1	1	1	0.002580458	0.001509633	0.002635756	0.002635756	0.04225711	0.04225711	0.01245444	0.01245444	0.0493127	0.055877	0.345321	0.549489
2073	-68.77654	-87.41336	18.63682	0	0	1	1	0.003056344	0.001875736	0.0002296052	0.003195829	0.04225711	0.04225711	0.01439395	0.01439395	0.0493127	0.055877	0.345321	0.549489
2074	-69.65498	-90.50257	20.8476	0	1	0	1	0.003056344	0.001265671	0.001849843	0.001849843	0.03006041	0.001155787	0.01497472	0.01497472	0.175076	0.0985547	0.609071	0.117298
2075	-69.35605	-90.31737	20.96133	0	1	1	0	0.009760277	0.001265671	0.001849843	0.001849843	0.03006041	0.03006041	0.007141651	0.001634381	0.253113	0.142484	0.434822	0.169582
2076	-80.77247	-90.23896	9.46649	1	1	1	0	0.009760277	0.009760277	0.0050786	0.0050786	0.04604218	0.04604218	0.02067033	0.006374953	0.107949	0.123933	0.185445	0.582673
2077	-77.1032	-89.04859	11.94539	1	0	1	0	0.009760277	0.009760277	0.0050786	0.001981529	0.05494518	0.05494518	0.02379076	0.007727669	0.175118	0.126273	0.165625	0.532984
2078	-75.54052	-89.72899	14.18847	1	0	1	0	0.004309792	0.004309792	0.0050786	0.0005818079	0.04169243	0.04169243	0.02379076	0.01500002	0.122015	0.0879815	0.418642	0.371361
2079	-59.86811	-89.41477	29.54666	0	0	0	0	0.004309792	0.0009823022	0.003160407	0.000483916	0.04169243	0.001568762	0.008076218	0.001403963	0.110349	0.0127263	0.378616	0.498308
2080	-79.98884	-89.65644	9.667597	1	1	1	1	0.004309792	0.004309792	0.003160407	0.003160407	0.04169243	0.04169243	0.008076218	0.008076218	0.128283	0.0147945	0.440146	0.416777
2081	-72.76709	-90.1711	17.40401	1	1	0	0	0.004309792	0.004309792	0.001181745	0.001181745	0.04169243	0.005681455	0.008076218	0.0111187	0.236784	0.0129531	0.385362	0.364901
2082	-68.80191	-87.84655	19.04464	0	1	1	0	0.004309792	0.002117403	0.001181745	0.001181745	0.04169243	0.04169243	0.01201914	0.001355274	0.286466	0.0379752	0.234093	0.441466
2083	-71.62117	-90.32239	18.70122	0	1	0	1	0.004718649	0.002117403	0.001181745	0.001181745	0.03227508	0.008487445	0.01585985	0.01585985	0.365054	0.196401	0.107501	0.331044
2084	-66.46965	-90.90841	24.43876	0	0	0	1	0.004718649	0.002989678	0.001181745	0.001400845	0.03184483	0.004256568	0.01496592	0.01496592	0.382915	0.157083	0.112761	0.347242
2085	-70.58236	-91.95053	21.36817	0	0	1	0	0.004718649	0.002989678	0.008745128	0.001091376	0.03881958	0.03881958	0.00953409	0.01302372	0.374899	0.153795	0.1104	0.360906
2086	-68.35044	-89.84602	21.49558	0	0	1	0	0.005122453	0.00299199	0.0009119216	0.003291337	0.03881958	0.03881958	0.01287598	0.01418017	0.691677	0.243248	0.0152435	0.0498319
2087	-63.01742	-91.35986	28.34243	0	0	0	0	0.003189717	0.001064673	0.004866917	0.003533872	0.03881958	0.0006552573	0.01287598	0.003560088	0.602699	0.148553	0.205327	0.0434215
2088	-75.97961	-91.21942	15.23982	1	0	1	1	0.008688184	0.008688184	0.0002926677	0.004062403	0.03122666	0.03122666	0.0106326	0.0106326	0.314871	0.0776092	0.10727	0.50025
2089	-73.57863	-88.67564	15.09701	0	1	1	1	0.008688184	0.0007518962	0.0002926677	0.0002926677	0.03122666	0.03122666	0.01475997	0.01475997	0.314871	0.0776092	0.10727	0.50025
2090	-74.62529	-85.15732	10.53203	0	1	1	1	0.008693309	0.0005966463	0.0003245296	0.0003245296	0.05745692	0.05745692	0.01475997	0.01475997	0.501932	0.0733958	0.0749845	0.349688
2091	-66.06239	-86.21951	20.15712	0	0	1	0	0.008693309	0.002106525	0.0003245296	0.001737144	0.05745692	0.05745692	0.01189375	0.003637328	0.648722	0.123254	0.125922	0.102102
2092	-74.93045	-93.09774	18.16729	0	1	0	1	0.008693309	0.002106525	0.006191397	0.006191397	0.02903014	0.009779168	0.01189375	0.01189375	0.526253	0.0999856	0.10215	0.271612
2093	-67.89981	-94.23574	26.33593	0	1	0	0	0.009248065	0.002106525	0.002301703	0.002301703	0.02903014	0.001721119	0.004948545	0.001150165	0.674817	0.0351507	0.0792663	0.210766
2094	-71.39583	-88.9052	17.50937	0	1	1	0	0.009248065	0.001715606	0.002235584	0.002235584	0.03198465	0.03198465	0.02196532	0.00430844	0.361073	0.0537941	0.318167	0.266966
2095	-77.301	-88.74587	11.44486	0	1	1	1	0.008361706	0.006525902	0.002235584	0.002235584	0.03752141	0.03752141	0.02196532	0.02196532	0.0953944	0.153458	0.652609	0.0985382
2096	-69.3571	-87.3257	17.9686	0	0	1	1	0.008361706	0.003222117	0.002235584	0.0017459	0.03752141	0.03752141	0.01574413	0.01574413	0.0683425	0.109941	0.6179	0.203817
2097	-75.51984	-90.3581	14.83826	1	1	1	0	0.008361706	0.008361706	0.0003155788	0.0003155788	0.03752141	0.03752141	0.01000412	0.0009966543	0.146525	0.23571	0.265846	0.351919
2098	-75.98412	-90.92563	14.94151	1	1	0	1	0.004786311	0.004786311	0.0003155788	0.0003155788	0.03752141	0.005198594	0.008786966	0.008786966	0.0906055	0.343535	0.362158	0.203702
2099	-69.7209	-89.50561	19.78471	0	0	1	1	0.004786311	2.702739e-05	0.002972541	0.004348317	0.03752141	0.03752141	0.008786966	0.008786966	0.509406	0.192525	0.163047	0.135022
2100	-70.9317	-88.45005	17.51835	0	1	1	0	0.009666522	0.001553646	0.002972541	0.002972541	0.03880218	0.03880218	0.01308338	0.005327999	0.509406	0.192525	0.163047	0.135022
2101	-67.60275	-88.80519	21.20244	0	0	1	0	0.01003819	0.00105411	0.002972541	0.008953578	0.03880218	0.03880218	0.01308338	0.004966214	0.51534	0.0499066	0.164946	0.269808
2102	-68.01836	-89.26898	21.25062	0	1	0	0	0.007828847	0.00105411	0.002972541	0.002972541	0.03880218	0.005479888	0.01998531	0.003471703	0.52709	0.0510445	0.0989494	0.322916
2103	-69.18633	-85.13383	15.94749	0	1	1	0	0.007828847	0.0008526696	0.001058463	0.001058463	0.05242593	0.05242593	0.01760963	0.0006161619	0.349245	0.0702405	0.136161	0.444353
2104	-77.18506	-86.9931	9.808039	0	1	1	1	0.007828847	0.004510803	0.003597448	0.003597448	0.05242593	0.05242593	0.01760963	0.01760963	0.266184	0.135739	0.263128	0.334949
2105	-69.56316	-95.66453	26.10137	0	1	0	0	0.01047743	0.004510803	0.003597448	0.003597448	0.02274845	0.003618528	0.005829228	0.001066105	0.228586	0.089303	0.513065	0.169045
2106	-74.5607	-95.73226	21.17157	0	1	0	1	0.01047743	0.004510803	0.003597448	0.003597448	0.0224762	0.003618528	0.005829228	0.005829228	0.191314	0.102729	0.511497	0.19446
2107	-76.9954	-88.13027	11.13487	1	0	1	1	0.003196117	0.003196117	0.003597448	0.0005074247	0.05431535	0.05431535	0.01676677	0.01676677	0.0354604	0.422404	0.506092	0.0360436
2108	-74.6151	-85.4796	10.8645	0	1	1	1	0.007158076	0.0007993438	0.0008900878	0.0008900878	0.05431535	0.05431535	0.01676677	0.01676677	0.509694	0.214721	0.257263	0.0183221
2109	-72.23802	-87.4024	15.16439	1	0	1	0	0.006716286	0.006716286	0.0001251071	0.006776101	0.05431535	0.05431535	0.01676677	0.0001715112	0.662205	0.0621822	0.102203	0.17341
2110	-75.04106	-91.19134	16.15027	1	0	1	0	0.009788118	0.009788118	4.709785e-05	0.006890988	0.05431535	0.05431535	0.005223608	0.002966618	0.662205	0.0621822	0.102203	0.17341
2111	-75.15615	-87.45866	12.30252	0	1	1	1	0.005688974	0.001252301	4.743778e-05	4.743778e-05	0.05431535	0.05431535	0.01040001	0.01040001	0.512921	0.0481642	0.0791627	0.359752
2112	-75.3695	-87.17623	11.80673	0	1	1	1	0.005688974	0.002025337	4.743778e-05	4.743778e-05	0.05431535	0.05431535	0.01246292	0.01246292	0.557269	0.0523286	0.0860073	0.304395
2113	-67.30087	-87.41128	20.11042	0	1	0	0	0.004845369	0.0003380643	4.743778e-05	4.743778e-05	0.0478347	0.008623841	0.01246292	0.01196429	0.142029	0.0133368	0.724537	0.120098
2114	-74.35245	-90.08992	15.73747	1	0	0	1	0.004845369	0.004845369	4.743778e-05	0.002894242	0.04298627	0.008621502	0.02219821	0.02219821	0.40438	0.037972	0.215711	0.341937
2115	-63.2139	-89.44452	26.23062	0	0	0	0	0.008177605	0.005734797	8.655215e-05	0.0004692511	0.04298627	0.0005780554	0.01696701	0.005646245	0.127986	0.0104426	0.525804	0.335767
2116	-68.53111	-87.63791	19.1068	0	0	1	1	0.008177605	0.001430299	9.591643e-05	0.0002862764	0.03536316	0.03536316	0.01696701	0.01696701	0.132478	0.00572445	0.353822	0.507976
2117	-68.74644	-89.30941	20.56297	0	0	1	1	0.009087041	0.001430299	9.591643e-05	0.002704544	0.03288119	0.03288119	0.007791876	0.007791876	0.169448	0.00509125	0.175724	0.649737
2118	-64.09039	-90.06262	25.97223	0	0	1	0	0.006807514	0.001430299	9.591643e-05	0.002704544	0.03080237	0.03080237	0.007791876	0.002954135	0.220538	0.00654936	0.164537	0.608376
2119	-67.97195	-88.32784	20.35589	0	1	0	1	0.006807514	0.001430299	0.001519537	0.001519537	0.03080237	0.001167745	0.01344792	0.01344792	0.247282	0.00734359	0.634174	0.1112
2120	-64.54223	-90.32649	25.78426	1	0	0	0	0.004654358	0.004654358	0.00198694	0.001005788	0.03080237	0.001479242	0.01344792	0.0002852494	0.076851	0.0090201	0.778954	0.135175
2121	-75.11275	-87.74888	12.63613	0	1	1	1	0.005016615	0.005700036	0.00198694	0.00198694	0.04720841	0.04720841	0.009883763	0.009883763	0.130713	0.00849381	0.733505	0.127288
2122	-74.36207	-86.05081	11.68874	0	1	1	1	0.004721319	0.001607617	0.00198694	0.00198694	0.05701529	0.05701529	0.009883763	0.009883763	0.134224	0.00872193	0.753205	0.10385
2123	-65.29299	-85.37991	20.08693	0	0	1	0	0.01184815	0.001607617	0.0005209241	0.002260965	0.05701529	0.05701529	0.009883763	0.003114288	0.134224	0.00872193	0.753205	0.10385
2124	-69.43727	-86.23156	16.79429	0	1	1	0	0.008871898	0.0008530148	0.003258423	0.003258423	0.05145171	0.05145171	0.01012288	0.0009900366	0.13662	0.0212339	0.675984	0.166161
2125	-66.42475	-86.18699	19.76224	0	0	1	0	0.007475444	0.0008530148	0.003258423	0.00529484	0.05558364	0.05558364	0.01012288	0.005520012	0.203549	0.0316362	0.632891	0.131924
2126	-68.01432	-88.87601	20.86169	0	0	0	1	0.007475444	0.0003527268	0.005852339	0.006149351	0.04702822	0.00483836	0.01012288	0.01012288	0.384627	0.0244435	0.488999	0.10193
2127	-82.53889	-96.56467	14.02578	1	1	0	1	0.007475444	0.007475444	0.005852339	0.005852339	0.02216132	0.01958768	0.006770128	0.006770128	0.200259	0.0218964	0.686536	0.0913085
2128	-67.92908	-93.01501	25.08594	0	0	1	0	0.007475444	0.00339218	0.0008662577	0.006624599	0.02216132	0.02216132	0.006770128	0.0103664	0.285964	0.0312674	0.630634	0.0521349
2129	-77.51996	-94.98064	17.46067	1	1	0	1	0.004668172	0.004668172	0.0004448595	0.0004448595	0.02615112	0.006182499	0.004752411	0.004752411	0.306615	0.0335254	0.60396	0.0558999
2130	-70.29244	-94.07516	23.78273	1	0	0	0	0.004668172	0.004668172	0.005141615	0.0004348691	0.0308172	0.007258857	0.004752411	0.01203765	0.333043	0.0322476	0.58094	0.0537693
2131	-77.62606	-92.51176	14.8857	1	1	0	0	0.004668172	0.004668172	0.005141615	0.005141615	0.03565849	0.007039838	0.02007713	0.01388	0.0607872	0.011636	0.209622	0.717955
2132	-84.41111	-95.74469	11.33358	0	1	1	1	0.001587864	0.008402651	0.005141615	0.005141615	0.03565849	0.03565849	0.02645583	0.02645583	0.206989	0.00982468	0.176992	0.606195
2133	-85.60649	-88.74036	3.133871	1	1	1	1	0.004301463	0.004301463	0.005141615	0.005141615	0.05871331	0.05871331	0.02645583	0.02645583	0.0981615	0.0118318	0.11461	0.775397
2134	-76.83932	-88.81705	11.97773	1	0	1	0	0.004301463	0.004301463	0.005141615	0.003016458	0.0551299	0.0551299	0.02645583	0.009053764	0.120726	0.0145516	0.140955	0.723767
2135	-73.39853	-88.9694	15.57087	0	1	1	0	0.004301463	0.00326777	0.005141615	0.005141615	0.0551299	0.0551299	0.009626951	0.005078323	0.106576	0.0128461	0.241639	0.638939
2136	-78.35723	-87.04241	8.685173	0	1	1	1	0.01193667	0.002911853	0.002687977	0.002687977	0.0551299	0.0551299	0.01972913	0.01972913	0.676244	0.00465512	0.0875644	0.231537
2137	-70.54382	-92.40409	21.86027	0	1	0	0	0.01023651	0.002735043	0.004364124	0.004364124	0.03119691	0.0006360458	0.01972913	0.007209561	0.676244	0.00465512	0.0875644	0.231537
2138	-78.18697	-89.28633	11.09936	1	1	1	0	0.003702036	0.003702036	0.001477532	0.001477532	0.04075045	0.04075045	0.02131305	0.01134315	0.667722	0.0171984	0.0864609	0.228619
2139	-69.68812	-89.80075	20.11264	0	0	1	1	0.004277213	0.000544001	0.002476716	0.002032761	0.04053623	0.04053623	0.006699855	0.006699855	0.584375	0.0240245	0.0722416	0.319359
2140	-78.06218	-91.70186	13.63967	1	1	0	1	0.003929663	0.003929663	0.0006501165	0.0006501165	0.04053623	0.01223957	0.006699855	0.006699855	0.0948354	0.113628	0.146021	0.645516
2141	-73.61023	-90.06899	16.45876	0	0	1	1	0.0124938	0.001197415	0.0006501165	0.01585637	0.04053623	0.04053623	0.006733259	0.006733259	0.0948354	0.113628	0.146021	0.645516
2142	-66.64279	-91.40534	24.76255	0	0	0	0	0.0124938	0.001399857	0.003362897	0.01198905	0.03327415	0.007258544	0.01373939	0.005525564	0.228039	0.256195	0.329231	0.186536
2143	-67.53483	-90.95698	23.42215	0	1	0	0	0.0124938	0.001399857	0.003362897	0.003362897	0.02717767	0.004225352	0.01495189	0.003561804	0.141883	0.159402	0.582654	0.116061
2144	-68.98487	-88.37989	19.39501	0	1	1	0	0.008567021	0.001399857	0.0002854466	0.0002854466	0.02979884	0.02979884	0.01495189	0.005668594	0.100817	0.151295	0.63773	0.110158
2145	-66.11995	-85.27083	19.15088	0	0	0	1	0.01114631	0.0004752311	0.0002854466	0.002242379	0.06124678	0.001257191	0.01495189	0.01495189	0.0933855	0.213857	0.59072	0.102038
2146	-64.46039	-88.54327	24.08288	0	1	0	0	0.01114631	0.001285608	0.0002854466	0.0002854466	0.0338493	0.001242348	0.01495189	0.0006329484	0.239574	0.179373	0.495468	0.0855845
2147	-71.03813	-90.61299	19.57487	0	0	1	0	0.01114631	0.001285608	0.003651652	0.01654943	0.0338493	0.0338493	0.01415839	0.008539332	0.239574	0.179373	0.495468	0.0855845
2148	-76.19673	-91.73998	15.54325	0	1	1	0	0.003706847	0.001285608	0.003651652	0.003651652	0.0338493	0.0338493	0.03161376	0.008596853	0.239574	0.179373	0.495468	0.0855845
2149	-70.19303	-90.99731	20.80427	0	0	0	1	0.0103567	0.0009217473	0.003651652	0.00796935	0.03271159	0.01578883	0.01074787	0.01074787	0.388275	0.290709	0.182309	0.138706
2150	-67.95234	-90.05536	22.10301	0	1	0	0	0.008243869	5.10304e-05	0.00242745	0.00242745	0.03271159	0.01578883	0.007121065	0.008375013	0.51869	0.0524711	0.243543	0.185295
2151	-68.39264	-89.0533	20.66066	0	1	1	0	0.008243869	0.001022022	0.001521248	0.001521248	0.02916405	0.02916405	0.01027061	0.00321026	0.176143	0.0774425	0.359447	0.386967
2152	-68.90217	-87.24543	18.34326	0	1	1	0	0.008243869	0.00321977	0.001521248	0.001521248	0.0427922	0.0427922	0.01027061	0.0006400684	0.207725	0.0913279	0.423896	0.277051
2153	-70.15114	-89.93628	19.78515	0	1	1	0	0.006185042	0.006223146	0.001521248	0.001521248	0.03322189	0.03322189	0.01027061	0.001018116	0.203497	0.0782626	0.434354	0.283886
2154	-78.05617	-83.82827	5.772099	0	1	1	1	0.007518284	0.001310944	0.0003770094	0.0003770094	0.08350834	0.08350834	0.01634394	0.01634394	0.17769	0.0640367	0.52599	0.232284
2155	-78.30958	-86.55709	8.247506	0	1	1	0	0.01584044	0.008229612	0.000172766	0.000172766	0.08350834	0.08350834	0.01634394	0.000341063	0.234468	0.0844987	0.374526	0.306507
2156	-85.80957	-89.34919	3.53962	1	1	1	1	0.01584044	0.01584044	0.0006851545	0.0006851545	0.05942176	0.05942176	0.01634394	0.01634394	0.188586	0.155258	0.301237	0.354918
2157	-70.47886	-88.26575	17.78689	0	1	0	0	0.01079827	0.003037043	0.003588749	0.003588749	0.05942176	0.007458345	0.01049	0.004613202	0.14816	0.102409	0.236662	0.512769
2158	-68.52209	-86.63544	18.11334	0	0	1	0	0.01079827	0.004839019	0.0005987078	0.005902224	0.05117105	0.05117105	0.01049	0.01374075	0.14816	0.102409	0.236662	0.512769
2159	-67.27847	-86.00617	18.7277	0	0	1	0	0.01079827	0.005392334	0.0005987078	0.002818591	0.06349957	0.06349957	0.01049	0.0004284057	0.14816	0.102409	0.236662	0.512769
2160	-65.55788	-89.72408	24.1662	0	0	1	0	0.01079827	0.0008013284	0.002990778	0.001944439	0.03183219	0.03183219	0.01049	0.004060269	0.067768	0.0468416	0.108249	0.777141
2161	-77.02356	-87.12998	10.10641	0	1	1	1	0.009786448	0.0008013284	0.005387507	0.005387507	0.05780065	0.05780065	0.01049	0.01049	0.111909	0.0493856	0.542555	0.29615
2162	-73.81109	-86.93249	13.1214	0	1	1	1	0.01233044	0.0008013284	0.0008736157	0.0008736157	0.0418204	0.0418204	0.01119421	0.01119421	0.23201	0.102386	0.426919	0.238685
2163	-70.25093	-87.86067	17.60974	0	1	1	0	0.01233044	0.002926159	0.000589881	0.000589881	0.0418204	0.0418204	0.01037393	0.002842725	0.300528	0.132623	0.552999	0.0138499
2164	-70.08751	-89.63077	19.54326	0	0	1	1	0.004167833	0.00332436	0.000589881	0.007615049	0.03258327	0.03258327	0.01154326	0.01154326	0.300528	0.132623	0.552999	0.0138499
2165	-76.8309	-88.81549	11.98459	0	1	1	1	0.01000758	0.003809345	0.000589881	0.000589881	0.03972316	0.03972316	0.01939264	0.01939264	0.590315	0.260506	0.121975	0.0272047
2166	-81.13595	-91.54807	10.41212	1	1	1	1	0.005570761	0.005570761	4.69026e-05	4.69026e-05	0.02796983	0.02796983	0.01939264	0.01939264	0.484549	0.213831	0.279289	0.0223305
2167	-72.45936	-91.99346	19.5341	1	0	0	1	0.005124077	0.005124077	0.0008665253	0.002018557	0.02796983	0.01661173	0.007285339	0.007285339	0.0622548	0.196801	0.704618	0.0363258
2168	-62.66638	-92.47961	29.81323	0	0	0	0	0.005124077	0.0007830166	0.004311176	0.002276245	0.02796983	0.005627962	0.007285339	0.006775376	0.0644296	0.203677	0.308019	0.423875
2169	-67.72767	-90.19379	22.46611	0	0	1	0	0.005266354	0.002031047	0.004311176	0.0004000055	0.02796983	0.02796983	0.01757449	0.015089	0.0373896	0.118197	0.598432	0.245982
2170	-71.71712	-88.77825	17.06113	0	0	1	1	0.005266354	0.002031047	0.004311176	0.0005688918	0.05597773	0.05597773	0.005866425	0.005866425	0.0870264	0.27511	0.0653269	0.572536
2171	-73.81514	-93.96195	20.14681	1	0	1	0	0.004017413	0.004017413	0.004311176	0.004077977	0.03067971	0.03067971	0.005866425	0.007418621	0.120423	0.380685	0.0903965	0.408495
2172	-71.98765	-91.25759	19.26993	1	0	1	0	0.003415272	0.003415272	0.0007716215	0.002597295	0.03067971	0.03067971	0.01414311	0.009780121	0.350671	0.402657	0.0956138	0.151058
2173	-77.99835	-92.86711	14.86876	1	1	0	1	0.007559646	0.007559646	0.0007716215	0.0007716215	0.03067971	0.001563344	0.01645066	0.01645066	0.463287	0.332822	0.079031	0.12486
2174	-71.96682	-89.45906	17.49224	0	1	1	0	0.0102773	0.005700289	0.0007716215	0.0007716215	0.03664715	0.03664715	0.01645066	0.001708645	0.232222	0.446934	0.106128	0.214716
2175	-71.65101	-86.31006	14.65905	0	1	0	1	0.006693177	0.001608303	0.0005530567	0.0005530567	0.06927779	0.0007090149	0.00892033	0.00892033	0.159092	0.306188	0.387621	0.147099
2176	-70.20792	-92.18844	21.98052	0	1	0	1	0.007616919	0.001608303	0.002001058	0.002001058	0.02400629	0.003643657	0.007006168	0.007006168	0.186449	0.17774	0.452291	0.18352
2177	-83.52963	-87.42078	3.891153	1	1	1	0	0.01033835	0.01033835	0.00177427	0.00177427	0.06180019	0.06180019	0.01733101	0.02857383	0.275968	0.384787	0.0676104	0.271634
2178	-71.47059	-86.79469	15.3241	1	0	1	0	0.005248964	0.005248964	0.00177427	0.003674964	0.05298689	0.05298689	0.01733101	0.002941452	0.145065	0.202266	0.403269	0.2494
2179	-63.18747	-88.18711	24.99964	0	0	0	0	0.00835192	0.00423571	0.0008480395	0.002512152	0.05298689	0.003433914	0.008280711	0.007037726	0.168124	0.0754613	0.467371	0.289044
2180	-72.10149	-86.17386	14.07237	0	1	0	1	0.009019649	0.002086447	0.0008480395	0.0008480395	0.05298689	0.004440377	0.02173616	0.02173616	0.168124	0.0754613	0.467371	0.289044
2181	-66.14045	-86.31873	20.17828	0	0	1	0	0.009019649	0.005220815	0.0008480395	0.004907299	0.05298689	0.05298689	0.01168531	0.001060471	0.209652	0.0774711	0.479818	0.233059
2182	-70.0176	-88.52627	18.50867	0	0	1	1	0.008140058	0.005220815	0.0009775536	0.002276865	0.03744099	0.03744099	0.01168531	0.01168531	0.307284	0.161386	0.189739	0.341591
2183	-79.11911	-89.09621	9.977109	1	1	1	1	0.005364565	0.005364565	0.0009775536	0.0009775536	0.03744099	0.03744099	0.01168531	0.01168531	0.353247	0.185526	0.0685405	0.392686
2184	-72.22438	-89.17642	16.95203	0	1	1	0	0.005364565	0.003597752	0.0009775536	0.0009775536	0.03744099	0.03744099	0.01168531	0.01557951	0.327957	0.455194	0.0745091	0.142339
2185	-71.91738	-90.29539	18.37801	0	1	1	0	0.009903964	0.003597752	0.003410352	0.003410352	0.03744099	0.03744099	0.01168531	0.0004505874	0.327957	0.455194	0.0745091	0.142339
2186	-71.55826	-89.61093	18.05267	0	1	1	0	0.009903964	0.005124668	0.0008654683	0.0008654683	0.03744099	0.03744099	0.01440396	0.0006108618	0.342714	0.444962	0.0635803	0.148744
2187	-70.8428	-85.73815	14.89534	0	0	1	1	0.005734774	0.0002152058	0.00190038	0.01046634	0.05368942	0.05368942	0.01440396	0.01440396	0.0570448	0.201526	0.674062	0.067367
2188	-65.50179	-87.49	21.98821	0	0	1	0	0.005734774	0.0001085007	0.003111496	0.00633576	0.05214393	0.05214393	0.007548702	0.0003923652	0.0594755	0.197024	0.677639	0.0658619
2189	-69.86825	-88.47723	18.60897	0	1	1	0	0.005734774	9.851854e-05	0.0003725912	0.0003725912	0.05214393	0.05214393	0.005226732	0.001591325	0.0911733	0.302028	0.505835	0.100963
2190	-66.4213	-88.11854	21.69724	0	0	1	0	0.004513376	0.001112904	0.0003725912	0.01123976	0.05214393	0.05214393	0.007174869	0.0004824643	0.0438898	0.259131	0.322533	0.374446
2191	-70.54575	-87.16819	16.62243	0	0	1	1	0.004771218	0.0001258186	0.0004942392	0.01182092	0.05214393	0.05214393	0.007174869	0.007174869	0.0579456	0.0218671	0.425825	0.494363
2192	-70.52651	-91.35846	20.83195	0	0	1	1	0.003865752	0.0003714438	0.001868072	0.009066007	0.03010615	0.03010615	0.007174869	0.007174869	0.0531881	0.102174	0.390863	0.453774
2193	-79.30975	-98.27637	18.96662	0	1	0	1	0.003865752	0.005672242	0.00404251	0.00404251	0.03010615	0.01728731	0.002148105	0.002148105	0.0531881	0.102174	0.390863	0.453774
2194	-67.90959	-93.07074	25.16115	0	0	1	0	0.005621684	0.003422579	0.00404251	0.002357058	0.03400142	0.03400142	0.004058302	0.003722537	0.130685	0.251046	0.552731	0.0655379
2195	-66.82187	-86.86349	20.04162	0	0	1	0	0.005621684	0.002200496	0.0003359817	0.007564173	0.05776993	0.05776993	0.007456089	0.005561834	0.134841	0.259028	0.570305	0.0358254
2196	-70.60086	-86.5954	15.99454	0	0	1	1	0.01300769	0.002200496	0.0003359817	0.005436669	0.04818587	0.04818587	0.01095588	0.01095588	0.2236	0.108885	0.618499	0.0490153
2197	-75.13997	-88.86591	13.72594	0	1	1	1	0.01300769	0.001328887	0.001378344	0.001378344	0.04020118	0.04020118	0.007645883	0.007645883	0.354889	0.170348	0.439901	0.0348616
2198	-67.55998	-93.17738	25.6174	0	1	0	0	0.01300769	0.001328887	0.001531338	0.001531338	0.02229429	0.005658512	0.007645883	0.003149705	0.388505	0.0782319	0.495343	0.0379202
2199	-68.23138	-87.85593	19.62455	0	0	0	1	0.01300769	0.003811215	0.0008585836	0.001127163	0.05168359	0.009422803	0.008984763	0.008984763	0.168975	0.106318	0.673173	0.0515337
2200	-64.86947	-86.32529	21.45582	0	0	1	0	0.006231488	0.0026867	0.0008585836	0.002474373	0.05168359	0.05168359	0.008984763	0.005501325	0.168975	0.106318	0.673173	0.0515337
2201	-72.6927	-89.29602	16.60331	1	0	1	0	0.00467011	0.00467011	0.005049844	0.003278479	0.05168359	0.05168359	0.008984763	0.002973571	0.210872	0.0431912	0.710946	0.0349915
2202	-69.89287	-85.41825	15.52539	0	1	1	0	0.006530778	0.0001863338	0.002327917	0.002327917	0.06069506	0.06069506	0.008984763	0.004081328	0.20387	0.041757	0.720544	0.0338296
2203	-68.21098	-86.59451	18.38352	0	1	1	0	0.006530778	0.00145137	0.002327917	0.002327917	0.03943223	0.03943223	0.01457714	0.002138008	0.0829137	0.0481012	0.830016	0.0389693
2204	-84.62309	-93.90095	9.277851	1	1	1	1	0.007391629	0.007391629	0.002274753	0.002274753	0.02148542	0.02148542	0.02831642	0.02831642	0.0829137	0.0481012	0.830016	0.0389693
2205	-71.03632	-89.8787	18.84238	0	1	0	1	0.009076531	0.002420103	0.002274753	0.002274753	0.02697105	0.01112114	0.01196917	0.01196917	0.0713024	0.041365	0.71378	0.173552
2206	-69.86557	-86.42006	16.55449	0	0	1	1	0.009076531	0.002730557	0.001351719	0.001407534	0.05278244	0.05278244	0.00957083	0.00957083	0.424677	0.0862392	0.127256	0.361828
2207	-71.20051	-86.8006	15.60009	0	0	1	1	0.0126621	0.004014107	0.001351719	0.001997671	0.05278244	0.05278244	0.00957083	0.00957083	0.198211	0.0287075	0.652635	0.120446
2208	-71.6087	-91.72954	20.12084	0	1	0	1	0.01278518	0.0009823472	0.001351719	0.001351719	0.02228638	0.009543415	0.00957083	0.00957083	0.144326	0.0209033	0.736075	0.0986958
2209	-69.4155	-91.33898	21.92349	0	1	1	0	0.01278518	0.0002726061	0.001159682	0.001159682	0.02228638	0.02228638	0.00957083	0.000133931	0.140403	0.095965	0.716063	0.0475697
2210	-65.89912	-88.11131	22.21219	0	1	0	0	0.005466644	0.001183537	0.001159682	0.001159682	0.04256294	0.0140364	0.00957083	0.0001143127	0.16561	0.467774	0.258557	0.108059
2211	-70.39771	-86.99229	16.59458	0	0	1	1	0.004065176	0.001183537	0.001776929	0.0002646298	0.0548692	0.0548692	0.01453087	0.01453087	0.186039	0.586547	0.160384	0.0670294
2212	-75.31159	-89.8742	14.56261	1	1	1	0	0.004065176	0.004065176	0.001776929	0.001776929	0.03486445	0.03486445	0.01508518	0.002984461	0.511339	0.127019	0.255049	0.106593
2213	-75.56592	-88.57899	13.01307	0	1	1	1	0.01075874	0.00294598	0.00148308	0.00148308	0.03486445	0.03486445	0.01758742	0.01758742	0.396868	0.0985837	0.197952	0.306597
2214	-74.71638	-91.48821	16.77183	0	1	0	1	0.004899492	0.003639486	0.00148308	0.00148308	0.03486445	0.02457082	0.006219119	0.006219119	0.396868	0.0985837	0.197952	0.306597
2215	-70.27951	-89.9319	19.65239	1	0	1	0	0.004029807	0.004029807	6.515215e-05	0.001123776	0.03486445	0.03486445	0.01509897	0.004017261	0.396868	0.0985837	0.197952	0.306597
2216	-68.45044	-88.24248	19.79204	0	0	1	1	0.004029807	0.001211844	6.515215e-05	0.006235674	0.03486445	0.03486445	0.01199371	0.01199371	0.19341	0.130663	0.52651	0.149417
2217	-66.09812	-88.4699	22.37178	0	0	1	0	0.006148929	0.001282448	0.0006799235	0.009116339	0.03486445	0.03486445	0.01528745	0.005801936	0.514822	0.151094	0.161302	0.172781
2218	-68.89141	-89.47113	20.57972	0	1	0	0	0.006994266	0.001282448	0.0002265553	0.0002265553	0.03403074	0.001214654	0.01201917	0.02766436	0.478791	0.162315	0.173281	0.185613
2219	-64.59473	-88.53577	23.94104	0	0	1	0	0.006994266	0.002042526	0.0006410932	0.0009296451	0.03403074	0.03403074	0.01201917	0.007547775	0.431635	0.146329	0.156215	0.265821
2220	-62.24193	-93.06304	30.82111	0	0	0	0	0.007325982	0.001140602	0.0005632101	0.005862995	0.01835445	0.008496733	0.01201917	0.0006247581	0.05675	0.532114	0.287592	0.123543
2221	-64.13578	-90.83498	26.6992	0	0	1	0	0.003026117	0.0002782852	0.001133706	0.00402903	0.02737779	0.02737779	0.01201917	0.0005642309	0.0216948	0.415657	0.515419	0.0472291
2222	-64.58808	-90.6511	26.06302	0	0	1	0	0.003026117	0.0009775374	0.001133706	0.001816992	0.03142372	0.03142372	0.01201917	0.001670083	0.00425668	0.279508	0.101129	0.615107
2223	-69.89678	-90.42207	20.52529	0	0	1	1	0.004043877	3.010579e-05	0.004426653	0.002262856	0.03142372	0.03142372	0.01201917	0.01201917	0.00425668	0.279508	0.101129	0.615107
2224	-69.08407	-96.64994	27.56587	0	1	0	0	0.005367822	0.0001559682	0.004426653	0.004426653	0.01252082	0.005317169	0.01201917	0.003663335	0.00269787	0.132198	0.475251	0.389853
2225	-68.22919	-95.54617	27.31698	0	1	0	0	0.005367822	0.0001559682	7.367838e-05	7.367838e-05	0.01252082	0.009191138	0.01515108	0.002434086	0.00269787	0.132198	0.475251	0.389853
2226	-69.81727	-95.94372	26.12645	0	0	0	1	0.006494478	0.001122598	0.001330565	0.005153565	0.01226507	0.009296454	0.01604177	0.01604177	0.0113132	0.554355	0.251069	0.183263
2227	-66.12281	-86.95514	20.83233	0	0	1	0	0.006640324	0.003624645	0.00142677	0.003630813	0.05037699	0.05037699	0.01469794	0.001589758	0.00719485	0.716583	0.159673	0.11655
2228	-69.20457	-85.68924	16.48468	0	0	1	1	0.006640324	0.001906664	0.00142677	0.002270273	0.05037699	0.05037699	0.01469794	0.01469794	0.00461459	0.459597	0.10241	0.433379
2229	-76.75073	-89.53042	12.77969	1	1	1	0	0.006640324	0.006640324	0.002785517	0.002785517	0.04655663	0.04655663	0.007118181	0.005873943	0.196117	0.240084	0.337412	0.226388
2230	-66.48718	-90.1047	23.61752	0	0	1	0	0.006640324	0.001717288	0.002785517	0.008473733	0.02994731	0.02994731	0.01236386	0.004127752	0.196117	0.240084	0.337412	0.226388
2231	-69.53689	-88.48283	18.94595	0	0	1	1	0.009902169	0.001338994	0.0006402825	0.00243743	0.03112566	0.03112566	0.0177958	0.0177958	0.139772	0.297023	0.240473	0.322733
2232	-71.98919	-90.92975	18.94056	0	1	1	0	0.009902169	0.007126651	0.0006152674	0.0006152674	0.03112566	0.03112566	0.01306903	0.001432394	0.314085	0.237289	0.19155	0.257075
2233	-75.19813	-90.95556	15.75743	0	1	1	1	0.003768487	0.001955131	0.002023418	0.002023418	0.03112566	0.03112566	0.01306903	0.01306903	0.693798	0.113906	0.0919497	0.100347
2234	-58.93096	-90.81597	31.88501	0	0	0	0	0.007071325	0.0003781205	0.002023418	0.003062553	0.0232719	0.000486242	0.01164055	0.0003682137	0.0226849	0.463566	0.374211	0.139539
2235	-71.09724	-92.80525	21.70802	1	0	0	1	0.004134402	0.004134402	0.002023418	0.003487292	0.0232719	0.002883543	0.01164055	0.01164055	0.083075	0.118346	0.681877	0.116702
2236	-64.75214	-91.11405	26.36191	0	1	0	0	0.01076035	0.000423013	0.000467608	0.000467608	0.02262011	0.002851398	0.009788412	0.003446765	0.106669	0.151956	0.591529	0.149846
2237	-73.7989	-90.12194	16.32304	0	1	1	1	0.01003178	0.0008453274	0.0006198503	0.0006198503	0.02262011	0.02262011	0.01458932	0.01458932	0.113473	0.16165	0.565472	0.159405
2238	-64.99998	-91.54103	26.54104	0	1	0	0	0.01089412	0.0008453274	0.001393579	0.001393579	0.02262011	0.003162622	0.009896306	0.0005209444	0.351387	0.118268	0.413719	0.116626
2239	-65.51817	-88.83717	23.319	0	1	0	0	0.01089412	0.003091666	0.00195799	0.00195799	0.03826154	0.003140762	0.009896306	0.0005209444	0.247105	0.072892	0.638012	0.0419906
2240	-78.56883	-92.55037	13.98154	0	1	1	1	0.01089412	0.003091666	0.005973039	0.005973039	0.03224482	0.03224482	0.009896306	0.009896306	0.544749	0.160692	0.195344	0.0992138
2241	-69.98074	-90.13292	20.15219	0	0	1	1	0.006312679	0.003091666	0.004023824	0.0007712647	0.03224482	0.03224482	0.009896306	0.009896306	0.327667	0.135609	0.452997	0.083727
2242	-67.26665	-91.22536	23.95871	1	0	0	0	0.006312679	0.006312679	0.001805048	0.0009604796	0.03224482	0.001053361	0.009896306	0.01183143	0.465789	0.120509	0.402558	0.0111442
2243	-58.4913	-89.7228	31.2315	0	0	0	0	0.005427281	0.0003525393	0.001805048	0.0009604796	0.03224482	0.003193204	0.00779605	0.0002610229	0.417704	0.211302	0.361	0.00999372
2244	-72.43643	-87.67701	15.24059	0	1	1	1	0.005427281	0.0003525393	0.001805048	0.001805048	0.03556634	0.03556634	0.01174691	0.01174691	0.342027	0.173019	0.476771	0.00818311
2245	-70.83025	-88.32335	17.4931	0	0	1	1	0.003513399	0.001726105	0.0003087344	0.01162103	0.04263456	0.04263456	0.01174691	0.01174691	0.277022	0.168339	0.534578	0.0200602
2246	-68.12208	-87.49843	19.37634	0	0	1	1	0.003513399	0.0003836621	0.0003087344	0.002191179	0.04263456	0.04263456	0.01174691	0.01174691	0.230453	0.14004	0.612819	0.016688
2247	-70.80557	-88.52956	17.72398	0	0	1	0	0.01509911	0.001161475	0.003125451	0.003766409	0.04342163	0.04342163	0.01999021	0.01320291	0.286824	0.206307	0.493432	0.0134369
2248	-74.4844	-87.60872	13.12432	0	1	1	1	0.009507026	0.001021388	0.001755021	0.001755021	0.03472966	0.03472966	0.01999021	0.01999021	0.286824	0.206307	0.493432	0.0134369
2249	-65.64674	-87.9666	22.31986	0	0	1	0	0.007804129	0.001021388	0.001755021	0.005388255	0.03472966	0.03472966	0.01999021	0.00278983	0.117884	0.447333	0.405648	0.0291351
2250	-68.62483	-87.42794	18.8031	0	0	1	1	0.01018739	0.0005422882	0.0009729145	0.0007021527	0.04423875	0.04423875	0.007413911	0.007413911	0.0534214	0.396302	0.393616	0.156661
2251	-72.93935	-89.96967	17.03031	0	1	1	0	0.01018739	0.0005422882	0.00596626	0.00596626	0.04423875	0.04423875	0.007413911	0.005849286	0.0515705	0.145787	0.379978	0.422664
2252	-70.31709	-89.8817	19.56461	0	0	1	0	0.009353881	0.0005422882	0.001059038	0.01966356	0.03697582	0.03697582	0.007413911	0.01423019	0.0643807	0.309797	0.320676	0.305147
2253	-65.32734	-87.89691	22.56957	0	1	0	0	0.007074561	0.001191888	0.0003887425	0.0003887425	0.03697582	0.001683202	0.0145426	0.01019329	0.0643807	0.309797	0.320676	0.305147
2254	-69.34596	-86.5107	17.16474	0	0	1	1	0.007890744	0.0007308268	0.0003887425	0.01058978	0.03928626	0.03928626	0.0145426	0.0145426	0.0761674	0.183436	0.379385	0.361012
2255	-68.0013	-89.36459	21.36329	0	1	1	0	0.007890744	0.0004069797	0.001231264	0.001231264	0.03079994	0.03079994	0.007983283	0.00110074	0.0609921	0.346125	0.303797	0.289085
2256	-81.4963	-93.8259	12.3296	1	1	1	1	0.007890744	0.007890744	0.001231264	0.001231264	0.02376906	0.02376906	0.009120917	0.009120917	0.0749405	0.425282	0.144581	0.355197
2257	-69.60123	-92.04747	22.44624	0	1	1	0	0.007890744	0.001174698	0.0009370595	0.0009370595	0.02376906	0.02376906	0.009120917	0.0003259327	0.322242	0.341354	0.0973183	0.239086
2258	-66.56163	-90.58432	24.02269	0	0	0	1	0.007890744	0.002537884	0.0002737041	0.001981179	0.03207181	0.006432303	0.01255055	0.01255055	0.334853	0.41031	0.116977	0.13786
2259	-64.26558	-88.6978	24.43222	0	0	0	0	0.0104226	0.0002719442	0.003953519	0.002103085	0.04002767	0.00974014	0.008843154	0.01557067	0.205651	0.254151	0.454806	0.085392
2260	-81.24827	-91.6937	10.44543	0	1	1	1	0.007442985	0.01379591	0.003953519	0.003953519	0.05023317	0.05023317	0.006901158	0.006901158	0.281625	0.348042	0.253395	0.116938
2261	-70.06399	-86.09822	16.03422	0	0	1	1	0.007442985	0.002371967	0.001279316	0.002127258	0.05023317	0.05023317	0.0164409	0.0164409	0.307446	0.379953	0.276627	0.0359741
2262	-71.64963	-86.36736	14.71773	0	0	1	1	0.008492366	0.004475047	0.001279316	0.003188314	0.05355011	0.05355011	0.0164409	0.0164409	0.307446	0.379953	0.276627	0.0359741
2263	-74.30103	-88.03589	13.73486	0	1	0	1	0.003974718	0.004475047	0.00172261	0.00172261	0.06205809	0.004376725	0.0164409	0.0164409	0.126257	0.156033	0.324678	0.393031
2264	-72.74683	-91.34146	18.59463	1	0	0	1	0.003974718	0.003974718	0.004056128	0.001037043	0.04236187	0.005900031	0.007920108	0.007920108	0.195985	0.143581	0.298768	0.361666
2265	-79.34114	-91.52163	12.18049	1	0	1	1	0.003180477	0.003180477	0.006632297	2.917327e-05	0.04236187	0.04236187	0.02019827	0.02019827	0.637194	0.163308	0.128201	0.0712969
2266	-74.28734	-92.19022	17.90288	0	1	1	0	0.003969811	0.002713404	0.006632297	0.006632297	0.03297511	0.03297511	0.02019827	0.002717892	0.00685232	0.110718	0.683049	0.199381
2267	-76.39461	-93.13173	16.73712	1	0	0	1	0.003969811	0.003969811	0.006632297	0.005746947	0.03388513	0.005442516	0.02019827	0.02019827	0.00482675	0.0048023	0.481137	0.509234
2268	-75.48329	-90.64402	15.16072	1	1	0	1	0.003398773	0.003398773	0.001443076	0.001443076	0.03388513	0.005450269	0.01117769	0.01117769	0.00482675	0.0048023	0.481137	0.509234
2269	-77.68151	-91.96988	14.28838	1	1	1	0	0.00138821	0.00138821	0.001443076	0.001443076	0.03388513	0.03388513	0.01117769	0.01245069	0.00728662	0.00724972	0.216706	0.768758
2270	-74.5505	-87.52471	12.9742	1	1	1	0	0.004733324	0.004733324	0.001253883	0.001253883	0.04241677	0.04241677	0.01346771	0.005990289	0.00712225	0.00708618	0.234375	0.751416
2271	-75.77234	-87.90679	12.13444	1	1	1	0	0.006533441	0.006533441	0.002716635	0.002716635	0.04241677	0.04241677	0.01346771	0.007530911	0.0232626	0.0308593	0.751634	0.194244
2272	-80.32727	-92.60695	12.27969	1	1	1	1	0.006533441	0.006533441	0.002114356	0.002114356	0.02472321	0.02472321	0.008926508	0.008926508	0.016128	0.455365	0.52111	0.00739728
2273	-71.45678	-91.52531	20.06853	0	1	0	1	0.004264503	0.002903785	0.002114356	0.002114356	0.02472321	0.005578791	0.01723443	0.01723443	0.0162358	0.458409	0.524594	0.000761382
2274	-74.70578	-91.60963	16.90385	0	0	1	1	0.007710042	0.002951334	0.007883482	0.005792246	0.03334973	0.03334973	0.01723443	0.01723443	0.0228041	0.239305	0.736822	0.0010694
2275	-74.90774	-93.89807	18.99033	0	1	1	0	0.00800614	0.002951334	0.007883482	0.007883482	0.02586564	0.02586564	0.01626475	0.002015143	0.0329773	0.372933	0.592543	0.00154648
2276	-72.85076	-90.31293	17.46217	0	0	0	1	0.01158652	0.002963359	0.007883482	0.002042169	0.06188785	0.007886492	0.007014933	0.007014933	0.0329773	0.372933	0.592543	0.00154648
2277	-65.70589	-87.53437	21.82847	0	0	1	0	0.008480663	0.002963359	0.001766766	0.00157184	0.04789239	0.04789239	0.007014933	0.006599292	0.0391105	0.25631	0.702745	0.00183409
2278	-68.67899	-86.71271	18.03372	0	0	1	1	0.008480663	0.0006535448	0.001766766	0.002186357	0.04789239	0.04789239	0.007478635	0.007478635	0.0307949	0.284385	0.683375	0.00144413
2279	-73.5407	-93.12687	19.58617	0	1	0	1	0.01195236	0.006085984	0.0008251446	0.0008251446	0.02594316	0.007292922	0.007478635	0.007478635	0.0574739	0.0551625	0.884668	0.00269525
2280	-72.34195	-91.21481	18.87287	0	1	1	0	0.003404218	0.001292554	0.002392485	0.002392485	0.03501334	0.03501334	0.007478635	0.01407714	0.0811984	0.619715	0.264351	0.0347356
2281	-61.11541	-87.41662	26.30121	0	0	0	0	0.01171963	0.002078829	0.002737204	0.0003591368	0.04698701	0.0007440044	0.01478744	0.0008287665	0.417814	0.18002	0.355459	0.0467071
2282	-65.33718	-86.33398	20.99681	0	0	1	0	0.01171963	0.000770002	0.003053935	0.0004258044	0.04698701	0.04698701	0.01478744	0.003302608	0.148054	0.212919	0.513689	0.125339
2283	-75.20946	-88.1854	12.97594	0	1	1	1	0.005608763	0.000770002	0.003053935	0.003053935	0.05107451	0.05107451	0.007344839	0.007344839	0.273451	0.393254	0.101798	0.231496
2284	-70.3063	-86.60283	16.29654	0	1	1	0	0.005608763	0.0006840399	0.002881224	0.002881224	0.05107451	0.05107451	0.01264654	0.005500081	0.379223	0.158564	0.141174	0.321039
2285	-69.48052	-88.55467	19.07415	0	1	1	0	0.005608763	0.001963543	0.001934789	0.001934789	0.035592	0.035592	0.01264654	0.00476139	0.342327	0.143137	0.127439	0.387098
2286	-74.68073	-90.91737	16.23664	0	1	1	0	0.005992612	0.002763394	0.001764416	0.001764416	0.035592	0.035592	0.004423605	0.02820174	0.0793098	0.158584	0.403309	0.358798
2287	-69.68041	-89.39978	19.71936	1	0	1	0	0.005992612	0.005992612	0.002391651	0.0009984625	0.03478499	0.03478499	0.0138033	0.0008453207	0.143454	0.146388	0.372293	0.337865
2288	-79.68819	-90.82966	11.14147	1	1	1	1	0.004596304	0.004596304	0.002391651	0.002391651	0.02984905	0.02984905	0.01197119	0.01197119	0.316585	0.116799	0.297043	0.269573
2289	-78.94739	-90.34919	11.4018	1	1	1	1	0.004567798	0.004567798	0.0009310249	0.0009310249	0.02984905	0.02984905	0.01197119	0.01197119	0.171458	0.178783	0.237128	0.412632
2290	-68.78555	-89.97626	21.19071	0	1	1	0	0.004567798	0.0001289039	0.002948895	0.002948895	0.02984905	0.02984905	0.01283231	7.317894e-05	0.203665	0.175561	0.232854	0.387921
2291	-76.02858	-86.53849	10.50991	1	0	1	1	0.004635538	0.004635538	0.001063973	0.006213544	0.05821698	0.05821698	0.01182787	0.01182787	0.203665	0.175561	0.232854	0.387921
2292	-79.97101	-86.56899	6.597981	1	1	1	1	0.004370162	0.004370162	0.001063973	0.001063973	0.05753526	0.05753526	0.01182787	0.01182787	0.285526	0.157514	0.208917	0.348044
2293	-73.41772	-89.81402	16.3963	1	0	1	0	0.002607028	0.002607028	0.001063973	0.002546014	0.05753526	0.05753526	0.005159379	0.00891284	0.300782	0.0757037	0.100409	0.523105
2294	-69.8712	-89.13693	19.26573	0	1	0	0	0.002910256	0.0003528621	0.0003405427	0.0003405427	0.05753526	0.01401588	0.01456385	0.001229637	0.355437	0.147283	0.0800807	0.417199
2295	-80.98635	-87.28307	6.296727	1	1	1	1	0.002910256	0.002910256	0.001511094	0.001511094	0.05753526	0.05753526	0.01456385	0.01456385	0.283534	0.117488	0.504237	0.0947405
2296	-68.74572	-87.82234	19.07662	0	1	1	0	0.005640367	0.001235106	0.001511094	0.001511094	0.04135655	0.04135655	0.008005973	0.004743792	0.294957	0.122221	0.52455	0.0582717
2297	-61.93979	-86.49569	24.5559	0	0	0	0	0.01171423	0.0004672755	0.001511094	0.005846183	0.05047254	0.00393868	0.01290904	0.003366287	0.294957	0.122221	0.52455	0.0582717
2298	-79.81449	-87.26984	7.45535	1	1	1	1	0.005570278	0.005570278	0.001511094	0.001511094	0.05047254	0.05047254	0.01233914	0.01233914	0.422318	0.174996	0.319253	0.0834332
2299	-71.55681	-91.47969	19.92288	0	1	0	1	0.005570278	0.002584325	0.0002244655	0.0002244655	0.03277137	0.004162645	0.01233914	0.01233914	0.306295	0.0344846	0.0629117	0.596309
2300	-68.39715	-86.49148	18.09433	0	0	1	1	0.007770126	0.002236173	5.468724e-05	0.003208086	0.0424621	0.0424621	0.01238047	0.01238047	0.286265	0.0354803	0.0647282	0.613527
2301	-69.57207	-91.73648	22.16441	0	0	1	1	0.007770126	0.0004606473	5.468724e-05	0.004740717	0.01942383	0.01942383	0.01238047	0.01238047	0.211126	0.0261675	0.310218	0.452488
2302	-75.05108	-88.70281	13.65173	1	0	1	1	0.002242826	0.002242826	0.0001848924	0.0006361705	0.0495961	0.0495961	0.01132651	0.01132651	0.17665	0.0404616	0.404289	0.378599
2303	-75.08089	-93.46705	18.38616	0	1	0	1	0.002242826	0.000961461	0.0003173175	0.0003173175	0.02989944	0.02623154	0.006789772	0.006789772	0.17665	0.0404616	0.404289	0.378599
2304	-71.03573	-89.27497	18.23924	0	1	0	1	0.008591552	0.001087117	0.0002862727	0.0002862727	0.04836409	0.002605885	0.006347811	0.006347811	0.0489931	0.526105	0.219422	0.20548
2305	-72.04968	-88.54926	16.49959	0	1	1	0	0.004286452	0.004071303	0.0002862727	0.0002862727	0.05579703	0.05579703	0.00839798	0.004394659	0.0489931	0.526105	0.219422	0.20548
2306	-73.07034	-88.79449	15.72415	1	1	0	0	0.004286452	0.004286452	0.001020354	0.001020354	0.05367197	0.009599428	0.009670615	0.003420399	0.0721508	0.302108	0.323137	0.302604
2307	-79.23015	-88.03209	8.801939	1	1	1	1	0.004598478	0.004598478	0.001020354	0.001020354	0.04792289	0.04792289	0.008648749	0.008648749	0.0667739	0.303858	0.32501	0.304358
2308	-74.88363	-87.15244	12.26881	1	0	1	1	0.007525226	0.007525226	0.0001303749	0.001912495	0.04792289	0.04792289	0.01440591	0.01440591	0.0627056	0.346272	0.305208	0.285815
2309	-69.8931	-86.92545	17.03235	0	0	1	1	0.007525226	0.006008192	0.0002276201	0.002005608	0.04792289	0.04792289	0.01049671	0.01049671	0.0751633	0.0865563	0.432894	0.405387
2310	-70.45969	-86.26581	15.80612	0	0	1	1	0.008272444	0.006008192	8.035658e-05	0.002003194	0.05433945	0.05433945	0.01049671	0.01049671	0.0674072	0.021715	0.603431	0.307447
2311	-75.57716	-86.9542	11.37704	1	0	1	1	0.008679651	0.008679651	0.001154248	0.002327818	0.05433945	0.05433945	0.01049671	0.01049671	0.0592161	0.140593	0.530104	0.270087
2312	-75.179	-90.48325	15.30426	1	0	1	1	0.006542678	0.006542678	0.001624131	0.004534865	0.02844977	0.02844977	0.01338247	0.01338247	0.0637567	0.151373	0.570751	0.214119
2313	-63.36103	-88.56466	25.20363	0	0	1	0	0.006542678	7.451776e-05	0.001256608	0.00664405	0.02844977	0.02844977	0.01338247	0.0006330369	0.0588781	0.216309	0.527078	0.197735
2314	-72.61394	-91.37302	18.75908	1	0	1	0	0.006542678	0.006542678	0.002819138	0.005166676	0.02844977	0.02844977	0.02073178	0.0005991744	0.0588781	0.216309	0.527078	0.197735
2315	-75.27695	-91.84404	16.5671	1	1	1	0	0.004186474	0.004186474	0.003171008	0.003171008	0.02844977	0.02844977	0.01131335	0.0001897735	0.0565929	0.343733	0.426858	0.172816
2316	-67.83175	-89.48373	21.65198	0	0	1	1	0.004186474	0.0003955166	0.001554196	0.001596359	0.02871574	0.02871574	0.01131335	0.01131335	0.0335562	0.198876	0.378138	0.389429
2317	-67.72621	-89.1341	21.40789	0	0	0	1	0.004186474	0.0007875183	0.001554196	0.001627915	0.02871574	0.03027718	0.01154595	0.01154595	0.0190314	0.112793	0.823046	0.0451303
2318	-71.11307	-92.0396	20.92653	1	0	0	0	0.003103276	0.003103276	0.001481812	0.001577649	0.0284488	0.03102096	0.01154595	0.004269972	0.250373	0.192402	0.0649789	0.492246
2319	-78.00083	-91.51371	13.51288	1	1	1	0	0.001466669	0.001466669	0.002774547	0.002774547	0.04286713	0.04286713	0.01154595	0.006126415	0.233191	0.179198	0.0605196	0.527091
2320	-83.13657	-91.5379	8.401334	1	1	1	1	0.004543136	0.004543136	0.006751463	0.006751463	0.04286713	0.04286713	0.01032023	0.01032023	0.536679	0.107565	0.0393649	0.316391
2321	-72.30703	-89.15273	16.8457	0	0	1	0	0.01102585	0.0004842243	0.006751463	0.0001248751	0.04286713	0.04286713	0.01626439	0.02727308	0.487035	0.123501	0.102339	0.287125
2322	-68.34084	-85.56437	17.22353	0	0	1	0	0.006715784	0.00129429	0.002140688	0.002847939	0.05047239	0.05047239	0.01397777	0.02518096	0.0879496	0.234251	0.133195	0.544604
2323	-76.29493	-90.54243	14.2475	0	1	1	1	0.006715784	0.0008999233	0.0008861842	0.0008861842	0.02674714	0.02674714	0.02532958	0.02532958	0.0592185	0.416182	0.10309	0.42151
2324	-76.20671	-90.23716	14.03045	0	1	1	1	0.007520761	0.001336538	0.0008861842	0.0008861842	0.02674714	0.02674714	0.02532958	0.02532958	0.0506857	0.356214	0.232325	0.360775
2325	-68.60942	-84.81572	16.20631	0	0	1	0	0.0101441	0.001336538	0.001004717	0.001118632	0.0648606	0.0648606	0.02532958	0.00465424	0.029445	0.206937	0.554032	0.209586
2326	-76.39931	-85.5796	9.180286	0	1	1	1	0.0101441	0.0029553	0.002568059	0.002568059	0.06376296	0.06376296	0.01013302	0.01013302	0.0234577	0.197243	0.61233	0.166969
2327	-80.59583	-90.69456	10.09872	1	1	0	1	0.0101441	0.0101441	0.001222414	0.001222414	0.06376296	0.002761012	0.006419437	0.006419437	0.0204563	0.175414	0.544563	0.259567
2328	-77.98886	-87.39087	9.402008	0	1	1	1	0.0135124	0.003377967	0.001222414	0.001222414	0.06376296	0.06376296	0.006419437	0.006419437	0.00283249	0.262877	0.345302	0.388989
2329	-71.30632	-87.61827	16.31194	0	0	1	1	0.0135124	0.0009670294	0.001222414	0.001941783	0.05424395	0.05424395	0.006419437	0.006419437	0.00272358	0.291219	0.332025	0.374032
2330	-71.925	-90.38532	18.46031	1	0	1	0	0.007106701	0.007106701	0.003204113	0.002072444	0.04232548	0.04232548	0.00646345	0.004846007	0.00210683	0.225273	0.483287	0.289333
2331	-71.38074	-89.21137	17.83063	1	0	1	0	0.007106701	0.007106701	0.003204113	0.001180557	0.04232548	0.04232548	0.01289159	0.00291159	0.00390554	0.417601	0.0421403	0.536353
2332	-75.59142	-88.22611	12.63469	0	1	1	1	0.007106701	0.004366131	0.003114135	0.003114135	0.04232548	0.04232548	0.01289159	0.01289159	0.00388223	0.421077	0.0418888	0.533152
2333	-71.92526	-88.1689	16.24364	0	1	1	0	0.007106701	0.005836255	0.003114135	0.003114135	0.04232548	0.04232548	0.02028355	3.158737e-05	0.00172853	0.187481	0.573409	0.237381
2334	-68.55509	-86.59075	18.03566	0	1	1	0	0.007106701	0.0003484259	0.002537632	0.002537632	0.04232548	0.04232548	0.01609296	3.60589e-05	0.00545142	0.527584	0.373097	0.0938673
2335	-67.69645	-91.16982	23.47337	1	0	0	0	0.007106701	0.007106701	0.002537632	0.001042057	0.03701334	0.002619829	0.01203373	0.004527037	0.0261423	0.306996	0.216721	0.450141
2336	-69.82989	-88.81593	18.98604	1	0	1	0	0.004455629	0.004455629	0.0007359749	0.004838541	0.03701334	0.03701334	0.01203373	0.003933809	0.0219939	0.258281	0.433995	0.28573
2337	-70.96247	-86.19274	15.23027	0	0	1	1	0.007115323	0.001184671	0.004402359	0.002921153	0.05683706	0.05683706	0.01203373	0.01203373	0.0173803	0.204101	0.558877	0.219642
2338	-74.13459	-90.83841	16.70382	1	0	1	0	0.01080866	0.01080866	0.004402359	0.002470059	0.04122964	0.04122964	0.01203373	0.005120994	0.170371	0.0408169	0.495278	0.293533
2339	-73.72431	-88.12122	14.39692	1	0	1	1	0.003428226	0.003428226	0.0003138065	0.001561311	0.04122964	0.04122964	0.01319099	0.01319099	0.248344	0.0594973	0.0706374	0.621521
2340	-77.90274	-89.29157	11.38884	1	1	0	1	0.003428226	0.003428226	0.0003138065	0.0003138065	0.04564773	0.01434963	0.01319099	0.01319099	0.317956	0.162671	0.256936	0.262437
2341	-79.41226	-87.82898	8.416718	1	1	1	1	0.004640971	0.004640971	0.0009142778	0.0009142778	0.04564773	0.04564773	0.01319099	0.01319099	0.0407926	0.580738	0.0329639	0.345505
2342	-71.68205	-86.22244	14.54039	1	0	1	0	0.004890253	0.004890253	0.0009142778	0.004850165	0.05809502	0.05809502	0.01319099	0.006499712	0.01509	0.268923	0.0152647	0.700722
2343	-69.11994	-85.34915	16.22921	0	1	1	0	0.004489326	0.0001746706	0.0007127737	0.0007127737	0.05809502	0.05809502	0.01319099	0.002117507	0.00726422	0.129458	0.00734831	0.855929
2344	-72.63189	-86.75537	14.12348	0	1	1	1	0.004489326	0.001160421	0.000838106	0.000838106	0.04415121	0.04415121	0.01064898	0.01064898	0.00726422	0.129458	0.00734831	0.855929
2345	-68.19682	-85.44109	17.24427	0	0	1	1	0.009231718	0.0002302164	0.000838106	0.002079709	0.04994531	0.04994531	0.01064898	0.01064898	0.0168122	0.299616	0.0170069	0.666565
2346	-74.59723	-92.27264	17.67541	0	1	1	1	0.00478541	0.001202856	0.0002038507	0.0002038507	0.02412968	0.02412968	0.01064898	0.01064898	0.0168122	0.299616	0.0170069	0.666565
2347	-76.45267	-95.01423	18.56157	1	1	1	0	0.00478541	0.00478541	0.000613533	0.000613533	0.02412968	0.02412968	0.005767363	0.0006058777	0.207933	0.186155	0.191769	0.414144
2348	-73.50896	-88.62124	15.11227	0	1	1	1	0.006051441	0.0006222699	0.000613533	0.000613533	0.04115299	0.04115299	0.007191847	0.007191847	0.202613	0.404497	0.0663612	0.326528
2349	-75.3442	-90.25962	14.91542	0	1	1	1	0.003114315	0.0003655197	0.003579703	0.003579703	0.04115299	0.04115299	0.008545528	0.008545528	0.202613	0.404497	0.0663612	0.326528
2350	-75.52087	-86.24123	10.72036	0	1	1	1	0.00469641	0.002306418	0.0005721712	0.0005721712	0.05163813	0.05163813	0.02154097	0.02154097	0.110015	0.219634	0.0360329	0.634318
2351	-74.33997	-90.68283	16.34286	0	1	1	0	0.00469641	0.00111037	0.005699781	0.005699781	0.03630989	0.03630989	0.02154097	0.008772747	0.0857617	0.285636	0.0280892	0.600513
2352	-63.79792	-93.91504	30.11712	0	0	0	0	0.004090767	0.00111037	0.0007956939	0.002725778	0.03411212	0.001564549	0.007853965	0.006161529	0.601489	0.124507	0.0122439	0.26176
2353	-64.00683	-91.83585	27.82901	0	0	0	0	0.004090767	0.00111037	0.0004957732	0.003855529	0.03411212	0.01814117	0.007853965	0.001843182	0.123208	0.254243	0.025002	0.597547
2354	-71.54449	-91.01161	19.46711	1	0	1	0	0.003812338	0.003812338	0.003688941	0.001566846	0.03411212	0.03411212	0.01055911	0.006519878	0.155996	0.0557854	0.0316554	0.756563
2355	-70.42721	-88.0567	17.62949	0	1	1	0	0.004078159	0.0006302752	0.003688941	0.003688941	0.0464554	0.0464554	0.01055911	0.005358702	0.0590945	0.0426798	0.0242186	0.874007
2356	-65.40231	-87.29448	21.89218	0	0	1	0	0.004078159	0.0007685818	0.0007494617	0.009200263	0.04404204	0.04404204	0.01055911	0.006527234	0.0307636	0.0439649	0.0249479	0.900324
2357	-73.71697	-92.33908	18.62211	0	1	1	0	0.009150075	0.002957462	0.006077863	0.006077863	0.03307462	0.03307462	0.01055911	0.003273594	0.161542	0.255631	0.0418968	0.540931
2358	-73.55979	-90.0115	16.45171	0	0	1	0	0.01209624	0.006447557	0.006077863	0.002696432	0.06837553	0.06837553	0.005621625	0.005729432	0.449032	0.16798	0.0275312	0.355457
2359	-72.22391	-89.30563	17.08172	0	0	1	0	0.01209624	0.003179587	0.006077863	0.002741073	0.06837553	0.06837553	0.005835561	0.005135145	0.311106	0.20582	0.0475453	0.435528
2360	-72.5163	-92.85522	20.33892	0	0	1	1	0.009172141	0.003179587	0.002048192	0.002271576	0.03433293	0.03433293	0.004268008	0.004268008	0.311106	0.20582	0.0475453	0.435528
2361	-72.69886	-92.49682	19.79796	1	0	1	0	0.006287485	0.006287485	0.0008559737	0.002328735	0.03729177	0.03729177	0.004268008	0.007334793	0.17383	0.366895	0.432059	0.0272161
2362	-67.82386	-88.88342	21.05956	0	0	1	1	0.005921377	0.001136898	8.631967e-05	0.002547829	0.03135815	0.03135815	0.01009973	0.01009973	0.137492	0.290199	0.34174	0.230568
2363	-68.7603	-89.37298	20.61268	0	0	1	1	0.002947453	0.001385425	8.631967e-05	0.004914853	0.03389218	0.03389218	0.01048026	0.01048026	0.0539682	0.0742416	0.499937	0.371853
2364	-67.3996	-87.19267	19.79307	0	0	1	1	0.006835421	0.001385425	0.0001293448	0.00355259	0.03601169	0.03601169	0.01048026	0.01048026	0.0754881	0.103846	0.778712	0.0419539
2365	-64.10399	-89.71809	25.61409	0	0	1	0	0.00902756	0.003815556	0.0006415734	0.0002935538	0.0306426	0.0306426	0.008576398	0.001637988	0.0754881	0.103846	0.778712	0.0419539
2366	-72.13438	-86.5555	14.42113	0	1	1	1	0.005913715	0.000444656	0.0009362083	0.0009362083	0.04371451	0.04371451	0.008576398	0.008576398	0.0754881	0.103846	0.778712	0.0419539
2367	-63.78016	-88.19488	24.41472	0	0	1	0	0.005913715	0.0003442535	0.0009362083	0.00361279	0.03461987	0.03461987	0.008576398	0.007492507	0.153966	0.211804	0.464796	0.169434
2368	-67.18053	-88.77329	21.59276	0	0	1	0	0.005913715	0.004828566	0.0009362083	0.00351587	0.03829459	0.03829459	0.008576398	0.01557218	0.153966	0.211804	0.464796	0.169434
2369	-67.35019	-87.91218	20.56199	0	0	1	0	0.01072873	0.001993734	0.0009362083	0.002458848	0.05009207	0.05009207	0.005963334	0.01136067	0.163461	0.224866	0.49346	0.118213
2370	-66.73466	-86.66049	19.92583	0	1	0	0	0.01072873	0.001991334	0.0009362083	0.0009362083	0.05009207	0.00792735	0.01129945	0.004197339	0.187852	0.25842	0.417876	0.135852
2371	-76.19774	-87.90565	11.70791	1	1	1	0	0.008782784	0.008782784	0.0003256847	0.0003256847	0.05009207	0.05009207	0.01129945	0.004605278	0.0482268	0.302847	0.489718	0.159208
2372	-71.70499	-88.77062	17.06563	0	1	1	0	0.003528655	0.0007709947	0.0001370598	0.0001370598	0.03716859	0.03716859	0.01385995	0.01853061	0.0532284	0.334256	0.226741	0.385775
2373	-65.36437	-87.32831	21.96394	0	0	1	0	0.007207661	0.001034134	0.001009364	0.0002783691	0.03716859	0.03716859	0.01078629	0.01802994	0.0532284	0.334256	0.226741	0.385775
2374	-79.08706	-89.73596	10.6489	1	1	1	1	0.003308381	0.003308381	0.0003624728	0.0003624728	0.03716859	0.03716859	0.01078629	0.01078629	0.038351	0.339508	0.230304	0.391837
2375	-78.88271	-90.20421	11.32151	1	0	1	1	0.00763309	0.00763309	0.0003624728	0.02049137	0.03716859	0.03716859	0.01165999	0.01165999	0.0559691	0.0159838	0.336103	0.591944
2376	-76.09331	-88.55242	12.45911	1	1	1	0	0.004436846	0.004436846	0.0003624728	0.0003624728	0.03716859	0.03716859	0.01165999	0.01718045	0.0546352	0.0156029	0.351926	0.577836
2377	-72.94592	-87.40567	14.45975	0	1	1	1	0.005122828	0.001165818	0.0003175841	0.0003175841	0.03716859	0.03716859	0.01558971	0.01558971	0.216822	0.0112276	0.253242	0.518709
2378	-72.42582	-88.04312	15.6173	1	0	1	0	0.005122828	0.005122828	0.0001955219	0.005457115	0.03716859	0.03716859	0.01680366	0.01753272	0.212137	0.0112948	0.254756	0.521811
2379	-75.35295	-87.11427	11.76132	0	1	1	1	0.008767403	0.00256043	0.001463582	0.001463582	0.04015707	0.04015707	0.02185129	0.02185129	0.212137	0.0112948	0.254756	0.521811
2380	-70.5458	-88.33165	17.78585	1	0	1	0	0.003981463	0.003981463	0.001463582	0.00229723	0.0428367	0.0428367	0.01016737	0.009129821	0.238268	0.0126861	0.162958	0.586088
2381	-75.9211	-91.31558	15.39448	1	1	1	0	0.004236673	0.004236673	0.001463582	0.001463582	0.02913318	0.02913318	0.01016737	0.009017029	0.233037	0.118774	0.0749683	0.57322
2382	-66.30845	-90.66342	24.35497	0	0	1	0	0.003912119	0.0007869197	0.002390636	0.00183575	0.02913318	0.02913318	0.01016737	0.01361153	0.259257	0.132138	0.0834032	0.525202
2383	-75.37727	-94.86472	19.48745	1	0	0	1	0.003912119	0.003912119	0.003824813	0.001844627	0.02517249	0.003978624	0.02141022	0.02141022	0.564868	0.089175	0.0562859	0.289671
2384	-73.28368	-93.91729	20.63362	1	0	1	0	0.005032834	0.005032834	0.003824813	0.001745431	0.02651564	0.02651564	0.008537923	0.0079301	0.445902	0.281003	0.0444315	0.228664
2385	-76.67234	-90.97055	14.29821	0	1	1	0	0.002949881	0.004413604	0.006056168	0.006056168	0.05993803	0.05993803	0.008537923	0.0079301	0.143649	0.235651	0.547035	0.0736651
2386	-78.44951	-93.98231	15.53279	1	1	1	0	0.002949881	0.002949881	0.001794846	0.001794846	0.02239851	0.02239851	0.01056008	0.01552336	0.155962	0.25585	0.153639	0.434549
2387	-70.03316	-90.07721	20.04405	0	0	1	1	0.006689672	0.004420056	0.002662355	0.0004147485	0.0322122	0.0322122	0.01056008	0.01056008	0.155962	0.25585	0.153639	0.434549
2388	-65.43609	-90.04473	24.60864	0	0	1	0	0.01219149	0.001793174	0.0002582419	0.001010202	0.0322122	0.0322122	0.01036296	0.00255825	0.103824	0.125098	0.102277	0.668801
2389	-70.43719	-90.23213	19.79494	0	1	1	0	0.01219149	0.001230111	0.0001949829	0.0001949829	0.0322122	0.0322122	0.01006736	0.002487922	0.156888	0.256834	0.20998	0.376298
2390	-70.97739	-89.96026	18.98287	0	1	1	0	0.01219149	0.002523701	0.0001949829	0.0001949829	0.03667837	0.03667837	0.01006736	0.001373246	0.126617	0.400226	0.169465	0.303692
2391	-64.92116	-89.88798	24.96683	0	0	1	0	0.01219149	0.0001162177	0.001124722	0.0006157882	0.03667837	0.03667837	0.006752228	0.0008588325	0.126617	0.400226	0.169465	0.303692
2392	-67.57233	-92.96475	25.39242	0	0	0	1	0.01219149	0.0001162177	0.002243381	0.0008065584	0.02393082	0.008942284	0.007672465	0.007672465	0.126023	0.398348	0.16867	0.30696
2393	-65.73106	-89.63984	23.90878	0	0	1	0	0.01219149	7.24212e-05	0.002243381	0.001425104	0.0365033	0.0365033	0.007619068	0.004334984	0.029417	0.563175	0.199792	0.207616
2394	-64.80377	-86.92763	22.12386	0	1	0	0	0.01219149	7.24212e-05	0.002166076	0.002166076	0.04422276	0.0007112521	0.01404951	0.001186115	0.0204753	0.429077	0.40594	0.144508
2395	-79.32294	-87.68241	8.359471	1	1	1	1	0.004283072	0.004283072	0.002166076	0.002166076	0.04422276	0.04422276	0.01404951	0.01404951	0.0721263	0.164755	0.254074	0.509045
2396	-80.28766	-91.70851	11.42085	1	1	1	0	0.01454992	0.01454992	0.002840538	0.002840538	0.04422276	0.04422276	0.01212827	0.003005781	0.0584104	0.00914412	0.290008	0.642438
2397	-71.4355	-87.42528	15.98978	0	0	1	1	0.01454992	0.002635277	0.0001461281	0.006467469	0.04422276	0.04422276	0.01212827	0.01212827	0.140255	0.0148454	0.470826	0.374075
2398	-75.05034	-87.42394	12.3736	0	1	1	1	0.01322501	0.001575287	0.0001461281	0.0001461281	0.04422276	0.04422276	0.01212827	0.01212827	0.126226	0.0546838	0.647854	0.171237
2399	-69.98392	-86.34642	16.3625	0	1	1	0	0.008810259	0.001852575	0.001764909	0.001764909	0.04422276	0.04422276	0.01212827	0.00923905	0.0615692	0.346225	0.496404	0.0958016
2400	-65.58734	-88.00248	22.41514	0	0	0	1	0.01025127	0.0005616957	0.001764909	0.003033226	0.04422276	0.005581364	0.007518204	0.007518204	0.0585312	0.329141	0.47191	0.140417
2401	-75.28239	-86.36863	11.08624	0	1	1	1	0.01025127	0.0005616957	0.003443558	0.003443558	0.04812837	0.04812837	0.01627633	0.01627633	0.0569725	0.347006	0.459344	0.136678
2402	-70.61736	-87.20269	16.58533	0	1	1	0	0.008962251	0.0005826968	0.003443558	0.003443558	0.04812837	0.04812837	0.008907331	0.006719048	0.0569725	0.347006	0.459344	0.136678
2403	-68.25533	-89.23705	20.98172	0	1	1	0	0.006759256	0.0005826968	0.0004805526	0.0004805526	0.02667093	0.02667093	0.01690577	0.0001963575	0.321139	0.169229	0.328558	0.181074
2404	-72.45187	-89.04855	16.59668	0	1	1	1	0.006759256	0.0005826968	0.0008548732	0.0008548732	0.03000711	0.03000711	0.008937213	0.008937213	0.185222	0.175192	0.340137	0.299449
2405	-68.73305	-89.49103	20.75798	0	1	1	0	0.006759256	0.003380288	0.0008548732	0.0008548732	0.03000711	0.03000711	0.01167054	0.0002033192	0.150449	0.260979	0.345341	0.243231
2406	-78.13419	-91.77859	13.64441	1	0	1	1	0.006759256	0.006759256	0.002350281	0.01324119	0.03000711	0.03000711	0.01167054	0.01167054	0.172729	0.0709398	0.443773	0.312558
2407	-69.38925	-91.38079	21.99154	0	0	1	0	0.01080352	0.002516061	0.002350281	0.01665609	0.02976038	0.02976038	0.01167054	0.001599603	0.120708	0.0754007	0.471678	0.332213
2408	-74.74824	-90.34762	15.59938	0	1	1	1	0.01080352	0.001675261	0.002350281	0.002350281	0.02976038	0.02976038	0.008256374	0.008256374	0.315797	0.0399797	0.468074	0.176149
2409	-69.3792	-86.74719	17.36799	0	1	0	0	0.01354207	0.001675261	0.002350281	0.002350281	0.06075872	0.00397154	0.01273044	0.006775204	0.380774	0.0482058	0.358626	0.212393
2410	-71.15133	-87.26953	16.11821	0	1	1	0	0.01034005	0.001675261	0.002350281	0.002350281	0.03950151	0.03950151	0.01273044	0.01281766	0.280628	0.0492495	0.477325	0.192797
2411	-76.13498	-90.18948	14.0545	1	0	1	1	0.005378308	0.005378308	0.002350281	0.005391235	0.03950151	0.03950151	0.009061247	0.009061247	0.54857	0.0962725	0.099682	0.255476
2412	-67.66858	-89.19391	21.52534	0	0	1	0	0.007575433	0.003544162	0.001074062	0.005391235	0.03255716	0.03255716	0.0179377	0.009943441	0.424785	0.133968	0.138712	0.302534
2413	-74.86645	-90.3877	15.52126	0	1	1	1	0.007575433	0.003544162	0.001347417	0.001347417	0.02785471	0.02785471	0.01297093	0.01297093	0.559172	0.137484	0.182596	0.120747
2414	-69.88743	-88.96878	19.08134	0	1	1	0	0.007575433	0.001372125	0.001347417	0.001347417	0.02785471	0.02785471	0.01297093	0.01134524	0.0449432	0.314817	0.363749	0.276491
2415	-70.23869	-89.36089	19.1222	0	1	0	1	0.007575433	0.002372096	0.001347417	0.001347417	0.02785471	0.006320266	0.01676223	0.01676223	0.0607282	0.309914	0.491506	0.137852
2416	-75.69261	-90.8014	15.10879	1	1	0	1	0.00405294	0.00405294	0.0005891587	0.0005891587	0.02785471	0.006392955	0.01676223	0.01676223	0.0208977	0.158042	0.656291	0.16477
2417	-75.09449	-90.74668	15.65219	1	1	0	1	0.004759211	0.004759211	0.0005891587	0.0005891587	0.02785471	0.002578426	0.01676223	0.01676223	0.0217447	0.123916	0.682891	0.171448
2418	-74.41501	-86.71376	12.29875	1	0	1	1	0.005050884	0.005050884	0.0004842458	0.005547179	0.04820972	0.04820972	0.01243357	0.01243357	0.0250183	0.142571	0.7857	0.0467106
2419	-74.63949	-87.98299	13.3435	1	0	1	1	0.007024243	0.007024243	0.0004842458	0.001467472	0.04820972	0.04820972	0.008563881	0.008563881	0.101362	0.263544	0.599456	0.0356383
2420	-71.11487	-86.94919	15.83432	0	0	1	1	0.006779323	0.004538789	4.490682e-05	0.002802937	0.04820972	0.04820972	0.01866337	0.01866337	0.346159	0.331855	0.152139	0.169848
2421	-69.98013	-91.05618	21.07605	1	0	1	0	0.004938854	0.004938854	6.779693e-06	0.002149253	0.03243503	0.03243503	0.009755802	0.001770294	0.116432	0.288878	0.114472	0.480217
2422	-76.43944	-87.72875	11.2893	1	1	1	0	0.006565273	0.006565273	0.0001275904	0.0001275904	0.04993526	0.04993526	0.01907564	0.00179595	0.116432	0.288878	0.114472	0.480217
2423	-74.33236	-86.78907	12.45671	1	0	1	1	0.006565273	0.006565273	0.0001032207	0.002844882	0.04993526	0.04993526	0.01137344	0.01137344	0.08896	0.167707	0.0874626	0.65587
2424	-75.21017	-92.03335	16.82319	1	1	1	0	0.006565273	0.006565273	0.001040096	0.001040096	0.02654874	0.02654874	0.01137344	0.0003179757	0.203058	0.382805	0.19964	0.214497
2425	-77.76827	-95.34077	17.5725	0	1	1	0	0.006565273	0.009450508	0.005996244	0.005996244	0.02654874	0.02654874	0.01137344	0.01116232	0.183206	0.443146	0.180122	0.193526
2426	-76.58066	-96.76082	20.18016	0	0	1	1	0.01037061	0.00418837	0.005996244	0.004990359	0.01926154	0.01926154	0.01137344	0.01137344	0.486369	0.278667	0.113268	0.121696
2427	-63.46561	-92.82241	29.3568	0	0	0	0	0.005690526	0.0009173176	0.005996244	0.003488985	0.02388316	0.004914843	0.01546596	0.002406828	0.244991	0.279719	0.353135	0.122156
2428	-67.42973	-92.3257	24.89596	0	1	0	0	0.01036419	0.00147822	0.003600636	0.003600636	0.02388316	0.008207933	0.009868871	0.001339979	0.0174834	0.364007	0.459545	0.158965
2429	-69.44316	-90.90047	21.4573	0	1	0	1	0.01036419	0.00147822	0.001372852	0.001372852	0.02388316	0.001907911	0.009868871	0.009868871	0.0123011	0.256111	0.619742	0.111846
2430	-74.13293	-91.05235	16.91942	0	1	1	1	0.01036419	0.0008618689	0.0003169916	0.0003169916	0.02388316	0.02388316	0.009868871	0.009868871	0.0182535	0.380042	0.435737	0.165968
2431	-74.38292	-86.29167	11.90876	0	1	1	1	0.005976937	0.004015782	0.00102248	0.00102248	0.05307234	0.05307234	0.009868871	0.009868871	0.00963015	0.200501	0.229885	0.559984
2432	-75.31571	-87.40751	12.09179	0	1	1	1	0.008073964	0.0006573347	0.00102248	0.00102248	0.0581836	0.0581836	0.004972064	0.004972064	0.00963015	0.200501	0.229885	0.559984
2433	-71.07822	-92.85576	21.77754	0	1	0	1	0.005793868	0.0005279375	0.00102248	0.00102248	0.02849271	0.00623438	0.004972064	0.004972064	0.00771653	0.160659	0.184204	0.64742
2434	-69.62982	-90.37977	20.74995	0	0	1	1	0.007918493	0.0005279375	0.00102248	0.00711836	0.02907872	0.02907872	0.007255312	0.007255312	0.0533442	0.153272	0.175734	0.61765
2435	-67.88553	-93.73185	25.84632	0	0	1	0	0.007615428	0.004473749	0.00102248	0.004319193	0.02328048	0.02328048	0.007226776	0.005368754	0.0496511	0.265351	0.110108	0.57489
2436	-66.31244	-86.00477	19.69234	0	0	1	0	0.007615428	0.004473749	0.001944456	0.0001440449	0.05200455	0.05200455	0.01176382	0.01056204	0.0578691	0.0588017	0.213287	0.670042
2437	-71.49086	-85.78197	14.29111	0	1	1	0	0.008839433	0.001841905	0.002993195	0.002993195	0.05200455	0.05200455	0.01176382	0.0124234	0.0253292	0.0257374	0.655657	0.293276
2438	-69.7765	-89.2765	19.5	0	1	1	0	0.008839433	0.00132371	0.002440917	0.002440917	0.03122316	0.03122316	0.01001368	0.006230225	0.166556	0.0463195	0.259317	0.527808
2439	-69.45051	-89.5343	20.08379	0	1	0	1	0.007227378	0.0003664107	0.0007417256	0.0007417256	0.02867295	0.009709643	0.01001368	0.01001368	0.166556	0.0463195	0.259317	0.527808
2440	-68.20449	-87.71314	19.50864	0	0	0	1	0.007227378	0.001143866	0.00469998	0.0003721914	0.04664853	0.0194532	0.01001368	0.01001368	0.321225	0.165238	0.485767	0.0277696
2441	-69.25194	-87.70082	18.44889	0	1	1	0	0.006021154	0.003683611	0.001485374	0.001485374	0.04147685	0.04147685	0.01090919	0.002507366	0.180843	0.0680467	0.273477	0.477633
2442	-74.32152	-86.03364	11.71212	0	1	1	1	0.007647021	0.003683611	0.001485374	0.001485374	0.05135599	0.05135599	0.01090919	0.01090919	0.180843	0.0680467	0.273477	0.477633
2443	-71.01798	-87.34789	16.32991	0	0	1	1	0.007647021	0.003807034	0.003907035	0.000578003	0.05135599	0.05135599	0.01090919	0.01090919	0.439017	0.0466004	0.187285	0.327098
2444	-72.22446	-87.16117	14.93671	0	0	1	1	0.008293304	0.003374999	0.003907035	0.004050017	0.05135599	0.05135599	0.0151921	0.0151921	0.439017	0.0466004	0.187285	0.327098
2445	-81.57359	-92.03416	10.46057	1	1	1	1	0.00317881	0.00317881	0.003907035	0.003907035	0.03042506	0.03042506	0.0151921	0.0151921	0.439017	0.0466004	0.187285	0.327098
2446	-65.13346	-89.95085	24.81739	0	0	1	0	0.00327117	0.0003098502	0.001286584	0.00015287	0.03042506	0.03042506	0.0151921	0.008554805	0.439017	0.0466004	0.187285	0.327098
2447	-66.89361	-89.96207	23.06845	0	0	1	0	0.009125447	0.004769997	0.001026458	0.0006483719	0.03042506	0.03042506	0.01978373	0.003417399	0.439017	0.0466004	0.187285	0.327098
2448	-66.42476	-89.11643	22.69167	0	0	1	0	0.009125447	0.0002706508	0.001026458	0.008888375	0.03042506	0.03042506	0.01978373	0.001831974	0.206471	0.0458391	0.0638617	0.683828
2449	-68.29808	-89.32626	21.02819	0	1	1	0	0.005882729	0.0004779921	0.0008508271	0.0008508271	0.03042506	0.03042506	0.009901988	0.003791192	0.16124	0.0357973	0.0613059	0.741657
2450	-71.66136	-89.50091	17.83955	0	1	0	1	0.007873444	0.0008149246	0.0008508271	0.0008508271	0.03042506	0.01970275	0.009901988	0.009901988	0.156269	0.0218147	0.103126	0.71879
2451	-69.27224	-90.03094	20.75871	0	1	1	0	0.007991808	0.0004709169	0.003012639	0.003012639	0.03042506	0.03042506	0.009901988	0.001068818	0.156269	0.0218147	0.103126	0.71879
2452	-66.41101	-86.22408	19.81307	0	0	0	0	0.009305088	0.0004160624	0.003012639	0.002175162	0.07159938	0.01505249	0.01431854	0.001475258	0.475851	0.0193152	0.0913103	0.413523
2453	-67.82848	-87.46387	19.63539	0	0	1	1	0.009305088	0.000273456	0.0005559746	0.001786485	0.03789713	0.03789713	0.009478563	0.009478563	0.483094	0.0196092	0.320649	0.176648
2454	-63.75785	-87.52544	23.76759	0	0	1	0	0.009305088	0.0004334227	0.0005559746	0.004767501	0.03789713	0.03789713	0.009478563	0.002759679	0.381501	0.0154854	0.314576	0.288437
2455	-66.99868	-89.83262	22.83394	0	1	0	0	0.004819554	0.0002234226	0.0005559746	0.0005559746	0.03789713	0.01518121	0.007606475	0.00425414	0.479863	0.0128753	0.144456	0.362805
2456	-72.06762	-90.74547	18.67786	0	0	1	1	0.004819554	0.0009407367	0.007622196	0.002385671	0.03789713	0.03789713	0.01110854	0.01110854	0.0864687	0.0231847	0.237039	0.653308
2457	-68.63768	-87.96515	19.32746	0	1	0	1	0.004819554	0.0009106343	0.001190884	0.001190884	0.03789713	0.0051313	0.01110854	0.01110854	0.17243	0.0462334	0.472688	0.308649
2458	-68.54519	-91.03611	22.49093	0	1	0	0	0.004819554	0.0009106343	0.004380335	0.004380335	0.02951519	0.005062472	0.01422533	0.01358645	0.117882	0.0874274	0.350955	0.443736
2459	-60.97773	-89.48462	28.50689	0	0	0	0	0.004819554	0.0004803608	0.004380335	0.0001003194	0.03740344	0.005018584	0.01095816	0.004464622	0.0919423	0.0681894	0.273729	0.566139
2460	-60.17332	-88.74239	28.56908	0	0	0	0	0.004819554	9.750192e-05	0.002094147	0.004090463	0.03740344	0.004999117	0.01095816	0.002807282	0.118819	0.088123	0.31315	0.479908
2461	-69.73155	-92.65334	22.92179	0	1	0	0	0.003189894	0.0003100837	0.004763122	0.004763122	0.03740344	0.004999117	0.005765947	0.01360377	0.134444	0.099711	0.587267	0.178578
2462	-77.09901	-93.56193	16.46293	0	1	1	1	0.003189894	0.0002340446	0.005712442	0.005712442	0.03294815	0.03294815	0.005821717	0.005821717	0.046774	0.357611	0.533486	0.0621285
2463	-73.40893	-91.73666	18.32774	0	1	0	1	0.009644327	0.001214114	0.006960901	0.006960901	0.03294815	0.002386289	0.01362277	0.01362277	0.052701	0.381478	0.49582	0.0700013
2464	-77.39223	-89.47829	12.08606	0	1	0	1	0.004732424	0.0001790984	0.007200989	0.007200989	0.06000102	0.009239742	0.0211261	0.0211261	0.0360078	0.260643	0.338767	0.364582
2465	-69.60439	-84.83445	15.23007	0	1	1	0	0.004732424	0.0001790984	0.0006437243	0.0006437243	0.06023726	0.06023726	0.01335028	0.005352639	0.00898244	0.145492	0.780039	0.0654866
2466	-64.423	-90.12126	25.69826	0	0	1	0	0.01056767	0.0003318419	0.0006437243	0.002175475	0.02449336	0.02449336	0.01335028	0.002591413	0.0135484	0.570295	0.317382	0.0987747
2467	-64.3711	-91.39224	27.02115	0	0	0	1	0.009798322	0.0003318419	0.0006602723	0.001480388	0.01945746	0.001719098	0.01313942	0.01313942	0.15376	0.244113	0.54888	0.0532467
2468	-70.01156	-88.45831	18.44675	0	1	0	1	0.01012596	0.0003857426	0.0006602723	0.0006602723	0.03733644	0.002189159	0.01539821	0.01539821	0.30317	0.481321	0.110521	0.104987
2469	-70.00443	-86.0162	16.01176	0	1	1	0	0.01232945	0.0005703826	0.0006602723	0.0006602723	0.04758402	0.04758402	0.01539821	0.003481741	0.141723	0.122236	0.0280678	0.707973
2470	-67.7402	-90.69605	22.95585	0	0	1	0	0.01232945	0.005000599	0.0001681016	0.0009216697	0.03178169	0.03178169	0.01539821	0.004240857	0.130661	0.158335	0.0582885	0.652715
2471	-71.09564	-88.59683	17.50119	0	1	1	0	0.01232945	0.003016258	0.0005889682	0.0005889682	0.0369566	0.0369566	0.01539821	0.003214985	0.130661	0.158335	0.0582885	0.652715
2472	-68.70363	-87.39013	18.6865	0	1	1	0	0.006636484	0.0006523235	0.001865796	0.001865796	0.0369566	0.0369566	0.01539821	0.003214985	0.130661	0.158335	0.0582885	0.652715
2473	-74.88904	-86.76028	11.87124	0	1	1	1	0.006636484	0.0006884293	0.003659209	0.003659209	0.04611704	0.04611704	0.01706986	0.01706986	0.122463	0.211146	0.0546312	0.61176
2474	-74.99934	-88.39633	13.39699	0	1	1	0	0.006636484	0.004488143	0.003659209	0.003659209	0.04547735	0.04547735	0.01706986	0.0176497	0.47834	0.160176	0.0296347	0.331849
2475	-80.20066	-90.04542	9.844768	1	1	1	0	0.00658168	0.00658168	0.003659209	0.003659209	0.04943635	0.04943635	0.00589473	0.02019059	0.483426	0.161879	0.0299497	0.324746
2476	-70.3195	-93.06253	22.74302	0	1	1	0	0.00658168	3.033117e-05	0.003659209	0.003659209	0.02249784	0.02249784	0.008319744	0.0004319952	0.426126	0.142692	0.144928	0.286255
2477	-70.57874	-87.71156	17.13282	0	1	1	0	0.006686449	0.0002015517	0.0043102	0.0043102	0.04687081	0.04687081	0.009666871	0.005875667	0.0999967	0.223782	0.227289	0.448932
2478	-64.10448	-85.78082	21.67634	0	0	1	0	0.005432703	0.0005205737	0.001615339	0.001188215	0.04687081	0.04687081	0.01565614	0.005875667	0.0931573	0.208476	0.28014	0.418226
2479	-70.65952	-88.09557	17.43605	1	0	1	0	0.005432703	0.005432703	0.001615339	0.0003449515	0.04069735	0.04069735	0.01311495	0.01067178	0.136083	0.272435	0.316963	0.274518
2480	-74.09743	-88.46734	14.36991	0	1	1	1	0.007520962	0.003698242	0.001615339	0.001615339	0.03392897	0.03392897	0.01311495	0.01311495	0.0871819	0.174536	0.203063	0.53522
2481	-72.10512	-89.73647	17.63134	1	0	1	0	0.007520962	0.007520962	0.001615339	0.007861025	0.04000894	0.04000894	0.01311495	0.00063874	0.449853	0.105191	0.122384	0.322572
2482	-77.75214	-88.72593	10.9738	1	0	1	0	0.008282052	0.008282052	0.003862486	0.01063688	0.06065605	0.06065605	0.013138	0.01226613	0.208733	0.458727	0.0567864	0.275754
2483	-78.48613	-90.01558	11.52946	0	1	1	1	0.008282052	0.0004018034	0.006775733	0.006775733	0.04131245	0.04131245	0.019354	0.019354	0.22482	0.539488	0.151868	0.0838241
2484	-78.15204	-90.48448	12.33245	0	1	1	1	0.008282052	0.002188521	0.006775733	0.006775733	0.04131245	0.04131245	0.01297412	0.01297412	0.22482	0.539488	0.151868	0.0838241
2485	-69.98154	-87.60746	17.62592	0	0	1	1	0.008282052	0.003958367	0.0004206307	0.001047899	0.04527507	0.04527507	0.01180697	0.01180697	0.242883	0.490814	0.16407	0.102234
2486	-69.19176	-88.17572	18.98395	0	1	1	0	0.008282052	0.0005251126	0.0004206307	0.0004206307	0.04527507	0.04527507	0.007355168	0.001164901	0.0302864	0.657441	0.192391	0.119881
2487	-70.58328	-88.32876	17.74548	0	1	0	1	0.008282052	0.0006719604	0.0009180048	0.0009180048	0.04527507	0.007604828	0.007355168	0.007355168	0.0312563	0.678495	0.198552	0.0916961
2488	-66.95249	-91.6301	24.67761	0	1	0	0	0.005766659	0.0006961854	0.001404699	0.001404699	0.02006583	0.007559202	0.01684548	0.007653944	0.0652669	0.433754	0.309506	0.191472
2489	-70.7103	-92.04932	21.33902	0	0	1	1	0.005766659	0.0009733512	0.001404699	0.004532425	0.0193183	0.0193183	0.01755634	0.01755634	0.165562	0.0640985	0.284633	0.485706
2490	-72.68168	-92.19651	19.51483	0	1	1	0	0.005766659	0.0009733512	0.001404699	0.001404699	0.0193183	0.0193183	0.01967543	0.01284785	0.111697	0.0432444	0.19203	0.653029
2491	-70.8625	-92.30402	21.44153	0	0	1	1	0.005766659	0.0009733512	0.001404699	0.001827	0.0193183	0.0193183	0.01967543	0.01967543	0.172655	0.0668444	0.175763	0.584738
2492	-69.70211	-93.67298	23.97087	0	1	0	1	0.006105495	0.0007001232	0.0007095242	0.0007095242	0.0193183	0.0008043171	0.006859661	0.006859661	0.00646549	0.0665946	0.344387	0.582553
2493	-80.08158	-92.92892	12.84734	1	1	1	1	0.006105495	0.006105495	0.0004796618	0.0004796618	0.0193183	0.0193183	0.01314702	0.01314702	0.0149314	0.153793	0.795326	0.0359495
2494	-73.08334	-91.18826	18.10492	0	1	1	1	0.006105495	0.0001234725	0.0002182832	0.0002182832	0.01947957	0.01947957	0.0125871	0.0125871	0.0145614	0.149982	0.791752	0.0437042
2495	-74.06378	-92.67498	18.6112	0	1	0	1	0.006105495	0.002599534	0.0002297475	0.0002297475	0.01947957	0.01159483	0.02514593	0.02514593	0.0136577	0.202734	0.742617	0.040992
2496	-77.31961	-93.06017	15.74057	0	1	1	1	0.004151278	0.002599534	0.0006618771	0.0006618771	0.01947957	0.01947957	0.02514593	0.02514593	0.0136577	0.202734	0.742617	0.040992
2497	-69.59518	-85.47293	15.87774	0	1	1	0	0.007935749	0.002599534	0.0004127905	0.0004127905	0.05486866	0.05486866	0.01118697	0.003786964	0.0136577	0.202734	0.742617	0.040992
2498	-66.76482	-86.7483	19.98348	0	0	1	0	0.007935749	0.001752049	0.0002490284	0.004901392	0.03889221	0.03889221	0.01450428	0.01860802	0.0335236	0.497621	0.46061	0.00824489
2499	-68.09593	-89.32591	21.22998	0	1	0	0	0.007935749	0.001752049	0.001477774	0.001477774	0.03889221	0.006527205	0.01843456	0.004693109	0.0542401	0.872267	0.0601528	0.01334
2500	-75.3051	-87.63391	12.32881	0	1	1	1	0.009563004	0.001752049	0.001477774	0.001477774	0.03889221	0.03889221	0.01986864	0.01986864	0.559015	0.0995679	0.203932	0.137486
2501	-65.47025	-90.46191	24.99166	0	0	1	0	0.009563004	0.001752049	0.0003188917	0.0004169722	0.02360083	0.02360083	0.01449121	0.008052664	0.356164	0.0634376	0.492802	0.087596
2502	-65.5474	-88.2899	22.7425	0	1	0	0	0.01071556	0.0008175483	0.0003188917	0.0003188917	0.03294339	0.007076748	0.01449121	0.004697596	0.363434	0.0647324	0.502861	0.068973
2503	-70.49419	-88.3446	17.8504	0	0	1	1	0.01071556	0.0008175483	0.002621958	0.002912645	0.037948	0.037948	0.01449121	0.01449121	0.249673	0.348193	0.0311319	0.371003
2504	-71.99286	-90.48912	18.49625	0	1	1	0	0.01144572	0.0008175483	0.002621958	0.002621958	0.02849682	0.02849682	0.01449121	0.007939354	0.230243	0.321096	0.106531	0.342131
2505	-65.26499	-90.51938	25.25439	0	0	1	0	0.003339996	0.0008506715	0.001049082	0.006093193	0.02849682	0.02849682	0.01449121	0.002371795	0.0460546	0.183427	0.279737	0.490782
2506	-68.6831	-88.3796	19.6965	0	0	1	0	0.005527892	0.001981683	0.000107411	0.006225248	0.03328737	0.03328737	0.02285351	0.01850117	0.0455432	0.192494	0.276631	0.485332
2507	-70.97212	-88.92795	17.95584	0	1	1	0	0.009429898	0.001981683	0.000107411	0.000107411	0.03328737	0.03328737	0.02285351	0.001243966	0.0123568	0.287119	0.412615	0.287909
2508	-66.67557	-90.98613	24.31056	0	0	0	1	0.005162459	0.002998232	0.0001221714	0.0008108094	0.03179618	0.01226265	0.008939003	0.008939003	0.0123568	0.287119	0.412615	0.287909
2509	-74.16574	-91.23667	17.07093	0	0	1	1	0.005162459	0.003551443	0.002536481	0.005253166	0.03179618	0.03179618	0.02566584	0.02566584	0.00598574	0.695996	0.199875	0.0981433
2510	-69.61464	-88.31823	18.70359	0	1	1	0	0.005162459	0.003551443	0.002544716	0.002544716	0.03815715	0.03815715	0.01095874	0.004252107	0.0110034	0.0454115	0.763172	0.180413
2511	-69.0255	-88.35756	19.33207	1	0	1	0	0.005783848	0.005783848	0.0003077545	0.004217639	0.03815715	0.03815715	0.01095874	0.001606573	0.0217533	0.0897772	0.706512	0.181957
2512	-68.93588	-86.87012	17.93424	0	1	1	0	0.01316095	0.000372621	0.001037663	0.001037663	0.03815715	0.03815715	0.01627052	2.846883e-05	0.0217533	0.0897772	0.706512	0.181957
2513	-63.58003	-87.46534	23.88531	0	1	0	0	0.006457388	0.0002638598	0.001037663	0.001037663	0.03815715	0.007864663	0.008803918	0.001939363	0.018485	0.226536	0.60036	0.154619
2514	-72.70987	-86.43231	13.72244	0	1	1	1	0.006457388	0.0002349558	0.001037663	0.001037663	0.03815715	0.03815715	0.01769483	0.01769483	0.00998596	0.12238	0.035849	0.831786
2515	-74.81373	-84.22591	9.412181	0	1	1	1	0.008982124	0.0006927926	0.001037663	0.001037663	0.05982958	0.05982958	0.01769483	0.01769483	0.0226984	0.278172	0.0814858	0.617643
2516	-71.8379	-86.59349	14.75559	1	0	1	0	0.004150279	0.004150279	0.001037663	0.004165674	0.05982958	0.05982958	0.01769483	0.0003314419	0.0226984	0.278172	0.0814858	0.617643
2517	-82.11335	-87.68984	5.576488	1	1	1	1	0.001883858	0.001883858	0.001232009	0.001232009	0.05982958	0.05982958	0.01769483	0.01769483	0.0143815	0.176248	0.418036	0.391334
2518	-78.80299	-90.2532	11.45021	0	0	1	1	0.001883858	0.01716095	0.001408124	0.003364526	0.0646042	0.0646042	0.01769483	0.01769483	0.0169059	0.0316566	0.491413	0.460024
2519	-78.36312	-87.63831	9.275182	1	1	1	0	0.001883858	0.001883858	0.001408124	0.001408124	0.06588805	0.06588805	0.01222193	0.007618673	0.0169059	0.0316566	0.491413	0.460024
2520	-71.41613	-93.26961	21.85349	1	0	1	0	0.001883858	0.001883858	0.000989175	0.002967445	0.02656134	0.02656134	0.01388233	0.0003248692	0.0169059	0.0316566	0.491413	0.460024
2521	-76.52671	-92.68399	16.15728	0	1	1	1	0.001883858	0.002074887	0.000989175	0.000989175	0.02656134	0.02656134	0.01814531	0.01814531	0.0166923	0.0438909	0.485205	0.454212
2522	-71.43061	-85.94328	14.51267	1	0	1	0	0.006975822	0.006975822	0.000989175	0.003520373	0.05500483	0.05500483	0.01453805	0.007570761	0.0295323	0.0776525	0.858432	0.0343833
2523	-82.04422	-88.14487	6.100652	1	1	1	1	0.003679489	0.003679489	0.004419651	0.004419651	0.05500483	0.05500483	0.01453805	0.01453805	0.0295323	0.0776525	0.858432	0.0343833
2524	-74.98035	-90.11918	15.13884	1	1	1	0	0.002667425	0.002667425	0.001771466	0.001771466	0.03963253	0.03963253	0.009090032	0.002318675	0.0215683	0.0567118	0.626937	0.294783
2525	-72.23263	-89.43057	17.19794	1	0	1	0	0.002667425	0.002667425	0.001771466	0.003666731	0.03982402	0.03982402	0.0203559	0.004953507	0.0211544	0.0748117	0.614907	0.289127
2526	-73.82862	-87.3354	13.50678	0	1	1	1	0.007945382	0.001178951	0.001808017	0.001808017	0.03352735	0.03352735	0.0203559	0.0203559	0.023353	0.00398617	0.678815	0.293846
2527	-73.31627	-84.73832	11.42204	0	1	1	0	0.008549576	0.001178951	0.001808017	0.001808017	0.06308293	0.06308293	0.0203559	0.01130221	0.462925	0.0037543	0.256567	0.276753
2528	-75.85751	-85.24958	9.392072	0	1	1	1	0.008549576	0.001178951	0.001808017	0.001808017	0.05625284	0.05625284	0.02056263	0.02056263	0.49051	0.00356147	0.243389	0.262539
2529	-69.13311	-86.0554	16.92229	0	0	1	0	0.008549576	0.006027218	0.0004606748	0.003129541	0.05625284	0.05625284	0.01871379	0.01121927	0.49051	0.00356147	0.243389	0.262539
2530	-77.15988	-87.81011	10.65023	0	0	1	1	0.01043158	0.006027218	0.00104539	0.008575307	0.05625284	0.05625284	0.02836006	0.02836006	0.376377	0.0043593	0.297912	0.321352
2531	-75.26338	-89.89292	14.62953	0	1	1	1	0.01043158	0.002094562	0.00104539	0.00104539	0.02662778	0.02662778	0.01819405	0.01819405	0.376377	0.0043593	0.297912	0.321352
2532	-69.25423	-90.83716	21.58294	0	0	1	1	0.005398364	0.002094562	0.0009619601	0.003606625	0.02748338	0.02748338	0.008611689	0.008611689	0.069184	0.00602757	0.0106255	0.914163
2533	-72.63719	-92.98025	20.34305	0	0	1	1	0.01204433	0.0002305619	0.0009619601	0.008691824	0.02748338	0.02748338	0.00583675	0.00583675	0.102883	0.00896353	0.015801	0.872353
2534	-65.6687	-91.89569	26.22699	0	0	1	0	0.01204433	0.0004143072	0.002423455	0.0007286617	0.02748338	0.02748338	0.00583675	0.002198538	0.0816003	0.00710932	0.536846	0.374444
2535	-69.42258	-85.23364	15.81106	0	1	1	0	0.01204433	0.0003615428	0.0002318386	0.0002318386	0.05370065	0.05370065	0.0134813	0.001352433	0.0611665	0.00532905	0.779621	0.153884
2536	-74.72725	-88.75859	14.03135	1	0	1	1	0.005949383	0.005949383	0.0002318386	0.008471846	0.03368068	0.03368068	0.0134813	0.0134813	0.0602906	0.00525274	0.768457	0.166
2537	-69.88143	-90.66957	20.78814	0	0	1	0	0.005949383	0.004784674	7.557739e-05	0.00983904	0.02999182	0.02999182	0.02751619	0.004083336	0.0602906	0.00525274	0.768457	0.166
2538	-73.78663	-91.61121	17.82458	0	1	1	1	0.005949383	0.001185826	0.0001044645	0.0001044645	0.02410196	0.02410196	0.008775874	0.008775874	0.0917222	0.00799118	0.647746	0.252541
2539	-72.72622	-91.11457	18.38835	0	1	1	1	0.005949383	0.0003633388	0.0004693673	0.0004693673	0.02133474	0.02133474	0.008775874	0.008775874	0.064438	0.00973686	0.789247	0.136578
2540	-65.36947	-88.99638	23.62691	0	1	0	0	0.005949383	0.0003114139	0.0003737779	0.0003737779	0.02543749	0.01519352	0.0170702	0.001666263	0.064438	0.00973686	0.789247	0.136578
2541	-72.2148	-95.66232	23.44752	0	0	0	1	0.007981776	0.002310538	0.008646258	0.007404451	0.02099799	0.002616939	0.0170702	0.0170702	0.0539789	0.0667636	0.749549	0.129709
2542	-80.62892	-94.54097	13.91205	1	0	1	1	0.004513382	0.004513382	0.008646258	0.007490306	0.03401487	0.03401487	0.007832625	0.007832625	0.132752	0.164194	0.384056	0.318998
2543	-75.34041	-93.56566	18.22525	0	0	1	1	0.004513382	0.0006886426	0.008646258	0.01018588	0.03549598	0.03549598	0.007832625	0.007832625	0.205078	0.150501	0.352027	0.292394
2544	-77.87188	-93.17487	15.30299	0	1	0	1	0.01248849	0.00228568	0.008591035	0.008591035	0.04679982	0.006080653	0.007832625	0.007832625	0.205078	0.150501	0.352027	0.292394
2545	-70.34669	-88.80071	18.45402	0	0	1	1	0.00372727	0.002807173	0.001653306	0.003233978	0.04679982	0.04679982	0.007832625	0.007832625	0.266817	0.151519	0.287293	0.294371
2546	-71.06836	-87.87424	16.80587	0	0	1	1	0.00372727	0.002807173	0.001653306	0.006905539	0.04679982	0.04679982	0.01358861	0.01358861	0.370228	0.106587	0.258409	0.264775
2547	-76.7606	-86.10625	9.34565	1	0	1	1	0.008283615	0.008283615	0.001653306	0.002379492	0.0641954	0.0641954	0.01210575	0.01210575	0.237921	0.0684964	0.166062	0.527521
2548	-71.76817	-88.59557	16.8274	0	0	1	1	0.003531804	0.004455436	0.001653306	0.008773637	0.04483864	0.04483864	0.01210575	0.01210575	0.147151	0.0637204	0.154483	0.634646
2549	-81.0381	-91.92776	10.88966	1	1	1	1	0.003531804	0.003531804	0.001653306	0.001653306	0.02656207	0.02656207	0.0185014	0.0185014	0.350903	0.151951	0.115334	0.381813
2550	-81.38068	-92.15292	10.77223	1	1	1	1	0.003531804	0.003531804	0.002324989	0.002324989	0.02656207	0.02656207	0.0185014	0.0185014	0.0371603	0.58283	0.239886	0.140124
2551	-73.94132	-87.27432	13.333	0	1	1	1	0.007849752	0.001175357	0.0006914919	0.0006914919	0.03759164	0.03759164	0.0185014	0.0185014	0.0371603	0.58283	0.239886	0.140124
2552	-66.88495	-88.3689	21.48394	0	1	0	0	0.009278317	0.001175357	0.0006914919	0.0006914919	0.03154561	0.01474251	0.01491816	0.005908531	0.328675	0.095306	0.363619	0.2124
2553	-80.02913	-92.27012	12.24099	1	1	0	1	0.005885265	0.005885265	0.00463163	0.00463163	0.03154561	0.00844096	0.02155253	0.02155253	0.377968	0.0473262	0.426641	0.148064
2554	-78.22025	-87.71933	9.499076	0	1	1	1	0.008350641	0.003026347	0.00463163	0.00463163	0.0501788	0.0501788	0.02155253	0.02155253	0.377968	0.0473262	0.426641	0.148064
2555	-68.66124	-92.40039	23.73915	0	1	0	0	0.008334658	0.005022816	0.004263638	0.004263638	0.03584352	0.0009713008	0.009285849	0.001638257	0.159502	0.37429	0.180042	0.286166
2556	-77.14949	-92.53341	15.38392	1	1	0	1	0.004672683	0.004672683	0.004263638	0.004263638	0.03584352	1.255575e-05	0.009285849	0.009285849	0.112141	0.196	0.267185	0.424674
2557	-66.87895	-86.38665	19.5077	0	0	1	0	0.004672683	0.0004934326	0.004263638	0.0008597905	0.06022617	0.06022617	0.01814194	0.0009065713	0.067625	0.206169	0.161122	0.565084
2558	-73.17198	-85.33262	12.16064	0	0	1	1	0.006652244	0.001194124	0.004263638	0.0005155955	0.07012645	0.07012645	0.01930068	0.01930068	0.0869657	0.265133	0.207202	0.440699
2559	-79.94379	-86.67991	6.736121	1	0	1	1	0.004148546	0.004148546	0.004263638	0.0003780056	0.07641756	0.07641756	0.01833649	0.01833649	0.372457	0.00876756	0.17002	0.448756
2560	-62.50736	-88.40232	25.89496	0	0	0	0	0.007546126	0.0008899957	0.004263638	1.247291e-05	0.03665831	0.001339503	0.01833649	0.01351923	0.46064	0.0180401	0.349832	0.171488
2561	-77.41529	-90.40616	12.99087	0	1	1	1	0.00401176	0.004319055	0.004441018	0.004441018	0.03665831	0.03665831	0.01833649	0.01833649	0.30511	0.0232421	0.45071	0.220938
2562	-63.30394	-88.79895	25.49501	0	0	0	0	0.005757513	0.000407113	0.002340979	0.004601981	0.03665831	0.003315695	0.01833649	0.01343546	0.658579	0.0765639	0.207843	0.057014
2563	-66.54694	-90.34584	23.7989	0	0	0	1	0.005757513	0.0006711473	0.001520819	0.004663401	0.03665831	0.003370541	0.01237656	0.01237656	0.278206	0.662244	0.0433427	0.0162073
2564	-68.68928	-91.13554	22.44627	0	0	0	1	0.005757513	0.00546409	0.001520819	0.008305426	0.03665831	0.002672698	0.01237656	0.01237656	0.124867	0.586341	0.274442	0.0143497
2565	-78.15478	-90.80383	12.64905	0	1	1	1	0.01352394	0.00330038	0.003862693	0.003862693	0.03665831	0.03665831	0.01237656	0.01237656	0.191996	0.541365	0.253391	0.013249
2566	-70.77784	-90.14549	19.36765	0	1	1	0	0.01352394	0.001761462	0.0005638483	0.0005638483	0.03665831	0.03665831	0.008319122	1.506572e-06	0.191996	0.541365	0.253391	0.013249
2567	-72.42363	-88.50523	16.0816	0	1	1	0	0.004734126	0.001761462	0.0005638483	0.0005638483	0.03382196	0.03382196	0.02060842	0.01813479	0.382432	0.0973416	0.493836	0.0263904
2568	-74.67382	-90.40465	15.73083	0	1	1	1	0.00693136	0.0008235605	0.0005638483	0.0005638483	0.02316671	0.02316671	0.02060842	0.02060842	0.539854	0.0725286	0.367954	0.0196633
2569	-75.52688	-94.88839	19.36151	0	1	1	0	0.003942171	0.006580066	0.004183986	0.004183986	0.02316671	0.02316671	0.02060842	0.002381956	0.539854	0.0725286	0.367954	0.0196633
2570	-69.06976	-86.2017	17.13194	0	0	1	0	0.007689928	0.005077003	0.001616757	0.002589399	0.05764054	0.05764054	0.02459036	0.003949746	0.134152	0.13459	0.682804	0.0484553
2571	-68.86909	-86.59875	17.72966	0	0	1	1	0.007689928	0.001973691	0.001616757	0.00278985	0.04047286	0.04047286	0.01565452	0.01565452	0.319834	0.105727	0.536375	0.038064
2572	-73.84181	-88.29872	14.4569	0	1	1	1	0.007689928	0.001973691	0.001447085	0.001447085	0.04047286	0.04047286	0.007797264	0.007797264	0.413761	0.201197	0.340252	0.0447902
2573	-79.99054	-89.39099	9.400444	1	1	1	1	0.007689928	0.007689928	0.001447085	0.001447085	0.04047286	0.04047286	0.009157116	0.009157116	0.368566	0.17922	0.303087	0.149127
2574	-61.02826	-89.11314	28.08488	0	0	0	0	0.01085678	0.0004256351	0.001447085	0.005142099	0.04047286	0.001224965	0.009157116	0.001312764	0.534947	0.260125	0.190644	0.0142844
2575	-64.89807	-86.5847	21.68663	0	0	1	0	0.006117674	0.0004256351	0.001447085	0.004372415	0.0542786	0.0542786	0.009157116	0.001302043	0.33711	0.364183	0.289705	0.00900164
2576	-66.10711	-85.54541	19.4383	0	1	0	0	0.007240981	0.0003441747	0.002255897	0.002255897	0.0542786	0.009635283	0.01490421	0.001302043	0.482852	0.0893022	0.414953	0.0128933
2577	-66.14041	-85.78919	19.64878	0	0	0	1	0.007240981	0.0003587834	0.002255897	0.002506911	0.05319828	0.009656001	0.01354038	0.01354038	0.443896	0.162775	0.381476	0.0118531
2578	-69.8025	-85.23224	15.42974	0	1	0	1	0.007240981	0.0003286089	0.002255897	0.002255897	0.05319828	0.004267627	0.01606187	0.01606187	0.279183	0.102375	0.610987	0.00745485
2579	-76.77448	-92.06673	15.29225	0	1	1	1	0.01231857	0.0003328059	0.002255897	0.002255897	0.03463956	0.03463956	0.005055766	0.005055766	0.566088	0.23908	0.179716	0.0151159
2580	-73.7456	-93.02047	19.27487	1	1	0	0	0.007123869	0.007123869	0.002255897	0.002255897	0.04246446	0.004409975	0.005055766	4.890062e-05	0.190933	0.526044	0.261065	0.0219582
2581	-73.26467	-90.66835	17.40368	0	1	0	1	0.006785994	0.00183487	0.002255897	0.002255897	0.03617017	0.01976927	0.005246004	0.005246004	0.182418	0.298202	0.506933	0.0124476
2582	-72.40703	-92.24153	19.8345	0	0	1	1	0.006381757	0.005557503	0.002255897	0.002546403	0.03617017	0.03617017	0.005246004	0.005246004	0.154872	0.564003	0.275158	0.00596779
2583	-75.74503	-92.88194	17.13691	0	1	1	1	0.008032866	0.003609361	0.002255897	0.002255897	0.02332479	0.02332479	0.006828072	0.006828072	0.173732	0.245818	0.555695	0.0247553
2584	-79.22321	-89.09136	9.86815	1	0	1	1	0.008032866	0.008032866	0.002255897	0.01540216	0.04447851	0.04447851	0.01545939	0.01545939	0.148469	0.0909193	0.739457	0.0211554
2585	-71.54856	-86.87338	15.32481	1	0	1	0	0.008032866	0.008032866	0.002255897	0.002440242	0.05549934	0.05549934	0.01545939	0.0002657271	0.103408	0.302282	0.51503	0.0792792
2586	-74.58857	-87.10471	12.51613	0	1	1	1	0.008032866	0.003794298	0.002255897	0.002255897	0.04261369	0.04261369	0.01378543	0.01378543	0.103408	0.302282	0.51503	0.0792792
2587	-63.89215	-87.78653	23.89438	0	0	0	0	0.008032866	0.003794298	0.0001236629	0.002501736	0.05751805	0.005108864	0.01378543	0.003144347	0.029658	0.571879	0.315469	0.0829936
2588	-72.02823	-86.84464	14.8164	0	1	1	0	0.008032866	0.003794298	5.807195e-05	5.807195e-05	0.05751805	0.05751805	0.01321749	0.004240838	0.0370191	0.46562	0.393768	0.103592
2589	-73.59133	-87.60663	14.0153	1	0	1	0	0.008032866	0.008032866	0.0003995902	0.006971494	0.05751805	0.05751805	0.009442603	0.009079367	0.328473	0.314099	0.317607	0.0398206
2590	-77.16381	-87.82517	10.66136	1	1	1	0	0.005600787	0.005600787	0.0003995902	0.0003995902	0.04486546	0.04486546	0.01984318	0.01038258	0.145289	0.399782	0.404246	0.0506832
2591	-76.11247	-87.9663	11.85383	1	1	1	0	0.005600787	0.005600787	0.0003995902	0.0003995902	0.04486546	0.04486546	0.01984318	0.003561593	0.149541	0.411479	0.416074	0.0229066
2592	-71.51958	-90.59936	19.07978	1	1	0	0	0.004152583	0.004152583	0.001894757	0.001894757	0.03482249	0.0002789526	0.01984318	0.001482854	0.144038	0.396339	0.400765	0.0588583
2593	-76.16075	-94.3694	18.20865	1	0	1	1	0.004507301	0.004507301	0.002409286	0.0001659109	0.02144065	0.02144065	0.009397415	0.009397415	0.352364	0.434493	0.185848	0.0272946
2594	-71.20247	-93.59242	22.38995	0	1	1	0	0.009600656	0.00137715	0.001449449	0.001449449	0.02144065	0.02144065	0.006980072	0.002692457	0.352364	0.434493	0.185848	0.0272946
2595	-70.35114	-92.17362	21.82248	0	1	0	1	0.009751315	0.0005847484	0.001449449	0.001449449	0.02582218	0.002198585	0.006980072	0.006980072	0.352364	0.434493	0.185848	0.0272946
2596	-66.68189	-92.85115	26.16926	0	0	0	1	0.009262933	0.003727764	0.001449449	0.001403664	0.01959411	0.001213015	0.01480872	0.01480872	0.251669	0.310329	0.418507	0.0194947
2597	-62.147	-88.40929	26.2623	0	0	0	0	0.009454051	0.0009271259	0.001449449	9.275246e-05	0.02991592	0.02293235	0.01480872	0.0008842319	0.251669	0.310329	0.418507	0.0194947
2598	-66.55949	-89.99253	23.43304	0	1	0	0	0.009454051	0.004039427	0.001449449	0.001449449	0.02991592	0.004368421	0.01239049	0.005493235	0.134188	0.313857	0.527388	0.0245665
2599	-58.95547	-88.61797	29.6625	0	0	0	0	0.009454051	0.0009386252	0.001449449	0.001163043	0.02991592	0.001898253	0.01239049	0.003805361	0.134188	0.313857	0.527388	0.0245665
2600	-73.75136	-90.46929	16.71792	0	0	1	1	0.009454051	0.0009535825	0.003504015	0.01373094	0.02991592	0.02991592	0.01842626	0.01842626	0.13525	0.316339	0.531559	0.0168517
2601	-71.7423	-86.89881	15.15651	0	0	1	1	0.007902914	0.0009535825	0.0002318825	0.01474755	0.04265399	0.04265399	0.01842626	0.01842626	0.345528	0.239416	0.402302	0.012754
2602	-70.08579	-87.16677	17.08098	0	0	1	1	0.007902914	0.002610373	0.0001165364	0.01031154	0.04244405	0.04244405	0.01052264	0.01052264	0.278252	0.192801	0.518676	0.0102707
2603	-68.6131	-86.3152	17.7021	0	0	1	1	0.007902914	0.0006316432	0.0002157363	0.003292501	0.04244405	0.04244405	0.01586841	0.01586841	0.219291	0.449661	0.307093	0.023954
2604	-79.89449	-88.5038	8.60931	1	1	1	1	0.004073363	0.004073363	0.001358873	0.001358873	0.04808236	0.04808236	0.009777721	0.009777721	0.219291	0.449661	0.307093	0.023954
2605	-73.23796	-89.50324	16.26528	1	0	1	0	0.005531101	0.005531101	0.001358873	0.008767459	0.04808236	0.04808236	0.009777721	0.005056437	0.293528	0.601886	0.0725227	0.0320631
2606	-76.87752	-88.8542	11.97668	1	1	1	0	0.006533409	0.006533409	0.001358873	0.001358873	0.04808236	0.04808236	0.01571921	0.001874024	0.214268	0.692116	0.0649155	0.0286999
2607	-82.62456	-92.61126	9.986704	1	1	1	1	0.01019708	0.01019708	0.002299679	0.002299679	0.02639817	0.02639817	0.0165186	0.0165186	0.248092	0.142679	0.575999	0.0332303
2608	-81.66303	-88.15761	6.494582	1	1	1	1	0.004688471	0.004688471	0.003395695	0.003395695	0.05866505	0.05866505	0.008639498	0.008639498	0.248092	0.142679	0.575999	0.0332303
2609	-68.00348	-92.17076	24.16728	0	0	0	1	0.006737369	0.006119612	0.002898486	0.003006194	0.02936875	0.006212606	0.008568056	0.008568056	0.220111	0.116239	0.627981	0.0356695
2610	-77.02761	-86.31074	9.283134	0	1	1	1	0.00406053	0.001608506	0.002898486	0.002898486	0.05977398	0.05977398	0.02063365	0.02063365	0.158333	0.0250157	0.451727	0.364924
2611	-77.10516	-87.92233	10.81716	1	0	1	0	0.00406053	0.00406053	0.0008844116	0.02026722	0.06357288	0.06357288	0.02063365	0.0003188399	0.0261322	0.0289449	0.52268	0.422243
2612	-81.79452	-85.95947	4.164949	1	1	1	1	0.003623438	0.003623438	0.0008844116	0.0008844116	0.06357288	0.06357288	0.02063365	0.02063365	0.00557174	0.0315585	0.569875	0.392994
2613	-75.16406	-87.46711	12.30306	0	1	1	1	0.003623438	0.002958229	0.0008844116	0.0008844116	0.04360126	0.04360126	0.02063365	0.02063365	0.00884264	0.0692116	0.904421	0.0175251
2614	-69.77963	-89.86203	20.0824	0	0	1	1	0.003788158	0.002958229	0.0005479795	0.003166659	0.03819485	0.03819485	0.008083894	0.008083894	0.0655153	0.512791	0.29185	0.129844
2615	-72.02212	-89.10365	17.08153	0	0	1	1	0.003788158	0.002958229	0.0002447983	0.009278687	0.03819485	0.03819485	0.01944022	0.01944022	0.0788077	0.616831	0.148173	0.156188
2616	-66.56522	-90.19837	23.63314	0	0	0	1	0.004078829	0.00138584	0.003073808	0.0009875184	0.02977225	0.008161436	0.01850672	0.01850672	0.00968853	0.412066	0.470598	0.107647
2617	-71.62699	-91.29279	19.66579	0	1	1	0	0.004078829	0.006348627	0.003073808	0.003073808	0.03111392	0.03111392	0.01440414	0.0001034484	0.00680683	0.289504	0.62806	0.0756291
2618	-76.18389	-86.67585	10.49196	1	0	1	1	0.00731755	0.00731755	0.003073808	0.002107488	0.05515761	0.05515761	0.01440414	0.01440414	0.00226388	0.0962858	0.541084	0.360366
2619	-73.31583	-86.72331	13.40748	0	1	0	1	0.006792907	0.002523403	0.003073808	0.003073808	0.07000301	0.002726066	0.009801557	0.009801557	0.00226388	0.0962858	0.541084	0.360366
2620	-65.98468	-90.49569	24.51101	0	1	0	0	0.006792907	0.002523403	0.003073808	0.003073808	0.03397145	0.002893446	0.009801557	0.001888368	0.00341621	0.145296	0.260595	0.590693
2621	-68.78586	-89.42596	20.64009	0	1	0	1	0.006792907	0.0005717995	0.003073808	0.003073808	0.03027752	0.00303211	0.009801557	0.009801557	0.00166393	0.070769	0.63986	0.287707
2622	-70.36366	-90.12858	19.76492	0	0	1	1	0.006792907	0.0002160713	0.004359354	0.007108352	0.03027752	0.03027752	0.009801557	0.009801557	0.0443159	0.0583124	0.660306	0.237066
2623	-67.80656	-88.70966	20.9031	0	1	1	0	0.007206104	0.0007497396	0.0007526054	0.0007526054	0.03027752	0.03027752	0.009801557	0.003257771	0.0857064	0.112775	0.371123	0.430396
2624	-78.43022	-95.17923	16.74901	0	1	1	1	0.01125142	0.0007497396	0.004376612	0.004376612	0.02009047	0.02009047	0.009801557	0.009801557	0.316653	0.416662	0.0879127	0.178773
2625	-62.36677	-90.58971	28.22293	0	0	0	0	0.01125142	0.0007497396	0.004376612	0.000180105	0.03758423	0.003437822	0.01157404	9.566106e-05	0.260847	0.583403	0.0513431	0.104407
2626	-70.52385	-90.02441	19.50057	0	0	1	1	0.004465452	0.0009883617	0.004895653	0.0005601446	0.03758423	0.03758423	0.01157404	0.01157404	0.408305	0.316627	0.0278652	0.247203
2627	-72.38684	-94.2047	21.81785	0	1	1	0	0.002566559	0.001766856	0.0009450577	0.0009450577	0.02612613	0.02612613	0.01097138	0.004436859	0.286979	0.519688	0.0195852	0.173748
2628	-77.54485	-89.82207	12.27722	0	1	1	1	0.002566559	0.0005234821	0.0009450577	0.0009450577	0.06189466	0.06189466	0.005919012	0.005919012	0.366772	0.386141	0.0250307	0.222057
2629	-81.93964	-95.02921	13.08956	1	1	1	1	0.007651685	0.007651685	0.0009450577	0.0009450577	0.02313843	0.02313843	0.005929794	0.005929794	0.227705	0.179042	0.310681	0.282571
2630	-72.85806	-90.26071	17.40266	0	1	1	1	0.007651685	0.0008301247	0.001323689	0.001323689	0.02313843	0.02313843	0.009586981	0.009586981	0.0460413	0.133261	0.652937	0.167761
2631	-73.54745	-86.91518	13.36774	1	0	1	0	0.007651685	0.007651685	0.001323689	0.004053105	0.05607777	0.05607777	0.02561305	0.0004287887	0.0738364	0.0875584	0.429008	0.409597
2632	-81.92725	-86.12494	4.197691	1	0	1	1	0.007603126	0.007603126	0.002554201	0.001197985	0.08109587	0.08109587	0.02561305	0.02561305	0.0940639	0.167217	0.216914	0.521806
2633	-73.92297	-87.96072	14.03775	0	1	1	0	0.007603126	0.002285966	0.003193875	0.003193875	0.0418648	0.0418648	0.02561305	0.01075473	0.0502993	0.175295	0.227392	0.547014
2634	-63.76822	-91.15006	27.38184	0	0	0	1	0.007603126	0.0006113553	0.000251114	0.001539599	0.02424206	0.001026256	0.009250095	0.009250095	0.107717	0.375398	0.486966	0.0299194
2635	-77.72364	-95.6264	17.90277	1	0	1	1	0.007603126	0.007603126	0.0001344968	0.001184404	0.02367894	0.02367894	0.0070693	0.0070693	0.131786	0.508209	0.0529131	0.307092
2636	-66.41163	-90.117	23.70537	0	0	1	0	0.004063926	0.00401592	0.0001344968	0.003058838	0.0369863	0.0369863	0.007564654	0.009729124	0.229721	0.259555	0.0922348	0.418489
2637	-72.51274	-90.65632	18.14358	1	0	1	0	0.01034847	0.01034847	0.00121417	0.003673303	0.0369863	0.0369863	0.01390424	0.001703435	0.217975	0.246284	0.108792	0.426949
2638	-67.13221	-89.36139	22.22918	0	0	1	0	0.01034847	0.003488486	0.00121417	0.005660028	0.0369863	0.0369863	0.01247486	0.003824872	0.551242	0.141328	0.0624291	0.245001
2639	-77.37857	-88.83492	11.45635	0	1	1	1	0.01034847	0.007704528	0.00121417	0.00121417	0.03742177	0.03742177	0.01985526	0.01985526	0.220767	0.0566005	0.624511	0.0981206
2640	-61.79293	-89.32619	27.53326	0	0	0	0	0.007441239	0.005547229	0.002215385	0.00231044	0.03708938	0.001679584	0.01689208	1.929254e-05	0.220767	0.0566005	0.624511	0.0981206
2641	-79.65474	-88.96665	9.311915	1	1	1	1	0.00426369	0.00426369	0.001028225	0.001028225	0.03708938	0.03708938	0.01689208	0.01689208	0.106684	0.534828	0.323766	0.0347219
2642	-74.14331	-88.58423	14.44092	0	1	0	1	0.00426369	0.000934425	0.00140757	0.00140757	0.05631833	0.009193325	0.01689208	0.01689208	0.183585	0.482752	0.0208428	0.31282
2643	-70.08215	-92.08752	22.00537	0	0	1	0	0.01377817	0.000934425	0.00140757	0.006481001	0.02469437	0.02469437	0.0154547	0.01252713	0.155088	0.267601	0.119989	0.457322
2644	-60.73394	-88.11761	27.38367	0	0	0	0	0.006843307	0.0002905381	0.002535321	0.002866045	0.03232441	0.00856019	0.0154547	0.005175782	0.0867033	0.149604	0.508022	0.25567
2645	-65.22138	-88.00299	22.78162	0	0	0	1	0.004961133	9.983685e-05	0.001793842	0.002366133	0.03658221	0.002848765	0.02218527	0.02218527	0.0867033	0.149604	0.508022	0.25567
2646	-71.90431	-89.11596	17.21165	0	0	1	1	0.004961133	0.0005785959	0.005461667	0.002924328	0.05223767	0.05223767	0.006997243	0.006997243	0.194437	0.335496	0.134123	0.335943
2647	-75.145	-87.86781	12.72282	0	1	1	1	0.005860652	0.0007519188	0.003452452	0.003452452	0.05223767	0.05223767	0.006997243	0.006997243	0.139127	0.23936	0.274086	0.347426
2648	-62.7736	-92.72664	29.95304	0	0	0	0	0.007166359	0.004628459	0.000708993	0.004582824	0.03023317	0.003573793	0.007876216	0.0005834754	0.196276	0.112831	0.200756	0.490137
2649	-70.73643	-89.96296	19.22653	0	1	1	0	0.007213384	0.001184373	0.000708993	0.000708993	0.03023317	0.03023317	0.007876216	0.01441926	0.410057	0.0683246	0.140553	0.381066
2650	-76.87107	-87.80313	10.93206	0	1	1	1	0.008578818	0.006824679	0.000708993	0.000708993	0.05555448	0.05555448	0.007876216	0.007876216	0.442153	0.0646074	0.132906	0.360333
2651	-74.45693	-87.17837	12.72145	0	1	1	1	0.006237401	0.001941674	0.000708993	0.000708993	0.03848076	0.03848076	0.02193893	0.02193893	0.0603192	0.123766	0.254604	0.56131
2652	-69.63288	-89.08838	19.4555	0	1	1	0	0.007346898	0.001941674	0.000708993	0.000708993	0.02986315	0.02986315	0.0192213	0.00124366	0.198511	0.0646142	0.104669	0.632206
2653	-74.24527	-90.69604	16.45077	1	0	1	1	0.002713346	0.002713346	0.000708993	0.002643166	0.03249989	0.03249989	0.009410395	0.009410395	0.0142197	0.0759333	0.353368	0.556479
2654	-69.58446	-86.5955	17.01104	0	1	0	1	0.007049541	0.0006325376	0.000708993	0.000708993	0.04205793	0.005802147	0.01805699	0.01805699	0.0139937	0.0747265	0.363645	0.547635
2655	-68.85109	-86.56361	17.71252	0	0	1	1	0.007049541	0.002942542	0.000446044	0.006225477	0.04160265	0.04160265	0.01202937	0.01202937	0.0134035	0.0715749	0.348308	0.566714
2656	-75.5505	-89.69082	14.14032	1	1	1	0	0.007049541	0.007049541	0.002173705	0.002173705	0.04160265	0.04160265	0.007320048	0.003045763	0.013069	0.0697886	0.364572	0.55257
2657	-69.13777	-88.65707	19.5193	0	1	1	0	0.007049541	0.0005497586	0.001452544	0.001452544	0.03866377	0.03866377	0.006092025	0.006153085	0.119291	0.0486715	0.254257	0.57778
2658	-74.3482	-90.55706	16.20886	0	1	1	1	0.002781745	0.0002342492	0.001587747	0.001587747	0.03866377	0.03866377	0.006092025	0.006092025	0.0654468	0.078217	0.408602	0.447734
2659	-75.61705	-91.54236	15.92531	0	1	1	1	0.002781745	0.003209388	0.001115307	0.001115307	0.03778298	0.03778298	0.006092025	0.006092025	0.0839311	0.100308	0.524004	0.291757
2660	-65.68111	-87.79563	22.11452	0	0	1	0	0.007274593	0.0008215475	0.001115307	0.00795509	0.04818799	0.04818799	0.006092025	0.003206495	0.0839311	0.100308	0.524004	0.291757
2661	-65.91491	-85.62462	19.70972	0	0	1	0	0.007274593	0.0008215475	0.0004528464	0.005761718	0.04818799	0.04818799	0.01864859	0.007261382	0.454871	0.0287194	0.147991	0.368418
2662	-73.12093	-92.37848	19.25756	0	0	1	1	0.006965778	0.003363988	0.002716238	0.01020462	0.02531335	0.02531335	0.01289394	0.01289394	0.437505	0.0658005	0.142341	0.354353
2663	-80.00034	-90.45033	10.44999	1	0	1	0	0.004806156	0.004806156	0.005370311	0.01020462	0.0511694	0.0511694	0.0273554	0.01293189	0.345305	0.0519336	0.256862	0.345899
2664	-74.57957	-91.14012	16.56054	0	0	1	1	0.001942718	0.003513651	0.005370311	0.0004202499	0.0481574	0.0481574	0.01748068	0.01748068	0.403528	0.0578633	0.28619	0.252419
2665	-79.10543	-88.50599	9.400558	1	0	1	1	0.002918794	0.002918794	0.005370311	0.0003245291	0.06799993	0.06799993	0.01168991	0.01168991	0.284894	0.0408519	0.496045	0.17821
2666	-75.96572	-93.66388	17.69817	0	0	1	1	0.002918794	0.005108916	0.005370311	0.0100369	0.03932862	0.03932862	0.007614192	0.007614192	0.19315	0.301185	0.359529	0.146137
2667	-65.40364	-88.82446	23.42082	0	1	0	0	0.01377768	0.0007799526	0.0002158844	0.0002158844	0.03932862	0.0001107645	0.01249089	0.0004770865	0.19315	0.301185	0.359529	0.146137
2668	-70.04962	-85.60277	15.55316	0	0	1	0	0.01669888	0.0007689199	0.0002158844	0.007112298	0.06367209	0.06367209	0.01630614	0.007410266	0.306101	0.00764376	0.487928	0.198327
2669	-69.11029	-86.15057	17.04028	0	0	1	1	0.008202325	0.001412381	0.0006832035	0.004213263	0.05137137	0.05137137	0.008258347	0.008258347	0.279388	0.0069767	0.289509	0.424126
2670	-70.24275	-90.55526	20.31251	0	1	0	1	0.008202325	0.002128524	0.0001963025	0.0001963025	0.02618303	0.0008864627	0.01782683	0.01782683	0.0742462	0.00927444	0.35267	0.56381
2671	-72.95724	-85.58037	12.62313	1	0	1	0	0.008202325	0.008202325	0.0001963025	0.005958223	0.06269154	0.06269154	0.01444532	0.007913595	0.0765543	0.00956275	0.332546	0.581337
2672	-75.92731	-88.18426	12.25695	0	1	1	1	0.00896051	0.007544485	0.0001963025	0.0001963025	0.04085827	0.04085827	0.01440514	0.01440514	0.154546	0.0193051	0.671336	0.154813
2673	-72.99843	-86.6235	13.62508	0	0	1	1	0.00896051	0.004882961	0.0005645882	0.01099116	0.05004496	0.05004496	0.01823191	0.01823191	0.138634	0.276633	0.44586	0.138873
2674	-67.63153	-86.61675	18.98522	0	0	1	0	0.005349568	0.001461094	0.001558023	0.008696386	0.04463614	0.04463614	0.01823191	0.01261971	0.0674411	0.134574	0.730428	0.0675575
2675	-75.69874	-89.90502	14.20629	1	1	1	0	0.005349568	0.005349568	0.001558023	0.001558023	0.03657574	0.03657574	0.01307322	0.004257825	0.414903	0.331841	0.086668	0.166588
2676	-65.37208	-88.35189	22.97981	0	1	0	0	0.009839191	0.0004687568	0.001558023	0.001558023	0.03632134	0.003322543	0.01307322	0.00512042	0.0440486	0.667154	0.174243	0.114555
2677	-69.79028	-88.21692	18.42664	0	1	1	0	0.009902551	0.0004687568	0.001558023	0.001558023	0.03446874	0.03446874	0.01339495	0.006417774	0.0440486	0.667154	0.174243	0.114555
2678	-71.81794	-91.17822	19.36028	0	0	1	1	0.01180661	0.003431359	0.0002678358	0.002619958	0.03621779	0.03621779	0.006526796	0.006526796	0.183492	0.48305	0.12616	0.207299
2679	-70.60323	-88.25155	17.64832	0	0	1	1	0.01130357	0.003431359	0.0001690515	0.001647108	0.04128406	0.04128406	0.0128277	0.0128277	0.183492	0.48305	0.12616	0.207299
2680	-74.20407	-87.96416	13.76009	0	1	0	1	0.01130357	0.0005049104	0.002767869	0.002767869	0.04707748	0.0184223	0.0128277	0.0128277	0.292384	0.300402	0.0768947	0.330319
2681	-74.4316	-88.51379	14.08219	0	1	1	1	0.004013306	0.0005049104	0.002767869	0.002767869	0.04141042	0.04141042	0.0128277	0.0128277	0.21398	0.488004	0.0562749	0.241741
2682	-73.38351	-89.54744	16.16393	0	1	1	1	0.006961381	0.0001452761	0.0005519603	0.0005519603	0.02913019	0.02913019	0.0128277	0.0128277	0.21398	0.488004	0.0562749	0.241741
2683	-65.85653	-88.36615	22.50962	0	1	0	0	0.006961381	0.0002338719	0.0005933454	0.0005933454	0.04304386	0.002907615	0.006855853	0.01179707	0.314338	0.234572	0.334891	0.116199
2684	-67.30501	-87.35881	20.05379	0	0	1	0	0.009897299	0.0001818205	0.003783598	0.001984837	0.04304386	0.04304386	0.01199925	0.01554987	0.314338	0.234572	0.334891	0.116199
2685	-67.69246	-89.76594	22.07348	0	0	1	0	0.009897299	0.001040738	0.003783598	0.002806202	0.04082311	0.04082311	0.006349751	0.01018706	0.190652	0.307831	0.203118	0.298398
2686	-79.11096	-94.52252	15.41156	1	1	1	0	0.002297904	0.002297904	0.003783598	0.003783598	0.03120408	0.03120408	0.006349751	0.01028479	0.425627	0.185996	0.156659	0.231718
2687	-75.78219	-88.81262	13.03042	1	1	1	0	0.008073271	0.008073271	0.002005396	0.002005396	0.04499438	0.04499438	0.01220398	0.0002633694	0.364876	0.159449	0.134299	0.341376
2688	-80.87763	-88.60252	7.724893	1	1	1	1	0.008073271	0.008073271	0.003079621	0.003079621	0.04499438	0.04499438	0.01220398	0.01220398	0.237589	0.103825	0.334426	0.32416
2689	-68.57947	-88.26884	19.68936	0	0	1	0	0.008073271	0.006142855	0.003079621	0.004515438	0.04499438	0.04499438	0.01220398	0.009515548	0.241007	0.105318	0.324853	0.328823
2690	-71.34483	-85.3366	13.99177	0	0	1	1	0.008073271	0.002011568	0.003079621	0.004413168	0.06033176	0.06033176	0.01366917	0.01366917	0.0409719	0.133075	0.410468	0.415485
2691	-70.74147	-85.83431	15.09284	0	0	1	1	0.008073271	0.0003150846	0.002591301	0.002799367	0.06392781	0.06392781	0.007573528	0.007573528	0.0660992	0.214688	0.662202	0.057011
2692	-65.61277	-88.24559	22.63283	0	0	1	0	0.008073271	0.002144376	0.002591301	0.003970161	0.03675422	0.03675422	0.009502973	0.008651978	0.13903	0.0584157	0.6669	0.135655
2693	-70.24518	-87.16914	16.92397	0	1	1	0	0.008073271	0.002144376	0.002591301	0.002591301	0.05130393	0.05130393	0.009502973	0.001190354	0.631874	0.0249769	0.285147	0.058002
2694	-71.93573	-88.56916	16.63343	0	1	1	0	0.01142117	0.002860726	0.002591301	0.002591301	0.05130393	0.05130393	0.005718986	0.002571966	0.100566	0.0282816	0.805477	0.0656762
2695	-70.8437	-87.9622	17.11849	0	0	1	1	0.009705233	0.0009087484	0.002051336	0.004005259	0.05130393	0.05130393	0.005718986	0.005718986	0.228439	0.0642427	0.306317	0.401001
2696	-63.6368	-91.41397	27.77716	0	0	0	0	0.009705233	0.002443884	0.002051336	0.002301055	0.04327709	0.004220465	0.005718986	0.002081412	0.314805	0.103439	0.0930437	0.488712
2697	-73.81907	-86.84322	13.02415	0	1	1	1	0.009705233	0.001628953	0.000693004	0.000693004	0.04327709	0.04327709	0.01227201	0.01227201	0.477352	0.0385514	0.0774244	0.406672
2698	-66.12315	-93.10258	26.97944	0	0	0	1	0.005828534	0.001012964	0.000693004	0.002047992	0.03018641	0.001326788	0.005729673	0.005729673	0.322348	0.102594	0.0919725	0.483086
2699	-68.46056	-94.29444	25.83389	0	0	0	1	0.004838723	0.0005562556	0.008684325	0.002047992	0.03018641	0.001334625	0.005729673	0.005729673	0.322193	0.102545	0.16211	0.413152
2700	-81.62038	-91.61311	9.992727	1	1	1	1	0.004838723	0.004838723	0.004938906	0.004938906	0.03397969	0.03397969	0.01162177	0.01162177	0.405438	0.0899507	0.142201	0.362411
2701	-82.65355	-87.44244	4.788887	1	1	1	1	0.01084652	0.01084652	0.002058492	0.002058492	0.06061862	0.06061862	0.01162177	0.01162177	0.338025	0.0283875	0.331435	0.302152
2702	-74.23354	-86.28543	12.05188	0	1	1	1	0.004971857	0.002596121	0.002058492	0.002058492	0.05188947	0.05188947	0.01162177	0.01162177	0.171654	0.0485253	0.247723	0.532098
2703	-66.05236	-86.87908	20.82672	0	0	1	0	0.004971857	0.003901392	0.00212021	0.00204373	0.05188947	0.05188947	0.01162177	0.005470896	0.185246	0.0523678	0.188154	0.574232
2704	-74.55839	-86.69638	12.138	0	1	1	1	0.004999612	0.002248138	0.001886144	0.001886144	0.05188947	0.05188947	0.01162177	0.01162177	0.505349	0.0676253	0.242973	0.184053
2705	-74.63239	-88.0344	13.40201	0	1	1	1	0.004999612	0.004960039	0.001886144	0.001886144	0.04194731	0.04194731	0.01162177	0.01162177	0.180861	0.137905	0.495482	0.185753
2706	-71.94116	-86.74697	14.80581	0	1	1	0	0.008933042	0.002727798	0.001886144	0.001886144	0.04194731	0.04194731	0.01280407	0.01862381	0.213805	0.162674	0.584475	0.0390463
2707	-71.01517	-87.18959	16.17443	0	1	1	0	0.008933042	0.005211153	0.001886144	0.001886144	0.04194731	0.04194731	0.01490757	0.006208413	0.0561522	0.111732	0.607121	0.224996
2708	-79.00018	-87.57249	8.572311	1	1	1	1	0.004762933	0.004762933	0.001886144	0.001886144	0.04194731	0.04194731	0.01490757	0.01490757	0.0561522	0.111732	0.607121	0.224996
2709	-72.8611	-87.82585	14.96475	0	1	1	1	0.004762933	0.0007771724	0.0008945053	0.0008945053	0.03796323	0.03796323	0.01207809	0.01207809	0.437355	0.1392	0.157229	0.266215
2710	-62.97055	-87.72532	24.75477	0	0	1	0	0.005780786	0.001295251	0.001735549	0.0002515859	0.03796323	0.03796323	0.01207809	0.0004461505	0.20975	0.195511	0.220833	0.373907
2711	-67.12378	-88.23622	21.11244	0	0	1	0	0.01095911	0.0001972287	0.001735549	0.00348943	0.03796323	0.03796323	0.01207809	0.01396236	0.654748	0.0854167	0.0964796	0.163356
2712	-74.73987	-85.37227	10.6324	0	1	1	1	0.01114172	0.000844871	0.0004320082	0.0004320082	0.05676059	0.05676059	0.01207809	0.01207809	0.301786	0.171089	0.288208	0.238917
2713	-73.62563	-87.2585	13.63287	1	0	1	0	0.01114172	0.01114172	0.0008833763	0.004658562	0.05676059	0.05676059	0.01933086	0.0008563956	0.148895	0.0844116	0.648817	0.117877
2714	-69.59387	-85.44588	15.85201	0	0	1	1	0.006855343	0.003554867	0.0004538847	0.002393025	0.05676059	0.05676059	0.01092018	0.01092018	0.148895	0.0844116	0.648817	0.117877
2715	-71.50707	-88.70684	17.19978	0	1	1	0	0.006855343	0.003554867	0.003272473	0.003272473	0.04766983	0.04766983	0.006693681	0.005182355	0.110409	0.0625931	0.481113	0.345886
2716	-70.27929	-87.89883	17.61954	0	1	1	0	0.006855343	0.003554867	0.0005047678	0.0005047678	0.04766983	0.04766983	0.006780482	0.005462167	0.0400736	0.067542	0.519151	0.373233
2717	-68.34445	-87.40928	19.06483	0	1	0	0	0.006855343	0.001327496	0.0005047678	0.0005047678	0.04766983	0.00795973	0.02375851	0.004021791	0.409578	0.0292581	0.259889	0.301275
2718	-69.91571	-92.05328	22.13757	0	0	0	1	0.006855343	0.0001602959	0.000697435	0.0153676	0.02687049	0.0008115255	0.02375851	0.02375851	0.409578	0.0292581	0.259889	0.301275
2719	-64.73062	-90.65895	25.92833	0	0	0	0	0.006855343	0.003446498	0.0006688171	0.003455239	0.03735614	0.0008140433	0.02148908	0.008289773	0.151622	0.343368	0.0962084	0.408802
2720	-73.51541	-88.69672	15.18132	0	1	1	1	0.009389418	0.001160586	0.0006688171	0.0006688171	0.03735614	0.03735614	0.00666216	0.00666216	0.0883635	0.200111	0.545203	0.166323
2721	-70.66344	-87.63045	16.96702	0	1	0	1	0.009389418	0.002158411	0.002045712	0.002045712	0.03735614	0.006816963	0.01679331	0.01679331	0.0782512	0.17721	0.59725	0.147289
2722	-75.23949	-89.13912	13.89962	1	1	1	0	0.006851385	0.006851385	0.001734257	0.001734257	0.03735614	0.03735614	0.01496647	0.001660266	0.151419	0.342909	0.220661	0.28501
2723	-75.23616	-88.42822	13.19206	1	0	1	1	0.006851385	0.006851385	0.001734257	0.00157775	0.04680236	0.04680236	0.009650065	0.009650065	0.177882	0.402837	0.0844607	0.33482
2724	-72.66948	-87.46707	14.79759	0	0	1	0	0.006851385	0.005989245	0.0009072993	0.01610026	0.07266936	0.07266936	0.009388313	0.004600482	0.0984671	0.441751	0.0926195	0.367163
2725	-75.66875	-89.24384	13.5751	1	0	1	0	0.004345067	0.004345067	0.0009072993	0.0004463565	0.07266936	0.07266936	0.004089796	0.0115041	0.0670406	0.163367	0.486902	0.28269
2726	-79.04396	-92.72705	13.68309	1	1	1	0	0.004345067	0.004345067	0.005224738	0.005224738	0.04383326	0.04383326	0.004089796	0.006314238	0.0472826	0.11522	0.343404	0.494093
2727	-72.57514	-90.51024	17.9351	1	0	1	0	0.004345067	0.004345067	0.003472162	0.003749422	0.04383326	0.04383326	0.006044344	0.00757818	0.0472826	0.11522	0.343404	0.494093
2728	-70.96231	-87.78033	16.81802	1	0	1	0	0.004345067	0.004345067	0.0007385042	0.008150489	0.04383326	0.04383326	0.01549228	0.002852604	0.0442998	0.115581	0.344479	0.49564
2729	-79.36	-87.82367	8.463673	1	1	1	1	0.004250393	0.004250393	0.0001345634	0.0001345634	0.04424814	0.04424814	0.01549228	0.01549228	0.172538	0.100072	0.298256	0.429134
2730	-73.26538	-86.48499	13.21961	0	1	1	1	0.008731621	0.0009841256	0.002070771	0.002070771	0.04424814	0.04424814	0.01042358	0.01042358	0.172538	0.100072	0.298256	0.429134
2731	-69.97226	-88.19228	18.22002	0	1	1	0	0.008731621	0.001313475	0.002070771	0.002070771	0.03579852	0.03579852	0.009027674	0.01045062	0.256115	0.0496181	0.428569	0.265698
2732	-60.42256	-88.52976	28.10721	0	0	0	0	0.008731621	0.001313475	0.002070771	0.002843322	0.03579852	0.009731778	0.009027674	0.0003944355	0.200815	0.0668633	0.577522	0.1548
2733	-71.71443	-91.22014	19.50572	1	0	1	0	0.008731621	0.008731621	0.002834134	0.004015723	0.03503483	0.03503483	0.009027674	0.0003944355	0.182052	0.154054	0.523559	0.140335
2734	-69.18344	-88.11823	18.93479	0	0	1	1	0.008731621	0.001401699	0.0002101837	0.0005575333	0.04581966	0.04581966	0.006583462	0.006583462	0.18205	0.154062	0.523554	0.140334
2735	-73.87642	-90.71853	16.84211	0	1	1	1	0.007521476	0.0005282854	0.0001047309	0.0001047309	0.03099931	0.03099931	0.006583462	0.006583462	0.139151	0.117758	0.635825	0.107265
2736	-63.33209	-85.23796	21.90587	0	0	0	0	0.007521476	0.0003841452	0.0005509592	0.005882874	0.06447997	0.00315801	0.0207377	0.002668518	0.0318318	0.132439	0.715092	0.120638
2737	-70.44279	-87.29845	16.85567	0	0	0	1	0.007348449	0.0002333136	0.00256757	0.005511224	0.06447997	0.003855799	0.0207377	0.0207377	0.310994	0.23184	0.0851581	0.372009
2738	-70.31315	-89.07547	18.76231	0	1	0	0	0.01271246	0.0002333136	0.00256757	0.00256757	0.04368667	0.00390221	0.0192371	0.01148855	0.314717	0.234615	0.0742063	0.376462
2739	-73.88021	-87.28962	13.40941	0	1	0	1	0.00437531	0.001716697	0.00256757	0.00256757	0.04757896	0.01943409	0.0192371	0.0192371	0.149835	0.111699	0.559234	0.179232
2740	-75.68325	-86.13775	10.4545	0	1	1	1	0.01017955	0.001716697	0.00256757	0.00256757	0.04757896	0.04757896	0.02023205	0.02023205	0.0635411	0.128674	0.570551	0.237234
2741	-71.31896	-87.47133	16.15238	0	1	0	1	0.01017955	0.001716697	0.00256757	0.00256757	0.0443347	0.002880618	0.01754061	0.01754061	0.0811261	0.258152	0.357834	0.302889
2742	-75.76862	-85.25451	9.485895	0	1	1	1	0.01017955	0.002733393	0.002115549	0.002115549	0.05524624	0.05524624	0.01754061	0.01754061	0.0468851	0.149193	0.628874	0.175048
2743	-67.6098	-86.11521	18.50541	0	0	1	0	0.01151863	0.0001609228	0.002115549	0.007520583	0.05022989	0.05022989	0.01754061	0.006211219	0.0893998	0.284479	0.292342	0.333779
2744	-67.93559	-87.35414	19.41855	0	0	1	0	0.004763785	0.003257788	0.002161969	0.007520583	0.05022989	0.05022989	0.01378823	0.008351932	0.100622	0.320189	0.203513	0.375677
2745	-65.84516	-87.39329	21.54813	0	0	1	0	0.004763785	0.004797491	0.001994599	0.0005060793	0.05022989	0.05022989	0.01556003	4.09554e-05	0.100622	0.320189	0.203513	0.375677
2746	-76.51961	-90.24581	13.72621	0	1	1	1	0.008658235	0.006316345	0.001994599	0.001994599	0.03103125	0.03103125	0.01556003	0.01556003	0.115555	0.314872	0.200134	0.369439
2747	-69.9589	-90.3285	20.3696	0	0	1	1	0.004388321	0.001126812	0.001994599	0.005874918	0.03000522	0.03000522	0.01170709	0.01170709	0.114732	0.521423	0.218178	0.145667
2748	-68.19268	-92.2007	24.00802	0	0	1	0	0.002027937	0.003787436	0.0005251031	0.005627042	0.03597349	0.03597349	0.01170709	0.00417397	0.0319654	0.687422	0.248519	0.032094
2749	-75.082	-85.94878	10.86677	0	1	1	1	0.007161439	0.005328624	0.0005251031	0.0005251031	0.05519438	0.05519438	0.01170709	0.01170709	0.0293437	0.156434	0.228135	0.586087
2750	-71.84085	-86.66737	14.82652	1	0	1	0	0.007161439	0.007161439	0.001012836	0.006140105	0.05519438	0.05519438	0.01170709	0.005587877	0.0297678	0.158695	0.216979	0.594559
2751	-69.05708	-87.807	18.74992	0	1	1	0	0.007161439	0.0005652548	0.002481589	0.002481589	0.03620932	0.03620932	0.01069271	0.007251286	0.0297678	0.158695	0.216979	0.594559
2752	-74.94752	-88.78193	13.83441	1	0	1	1	0.005941101	0.005941101	0.001092752	0.0006006001	0.04603078	0.04603078	0.009276326	0.009276326	0.0104844	0.703687	0.0764213	0.209407
2753	-71.19474	-87.89765	16.70291	1	0	1	0	0.005941101	0.005941101	0.001092752	0.001508306	0.04603078	0.04603078	0.0126582	0.008839524	0.00931683	0.625323	0.0679108	0.29745
2754	-83.12276	-88.62669	5.503928	1	1	1	1	0.01176731	0.01176731	0.001375805	0.001375805	0.05525401	0.05525401	0.0126582	0.0126582	0.0100501	0.67454	0.213484	0.101927
2755	-78.67351	-89.05354	10.38003	1	1	0	1	0.002937629	0.002937629	0.0006004571	0.0006004571	0.05525401	0.006277632	0.01763112	0.01763112	0.0100501	0.67454	0.213484	0.101927
2756	-74.50042	-85.0211	10.52068	0	1	1	1	0.006062208	0.002348485	0.0006004571	0.0006004571	0.05525401	0.05525401	0.01763112	0.01763112	0.00256969	0.172471	0.021618	0.803341
2757	-69.49067	-86.69396	17.20329	0	0	1	0	0.01020698	0.008728965	0.0006004571	0.0002261492	0.05525401	0.05525401	0.01763112	0.01009794	0.00345145	0.231653	0.0290359	0.73586
2758	-78.98179	-87.8825	8.900718	0	1	1	1	0.01078645	0.001222154	0.006268857	0.006268857	0.05525401	0.05525401	0.01763112	0.01763112	0.00345145	0.231653	0.0290359	0.73586
2759	-75.5999	-85.25759	9.657685	0	1	1	1	0.01078645	0.0005740035	0.002587105	0.002587105	0.05525401	0.05525401	0.01763112	0.01763112	0.00345145	0.231653	0.0290359	0.73586
2760	-72.93062	-89.07906	16.14844	0	0	1	1	0.01018031	0.0005740035	0.004378534	0.009288139	0.03719015	0.03719015	0.01763112	0.01763112	0.0142704	0.263147	0.31805	0.404533
2761	-72.89003	-88.78071	15.89068	0	0	1	1	0.01018031	0.0005740035	0.005296258	0.004821159	0.05194688	0.05194688	0.007898064	0.007898064	0.0236488	0.632021	0.24958	0.0947496
2762	-66.57497	-85.2645	18.68953	0	0	1	0	0.009161287	0.0003290934	0.001203108	0.003629044	0.06638194	0.06638194	0.007898064	0.005641691	0.0132132	0.353126	0.580721	0.052939
2763	-76.79856	-85.58908	8.790516	0	1	1	1	0.009161287	6.209524e-05	0.004431247	0.004431247	0.06746237	0.06746237	0.01067596	0.01067596	0.00272561	0.105914	0.875483	0.0158781
2764	-73.05124	-85.00045	11.9492	0	1	0	1	0.009161287	6.209524e-05	0.001716964	0.001716964	0.06746237	0.01418352	0.01067596	0.01067596	0.0288687	0.379508	0.342982	0.248641
2765	-71.77878	-85.88922	14.11044	0	0	1	1	0.00564064	1.020166e-05	0.003008092	0.004102516	0.06746237	0.06746237	0.01067596	0.01067596	0.28412	0.279758	0.252833	0.183288
2766	-78.80386	-85.46006	6.656202	0	1	1	1	0.01400181	1.020166e-05	0.003008092	0.003008092	0.06746237	0.06746237	0.01951891	0.01951891	0.287059	0.0999319	0.132927	0.480083
2767	-67.94179	-84.72733	16.78554	0	0	1	0	0.01400181	1.904932e-05	0.001576392	0.0003458486	0.06746237	0.06746237	0.01951891	0.002210776	0.312053	0.108633	0.0574309	0.521883
2768	-65.58157	-84.9015	19.31993	0	0	1	0	0.009788078	6.221486e-05	0.001576392	0.0005095002	0.06746237	0.06746237	0.00995576	0.00128399	0.312053	0.108633	0.0574309	0.521883
2769	-65.22105	-89.31743	24.09638	0	0	1	0	0.003045124	0.00057212	0.001576392	0.004257674	0.03796042	0.03796042	0.01498847	0.0009164541	0.194712	0.0291001	0.0153843	0.760804
2770	-69.38332	-88.12876	18.74544	0	1	1	0	0.005741753	0.001847356	0.001576392	0.001576392	0.03796042	0.03796042	0.01634489	0.0009164541	0.457244	0.0683359	0.0361271	0.438293
2771	-69.31758	-87.45436	18.13678	0	1	1	0	0.007313243	0.0007058254	0.001576392	0.001576392	0.03796042	0.03796042	0.01634489	0.003968066	0.426334	0.131317	0.0336849	0.408665
2772	-78.23366	-85.08187	6.848212	0	1	1	1	0.006243191	0.00174843	0.003350105	0.003350105	0.07521646	0.07521646	0.01634489	0.01634489	0.0471644	0.273249	0.0700928	0.609494
2773	-75.4023	-87.11965	11.71736	1	1	1	0	0.006243191	0.006243191	0.0009302167	0.0009302167	0.04904705	0.04904705	0.01193638	0.006894377	0.0471644	0.273249	0.0700928	0.609494
2774	-74.41259	-89.40986	14.99728	0	1	1	1	0.007916701	0.002871724	0.0009302167	0.0009302167	0.03347103	0.03347103	0.01110018	0.01110018	0.023637	0.62832	0.0358973	0.312146
2775	-74.73329	-86.91898	12.18569	0	1	1	0	0.007916701	0.003100888	0.001010888	0.001010888	0.06441787	0.06441787	0.004920939	0.02054221	0.0598744	0.0585031	0.0909309	0.790692
2776	-67.63348	-86.33275	18.69927	0	0	1	0	0.005165778	0.001283609	0.001010888	0.01222432	0.04793308	0.04793308	0.0144199	0.01215094	0.0598744	0.0585031	0.0909309	0.790692
2777	-79.21463	-90.13067	10.91604	1	0	1	1	0.005165778	0.005165778	0.006773763	0.006375777	0.04793308	0.04793308	0.0133864	0.0133864	0.144673	0.141359	0.219713	0.494255
2778	-74.38852	-87.42479	13.03626	0	1	1	1	0.005165778	0.0048979	0.0009229741	0.0009229741	0.04313394	0.04313394	0.0133864	0.0133864	0.159378	0.155728	0.1404	0.544494
2779	-72.81935	-87.66822	14.84887	1	0	1	0	0.003914629	0.003914629	0.003965592	0.001073782	0.06245439	0.06245439	0.0133864	0.001881101	0.12573	0.243154	0.201578	0.429538
2780	-79.73042	-90.11566	10.38524	1	1	0	1	0.005691343	0.005691343	0.003965592	0.003965592	0.04734626	0.01228143	0.0133864	0.0133864	0.10264	0.357385	0.164559	0.375417
2781	-80.15287	-88.8819	8.729037	1	1	1	1	0.005691343	0.005691343	0.002555166	0.002555166	0.045567	0.045567	0.008793971	0.008793971	0.147877	0.339369	0.156263	0.356491
2782	-65.16364	-87.25165	22.08801	0	0	0	1	0.005750972	0.00295298	0.002555166	1.633315e-05	0.0466774	0.006648625	0.01020317	0.01020317	0.0531779	0.0313124	0.787313	0.128197
2783	-71.87294	-92.2552	20.38225	1	0	0	1	0.005750972	0.005750972	0.002555166	0.002268277	0.02563711	0.006591773	0.01222128	0.01222128	0.130092	0.0766013	0.47969	0.313616
2784	-75.27021	-91.95045	16.68025	0	1	1	1	0.005750972	0.00480509	0.0007220129	0.0007220129	0.0231638	0.0231638	0.01222128	0.01222128	0.264544	0.0428264	0.268186	0.424444
2785	-67.61992	-93.66447	26.04455	0	1	0	0	0.004844872	0.001428785	0.0004608078	0.0004608078	0.0231638	0.008518726	0.01222128	0.001534707	0.405588	0.0656597	0.0358545	0.492897
2786	-69.59449	-88.04215	18.44765	0	0	1	1	0.005552887	0.001333539	0.003237554	0.002603322	0.04114202	0.04114202	0.01222128	0.01222128	0.416095	0.159039	0.149096	0.27577
2787	-73.89273	-87.51359	13.62086	0	1	1	1	0.01022991	0.002611916	0.001083057	0.001083057	0.03801688	0.03801688	0.01222128	0.01222128	0.0993883	0.213226	0.317659	0.369727
2788	-74.79025	-88.13349	13.34324	0	1	1	1	0.01054466	0.002611916	0.002356337	0.002356337	0.03801688	0.03801688	0.01222128	0.01222128	0.209802	0.162872	0.28438	0.342946
2789	-68.76389	-89.49277	20.72888	0	0	1	0	0.01256806	0.0007435819	0.002356337	0.001255841	0.03801688	0.03801688	0.008146825	0.01949147	0.187508	0.532433	0.254162	0.0258974
2790	-65.86788	-90.35747	24.48959	0	1	0	0	0.003667932	0.002670158	0.001270403	0.001270403	0.03825233	0.004576852	0.0102409	0.0003888868	0.187508	0.532433	0.254162	0.0258974
2791	-72.13335	-93.27295	21.13961	0	1	1	0	0.003932878	0.004593861	0.001188994	0.001188994	0.02109345	0.02109345	0.01315565	0.006727626	0.298135	0.256577	0.404112	0.0411764
2792	-63.81492	-90.6982	26.88327	0	1	0	0	0.005525778	0.0004375401	0.001188994	0.001188994	0.02234923	0.001103942	0.01315565	0.003614289	0.180131	0.377792	0.401197	0.0408793
2793	-75.00981	-84.75834	9.74852	0	1	1	1	0.0106627	0.001267854	0.001037506	0.001037506	0.0601894	0.0601894	0.01315565	0.01315565	0.205267	0.269323	0.457179	0.0682314
2794	-70.26766	-87.70677	17.43911	0	0	1	1	0.0106627	0.002322437	0.001491978	0.005758956	0.03846781	0.03846781	0.01315565	0.01315565	0.151909	0.199314	0.338339	0.310438
2795	-74.47592	-89.75579	15.27987	0	1	1	1	0.01099855	0.002322437	0.001491978	0.001491978	0.0296449	0.0296449	0.01021553	0.01021553	0.199353	0.261563	0.444008	0.0950757
2796	-81.28217	-90.77003	9.487865	1	1	1	1	0.01099855	0.01099855	0.001491978	0.001491978	0.03556087	0.03556087	0.01021553	0.01021553	0.148767	0.0840529	0.736628	0.0305524
2797	-68.5326	-85.54324	17.01065	0	1	1	0	0.01045616	4.329817e-05	0.001491978	0.001491978	0.04278796	0.04278796	0.0189427	0.0005882976	0.0118872	0.0935561	0.819913	0.0746437
2798	-67.73927	-87.20404	19.46476	0	0	1	1	0.005895851	0.0002903611	0.001491978	0.0004987485	0.04278796	0.04278796	0.009307771	0.009307771	0.0859292	0.503334	0.265486	0.145251
2799	-72.3292	-88.1585	15.82931	0	1	1	1	0.006196966	0.0002903611	0.001491978	0.001491978	0.03424352	0.03424352	0.009307771	0.009307771	0.0708709	0.41513	0.394203	0.119797
2800	-71.82774	-87.93658	16.10884	0	1	1	1	0.005926309	8.166397e-05	0.0003724078	0.0003724078	0.03424352	0.03424352	0.009307771	0.009307771	0.112093	0.0389522	0.623488	0.225467
2801	-62.0794	-87.9692	25.8898	0	0	0	0	0.003510987	0.0001474994	0.001756525	0.006158643	0.04437966	0.006333798	0.01665969	0.00364852	0.112093	0.0389522	0.623488	0.225467
2802	-68.83922	-88.48849	19.64927	0	0	1	1	0.00452797	0.0001474994	0.002237429	0.004184477	0.03408386	0.03408386	0.01403602	0.01403602	0.26676	0.0926991	0.103972	0.53657
2803	-73.6252	-89.85365	16.22845	0	1	1	1	0.00645369	0.0001474994	0.002237429	0.002237429	0.02637283	0.02637283	0.01403602	0.01403602	0.26491	0.0989881	0.103251	0.53285
2804	-78.25572	-88.83205	10.57633	1	1	1	0	0.00645369	0.00645369	0.001718922	0.001718922	0.03699805	0.03699805	0.01538262	0.02102471	0.255982	0.129354	0.0997714	0.514892
2805	-68.8765	-88.57633	19.69983	0	0	1	0	0.01041795	0.003678466	0.002362391	0.002475448	0.03794344	0.03794344	0.01538262	0.0162049	0.312017	0.247021	0.190529	0.250434
2806	-67.41166	-88.36652	20.95486	0	1	0	0	0.01041795	0.001993537	0.001833377	0.001833377	0.0419845	0.002915201	0.01237893	0.009762883	0.312017	0.247021	0.190529	0.250434
2807	-76.08348	-86.36947	10.28599	0	1	0	0	0.01041795	0.002234379	0.003252681	0.003252681	0.0881659	0.003389275	0.01211649	0.02273636	0.421948	0.289557	0.257657	0.0308381
2808	-68.15504	-89.84628	21.69125	0	1	0	0	0.009147611	0.00340201	0.003252681	0.003252681	0.03584648	0.0002967084	0.01211649	0.0130122	0.357363	0.245237	0.371282	0.0261179
2809	-74.80345	-89.98041	15.17696	1	0	1	1	0.005601343	0.005601343	0.003252681	3.559398e-05	0.0361267	0.0361267	0.01024575	0.01024575	0.218374	0.348077	0.417589	0.0159599
2810	-74.21475	-85.70629	11.49153	0	0	1	1	0.009156194	0.004535297	0.003252681	0.0005104939	0.07455483	0.07455483	0.0138706	0.0138706	0.243381	0.387937	0.350894	0.0177875
2811	-70.66862	-88.6871	18.01848	1	0	1	0	0.009156194	0.009156194	0.0005811705	0.0004533415	0.04630974	0.04630974	0.01201251	3.257379e-05	0.24726	0.39412	0.340549	0.018071
2812	-70.17164	-88.07438	17.90274	0	0	1	1	0.003918891	0.002537572	0.0005811705	0.003847685	0.04630974	0.04630974	0.01201251	0.01201251	0.170826	0.580574	0.22198	0.0266202
2813	-64.99509	-90.45947	25.46438	0	0	0	1	0.005285822	0.002537572	0.002305727	0.002879665	0.0280047	0.0004520449	0.01402605	0.01402605	0.359308	0.117795	0.466905	0.055992
2814	-70.72228	-90.28893	19.56665	0	0	1	1	0.00714908	0.005899131	0.002103659	0.0007644934	0.0280047	0.0280047	0.01576882	0.01576882	0.227436	0.0745619	0.471705	0.226297
2815	-76.26477	-92.05158	15.78681	1	1	1	0	0.004500152	0.004500152	0.002926959	0.002926959	0.0280047	0.0280047	0.01576882	0.0005730605	0.371195	0.121691	0.137778	0.369336
2816	-73.96929	-91.37528	17.40599	0	1	1	0	0.003827759	0.001218767	0.002926959	0.002926959	0.0280047	0.0280047	0.01576882	0.02030199	0.415638	0.247663	0.0914779	0.245221
2817	-71.86565	-88.5611	16.69545	0	1	1	0	0.003827759	0.001944543	0.002275675	0.002275675	0.04000037	0.04000037	0.0173463	0.01071871	0.448223	0.0875064	0.020307	0.443964
2818	-71.6795	-88.6171	16.9376	0	1	1	0	0.01284615	0.001944543	0.002505838	0.002505838	0.04000037	0.04000037	0.0173463	8.502473e-05	0.344025	0.0877884	0.0203725	0.547814
2819	-73.24836	-89.70784	16.45948	0	1	0	0	0.01284615	0.003174952	0.002505838	0.002505838	0.04000037	0.03057085	0.0173463	0.0005557753	0.465141	0.0890359	0.0275447	0.418278
2820	-71.42256	-88.60852	17.18595	0	0	0	1	0.004154522	0.003494164	0.0009454276	0.006333136	0.04000037	0.03057085	0.0173463	0.0173463	0.467502	0.0698631	0.360415	0.10222
2821	-77.50998	-86.31817	8.808189	1	1	1	0	0.004154522	0.004154522	0.0009454276	0.0009454276	0.05968572	0.05968572	0.01079578	0.01611042	0.0697048	0.159821	0.536632	0.233842
2822	-72.66979	-86.50211	13.83232	0	1	1	1	0.005971409	0.00104753	0.000303651	0.000303651	0.0448351	0.0448351	0.01079578	0.01079578	0.0697048	0.159821	0.536632	0.233842
2823	-80.58706	-87.74446	7.157396	1	1	1	1	0.004839844	0.004839844	0.0003668053	0.0003668053	0.04799981	0.04799981	0.01839091	0.01839091	0.0282597	0.659375	0.217561	0.0948041
2824	-70.72149	-91.06335	20.34186	1	0	0	0	0.004108434	0.004108434	0.002141729	0.001075984	0.03837574	0.01540622	0.006693299	0.01699134	0.405142	0.0611803	0.371704	0.161973
2825	-73.0958	-87.65044	14.55465	0	1	1	1	0.007926723	0.002048319	0.001023431	0.001023431	0.03837574	0.03837574	0.009447519	0.009447519	0.375944	0.0567711	0.416985	0.1503
2826	-64.81414	-87.60803	22.79389	0	1	0	0	0.007952911	0.002048319	0.0005493453	0.0005493453	0.03837574	0.004027019	0.01659229	0.001221391	0.375944	0.0567711	0.416985	0.1503
2827	-67.70116	-88.30088	20.59972	0	0	1	0	0.007952911	0.00631487	0.0005493453	0.007507401	0.03875035	0.03875035	0.01659229	0.005650626	0.375944	0.0567711	0.416985	0.1503
2828	-67.37621	-92.45019	25.07398	0	0	0	0	0.007952911	0.005568333	0.0064686	0.001499894	0.03409594	0.001820948	0.01659229	0.01326297	0.849359	0.0104953	0.112359	0.0277859
2829	-66.69792	-87.60371	20.9058	0	1	0	0	0.007952911	0.002996602	0.0016895	0.0016895	0.04248945	0.001598807	0.01625254	0.008587191	0.576406	0.0104454	0.385494	0.027654
2830	-75.70675	-93.87103	18.16428	1	0	1	1	0.003925895	0.003925895	0.002361736	0.0007119612	0.02132187	0.02132187	0.009852907	0.009852907	0.488468	0.00885185	0.326682	0.175997
2831	-75.3187	-88.37958	13.06088	1	1	1	0	0.005339647	0.005339647	0.0007803219	0.0007803219	0.04334324	0.04334324	0.009852907	0.008050052	0.481461	0.0230707	0.321996	0.173472
2832	-74.16332	-87.26934	13.10603	0	1	1	1	0.005889582	0.004021105	0.0007803219	0.0007803219	0.04334324	0.04334324	0.01307368	0.01307368	0.456774	0.0731636	0.305485	0.164577
2833	-68.04208	-86.1278	18.08573	0	1	1	0	0.005889582	0.001170136	0.001010031	0.001010031	0.04334324	0.04334324	0.01307368	0.003674179	0.143436	0.115365	0.481692	0.259507
2834	-79.07497	-91.13276	12.05779	1	1	1	1	0.005889582	0.005889582	0.001026213	0.001026213	0.02612133	0.02612133	0.01052965	0.01052965	0.130241	0.104752	0.570882	0.194125
2835	-70.94298	-92.2594	21.31642	1	0	0	1	0.002931664	0.002931664	0.001026213	0.0002058671	0.02778366	0.007204015	0.01052965	0.01052965	0.0991073	0.0804884	0.434415	0.385989
2836	-63.58325	-89.61907	26.03582	0	0	0	1	0.005299243	0.0009471893	0.001026213	0.0001800688	0.02778366	0.006456871	0.01052965	0.01052965	0.105297	0.0230572	0.461548	0.410097
2837	-63.96529	-87.43845	23.47316	0	0	0	1	0.008014181	0.0009471893	0.001026213	0.001194315	0.0386745	0.006495478	0.01052965	0.01052965	0.107575	0.0626001	0.410856	0.418969
2838	-72.25925	-86.74658	14.48733	0	1	1	1	0.008014181	0.0009622372	0.001026213	0.001026213	0.0386745	0.0386745	0.01052965	0.01052965	0.103266	0.0745733	0.419977	0.402184
2839	-80.24906	-90.82708	10.57802	1	1	1	1	0.008014181	0.008014181	0.0004079083	0.0004079083	0.02930944	0.02930944	0.01429965	0.01429965	0.0407261	0.116165	0.216618	0.626492
2840	-73.37552	-88.9477	15.57218	0	1	1	1	0.007861074	0.0004356254	0.0003049164	0.0003049164	0.0301001	0.0301001	0.01429965	0.01429965	0.0261496	0.466004	0.105585	0.402261
2841	-77.08528	-93.23163	16.14635	0	1	1	1	0.007861074	0.002821706	0.00271548	0.00271548	0.02040051	0.02040051	0.01591833	0.01591833	0.0317087	0.463344	0.104983	0.399965
2842	-75.87124	-92.8039	16.93266	0	1	1	1	0.007861074	0.001525361	0.00271548	0.00271548	0.01933655	0.01933655	0.01378087	0.01378087	0.0524195	0.112822	0.173553	0.661205
2843	-64.62219	-89.7343	25.11211	0	1	0	0	0.007861074	0.001525361	0.00271548	0.00271548	0.02852047	0.002039269	0.01369604	0.001148922	0.134783	0.290092	0.446247	0.128877
2844	-61.26721	-91.40519	30.13798	0	0	0	0	0.003102577	0.001525361	0.00271548	0.001579256	0.02852047	0.002049363	0.01262281	0.006180139	0.170569	0.101606	0.56473	0.163095
2845	-73.62541	-92.05362	18.42821	1	0	0	1	0.002702748	0.002702748	0.00271548	1.490568e-05	0.02852047	0.01962543	0.01262281	0.01262281	0.215318	0.128262	0.450538	0.205882
2846	-79.85221	-92.23517	12.38296	1	1	0	1	0.003145187	0.003145187	0.001595501	0.001595501	0.02681321	0.01950174	0.02018827	0.02018827	0.0883734	0.227072	0.184916	0.499639
2847	-79.93492	-91.05427	11.11935	1	1	1	1	0.002556898	0.002556898	0.0001516065	0.0001516065	0.0326763	0.0326763	0.01354993	0.01354993	0.0883734	0.227072	0.184916	0.499639
2848	-71.67081	-90.80068	19.12987	0	0	1	1	0.002556898	0.003307641	0.0004498371	0.009647648	0.0326763	0.0326763	0.01354993	0.01354993	0.0657642	0.270059	0.219922	0.444255
2849	-75.53353	-90.52755	14.99403	1	1	1	0	0.007242681	0.007242681	0.001070511	0.001070511	0.0326763	0.0326763	0.009956305	0.005362656	0.0683029	0.280484	0.189808	0.461405
2850	-75.49397	-85.64182	10.14785	0	1	1	1	0.005042067	0.0003008696	0.001070511	0.001070511	0.06765917	0.06765917	0.009956305	0.009956305	0.15096	0.466658	0.280447	0.101936
2851	-73.7043	-86.97638	13.27208	0	0	1	1	0.005042067	0.0003008696	0.0008461934	0.01092263	0.06765917	0.06765917	0.01092431	0.01092431	0.0242964	0.914161	0.0451368	0.0164062
2852	-79.31341	-92.65967	13.34626	1	1	1	0	0.008892509	0.008892509	0.0008461934	0.0008461934	0.02981547	0.02981547	0.01511801	0.0110616	0.0354001	0.874931	0.0657649	0.023904
2853	-69.17166	-86.56423	17.39257	0	1	0	1	0.008892509	0.0005180978	0.0002452406	0.0002452406	0.04662378	0.0007281368	0.01511801	0.01511801	0.175247	0.38085	0.325567	0.118336
2854	-69.43379	-86.10952	16.67573	0	1	1	0	0.008892509	0.0005180978	0.001420599	0.001420599	0.04662378	0.04662378	0.01511801	0.003653126	0.116038	0.601421	0.232994	0.0495478
2855	-71.58238	-87.07886	15.49648	0	1	1	0	0.008892509	0.002412571	0.002531725	0.002531725	0.04662378	0.04662378	0.0177637	0.004747225	0.114466	0.593276	0.243381	0.0488768
2856	-70.39009	-92.27666	21.88656	0	0	1	0	0.008892509	0.007926937	0.004954862	0.0004887721	0.03405718	0.03405718	0.008328407	0.01130828	0.170588	0.393863	0.362708	0.0728406
2857	-77.90789	-89.4684	11.5605	1	0	1	1	0.008892509	0.008892509	0.004954862	0.0004080015	0.05228232	0.05228232	0.009410742	0.009410742	0.170588	0.393863	0.362708	0.0728406
2858	-75.42404	-92.87666	17.45261	1	1	1	0	0.005343783	0.005343783	0.001211989	0.001211989	0.02387919	0.02387919	0.009410742	0.002399452	0.116095	0.268046	0.246844	0.369015
2859	-70.21876	-91.32416	21.1054	0	1	0	1	0.005343783	0.002511885	0.00116737	0.00116737	0.02540337	0.007050978	0.009410742	0.009410742	0.117665	0.0918617	0.416467	0.374006
2860	-65.50984	-89.75909	24.24925	0	1	0	0	0.005343783	0.0004034229	0.0007370458	0.0007370458	0.02540337	0.004741202	0.0194644	0.006349017	0.0540515	0.076277	0.458193	0.411478
2861	-73.02631	-89.94386	16.91755	0	1	1	1	0.005343783	0.00013256	0.0007370458	0.0007370458	0.02540337	0.02540337	0.01368903	0.01368903	0.0176143	0.0638093	0.0286722	0.889904
2862	-65.48871	-86.94139	21.45268	0	0	1	0	0.007168094	0.003839949	0.0007370458	0.001009012	0.04125851	0.04125851	0.01191874	0.01250747	0.0146922	0.0532236	0.189812	0.742273
2863	-75.55991	-87.65607	12.09616	1	1	1	0	0.007168094	0.007168094	0.0004704922	0.0004704922	0.04084408	0.04084408	0.01292761	0.01147419	0.00387384	0.0140333	0.895536	0.0865568
2864	-70.94861	-91.96637	21.01776	1	0	1	0	0.005084948	0.005084948	0.00284664	0.004912728	0.02550249	0.02550249	0.01292761	0.0001150109	0.00240377	0.00870787	0.555693	0.433196
2865	-79.34291	-88.00508	8.662171	1	1	1	1	0.005084948	0.005084948	0.00284664	0.00284664	0.04213076	0.04213076	0.01292761	0.01292761	0.00255299	0.00924843	0.528112	0.460087
2866	-66.20241	-88.69772	22.49531	0	1	0	0	0.005084948	0.001431228	0.00284664	0.00284664	0.04027705	0.0004956588	0.01808027	0.004259076	0.0038335	0.0138872	0.291427	0.690853
2867	-75.49732	-89.01879	13.52147	1	1	1	0	0.005084948	0.005084948	0.00284664	0.00284664	0.04027705	0.04027705	0.01211192	0.004410996	0.0032454	0.244623	0.167262	0.58487
2868	-73.78832	-86.67564	12.88732	0	1	1	1	0.01154648	0.000120717	0.0004374102	0.0004374102	0.04414245	0.04414245	0.01211192	0.01211192	0.00699374	0.527156	0.255205	0.210645
2869	-77.11573	-86.97248	9.856756	0	1	1	1	0.01154648	0.006900442	0.0004374102	0.0004374102	0.05500081	0.05500081	0.01180884	0.01180884	0.00419934	0.316526	0.153236	0.526038
2870	-76.01763	-87.00776	10.99014	1	1	1	0	0.004400413	0.004400413	0.0004374102	0.0004374102	0.05345804	0.05345804	0.01180884	0.009106262	0.00481346	0.362816	0.175646	0.456725
2871	-69.26386	-86.2136	16.94973	0	0	1	1	0.004420429	0.002174833	0.0004374102	0.003122556	0.05345804	0.05345804	0.01104554	0.01104554	0.00453352	0.399873	0.16543	0.430163
2872	-79.17439	-88.59723	9.422845	1	0	1	1	0.005251451	0.005251451	0.002519463	0.01520151	0.05345804	0.05345804	0.01174552	0.01174552	0.00524582	0.4627	0.191423	0.340632
2873	-74.91478	-86.00124	11.08645	0	1	1	1	0.008087615	0.002337457	0.002582638	0.002582638	0.05345804	0.05345804	0.01219428	0.01219428	0.00805462	0.424091	0.293917	0.273937
2874	-77.22167	-92.65151	15.42984	1	1	0	1	0.00702352	0.00702352	0.001288531	0.001288531	0.02513227	0.008176944	0.01219428	0.01219428	0.112132	0.266516	0.296588	0.324764
2875	-76.27607	-89.11054	12.83448	0	1	1	1	0.01469765	0.003087276	0.001288531	0.001288531	0.03825737	0.03825737	0.01133037	0.01133037	0.116268	0.213439	0.307529	0.362764
2876	-74.31545	-89.24137	14.92592	0	1	1	0	0.01576697	0.002372129	0.0009266145	0.0009266145	0.03934046	0.03934046	0.01433106	0.01349791	0.0449231	0.570825	0.191614	0.192638
2877	-66.03951	-88.01803	21.97852	0	1	0	0	0.009176226	0.002372129	0.0009266145	0.0009266145	0.03934046	0.002898486	0.01603759	0.004679469	0.0190009	0.196672	0.263267	0.521061
2878	-72.10558	-87.27926	15.17369	0	1	1	1	0.005505621	0.0002534138	0.0009266145	0.0009266145	0.03255755	0.03255755	0.01603759	0.01603759	0.0466627	0.173621	0.646535	0.133181
2879	-73.78561	-88.10271	14.3171	0	1	1	1	0.005505621	0.0005463876	0.0009266145	0.0009266145	0.03255755	0.03255755	0.02064436	0.02064436	0.129192	0.382124	0.405213	0.0834709
2880	-72.74645	-88.4114	15.66495	0	1	1	1	0.008111427	0.001040086	0.0009266145	0.0009266145	0.03255755	0.03255755	0.009835049	0.009835049	0.0661307	0.195601	0.20742	0.530848
2881	-76.36661	-85.33054	8.963937	0	1	1	1	0.008111427	0.005247028	0.0009266145	0.0009266145	0.06668086	0.06668086	0.009835049	0.009835049	0.0348836	0.103178	0.581919	0.280019
2882	-65.87697	-86.85545	20.97847	0	0	1	0	0.008111427	0.003884624	0.0009266145	0.000280064	0.04379107	0.04379107	0.009835049	0.01432244	0.0594108	0.0742474	0.664839	0.201503
2883	-76.68474	-88.3064	11.62166	1	1	1	0	0.008111427	0.008111427	0.0009266145	0.0009266145	0.04379107	0.04379107	0.01091243	0.01185711	0.442886	0.0439769	0.393786	0.119351
2884	-79.01314	-86.60053	7.587388	1	1	1	0	0.008111427	0.008111427	0.0007065152	0.0007065152	0.06902172	0.06902172	0.01091243	0.009922844	0.603368	0.0599122	0.174122	0.162598
2885	-81.40845	-85.93052	4.52207	1	1	1	1	0.006788853	0.006788853	0.0007065152	0.0007065152	0.06826382	0.06826382	0.01091243	0.01091243	0.403239	0.0261144	0.206175	0.364471
2886	-76.09856	-88.02174	11.92319	1	0	1	1	0.006607809	0.006607809	0.002118357	0.003753229	0.05048205	0.05048205	0.01091243	0.01091243	0.531766	0.112751	0.220197	0.135286
2887	-73.80779	-85.59586	11.78808	0	1	1	1	0.008652313	0.001039692	0.001467042	0.001467042	0.05048205	0.05048205	0.01300561	0.01300561	0.447639	0.0949137	0.185361	0.272086
2888	-70.36673	-86.45757	16.09084	0	0	1	1	0.009640391	0.002015055	0.001467042	0.002961621	0.05048205	0.05048205	0.01300561	0.01300561	0.647127	0.0745289	0.145551	0.132793
2889	-76.23924	-85.38738	9.148139	0	1	1	1	0.009640391	0.002015055	0.001477852	0.001477852	0.06028752	0.06028752	0.01632651	0.01632651	0.696307	0.00419597	0.156612	0.142885
2890	-73.75585	-85.59913	11.84328	0	1	1	1	0.01106024	0.0004506797	0.001477852	0.001477852	0.04534677	0.04534677	0.0159954	0.0159954	0.313138	0.00188698	0.620718	0.0642571
2891	-74.15652	-85.96186	11.80533	0	1	1	1	0.01106024	0.001060036	0.001085551	0.001085551	0.04534677	0.04534677	0.0159954	0.0159954	0.298362	0.00179794	0.165995	0.533845
2892	-75.59329	-90.50859	14.91529	0	1	1	1	0.003492557	0.005059723	0.001085551	0.001085551	0.04055193	0.04055193	0.006569055	0.006569055	0.125722	0.000757605	0.648572	0.224948
2893	-74.88544	-89.31926	14.43382	1	1	1	0	0.003492557	0.003492557	0.001085551	0.001085551	0.04055193	0.04055193	0.008148924	0.006233888	0.125722	0.000757605	0.648572	0.224948
2894	-72.51322	-90.376	17.86279	0	0	1	1	0.008054939	0.00330414	0.005965791	0.003410375	0.04055193	0.04055193	0.008148924	0.008148924	0.400287	0.00310085	0.387147	0.209465
2895	-72.41138	-89.38439	16.97301	0	1	1	0	0.008054939	0.009293161	0.0008079012	0.0008079012	0.04055193	0.04055193	0.01191179	0.003905931	0.0698007	0.324176	0.0675094	0.538514
2896	-75.51696	-91.11891	15.60195	1	0	1	1	0.008054939	0.008054939	0.001043967	0.001528936	0.03029146	0.03029146	0.01191179	0.01191179	0.0421017	0.333829	0.0695196	0.55455
2897	-78.37936	-89.79137	11.41201	1	1	1	1	0.004537653	0.004537653	0.0005197869	0.0005197869	0.03029146	0.03029146	0.01191179	0.01191179	0.0741303	0.0924412	0.727772	0.105656
2898	-66.23739	-86.73728	20.49989	0	1	0	0	0.004537653	0.0009564862	0.001725095	0.001725095	0.0465743	0.005270718	0.01191179	0.01291278	0.159216	0.0919949	0.724259	0.0245306
2899	-64.56761	-87.90054	23.33293	0	0	1	0	0.009287584	0.001386364	0.001725095	0.0002123824	0.0465743	0.0465743	0.006311135	0.002186799	0.267533	0.174849	0.516399	0.0412193
2900	-67.87597	-85.80188	17.92591	0	1	1	0	0.009287584	0.0001498659	0.001409116	0.001409116	0.0465743	0.0465743	0.009404474	0.002249662	0.0284123	0.205333	0.717849	0.0484058
2901	-67.62853	-85.81329	18.18476	0	0	1	1	0.009287584	0.0002752274	0.001409116	0.0006436472	0.0465743	0.0465743	0.009404474	0.009404474	0.0253258	0.183028	0.639868	0.151778
2902	-64.86516	-86.83271	21.96755	0	0	1	0	0.006199331	0.003166872	0.001409116	0.0006988089	0.0465743	0.0465743	0.01292959	0.004515665	0.0598131	0.432264	0.149461	0.358461
2903	-74.27334	-86.47847	12.20513	0	1	1	1	0.006199331	0.0006399964	0.002239798	0.002239798	0.0465743	0.0465743	0.0166077	0.0166077	0.0768924	0.555694	0.0785412	0.288872
2904	-74.94497	-88.55388	13.6089	1	0	1	0	0.006199331	0.006199331	0.001854157	0.008929171	0.0465743	0.0465743	0.01115533	0.01905631	0.0768924	0.555694	0.0785412	0.288872
2905	-70.69873	-87.47647	16.77774	0	0	1	1	0.006199331	0.0006669547	0.001854157	0.009192556	0.0465743	0.0465743	0.01115533	0.01115533	0.452289	0.276472	0.172066	0.0991731
2906	-70.08178	-97.95734	27.87556	1	0	0	0	0.006199331	0.006199331	0.003639903	0.002139026	0.01520526	0.006822631	0.007211182	0.0004821534	0.108357	0.055929	0.530152	0.305562
2907	-68.4886	-98.25009	29.76149	0	0	1	0	0.006199331	0.003449479	0.0009660884	0.0008242411	0.01520526	0.01520526	0.003978471	0.0002889531	0.124958	0.0644978	0.611375	0.199169
2908	-70.21707	-96.30256	26.08549	0	0	1	0	0.006262142	0.001654564	0.0003172884	0.006946514	0.01847211	0.01847211	0.003978471	0.0143077	0.124958	0.0644978	0.611375	0.199169
2909	-70.94314	-94.64551	23.70237	0	1	0	0	0.004433228	0.0001298323	0.005357162	0.005357162	0.02974155	0.01016542	0.003883257	0.01185996	0.0955229	0.284867	0.467358	0.152252
2910	-67.91144	-93.5261	25.61466	0	1	0	0	0.004433228	0.003452709	0.005357162	0.005357162	0.02974155	0.002410759	0.008776188	0.000460395	0.105062	0.187296	0.540185	0.167457
2911	-80.0483	-93.48254	13.43423	1	1	1	0	0.004433228	0.004433228	0.005357162	0.005357162	0.02780639	0.02780639	0.01711131	0.01052249	0.237673	0.423703	0.148001	0.190624
2912	-77.14544	-89.43024	12.2848	0	1	1	1	0.004433228	0.001585408	0.005357162	0.005357162	0.05148348	0.05148348	0.008946136	0.008946136	0.228771	0.445288	0.142457	0.183484
2913	-71.90893	-89.58181	17.67289	0	0	1	1	0.004433228	0.00276699	0.00299949	0.004435162	0.04694132	0.04694132	0.008946136	0.008946136	0.206005	0.632814	0.128281	0.0329006
2914	-75.45133	-89.63413	14.18279	0	1	1	1	0.01048025	0.00276699	0.00299949	0.00299949	0.03138243	0.03138243	0.01331961	0.01331961	0.166856	0.344059	0.462437	0.0266483
2915	-67.84851	-88.38742	20.53892	0	1	0	0	0.006327271	0.00276699	0.00299949	0.00299949	0.04327568	0.01091708	0.0151133	0.002265789	0.102703	0.211775	0.284639	0.400883
2916	-67.83616	-88.73026	20.8941	0	0	0	1	0.004634819	0.00276699	0.00299949	0.002727011	0.04246164	0.01093068	0.0151133	0.0151133	0.126183	0.253399	0.349713	0.270705
2917	-71.29096	-87.67139	16.38043	0	0	1	1	0.0107418	0.00276699	0.003793026	0.001686041	0.04381412	0.04381412	0.0151133	0.0151133	0.126183	0.253399	0.349713	0.270705
2918	-70.45811	-89.94953	19.49142	0	0	1	1	0.004272459	0.00276699	0.003793026	0.0009573385	0.03321708	0.03321708	0.0151133	0.0151133	0.136567	0.274252	0.296198	0.292983
2919	-65.44749	-89.14694	23.69945	0	0	1	0	0.004272459	0.0005507087	0.001112844	0.003476275	0.02957263	0.02957263	0.0151133	0.01148893	0.136567	0.274252	0.296198	0.292983
2920	-76.92067	-90.87946	13.95879	1	0	1	1	0.004272459	0.004272459	0.0007551261	0.003913949	0.02957263	0.02957263	0.02371592	0.02371592	0.123246	0.345042	0.267306	0.264405
2921	-67.77204	-89.84562	22.07358	0	1	0	0	0.008374442	0.001957971	0.0007551261	0.0007551261	0.02957263	0.005542183	0.02371592	0.004968958	0.104035	0.435333	0.347277	0.113355
2922	-67.53459	-88.85987	21.32528	0	1	0	0	0.003094496	0.0005826203	0.0009883419	0.0009883419	0.0403322	0.008085767	0.02006596	0.006018125	0.0921609	0.385646	0.421776	0.100417
2923	-82.67077	-90.62606	7.955289	1	1	1	1	0.001643993	0.001643993	0.001260513	0.001260513	0.0440629	0.0440629	0.02006596	0.02006596	0.117473	0.491566	0.262964	0.127998
2924	-79.94252	-87.37455	7.432025	1	1	1	1	0.005629039	0.005629039	0.0002685725	0.0002685725	0.0440629	0.0440629	0.02006596	0.02006596	0.19548	0.0439255	0.708998	0.0515972
2925	-71.22376	-88.93597	17.71221	1	1	0	0	0.005629039	0.005629039	0.001901914	0.001901914	0.0440629	0.002767603	0.01035862	0.005577315	0.194459	0.0439812	0.709897	0.0516627
2926	-72.49199	-91.0625	18.57052	0	1	0	1	0.005629039	0.002782256	0.005024127	0.005024127	0.03260729	0.008986495	0.01035862	0.01035862	0.194459	0.0439812	0.709897	0.0516627
2927	-69.74734	-89.18489	19.43755	0	0	1	1	0.005629039	0.002782256	0.0009282685	0.008860303	0.03260729	0.03260729	0.009621179	0.009621179	0.194459	0.0439812	0.709897	0.0516627
2928	-64.56188	-88.89564	24.33376	0	1	0	0	0.003442316	0.0001946995	0.001042413	0.001042413	0.03260729	0.002764038	0.01287155	0.00903651	0.194459	0.0439812	0.709897	0.0516627
2929	-79.21599	-95.1968	15.98081	0	1	1	1	0.01566205	0.0001946995	0.003981165	0.003981165	0.01795452	0.01795452	0.01287155	0.01287155	0.183444	0.133628	0.634192	0.0487364
2930	-75.381	-88.24033	12.85934	0	1	1	1	0.01029418	0.002002276	0.003981165	0.003981165	0.03936985	0.03936985	0.01287155	0.01287155	0.183444	0.133628	0.634192	0.0487364
2931	-69.88092	-87.5046	17.62368	0	1	1	0	0.009226764	0.0003146143	0.003981165	0.003981165	0.03936985	0.03936985	0.01287155	0.005039831	0.163979	0.0965842	0.704211	0.035226
2932	-70.62751	-85.26085	14.63333	0	1	1	0	0.009226764	0.002073432	0.00027142	0.00027142	0.05635297	0.05635297	0.01287155	0.007112651	0.147342	0.130225	0.69078	0.0316522
2933	-75.51802	-91.52662	16.0086	0	1	1	1	0.01027748	0.003675877	0.00027142	0.00027142	0.0221142	0.0221142	0.01416606	0.01416606	0.147461	0.129522	0.691339	0.0316777
2934	-76.10605	-86.42146	10.31541	0	1	1	1	0.01027748	0.003675877	0.002949569	0.002949569	0.05200146	0.05200146	0.01416606	0.01416606	0.135612	0.199471	0.635785	0.0291322
2935	-75.67087	-89.29325	13.62238	0	1	1	0	0.01601384	0.005118436	0.004216974	0.004216974	0.05200146	0.05200146	0.01416606	0.002174756	0.119227	0.296194	0.558967	0.0256123
2936	-69.75745	-87.50949	17.75203	0	1	0	1	0.01019429	0.0008025267	0.0008000668	0.0008000668	0.04143189	0.00267479	0.01416606	0.01416606	0.116407	0.28919	0.193097	0.401306
2937	-64.36401	-89.46691	25.1029	0	0	1	0	0.005603372	0.0007497393	0.0001559479	0.0002079323	0.03318136	0.03318136	0.01562013	0.002040806	0.0579598	0.646084	0.096144	0.199812
2938	-75.64436	-91.73663	16.09227	0	1	1	1	0.004396118	0.003801634	0.0001559479	0.0001559479	0.02605256	0.02605256	0.01562013	0.01562013	0.103329	0.369047	0.171403	0.356221
2939	-68.93704	-86.10063	17.16359	0	0	1	1	0.004396118	0.0001037031	0.002296753	0.0002207862	0.05079804	0.05079804	0.01562013	0.01562013	0.108904	0.358931	0.156728	0.375438
2940	-69.65667	-88.10183	18.44515	0	1	1	0	0.00990294	0.002156459	0.002273123	0.002273123	0.03590519	0.03590519	0.01562013	0.0002470673	0.195693	0.0250161	0.220257	0.559034
2941	-77.25125	-87.2178	9.966543	0	1	1	1	0.01489101	0.001122272	0.001122236	0.001122236	0.06166945	0.06166945	0.006261037	0.006261037	0.0213734	0.0181541	0.329016	0.631456
2942	-65.2624	-87.79666	22.53426	0	0	0	0	0.01489101	0.0003831975	0.001122236	0.01007738	0.05751124	0.00247048	0.01465128	0.000682402	0.0197733	0.0167951	0.304385	0.659047
2943	-68.74841	-86.78048	18.03207	0	0	1	0	0.01489101	0.0009717644	0.001122236	0.009969336	0.05751124	0.05751124	0.0100644	0.003474941	0.0177165	0.119069	0.272723	0.590492
2944	-72.79002	-91.93018	19.14016	0	1	0	1	0.01489101	0.0009717644	0.001122236	0.001122236	0.02673663	0.008103002	0.01030481	0.01030481	0.0177165	0.119069	0.272723	0.590492
2945	-64.93216	-85.74443	20.81227	0	0	1	0	0.005159089	0.001732742	0.0002314525	0.002754857	0.0488381	0.0488381	0.01830263	0.005083121	0.0199738	0.13424	0.180057	0.665729
2946	-73.29234	-89.61123	16.31889	0	1	1	0	0.01192133	0.00936614	0.0003240988	0.0003240988	0.04094238	0.04094238	0.01395851	0.001754805	0.056408	0.379107	0.508499	0.0559852
2947	-71.9278	-86.30582	14.37801	1	0	1	0	0.004116055	0.004116055	0.001492772	0.001862988	0.06789723	0.06789723	0.01395851	4.167239e-05	0.056408	0.379107	0.508499	0.0559852
2948	-70.81573	-87.57461	16.75888	0	0	1	0	0.004015652	0.007070832	0.002787351	0.004478368	0.06789723	0.06789723	0.01395851	0.00507969	0.0641214	0.294205	0.578033	0.0636407
2949	-70.13364	-88.45994	18.3263	0	0	1	0	0.004980883	0.001838656	0.00398832	0.005839067	0.06789723	0.06789723	0.006118146	0.005659608	0.0476965	0.218844	0.429968	0.303492
2950	-73.70703	-87.6936	13.98658	0	1	1	0	0.005441504	0.0001599302	0.00398832	0.00398832	0.06789723	0.06789723	0.005964562	0.008156731	0.0476965	0.218844	0.429968	0.303492
2951	-84.48152	-92.05363	7.572113	1	1	1	1	0.005441504	0.005441504	0.00398832	0.00398832	0.05740568	0.05740568	0.002389659	0.002389659	0.67776	0.127021	0.0190652	0.176153
2952	-78.68612	-90.92223	12.23612	0	1	1	1	0.007374397	0.0009258307	0.00398832	0.00398832	0.05740568	0.05740568	0.002389659	0.002389659	0.309441	0.416895	0.0267263	0.246938
2953	-78.62108	-91.26661	12.64553	0	1	1	1	0.005141396	0.0008169797	0.00398832	0.00398832	0.05740568	0.05740568	0.002389659	0.002389659	0.344191	0.395916	0.0253814	0.234512
2954	-80.31758	-94.28509	13.96751	0	1	1	1	0.005141396	0.004220472	0.009478512	0.009478512	0.03935407	0.03935407	0.00398576	0.00398576	0.804859	0.0118575	0.059352	0.123931
2955	-81.34063	-92.38446	11.04383	1	1	1	1	0.004910474	0.004910474	0.001116394	0.001116394	0.03935407	0.03935407	0.00398576	0.00398576	0.413315	0.0060891	0.516954	0.0636419
2956	-65.6787	-88.98802	23.30932	0	0	1	0	0.01048874	0.002401533	0.001841946	0.003533957	0.03935407	0.03935407	0.00727688	0.002921574	0.413315	0.0060891	0.516954	0.0636419
2957	-64.54947	-86.64866	22.09919	0	0	1	0	0.008698703	0.002401533	0.001573654	5.89994e-05	0.03935407	0.03935407	0.01924825	0.003405509	0.236185	0.00550685	0.700752	0.0575563
2958	-64.29462	-85.99662	21.702	0	0	1	0	0.006690897	0.001479053	0.001573654	7.33425e-05	0.04697036	0.04697036	0.01924825	0.000977119	0.150588	0.365923	0.446792	0.0366972
2959	-59.20199	-86.19153	26.98954	0	0	0	0	0.006690897	0.0005028366	0.003557991	0.0001146374	0.04697036	0.0002092349	0.01145028	0.006808505	0.0527833	0.0187414	0.843018	0.0854571
2960	-67.30787	-89.57321	22.26534	0	0	0	1	0.003922266	0.003621375	0.003557991	0.0001246332	0.03559638	0.01360413	0.01336355	0.01336355	0.0551389	0.0195778	0.880641	0.0446428
2961	-70.00052	-88.97129	18.97077	0	1	1	0	0.003922266	0.003608125	0.002329532	0.002329532	0.03559638	0.03559638	0.01336355	0.004278474	0.0352895	0.0279243	0.873111	0.0636754
2962	-71.43009	-89.7632	18.33312	1	0	0	1	0.004372337	0.004372337	0.001653281	0.0005460593	0.04404516	0.002765384	0.01336355	0.01336355	0.293202	0.493367	0.144043	0.0693876
2963	-67.84299	-89.65817	21.81518	1	0	0	0	0.006977862	0.006977862	0.001889609	0.0005439096	0.04980602	0.002765384	0.01336355	0.001018931	0.293202	0.493367	0.144043	0.0693876
2964	-71.80331	-87.81935	16.01604	1	0	0	1	0.006406321	0.006406321	0.001889609	0.0005439096	0.04980602	0.005711276	0.01564247	0.01564247	0.141486	0.238076	0.555156	0.0652829
2965	-64.31957	-87.37681	23.05724	0	0	1	0	0.006406321	0.001799273	0.001850972	0.003309865	0.04022613	0.04022613	0.01564247	2.560812e-05	0.224153	0.377178	0.295243	0.103426
2966	-64.31077	-87.15064	22.83986	0	1	0	0	0.007555508	0.0005946452	0.001850972	0.001850972	0.04022613	0.004561411	0.01564247	7.287839e-05	0.102485	0.379583	0.297126	0.220806
2967	-67.28346	-88.49942	21.21596	0	0	0	1	0.005847313	0.001438987	0.001850972	0.006131374	0.04022613	0.004564553	0.01973354	0.01973354	0.108254	0.377143	0.295216	0.219387
2968	-69.2804	-86.75621	17.47581	0	0	1	1	0.007520923	0.0002073085	0.0003848259	0.003576885	0.04022613	0.04022613	0.01973354	0.01973354	0.365531	0.322703	0.252602	0.0591633
2969	-74.09915	-93.44971	19.35056	0	1	1	0	0.007520923	0.0002073085	0.0003848259	0.0003848259	0.01804665	0.01804665	0.02707046	0.007695784	0.339913	0.350021	0.245894	0.0641716
2970	-70.36879	-89.56285	19.19407	0	1	1	0	0.007520923	0.001323032	0.0005329933	0.0005329933	0.02806806	0.02806806	0.01939576	0.004980313	0.347447	0.357778	0.229181	0.0655939
2971	-71.22642	-88.44704	17.22061	1	0	1	0	0.005800601	0.005800601	0.0005329933	0.003455151	0.04378332	0.04378332	0.01939576	0.0001415445	0.142816	0.611732	0.190834	0.0546186
2972	-72.85289	-90.09186	17.23897	1	0	0	1	0.005800601	0.005800601	0.00317187	0.003622643	0.04378332	0.006421991	0.01020392	0.01020392	0.285216	0.301005	0.398523	0.0152564
2973	-74.59393	-88.64592	14.05199	0	1	1	1	0.00367716	0.0008606784	0.00317187	0.00317187	0.04378332	0.04378332	0.01020392	0.01020392	0.112053	0.349546	0.518549	0.0198513
2974	-64.48242	-89.4332	24.95077	0	0	0	1	0.006144437	0.001777712	0.002706351	0.001745858	0.02986308	0.001399125	0.0147929	0.0147929	0.147829	0.309455	0.459074	0.0836432
2975	-69.53825	-86.36602	16.82777	0	1	0	0	0.01091411	0.002998837	0.002706351	0.002706351	0.06475677	0.001404399	0.01332385	0.008789283	0.108928	0.191266	0.524284	0.175523
2976	-66.31582	-91.16511	24.84929	0	0	0	1	0.01091411	0.0006608512	0.002706351	0.002888251	0.02587214	0.003610544	0.01235773	0.01235773	0.172667	0.303185	0.245917	0.278231
2977	-69.47202	-87.676	18.20398	0	0	1	1	0.01091411	0.0003176558	0.001288582	0.002343008	0.03604306	0.03604306	0.01657804	0.01657804	0.360869	0.234217	0.189976	0.214939
2978	-66.34949	-88.19867	21.84917	0	0	1	0	0.01091411	0.0002148108	0.0004253865	0.01187354	0.03604306	0.03604306	0.01657804	0.0001218747	0.360869	0.234217	0.189976	0.214939
2979	-73.3613	-88.49429	15.13299	0	1	1	1	0.006373464	0.0002148108	0.001208891	0.001208891	0.03604306	0.03604306	0.01167336	0.01167336	0.236764	0.575446	0.0467694	0.14102
2980	-64.76394	-88.17823	23.41429	0	0	1	0	0.006373464	0.0002148108	0.001307231	0.002926452	0.03604306	0.03604306	0.01437773	0.00597552	0.0513954	0.715206	0.0581283	0.17527
2981	-72.40909	-92.67702	20.26793	0	1	0	1	0.006373464	0.0001770163	0.00517949	0.00517949	0.03473179	0.004171758	0.00504497	0.00504497	0.39577	0.455563	0.0370258	0.111641
2982	-67.46197	-94.38659	26.92462	0	1	0	0	0.006373464	7.064806e-05	0.00517949	0.00517949	0.02614569	0.0024941	0.005165393	0.001710147	0.361996	0.416685	0.119206	0.102114
2983	-75.27652	-92.85309	17.57658	1	0	1	0	0.006373464	0.006373464	0.00517949	0.006516767	0.03870731	0.03870731	0.005165393	0.009130814	0.361996	0.416685	0.119206	0.102114
2984	-76.10361	-90.73471	14.6311	0	1	1	1	0.006373464	0.000686129	0.00517949	0.00517949	0.03870731	0.03870731	0.007437995	0.007437995	0.394211	0.453768	0.0408201	0.111201
2985	-65.95777	-90.0556	24.09783	0	0	1	0	0.006373464	0.001323478	0.0006733464	0.004564079	0.03870731	0.03870731	0.004713892	0.006952807	0.167373	0.129629	0.195476	0.507521
2986	-67.54461	-92.49381	24.9492	0	0	1	0	0.006373464	0.001266917	0.0006403135	0.008459367	0.02917622	0.02917622	0.004713892	0.007808278	0.334058	0.258724	0.390149	0.0170688
2987	-69.27125	-91.86748	22.59622	0	1	1	0	0.006373464	0.0002204344	0.0006403135	0.0006403135	0.02917622	0.02917622	0.004713892	0.001236182	0.264939	0.285578	0.430643	0.0188404
2988	-68.625	-90.64359	22.01859	0	0	1	1	0.007607027	5.840134e-05	0.0002231528	0.0008603204	0.02917622	0.02917622	0.007739491	0.007739491	0.719856	0.0326047	0.196349	0.0511905
2989	-66.77494	-91.87255	25.09761	0	0	1	0	0.005312158	0.005035402	0.0002231528	0.0007161312	0.02714748	0.02714748	0.0182753	0.0008799214	0.719856	0.0326047	0.196349	0.0511905
2990	-74.35827	-89.26486	14.90659	1	1	1	0	0.005312158	0.005312158	0.0003392138	0.0003392138	0.04043311	0.04043311	0.0101642	0.0005599175	0.541167	0.0245113	0.395838	0.0384836
2991	-67.56106	-87.3317	19.77063	0	0	1	0	0.005312158	0.0009915646	0.0003508214	0.004117594	0.05883759	0.05883759	0.01065114	0.007799353	0.539404	0.381081	0.0411575	0.0383582
2992	-73.7173	-88.32017	14.60287	1	0	1	0	0.005312158	0.005312158	9.425813e-05	0.001364375	0.05883759	0.05883759	0.01396568	0.00850896	0.539404	0.381081	0.0411575	0.0383582
2993	-67.72229	-90.8702	23.14791	0	0	1	0	0.005789817	0.004903915	9.981086e-05	0.0007581462	0.03388936	0.03388936	0.01396568	0.009335221	0.315164	0.523558	0.0240476	0.13723
2994	-73.00393	-89.47945	16.47552	0	1	1	0	0.005789817	0.004468545	0.0002387054	0.0002387054	0.03388936	0.03388936	0.0170279	0.01595703	0.482728	0.0734355	0.108153	0.335683
2995	-73.11988	-87.92813	14.80825	0	1	1	1	0.005789817	0.0006054512	0.0002387054	0.0002387054	0.03388936	0.03388936	0.01684777	0.01684777	0.276432	0.0698893	0.270142	0.383536
2996	-70.23914	-89.97785	19.73871	0	1	1	0	0.003328768	0.00256439	0.001673808	0.001673808	0.03388936	0.03388936	0.01182324	0.005426136	0.276432	0.0698893	0.270142	0.383536
2997	-68.61831	-88.31887	19.70055	0	0	1	1	0.008046161	0.002184738	0.001673808	0.00130664	0.03388936	0.03388936	0.01182324	0.01182324	0.460254	0.116364	0.345139	0.0782434
2998	-79.26842	-88.6349	9.366484	0	1	1	1	0.01008503	0.002184738	0.002828998	0.002828998	0.04465624	0.04465624	0.02874338	0.02874338	0.504777	0.106765	0.316668	0.0717891
2999	-67.60191	-89.84749	22.24559	0	0	0	0	0.009414495	0.002184738	0.003166786	0.004166914	0.04465624	0.007310409	0.02874338	0.003797504	0.349701	0.0739651	0.219382	0.356952
3000	-76.33808	-90.64578	14.3077	0	1	1	0	0.009414495	0.004492808	0.003166786	0.003166786	0.03477214	0.03477214	0.02874338	0.009181802	0.3099	0.0654192	0.194413	0.430268
3001	-67.11627	-90.39529	23.27902	0	0	0	1	0.005527759	0.003287041	0.0002988651	0.0002344292	0.0342471	0.01416451	0.01023233	0.01023233	0.128265	0.0508707	0.151178	0.669687
3002	-69.63189	-87.39414	17.76225	0	0	1	1	0.004894425	0.0007848942	0.003440948	0.002941536	0.04771705	0.04771705	0.01023233	0.01023233	0.238089	0.113219	0.336465	0.312226
3003	-70.9427	-89.74964	18.80694	0	0	1	1	0.01135283	0.005075036	0.00216931	8.973721e-05	0.03283067	0.03283067	0.01251788	0.01251788	0.250899	0.0655077	0.354568	0.329025
3004	-66.50671	-88.14182	21.6351	0	0	1	0	0.005397404	0.005075036	0.00216931	0.000204502	0.04021825	0.04021825	0.01251788	0.01181295	0.250899	0.0655077	0.354568	0.329025
3005	-80.23008	-89.09439	8.864306	1	1	1	1	0.006928293	0.006928293	0.00216931	0.00216931	0.04021825	0.04021825	0.01251788	0.01251788	0.205465	0.435869	0.186034	0.172632
3006	-67.15905	-88.42373	21.26468	0	0	1	0	0.006928293	0.003176217	0.00216931	0.00897774	0.0440806	0.0440806	0.0106575	0.003524507	0.222342	0.389531	0.201315	0.186812
3007	-66.60457	-86.92491	20.32034	0	0	0	0	0.01198905	0.0006316689	0.00216931	0.000870957	0.0440806	0.02180826	0.0106575	0.02224566	0.154469	0.0899283	0.500989	0.254614
3008	-65.23639	-85.78584	20.54945	0	0	1	0	0.008665796	0.0006316689	0.00197047	0.006793288	0.04784762	0.04784762	0.01457227	0.003124214	0.077348	0.0611812	0.340839	0.520632
3009	-66.16741	-87.47092	21.30352	0	0	1	0	0.01015669	0.0006316689	0.0005846025	0.008406525	0.03297872	0.03297872	0.01547731	0.01105651	0.0757236	0.0598963	0.652897	0.211483
3010	-73.38867	-89.86439	16.47571	0	1	1	1	0.009577436	0.0006316689	0.002146083	0.002146083	0.02644322	0.02644322	0.009034691	0.009034691	0.0781717	0.0603148	0.674005	0.187508
3011	-64.9773	-89.11009	24.13279	0	0	0	1	0.009577436	0.0006316689	0.001296294	0.0008326775	0.0266655	0.002354847	0.02174997	0.02174997	0.077795	0.0600242	0.670757	0.191424
3012	-77.34938	-90.68756	13.33818	0	1	1	1	0.01206858	0.003290867	0.002005099	0.002005099	0.0266655	0.0266655	0.02174997	0.02174997	0.077795	0.0600242	0.670757	0.191424
3013	-68.68795	-90.06319	21.37524	0	0	1	0	0.01206858	0.006601873	0.001845944	0.002497824	0.03293383	0.03293383	0.02091225	0.002021454	0.077795	0.0600242	0.670757	0.191424
3014	-71.67979	-84.94487	13.26507	0	1	1	0	0.01206858	0.001377567	0.0008933977	0.0008933977	0.06043082	0.06043082	0.02091225	5.271272e-05	0.163665	0.166721	0.137919	0.531695
3015	-75.85453	-86.34505	10.49053	0	1	1	1	0.01206858	0.003388631	0.00159408	0.00159408	0.05140464	0.05140464	0.01361285	0.01361285	0.120964	0.256816	0.229248	0.392972
3016	-74.14513	-85.60544	11.4603	0	1	1	1	0.008421844	0.001674305	0.00159408	0.00159408	0.05140464	0.05140464	0.01342673	0.01342673	0.150701	0.319952	0.0397655	0.489581
3017	-66.11059	-88.31314	22.20255	0	0	1	0	0.005339927	0.001674305	0.0006295952	0.002668176	0.05140464	0.05140464	0.00804133	0.004391507	0.271605	0.576641	0.0716681	0.0800864
3018	-75.26664	-92.10679	16.84016	1	0	0	1	0.007078459	0.007078459	0.0002403226	0.003640991	0.04427972	0.01200479	0.00804133	0.00804133	0.271605	0.576641	0.0716681	0.0800864
3019	-69.77199	-89.92811	20.15612	0	1	0	0	0.01060561	0.0001291781	0.0002403226	0.0002403226	0.04427972	0.01548318	0.007014409	0.008102788	0.0681765	0.200858	0.0179897	0.712976
3020	-69.71796	-86.05801	16.34005	0	0	1	1	0.01060561	0.00055241	0.0002403226	0.002048012	0.04277119	0.04277119	0.02192872	0.02192872	0.0329755	0.0971505	0.730705	0.139169
3021	-74.63439	-89.40281	14.76842	1	0	1	1	0.005819252	0.005819252	0.0002403226	0.004155474	0.04079101	0.04079101	0.006592869	0.006592869	0.0270239	0.0796162	0.598823	0.294537
3022	-73.37157	-93.37672	20.00516	1	1	0	0	0.005134453	0.005134453	0.0001774843	0.0001774843	0.0375481	0.005559493	0.006592869	0.00216919	0.0597854	0.140568	0.148039	0.651608
3023	-71.99943	-89.25108	17.25165	1	0	1	0	0.005134453	0.005134453	0.00182789	0.004903446	0.0375481	0.0375481	0.01528604	0.00823191	0.0347719	0.500144	0.086101	0.378983
3024	-76.84692	-85.5508	8.703886	1	1	1	0	0.005134453	0.005134453	0.00182789	0.00182789	0.06944156	0.06944156	0.01528604	0.0005985438	0.0286017	0.0833209	0.46837	0.419708
3025	-71.66433	-90.02432	18.35999	1	0	0	1	0.005134453	0.005134453	0.00182789	0.00266793	0.03523964	0.009277898	0.01244422	0.01244422	0.161861	0.115759	0.415278	0.307102
3026	-74.11322	-87.90448	13.79126	1	0	1	1	0.005134453	0.005134453	0.0004129726	0.005592421	0.0396043	0.0396043	0.01244422	0.01244422	0.141411	0.101134	0.362809	0.394646
3027	-71.269	-92.68394	21.41494	0	1	1	0	0.003423457	0.002424273	0.0004129726	0.0004129726	0.02305697	0.02305697	0.01907633	0.0007235003	0.107807	0.0771013	0.276595	0.538496
3028	-79.03381	-94.01604	14.98223	1	1	0	1	0.003423457	0.003423457	0.0004129726	0.0004129726	0.02173479	0.008926771	0.02187791	0.02187791	0.180134	0.070851	0.254172	0.494842
3029	-65.70442	-89.35237	23.64794	0	1	0	0	0.005732007	0.0005902014	0.0004129726	0.0004129726	0.03906421	0.008943241	0.006986338	0.004152774	0.164463	0.0646871	0.319058	0.451792
3030	-69.92083	-87.85668	17.93585	0	0	1	1	0.006290172	0.001441962	0.0004129726	0.01238956	0.03906421	0.03906421	0.009419317	0.009419317	0.16657	0.0527021	0.323146	0.457581
3031	-67.42676	-87.60628	20.17951	0	0	1	0	0.008160406	0.001441962	0.001852263	0.006797888	0.03906421	0.03906421	0.02349307	0.004911598	0.16657	0.0527021	0.323146	0.457581
3032	-68.47915	-89.42095	20.94179	0	1	1	0	0.008066523	0.0005327692	0.001852263	0.001852263	0.02862337	0.02862337	0.008347748	0.004401277	0.184794	0.0482576	0.542404	0.224544
3033	-73.89618	-89.52162	15.62544	0	1	1	0	0.008066523	0.002711057	0.001852263	0.001852263	0.02862337	0.02862337	0.009658393	0.03132227	0.128182	0.0516088	0.580071	0.240138
3034	-72.95095	-88.29509	15.34414	0	1	1	1	0.008066523	0.0009116748	0.001852263	0.001852263	0.02862337	0.02862337	0.01485197	0.01485197	0.128182	0.0516088	0.580071	0.240138
3035	-68.21459	-88.7067	20.49211	0	1	0	1	0.008066523	0.0008880636	0.001852263	0.001852263	0.02862337	0.0001139901	0.01485197	0.01485197	0.1709	0.0490801	0.551649	0.228372
3036	-76.56089	-87.60313	11.04224	0	1	1	1	0.00758279	0.001421364	0.005703539	0.005703539	0.05019418	0.05019418	0.01401104	0.01401104	0.17532	0.0244846	0.565917	0.234278
3037	-75.25718	-90.05556	14.79838	1	1	1	0	0.00639575	0.00639575	0.0007010694	0.0007010694	0.02782359	0.02782359	0.01401104	0.008496108	0.0908772	0.0351587	0.812629	0.0613348
3038	-64.74098	-86.69504	21.95407	0	1	0	0	0.004889297	0.001218779	0.0007010694	0.0007010694	0.04229664	0.003283921	0.01401104	0.009170094	0.0908772	0.0351587	0.812629	0.0613348
3039	-68.73338	-86.03057	17.29719	0	1	1	0	0.01022211	0.002172807	0.0007010694	0.0007010694	0.04226386	0.04226386	0.01401104	0.003300449	0.0428312	0.0165706	0.912312	0.0282863
3040	-68.87671	-87.828	18.95129	0	0	1	1	0.01022211	0.002172807	0.0004850289	0.0003803348	0.04226386	0.04226386	0.007685616	0.007685616	0.147506	0.0927456	0.7369	0.0228477
3041	-70.27911	-87.70961	17.4305	0	1	0	1	0.01022211	0.004204669	0.0004850289	0.0004850289	0.04226386	0.0003427723	0.01439037	0.01439037	0.149975	0.0775604	0.749234	0.0232301
3042	-63.20499	-88.99815	25.79317	0	0	0	0	0.006014141	0.0005593042	0.003271924	0.009530375	0.04226386	0.0003417504	0.01496766	0.006199039	0.474057	0.208444	0.255068	0.0624311
3043	-67.86151	-87.48141	19.61989	0	1	0	1	0.006014141	0.0001414922	0.000896314	0.000896314	0.03702396	0.0003417504	0.01496766	0.01496766	0.417467	0.230872	0.282513	0.0691484
3044	-63.6672	-91.38805	27.72086	0	0	0	0	0.006014141	0.008395213	0.0008135074	0.0005649149	0.03702396	0.0003416763	0.01716102	0.001807103	0.465903	0.211676	0.259023	0.0633989
3045	-69.76122	-91.56286	21.80165	0	1	0	1	0.006014141	0.001770199	0.0002411568	0.0002411568	0.02791403	0.0003457649	0.01062026	0.01062026	0.534946	0.243045	0.149215	0.0727942
3046	-70.5138	-93.12709	22.61329	0	0	1	1	0.005960201	0.001355388	0.0002411568	0.0005494727	0.01864389	0.01864389	0.01551276	0.01551276	0.481271	0.271096	0.166437	0.0811959
3047	-75.03316	-90.89169	15.85854	0	1	1	1	0.009201951	0.001355388	0.0002411568	0.0002411568	0.02505215	0.02505215	0.01551276	0.01551276	0.481501	0.265455	0.173538	0.0795064
3048	-74.43502	-90.0388	15.60378	0	1	1	1	0.005598232	0.0009851344	0.002033368	0.002033368	0.02777488	0.02777488	0.016429	0.016429	0.494585	0.272669	0.178254	0.0544926
3049	-69.99382	-89.16034	19.16652	0	1	0	1	0.004855956	0.002548856	0.002033368	0.002033368	0.03346066	0.001028394	0.01805142	0.01805142	0.110131	0.286707	0.553282	0.0498795
3050	-80.76644	-91.41725	10.65081	1	1	1	1	0.002096661	0.002096661	0.002033368	0.002033368	0.03346066	0.03346066	0.01402411	0.01402411	0.102612	0.33965	0.511264	0.0464739
3051	-76.42185	-90.80585	14.384	1	1	1	0	0.007629997	0.007629997	0.002033368	0.002033368	0.02872709	0.02872709	0.02084673	0.000560661	0.0701002	0.232035	0.666116	0.0317491
3052	-71.86698	-91.57617	19.70918	0	1	0	1	0.007629997	0.005102723	0.002033368	0.002033368	0.02872709	0.006335834	0.009045575	0.009045575	0.176604	0.357369	0.444826	0.0212017
3053	-70.56022	-87.18338	16.62316	0	1	1	0	0.007629997	0.003428659	0.002033368	0.002033368	0.05137254	0.05137254	0.009045575	0.003016722	0.282404	0.311449	0.387669	0.0184775
3054	-76.39147	-91.13616	14.74469	1	1	1	0	0.006539583	0.006539583	0.0001324602	0.0001324602	0.03650927	0.03650927	0.009045575	0.005507788	0.336194	0.370772	0.271037	0.0219969
3055	-71.92889	-90.70554	18.77665	1	0	1	0	0.006683052	0.006683052	0.0001324602	0.003947745	0.03720163	0.03720163	0.009045575	0.007198266	0.0320109	0.828475	0.134724	0.00478963
3056	-69.19924	-90.16642	20.96718	0	1	0	0	0.007774681	0.004289028	0.0001324602	0.0001324602	0.04209667	0.0127848	0.01410501	3.324933e-05	0.24702	0.631354	0.102669	0.0189567
3057	-81.50977	-88.86111	7.351349	1	1	1	1	0.007774681	0.007774681	0.0009605107	0.0009605107	0.04546951	0.04546951	0.01628325	0.01628325	0.27877	0.595374	0.115865	0.00999137
3058	-72.47345	-87.17378	14.70033	0	0	1	1	0.007774681	0.003661955	0.001351691	0.01298445	0.04546951	0.04546951	0.01628325	0.01628325	0.270162	0.0730598	0.543297	0.113481
3059	-66.99503	-89.72774	22.73272	0	0	1	0	0.004735613	0.002171309	0.001351691	0.01103494	0.03329925	0.03329925	0.01628325	0.002240859	0.17962	0.298479	0.196409	0.325491
3060	-74.01459	-88.0766	14.06202	0	1	1	1	0.007375784	0.003329644	0.001351691	0.001351691	0.03329925	0.03329925	0.01628325	0.01628325	0.00542407	0.281523	0.406054	0.306999
3061	-79.81145	-89.32781	9.51636	1	1	1	1	0.007375784	0.007375784	0.001145652	0.001145652	0.03329925	0.03329925	0.01628325	0.01628325	0.00778527	0.211928	0.292853	0.487434
3062	-72.6451	-86.73464	14.08954	0	1	0	1	0.007375784	0.002613717	0.0005400432	0.0005400432	0.05474397	0.01545213	0.0102937	0.0102937	0.0123521	0.210953	0.291505	0.48519
3063	-64.45171	-87.20157	22.74987	0	0	0	0	0.007375784	0.004711477	0.0005400432	0.00261742	0.05474397	0.01543072	0.01227776	0.002858779	0.0174434	0.268916	0.411657	0.301983
3064	-70.84541	-89.18193	18.33651	0	0	0	1	0.003755335	0.004711477	0.0001691744	0.006357976	0.05474397	0.01543252	0.01109303	0.01109303	0.303735	0.277587	0.338624	0.0800541
3065	-72.43983	-87.79542	15.35559	0	1	1	0	0.003755335	0.004711477	0.002463354	0.002463354	0.05474397	0.05474397	0.01109303	0.007010249	0.144354	0.137786	0.678124	0.0397365
3066	-73.47704	-95.56526	22.08822	1	0	1	0	0.003755335	0.003755335	0.0002526639	0.007031309	0.02604837	0.02604837	0.003906041	0.004272607	0.144354	0.137786	0.678124	0.0397365
3067	-71.83519	-93.34226	21.50707	0	0	1	1	0.002607223	0.0002455044	0.003881336	0.003716974	0.02471714	0.02471714	0.01342238	0.01342238	0.160515	0.407628	0.407952	0.023905
3068	-75.74877	-91.72911	15.98034	1	0	1	1	0.003453132	0.003453132	0.003881336	0.0003263024	0.02958353	0.02958353	0.01342238	0.01342238	0.160515	0.407628	0.407952	0.023905
3069	-70.24286	-91.23787	20.99501	0	0	0	1	0.003453132	0.002493259	0.0002494557	0.007528132	0.03365236	0.009765571	0.02391479	0.02391479	0.505274	0.0697838	0.40142	0.0235222
3070	-72.08961	-89.30539	17.21579	0	1	1	0	0.008152305	0.002493259	0.0002494557	0.0002494557	0.03095006	0.03095006	0.02391479	0.007377112	0.404809	0.0303848	0.554565	0.0102419
3071	-68.03527	-89.14756	21.1123	0	0	1	1	0.008152305	0.00105769	0.0002494557	0.001392738	0.03095006	0.03095006	0.009046428	0.009046428	0.499338	0.0374802	0.450548	0.0126336
3072	-72.10014	-89.10814	17.008	1	0	1	0	0.008152305	0.008152305	0.0002494557	0.005004944	0.03860943	0.03860943	0.0212475	0.001061898	0.499338	0.0374802	0.450548	0.0126336
3073	-76.16348	-92.48157	16.31809	1	0	1	1	0.008152305	0.008152305	0.0001006475	0.001690846	0.03201802	0.03201802	0.006772893	0.006772893	0.545537	0.0409479	0.399713	0.0138024
3074	-76.62279	-88.24895	11.62617	0	1	1	1	0.01085444	0.002701147	0.0001006475	0.0001006475	0.05514371	0.05514371	0.006772893	0.006772893	0.163784	0.0753444	0.735475	0.0253966
3075	-67.5603	-88.68821	21.12792	0	1	0	0	0.005734683	0.002701147	0.0001006475	0.0001006475	0.05009111	3.856687e-05	0.02001624	0.001614079	0.480746	0.221154	0.223555	0.074545
3076	-70.79273	-86.42966	15.63693	0	0	1	1	0.006697044	0.002701147	0.0009424179	0.002327615	0.05009111	0.05009111	0.01940881	0.01940881	0.480746	0.221154	0.223555	0.074545
3077	-68.83664	-91.96532	23.12869	1	0	0	0	0.004075453	0.004075453	0.005647443	0.002472804	0.04693455	0.0002320814	0.006267597	0.003221993	0.429652	0.19765	0.306076	0.0666223
3078	-83.01085	-91.71075	8.699898	1	1	1	1	0.005169774	0.005169774	0.005647443	0.005647443	0.04693455	0.04693455	0.005022383	0.005022383	0.498783	0.229451	0.194424	0.0773419
3079	-73.0364	-90.24547	17.20907	0	0	1	1	0.01302267	0.002294275	0.000760644	0.005140872	0.04693455	0.04693455	0.005022383	0.005022383	0.35812	0.164743	0.139594	0.337542
3080	-71.96153	-87.83777	15.87624	0	0	1	1	0.009918873	0.003350605	0.004304937	0.000876691	0.04693455	0.04693455	0.01541364	0.01541364	0.611323	0.00319379	0.238291	0.147192
3081	-64.76685	-87.34453	22.57767	0	0	1	0	0.009918873	0.002984715	0.001152627	0.0003614626	0.04693455	0.04693455	0.01002994	0.0006215764	0.611323	0.00319379	0.238291	0.147192
3082	-72.86414	-87.58828	14.72414	0	1	1	0	0.01030409	0.008459265	0.001152627	0.001152627	0.05411788	0.05411788	0.01002994	0.003325549	0.434767	0.0022714	0.45828	0.104682
3083	-73.86832	-87.62795	13.75962	0	1	1	1	0.01030409	0.00167385	0.0003737396	0.0003737396	0.04332008	0.04332008	0.007697561	0.007697561	0.15335	0.00340228	0.686448	0.1568
3084	-64.16139	-87.26085	23.09946	0	1	0	0	0.01008528	0.0003880296	0.0005536318	0.0005536318	0.04532918	0.001420864	0.008137393	0.003104739	0.113058	0.00250835	0.506087	0.378346
3085	-70.13212	-93.50748	23.37537	0	1	0	1	0.01008528	0.0003880296	0.0004075561	0.0004075561	0.0191695	0.001419702	0.00643368	0.00643368	0.0366045	0.0014243	0.747137	0.214835
3086	-74.59702	-86.76766	12.17064	1	0	1	1	0.007174939	0.007174939	0.0004075561	0.004140589	0.05053932	0.05053932	0.01019601	0.01019601	0.0366045	0.0014243	0.747137	0.214835
3087	-70.32668	-85.38465	15.05797	0	0	1	1	0.007174939	0.003784183	0.0003082553	0.004352975	0.05053932	0.05053932	0.01932016	0.01932016	0.0366045	0.0014243	0.747137	0.214835
3088	-74.223	-85.04434	10.82134	0	1	1	1	0.007174939	0.001758157	0.001515205	0.001515205	0.05053932	0.05053932	0.01918889	0.01918889	0.0746972	0.00136799	0.717595	0.20634
3089	-69.83973	-84.44204	14.60231	0	1	1	0	0.007174939	0.001758157	0.0006922178	0.0006922178	0.0580023	0.0580023	0.01882186	0.001636752	0.0555612	0.00101753	0.789942	0.15348
3090	-70.15933	-83.55612	13.39679	0	0	1	1	0.008256757	0.0007282273	0.001207548	0.001891542	0.06984316	0.06984316	0.01305465	0.01305465	0.065628	0.00100669	0.781522	0.151844
3091	-65.89444	-89.21543	23.32099	0	0	1	0	0.01188582	0.001393306	0.001207548	0.002241652	0.03139976	0.03139976	0.009848193	0.009775665	0.179685	0.00275625	0.40182	0.415738
3092	-66.49974	-84.75473	18.25499	0	0	1	0	0.006655999	0.001393306	0.0002944344	0.003648581	0.05406242	0.05406242	0.01343372	0.01724136	0.265158	8.71078e-05	0.440982	0.293773
3093	-61.50657	-88.26395	26.75738	0	0	0	0	0.006655999	0.0006351961	0.0002944344	0.003865278	0.03067294	0.02015225	0.01518796	0.0001686643	0.265158	8.71078e-05	0.440982	0.293773
3094	-73.00557	-88.18163	15.17606	0	1	1	1	0.005676337	0.0006351961	0.002155751	0.002155751	0.03067294	0.03067294	0.01612701	0.01612701	0.196567	8.93798e-05	0.501909	0.301435
3095	-71.76728	-91.05871	19.29144	1	0	0	1	0.005676337	0.005676337	0.002155751	0.00297867	0.03067294	0.0009969532	0.01878346	0.01878346	0.189765	8.62867e-05	0.48454	0.325609
3096	-76.37502	-90.47445	14.09944	1	0	1	1	0.004577052	0.004577052	0.003042221	0.004349889	0.03067294	0.03067294	0.01878346	0.01878346	0.223794	0.000102671	0.576544	0.199559
3097	-65.10334	-88.52918	23.42584	0	0	1	0	0.005330759	0.001024129	0.001543571	0.005446123	0.03067294	0.03067294	0.0208882	0.002246443	0.017532	0.000129954	0.72975	0.252588
3098	-75.163	-89.53733	14.37434	1	0	1	1	0.005234954	0.005234954	0.00137249	0.006684916	0.03067294	0.03067294	0.01588782	0.01588782	0.017532	0.000129954	0.72975	0.252588
3099	-73.37649	-87.5937	14.2172	0	1	1	0	0.005234954	0.005700115	0.003755487	0.003755487	0.05191317	0.05191317	0.01588782	0.007797522	0.0418253	0.000310024	0.0204209	0.937444
3100	-80.84403	-93.57209	12.72806	1	1	1	1	0.004366808	0.004366808	0.002190712	0.002190712	0.0268655	0.0268655	0.006309767	0.006309767	0.0418253	0.000310024	0.0204209	0.937444
3101	-75.963	-93.7801	17.81709	1	0	1	1	0.004366808	0.004366808	0.0003377687	0.004224941	0.02492102	0.02492102	0.006309767	0.006309767	0.041695	0.000309059	0.0234721	0.934524
3102	-69.32672	-90.7756	21.44888	0	0	1	0	0.003222746	0.008098063	0.0002881575	0.008172715	0.04757846	0.04757846	0.006309767	0.004790612	0.0246186	0.00209766	0.159311	0.813973
3103	-76.82075	-89.92153	13.10079	0	1	1	1	0.003094427	0.007855697	0.0008479669	0.0008479669	0.04757846	0.04757846	0.007761371	0.007761371	0.0467769	0.00398569	0.302702	0.646536
3104	-64.9171	-86.90158	21.98448	0	0	1	0	0.003094427	1.362208e-05	0.000900656	0.001604397	0.04556401	0.04556401	0.01826796	0.005951766	0.0467769	0.00398569	0.302702	0.646536
3105	-65.27896	-88.22257	22.9436	0	1	0	0	0.003094427	1.341e-05	0.001697521	0.001697521	0.04556401	7.978815e-05	0.01826796	0.001193492	0.0309978	0.122811	0.381206	0.464985
3106	-69.82725	-86.46754	16.64029	0	1	1	0	0.006810894	0.003212823	0.001697521	0.001697521	0.04556401	0.04556401	0.01822794	0.0009156868	0.039936	0.158224	0.202776	0.599064
3107	-72.36803	-84.72521	12.35718	0	1	1	0	0.009820914	0.003212823	0.0008844061	0.0008844061	0.06354197	0.06354197	0.01822794	0.005240497	0.152579	0.187951	0.195074	0.464396
3108	-72.5907	-85.24732	12.65662	0	0	1	1	0.008037431	0.004570027	0.0008844061	0.003953951	0.06354197	0.06354197	0.01822794	0.01822794	0.219831	0.270795	0.157297	0.352077
3109	-81.18591	-86.42813	5.242226	1	1	1	1	0.008037431	0.008037431	0.0008844061	0.0008844061	0.06354197	0.06354197	0.01008847	0.01008847	0.277388	0.102469	0.175885	0.444259
3110	-73.11299	-86.91555	13.80256	0	1	1	1	0.008037431	0.0005476151	0.001361212	0.001361212	0.03510001	0.03510001	0.01807744	0.01807744	0.144273	0.090567	0.372501	0.392658
3111	-68.42474	-87.80502	19.38029	0	0	1	1	0.008037431	0.0002050465	0.001361212	0.006295709	0.03510001	0.03510001	0.009756491	0.009756491	0.115271	0.0723607	0.297619	0.51475
3112	-63.35922	-88.3534	24.99419	0	0	0	1	0.008531199	0.0001007186	0.002065196	0.002170083	0.03510001	0.000221561	0.00999238	0.00999238	0.130332	0.099541	0.336505	0.433622
3113	-69.49904	-92.11944	22.6204	0	1	1	0	0.008531199	0.0001241494	0.002065196	0.002065196	0.01917805	0.01917805	0.01003742	0.002286212	0.0410641	0.109758	0.371046	0.478131
3114	-72.11066	-87.549	15.43834	0	1	1	1	0.008531199	8.689786e-05	0.002065196	0.002065196	0.03304625	0.03304625	0.01003742	0.01003742	0.0120233	0.0321366	0.815846	0.139994
3115	-64.60179	-88.9335	24.33171	0	0	1	0	0.005992805	0.0006380936	0.002065196	0.008044376	0.03304625	0.03304625	0.01003742	0.002146422	0.00268954	0.433115	0.53288	0.0313158
3116	-75.31431	-89.05822	13.74391	1	1	1	0	0.003939935	0.003939935	0.0008669032	0.0008669032	0.04059164	0.04059164	0.01143077	0.006629977	0.00583657	0.641188	0.306615	0.0463602
3117	-69.76611	-91.41731	21.65119	0	1	1	0	0.004595904	0.0009279316	0.0008669032	0.0008669032	0.0223921	0.0223921	0.01143077	0.007552543	0.0466429	0.548633	0.351567	0.053157
3118	-67.04027	-88.05136	21.01109	0	0	1	0	0.0113173	0.0009279316	0.003139208	0.0003130153	0.03931528	0.03931528	0.01115479	0.01479722	0.0364457	0.428689	0.274706	0.260159
3119	-72.1496	-86.12375	13.97414	0	0	1	1	0.0113173	0.002789725	0.002029752	0.003027925	0.05149276	0.05149276	0.02102193	0.02102193	0.0564875	0.114519	0.42577	0.403223
3120	-74.00349	-88.03328	14.02979	1	0	1	0	0.0113173	0.0113173	0.002029752	0.0007048225	0.05232158	0.05232158	0.02102193	0.003965728	0.0784894	0.159125	0.591607	0.170779
3121	-80.50162	-89.03905	8.537427	1	1	1	1	0.007634645	0.007634645	0.001531761	0.001531761	0.03789141	0.03789141	0.01664569	0.01664569	0.137159	0.391556	0.172851	0.298434
3122	-69.34628	-86.26187	16.91559	0	0	1	1	0.004977853	0.00202909	0.002481095	0.0006688811	0.05154612	0.05154612	0.0131511	0.0131511	0.187091	0.170054	0.235777	0.407077
3123	-74.25623	-85.98402	11.7278	0	1	1	1	0.007480521	0.001843143	0.002481095	0.002481095	0.05154612	0.05154612	0.01164064	0.01164064	0.189185	0.160767	0.238416	0.411632
3124	-68.49214	-86.70134	18.20921	0	1	1	0	0.007480521	0.001387134	0.0005416758	0.0005416758	0.04176175	0.04176175	0.01164064	0.004642823	0.201229	0.107338	0.253594	0.437838
3125	-72.68764	-88.67729	15.98964	0	1	1	1	0.005129323	0.001387134	0.001060781	0.001060781	0.0334967	0.0334967	0.009539516	0.009539516	0.17305	0.0356836	0.218082	0.573183
3126	-76.3231	-90.79278	14.46967	1	1	0	1	0.005129323	0.005129323	0.0002579056	0.0002579056	0.0334967	0.001102138	0.01932171	0.01932171	0.577819	0.0526603	0.321836	0.0476846
3127	-69.24437	-88.82494	19.58057	0	1	1	0	0.005129323	0.0007046182	0.0005568301	0.0005568301	0.0334967	0.0334967	0.01164628	0.008076515	0.440008	0.278602	0.245078	0.0363118
3128	-78.04219	-95.45208	17.40989	1	1	1	0	0.005129323	0.005129323	0.001900571	0.001900571	0.02707238	0.02707238	0.004024916	0.004362324	0.688387	0.00721373	0.24759	0.0568093
3129	-77.45027	-96.87265	19.42238	1	1	0	0	0.005269202	0.005269202	0.006349381	0.006349381	0.02707238	0.01624658	0.004024916	0.001552635	0.0824176	0.0212417	0.729059	0.167282
3130	-78.79487	-90.27866	11.48379	1	1	1	1	0.005269202	0.005269202	0.0007562623	0.0007562623	0.02707238	0.02707238	0.01375226	0.01375226	0.188783	0.0187794	0.644547	0.147891
3131	-63.99099	-87.76268	23.77169	0	1	0	0	0.005269202	4.340804e-05	0.0007562623	0.0007562623	0.03315411	0.002945005	0.01905909	0.003946803	0.236878	0.0235637	0.55399	0.185568
3132	-76.95136	-90.01646	13.0651	1	1	1	0	0.004457073	0.004457073	0.003014412	0.003014412	0.03315411	0.03315411	0.01905909	0.007657376	0.18563	0.0184658	0.434136	0.361768
3133	-72.05761	-91.16348	19.10587	1	0	1	0	0.004457073	0.004457073	0.001135124	0.006097829	0.03162374	0.03162374	0.008383791	0.01062801	0.518886	0.0516168	0.416702	0.0127954
3134	-75.68043	-90.83609	15.15566	1	0	1	1	0.004457073	0.004457073	0.002845047	0.004379664	0.03162374	0.03162374	0.01207836	0.01207836	0.518886	0.0516168	0.416702	0.0127954
3135	-63.65655	-89.35258	25.69603	0	0	1	0	0.003424586	6.434816e-05	0.002845047	0.0009598867	0.03162374	0.03162374	0.01207836	0.003170599	0.0530624	0.101593	0.82016	0.0251841
3136	-75.90545	-92.33036	16.42491	1	0	1	1	0.002238558	0.002238558	0.002845047	0.001905739	0.03162374	0.03162374	0.009510606	0.009510606	0.203713	0.0329052	0.666697	0.0966848
3137	-72.86057	-89.26494	16.40437	0	1	0	1	0.002529026	0.001590986	0.002183132	0.002183132	0.04986299	0.002817392	0.0187948	0.0187948	0.140014	0.217268	0.43523	0.207488
3138	-77.95426	-88.07551	10.12125	1	0	1	1	0.01061978	0.01061978	0.001926331	0.002977162	0.04986299	0.04986299	0.0187948	0.0187948	0.0290359	0.245305	0.491395	0.234264
3139	-68.98539	-87.0983	18.11292	0	1	1	0	0.005527569	0.0002010184	0.00169124	0.00169124	0.04986299	0.04986299	0.007014154	0.003708351	0.0336347	0.284158	0.539244	0.142963
3140	-76.69636	-86.9744	10.27803	0	1	1	1	0.005340475	0.0002907729	0.002786286	0.002786286	0.04986299	0.04986299	0.02500374	0.02500374	0.27142	0.219251	0.399022	0.110308
3141	-78.84897	-88.674	9.825031	1	1	0	1	0.00601581	0.00601581	0.00206163	0.00206163	0.05149717	0.01762934	0.008671509	0.008671509	0.210207	0.206919	0.497445	0.0854301
3142	-70.25558	-86.83154	16.57596	0	1	1	0	0.00626256	0.002688393	0.000967378	0.000967378	0.05149717	0.05149717	0.008671509	0.006709803	0.328571	0.170082	0.408888	0.0924578
3143	-68.79972	-89.98027	21.18055	0	1	0	1	0.01110977	0.0003806783	0.000967378	0.000967378	0.02596025	0.0003195919	0.01172058	0.01172058	0.328571	0.170082	0.408888	0.0924578
3144	-70.29124	-90.57919	20.28795	1	0	0	1	0.003930473	0.003930473	0.000967378	0.001446358	0.03718039	0.0003188001	0.01172058	0.01172058	0.201071	0.104083	0.250221	0.444625
3145	-73.96542	-90.03583	16.07042	0	1	1	1	0.002938901	0.00171646	0.000967378	0.000967378	0.03280811	0.03280811	0.01172058	0.01172058	0.351394	0.045633	0.408036	0.194937
3146	-69.11626	-88.92961	19.81335	0	1	0	1	0.004778407	0.001766093	0.002269903	0.002269903	0.03665801	0.0008335334	0.01197277	0.01197277	0.365753	0.0474977	0.42471	0.16204
3147	-74.26889	-89.38772	15.11883	0	1	1	1	0.003230899	0.001462973	0.002269903	0.002269903	0.03665801	0.03665801	0.01197277	0.01197277	0.402466	0.0522654	0.366963	0.178305
3148	-68.02407	-86.76892	18.74485	0	0	1	1	0.01031255	0.0001177142	0.0005246653	0.004804909	0.03665801	0.03665801	0.01197277	0.01197277	0.175678	0.0819883	0.575652	0.166682
3149	-82.22244	-90.87219	8.649748	1	1	1	1	0.0120039	0.0120039	0.0005246653	0.0005246653	0.03705363	0.03705363	0.01347882	0.01347882	0.247268	0.12323	0.394896	0.234606
3150	-74.28095	-89.51067	15.22972	1	0	1	1	0.00543386	0.00543386	0.0001946794	0.004009562	0.03705363	0.03705363	0.00826851	0.00826851	0.247268	0.12323	0.394896	0.234606
3151	-71.12013	-87.22272	16.1026	1	0	1	0	0.00543386	0.00543386	0.0001946794	0.006562027	0.05201621	0.05201621	0.01007196	0.00522577	0.026398	0.340629	0.0230369	0.609936
3152	-70.96555	-87.42692	16.46137	1	0	1	0	0.00543386	0.00543386	0.0003149246	0.007231978	0.04880378	0.04880378	0.01007196	0.00559576	0.0962967	0.142728	0.0840358	0.676939
3153	-75.76928	-87.98247	12.21319	1	1	1	0	0.00543386	0.00543386	0.001192017	0.001192017	0.04880378	0.04880378	0.009930782	0.006854591	0.338348	0.25676	0.151176	0.253716
3154	-79.13761	-90.06089	10.92327	1	1	1	1	0.004010039	0.004010039	0.002132006	0.002132006	0.03398346	0.03398346	0.009930782	0.009930782	0.187101	0.141984	0.54361	0.127306
3155	-77.14079	-86.8927	9.751906	0	1	1	1	0.004010039	0.003900125	0.0003408487	0.0003408487	0.055929	0.055929	0.02211372	0.02211372	0.189527	0.143825	0.550661	0.115986
3156	-71.68452	-86.62549	14.94097	0	0	1	1	0.008846719	0.00445415	0.0003408487	0.004080419	0.04631321	0.04631321	0.02211372	0.02211372	0.181576	0.137791	0.569513	0.11112
3157	-65.85518	-86.81026	20.95507	0	0	1	0	0.005987551	0.001651561	0.001918845	0.002981522	0.04463368	0.04463368	0.02211372	0.001998263	0.017681	0.397514	0.48933	0.0954753
3158	-72.49467	-87.37435	14.87968	0	0	1	1	0.006295148	0.001651561	0.002127573	0.009677969	0.04463368	0.04463368	0.02211372	0.02211372	0.017681	0.397514	0.48933	0.0954753
3159	-69.6699	-85.99201	16.32211	0	1	1	0	0.006295148	0.001651561	0.0006686843	0.0006686843	0.04703953	0.04703953	0.01546995	0.007124001	0.0146996	0.499106	0.406818	0.0793761
3160	-75.46056	-87.24098	11.78042	1	1	1	0	0.007605348	0.007605348	0.001827311	0.001827311	0.04703953	0.04703953	0.01546995	0.002748341	0.0087477	0.297016	0.647	0.0472365
3161	-74.43683	-87.26614	12.82931	1	0	1	1	0.007605348	0.007605348	0.001827311	0.0008979738	0.04703953	0.04703953	0.01132061	0.01132061	0.00827661	0.048434	0.612156	0.331133
3162	-75.02387	-87.15946	12.13558	1	1	1	0	0.005217742	0.005217742	0.001827311	0.001827311	0.05208838	0.05208838	0.01132061	0.002204908	0.0188437	0.110272	0.116979	0.753905
3163	-68.77383	-89.28777	20.51394	0	1	1	0	0.005124447	0.0009771105	0.001827311	0.001827311	0.03257878	0.03257878	0.01141341	0.002350251	0.505272	0.102276	0.171491	0.220961
3164	-78.36251	-91.99661	13.63409	0	1	1	1	0.009662035	0.009963646	0.001827311	0.001827311	0.03257878	0.03257878	0.01005559	0.01005559	0.505272	0.102276	0.171491	0.220961
3165	-78.06023	-95.9133	17.85307	1	0	1	0	0.004249256	0.004249256	0.01204912	0.006248389	0.03257878	0.03257878	0.01423055	0.0001355645	0.555315	0.111251	0.188475	0.144958
3166	-74.83773	-96.13625	21.29851	1	0	1	0	0.004249256	0.004249256	0.002440343	0.007406568	0.03257878	0.03257878	0.002975301	0.0001332587	0.613299	0.0967448	0.163899	0.126057
3167	-78.44383	-93.62679	15.18296	1	0	1	1	0.004249256	0.004249256	0.002440343	0.007406568	0.03622492	0.03622492	0.004906647	0.004906647	0.730126	0.0961597	0.162908	0.0108066
3168	-68.94409	-88.46791	19.52381	0	1	1	0	0.004249256	0.0004738498	0.002440343	0.002440343	0.03509262	0.03509262	0.01361481	0.004064017	0.156844	0.329446	0.476686	0.0370236
3169	-64.28962	-88.59631	24.30669	0	0	1	0	0.004794465	0.001806139	0.002440343	0.0006586426	0.03414403	0.03414403	0.01361481	0.00465526	0.156844	0.329446	0.476686	0.0370236
3170	-73.93358	-88.36847	14.43489	0	1	1	1	0.009569326	0.001806139	0.002440343	0.002440343	0.03414403	0.03414403	0.01154693	0.01154693	0.0855724	0.179742	0.401718	0.332968
3171	-65.73882	-87.72132	21.9825	0	1	0	0	0.009569326	0.002308627	0.002440343	0.002440343	0.04535743	0.003733232	0.01154693	0.000452324	0.0832465	0.0905259	0.3908	0.435428
3172	-70.69104	-86.21384	15.52279	0	1	1	0	0.009569326	0.002308627	0.002337697	0.002337697	0.04990347	0.04990347	0.01154693	0.007154953	0.104309	0.11343	0.236661	0.545599
3173	-63.56879	-93.57171	30.00292	0	0	0	0	0.009871787	0.002308627	0.004634395	0.001050523	0.01953999	0.002858655	0.01771198	0.001092044	0.0876622	0.429686	0.48175	0.000901324
3174	-67.44183	-92.41216	24.97033	0	1	0	0	0.01089278	0.002308627	0.00136616	0.00136616	0.02083389	0.003141505	0.01078101	0.008993651	0.0876622	0.429686	0.48175	0.000901324
3175	-64.22556	-92.95683	28.73127	0	0	0	0	0.01089278	0.002308627	0.0004087143	0.0005549379	0.02083389	0.003134572	0.01078101	0.01742739	0.265187	0.409376	0.324579	0.00085872
3176	-69.79281	-90.15384	20.36103	0	0	1	1	0.01089278	0.003312518	0.0003413247	0.0004310096	0.02981497	0.02981497	0.01035335	0.01035335	0.195009	0.30104	0.50332	0.000631471
3177	-71.18872	-87.98006	16.79134	0	1	0	1	0.006927441	0.0004666949	0.0003413247	0.0003413247	0.03578596	0.0227506	0.009292819	0.009292819	0.0726416	0.346801	0.57983	0.000727461
3178	-75.28003	-89.71868	14.43864	1	1	1	0	0.006927441	0.006927441	0.003038499	0.003038499	0.03578596	0.03578596	0.01269572	0.00103765	0.0726416	0.346801	0.57983	0.000727461
3179	-73.56385	-87.84915	14.2853	0	1	1	1	0.007417687	0.00142456	0.003038499	0.003038499	0.03578596	0.03578596	0.01269572	0.01269572	0.209918	0.157525	0.631764	0.000792619
3180	-64.5736	-88.87623	24.30263	0	0	1	0	0.005685286	0.00142456	0.003038499	0.002224588	0.03578596	0.03578596	0.009161006	0.004817005	0.40494	0.0377771	0.556585	0.000698297
3181	-76.03367	-90.14088	14.1072	1	1	1	0	0.005685286	0.005685286	0.003038499	0.003038499	0.03675354	0.03675354	0.009161006	0.00674281	0.288513	0.183156	0.524946	0.00338557
3182	-69.41747	-88.08376	18.6663	0	0	1	1	0.00793121	0.002314534	0.0004029139	0.004688435	0.03675354	0.03675354	0.01274933	0.01274933	0.127745	0.638326	0.23243	0.00149903
3183	-65.92699	-87.76103	21.83405	0	0	1	0	0.008530867	0.0006127731	0.0004916675	0.006281249	0.03675354	0.03675354	0.01274933	0.01083794	0.132108	0.66013	0.206212	0.00155023
3184	-70.46353	-87.73716	17.27363	0	1	1	0	0.008530867	0.001237295	0.002014356	0.002014356	0.03971954	0.03971954	0.01274933	0.008554718	0.141342	0.653107	0.204018	0.00153374
3185	-72.64375	-89.64664	17.00289	0	0	0	1	0.008530867	0.0004482412	0.002014356	0.01624674	0.03971954	0.0279012	0.009030947	0.009030947	0.0323258	0.667071	0.20838	0.0922237
3186	-78.19426	-89.75178	11.55752	1	1	1	0	0.008530867	0.008530867	0.002332681	0.002332681	0.03971954	0.03971954	0.01721526	0.008167144	0.0346739	0.715525	0.223516	0.0262855
3187	-77.75428	-89.73247	11.97819	1	1	1	0	0.007119509	0.007119509	0.002332681	0.002332681	0.03971954	0.03971954	0.01721526	0.007172239	0.0519606	0.771992	0.136657	0.0393902
3188	-70.80549	-89.22872	18.42323	1	0	1	0	0.008711333	0.008711333	0.001037396	0.00024859	0.03971954	0.03971954	0.01151007	0.005003397	0.00939765	0.189623	0.0422203	0.758759
3189	-70.75547	-87.47332	16.71785	0	1	1	0	0.008512806	0.003085511	0.001055905	0.001055905	0.03971954	0.03971954	0.01151007	0.01210135	0.00425509	0.31352	0.0587701	0.623455
3190	-70.33661	-88.13393	17.79732	0	0	1	1	0.01038307	0.004089155	0.001055905	0.003052804	0.03971954	0.03971954	0.01151007	0.01151007	0.00396629	0.360112	0.0547813	0.58114
3191	-65.64948	-87.2238	21.57432	0	0	1	0	0.01038307	0.004089155	0.0005401134	0.004504421	0.03971954	0.03971954	0.01807734	0.0004293607	0.0401781	0.0662877	0.58607	0.307464
3192	-77.46291	-93.77027	16.30737	1	0	0	1	0.00595745	0.00595745	0.0007823324	0.02291076	0.03971954	7.650447e-05	0.008886608	0.008886608	0.060621	0.101262	0.374212	0.463905
3193	-75.80143	-88.47655	12.67512	1	1	1	0	0.004404972	0.004404972	0.002677617	0.002677617	0.03971954	0.03971954	0.02008055	0.002690077	0.0140656	0.0234953	0.854802	0.107637
3194	-71.90934	-90.02124	18.1119	1	1	0	0	0.006119543	0.006119543	0.001205483	0.001205483	0.03971954	0.0007557536	0.01963393	0.0005769202	0.0379346	0.0633665	0.288763	0.609936
3195	-80.40227	-90.97328	10.57101	1	1	1	1	0.001728893	0.001728893	0.001205483	0.001205483	0.03521219	0.03521219	0.01392469	0.01392469	0.0310324	0.233786	0.236223	0.498959
3196	-66.67545	-93.13387	26.45842	0	0	0	0	0.001728893	0.001841227	0.001205483	0.004629995	0.03521219	0.01656956	0.01233433	0.005821089	0.0379892	0.286196	0.0650013	0.610814
3197	-70.08148	-89.12296	19.04148	0	0	1	1	0.002553912	0.0008408222	0.0004966527	0.005793243	0.03521219	0.03521219	0.01779705	0.01779705	0.0379892	0.286196	0.0650013	0.610814
3198	-76.02279	-89.39306	13.37028	1	1	1	0	0.006233819	0.006233819	0.0004966527	0.0004966527	0.03521219	0.03521219	0.01911303	0.004540713	0.0393699	0.296598	0.0310185	0.633014
3199	-67.81942	-88.38434	20.56492	0	0	1	1	0.005848478	0.001675791	0.0009540333	0.001631291	0.03521219	0.03521219	0.008657907	0.008657907	0.0968373	0.230133	0.486962	0.186067
3200	-78.6389	-97.65196	19.01307	1	1	0	1	0.005657637	0.005657637	0.0009540333	0.0009540333	0.01502875	0.003020941	0.008657907	0.008657907	0.0610706	0.56378	0.164204	0.210945
3201	-81.7701	-96.42307	14.65297	1	1	1	1	0.004081456	0.004081456	0.0009540333	0.0009540333	0.01502875	0.01502875	0.008657907	0.008657907	0.0231666	0.213865	0.43285	0.330118
3202	-67.66016	-95.88604	28.22587	0	1	0	0	0.004081456	0.002129697	0.0009540333	0.0009540333	0.01502875	0.001444445	0.008657907	0.007399381	0.0242104	0.223501	0.452352	0.299936
3203	-73.91923	-93.97458	20.05535	0	1	1	0	0.01101082	0.001288946	0.0009540333	0.0009540333	0.01501064	0.01501064	0.01309395	0.01553608	0.0242104	0.223501	0.452352	0.299936
3204	-69.27613	-90.102	20.82587	0	1	1	0	0.01101082	0.001288946	0.0009540333	0.0009540333	0.02367561	0.02367561	0.01309395	0.002463684	0.0304452	0.281058	0.673641	0.0148554
3205	-69.9588	-91.95915	22.00035	1	0	1	0	0.005364112	0.005364112	0.000832129	0.001110686	0.02367561	0.02367561	0.01309395	0.001692463	0.018443	0.564482	0.408076	0.00899903
3206	-69.11952	-90.98571	21.86619	0	0	1	1	0.005364112	0.003318211	0.000832129	0.0002523278	0.02367561	0.02367561	0.01309395	0.01309395	0.0200908	0.36532	0.444536	0.170054
3207	-75.80066	-92.04882	16.24816	1	1	1	0	0.005364112	0.005364112	0.001089155	0.001089155	0.02367561	0.02367561	0.01636209	0.002643761	0.336002	0.247545	0.301223	0.11523
3208	-69.63339	-91.02358	21.39018	0	1	0	1	0.0063794	0.001817627	0.001089155	0.001089155	0.0208743	0.002736571	0.01636209	0.01636209	0.224724	0.110412	0.587795	0.0770682
3209	-60.26487	-87.75219	27.48731	0	0	0	0	0.0063794	0.00153688	0.001089155	0.003347942	0.05224913	0.001464974	0.00702845	0.0003614916	0.207711	0.102054	0.619001	0.0712337
3210	-70.53091	-90.57669	20.04578	0	0	1	1	0.007515237	0.00153688	0.001800253	0.0009320927	0.02352079	0.02352079	0.02164394	0.02164394	0.105944	0.0520529	0.315725	0.526278
3211	-74.01405	-90.42696	16.41291	0	1	1	1	0.00801543	0.00153688	0.001800253	0.001800253	0.02352079	0.02352079	0.013319	0.013319	0.234181	0.19959	0.365312	0.200917
3212	-73.44542	-89.53374	16.08832	0	0	1	1	0.01448173	0.00153688	0.001800253	0.01148897	0.03649013	0.03649013	0.0137882	0.0137882	0.037223	0.301309	0.426757	0.234711
3213	-69.84067	-88.38778	18.54711	0	1	0	1	0.01328681	0.0009061804	0.0009755985	0.0009755985	0.03519565	0.0009452059	0.01421228	0.01421228	0.0459076	0.204938	0.483329	0.265825
3214	-70.27599	-88.6032	18.32721	0	1	1	0	0.003751704	0.002420702	0.001141266	0.001141266	0.03842576	0.03842576	0.01062741	0.01041271	0.0396224	0.313791	0.417156	0.229431
3215	-74.50595	-89.233	14.72705	0	1	1	1	0.003751704	0.003889434	0.001141266	0.001141266	0.03842576	0.03842576	0.01062741	0.01062741	0.0520693	0.412364	0.234064	0.301503
3216	-64.70941	-86.55024	21.84083	0	0	1	0	0.003751704	0.002270121	0.001141266	7.428146e-05	0.05178787	0.05178787	0.01506792	0.00212539	0.0869933	0.0182236	0.391055	0.503728
3217	-71.08498	-84.81558	13.7306	0	1	1	0	0.006426598	0.004335453	0.001141266	0.001141266	0.06382834	0.06382834	0.01506792	0.002272922	0.0468033	0.00980451	0.672381	0.271011
3218	-68.0431	-90.97852	22.93542	0	1	0	0	0.006426598	0.00244235	0.004903918	0.004903918	0.03719517	0.003421543	0.007470852	0.008096978	0.00557303	0.0151218	0.697977	0.281328
3219	-63.14838	-87.82246	24.67408	0	0	0	0	0.008464039	0.003042899	0.004903918	0.001009786	0.05752313	0.004027863	0.009433266	0.001144416	0.00557303	0.0151218	0.697977	0.281328
3220	-72.75256	-90.08607	17.33352	1	0	0	0	0.002527642	0.002527642	0.004903918	0.0006221927	0.05752313	0.01745872	0.009433266	0.009531815	0.0104146	0.0282589	0.557348	0.403979
3221	-81.2028	-89.19653	7.993727	0	1	1	1	0.002527642	0.002937789	0.004903918	0.004903918	0.06259171	0.06259171	0.02338959	0.02338959	0.0104146	0.0282589	0.557348	0.403979
3222	-80.25307	-91.55058	11.29751	1	1	0	1	0.004165458	0.004165458	0.0041198	0.0041198	0.03907826	0.007166847	0.02292242	0.02292242	0.0181928	0.0493641	0.226752	0.705691
3223	-73.70918	-87.96732	14.25814	1	0	1	1	0.004165458	0.004165458	0.001051436	0.0002819055	0.0457664	0.0457664	0.009252562	0.009252562	0.017393	0.129517	0.178424	0.674666
3224	-72.22383	-88.50425	16.28042	1	0	1	0	0.006190112	0.006190112	0.003639721	0.0004248985	0.0457664	0.0457664	0.009252562	0.01321364	0.0169134	0.125946	0.134471	0.72267
3225	-79.87079	-93.10039	13.2296	1	0	1	1	0.006190112	0.006190112	0.005763493	0.003930963	0.02870821	0.02870821	0.02180834	0.02180834	0.0986546	0.141034	0.15058	0.609732
3226	-81.85361	-91.20583	9.352219	1	1	1	1	0.007729803	0.007729803	0.00079648	0.00079648	0.02870821	0.02870821	0.02180834	0.02180834	0.0986546	0.141034	0.15058	0.609732
3227	-79.37422	-91.51928	12.14506	0	1	1	1	0.01540966	0.001115687	0.00079648	0.00079648	0.0318451	0.0318451	0.02343782	0.02343782	0.0364048	0.683031	0.0555659	0.224999
3228	-68.96542	-92.32065	23.35523	0	0	0	1	0.01540966	0.001115687	0.00079648	0.002073547	0.0318451	0.007841282	0.008474333	0.008474333	0.0897747	0.218349	0.137026	0.55485
3229	-73.82279	-92.13666	18.31387	0	1	1	0	0.01540966	0.004922755	0.0008065367	0.0008065367	0.0318451	0.0318451	0.009799425	0.004072381	0.151183	0.396137	0.230756	0.221925
3230	-81.78029	-91.99658	10.21629	1	1	1	1	0.01107392	0.01107392	0.0005806641	0.0005806641	0.0318451	0.0318451	0.01060061	0.01060061	0.0624675	0.244548	0.353252	0.339733
3231	-68.49784	-88.5962	20.09835	0	1	0	1	0.009673899	0.001646659	0.001407688	0.001407688	0.0318451	0.001474542	0.01060061	0.01060061	0.0283302	0.110907	0.706687	0.154075
3232	-69.65645	-86.42628	16.76983	0	1	1	0	0.004511666	0.001373487	0.001407688	0.001407688	0.04770227	0.04770227	0.01060061	0.01009216	0.0283302	0.110907	0.706687	0.154075
3233	-65.56478	-88.1136	22.54882	0	0	1	0	0.004592612	0.0005944963	0.001407688	0.007540763	0.03399313	0.03399313	0.0178024	0.006237697	0.0379706	0.148647	0.606877	0.206505
3234	-72.05121	-88.31334	16.26213	0	1	1	1	0.004592612	0.0003305511	0.001407688	0.001407688	0.03177277	0.03177277	0.01095117	0.01095117	0.0413844	0.162012	0.66144	0.135164
3235	-74.47366	-92.35552	17.88186	1	1	0	0	0.004592612	0.004592612	0.004917111	0.004917111	0.03977064	0.002787639	0.01095117	0.006307812	0.0553676	0.481069	0.16994	0.293623
3236	-64.23194	-87.14219	22.91025	0	0	1	0	0.004592612	0.000765389	0.001838219	0.001666445	0.03977064	0.03977064	0.01218483	0.009283267	0.02602	0.226078	0.609914	0.137988
3237	-68.38445	-87.65544	19.27098	0	1	1	0	0.004592612	0.001339425	0.001646612	0.001646612	0.03977064	0.03977064	0.01218483	0.001846989	0.0110175	0.452087	0.437838	0.0990572
3238	-74.259	-89.79836	15.53937	1	0	1	1	0.004041103	0.004041103	0.001646612	0.002618792	0.03269773	0.03269773	0.01218483	0.01218483	0.0716699	0.278575	0.429154	0.220602
3239	-75.35574	-90.70947	15.35373	1	1	0	1	0.003222384	0.003222384	0.001646612	0.001646612	0.03765109	0.001731396	0.009999451	0.009999451	0.0716699	0.278575	0.429154	0.220602
3240	-73.72566	-92.22561	18.49995	0	1	0	1	0.003222384	0.006757247	0.0004860722	0.0004860722	0.03765109	0.008280817	0.009393884	0.009393884	0.162432	0.251339	0.387196	0.199033
3241	-73.52365	-92.8671	19.34344	1	0	1	0	0.005893525	0.005893525	0.001135923	0.00168095	0.02045984	0.02045984	0.01488603	0.01691035	0.162432	0.251339	0.387196	0.199033
3242	-71.38174	-92.47317	21.09144	1	0	0	1	0.005893525	0.005893525	0.001135923	0.001104037	0.02295083	0.004997652	0.01488603	0.01488603	0.180232	0.278881	0.429625	0.111262
3243	-75.25231	-91.95391	16.7016	1	0	1	0	0.01102307	0.01102307	0.001135923	0.0007517372	0.03106848	0.03106848	0.01488603	0.01721295	0.440364	0.190385	0.293295	0.0759557
3244	-76.99334	-89.75207	12.75872	1	1	0	1	0.003009905	0.003009905	0.001913278	0.001913278	0.04490822	0.004377095	0.01488603	0.01488603	0.440364	0.190385	0.293295	0.0759557
3245	-68.36817	-87.31624	18.94807	0	0	1	1	0.006314597	0.000995921	6.029341e-05	0.001052128	0.03991925	0.03991925	0.01488603	0.01488603	0.440364	0.190385	0.293295	0.0759557
3246	-74.09458	-89.31113	15.21655	1	0	1	1	0.004127377	0.004127377	0.0001292639	0.0008360047	0.03991925	0.03991925	0.01002373	0.01002373	0.341417	0.144038	0.221895	0.292651
3247	-65.97125	-92.47064	26.49939	0	0	0	1	0.004127377	0.001030618	6.357927e-05	0.000442155	0.03384073	4.307471e-05	0.01002373	0.01002373	0.39834	0.168053	0.0921624	0.341444
3248	-64.48335	-90.16234	25.67899	0	0	1	0	0.004127377	0.002003415	2.709972e-05	0.0007248522	0.03384073	0.03384073	0.01002373	0.003516799	0.0716537	0.209695	0.301063	0.417588
3249	-74.46019	-89.52445	15.06426	0	1	1	1	0.004127377	0.001553071	2.406497e-05	2.406497e-05	0.03307578	0.03307578	0.01712641	0.01712641	0.0716537	0.209695	0.301063	0.417588
3250	-68.83709	-87.82277	18.98567	0	0	1	1	0.004127377	0.001463966	2.406497e-05	0.008212942	0.03813186	0.03813186	0.01105289	0.01105289	0.172858	0.0806477	0.341327	0.405167
3251	-66.43731	-89.25698	22.81967	0	0	1	0	0.004127377	0.002567203	0.0003840471	0.006131305	0.03813186	0.03813186	0.007189324	0.01208841	0.1775	0.0828132	0.350492	0.389195
3252	-74.04433	-88.2527	14.20837	1	0	1	1	0.005831968	0.005831968	0.001375029	0.002935927	0.03813186	0.03813186	0.0125277	0.0125277	0.181265	0.00812787	0.413158	0.39745
3253	-74.6365	-88.52632	13.88982	1	1	1	0	0.005919036	0.005919036	0.001375029	0.001375029	0.03813186	0.03813186	0.0125277	0.004670945	0.154516	0.154495	0.352189	0.3388
3254	-72.32197	-89.90794	17.58597	1	0	1	0	0.009351365	0.009351365	0.0006830538	0.004019957	0.03813186	0.03813186	0.01402859	0.00480467	0.0772985	0.577026	0.176187	0.169489
3255	-69.5543	-87.62897	18.07467	0	0	1	1	0.00923862	0.001556555	0.0007385169	0.004529974	0.03813186	0.03813186	0.01402859	0.01402859	0.456033	0.238516	0.155685	0.149766
3256	-74.02461	-91.25903	17.23442	0	0	1	1	0.00923862	0.001556555	0.004326036	0.01219949	0.03813186	0.03813186	0.007577847	0.007577847	0.642923	0.0501378	0.156444	0.150496
3257	-72.76561	-90.30641	17.5408	0	1	1	0	0.00923862	0.001556555	0.00573762	0.00573762	0.03813186	0.03813186	0.01074443	0.005868776	0.240001	0.37497	0.233082	0.151947
3258	-63.91629	-88.08258	24.16629	0	0	1	0	0.00923862	0.001155993	0.0005653643	0.0005118015	0.03483178	0.03483178	0.01074443	0.005868776	0.208126	0.32517	0.349835	0.116868
3259	-68.03978	-85.81982	17.78004	0	1	1	0	0.00923862	0.0004867609	0.0006484705	0.0006484705	0.04748958	0.04748958	0.01147121	0.0005747668	0.265391	0.08187	0.303513	0.349226
3260	-75.34891	-85.89907	10.55016	0	1	1	1	0.007638166	0.0003116001	0.003922	0.003922	0.05401245	0.05401245	0.01584344	0.01584344	0.265391	0.08187	0.303513	0.349226
3261	-71.32252	-88.87624	17.55372	0	1	0	1	0.008238144	0.0008390627	0.003922	0.003922	0.04378209	0.005668791	0.008753879	0.008753879	0.265391	0.08187	0.303513	0.349226
3262	-73.97934	-90.89708	16.91774	0	1	1	0	0.00313407	0.005952436	0.003922	0.003922	0.04378209	0.04378209	0.0110178	0.007033408	0.358815	0.11069	0.0771523	0.453342
3263	-75.56354	-88.47283	12.90929	1	0	1	1	0.00313407	0.00313407	0.003922	6.081436e-05	0.05071132	0.05071132	0.01040509	0.01040509	0.0956069	0.0294936	0.0205573	0.854342
3264	-81.16175	-89.60911	8.447356	1	1	1	1	0.001390588	0.001390588	0.00171171	0.00171171	0.05071132	0.05071132	0.01040509	0.01040509	0.212543	0.0256802	0.0178993	0.743878
3265	-74.04472	-86.78398	12.73926	0	0	1	1	0.003994823	0.007345245	0.0008934597	0.00203222	0.07407216	0.07407216	0.01040509	0.01040509	0.334865	0.0404596	0.0282007	0.596475
3266	-72.42782	-91.10769	18.67987	0	1	1	0	0.00484799	0.003008376	0.00210002	0.00210002	0.03184478	0.03184478	0.01428754	0.008673606	0.545851	0.35469	0.045969	0.0534898
3267	-76.16413	-89.14535	12.98122	1	1	1	0	0.006781841	0.006781841	0.00210002	0.00210002	0.04276776	0.04276776	0.01428754	0.001884695	0.173213	0.599631	0.10499	0.122167
3268	-70.10195	-88.70396	18.60201	0	1	0	0	0.0164757	0.001048651	0.00210002	0.00210002	0.05657217	0.0001492072	0.01428754	0.004111545	0.173213	0.599631	0.10499	0.122167
3269	-66.56883	-89.33466	22.76583	0	0	0	1	0.006713899	0.001048651	0.00210002	0.00689883	0.04136296	0.0001491558	0.01265398	0.01265398	0.173213	0.599631	0.10499	0.122167
3270	-75.27011	-88.64526	13.37515	0	1	1	1	0.006713899	0.002737672	0.00210002	0.00210002	0.04136296	0.04136296	0.01265398	0.01265398	0.52254	0.34628	0.0606303	0.0705498
3271	-89.34586	-90.1206	0.7747449	1	1	1	1	0.002200785	0.002200785	0.00210002	0.00210002	0.07460883	0.07460883	0.02919693	0.02919693	0.485771	0.372946	0.0652994	0.0759828
3272	-80.51556	-93.21031	12.69476	1	1	1	0	0.002200785	0.002200785	0.000145145	0.000145145	0.03626527	0.03626527	0.02837515	0.002474066	0.26832	0.379954	0.227264	0.124461
3273	-63.65246	-88.27816	24.6257	0	0	1	0	0.004923002	0.00107094	4.532424e-05	0.004460298	0.03626527	0.03626527	0.01089427	0.002629829	0.32503	0.257388	0.33327	0.0843123
3274	-70.6453	-90.05661	19.41131	0	1	0	1	0.004923002	0.001491536	6.466349e-05	6.466349e-05	0.03626527	0.00693971	0.01089427	0.01089427	0.32503	0.257388	0.33327	0.0843123
3275	-66.53795	-88.70229	22.16433	0	0	1	0	0.004923002	0.001491536	0.002405887	0.01052323	0.03626527	0.03626527	0.014663	0.004096158	0.0479763	0.193247	0.582477	0.1763
3276	-73.72832	-88.31463	14.58631	0	1	1	1	0.004923002	0.0008107655	0.002796867	0.002796867	0.035447	0.035447	0.014663	0.014663	0.0184386	0.368267	0.223862	0.389432
3277	-74.86383	-89.78077	14.91694	1	1	0	1	0.004923002	0.004923002	0.002105381	0.002105381	0.03348939	0.001568635	0.014663	0.014663	0.0540436	0.114382	0.787108	0.0444658
3278	-72.37911	-87.42358	15.04448	0	1	1	1	0.006965506	0.001016775	0.001680896	0.001680896	0.03169368	0.03169368	0.014663	0.014663	0.0540436	0.114382	0.787108	0.0444658
3279	-60.87471	-89.867	28.9923	0	0	0	0	0.006965506	0.001016775	0.001680896	0.003607187	0.03169368	0.002867212	0.01154667	0.005470891	0.442369	0.286216	0.160149	0.111266
3280	-64.18225	-88.26025	24.078	0	0	0	0	0.01069838	0.001072548	0.001950098	0.0008248567	0.05828552	0.002863693	0.01154667	0.005717188	0.850919	0.0252919	0.0223237	0.101465
3281	-67.81169	-86.77266	18.96097	0	0	1	0	0.01069838	0.0002271252	0.001950098	0.006863519	0.05828552	0.05828552	0.01018014	0.004486741	0.735033	0.0218474	0.054668	0.188452
3282	-67.43591	-88.28891	20.85299	0	0	0	1	0.01069838	3.685848e-05	0.004198838	0.001136761	0.05263003	0.002988032	0.01018014	0.01018014	0.735033	0.0218474	0.054668	0.188452
3283	-74.79904	-91.45899	16.65996	0	1	1	1	0.005118945	3.685848e-05	0.004198838	0.004198838	0.02724443	0.02724443	0.01018014	0.01018014	0.197106	0.0117184	0.0686873	0.722489
3284	-62.35669	-90.3691	28.01241	0	0	0	0	0.008217326	4.503238e-05	0.004198838	0.0001848162	0.03438843	0.01215747	0.007158163	0.00410378	0.612688	0.0364257	0.161961	0.188925
3285	-68.56125	-90.03015	21.4689	0	0	0	1	0.008217326	4.503238e-05	0.004198838	0.006462909	0.03438843	0.005500599	0.0195329	0.0195329	0.612688	0.0364257	0.161961	0.188925
3286	-69.80164	-87.62407	17.82243	0	0	1	1	0.005308703	0.0002447518	0.001324218	0.004718455	0.03853793	0.03853793	0.0195329	0.0195329	0.617816	0.0367306	0.154947	0.190506
3287	-73.25796	-87.77572	14.51776	0	1	1	1	0.005308703	0.001149231	0.001596715	0.001596715	0.03853793	0.03853793	0.01244017	0.01244017	0.577671	0.0343439	0.144878	0.243106
3288	-73.48492	-89.06639	15.58147	0	1	1	1	0.006248697	0.0009961793	0.001596715	0.001596715	0.03853793	0.03853793	0.005568711	0.005568711	0.0776763	0.0377771	0.617138	0.267408
3289	-76.10933	-90.57206	14.46273	0	1	1	1	0.006881013	0.006641483	0.001596715	0.001596715	0.03853793	0.03853793	0.005690359	0.005690359	0.0776763	0.0377771	0.617138	0.267408
3290	-75.95262	-85.70425	9.751634	0	1	1	1	0.008341425	0.004942376	0.001596715	0.001596715	0.05399094	0.05399094	0.01742384	0.01742384	0.0307366	0.212703	0.244202	0.512358
3291	-71.1945	-85.29918	14.10468	0	0	1	1	0.008341425	0.0005084476	0.001596715	0.007666845	0.05399094	0.05399094	0.01882835	0.01882835	0.0247733	0.36545	0.196824	0.412953
3292	-69.29464	-89.14806	19.85342	0	0	1	1	0.002933445	0.0002505391	0.001444007	0.003781854	0.04134845	0.04134845	0.00829125	0.00829125	0.0247733	0.36545	0.196824	0.412953
3293	-71.65234	-91.78366	20.13132	0	1	0	1	0.002933445	0.002640938	0.001444007	0.001444007	0.03391759	0.004422621	0.01110134	0.01110134	0.0247733	0.36545	0.196824	0.412953
3294	-76.80904	-94.37148	17.56244	1	1	1	0	0.002933445	0.002933445	0.001444007	0.001444007	0.02203521	0.02203521	0.01110134	0.004102929	0.0193805	0.503583	0.153978	0.323059
3295	-69.55222	-89.49555	19.94333	0	0	1	1	0.002927513	0.002180541	0.001484399	0.0008543739	0.03898708	0.03898708	0.01110134	0.01110134	0.0193805	0.503583	0.153978	0.323059
3296	-69.71524	-89.61075	19.89551	0	0	1	1	0.002927513	0.0005361785	0.003628332	0.0009523127	0.03898708	0.03898708	0.01077737	0.01077737	0.0278759	0.285979	0.221474	0.464671
3297	-60.35818	-89.80732	29.44914	0	0	0	0	0.002927513	0.0003105233	0.001888899	0.0006888327	0.04126391	0.001454162	0.01077737	0.002924442	0.0278759	0.285979	0.221474	0.464671
3298	-63.62137	-87.14622	23.52485	0	1	0	0	0.007858027	0.0003424165	0.001888899	0.001888899	0.04126391	0.001451386	0.01062978	0.003151419	0.0481075	0.493535	0.39214	0.0662171
3299	-70.96392	-88.38792	17.424	0	1	0	0	0.007858027	0.0003424165	0.006459706	0.006459706	0.06717497	0.002657576	0.009451959	0.007538491	0.118568	0.457003	0.363113	0.0613156
3300	-77.22746	-93.74904	16.52158	1	0	1	0	0.007341646	0.007341646	0.006459706	0.004797493	0.02858697	0.02858697	0.02089364	0.009028414	0.0827802	0.482259	0.383181	0.0517798
3301	-77.08094	-92.75836	15.67742	1	0	1	1	0.007341646	0.007341646	0.003355358	0.004797493	0.0252143	0.0252143	0.01169058	0.01169058	0.105188	0.0392531	0.486903	0.368656
3302	-74.31567	-91.1911	16.87544	0	0	1	1	0.006446719	0.002317676	0.006637081	0.001892852	0.05441628	0.05441628	0.003373194	0.003373194	0.200327	0.0147133	0.646775	0.138184
3303	-73.92701	-89.852	15.925	0	1	1	0	0.009676857	0.002317676	0.001825312	0.001825312	0.05441628	0.05441628	0.003373194	0.008911067	0.11826	0.00868573	0.79148	0.0815743
3304	-85.38295	-92.52557	7.142621	1	1	1	1	0.009676857	0.009676857	0.004215555	0.004215555	0.05441628	0.05441628	0.003373194	0.003373194	0.253394	0.0209577	0.528819	0.196829
3305	-68.22072	-90.63206	22.41134	0	0	0	1	0.006174241	0.00166905	0.0009758353	0.0009069766	0.05224133	0.007614599	0.003373194	0.003373194	0.0303324	0.116283	0.736279	0.117105
3306	-71.55516	-86.02995	14.47479	0	1	1	0	0.006174241	0.005765278	0.0009758353	0.0009758353	0.05224133	0.05224133	0.01753291	0.006126057	0.0303324	0.116283	0.736279	0.117105
3307	-70.5933	-91.81329	21.21999	0	1	0	1	0.006174241	0.0005310935	0.004130768	0.004130768	0.02140948	0.0004541701	0.01753291	0.01753291	0.0394709	0.151317	0.656826	0.152387
3308	-67.83797	-92.51097	24.673	0	0	1	0	0.006645115	0.006168623	0.002214058	0.0003766143	0.02140948	0.02140948	0.01753291	0.005671514	0.105379	0.252876	0.520895	0.12085
3309	-68.23268	-88.60331	20.37063	0	0	1	0	0.006645115	0.006168623	0.002214058	0.002707334	0.03773343	0.03773343	0.01341953	0.01574009	0.103233	0.268088	0.51029	0.118389
3310	-64.8824	-88.29141	23.40901	0	0	0	0	0.006645115	0.0012602	0.003415709	0.002229013	0.03773343	0.01433463	0.01341953	0.01774799	0.10473	0.280644	0.3383	0.276326
3311	-67.59338	-86.21938	18.626	0	0	1	1	0.006645115	0.0009462333	0.0003181529	0.002407382	0.04518907	0.04518907	0.009564527	0.009564527	0.19246	0.0818158	0.621685	0.10404
3312	-77.97173	-91.39445	13.42272	0	1	1	1	0.01338322	0.0009462333	0.005171078	0.005171078	0.02929168	0.02929168	0.01650424	0.01650424	0.196874	0.0836923	0.635943	0.0834906
3313	-65.27559	-86.30677	21.03118	0	0	1	0	0.006933359	0.0009462333	0.0001083389	0.01105572	0.04097651	0.04097651	0.01650424	0.00432539	0.196874	0.0836923	0.635943	0.0834906
3314	-75.196	-90.5378	15.3418	1	1	1	0	0.004077555	0.004077555	0.0004483262	0.0004483262	0.03129476	0.03129476	0.01324474	0.005253764	0.394085	0.161583	0.277208	0.167124
3315	-78.98302	-90.12054	11.13752	1	1	1	1	0.003842974	0.003842974	0.0004483262	0.0004483262	0.03129476	0.03129476	0.01324474	0.01324474	0.243831	0.0183768	0.171516	0.566277
3316	-69.82256	-89.13696	19.3144	0	0	1	1	0.009067447	0.00390872	0.001267367	0.001427756	0.03129476	0.03129476	0.01416671	0.01416671	0.292801	0.0220676	0.205963	0.479168
3317	-77.66776	-87.31719	9.649435	0	1	1	1	0.009067447	0.00965788	0.001267367	0.001267367	0.05272047	0.05272047	0.01416671	0.01416671	0.393973	0.0260644	0.0140085	0.565954
3318	-69.96107	-85.43798	15.47692	0	1	1	0	0.009067447	0.002125457	0.002032593	0.002032593	0.05495175	0.05495175	0.01416671	0.0007394646	0.118861	0.0369848	0.0203899	0.823764
3319	-75.12097	-85.29457	10.17359	0	1	1	1	0.00909465	0.003762826	0.002032593	0.002032593	0.05495175	0.05495175	0.01403983	0.01403983	0.0336504	0.0328759	0.657023	0.27645
3320	-69.23927	-85.77609	16.53681	0	1	0	1	0.00909465	0.0003745083	0.002032593	0.002032593	0.05495175	0.001076891	0.00949036	0.00949036	0.171487	0.0230858	0.611302	0.194126
3321	-70.39048	-86.46264	16.07216	0	0	1	1	0.00909465	0.003810382	0.002048974	0.0005602033	0.05495175	0.05495175	0.009212655	0.009212655	0.245963	0.0696601	0.0986118	0.585765
3322	-66.53927	-91.13183	24.59256	0	0	1	0	0.008196558	0.003810382	0.002849389	0.0004247884	0.02588715	0.02588715	0.01317034	0.006139858	0.216566	0.0613346	0.206343	0.515756
3323	-70.12434	-90.39092	20.26658	0	1	1	0	0.006112112	0.001002178	0.002133878	0.002133878	0.02588715	0.02588715	0.01317034	0.007380564	0.431186	0.0445321	0.149816	0.374466
3324	-65.25397	-90.42422	25.17025	0	0	1	0	0.006112112	0.001002178	0.002133878	0.002810263	0.02588715	0.02588715	0.01317034	0.006058132	0.659699	0.0681324	0.229213	0.0429559
3325	-64.57027	-89.99912	25.42884	0	0	1	0	0.005053275	0.001210042	0.0006696747	0.0008678813	0.02588715	0.02588715	0.01248616	0.009520687	0.402379	0.119651	0.402533	0.0754372
3326	-70.58387	-90.79745	20.21358	0	1	0	1	0.005053275	0.001181099	0.001499693	0.001499693	0.02588715	0.01240758	0.009960613	0.009960613	0.348314	0.237938	0.348447	0.0653012
3327	-72.04776	-91.12376	19.076	1	0	1	0	0.005053275	0.005053275	0.001499693	0.00289061	0.02588715	0.02588715	0.0148104	0.01235531	0.345685	0.133132	0.456375	0.0648083
3328	-75.26741	-88.29315	13.02574	1	0	1	1	0.002644235	0.002644235	0.0003561778	0.002985355	0.046771	0.046771	0.0148104	0.0148104	0.353188	0.114317	0.46628	0.066215
3329	-70.2391	-89.67096	19.43186	0	1	0	0	0.004311941	0.001223676	0.000365863	0.000365863	0.03038583	0.005670088	0.01892241	0.02911823	0.381435	0.142336	0.404718	0.0715107
3330	-73.82695	-88.28134	14.45439	0	1	1	1	0.004311941	0.001811861	0.002564379	0.002564379	0.04143913	0.04143913	0.009267912	0.009267912	0.0834798	0.0311513	0.0781879	0.807181
3331	-74.42985	-88.13672	13.70688	0	1	1	1	0.006905074	0.003539222	0.002519686	0.002519686	0.04143913	0.04143913	0.009267912	0.009267912	0.140427	0.0125182	0.0748043	0.77225
3332	-69.89302	-88.16538	18.27236	0	1	1	0	0.008329593	0.002959716	0.001522455	0.001522455	0.04143913	0.04143913	0.008461074	0.004381332	0.20236	0.106601	0.114764	0.576275
3333	-78.80459	-91.23787	12.43328	1	1	1	0	0.01318219	0.01318219	0.001522455	0.001522455	0.04143913	0.04143913	0.01172582	0.003086513	0.207531	0.266328	0.286721	0.23942
3334	-64.84529	-88.40546	23.56018	0	0	1	0	0.004999791	0.0009113882	0.002226666	0.002298885	0.03532301	0.03532301	0.01172582	0.008898211	0.207566	0.266372	0.286601	0.239461
3335	-70.35142	-89.48033	19.12891	0	1	1	0	0.004999791	0.0008405574	0.003872276	0.003872276	0.03532301	0.03532301	0.01172582	0.005432312	0.0979883	0.396742	0.241138	0.264131
3336	-59.43837	-85.97931	26.54095	0	0	0	0	0.008310854	0.0001829727	0.0005979579	0.0002280102	0.04724658	0.0006717474	0.01676605	0.004866534	0.122262	0.519853	0.300873	0.0570125
3337	-70.58721	-86.35997	15.77276	0	1	1	0	0.008310854	0.003461712	0.0003212457	0.0003212457	0.04724658	0.04724658	0.01934939	0.002701393	0.13919	0.119099	0.342531	0.39918
3338	-76.4657	-90.39	13.9243	0	1	1	1	0.002981559	0.004993261	0.0006197951	0.0006197951	0.04724658	0.04724658	0.006586154	0.006586154	0.182097	0.155813	0.139856	0.522233
3339	-80.91084	-89.53271	8.621864	1	1	1	1	0.006545649	0.006545649	0.002842126	0.002842126	0.04724658	0.04724658	0.006586154	0.006586154	0.191135	0.0668353	0.156742	0.585287
3340	-80.89383	-95.34598	14.45215	0	1	1	1	0.003254875	0.009907712	0.002842126	0.002842126	0.02435644	0.02435644	0.01904689	0.01904689	0.225195	0.279189	0.197391	0.298225
3341	-76.57072	-91.99521	15.42448	0	1	1	1	0.004156348	0.003008486	0.002842126	0.002842126	0.02479236	0.02479236	0.01904689	0.01904689	0.262524	0.325467	0.393369	0.0186414
3342	-77.34995	-94.98191	17.63196	1	1	0	1	0.004156348	0.004156348	8.939645e-05	8.939645e-05	0.01778218	0.0001444785	0.01904689	0.01904689	0.215306	0.266928	0.502478	0.0152885
3343	-81.69895	-93.14913	11.45018	1	1	1	1	0.006500666	0.006500666	0.0007051927	0.0007051927	0.02078961	0.02078961	0.01904689	0.01904689	0.20897	0.442556	0.327548	0.0209261
3344	-70.69337	-90.51021	19.81684	0	0	1	1	0.003440595	0.002262274	0.001180019	0.004594855	0.02860599	0.02860599	0.01817503	0.01817503	0.106451	0.202678	0.253741	0.43713
3345	-71.54676	-92.81631	21.26955	1	0	1	0	0.003440595	0.003440595	0.001180019	0.006932788	0.02920121	0.02920121	0.007592136	0.001602416	0.106451	0.202678	0.253741	0.43713
3346	-71.56065	-86.98532	15.42466	1	0	1	0	0.004324871	0.004324871	0.001180019	0.001409002	0.05471526	0.05471526	0.02039597	0.001357193	0.26503	0.166709	0.208709	0.359552
3347	-75.6317	-87.1958	11.5641	1	1	1	0	0.004324871	0.004324871	0.002034887	0.002034887	0.05471526	0.05471526	0.01233194	0.00252089	0.0226977	0.276625	0.175271	0.525407
3348	-75.71277	-86.25035	10.53758	1	1	1	0	0.004324871	0.004324871	0.0007466781	0.0007466781	0.05471526	0.05471526	0.01233194	0.009680867	0.0311327	0.00780185	0.240405	0.72066
3349	-65.0164	-88.0195	23.00311	0	1	0	0	0.004324871	0.0003587384	0.002024352	0.002024352	0.04406974	0.0006280145	0.01259116	0.00557336	0.0329007	0.00824491	0.254058	0.704797
3350	-67.12623	-87.25345	20.12722	0	0	1	0	0.01534883	0.0009565073	0.0002567167	0.005124931	0.04406974	0.04406974	0.01259116	0.007672638	0.0324372	0.022216	0.250479	0.694868
3351	-63.6679	-85.85711	22.18921	0	0	1	0	0.007859937	0.001080751	0.0002567167	0.006257222	0.04456072	0.04456072	0.01259116	0.001619262	0.0324372	0.022216	0.250479	0.694868
3352	-71.65236	-89.4836	17.83123	0	1	0	1	0.006439483	0.0003771202	0.003111125	0.003111125	0.03344913	0.01364856	0.01259116	0.01259116	0.496651	0.0115573	0.130305	0.361487
3353	-76.37149	-90.5122	14.14071	0	1	1	1	0.006439483	0.005272388	0.003437299	0.003437299	0.03344913	0.03344913	0.01259116	0.01259116	0.47582	0.0530158	0.124839	0.346325
3354	-72.17396	-91.83449	19.66052	1	0	1	0	0.004593577	0.004593577	0.003437299	0.006116094	0.03344913	0.03344913	0.009388492	0.00216831	0.527669	0.0321565	0.230112	0.210062
3355	-75.2693	-89.74358	14.47428	1	0	1	1	0.006721851	0.006721851	0.003437299	0.001692568	0.03804121	0.03804121	0.009388492	0.009388492	0.0696358	0.0633397	0.453259	0.413766
3356	-68.46194	-90.70338	22.24145	0	0	1	0	0.006721851	0.005966084	0.003437299	0.005030939	0.03804121	0.03804121	0.009388492	0.005341124	0.0336017	0.535629	0.128957	0.301812
3357	-69.44754	-88.35688	18.90934	0	1	1	0	0.006721851	0.002393995	0.0007227528	0.0007227528	0.03804121	0.03804121	0.01521544	0.0003544714	0.0376992	0.600945	0.0227404	0.338616
3358	-71.84383	-86.92263	15.0788	0	1	1	0	0.01200052	0.002041312	0.0007227528	0.0007227528	0.04787273	0.04787273	0.01521544	0.007507934	0.0376992	0.600945	0.0227404	0.338616
3359	-75.16067	-86.92743	11.76676	0	1	1	1	0.009920834	0.002041312	0.0007227528	0.0007227528	0.04787273	0.04787273	0.014211	0.014211	0.0455277	0.725735	0.0274626	0.201275
3360	-65.92949	-89.10752	23.17803	0	0	0	0	0.009920834	0.004045343	0.0007227528	0.001394661	0.04143357	0.005322564	0.02201974	0.01324734	0.0356644	0.56851	0.238155	0.15767
3361	-68.9353	-87.82792	18.89263	0	0	1	0	0.009920834	0.004045343	0.001328717	0.003431364	0.04143357	0.04143357	0.02201974	0.01090292	0.0456144	0.4681	0.332348	0.153938
3362	-74.61406	-86.69728	12.08322	0	1	1	1	0.009920834	0.004045343	0.0010422	0.0010422	0.04587453	0.04587453	0.01207554	0.01207554	0.0607981	0.171445	0.121725	0.646032
3363	-69.91765	-85.53512	15.61747	0	1	1	0	0.007843282	0.001768564	0.0010422	0.0010422	0.04587453	0.04587453	0.01730092	0.008449937	0.0459925	0.129695	0.335603	0.48871
3364	-72.38656	-87.87983	15.49326	1	0	1	0	0.003090821	0.003090821	0.0006999359	0.006819645	0.05043182	0.05043182	0.0128414	0.009106304	0.131968	0.372138	0.219586	0.276309
3365	-76.97495	-89.06712	12.09217	1	1	0	0	0.003090821	0.003090821	0.0006999359	0.0006999359	0.06663509	0.001066061	0.009979294	0.02097321	0.526093	0.163248	0.189449	0.12121
3366	-76.08622	-91.85049	15.76427	0	1	1	1	0.003090821	0.005594358	0.0004687767	0.0004687767	0.03276934	0.03276934	0.009979294	0.009979294	0.433805	0.134611	0.331637	0.0999474
3367	-78.58439	-94.14502	15.56062	1	1	1	0	0.003090821	0.003090821	0.001012278	0.001012278	0.02096127	0.02096127	0.009979294	0.0180238	0.337665	0.104778	0.258139	0.299418
3368	-76.86749	-95.81242	18.94493	1	0	1	1	0.003090821	0.003090821	0.0004296929	0.003821331	0.01638787	0.01638787	0.009979294	0.009979294	0.205338	0.0637171	0.548865	0.18208
3369	-70.85208	-93.65081	22.79873	0	1	1	0	0.008264456	0.001559301	0.0008562394	0.0008562394	0.01638787	0.01638787	0.009979294	0.004154993	0.282994	0.094368	0.352969	0.269669
3370	-73.83854	-89.64524	15.8067	0	1	1	1	0.008264456	0.001559301	0.0005277106	0.0005277106	0.03132916	0.03132916	0.009979294	0.009979294	0.581273	0.193833	0.194047	0.0308464
3371	-76.73536	-88.43676	11.7014	0	1	1	1	0.01261396	0.001559301	0.001294678	0.001294678	0.03891671	0.03891671	0.02075786	0.02075786	0.529448	0.217824	0.218064	0.0346642
3372	-74.99491	-89.25725	14.26234	0	1	1	1	0.01261396	0.002001773	0.001294678	0.001294678	0.03650063	0.03650063	0.008082694	0.008082694	0.137721	0.132238	0.339899	0.390142
3373	-69.65872	-88.66335	19.00463	0	1	0	1	0.01261396	0.002001773	0.001294678	0.001294678	0.03650063	9.201359e-05	0.01040159	0.01040159	0.133681	0.128359	0.685614	0.0523466
3374	-68.36797	-90.58635	22.21837	0	1	0	1	0.008184632	0.0003663171	0.001294678	0.001294678	0.0261359	9.198874e-05	0.008448311	0.008448311	0.237295	0.366271	0.314887	0.0815481
3375	-78.85913	-95.70049	16.84136	1	1	1	0	0.008184632	0.008184632	0.001294678	0.001294678	0.01889811	0.01889811	0.008772874	0.0085913	0.100941	0.427134	0.251939	0.219987
3376	-80.40423	-91.20469	10.80046	1	1	1	1	0.008184632	0.008184632	0.001294678	0.001294678	0.03250662	0.03250662	0.008772874	0.008772874	0.077469	0.328752	0.193909	0.39987
3377	-79.1813	-88.04436	8.863056	1	1	1	1	0.003934761	0.003934761	0.001294678	0.001294678	0.04783856	0.04783856	0.008772874	0.008772874	0.0982442	0.148741	0.245911	0.507104
3378	-68.64294	-87.21818	18.57524	0	0	1	1	0.003934761	0.001234044	1.428426e-05	0.003566275	0.04783856	0.04783856	0.008772874	0.008772874	0.0865775	0.24983	0.216708	0.446884
3379	-69.20263	-88.78733	19.58469	0	0	1	1	0.01018953	0.001590476	6.610986e-05	0.004424897	0.03454279	0.03454279	0.008772874	0.008772874	0.0865775	0.24983	0.216708	0.446884
3380	-70.07677	-91.04071	20.96394	0	0	1	1	0.01018953	0.001590476	6.610986e-05	0.004424897	0.0266534	0.0266534	0.008772874	0.008772874	0.0517541	0.252671	0.129543	0.566031
3381	-71.2653	-89.28364	18.01834	0	1	0	0	0.01303779	0.001590476	0.001371762	0.001371762	0.04440121	0.01771979	0.01984705	0.0001153878	0.0695641	0.240711	0.0109075	0.678817
3382	-74.31106	-90.50444	16.19337	0	0	0	1	0.009230626	0.001590476	0.003903959	0.001269926	0.04440121	0.01773844	0.03038775	0.03038775	0.0531092	0.554927	0.0342673	0.357696
3383	-75.41554	-88.23378	12.81824	0	1	1	1	0.009230626	0.0006005884	0.003903959	0.003903959	0.04440121	0.04440121	0.01061774	0.01061774	0.057411	0.599876	0.037043	0.30567
3384	-76.49789	-87.70764	11.20975	0	1	1	0	0.007039217	0.001387021	0.003903959	0.003903959	0.04440121	0.04440121	0.009112416	0.04164808	0.0264908	0.195001	0.0170925	0.761415
3385	-67.59014	-90.7898	23.19966	0	1	0	0	0.004189911	0.00114184	0.003008409	0.003008409	0.04385483	0.004220835	0.009112416	0.002917702	0.101273	0.745482	0.065344	0.0879012
3386	-62.79292	-93.56232	30.7694	0	0	0	0	0.004189911	0.00114184	0.001187717	0.008763786	0.02678566	0.00171627	0.009112416	0.001786069	0.18084	0.545515	0.116682	0.156962
3387	-77.05983	-92.58294	15.52311	1	0	1	1	0.004189911	0.004189911	0.0002568846	0.0129372	0.02678566	0.02678566	0.009112416	0.009112416	0.38057	0.0435561	0.245553	0.33032
3388	-78.87092	-94.39194	15.52102	1	0	1	1	0.00766166	0.00766166	0.005099155	0.00501749	0.02678566	0.02678566	0.008730034	0.008730034	0.20071	0.343106	0.319787	0.136397
3389	-75.5951	-96.72581	21.13072	0	1	1	0	0.003247191	0.008313246	0.001387654	0.001387654	0.02678566	0.02678566	0.004568592	0.006440956	0.118043	0.352845	0.328864	0.200248
3390	-71.82014	-92.62558	20.80544	1	1	0	0	0.004596499	0.004596499	0.001387654	0.001387654	0.02678566	0.007495108	0.00833556	0.004003415	0.150422	0.3399	0.419072	0.0906064
3391	-66.64848	-88.51368	21.8652	0	0	1	0	0.01137627	0.002571648	0.001312208	0.006661748	0.03502834	0.03502834	0.0134254	0.005703555	0.0253211	0.38995	0.480781	0.103948
3392	-70.79696	-87.8527	17.05574	0	1	1	0	0.01137627	0.003646922	0.001312208	0.001312208	0.03860918	0.03860918	0.0134254	0.005682498	0.0253211	0.38995	0.480781	0.103948
3393	-69.97221	-92.98314	23.01093	0	0	1	0	0.01137627	0.003840213	0.004533277	0.001605778	0.03860918	0.03860918	0.003878278	0.005682498	0.520501	0.177727	0.281282	0.0204899
3394	-72.82919	-90.55981	17.73062	1	0	1	0	0.004497577	0.004497577	0.004533277	0.008237826	0.03860918	0.03860918	0.01256965	0.001744561	0.151468	0.163405	0.638608	0.0465192
3395	-75.68797	-89.68432	13.99635	0	1	1	1	0.004181927	0.002121202	0.004533277	0.004533277	0.03860918	0.03860918	0.01256965	0.01256965	0.159851	0.251053	0.449048	0.140048
3396	-67.78144	-90.32769	22.54626	0	0	1	0	0.01041239	0.003092903	0.0008713371	0.008779698	0.02758517	0.02758517	0.01256965	0.008872327	0.159851	0.251053	0.449048	0.140048
3397	-72.29438	-88.77205	16.47767	0	1	1	1	0.005814909	0.0009808332	0.0008713371	0.0008713371	0.02758517	0.02758517	0.01256965	0.01256965	0.0997194	0.156614	0.577475	0.166192
3398	-72.22459	-93.01225	20.78766	1	1	0	0	0.005814909	0.005814909	0.0008713371	0.0008713371	0.02758517	0.004993789	0.01256965	0.0008707545	0.117181	0.381314	0.0968715	0.404634
3399	-72.8771	-88.11364	15.23654	0	1	1	1	0.005814909	0.0006363938	0.0004669427	0.0004669427	0.03314627	0.03314627	0.01485676	0.01485676	0.0939073	0.305579	0.0776314	0.522882
3400	-64.78245	-88.95056	24.1681	0	0	1	0	0.007445504	0.00285287	0.001031147	0.003102115	0.03314627	0.03314627	0.01485676	0.00047171	0.13802	0.290702	0.0738519	0.497426
3401	-70.54702	-90.29949	19.75246	0	1	1	0	0.007445504	0.005308007	0.002851891	0.002851891	0.03314627	0.03314627	0.009261339	0.0006139943	0.15884	0.121304	0.512291	0.207565
3402	-64.35978	-88.21701	23.85723	0	1	0	0	0.008282664	0.000738173	0.002632146	0.002632146	0.03314627	0.003694611	0.01557672	0.0006139943	0.151519	0.0896034	0.48868	0.270198
3403	-70.62878	-87.62483	16.99605	0	1	0	1	0.007391973	0.0003869538	0.0002997429	0.0002997429	0.03314627	0.01759219	0.01557672	0.01557672	0.151519	0.0896034	0.48868	0.270198
3404	-64.41077	-88.25575	23.84498	0	1	0	0	0.00762498	0.0003869538	0.002068399	0.002068399	0.03314627	0.002315265	0.01557672	0.003636088	0.187704	0.180082	0.29749	0.334725
3405	-70.81069	-85.63688	14.82619	0	0	1	1	0.006833855	0.002094511	0.002068399	0.001008196	0.0533422	0.0533422	0.02145848	0.02145848	0.166075	0.159331	0.378438	0.296155
3406	-74.89559	-86.15368	11.25808	1	0	1	1	0.006833855	0.006833855	0.0005504117	0.002216064	0.0533422	0.0533422	0.01473577	0.01473577	0.138617	0.151044	0.315869	0.394469
3407	-74.58991	-85.15499	10.56508	0	1	1	1	0.009064195	0.002817666	0.000621974	0.000621974	0.05440272	0.05440272	0.01473577	0.01473577	0.308696	0.000859927	0.359655	0.33079
3408	-73.9601	-91.5225	17.5624	1	0	1	0	0.01272616	0.01272616	0.001574276	0.001666433	0.03721962	0.03721962	0.01473577	0.003232047	0.384029	0.00106978	0.203385	0.411515
3409	-70.39783	-88.05253	17.65471	0	1	1	0	0.003807629	1.886026e-05	0.001574276	0.001574276	0.03721962	0.03721962	0.01473577	0.01327018	0.303439	0.213558	0.157845	0.325157
3410	-61.1998	-87.4342	26.2344	0	0	0	0	0.007016318	1.886026e-05	0.001201539	0.001889632	0.03721962	0.02038004	0.01220715	0.0006910184	0.16013	0.130504	0.231821	0.477545
3411	-61.77973	-88.02482	26.24509	0	0	0	0	0.007016318	4.285208e-05	0.001201539	0.001592656	0.03721962	0.02034504	0.01220715	0.0009378589	0.549839	0.0699487	0.124253	0.255959
3412	-62.55814	-87.80507	25.24692	0	0	0	0	0.007016318	1.041231e-05	0.000565601	0.001461651	0.03721962	0.02033419	0.01647628	0.003188538	0.510376	0.0649283	0.115336	0.30936
3413	-68.55598	-90.95342	22.39744	0	0	1	1	0.009775056	5.147764e-05	0.000565601	0.0009691473	0.01935022	0.01935022	0.01278605	0.01278605	0.0883925	0.0427418	0.665217	0.203649
3414	-64.84142	-89.2476	24.40618	0	1	0	0	0.009775056	5.147764e-05	0.000565601	0.000565601	0.02427798	0.005727891	0.01632609	0.004820454	0.0883925	0.0427418	0.665217	0.203649
3415	-69.2199	-89.98902	20.76912	0	1	1	0	0.01045011	3.111876e-05	0.000565601	0.000565601	0.02427798	0.02427798	0.01632609	0.001160749	0.430564	0.208197	0.323112	0.0381269
3416	-67.07442	-90.74734	23.67292	0	0	0	1	0.01045011	4.70054e-05	0.006319229	0.0003870686	0.03101444	0.001624061	0.01589696	0.01589696	0.252366	0.400117	0.283119	0.0643981
3417	-64.98238	-88.71662	23.73424	0	1	0	0	0.01045011	0.0003655511	0.001531328	0.001531328	0.03101444	0.0003622598	0.01805127	0.003613148	0.461132	0.0968803	0.324318	0.11767
3418	-70.20614	-91.28133	21.07519	0	0	0	1	0.01045011	0.0003655511	0.003568985	0.006157152	0.03101444	0.02145018	0.007591657	0.007591657	0.4418	0.0928189	0.310721	0.15466
3419	-78.50031	-93.23097	14.73066	0	1	1	1	0.01379528	0.0003655511	0.004722309	0.004722309	0.03374608	0.03374608	0.005185698	0.005185698	0.4418	0.0928189	0.310721	0.15466
3420	-66.41989	-93.90074	27.48085	0	0	0	0	0.01379528	0.001367113	0.004722309	0.00396177	0.03170431	0.00112235	0.006471334	0.01034994	0.143225	0.555697	0.257988	0.0430897
3421	-75.21312	-93.78615	18.57303	0	1	1	0	0.01284301	0.000589314	0.004722309	0.004722309	0.02904839	0.02904839	0.006471334	0.01169909	0.59458	0.261847	0.123268	0.020304
3422	-75.69611	-92.90959	17.21348	1	1	1	0	0.005731503	0.005731503	0.002499595	0.002499595	0.02847036	0.02847036	0.006471334	0.0004402433	0.0749448	0.302057	0.445044	0.177955
3423	-69.26758	-90.72817	21.46059	0	1	0	1	0.005731503	0.0009309412	0.002499595	0.002499595	0.02535927	0.003618163	0.01071695	0.01071695	0.0749448	0.302057	0.445044	0.177955
3424	-62.3619	-93.19877	30.83686	0	0	0	0	0.005731503	0.0009309412	0.001761364	0.009140084	0.02448754	0.003618854	0.005770001	0.002857477	0.0631626	0.0224326	0.764427	0.149978
3425	-80.2785	-93.1529	12.8744	1	1	1	1	0.005395944	0.005395944	0.001761364	0.001761364	0.02311053	0.02311053	0.008627904	0.008627904	0.116007	0.255015	0.353524	0.275455
3426	-79.68808	-92.61623	12.92815	1	1	0	1	0.005395944	0.005395944	0.001761364	0.001761364	0.02311053	0.01903485	0.01882273	0.01882273	0.109651	0.384951	0.245033	0.260364
3427	-80.22535	-92.58876	12.3634	1	1	1	1	0.003862549	0.003862549	0.001375351	0.001375351	0.02311053	0.02311053	0.01347022	0.01347022	0.109651	0.384951	0.245033	0.260364
3428	-77.45657	-97.27012	19.81355	1	0	1	0	0.003862549	0.003862549	0.01273044	0.0001358797	0.02588654	0.02588654	0.01347022	0.002191949	0.551892	0.203521	0.118584	0.126003
3429	-78.38432	-90.55135	12.16703	1	0	1	1	0.009139308	0.009139308	0.003243822	0.0001819889	0.05408649	0.05408649	0.005827468	0.005827468	0.551892	0.203521	0.118584	0.126003
3430	-71.16505	-89.46635	18.3013	0	0	1	0	0.01114499	0.006112099	0.003243822	0.0002198644	0.05183411	0.05183411	0.006447229	0.01746281	0.351007	0.268578	0.214134	0.166281
3431	-74.88567	-86.82648	11.94082	0	1	1	1	0.004882142	0.001722155	0.003243822	0.003243822	0.05183411	0.05183411	0.01209079	0.01209079	0.200867	0.126767	0.250217	0.422149
3432	-66.68419	-89.46176	22.77757	0	0	0	1	0.01030457	0.001722155	0.003243822	0.001200127	0.03241576	0.009883113	0.01209079	0.01209079	0.318003	0.200691	0.396131	0.0851739
3433	-68.36275	-88.67658	20.31383	0	0	1	1	0.01030457	0.0007257673	0.0007611342	0.001110946	0.03042276	0.03042276	0.01209079	0.01209079	0.344261	0.217263	0.346269	0.0922068
3434	-66.87472	-89.2006	22.32588	0	1	0	0	0.01030457	0.002030203	0.0007611342	0.0007611342	0.03534392	0.0005730008	0.02423939	0.0001918217	0.347009	0.218996	0.341052	0.0929426
3435	-63.94315	-89.23363	25.29049	0	0	1	0	0.009173898	0.002030203	4.644453e-05	0.001391671	0.03534392	0.03534392	0.008361793	0.0001383643	0.215641	0.218598	0.444599	0.121161
3436	-72.82488	-92.38807	19.56319	0	0	0	1	0.009173898	0.009549334	4.644453e-05	0.008484797	0.03534392	0.01828661	0.008361793	0.008361793	0.242361	0.245685	0.37578	0.136174
3437	-78.19933	-88.31891	10.11958	1	0	1	1	0.009173898	0.009173898	0.0001937184	0.006866278	0.04727018	0.04727018	0.02068657	0.02068657	0.310203	0.314457	0.201049	0.174291
3438	-81.96651	-87.94044	5.973937	1	1	1	1	0.00851356	0.00851356	0.001896522	0.001896522	0.04727018	0.04727018	0.02068657	0.02068657	0.286916	0.145123	0.304225	0.263736
3439	-72.43884	-87.63794	15.1991	1	0	1	0	0.005064465	0.005064465	0.00208019	0.004972745	0.04727018	0.04727018	0.01626221	0.009022769	0.286916	0.145123	0.304225	0.263736
3440	-64.33297	-88.40104	24.06806	0	0	1	0	0.005065569	0.001911549	0.0005705195	0.004049861	0.03207854	0.03207854	0.01075647	0.00904612	0.0899712	0.0455077	0.781819	0.0827026
3441	-73.05061	-90.83287	17.78226	1	1	0	0	0.005065569	0.005065569	0.0002567042	0.0002567042	0.03207854	0.001944612	0.01075647	0.01979483	0.37559	0.0312248	0.53644	0.0567458
3442	-74.90861	-87.30785	12.39924	0	1	1	0	0.005334309	0.007493927	0.0002026767	0.0002026767	0.05876426	0.05876426	0.009097935	0.01979483	0.233439	0.0194071	0.615404	0.13175
3443	-70.17881	-86.19683	16.01802	0	1	1	0	0.005334309	0.002619885	0.00145964	0.00145964	0.05876426	0.05876426	0.009097935	0.002712267	0.164803	0.013701	0.434463	0.387033
3444	-72.63638	-87.60594	14.96956	0	1	1	1	0.005607246	0.000990591	0.002017411	0.002017411	0.03537119	0.03537119	0.01246196	0.01246196	0.217699	0.0128333	0.406947	0.362521
3445	-75.0305	-88.48071	13.45021	1	0	1	1	0.002756131	0.002756131	0.001010114	0.004893934	0.04343245	0.04343245	0.01304656	0.01304656	0.123895	0.125379	0.552951	0.197774
3446	-71.08988	-90.43369	19.34381	0	1	0	1	0.002756131	0.001663034	0.002154685	0.002154685	0.04343245	0.002724368	0.008233856	0.008233856	0.123895	0.125379	0.552951	0.197774
3447	-77.37138	-91.57228	14.2009	0	1	1	1	0.002070512	0.005300783	0.002154685	0.002154685	0.04097173	0.04097173	0.01034745	0.01034745	0.363096	0.0911474	0.401981	0.143776
3448	-79.95285	-89.23433	9.281477	1	1	1	1	0.002929908	0.002929908	0.002154685	0.002154685	0.04097173	0.04097173	0.01339115	0.01339115	0.362152	0.0909105	0.400936	0.146002
3449	-64.82712	-88.81047	23.98335	0	0	1	0	0.002929908	0.0009465282	0.002154685	0.0003299406	0.04097173	0.04097173	0.01339115	0.003239244	0.362152	0.0909105	0.400936	0.146002
3450	-69.27273	-91.84892	22.57618	1	0	0	0	0.001685747	0.001685747	0.002154685	0.0005080794	0.04097173	0.01137081	0.01271083	0.002610396	0.362152	0.0909105	0.400936	0.146002
3451	-74.42678	-87.75205	13.32527	1	0	1	1	0.003615046	0.003615046	0.002154685	0.000167361	0.04429017	0.04429017	0.01562661	0.01562661	0.0748871	0.131853	0.581503	0.211756
3452	-72.02568	-88.83329	16.80761	0	1	1	0	0.003615046	0.004423907	0.002154685	0.002154685	0.03934158	0.03934158	0.01358515	0.01235144	0.0683289	0.120307	0.530579	0.280786
3453	-71.24198	-88.73422	17.49225	1	0	1	0	0.003615046	0.003615046	0.002154685	0.002969563	0.03934158	0.03934158	0.01358515	0.009889577	0.0845715	0.148905	0.656703	0.10982
3454	-72.09046	-92.63573	20.54527	0	1	0	0	0.004377856	0.01248305	0.001407623	0.001407623	0.0483923	0.005707286	0.01063981	0.0006213376	0.168535	0.29674	0.315873	0.218852
3455	-72.60236	-87.61128	15.00892	1	0	1	0	0.004377856	0.004377856	0.001407623	0.007596257	0.0564104	0.0564104	0.01063981	0.005328449	0.181978	0.320408	0.341068	0.156546
3456	-75.77509	-86.33736	10.56227	0	1	1	1	0.006279564	0.005409159	0.001407623	0.001407623	0.0564104	0.0564104	0.01215165	0.01215165	0.181978	0.320408	0.341068	0.156546
3457	-65.39925	-90.42801	25.02876	0	0	1	0	0.006279564	0.004933993	0.001407623	0.0005967367	0.02799535	0.02799535	0.01298462	0.0037855	0.181978	0.320408	0.341068	0.156546
3458	-76.47069	-89.48448	13.01379	0	1	1	1	0.009701086	0.004394546	0.0007919641	0.0007919641	0.04637528	0.04637528	0.006372638	0.006372638	0.245928	0.433004	0.109511	0.211558
3459	-80.70546	-92.99727	12.2918	1	1	1	1	0.005913963	0.005913963	0.0007919641	0.0007919641	0.02215226	0.02215226	0.01337002	0.01337002	0.349894	0.186171	0.155806	0.308128
3460	-72.39399	-93.34337	20.94938	1	0	1	0	0.005931558	0.005931558	0.00268728	0.005802776	0.02215226	0.02215226	0.01300907	0.002197625	0.343717	0.182885	0.439125	0.0342721
3461	-67.11303	-87.68212	20.56909	0	1	0	0	0.005931558	0.003661008	0.00268728	0.00268728	0.04760311	0.002039109	0.01723874	0.004332202	0.284059	0.0790765	0.622046	0.0148187
3462	-65.22792	-90.29421	25.06628	0	0	1	0	0.008129384	0.0005113173	0.00403282	0.0007992235	0.03621423	0.03621423	0.005797612	0.002284148	0.450701	0.125466	0.400321	0.023512
3463	-66.80228	-91.3782	24.57592	0	0	0	1	0.008129384	0.004213924	0.0006403201	0.003293376	0.03393563	0.003580044	0.006780962	0.006780962	0.382529	0.141037	0.450004	0.0264299
3464	-61.15649	-90.92339	29.76691	0	0	0	0	0.008129384	0.003726251	0.0006403201	0.002532008	0.03393563	0.003584699	0.006780962	0.001088748	0.241202	0.173318	0.553001	0.0324793
3465	-61.17363	-87.18144	26.00781	0	0	0	0	0.006188689	0.001379251	0.0006903085	0.00617499	0.04606111	0.0006267989	0.02008542	0.0007137343	0.288274	0.0119845	0.660924	0.0388179
3466	-68.05398	-84.63754	16.58356	0	0	1	0	0.006188689	0.001928512	0.0002678156	0.001753103	0.07128375	0.07128375	0.02008542	0.004783201	0.288274	0.0119845	0.660924	0.0388179
3467	-74.35632	-86.30768	11.95137	0	0	1	1	0.01247571	0.007777694	0.0002678156	0.001479189	0.07128375	0.07128375	0.009965658	0.009965658	0.23455	0.00975097	0.724116	0.0315836
3468	-73.46108	-93.32091	19.85983	1	0	1	0	0.004447338	0.004447338	0.001459317	0.0125663	0.03017348	0.03017348	0.006136599	0.003229822	0.430715	0.0189067	0.527376	0.0230024
3469	-68.9985	-88.18546	19.18696	0	1	0	1	0.005962993	0.001213386	0.00110962	0.00110962	0.03678259	0.007689179	0.009103981	0.009103981	0.430715	0.0189067	0.527376	0.0230024
3470	-71.0761	-86.9355	15.8594	0	0	1	1	0.005962993	0.002478783	0.00110962	0.01025267	0.05198755	0.05198755	0.009103981	0.009103981	0.0839886	0.250489	0.637708	0.0278148
3471	-75.02604	-87.60728	12.58124	0	1	1	1	0.005962993	0.002478783	0.002503233	0.002503233	0.05198755	0.05198755	0.007177215	0.007177215	0.0839886	0.250489	0.637708	0.0278148
3472	-74.40676	-86.52454	12.11778	0	1	1	1	0.005962993	0.002478783	0.002503233	0.002503233	0.05198755	0.05198755	0.009828222	0.009828222	0.0937644	0.16325	0.711934	0.0310522
3473	-66.08005	-85.95292	19.87287	0	0	1	0	0.00882044	0.003200398	0.002503233	0.000309648	0.05198755	0.05198755	0.0134889	0.007165229	0.308367	0.124591	0.543343	0.0236989
3474	-67.74182	-90.55112	22.8093	0	0	0	0	0.005653779	0.006358409	0.002503233	0.01265016	0.05198755	0.001378612	0.01581219	0.003872043	0.223062	0.090125	0.393036	0.293777
3475	-75.81102	-89.0774	13.26638	1	0	1	0	0.005455764	0.005455764	0.004070343	0.01083748	0.05198755	0.05198755	0.01082794	0.0125488	0.323074	0.036472	0.569257	0.0711976
3476	-74.64539	-84.83764	10.19225	0	1	1	1	0.008024744	0.0007739353	0.001459468	0.001459468	0.06268887	0.06268887	0.01082794	0.01082794	0.440616	0.0607664	0.401517	0.097101
3477	-73.31303	-89.63877	16.32574	0	1	1	1	0.008298953	0.0001293701	0.0008817179	0.0008817179	0.02392843	0.02392843	0.01545252	0.01545252	0.527023	0.0513799	0.339495	0.0821019
3478	-68.3146	-93.77669	25.46209	0	0	0	1	0.006760955	0.001685393	0.0003500745	0.009139887	0.02097199	0.004246115	0.0123503	0.0123503	0.696279	0.0678808	0.127371	0.108469
3479	-69.37501	-94.42499	25.04999	0	0	1	0	0.006760955	0.003544885	0.001477258	0.007060091	0.02097199	0.02097199	0.01490881	0.003137971	0.266737	0.48558	0.0158443	0.231838
3480	-80.99889	-88.37924	7.380352	1	1	1	1	0.002868561	0.002868561	0.001477258	0.001477258	0.0559656	0.0559656	0.01001063	0.01001063	0.0692796	0.618869	0.0201935	0.291658
3481	-78.26479	-90.24827	11.98348	1	0	1	1	0.001182102	0.001182102	0.00207998	0.004290674	0.0559656	0.0559656	0.01001063	0.01001063	0.104156	0.456321	0.00721818	0.432305
3482	-76.42661	-92.56955	16.14294	0	1	1	0	0.001182102	0.001160597	0.002448005	0.002448005	0.03940913	0.03940913	0.02222615	0.01284774	0.104156	0.456321	0.00721818	0.432305
3483	-76.84457	-92.36526	15.52068	0	1	0	1	0.001182102	0.001160597	0.0005287878	0.0005287878	0.03940913	0.02245964	0.01809284	0.01809284	0.111609	0.317716	0.250178	0.320496
3484	-68.8695	-91.18525	22.31575	0	0	1	0	0.0009496404	0.0005800948	0.000812029	0.0008466235	0.04884939	0.04884939	0.01619501	0.005269194	0.111609	0.317716	0.250178	0.320496
3485	-83.58994	-92.49573	8.905797	1	1	1	1	0.0009496404	0.0009496404	0.002936862	0.002936862	0.04905523	0.04905523	0.008654664	0.008654664	0.183777	0.291907	0.229855	0.294461
3486	-72.7778	-91.54842	18.77062	0	0	1	1	0.0009496404	0.001096369	0.002936862	0.001550457	0.04905523	0.04905523	0.008654664	0.008654664	0.0275417	0.0708404	0.0557816	0.845836
3487	-73.71181	-94.90417	21.19236	0	1	1	0	0.001148214	0.001215654	0.002936862	0.002936862	0.03286721	0.03286721	0.009362864	0.002859894	0.0275417	0.0708404	0.0557816	0.845836
3488	-64.17191	-86.98642	22.81451	0	0	1	0	0.003783963	0.001176925	0.0007457032	0.002604786	0.04824598	0.04824598	0.01123181	0.002859894	0.0546989	0.157939	0.226338	0.561024
3489	-64.76748	-90.29768	25.5302	0	0	1	0	0.004773529	0.001176925	0.00460498	5.526284e-05	0.03089395	0.03089395	0.01123181	0.002378661	0.0517429	0.120537	0.399553	0.428166
3490	-75.15754	-97.31016	22.15262	0	1	1	0	0.01260568	0.001176925	0.00460498	0.00460498	0.01568709	0.01568709	0.007738352	0.003084915	0.0882625	0.153021	0.50723	0.251486
3491	-68.34119	-91.59062	23.24943	0	0	1	0	0.01260568	0.001176925	0.00460498	0.003026375	0.0361995	0.0361995	0.007738352	0.002809455	0.0315202	0.697528	0.181142	0.0898103
3492	-73.89858	-88.62215	14.72357	0	0	1	1	0.01260568	0.0001653605	0.000644066	0.01067342	0.04553764	0.04553764	0.01776646	0.01776646	0.0210306	0.949344	0.0111583	0.018467
3493	-69.14338	-88.7159	19.57252	0	0	1	0	0.01260568	0.000399977	0.001004007	0.003826015	0.0471391	0.0471391	0.01776646	0.006452205	0.0210306	0.949344	0.0111583	0.018467
3494	-77.41378	-87.71982	10.30604	0	1	1	1	0.01260568	0.000399977	0.002474813	0.002474813	0.04987716	0.04987716	0.01776646	0.01776646	0.0884975	0.786838	0.0469545	0.0777098
3495	-68.14603	-92.65055	24.50452	0	0	1	0	0.003746521	0.003440245	0.002474813	0.0003061523	0.02827931	0.02827931	0.01740368	0.005331347	0.17982	0.642577	0.0383457	0.139257
3496	-73.57	-93.57788	20.00788	0	1	1	0	0.003746521	0.0007710381	0.002782941	0.002782941	0.02316266	0.02316266	0.01740368	0.009299148	0.17982	0.642577	0.0383457	0.139257
3497	-66.74236	-87.89327	21.15091	0	0	1	0	0.006210333	0.001111723	0.002782941	0.001363344	0.0464092	0.0464092	0.01085229	0.01143511	0.17982	0.642577	0.0383457	0.139257
3498	-73.41535	-89.25465	15.8393	1	0	1	0	0.006210333	0.006210333	0.002782941	0.000819119	0.0464092	0.0464092	0.01085229	0.01393667	0.167353	0.667358	0.0356871	0.129602
3499	-69.87787	-89.85738	19.97952	0	1	0	0	0.01058092	0.002674635	0.002782941	0.002782941	0.04455954	0.0001461558	0.01279735	0.01332383	0.162452	0.647816	0.0639249	0.125807
3500	-63.57193	-86.85653	23.2846	0	1	0	0	0.006246023	0.0004902666	0.002782941	0.002782941	0.04455954	0.000146213	0.01298678	0.000748356	0.274528	0.171032	0.521226	0.0332146
3501	-76.41508	-87.67972	11.26464	1	0	1	1	0.007820917	0.007820917	0.0007772566	0.007909002	0.04455954	0.04455954	0.01657406	0.01657406	0.187653	0.151416	0.461447	0.199485
3502	-67.75552	-93.87984	26.12432	0	0	0	1	0.007820917	0.000939731	0.0003916875	0.009645026	0.01777102	0.006232375	0.008915933	0.008915933	0.19634	0.029828	0.540271	0.233561
3503	-72.46751	-89.06576	16.59825	0	1	0	1	0.0109477	0.0005808787	0.004692285	0.004692285	0.03728357	0.006245674	0.01691921	0.01691921	0.185587	0.0281945	0.510683	0.275536
3504	-65.53858	-87.81716	22.27858	0	0	1	0	0.0109477	0.003306775	0.001028461	0.00156149	0.03728357	0.03728357	0.01691921	0.00266736	0.0612376	0.0364472	0.168508	0.733807
3505	-67.92071	-87.81972	19.89901	0	0	1	1	0.004272194	0.001244131	0.0007330405	0.002143724	0.03728357	0.03728357	0.01211209	0.01211209	0.354166	0.0172592	0.281086	0.347488
3506	-66.24851	-86.18646	19.93795	0	0	1	0	0.007208997	0.001244131	0.004122106	0.0007753221	0.05919975	0.05919975	0.01101524	0.003537614	0.354166	0.0172592	0.281086	0.347488
3507	-72.33527	-89.90219	17.56692	0	1	0	1	0.007208997	0.003135557	0.0004393917	0.0004393917	0.02741206	0.01625735	0.01667511	0.01667511	0.379503	0.0762522	0.389726	0.154519
3508	-77.82755	-89.76854	11.941	1	0	0	1	0.007208997	0.007208997	0.002424308	0.004404183	0.04722695	0.03353395	0.008510737	0.008510737	0.603104	0.0706119	0.235913	0.0903708
3509	-73.11412	-86.29187	13.17775	0	1	1	1	0.004248475	0.0006044867	0.0007160439	0.0007160439	0.04722695	0.04722695	0.01390173	0.01390173	0.168359	0.219951	0.330192	0.281498
3510	-70.36029	-88.68493	18.32464	0	1	1	0	0.002768446	0.002097338	0.0004823808	0.0004823808	0.04722695	0.04722695	0.01293211	0.001287034	0.168359	0.219951	0.330192	0.281498
3511	-75.19437	-89.22041	14.02605	1	0	1	1	0.002768446	0.002768446	0.0004823808	0.002982162	0.04722695	0.04722695	0.008385434	0.008385434	0.114795	0.405559	0.22514	0.254506
3512	-72.47826	-90.24861	17.77035	0	0	1	1	0.003604368	0.001649208	0.004673787	0.004361608	0.0472904	0.0472904	0.008385434	0.008385434	0.504768	0.226892	0.125956	0.142385
3513	-73.94021	-93.30984	19.36963	0	1	1	0	0.01295507	0.003963693	0.000349203	0.000349203	0.02311061	0.02311061	0.0164186	0.004019664	0.198569	0.16098	0.0893659	0.551085
3514	-66.04753	-89.88233	23.83481	0	1	0	0	0.01295507	0.0002072326	0.001381683	0.001381683	0.03272137	0.0009179707	0.01130381	0.005325716	0.378903	0.149165	0.170525	0.301406
3515	-68.66893	-89.39255	20.72362	0	1	0	1	0.00608218	0.0002902837	0.001381683	0.001381683	0.03272137	0.0003254382	0.01227099	0.01227099	0.593351	0.0976627	0.111647	0.197339
3516	-65.43592	-91.3382	25.90228	0	1	0	0	0.00608218	0.002208033	0.001893137	0.001893137	0.02910311	0.0003261707	0.01140589	0.00196826	0.555048	0.155912	0.10444	0.1846
3517	-74.18153	-90.63589	16.45435	0	1	1	1	0.00608218	0.002208033	0.001893137	0.001893137	0.02636603	0.02636603	0.01140589	0.01140589	0.210013	0.276813	0.185427	0.327746
3518	-75.84575	-91.84231	15.99656	1	1	1	0	0.004449658	0.004449658	0.001893137	0.001893137	0.02636603	0.02636603	0.017409	0.0004560803	0.21683	0.253337	0.191447	0.338386
3519	-67.28552	-88.5969	21.31138	0	0	0	1	0.00510599	0.004494931	0.001893137	0.002245301	0.0479595	0.000139207	0.017409	0.017409	0.244151	0.285257	0.309884	0.160708
3520	-69.96393	-87.2612	17.29727	0	1	1	0	0.003891534	0.0005472914	0.001893137	0.001893137	0.0479595	0.0479595	0.01502578	0.003353665	0.189185	0.446168	0.240119	0.124528
3521	-71.48597	-88.55055	17.06458	1	0	1	0	0.003891534	0.003891534	0.000457983	0.0001898953	0.0479595	0.0479595	0.01502578	0.006477211	0.22502	0.530682	0.0961823	0.148116
3522	-69.035	-88.7323	19.6973	0	1	0	1	0.006279184	0.002392881	0.000669471	0.000669471	0.02949961	0.004166285	0.01593513	0.01593513	0.137083	0.0291856	0.743498	0.090233
3523	-80.62938	-86.26714	5.637758	1	1	1	1	0.006404733	0.006404733	0.000669471	0.000669471	0.05877317	0.05877317	0.01444243	0.01444243	0.465628	0.0991341	0.167673	0.267564
3524	-74.03818	-87.93378	13.8956	0	1	1	1	0.006270984	0.00247412	0.001417446	0.001417446	0.03798654	0.03798654	0.01444243	0.01444243	0.516688	0.110005	0.0764028	0.296905
3525	-70.3057	-90.1188	19.8131	0	1	0	1	0.006270984	0.00247412	0.001417446	0.001417446	0.0299948	0.003680403	0.01444243	0.01444243	0.436134	0.264454	0.183674	0.115739
3526	-74.73866	-94.26009	19.52143	0	0	1	1	0.00245249	0.01025939	0.000653853	0.002152412	0.0299948	0.0299948	0.0144356	0.0144356	0.457357	0.292573	0.153405	0.0966652
3527	-71.62528	-92.52001	20.89473	0	1	1	0	0.00687566	0.004343454	0.000653853	0.000653853	0.02225884	0.02225884	0.0144356	0.003525744	0.476864	0.2624	0.159948	0.100788
3528	-59.58709	-90.12334	30.53625	0	0	0	0	0.00687566	0.0001841527	0.0003563611	0.0004811666	0.02269523	0.002312239	0.0144356	0.008676901	0.176279	0.268435	0.518029	0.0372576
3529	-81.42334	-94.66315	13.23982	1	1	1	1	0.00687566	0.00687566	0.0003563611	0.0003563611	0.02269523	0.02269523	0.006878268	0.006878268	0.266797	0.334214	0.372218	0.0267706
3530	-77.39696	-94.34275	16.94579	1	1	0	1	0.002265845	0.002265845	0.0003563611	0.0003563611	0.02269523	0.007381429	0.01244539	0.01244539	0.266348	0.210661	0.4879	0.0350907
3531	-81.06782	-87.95186	6.884043	1	1	1	1	0.00439515	0.00439515	0.001529242	0.001529242	0.04453522	0.04453522	0.02270135	0.02270135	0.303703	0.0999588	0.556326	0.040012
3532	-68.49122	-89.09866	20.60744	0	0	1	0	0.01024266	0.002505168	0.001529242	0.001572673	0.03503155	0.03503155	0.008793508	0.02359882	0.442537	0.145654	0.353507	0.058303
3533	-71.78679	-88.52036	16.73357	0	1	1	0	0.006199521	0.002505168	0.001529242	0.001529242	0.03503155	0.03503155	0.009974329	0.02065548	0.356255	0.117255	0.284583	0.241907
3534	-65.6396	-87.75628	22.11668	0	0	1	0	0.005546318	0.001530243	0.001529242	0.0003497121	0.03503155	0.03503155	0.009974329	0.02067928	0.104134	0.05053	0.748716	0.0966193
3535	-70.35705	-89.64857	19.29152	0	1	0	1	0.01013914	0.003548436	0.0004399088	0.0004399088	0.03503155	0.003537388	0.008567229	0.008567229	0.150609	0.0479086	0.709875	0.091607
3536	-62.67123	-89.28254	26.61131	0	0	0	0	0.01013914	0.003548436	0.000973583	0.005934896	0.04264666	0.003535447	0.01076536	0.0009246787	0.193359	0.451062	0.298516	0.0570635
3537	-67.66046	-90.16907	22.50861	0	0	0	1	0.01013914	0.002493627	0.000973583	0.005816147	0.03263725	0.002840055	0.017499	0.017499	0.217566	0.507529	0.210698	0.0642071
3538	-76.37052	-93.42384	17.05332	0	1	1	1	0.004508446	0.003020048	0.003145665	0.003145665	0.02659708	0.02659708	0.007257919	0.007257919	0.217566	0.507529	0.210698	0.0642071
3539	-78.39759	-92.02449	13.6269	0	1	1	1	0.01420213	0.0006788214	0.003446668	0.003446668	0.02659708	0.02659708	0.01920381	0.01920381	0.103641	0.327411	0.213481	0.355467
3540	-71.97661	-89.46903	17.49242	1	0	0	1	0.007212415	0.007212415	0.001536217	0.0002401587	0.04302479	0.002817987	0.01672302	0.01672302	0.299964	0.393312	0.25645	0.050274
3541	-74.27165	-88.10394	13.83229	0	1	1	1	0.007212415	0.0001979386	0.003748619	0.003748619	0.04302479	0.04302479	0.00876992	0.00876992	0.21395	0.217754	0.141982	0.426314
3542	-81.22678	-89.97255	8.745767	1	1	1	1	0.006968448	0.006968448	0.003748619	0.003748619	0.04302479	0.04302479	0.00876992	0.00876992	0.21395	0.217754	0.141982	0.426314
3543	-74.09804	-93.54511	19.44707	0	1	0	1	0.007130719	0.004326796	0.003748619	0.003748619	0.02785561	0.009961912	0.007350203	0.007350203	0.324562	0.330334	0.205289	0.139815
3544	-84.10008	-96.49205	12.39197	1	1	1	0	0.007130719	0.007130719	0.009810002	0.009810002	0.02785561	0.02785561	0.01279002	0.01360605	0.292655	0.413123	0.175022	0.119201
3545	-73.87368	-90.52943	16.65575	0	0	1	1	0.01050556	0.00701958	0.003440014	0.00288843	0.03460701	0.03460701	0.01787982	0.01787982	0.014453	0.431285	0.329709	0.224553
3546	-73.48682	-89.22445	15.73763	0	1	1	1	0.01013938	0.0002346889	0.001233495	0.001233495	0.03460701	0.03460701	0.00584042	0.00584042	0.0617336	0.0492771	0.733308	0.155681
3547	-72.4967	-89.88426	17.38756	0	0	1	1	0.01485648	0.003118291	0.001233495	0.002351442	0.03460701	0.03460701	0.01598769	0.01598769	0.100128	0.0799245	0.00826441	0.811683
3548	-74.41554	-96.27025	21.85471	0	1	0	0	0.01485648	0.006536151	0.002712104	0.002712104	0.02494033	0.00584576	0.01740219	0.003846161	0.785246	0.0293578	0.0648128	0.120583
3549	-74.62612	-88.40333	13.77721	0	1	1	0	0.01485648	0.001488205	0.003161531	0.003161531	0.0509513	0.0509513	0.01965157	0.002696783	0.721325	0.026968	0.0595369	0.19217
3550	-77.96936	-88.41311	10.44376	1	1	1	0	0.003881696	0.003881696	0.003161531	0.003161531	0.04576477	0.04576477	0.01965157	0.009876749	0.290804	0.0108722	0.62085	0.0774738
3551	-70.65256	-88.11089	17.45833	0	0	0	1	0.003881696	0.002880287	0.0008151452	0.00178242	0.04576477	0.02651087	0.01965157	0.01965157	0.410208	0.0185669	0.042163	0.529062
3552	-75.6143	-90.19605	14.58175	1	0	1	1	0.003881696	0.003881696	0.0003461318	0.001358405	0.03957575	0.03957575	0.01350471	0.01350471	0.864603	0.0391338	0.0888677	0.0073951
3553	-74.44784	-85.97425	11.52641	0	1	1	1	0.007602448	0.0001834478	0.0003461318	0.0003461318	0.05211634	0.05211634	0.0158951	0.0158951	0.374042	0.396894	0.154063	0.0750009
3554	-75.11995	-86.78115	11.66121	0	1	1	1	0.007602448	0.0001834478	0.003124629	0.003124629	0.05211634	0.05211634	0.01234555	0.01234555	0.394697	0.418811	0.16257	0.0239214
3555	-67.08549	-92.01971	24.93422	0	1	0	0	0.004246332	0.0001834478	0.001002775	0.001002775	0.02649196	0.008293898	0.01151545	0.006790302	0.639384	0.288232	0.0630986	0.00928463
3556	-71.12254	-91.79963	20.67709	0	1	0	1	0.009404478	0.0001834478	0.001002775	0.001002775	0.02649196	0.006815141	0.00944029	0.00944029	0.577977	0.356592	0.0570385	0.00839292
3557	-67.7272	-93.02688	25.29967	0	1	0	0	0.009404478	0.001804015	0.0006380169	0.0006380169	0.02480558	0.002973139	0.00944029	0.007368201	0.547792	0.382393	0.0611655	0.008649
3558	-68.69491	-88.92684	20.23193	0	1	0	0	0.009404478	0.005246481	0.001160687	0.001160687	0.04433104	0.0007953557	0.01711532	0.007368201	0.434142	0.31017	0.224011	0.0316759
3559	-73.85207	-91.34506	17.49298	1	0	0	0	0.009404478	0.009404478	0.001160687	0.002617165	0.04433104	0.0007962643	0.01711532	0.02566357	0.470392	0.336069	0.122805	0.0707333
3560	-66.52973	-91.04457	24.51484	0	1	0	0	0.009404478	0.003128929	0.001160687	0.001160687	0.02831502	0.001420955	0.01711532	0.0003776535	0.357929	0.407434	0.148883	0.0857536
3561	-73.9112	-88.98435	15.07315	0	1	1	1	0.00585475	0.0007186273	0.001160687	0.001160687	0.03135608	0.03135608	0.0167657	0.0167657	0.380305	0.432905	0.158191	0.0285998
3562	-71.0026	-89.34146	18.33886	0	1	1	0	0.00585475	0.00133601	0.002901344	0.002901344	0.03135608	0.03135608	0.0167657	0.008499038	0.385745	0.297362	0.289284	0.0276093
3563	-66.1732	-89.74717	23.57398	0	0	1	0	0.00585475	0.0004862975	0.002671327	0.001666331	0.02609252	0.02609252	0.0167657	0.01276792	0.325014	0.250547	0.401177	0.0232625
3564	-68.31978	-89.10756	20.78778	0	0	1	0	0.01172036	0.001907238	0.004367131	0.001985421	0.04077762	0.04077762	0.01266015	0.008824154	0.029704	0.390431	0.0304159	0.549449
3565	-71.45593	-91.11947	19.66354	0	0	1	1	0.01172036	0.0006044082	0.002479256	0.004526615	0.03235997	0.03235997	0.007445027	0.007445027	0.029704	0.390431	0.0304159	0.549449
3566	-83.29065	-90.44425	7.153597	1	1	1	1	0.01172036	0.01172036	0.001209475	0.001209475	0.05124424	0.05124424	0.007445027	0.007445027	0.0442839	0.58207	0.0453451	0.328301
3567	-76.49025	-89.66627	13.17601	0	1	1	1	0.01172036	0.00310146	0.001209475	0.001209475	0.04413358	0.04413358	0.006542732	0.006542732	0.0442839	0.58207	0.0453451	0.328301
3568	-76.51444	-89.71716	13.20272	0	1	1	1	0.01172036	0.00310146	0.001056729	0.001056729	0.04413358	0.04413358	0.006542732	0.006542732	0.0460001	0.604628	0.0471024	0.30227
3569	-66.23581	-88.47714	22.24134	0	0	1	0	0.01014699	0.00310146	0.001056729	0.0001015675	0.04413358	0.04413358	0.008150746	0.007236551	0.0559407	0.5306	0.0572813	0.356178
3570	-68.02913	-90.23639	22.20726	0	1	0	0	0.01014699	0.004537068	0.000665915	0.000665915	0.04154478	0.0006403205	0.008150746	0.00843671	0.285912	0.1891	0.239395	0.285593
3571	-70.4963	-87.18531	16.68901	0	1	1	0	0.01046284	0.001523348	0.0003853598	0.0003853598	0.05362291	0.05362291	0.008150746	0.002004976	0.396754	0.262411	0.332204	0.00863105
3572	-75.87619	-91.74891	15.87272	0	1	1	1	0.01137903	0.0004441823	0.003445988	0.003445988	0.02866575	0.02866575	0.007347303	0.007347303	0.396754	0.262411	0.332204	0.00863105
3573	-70.55484	-91.44475	20.88991	0	0	1	1	0.003311545	0.0007709893	0.003445988	0.002629651	0.02866575	0.02866575	0.01329681	0.01329681	0.545683	0.117345	0.328439	0.00853323
3574	-72.41445	-92.33599	19.92154	1	0	1	0	0.003311545	0.003311545	0.003445988	0.003056488	0.02866575	0.02866575	0.01329681	0.005883322	0.545683	0.117345	0.328439	0.00853323
3575	-71.15607	-91.31313	20.15706	0	1	1	0	0.003311545	0.002149775	0.001977037	0.001977037	0.02866575	0.02866575	0.01587808	0.004330484	0.398628	0.0857221	0.152392	0.363258
3576	-80.15946	-88.98563	8.826173	1	1	1	1	0.002669837	0.002669837	0.001977037	0.001977037	0.04303527	0.04303527	0.01436971	0.01436971	0.462839	0.0362515	0.0644459	0.436463
3577	-77.83314	-86.17153	8.33839	1	1	1	0	0.004301624	0.004301624	0.001108181	0.001108181	0.05913414	0.05913414	0.01436971	0.01546549	0.400956	0.0404279	0.0718704	0.486746
3578	-66.85716	-87.09046	20.2333	0	0	1	0	0.007781557	7.219975e-05	0.001108181	0.0005278333	0.0523392	0.0523392	0.005746603	0.01783814	0.376043	0.100048	0.067405	0.456504
3579	-72.95587	-92.21196	19.25609	0	1	0	1	0.005734914	0.001539722	0.0008575035	0.0008575035	0.03522845	0.01235908	0.005746603	0.005746603	0.27927	0.331648	0.0500585	0.339024
3580	-70.61091	-89.55133	18.94042	0	1	0	1	0.005734914	0.001341216	0.0008575035	0.0008575035	0.03522845	0.01235908	0.007750783	0.007750783	0.0737066	0.0205594	0.263023	0.642711
3581	-77.79225	-93.05886	15.26661	0	1	1	1	0.005734914	0.008376831	0.0008575035	0.0008575035	0.03522845	0.03522845	0.004551576	0.004551576	0.0404835	0.0877235	0.35501	0.516783
3582	-69.30838	-90.91374	21.60536	0	0	1	1	0.005734914	0.0006998359	0.0008575035	0.0009560466	0.03522845	0.03522845	0.004551576	0.004551576	0.125736	0.272457	0.404809	0.196997
3583	-71.47757	-92.00396	20.52639	0	0	1	1	0.005734914	0.0006998359	0.004152319	0.003766648	0.03522845	0.03522845	0.004617915	0.004617915	0.127346	0.410041	0.263092	0.19952
3584	-76.0473	-92.44855	16.40126	1	1	1	0	0.005734914	0.005734914	0.0008047041	0.0008047041	0.03522845	0.03522845	0.005182001	0.001308925	0.0832922	0.268192	0.172078	0.476437
3585	-72.71287	-88.74259	16.02972	0	0	1	0	0.01131106	0.003872766	0.0008047041	0.0001444892	0.0499217	0.0499217	0.005182001	0.03822177	0.0586971	0.188998	0.121266	0.631039
3586	-71.50789	-87.3604	15.8525	0	0	1	1	0.0116903	0.00723854	0.000988231	0.0001798713	0.0499217	0.0499217	0.0109164	0.0109164	0.0401387	0.0917804	0.43656	0.431521
3587	-62.22561	-90.22067	27.99507	0	0	0	0	0.009395181	0.00200255	0.001599999	0.005008519	0.03104464	0.002767272	0.0109164	0.007818478	0.127018	0.101608	0.293649	0.477725
3588	-67.23105	-89.66124	22.43018	0	0	1	0	0.009395181	0.003286929	0.001351099	0.008574603	0.03104464	0.03104464	0.01062085	0.008574102	0.248498	0.151424	0.574491	0.0255872
3589	-69.95728	-89.23863	19.28134	0	1	1	0	0.005521609	0.00454021	0.002526061	0.002526061	0.03618623	0.03618623	0.01062085	0.001926882	0.248498	0.151424	0.574491	0.0255872
3590	-73.41763	-89.14699	15.72936	1	1	0	0	0.005245531	0.005245531	0.001200635	0.001200635	0.03618623	0.009486533	0.01708066	0.01243988	0.248498	0.151424	0.574491	0.0255872
3591	-74.38688	-88.43113	14.04424	0	1	1	1	0.004279094	0.003960568	0.0002347224	0.0002347224	0.03618623	0.03618623	0.01708066	0.01708066	0.0792373	0.046538	0.866361	0.00786387
3592	-65.62928	-87.93642	22.30715	0	0	1	0	0.008889819	0.000713706	0.003309104	0.005027768	0.03618623	0.03618623	0.01708066	0.002343902	0.416549	0.0294893	0.548979	0.00498302
3593	-71.49519	-87.64176	16.14656	0	0	1	1	0.008889819	0.004393201	0.003309104	0.002506166	0.04307405	0.04307405	0.01708066	0.01708066	0.295323	0.0242143	0.450778	0.229684
3594	-71.38892	-86.9746	15.58568	0	0	1	1	0.008889819	0.004013203	0.003309104	0.002056947	0.04711156	0.04711156	0.01708066	0.01708066	0.295323	0.0242143	0.450778	0.229684
3595	-75.58706	-87.16956	11.58251	1	0	1	1	0.006311011	0.006311011	0.002221481	0.003097871	0.04711156	0.04711156	0.01708066	0.01708066	0.170035	0.0592548	0.428991	0.341719
3596	-67.00568	-89.81023	22.80455	0	0	1	0	0.007165322	0.001087216	0.002221481	0.005047006	0.02513037	0.02513037	0.01708066	0.01297397	0.193345	0.0736817	0.533438	0.199535
3597	-66.12221	-88.26806	22.14585	0	0	0	1	0.004575513	0.002183493	0.003245399	0.003788701	0.0450003	0.001610059	0.01407037	0.01407037	0.144666	0.0518074	0.598784	0.204743
3598	-69.93102	-86.80127	16.87024	0	1	1	0	0.01137335	0.0002179822	0.003245399	0.003245399	0.0450003	0.0450003	0.01173992	0.003536574	0.144666	0.0518074	0.598784	0.204743
3599	-74.29519	-87.53087	13.23568	0	1	1	0	0.01137335	0.0002179822	0.005854549	0.005854549	0.06150024	0.06150024	0.01173992	0.005217419	0.109077	0.258035	0.0807433	0.552145
3600	-65.12764	-90.39859	25.27095	0	0	1	0	0.003031325	0.001482062	0.000634873	0.002000682	0.03482426	0.03482426	0.01173992	0.002884902	0.3609	0.249151	0.0718723	0.318076
3601	-75.88616	-92.14666	16.2605	1	0	1	0	0.002964542	0.002964542	0.000634873	0.01899796	0.03482426	0.03482426	0.01173992	0.009439741	0.458443	0.31649	0.0912975	0.133769
3602	-75.34225	-91.3821	16.03985	0	1	1	1	0.004413417	0.003890798	0.0006886843	0.0006886843	0.02959347	0.02959347	0.01173992	0.01173992	0.463302	0.312853	0.0922654	0.131579
3603	-65.33177	-92.37094	27.03917	0	1	0	0	0.005493377	0.003890798	0.0004798616	0.0004798616	0.02403336	0.002799904	0.009759822	2.658678e-05	0.192905	0.230933	0.479036	0.0971256
3604	-71.94631	-87.02076	15.07445	0	1	1	0	0.005493377	0.002845119	0.002266192	0.002266192	0.05148838	0.05148838	0.01456081	0.008731668	0.609192	0.115401	0.239381	0.0360253
3605	-68.39588	-84.76217	16.36629	0	0	1	1	0.006349526	0.000749603	0.001437262	0.0006640385	0.05423491	0.05423491	0.01456081	0.01456081	0.210282	0.0734025	0.377841	0.338474
3606	-66.8072	-88.45913	21.65193	0	0	1	0	0.006349526	0.004731845	0.002167874	0.004029731	0.04294209	0.04294209	0.008793179	0.008284814	0.241221	0.0842021	0.433432	0.241145
3607	-72.44979	-90.5401	18.09031	0	1	1	0	0.00279007	0.001905499	0.003879003	0.003879003	0.04294209	0.04294209	0.008793179	0.007824786	0.239166	0.0834849	0.42974	0.247609
3608	-77.89374	-96.1236	18.22986	1	0	1	1	0.003991217	0.003991217	0.003879003	0.003228756	0.01790711	0.01790711	0.008793179	0.008793179	0.274053	0.0644561	0.470319	0.191171
3609	-63.60432	-96.73575	33.13143	0	0	0	0	0.003991217	0.001788855	0.003879003	0.0009318905	0.01790711	0.0006684751	0.008793179	0.003212944	0.509888	0.109316	0.0565758	0.32422
3610	-73.34272	-93.79829	20.45557	0	1	0	1	0.003991217	0.002349103	0.001635131	0.001635131	0.0270948	0.01074177	0.008793179	0.008793179	0.524009	0.112343	0.0304485	0.333199
3611	-81.9499	-92.38325	10.43335	1	1	1	1	0.005164774	0.005164774	0.004884722	0.004884722	0.03401603	0.03401603	0.008793179	0.008793179	0.586402	0.0976171	0.0264573	0.289524
3612	-75.88499	-91.73166	15.84667	1	0	1	1	0.005753649	0.005753649	0.003713066	3.812427e-05	0.03341605	0.03341605	0.008510402	0.008510402	0.582372	0.0316664	0.00858259	0.377379
3613	-70.8781	-91.20219	20.32409	0	0	1	1	0.005753649	0.003719654	0.003910975	4.656179e-05	0.03341605	0.03341605	0.008510402	0.008510402	0.582372	0.0316664	0.00858259	0.377379
3614	-72.03839	-92.96096	20.92257	0	0	1	1	0.005753649	0.004609665	0.001812313	0.004313355	0.03009889	0.03009889	0.005346076	0.005346076	0.432284	0.0235054	0.264089	0.280121
3615	-63.46369	-88.0513	24.58762	0	0	1	0	0.005753649	0.001085694	0.001812313	0.003957752	0.03676009	0.03676009	0.009825446	0.001311805	0.0792035	0.0523973	0.421408	0.446991
3616	-68.19459	-85.74908	17.55449	0	0	1	1	0.005753649	0.001085694	0.001812313	0.001783457	0.0452613	0.0452613	0.01550315	0.01550315	0.088982	0.0488301	0.473435	0.388753
3617	-68.94643	-85.63989	16.69346	0	0	1	1	0.009362304	0.001085694	0.001812313	0.003099957	0.0452613	0.0452613	0.01550315	0.01550315	0.088982	0.0488301	0.473435	0.388753
3618	-68.23156	-89.53864	21.30708	0	0	1	1	0.009362304	0.001085694	0.0003262313	0.0006032676	0.02992602	0.02992602	0.008430972	0.008430972	0.0855544	0.0469492	0.455199	0.412298
3619	-68.38256	-86.55371	18.17115	0	1	0	0	0.009362304	0.001085694	0.003563254	0.003563254	0.05101921	0.001493476	0.01864641	0.01203902	0.118408	0.0649782	0.63	0.186613
3620	-72.0333	-87.97821	15.94492	0	1	0	1	0.003777341	0.001085694	0.003563254	0.003563254	0.05101921	0.002314538	0.01864641	0.01864641	0.245105	0.134505	0.595749	0.0246416
3621	-74.44934	-90.21572	15.76638	0	1	1	1	0.004680017	0.0006044591	0.002037095	0.002037095	0.03927279	0.03927279	0.005296181	0.005296181	0.328596	0.180321	0.458048	0.0330353
3622	-68.45597	-91.09065	22.63468	0	0	0	1	0.007310625	0.0001790852	0.002037095	0.0133269	0.03927279	0.004254983	0.005296181	0.005296181	0.0543869	0.269964	0.57097	0.104679
3623	-64.79746	-93.2534	28.45595	0	0	0	0	0.007310625	0.0007018174	0.002037095	0.01531003	0.02134517	0.003339569	0.01410064	0.003771835	0.151326	0.514642	0.284506	0.0495263
3624	-69.97428	-95.05289	25.0786	0	0	1	0	0.007310625	0.002359164	0.002037095	0.0108276	0.0200741	0.0200741	0.00568392	0.009405763	0.0544519	0.337842	0.589885	0.0178212
3625	-80.88013	-94.34136	13.46123	1	1	1	1	0.006153802	0.006153802	0.001172861	0.001172861	0.02252843	0.02252843	0.00568392	0.00568392	0.0259881	0.180584	0.689134	0.104295
3626	-73.88973	-93.51152	19.6218	0	1	1	0	0.01088978	0.008019797	0.001758426	0.001758426	0.02143104	0.02143104	0.01609791	0.001177472	0.0214562	0.323476	0.56896	0.0861073
3627	-77.48918	-88.48281	10.99363	0	1	1	1	0.01088978	0.008019797	0.0003765394	0.0003765394	0.04380695	0.04380695	0.01609791	0.01609791	0.293148	0.277355	0.37304	0.0564565
3628	-65.22914	-86.63322	21.40408	0	0	1	0	0.01088978	0.002450301	6.663972e-05	0.003383967	0.04380695	0.04380695	0.01321915	0.004900017	0.0522678	0.337152	0.453467	0.157113
3629	-63.16539	-88.12379	24.95841	0	0	0	0	0.01088978	0.0008362415	0.0007812907	0.007540858	0.04167715	0.009611623	0.01321915	0.003366847	0.0290064	0.514863	0.251655	0.204476
3630	-62.18153	-86.76992	24.58839	0	0	0	0	0.01118846	0.0006938402	0.001994282	0.001763517	0.04158593	1.866878e-05	0.01353306	0.01926172	0.0145742	0.258693	0.623995	0.102739
3631	-69.78967	-86.76689	16.97721	0	0	1	1	0.01118846	0.0007360908	0.0005585722	0.006899498	0.04158593	0.04158593	0.01353306	0.01353306	0.0271737	0.482333	0.298937	0.191556
3632	-69.28145	-87.40539	18.12394	0	1	1	0	0.01053396	0.001496865	0.0004008555	0.0004008555	0.04158593	0.04158593	0.01130443	0.002620248	0.0271737	0.482333	0.298937	0.191556
3633	-70.66655	-87.65961	16.99306	0	1	0	0	0.009165859	0.004465809	0.0004008555	0.0004008555	0.04767824	0.02604073	0.01339036	0.002806265	0.0231638	0.479202	0.254824	0.242811
3634	-74.2316	-84.9024	10.67081	0	1	1	1	0.007325601	0.001743477	0.0009164606	0.0009164606	0.05766166	0.05766166	0.01339036	0.01339036	0.0208419	0.431167	0.329519	0.218472
3635	-75.16046	-86.82998	11.66952	1	0	1	1	0.005158178	0.005158178	0.0004285488	0.001632541	0.05766166	0.05766166	0.01044393	0.01044393	0.0245663	0.508216	0.209705	0.257512
3636	-73.08987	-87.9041	14.81424	1	0	1	0	0.005158178	0.005158178	0.002413966	0.001638882	0.05477687	0.05477687	0.01044393	0.01244218	0.0329114	0.680855	0.280941	0.00529184
3637	-67.83134	-88.2828	20.45146	0	0	1	1	0.005158178	0.0008054439	0.0009970753	0.0007532704	0.03798871	0.03798871	0.00892604	0.00892604	0.0285543	0.590719	0.376135	0.00459127
3638	-68.21508	-87.81708	19.602	0	1	1	0	0.00506436	0.0005350379	0.0009970753	0.0009970753	0.03798871	0.03798871	0.01465876	0.0002437132	0.297033	0.47067	0.228639	0.00365821
3639	-67.48952	-89.07076	21.58124	0	0	1	0	0.00506436	0.00129656	0.0009970753	0.0174641	0.03798871	0.03798871	0.01465876	0.0002338448	0.414505	0.261327	0.319063	0.00510498
3640	-73.91641	-91.10656	17.19015	0	1	1	1	0.00506436	0.001262563	0.000880825	0.000880825	0.02939389	0.02939389	0.007144851	0.007144851	0.450454	0.155459	0.189805	0.204282
3641	-72.50449	-90.96389	18.4594	0	1	1	0	0.00411464	0.003730766	0.003533109	0.003533109	0.03303073	0.03303073	0.01629065	0.005323506	0.436472	0.150634	0.183913	0.228982
3642	-76.89063	-92.12941	15.23878	1	1	0	1	0.005121276	0.005121276	0.003533109	0.003533109	0.03155999	0.002688855	0.0120052	0.0120052	0.132686	0.231837	0.283057	0.35242
3643	-72.52277	-92.82912	20.30635	0	0	1	1	0.008994519	0.007442766	0.0006813605	0.004091976	0.02224292	0.02224292	0.0120052	0.0120052	0.094027	0.164289	0.491943	0.24974
3644	-71.39178	-90.03942	18.64764	0	0	1	1	0.008994519	0.001539538	0.001430967	0.01384963	0.02712683	0.02712683	0.0120052	0.0120052	0.045301	0.0791525	0.755225	0.120322
3645	-76.89063	-88.05286	11.16224	0	1	1	1	0.008994519	0.001539538	0.001430967	0.001430967	0.03732336	0.03732336	0.02893818	0.02893818	0.045301	0.0791525	0.755225	0.120322
3646	-81.11773	-90.52073	9.403	1	0	1	1	0.008994519	0.008994519	0.005317087	0.01292231	0.04889594	0.04889594	0.01215965	0.01215965	0.0388447	0.0678716	0.647589	0.245694
3647	-68.37559	-88.76832	20.39273	0	0	1	0	0.004137297	0.002361905	0.005317087	0.001355429	0.04889594	0.04889594	0.01840895	0.004025191	0.00763609	0.41426	0.127303	0.4508
3648	-69.40219	-89.00496	19.60278	0	0	1	1	0.00627054	0.0003853654	0.002145174	0.009265392	0.029516	0.029516	0.01190076	0.01190076	0.00276482	0.149992	0.68402	0.163222
3649	-73.71351	-88.86519	15.15169	1	1	1	0	0.004326831	0.004326831	0.001003031	0.001003031	0.03428392	0.03428392	0.01439521	0.001397649	0.00276482	0.149992	0.68402	0.163222
3650	-74.42612	-89.1201	14.69398	1	0	1	1	0.004326831	0.004326831	0.0009968144	0.002201962	0.03610391	0.03610391	0.01439521	0.01439521	0.0104745	0.568243	0.170778	0.250505
3651	-78.35934	-88.27451	9.915162	1	1	1	1	0.004326831	0.004326831	0.0009968144	0.0009968144	0.03610391	0.03610391	0.01439521	0.01439521	0.0346494	0.01017	0.564933	0.390247
3652	-70.49866	-87.9608	17.46214	0	1	1	0	0.01023039	0.003289422	0.0009968144	0.0009968144	0.03610391	0.03610391	0.016137	0.004970299	0.0723142	0.021225	0.0920047	0.814456
3653	-69.3005	-85.6108	16.3103	0	0	1	1	0.006154023	0.003289422	0.0009968144	7.762952e-05	0.05166151	0.05166151	0.016137	0.016137	0.0513813	0.210738	0.193919	0.543962
3654	-69.95166	-88.42503	18.47337	0	1	0	1	0.01004971	0.002229853	0.0009968144	0.0009968144	0.04049894	0.0005877434	0.01158044	0.01158044	0.420773	0.232761	0.214184	0.132282
3655	-65.87263	-87.81005	21.93741	0	1	0	0	0.009563247	0.001655562	0.0009968144	0.0009968144	0.04049894	0.003272874	0.01007504	0.009603615	0.330121	0.231904	0.381117	0.0568581
3656	-65.75667	-88.73349	22.97682	0	1	0	0	0.006723046	0.00339949	0.001563135	0.001563135	0.04049894	0.003275182	0.00910619	0.005154605	0.165713	0.28882	0.474655	0.0708128
3657	-68.11477	-86.9106	18.79583	0	1	0	0	0.006723046	0.001100179	0.002544512	0.002544512	0.05133754	0.02238782	0.00910619	0.0004369018	0.165713	0.28882	0.474655	0.0708128
3658	-69.12174	-86.35966	17.23791	0	0	1	1	0.00929365	0.000315663	0.002544512	0.0004128543	0.05133754	0.05133754	0.00910619	0.00910619	0.104148	0.399752	0.209575	0.286524
3659	-64.2236	-86.61833	22.39473	0	0	1	0	0.00929365	0.0004012473	0.002544512	0.000207849	0.05133754	0.05133754	0.00910619	0.000159225	0.090615	0.405791	0.212742	0.290852
3660	-75.0382	-86.91742	11.87922	0	1	1	1	0.007758084	0.003379011	0.002544512	0.002544512	0.05133754	0.05133754	0.00910619	0.00910619	0.0804592	0.233684	0.414066	0.271791
3661	-71.94054	-89.45308	17.51253	0	1	0	1	0.007758084	0.002888584	0.002544512	0.002544512	0.03695625	0.01218595	0.00910619	0.00910619	0.0672168	0.359809	0.345917	0.227058
3662	-80.29809	-87.10171	6.803622	1	1	1	1	0.009121507	0.009121507	0.0006945605	0.0006945605	0.05312046	0.05312046	0.01068446	0.01068446	0.108136	0.0230794	0.556501	0.312283
3663	-68.9994	-85.38582	16.38641	0	1	1	0	0.005888187	0.00146066	0.0006945605	0.0006945605	0.05763678	0.05763678	0.01013785	0.002063019	0.108136	0.0230794	0.556501	0.312283
3664	-74.56736	-88.5975	14.03013	0	1	1	1	0.005888187	0.002006266	0.002446174	0.002446174	0.0413435	0.0413435	0.01013785	0.01013785	0.607298	0.166286	0.145031	0.081385
3665	-67.22874	-87.34078	20.11204	0	0	1	0	0.005267605	0.0018943	0.001009286	0.008349058	0.0442946	0.0442946	0.01820457	0.007087913	0.458656	0.125586	0.109533	0.306224
3666	-74.34781	-87.41661	13.0688	0	1	1	1	0.003873862	0.0018943	0.001538644	0.001538644	0.04180952	0.04180952	0.01820457	0.01820457	0.175309	0.102251	0.0891813	0.633259
3667	-68.89561	-86.86934	17.97373	0	1	1	0	0.008476581	0.0006031882	0.0007212486	0.0007212486	0.03743629	0.03743629	0.01820457	0.003359591	0.286475	0.0882696	0.2128	0.412456
3668	-64.07259	-87.82137	23.74878	0	0	1	0	0.008476581	0.0005021807	0.001283898	0.001670321	0.03523075	0.03523075	0.009916182	0.008225033	0.276658	0.0852446	0.224037	0.41406
3669	-65.89604	-87.63896	21.74292	0	0	0	1	0.008476581	0.0005021807	0.002675873	0.002686981	0.03948331	0.002418412	0.02053529	0.02053529	0.227607	0.0701309	0.361615	0.340648
3670	-69.4288	-86.75231	17.32351	0	1	1	0	0.008476581	0.0001331298	0.002675873	0.002675873	0.03948331	0.03948331	0.01288101	0.008870901	0.157446	0.196934	0.50835	0.13727
3671	-70.94243	-89.01824	18.07581	1	0	1	0	0.008250843	0.008250843	0.002675873	0.001935838	0.03930383	0.03930383	0.01594109	0.0001101073	0.157446	0.196934	0.50835	0.13727
3672	-69.68399	-87.03656	17.35257	0	1	0	1	0.008250843	0.0005727306	0.002675873	0.002675873	0.03930383	0.005610208	0.01594109	0.01594109	0.166997	0.170649	0.539186	0.123168
3673	-70.08818	-93.33401	23.24584	0	1	1	0	0.008250843	0.001551947	0.001541858	0.001541858	0.01715001	0.01715001	0.007894969	0.002255056	0.116638	0.00930356	0.788034	0.0860252
3674	-67.76131	-89.06578	21.30447	0	1	0	1	0.006926529	0.0006473949	0.001541858	0.001541858	0.03194759	0.0007910936	0.007894969	0.007894969	0.317328	0.0071899	0.609001	0.0664813
3675	-72.22129	-91.58862	19.36733	0	1	0	1	0.007895592	0.006636776	0.001541858	0.001541858	0.03194759	0.004913219	0.007894969	0.007894969	0.297184	0.0067335	0.570344	0.125738
3676	-76.3443	-91.19309	14.84878	1	1	0	1	0.005816866	0.005816866	0.0005086337	0.0005086337	0.03800653	0.00491226	0.007894969	0.007894969	0.272783	0.0215515	0.303224	0.402442
3677	-63.24794	-91.22306	27.97513	0	0	0	0	0.005816866	0.003873237	0.003159834	0.004311629	0.03780551	0.004922836	0.007507787	0.003269408	0.08423	0.0271393	0.381843	0.506787
3678	-74.91809	-84.88156	9.963471	0	1	1	1	0.005816866	0.0004364785	0.002469288	0.002469288	0.05769885	0.05769885	0.01866209	0.01866209	0.08423	0.0271393	0.381843	0.506787
3679	-65.92414	-84.59557	18.67143	0	0	1	0	0.006855942	0.0003522412	0.002469288	0.001291259	0.05769885	0.05769885	0.01866209	0.007018083	0.0901578	0.0271824	0.375068	0.507592
3680	-67.46141	-89.77734	22.31593	0	1	0	0	0.004229634	0.002866776	0.002469288	0.002469288	0.04410161	0.001842028	0.0121451	0.00584654	0.37832	0.012365	0.170615	0.438699
3681	-72.7386	-88.97335	16.23475	0	1	0	1	0.004229634	0.003142794	0.001226185	0.001226185	0.04410161	0.007791439	0.01825689	0.01825689	0.37832	0.012365	0.170615	0.438699
3682	-81.83774	-90.39995	8.562213	1	1	1	1	0.004876323	0.004876323	0.001226185	0.001226185	0.03238128	0.03238128	0.02507793	0.02507793	0.401464	0.0119047	0.164264	0.422368
3683	-71.92768	-91.83693	19.90925	0	1	0	0	0.004178861	0.008801099	0.001226185	0.001226185	0.0470335	0.002778751	0.008288099	0.01496084	0.605409	0.0179524	0.247711	0.128928
3684	-71.63848	-89.00154	17.36306	1	1	0	0	0.003754681	0.003754681	0.001226185	0.001226185	0.0470335	0.002775773	0.01578867	0.001715742	0.371855	0.0235628	0.325125	0.279457
3685	-75.79909	-87.70073	11.90164	1	1	1	0	0.003754681	0.003754681	0.001219379	0.001219379	0.0470335	0.0470335	0.01257071	0.009418831	0.404326	0.0256203	0.266195	0.303859
3686	-81.21555	-93.62288	12.40733	1	1	1	1	0.007292418	0.007292418	0.001713303	0.001713303	0.01999093	0.01999093	0.01257071	0.01257071	0.0910048	0.0390965	0.406211	0.463687
3687	-69.42394	-89.59774	20.1738	1	0	0	0	0.007292418	0.007292418	0.001032968	0.009758627	0.04893218	0.002946719	0.01385812	0.001933028	0.145498	0.0625075	0.649451	0.142543
3688	-70.99266	-86.78826	15.7956	1	0	1	0	0.006539319	0.006539319	0.0004079776	0.003256295	0.04893218	0.04893218	0.01385812	0.008266664	0.330236	0.0489937	0.509044	0.111726
3689	-64.58839	-85.91564	21.32725	0	1	0	0	0.006539319	0.0006244416	0.0004079776	0.0004079776	0.04893218	0.004343257	0.01385812	0.004450942	0.136759	0.0488417	0.507464	0.306935
3690	-74.02745	-88.67143	14.64398	1	0	1	1	0.004744995	0.004744995	0.0004079776	0.005484947	0.03381467	0.03381467	0.01385812	0.01385812	0.0784662	0.0280232	0.575224	0.318286
3691	-68.9395	-88.92877	19.98926	1	0	1	0	0.005245109	0.005245109	0.0004079776	0.003392801	0.03381467	0.03381467	0.01385812	0.000553823	0.0784662	0.0280232	0.575224	0.318286
3692	-70.6882	-89.16673	18.47853	0	1	0	0	0.005245109	0.0004405788	7.885245e-05	7.885245e-05	0.03381467	0.01628131	0.01385812	0.02573251	0.151038	0.0539412	0.182358	0.612662
3693	-68.21788	-87.10814	18.89026	0	0	1	1	0.005245109	0.001675274	0.0009265771	0.002112721	0.03750635	0.03750635	0.01609284	0.01609284	0.150119	0.0596987	0.181249	0.608934
3694	-71.31104	-90.71347	19.40242	0	0	1	1	0.01021522	0.0008186241	0.002233693	0.005537612	0.02512545	0.02512545	0.01669866	0.01669866	0.132817	0.062365	0.168688	0.63613
3695	-71.55505	-91.60965	20.0546	0	0	1	1	0.003803762	0.001494052	0.002476877	0.007299957	0.02512545	0.02512545	0.01669866	0.01669866	0.0946735	0.102893	0.348993	0.453441
3696	-77.7129	-91.51546	13.80255	1	0	0	0	0.003353065	0.003353065	0.002476877	0.0003150736	0.02449701	0.05355952	0.01669866	0.02129784	0.0946735	0.102893	0.348993	0.453441
3697	-67.93964	-93.0671	25.12746	0	0	0	1	0.003353065	0.00489501	0.002476877	0.0005354276	0.0299162	0.008332055	0.007910188	0.007910188	0.0739598	0.0803806	0.491428	0.354232
3698	-75.59039	-87.72906	12.13867	1	0	1	1	0.007471888	0.007471888	0.001801285	0.001957123	0.05350082	0.05350082	0.007910188	0.007910188	0.101377	0.110178	0.6736	0.114846
3699	-75.70951	-86.53102	10.82151	1	0	1	1	0.004412506	0.004412506	0.001801285	0.001261578	0.05350082	0.05350082	0.01919933	0.01919933	0.101377	0.110178	0.6736	0.114846
3700	-65.79737	-86.16582	20.36845	0	1	0	0	0.004412506	0.0003595224	0.001801285	0.001801285	0.05350082	0.003643145	0.02029222	0.000631166	0.101377	0.110178	0.6736	0.114846
3701	-68.62972	-86.65061	18.02089	0	0	1	1	0.004093681	0.0004447045	0.001801285	0.0003793165	0.05350082	0.05350082	0.008311932	0.008311932	0.0658044	0.0245006	0.448801	0.460894
3702	-68.86125	-87.61824	18.75699	0	0	1	0	0.004093681	0.001020436	0.003245286	0.01129816	0.05350082	0.05350082	0.01335557	0.007344371	0.0724473	0.0269739	0.393158	0.507421
3703	-66.98404	-89.62302	22.63898	0	0	1	0	0.004093681	0.001980146	0.0001292942	0.005740406	0.03924142	0.03924142	0.005772611	0.01469555	0.122042	0.0454394	0.662301	0.170217
3704	-70.53754	-88.42826	17.89072	1	0	1	0	0.003195411	0.003195411	0.0001292942	0.004563038	0.03924142	0.03924142	0.01381387	0.008333258	0.122042	0.0454394	0.662301	0.170217
3705	-63.40254	-86.84871	23.44617	0	0	1	0	0.005385014	0.001060984	0.0001292942	0.002620541	0.03866112	0.03866112	0.01381387	0.005365066	0.0561053	0.0208894	0.167225	0.75578
3706	-67.91073	-87.55031	19.63957	0	0	1	1	0.004170279	0.001843967	0.0001292942	0.002019757	0.03729558	0.03729558	0.01381387	0.01381387	0.0727155	0.0270738	0.216733	0.683478
3707	-69.17808	-87.61576	18.43769	0	0	1	1	0.00501341	0.002204093	0.001519052	0.003981192	0.03729558	0.03729558	0.01613429	0.01613429	0.152541	0.0567948	0.199297	0.591367
3708	-76.30017	-87.79475	11.49458	1	1	1	0	0.00501341	0.00501341	0.001519052	0.001519052	0.05709632	0.05709632	0.007049032	0.005647727	0.152541	0.0567948	0.199297	0.591367
3709	-75.59016	-86.42187	10.83171	1	1	1	0	0.007016163	0.007016163	0.001519052	0.001519052	0.05478636	0.05478636	0.01672574	6.989497e-05	0.127882	0.0637917	0.144105	0.664222
3710	-78.07266	-86.89401	8.821347	1	0	1	1	0.007016163	0.007016163	0.001847502	0.007237358	0.05478636	0.05478636	0.02072923	0.02072923	0.142004	0.0708367	0.0495817	0.737577
3711	-76.76578	-86.91181	10.14602	1	1	1	0	0.007016163	0.007016163	0.002661345	0.002661345	0.05478636	0.05478636	0.01341207	0.006163428	0.108364	0.0736141	0.0515257	0.766496
3712	-71.61974	-85.73216	14.11241	1	0	1	0	0.004844248	0.004844248	0.001400701	0.0003611525	0.06305227	0.06305227	0.01341207	0.007818044	0.108364	0.0736141	0.0515257	0.766496
3713	-71.58602	-86.80074	15.21472	1	0	1	0	0.004844248	0.004844248	0.001400701	0.001497195	0.05570305	0.05570305	0.00987816	0.01125984	0.0886904	0.241802	0.042171	0.627336
3714	-68.1105	-90.58082	22.47032	0	1	0	0	0.004844248	0.001479395	0.001400701	0.001400701	0.02896531	0.01082853	0.01974037	0.005359282	0.16575	0.451896	0.161162	0.221192
3715	-70.17256	-91.63908	21.46652	1	0	1	0	0.004629256	0.004629256	0.0001890773	0.00510011	0.02896531	0.02896531	0.007340346	0.002598368	0.0682975	0.186204	0.654357	0.091142
3716	-70.41425	-87.60467	17.19041	0	1	1	0	0.004629256	0.003780273	0.002745901	0.002745901	0.04830911	0.04830911	0.0115988	0.002218781	0.0682975	0.186204	0.654357	0.091142
3717	-66.00167	-89.26964	23.26798	0	0	1	0	0.004629256	0.004286879	0.002745901	0.004161335	0.0383726	0.0383726	0.0115988	0.002260409	0.181794	0.0129659	0.437916	0.367323
3718	-72.11624	-85.7677	13.65146	0	1	1	0	0.004858246	0.001597923	0.002745901	0.002745901	0.05776434	0.05776434	0.012447	0.01411178	0.101601	0.0295262	0.336642	0.532231
3719	-66.87555	-89.6298	22.75425	0	0	0	0	0.007840343	0.002892467	0.002745901	0.0008492241	0.04703645	0.02261239	0.005490361	0.01106374	0.143411	0.0416766	0.0636629	0.751249
3720	-73.60416	-96.93586	23.3317	0	0	1	1	0.007840343	0.002892467	0.001508262	0.002595937	0.01782616	0.01782616	0.005490361	0.005490361	0.128314	0.142562	0.0569609	0.672163
3721	-71.23115	-85.51825	14.2871	0	0	1	1	0.005601592	0.004156462	0.001508262	0.001895735	0.05831455	0.05831455	0.01841264	0.01841264	0.114632	0.127361	0.157518	0.60049
3722	-80.01189	-89.24835	9.236452	1	1	1	1	0.004309766	0.004309766	0.001508262	0.001508262	0.04769006	0.04769006	0.006196936	0.006196936	0.114632	0.127361	0.157518	0.60049
3723	-73.43251	-90.16939	16.73688	0	1	1	0	0.004309766	0.00823488	0.0005786878	0.0005786878	0.04769006	0.04769006	0.006196936	0.008866021	0.114632	0.127361	0.157518	0.60049
3724	-74.24834	-88.57038	14.32203	1	0	1	0	0.005363083	0.005363083	0.0005786878	0.0138445	0.04769006	0.04769006	0.01476577	0.00744735	0.508167	0.232129	0.0490997	0.210604
3725	-80.79771	-88.9559	8.158195	1	1	1	1	0.005363083	0.005363083	0.0005786878	0.0005786878	0.04769006	0.04769006	0.0122409	0.0122409	0.616576	0.28165	0.0595742	0.0422002
3726	-72.95858	-86.19739	13.23881	0	1	1	1	0.005363083	0.0004756642	0.0005786878	0.0005786878	0.04769006	0.04769006	0.0122409	0.0122409	0.418045	0.0981149	0.040392	0.443448
3727	-78.11788	-86.52802	8.410138	1	0	1	1	0.005363083	0.005363083	0.001441986	0.009621061	0.06099874	0.06099874	0.01654387	0.01654387	0.346817	0.0813976	0.203895	0.367891
3728	-68.53596	-89.55124	21.01529	0	0	1	0	0.005363083	0.001915454	0.001441986	0.006834871	0.02953441	0.02953441	0.01654387	0.01930704	0.346817	0.0813976	0.203895	0.367891
3729	-76.44156	-91.63013	15.18857	1	1	0	1	0.005363083	0.005363083	0.000805773	0.000805773	0.02953441	0.002948508	0.01654387	0.01654387	0.091074	0.40278	0.180488	0.325658
3730	-79.30587	-87.87251	8.566636	1	1	1	1	0.006529207	0.006529207	0.000805773	0.000805773	0.03965757	0.03965757	0.01654387	0.01654387	0.0618016	0.273321	0.44389	0.220987
3731	-75.16676	-88.05688	12.89012	0	1	1	1	0.006529207	0.005143211	0.000805773	0.000805773	0.04851673	0.04851673	0.007348024	0.007348024	0.0662624	0.293049	0.47593	0.164758
3732	-71.35292	-88.44502	17.0921	0	1	1	0	0.01235517	0.0009036888	0.002917787	0.002917787	0.04851673	0.04851673	0.00675426	0.00239685	0.0661944	0.292748	0.475441	0.165616
3733	-69.02479	-89.35719	20.3324	0	1	0	0	0.01235517	0.003902368	0.001549611	0.001549611	0.04851673	0.000800251	0.009121155	0.008601592	0.143753	0.635755	0.218606	0.00188583
3734	-71.20703	-89.23317	18.02613	0	1	1	0	0.003832492	0.003902368	0.001549611	0.001549611	0.03830529	0.03830529	0.01642748	0.004484488	0.574604	0.0832262	0.339243	0.00292652
3735	-70.87239	-88.84927	17.97688	0	1	0	0	0.009096745	0.006879862	0.001549611	0.001549611	0.06245252	0.005525563	0.01250808	0.0003082242	0.473318	0.38854	0.135731	0.00241066
3736	-65.62196	-91.0318	25.40985	0	0	0	1	0.009096745	0.00167598	0.001549611	0.002620287	0.02687652	0.001476297	0.01250808	0.01250808	0.527829	0.31812	0.151363	0.00268829
3737	-68.87109	-88.9235	20.05241	0	1	1	0	0.007611081	3.987647e-05	0.001549611	0.001549611	0.02698939	0.02698939	0.01250808	0.008213238	0.172973	0.421494	0.401972	0.00356186
3738	-71.58283	-92.6679	21.08507	0	0	1	1	0.008526116	8.249692e-05	0.001549611	0.008934322	0.02698939	0.02698939	0.00492249	0.00492249	0.176137	0.410909	0.409327	0.00362703
3739	-74.65676	-88.3815	13.72474	0	1	1	1	0.008526116	8.249692e-05	0.000383882	0.000383882	0.04757759	0.04757759	0.006998796	0.006998796	0.240696	0.586356	0.167773	0.00517567
3740	-63.88289	-87.3391	23.45621	0	0	1	0	0.006776096	0.0001482905	0.000699525	0.0007933864	0.04757759	0.04757759	0.006998796	0.003984776	0.221875	0.200961	0.154654	0.42251
3741	-69.09765	-84.6898	15.59215	0	1	1	0	0.006776096	0.0001482905	0.000699525	0.000699525	0.05789247	0.05789247	0.0151179	0.001789992	0.221875	0.200961	0.154654	0.42251
3742	-71.8444	-85.41747	13.57306	0	0	1	1	0.01479406	5.37272e-05	0.000699525	0.005415906	0.05789247	0.05789247	0.0151179	0.0151179	0.126646	0.225555	0.173581	0.474218
3743	-68.73706	-87.011	18.27393	0	1	1	0	0.01059171	5.37272e-05	0.000699525	0.000699525	0.03442042	0.03442042	0.0151179	0.006201019	0.0744974	0.132679	0.513874	0.27895
3744	-77.80995	-91.30594	13.49599	1	0	1	1	0.005512003	0.005512003	0.006634407	0.003237769	0.03437525	0.03437525	0.0151179	0.0151179	0.0400748	0.0713726	0.738496	0.150057
3745	-66.90362	-86.59558	19.69195	0	0	1	1	0.006556137	0.000106684	0.000212322	0.002604837	0.03437525	0.03437525	0.0151179	0.0151179	0.0400748	0.0713726	0.738496	0.150057
3746	-59.06925	-90.31815	31.2489	0	0	0	0	0.006556137	0.0001913892	0.0001172713	0.002616878	0.03437525	6.989585e-05	0.007091098	0.0009229527	0.034262	0.206068	0.631378	0.128292
3747	-60.76667	-89.84637	29.0797	0	0	0	0	0.006556137	0.0001913892	1.167513e-05	0.004494003	0.03470817	0.007651669	0.009971924	0.0007638928	0.0700057	0.329783	0.204275	0.395937
3748	-63.37577	-88.29751	24.92174	0	0	1	0	0.008677025	0.0002045773	1.167513e-05	0.004494003	0.03470817	0.03470817	0.009971924	0.0005281508	0.0767621	0.334197	0.154891	0.43415
3749	-71.26123	-89.5249	18.26367	1	0	1	0	0.008491242	0.008491242	0.0001142802	0.002982096	0.04128421	0.04128421	0.009971924	0.004299279	0.0480802	0.503716	0.176273	0.271931
3750	-68.04843	-89.18018	21.13175	0	0	0	1	0.008491242	0.002189316	0.0006420772	0.002953774	0.03473397	0.022471	0.008793151	0.008793151	0.308602	0.0724352	0.24343	0.375533
3751	-70.75766	-90.00653	19.24886	0	0	1	1	0.008491242	0.004931709	0.002930938	0.002345935	0.03191242	0.03191242	0.01089539	0.01089539	0.374918	0.077908	0.543487	0.00368737
3752	-69.28462	-89.11854	19.83393	0	1	0	1	0.008036393	0.0003915255	0.0008833993	0.0008833993	0.03191242	0.01008087	0.006856427	0.006856427	0.1653	0.104034	0.725742	0.00492391
3753	-75.13854	-87.7921	12.65356	0	1	1	1	0.008036393	0.003705404	0.002026567	0.002026567	0.04907128	0.04907128	0.006856427	0.006856427	0.179821	0.102224	0.713116	0.00483825
3754	-69.46865	-87.92484	18.45619	0	0	0	1	0.005571455	0.003705404	0.002026567	0.003468673	0.04907128	0.008044275	0.02369127	0.02369127	0.131961	0.257031	0.598842	0.0121652
3755	-66.98839	-86.93216	19.94377	0	0	1	0	0.005571455	0.001588666	0.002026567	0.001716014	0.04907128	0.04907128	0.02369127	0.003404594	0.191052	0.390937	0.409688	0.00832265
3756	-70.2062	-88.2361	18.02991	0	0	1	1	0.005571455	0.001657096	0.002026567	0.002353279	0.04907128	0.04907128	0.007800473	0.007800473	0.544834	0.219966	0.230517	0.00468286
3757	-72.08814	-87.97626	15.88812	0	1	1	0	0.01182996	0.0006126762	0.0008710721	0.0008710721	0.04717013	0.04717013	0.007800473	0.01244702	0.544834	0.219966	0.230517	0.00468286
3758	-65.70954	-90.7036	24.99406	0	1	0	0	0.003716161	0.001231441	0.0008710721	0.0008710721	0.02889632	0.007040682	0.01284197	0.003584219	0.507699	0.204974	0.282964	0.00436368
3759	-75.85843	-94.80231	18.94388	1	0	1	0	0.01042446	0.01042446	0.00457732	0.003582027	0.02889632	0.02889632	0.008491947	0.007280062	0.507699	0.204974	0.282964	0.00436368
3760	-70.17448	-88.94567	18.77118	0	1	0	1	0.005639205	0.000448832	0.00457732	0.00457732	0.0433728	0.00170989	0.008491947	0.008491947	0.243315	0.0982338	0.65636	0.0020913
3761	-77.35612	-90.03949	12.68337	1	0	1	1	0.008813913	0.008813913	0.00457732	0.002688304	0.0433728	0.0433728	0.01007323	0.01007323	0.243315	0.0982338	0.65636	0.0020913
3762	-71.40821	-87.4671	16.05889	0	1	1	0	0.008813913	0.001808076	0.002076604	0.002076604	0.0433728	0.0433728	0.01007323	0.01360987	0.392839	0.282762	0.31768	0.00671854
3763	-68.99592	-86.58222	17.5863	0	0	1	0	0.008813913	0.001896465	0.002373703	0.0008464804	0.05069381	0.05069381	0.01007323	0.02585718	0.257142	0.34709	0.207946	0.187823
3764	-66.67124	-86.79743	20.12619	0	0	1	0	0.008813913	0.001896465	0.002373703	0.002497742	0.05069381	0.05069381	0.01007323	0.009677542	0.257142	0.34709	0.207946	0.187823
3765	-72.38614	-86.17729	13.79115	0	1	1	0	0.005795893	0.001896465	0.002373703	0.002373703	0.05069381	0.05069381	0.01858748	0.01337876	0.151993	0.275716	0.180069	0.392222
3766	-72.74131	-88.99323	16.25192	0	0	1	1	0.007900818	0.005545352	0.003365296	0.003920073	0.05069381	0.05069381	0.007225013	0.007225013	0.151993	0.275716	0.180069	0.392222
3767	-66.53342	-85.18917	18.65575	0	0	1	0	0.007355329	0.0009213854	0.0002559273	0.004696427	0.05069381	0.05069381	0.01142888	0.01908567	0.236862	0.139676	0.280615	0.342847
3768	-68.67778	-90.46004	21.78226	0	1	1	0	0.003482539	0.0002364086	0.001027705	0.001027705	0.02871644	0.02871644	0.01142888	0.002124463	0.205757	0.252654	0.243764	0.297824
3769	-67.99066	-87.85103	19.86037	0	0	1	0	0.005211626	0.002383166	0.003164419	0.008934262	0.05427989	0.05427989	0.01119965	0.002373922	0.217868	0.267526	0.258113	0.256493
3770	-70.57105	-90.05441	19.48336	0	0	1	1	0.005211626	0.003138166	0.001661926	0.007356444	0.03159847	0.03159847	0.01119965	0.01119965	0.306964	0.183709	0.255465	0.253862
3771	-78.64427	-89.77425	11.12999	1	1	1	1	0.005211626	0.005211626	0.0008641314	0.0008641314	0.03159847	0.03159847	0.01119965	0.01119965	0.284904	0.0420051	0.428191	0.2449
3772	-75.12727	-89.58925	14.46198	0	1	1	1	0.009463829	0.005893237	0.001196605	0.001196605	0.03159847	0.03159847	0.01119965	0.01119965	0.119851	0.0517004	0.527023	0.301425
3773	-61.35742	-88.12244	26.76502	0	0	0	0	0.00666801	5.60954e-05	0.001196605	0.004269415	0.03159847	0.002825733	0.01222949	0.01874515	0.122579	0.201887	0.583339	0.0921948
3774	-79.46833	-87.69138	8.223057	1	1	1	1	0.00666801	0.00666801	0.001196605	0.001196605	0.04540761	0.04540761	0.01222949	0.01222949	0.190467	0.313699	0.210209	0.285625
3775	-74.16514	-87.29215	13.12701	0	1	1	1	0.007249649	0.003363288	0.001400645	0.001400645	0.04274482	0.04274482	0.01222949	0.01222949	0.35202	0.215299	0.163482	0.269198
3776	-69.2475	-87.10945	17.86195	0	0	1	0	0.0139474	0.001935964	0.001255357	0.007166513	0.04809701	0.04809701	0.01342824	0.01314752	0.0681798	0.27869	0.211616	0.441514
3777	-70.96519	-88.82972	17.86453	0	1	1	0	0.0139474	0.001531058	0.002077891	0.002077891	0.03803595	0.03803595	0.01342824	0.0004055879	0.368733	0.0461003	0.189596	0.395571
3778	-75.52736	-88.80443	13.27707	1	1	1	0	0.004441307	0.004441307	0.001712329	0.001712329	0.03868965	0.03868965	0.01342824	0.007858024	0.342099	0.115001	0.175901	0.366999
3779	-73.06773	-89.21669	16.14896	0	1	1	0	0.004441307	0.003830613	0.003141108	0.003141108	0.03868965	0.03868965	0.01805541	0.01108118	0.342099	0.115001	0.175901	0.366999
3780	-72.73082	-91.17904	18.44822	0	1	1	0	0.004441307	0.004944048	0.003141108	0.003141108	0.03868965	0.03868965	0.007353137	0.007518096	0.466922	0.117229	0.115575	0.300274
3781	-66.09413	-90.33957	24.24544	0	0	0	0	0.009642283	0.006186674	0.003141108	0.003347863	0.03868965	0.009091349	0.01394683	0.007955422	0.353892	0.0888512	0.329671	0.227585
3782	-67.3857	-88.62949	21.24379	0	0	1	0	0.01313769	0.0007235633	0.002380813	0.001734942	0.03650866	0.03650866	0.01869176	0.006456262	0.224628	0.0647961	0.0273041	0.683272
3783	-71.67757	-88.81498	17.13741	0	0	1	0	0.01313769	0.0007235633	0.002380813	0.002006579	0.03650866	0.03650866	0.01940949	0.02895567	0.224628	0.0647961	0.0273041	0.683272
3784	-65.39622	-86.36211	20.96589	0	0	1	0	0.005387057	0.0007235633	0.002380813	0.002122004	0.0468521	0.0468521	0.01897225	0.004785492	0.308412	0.0889644	0.36583	0.236794
3785	-73.93784	-86.85189	12.91405	0	1	1	1	0.005387057	0.000498539	0.002380813	0.002380813	0.04796501	0.04796501	0.01197462	0.01197462	0.0591292	0.608598	0.20171	0.130562
3786	-78.92229	-87.22894	8.306646	1	1	1	1	0.005387057	0.005387057	0.001445467	0.001445467	0.04796501	0.04796501	0.01022605	0.01022605	0.0201446	0.129084	0.209777	0.640994
3787	-74.40974	-94.78217	20.37243	1	0	1	0	0.001641555	0.001641555	0.001445467	0.009215261	0.02577013	0.02577013	0.01022605	0.006782291	0.00975327	0.0624975	0.290823	0.636926
3788	-79.38472	-89.18665	9.801935	1	0	1	1	0.002500915	0.002500915	0.0001229197	0.008957332	0.06877953	0.06877953	0.005646877	0.005646877	0.00975327	0.0624975	0.290823	0.636926
3789	-78.87062	-88.98354	10.11293	1	0	1	0	0.002500915	0.002500915	0.00213063	0.01730741	0.06877953	0.06877953	0.01576497	0.007282375	0.0140306	0.18674	0.418365	0.380865
3790	-75.08862	-91.77892	16.6903	1	1	1	0	0.002500915	0.002500915	0.001509696	0.001509696	0.02937828	0.02937828	0.01222673	0.0009900416	0.0128352	0.170829	0.46792	0.348415
3791	-75.40761	-87.47445	12.06684	1	0	1	0	0.002500915	0.002500915	0.001509696	0.003687645	0.06282001	0.06282001	0.01222673	0.01984432	0.00835359	0.460346	0.304539	0.226761
3792	-80.9694	-88.64984	7.680435	1	1	1	1	0.002500915	0.002500915	0.0001743866	0.0001743866	0.04868672	0.04868672	0.01724353	0.01724353	0.00835359	0.460346	0.304539	0.226761
3793	-67.38097	-88.36919	20.98822	0	0	1	0	0.003357832	0.001491989	0.0001743866	0.01320975	0.04454659	0.04454659	0.01724353	0.001071471	0.0063159	0.546886	0.270623	0.176175
3794	-67.9925	-88.03253	20.04003	0	0	1	0	0.009424973	0.001491989	0.0001005444	0.01988409	0.04454659	0.04454659	0.01049559	0.000575466	0.117449	0.485722	0.240357	0.156472
3795	-66.96144	-90.25508	23.29365	0	1	0	0	0.009424973	0.002012315	0.0008083412	0.0008083412	0.03358395	0.009886399	0.006155623	0.006036747	0.0684468	0.219384	0.584206	0.127963
3796	-72.00604	-89.25819	17.25214	0	1	1	0	0.009424973	0.004030841	0.0008083412	0.0008083412	0.02873359	0.02873359	0.01531831	0.01461296	0.0684468	0.219384	0.584206	0.127963
3797	-70.349	-91.7336	21.3846	0	0	1	1	0.009424973	0.0006328185	0.0006861051	0.002494182	0.01849665	0.01849665	0.01755635	0.01755635	0.30205	0.16437	0.437706	0.0958741
3798	-69.19461	-87.38801	18.1934	0	0	1	1	0.01130479	0.001689785	0.0006861051	0.0007858007	0.03552212	0.03552212	0.01755635	0.01755635	0.180859	0.09842	0.663314	0.0574068
3799	-69.89741	-89.13057	19.23317	0	0	1	1	0.01059957	0.004122523	0.0006861051	0.002460044	0.03552212	0.03552212	0.00820706	0.00820706	0.12254	0.105427	0.710539	0.0614939
3800	-75.22987	-91.11887	15.88901	1	0	1	1	0.003742578	0.003742578	0.003569829	0.0001475293	0.03552212	0.03552212	0.00820706	0.00820706	0.428235	0.0656848	0.442691	0.0633888
3801	-75.86665	-87.44565	11.579	0	1	1	1	0.009939619	0.004426046	0.001301917	0.001301917	0.05084575	0.05084575	0.009329299	0.009329299	0.571406	0.0876449	0.256368	0.0845813
3802	-75.63727	-87.64306	12.00579	0	1	1	1	0.007892836	0.004426046	0.001681342	0.001681342	0.05084575	0.05084575	0.008555396	0.008555396	0.586702	0.0732992	0.332484	0.0075154
3803	-73.5733	-94.25185	20.67855	1	0	1	0	0.007892836	0.007892836	0.004113522	0.000255728	0.02370052	0.02370052	0.008002164	0.009364955	0.299119	0.124302	0.563833	0.0127448
3804	-73.3893	-91.64628	18.25699	1	0	0	1	0.007892836	0.007892836	0.004113522	0.0003166197	0.04185355	0.004280833	0.00872387	0.00872387	0.556117	0.231101	0.189088	0.0236949
3805	-67.05494	-87.62488	20.56994	0	0	0	1	0.007892836	0.001550907	0.004113522	0.0001710746	0.04850082	0.004283399	0.01697557	0.01697557	0.556117	0.231101	0.189088	0.0236949
3806	-75.51717	-89.4125	13.89533	1	0	1	0	0.007892836	0.007892836	0.003595223	0.01127977	0.04850082	0.04850082	0.01697557	0.003885988	0.312094	0.0640417	0.057468	0.566397
3807	-65.40804	-86.5919	21.18386	0	0	1	0	0.007892836	0.00415736	0.0008211706	0.0008517302	0.04850082	0.04850082	0.01697557	0.0007769833	0.398206	0.0817121	0.0733245	0.446757
3808	-80.71808	-87.30669	6.588611	1	1	1	1	0.007892836	0.007892836	0.001481634	0.001481634	0.04850082	0.04850082	0.01697557	0.01697557	0.334175	0.0904062	0.0811263	0.494293
3809	-73.06363	-92.042	18.97837	0	0	1	0	0.008605095	0.003036005	0.001481634	0.02470058	0.03089628	0.03089628	0.01697557	0.006896854	0.243102	0.338298	0.0590169	0.359583
3810	-77.7143	-94.18904	16.47473	0	0	1	1	0.008605095	0.003036005	0.001481634	0.02651653	0.03089628	0.03089628	0.006840319	0.006840319	0.349767	0.301732	0.0491339	0.299367
3811	-69.28994	-89.78555	20.49561	0	1	0	0	0.008605095	0.001324666	0.0009190005	0.0009190005	0.04829041	0.006652211	0.006840319	0.01128163	0.349767	0.301732	0.0491339	0.299367
3812	-70.59837	-88.80898	18.2106	0	1	1	0	0.005298781	0.0007051481	0.0009190005	0.0009190005	0.03541523	0.03541523	0.02028594	0.004822453	0.208363	0.544465	0.034848	0.212325
3813	-74.97863	-85.68928	10.71065	0	1	1	0	0.009363634	0.005421522	0.0005780885	0.0005780885	0.0584141	0.0584141	0.01836362	0.01820582	0.103185	0.269629	0.0172573	0.609929
3814	-71.05607	-87.98792	16.93185	0	0	1	1	0.003237397	0.002731583	0.0009240284	0.001839141	0.0584141	0.0584141	0.007614849	0.007614849	0.187194	0.152191	0.316342	0.344273
3815	-77.16765	-88.78504	11.61739	1	0	1	1	0.003237397	0.003237397	0.003720791	0.001848677	0.0584141	0.0584141	0.008402088	0.008402088	0.187194	0.152191	0.316342	0.344273
3816	-65.3552	-90.24453	24.88933	0	0	0	0	0.003237397	0.002254479	0.003720791	0.002184845	0.05560527	0.005331544	0.008402088	0.007581633	0.40032	0.325466	0.227084	0.0471301
3817	-71.58312	-96.16575	24.58263	1	0	0	0	0.003237397	0.003237397	0.003720791	0.0134154	0.02523768	0.0004280731	0.008402088	0.006093814	0.34246	0.190168	0.427054	0.0403181
3818	-69.25985	-90.55219	21.29235	0	0	1	0	0.01192584	0.002176614	0.0003049659	0.01024158	0.04377435	0.04377435	0.00483876	0.006093814	0.320559	0.178007	0.289936	0.211499
3819	-72.19276	-88.51099	16.31823	0	0	0	1	0.01272624	0.00469495	0.0003049659	0.004196496	0.04377435	0.02464289	0.01746829	0.01746829	0.320559	0.178007	0.289936	0.211499
3820	-69.60045	-86.46909	16.86864	0	0	1	0	0.01272624	0.001038451	6.446152e-05	0.003459022	0.04377435	0.04377435	0.01746829	0.02612899	0.0871785	0.23915	0.389526	0.284146
3821	-69.54918	-87.69089	18.14171	0	0	1	0	0.01295308	0.002993861	0.0001390849	0.004561305	0.0439188	0.0439188	0.01953452	0.01327713	0.14058	0.385642	0.0155772	0.458201
3822	-71.93029	-88.83047	16.90018	0	1	0	1	0.01031468	0.0008383889	0.001871693	0.001871693	0.03444786	0.0047777	0.02269195	0.02269195	0.100591	0.275944	0.295602	0.327863
3823	-72.7887	-84.83722	12.04852	0	0	1	1	0.01031468	0.001219455	0.0001235181	0.004280671	0.06345404	0.06345404	0.02330172	0.02330172	0.124667	0.243837	0.366352	0.265143
3824	-67.24674	-90.57888	23.33214	0	1	0	0	0.006427848	0.003400297	0.00119959	0.00119959	0.02756165	0.004771694	0.02330172	0.001025348	0.0647923	0.103769	0.52819	0.303248
3825	-70.8272	-85.14708	14.31988	0	1	1	0	0.006427848	0.002511572	0.00119959	0.00119959	0.05289294	0.05289294	0.01725828	0.009411518	0.077871	0.124716	0.634808	0.162605
3826	-62.02191	-86.23918	24.21727	0	0	0	0	0.006427848	0.001373376	0.0004661254	0.001022841	0.05289294	0.00840752	0.01147243	0.01009923	0.010822	0.0877345	0.446572	0.454871
3827	-71.15237	-85.73627	14.5839	0	1	1	0	0.006427848	0.002945891	0.0008331989	0.0008331989	0.05289294	0.05289294	0.01519549	0.009896178	0.49875	0.000930481	0.247856	0.252463
3828	-71.32376	-85.00636	13.6826	0	1	1	0	0.006427848	0.001360621	0.0006519912	0.0006519912	0.05289294	0.05289294	0.01405715	0.01795648	0.277342	0.00169223	0.261821	0.459145
3829	-62.96398	-86.08161	23.11763	0	0	0	0	0.005870713	0.0007046095	0.001826305	0.0005493075	0.05289294	0.01024771	0.01405715	0.01230359	0.277342	0.00169223	0.261821	0.459145
3830	-73.11974	-88.68128	15.56154	0	1	1	1	0.005870713	0.000310087	0.001826305	0.001826305	0.0298525	0.0298525	0.01520265	0.01520265	0.328822	0.00200634	0.1248	0.544372
3831	-69.1566	-92.87404	23.71745	0	0	0	1	0.005870713	0.007757452	0.001826305	0.001341487	0.0298525	0.003633068	0.01520265	0.01520265	0.328822	0.00200634	0.1248	0.544372
3832	-79.87003	-86.71338	6.843343	1	1	1	1	0.005870713	0.005870713	0.001826305	0.001826305	0.05049411	0.05049411	0.01520265	0.01520265	0.328822	0.00200634	0.1248	0.544372
3833	-70.45099	-86.70946	16.25847	0	0	1	1	0.005870713	0.001716561	0.001826305	0.00900203	0.04499462	0.04499462	0.01520265	0.01520265	0.265688	0.00162113	0.385779	0.346911
3834	-80.19682	-87.09185	6.895036	1	1	0	1	0.005870713	0.005870713	0.001826305	0.001826305	0.06593393	0.007123665	0.02188061	0.02188061	0.141108	0.000860985	0.677276	0.180755
3835	-75.20842	-85.01321	9.80479	0	1	1	1	0.01010169	0.0009541534	0.0007817214	0.0007817214	0.06593393	0.06593393	0.008219742	0.008219742	0.169821	0.00103618	0.647873	0.18127
3836	-81.07642	-91.47844	10.40202	0	1	1	1	0.01010169	0.003566481	0.0003939158	0.0003939158	0.06593393	0.06593393	0.002579021	0.002579021	0.108523	0.00195868	0.521648	0.367871
3837	-72.1282	-85.43323	13.30503	0	0	1	1	0.004109433	0.0004086901	0.001152019	0.0101365	0.06593393	0.06593393	0.01376621	0.01376621	0.188814	0.00340783	0.167736	0.640042
3838	-70.47072	-86.13552	15.6648	0	1	1	0	0.005913531	0.0009285165	0.001727869	0.001727869	0.05250887	0.05250887	0.009040002	0.01188993	0.377628	0.00681566	0.335473	0.280084
3839	-69.89184	-90.5626	20.67076	0	1	1	0	0.005913531	0.0003781003	0.001727869	0.001727869	0.02432644	0.02432644	0.009623655	0.0114047	0.377628	0.00681566	0.335473	0.280084
3840	-70.04954	-90.34703	20.29749	0	1	1	0	0.005913531	0.001212596	0.001727869	0.001727869	0.02432644	0.02432644	0.01741092	0.004918074	0.578595	0.0168584	0.314807	0.0897389
3841	-67.66194	-90.578	22.91606	0	1	0	0	0.005913531	0.001674636	0.001727869	0.001727869	0.02432644	0.0208056	0.01380652	0.001813568	0.566136	0.0164953	0.329562	0.0878065
3842	-77.97755	-88.66321	10.68566	1	0	1	1	0.01116815	0.01116815	0.001745977	0.002691517	0.05154043	0.05154043	0.01380652	0.01380652	0.592983	0.0356831	0.279363	0.0919704
3843	-69.15927	-86.9708	17.81154	0	0	0	1	0.01116815	0.0004483583	0.001745977	0.007588545	0.05154043	0.01537645	0.01139848	0.01139848	0.583643	0.0218695	0.338121	0.0563669
3844	-73.99151	-91.43238	17.44087	0	1	1	1	0.003536698	0.0006781162	0.001745977	0.001745977	0.0249531	0.0249531	0.01139848	0.01139848	0.483029	0.0480865	0.344945	0.123939
3845	-74.98764	-91.74373	16.75609	1	1	0	0	0.003536698	0.003536698	0.001745977	0.001745977	0.0249531	0.03031354	0.01331246	0.001904715	0.290625	0.0438492	0.548458	0.117068
3846	-66.32928	-91.69729	25.36801	0	0	1	0	0.00524344	0.005883873	0.001745977	0.0002050156	0.0249531	0.0249531	0.01534987	0.002661565	0.262914	0.0396682	0.347936	0.349482
3847	-70.93081	-88.27918	17.34837	0	1	1	0	0.00524344	0.005190814	0.001745977	0.001745977	0.03812496	0.03812496	0.01534987	0.006723508	0.0588818	0.0704214	0.250274	0.620422
3848	-70.54631	-89.37944	18.83313	0	0	1	1	0.01106801	0.004091879	0.001979236	0.0006219607	0.03812496	0.03812496	0.007999631	0.007999631	0.0807989	0.125279	0.253701	0.540221
3849	-67.32815	-91.42209	24.09394	0	0	1	0	0.005467193	0.004091879	0.001979236	0.004071461	0.0234064	0.0234064	0.01879032	0.005524128	0.0346716	0.0537586	0.62733	0.28424
3850	-74.35401	-90.51629	16.16228	0	1	1	1	0.005467193	0.0006772363	0.001979236	0.001979236	0.02271198	0.02271198	0.01879032	0.01879032	0.0159902	0.0247929	0.392129	0.567088
3851	-69.56281	-86.19508	16.63227	0	0	1	1	0.005467193	0.0006772363	0.001030642	0.00746612	0.05363004	0.05363004	0.008203517	0.008203517	0.0177647	0.0275444	0.324669	0.630022
3852	-69.90783	-85.92234	16.0145	0	0	1	1	0.004352686	0.003041532	0.001030642	0.005116711	0.05363004	0.05363004	0.01283678	0.01283678	0.013773	0.0213552	0.230429	0.734443
3853	-65.2126	-89.47272	24.26012	0	0	0	1	0.005635937	0.0004176459	0.001416642	0.006168634	0.02782972	0.009792792	0.0111187	0.0111187	0.0834471	0.129385	0.657543	0.129625
3854	-69.13737	-91.16687	22.0295	0	1	1	0	0.005635937	0.000616	0.002279691	0.002279691	0.02782972	0.02782972	0.006505123	0.002735743	0.0600191	0.373813	0.472936	0.0932323
3855	-70.20265	-88.78554	18.58289	0	1	1	0	0.007155814	0.001331143	0.002279691	0.002279691	0.04437338	0.04437338	0.006505123	0.003671928	0.0956465	0.539777	0.243536	0.121041
3856	-68.07292	-89.56158	21.48866	0	1	0	0	0.007155814	0.0007523231	0.002279691	0.002279691	0.04437338	0.005517021	0.006505123	0.01164962	0.10745	0.606388	0.150184	0.135978
3857	-75.07799	-88.72206	13.64406	0	1	1	1	0.008083581	0.001605839	0.002931357	0.002931357	0.04437338	0.04437338	0.007036176	0.007036176	0.0771082	0.452204	0.112897	0.357791
3858	-76.08349	-89.91884	13.83535	1	1	1	0	0.003690025	0.003690025	0.002693957	0.002693957	0.04891111	0.04891111	0.007036176	0.0006048901	0.0188616	0.151882	0.268728	0.560529
3859	-69.7222	-87.42675	17.70455	0	0	1	1	0.004083751	0.001205156	0.002582322	0.00408796	0.04891111	0.04891111	0.009470888	0.009470888	0.0151973	0.122375	0.410792	0.451635
3860	-70.51364	-92.10369	21.59005	1	0	1	0	0.003235586	0.003235586	0.002582322	0.0006586326	0.03138735	0.03138735	0.009470888	0.0007811211	0.0795813	0.463926	0.231591	0.224902
3861	-65.79982	-90.39726	24.59744	0	0	1	0	0.006279434	0.001316836	0.002582322	0.0004943549	0.02860893	0.02860893	0.008835911	0.01233277	0.126043	0.455206	0.263558	0.155194
3862	-69.35494	-85.64718	16.29224	0	0	1	1	0.006279434	0.001316836	0.0004627297	0.003316561	0.05191888	0.05191888	0.01512529	0.01512529	0.105726	0.543021	0.221075	0.130178
3863	-80.20777	-86.7635	6.555733	1	1	1	1	0.006279434	0.006279434	0.001715321	0.001715321	0.05191888	0.05191888	0.01512529	0.01512529	0.113085	0.358397	0.183887	0.344632
3864	-77.47621	-87.63371	10.1575	0	0	1	1	0.007418044	0.01726873	0.001560374	0.004185895	0.06795252	0.06795252	0.01512529	0.01512529	0.160716	0.0881506	0.26134	0.489793
3865	-77.98948	-85.88624	7.896757	1	1	1	0	0.007418044	0.007418044	0.002318646	0.002318646	0.06795252	0.06795252	0.01577044	0.003445671	0.183031	0.10039	0.158784	0.557796
3866	-73.86413	-85.14523	11.2811	1	0	1	0	0.006292539	0.006292539	8.220837e-05	0.001982232	0.06795252	0.06795252	0.01577044	0.01500384	0.158879	0.0591481	0.0935529	0.68842
3867	-79.67604	-88.11133	8.435295	1	1	1	1	0.006292539	0.006292539	9.111266e-05	9.111266e-05	0.04213361	0.04213361	0.01577044	0.01577044	0.158879	0.0591481	0.0935529	0.68842
3868	-65.57426	-88.90842	23.33416	0	0	1	0	0.005131478	0.00355319	5.347963e-05	0.0002651418	0.04041821	0.04041821	0.01582294	0.002432159	0.441224	0.143859	0.322295	0.0926211
3869	-69.30999	-89.85197	20.54198	0	0	1	1	0.005131478	0.0009971861	5.347963e-05	0.0004843257	0.04041821	0.04041821	0.007026263	0.007026263	0.441224	0.143859	0.322295	0.0926211
3870	-75.29856	-91.87954	16.58098	1	0	1	1	0.005131478	0.005131478	6.232939e-05	0.0004843257	0.03221357	0.03221357	0.009339236	0.009339236	0.352191	0.348601	0.0747684	0.22444
3871	-73.48054	-91.31571	17.83517	0	1	1	0	0.01201032	0.002527426	8.652392e-05	8.652392e-05	0.03221357	0.03221357	0.009339236	0.01341699	0.185884	0.154668	0.0394622	0.619986
3872	-75.08507	-88.40827	13.32319	0	1	1	1	0.006406192	0.002146579	0.00379421	0.00379421	0.04455197	0.04455197	0.008966773	0.008966773	0.185884	0.154668	0.0394622	0.619986
3873	-75.66351	-89.63215	13.96864	1	0	1	1	0.004207275	0.004207275	0.00379421	0.0006535271	0.04455197	0.04455197	0.008966773	0.008966773	0.292402	0.243298	0.0620754	0.402225
3874	-73.57427	-90.14499	16.57073	0	1	0	1	0.004207275	0.0008884994	0.00379421	0.00379421	0.0401622	0.01308795	0.01468663	0.01468663	0.133258	0.11088	0.02829	0.727572
3875	-71.87125	-91.67007	19.79882	0	0	1	1	0.004207275	0.003332019	0.00379421	0.001319571	0.03743283	0.03743283	0.008275948	0.008275948	0.603749	0.292577	0.00694512	0.0967283
3876	-74.40807	-91.20336	16.79529	1	0	1	0	0.004207275	0.004207275	0.004202524	0.001889937	0.03743283	0.03743283	0.01120333	0.01660635	0.576866	0.279549	0.0511638	0.0924212
3877	-76.80673	-89.90136	13.09463	1	0	0	0	0.007311182	0.007311182	0.005267804	0.006585046	0.0547504	0.01447257	0.01120333	0.0266571	0.31205	0.15122	0.486736	0.0499944
3878	-65.9378	-85.64559	19.7078	0	1	0	0	0.007029933	0.0006743597	0.001338475	0.001338475	0.05170486	0.01328198	0.01120333	0.003186721	0.33252	0.0955399	0.518666	0.053274
3879	-75.0792	-87.34104	12.26184	1	1	0	0	0.007029933	0.007029933	0.0009343569	0.0009343569	0.06699907	0.01326505	0.01120333	0.00204214	0.319276	0.0917345	0.537838	0.051152
3880	-73.94141	-85.41653	11.47512	0	1	1	1	0.006876744	7.240493e-05	0.0009343569	0.0009343569	0.05734998	0.05734998	0.01120333	0.01120333	0.3984	0.291962	0.198843	0.110795
3881	-69.948	-85.74183	15.79383	0	0	1	1	0.008990961	0.001041791	0.001505271	0.001143005	0.05734998	0.05734998	0.01123965	0.01123965	0.520284	0.19963	0.135395	0.144691
3882	-72.50225	-94.33137	21.82912	0	1	1	0	0.009561867	0.001437575	0.001505271	0.001505271	0.02423093	0.02423093	0.004897727	0.005115047	0.520284	0.19963	0.135395	0.144691
3883	-82.20111	-87.30556	5.104456	1	1	1	1	0.005348194	0.005348194	0.001215103	0.001215103	0.06807086	0.06807086	0.008706171	0.008706171	0.520284	0.19963	0.135395	0.144691
3884	-68.97984	-90.96703	21.98719	0	1	0	1	0.004746481	0.000832542	0.001215103	0.001215103	0.03075883	0.0007736653	0.007517619	0.007517619	0.448647	0.172143	0.254442	0.124768
3885	-73.84319	-86.64027	12.79708	0	1	1	1	0.004746481	0.0009839311	0.001215103	0.001215103	0.05127101	0.05127101	0.0106586	0.0106586	0.448647	0.172143	0.254442	0.124768
3886	-74.19517	-86.14653	11.95136	0	1	1	1	0.004746481	0.0007465224	0.001342039	0.001342039	0.05127101	0.05127101	0.01560665	0.01560665	0.296311	0.335229	0.257341	0.111118
3887	-74.34942	-84.80799	10.45857	0	1	1	1	0.009424869	0.0002921091	0.0006341959	0.0006341959	0.05629375	0.05629375	0.01560665	0.01560665	0.194348	0.370341	0.312554	0.122757
3888	-70.40054	-86.96748	16.56694	0	0	1	1	0.01310989	0.001052415	0.0006341959	0.002587794	0.04385747	0.04385747	0.01560665	0.01560665	0.220278	0.419752	0.354255	0.00571447
3889	-73.17196	-86.70241	13.53045	0	1	1	1	0.006922442	0.001151398	0.0006341959	0.0006341959	0.04385747	0.04385747	0.0121147	0.0121147	0.317807	0.367249	0.309944	0.00499969
3890	-63.92419	-87.60873	23.68454	0	0	0	1	0.006922442	0.0003629315	0.0006341959	0.005324411	0.0383021	0.002245569	0.01188077	0.01188077	0.0998759	0.39909	0.4956	0.00543318
3891	-64.01194	-87.3886	23.37666	0	0	0	1	0.006922442	0.0003419788	0.000719058	0.001228821	0.03697736	0.0022448	0.01899906	0.01899906	0.370123	0.27927	0.346805	0.00380196
3892	-75.14535	-85.33557	10.19022	0	1	1	1	0.00813382	0.0003419788	0.0007331812	0.0007331812	0.05557849	0.05557849	0.01899906	0.01899906	0.293143	0.429171	0.274675	0.00301121
3893	-74.32639	-87.11628	12.78989	0	1	0	1	0.00813382	0.00293292	0.0002402278	0.0002402278	0.05557849	0.01371359	0.01785435	0.01785435	0.186925	0.619419	0.191736	0.00192012
3894	-65.34896	-85.00416	19.6552	0	1	0	0	0.00813382	0.0001891169	0.0002397132	0.0002397132	0.05557849	0.005337162	0.01785435	0.001387871	0.181458	0.158756	0.657921	0.00186397
3895	-74.84202	-85.59949	10.75747	0	1	1	1	0.005403783	0.001465512	0.0002397132	0.0002397132	0.05557849	0.05557849	0.01785435	0.01785435	0.17997	0.157454	0.652524	0.0100524
3896	-68.22068	-87.50583	19.28516	0	0	0	0	0.005403783	0.004480052	0.0002397132	0.002876218	0.05557849	0.02870779	0.01785435	0.00523393	0.206213	0.507819	0.27445	0.0115182
3897	-80.50418	-92.42737	11.92319	1	1	1	0	0.002689927	0.002689927	0.0002397132	0.0002397132	0.05557849	0.05557849	0.004858279	0.01050742	0.354103	0.413006	0.223523	0.00936769
3898	-72.4616	-89.74444	17.28284	0	1	1	0	0.008277284	0.000729436	0.003059908	0.003059908	0.04818059	0.04818059	0.004858279	0.007647953	0.354103	0.413006	0.223523	0.00936769
3899	-78.14864	-95.74735	17.59871	1	0	1	1	0.004378829	0.004378829	0.003059908	0.003928432	0.02518405	0.02518405	0.004858279	0.004858279	0.354103	0.413006	0.223523	0.00936769
3900	-64.7049	-91.20089	26.49599	0	1	0	0	0.004378829	0.0006220721	0.002141037	0.002141037	0.02251472	0.002064048	0.01454516	0.003324885	0.19964	0.250561	0.544116	0.00568315
3901	-69.42053	-86.56773	17.1472	0	0	1	1	0.009482474	0.0003490826	0.00257402	0.002560341	0.04401821	0.04401821	0.01454516	0.01454516	0.27951	0.350802	0.361731	0.0079568
3902	-64.97404	-86.79808	21.82404	0	1	0	0	0.009482474	0.0002197494	0.00257402	0.00257402	0.04401821	0.001485361	0.01430212	0.004232673	0.280924	0.352577	0.36356	0.00293863
3903	-73.68259	-85.05777	11.37518	0	1	1	1	0.009482474	0.0002197494	0.00257402	0.00257402	0.05043016	0.05043016	0.01430212	0.01430212	0.0869664	0.0511529	0.859977	0.0019037
3904	-63.11038	-89.41825	26.30788	0	0	0	1	0.009482474	5.382093e-05	0.001081485	0.001146166	0.02329747	0.001376845	0.01422847	0.01422847	0.0505051	0.0427348	0.718454	0.188306
3905	-68.36671	-88.42887	20.06217	0	1	1	0	0.007528676	0.0003381531	0.0006182351	0.0006182351	0.03378919	0.03378919	0.008266092	0.006315149	0.0290601	0.379157	0.41339	0.178393
3906	-65.28888	-87.59888	22.31	0	0	0	1	0.008737778	3.430398e-05	0.0004290211	0.00300366	0.03812084	0.01351041	0.009698873	0.009698873	0.0290601	0.379157	0.41339	0.178393
3907	-64.21404	-87.5598	23.34576	0	0	0	1	0.008737778	0.0002011321	0.00116706	0.003632226	0.03812084	0.006052344	0.009698873	0.009698873	0.0164132	0.377569	0.505261	0.100757
3908	-69.38888	-88.94494	19.55606	0	1	1	0	0.01064671	0.0001636909	0.00116706	0.00116706	0.03112467	0.03112467	0.009698873	0.006949447	0.0225376	0.518454	0.320655	0.138353
3909	-71.08605	-88.68579	17.59973	0	0	1	1	0.007825207	0.001514147	0.00116706	0.004069874	0.03112467	0.03112467	0.02523981	0.02523981	0.0103945	0.239115	0.646921	0.10357
3910	-73.29057	-86.40009	13.10952	0	1	1	1	0.007825207	0.003538699	0.00116706	0.00116706	0.04286766	0.04286766	0.01168933	0.01168933	0.0128699	0.0579156	0.80098	0.128234
3911	-63.06654	-87.94654	24.88	0	1	0	0	0.007825207	0.0003672063	0.00116706	0.00116706	0.03745295	0.002650302	0.00745618	0.001915391	0.0111893	0.0503527	0.696384	0.242074
3912	-59.34908	-86.67219	27.32311	0	0	0	0	0.007825207	0.001793809	0.00116706	0.001535728	0.04147583	0.002654115	0.01584769	0.002097239	0.230664	0.0662895	0.605993	0.0970542
3913	-71.77888	-89.70685	17.92797	1	0	1	0	0.007825207	0.007825207	0.001357239	0.006967799	0.03381234	0.03381234	0.01584769	0.003252986	0.253845	0.0642921	0.587733	0.0941297
3914	-64.2201	-87.24742	23.02732	0	1	0	0	0.006431789	0.0004518869	0.001357239	0.001357239	0.03381234	0.008819043	0.01584769	0.002711764	0.238881	0.060502	0.612036	0.0885807
3915	-75.37568	-92.21713	16.84145	1	1	0	0	0.006431789	0.006431789	0.001357239	0.001357239	0.02673901	0.01817533	0.009056468	0.01351837	0.113827	0.0263789	0.266848	0.592946
3916	-78.20208	-91.99586	13.79378	1	1	1	0	0.006431789	0.006431789	0.002423123	0.002423123	0.02673901	0.02673901	0.02182066	0.005759357	0.196237	0.0121728	0.12314	0.668451
3917	-69.86491	-91.71369	21.84878	0	0	1	1	0.006431789	0.0007691813	0.002423123	0.002048965	0.02673901	0.02673901	0.008223866	0.008223866	0.665019	0.00507321	0.0513204	0.278587
3918	-70.95972	-90.33441	19.37469	0	1	1	0	0.006431789	0.003935481	0.002423123	0.002423123	0.03318222	0.03318222	0.008223866	0.00659144	0.480442	0.00366513	0.314628	0.201265
3919	-71.85832	-89.30478	17.44646	0	0	1	1	0.01403512	0.000492777	0.002423123	0.0025933	0.03233357	0.03233357	0.01993961	0.01993961	0.373037	0.00284577	0.528942	0.0951746
3920	-65.6205	-88.05435	22.43386	0	0	1	0	0.005575829	0.0002480879	0.002423123	0.002289375	0.03233357	0.03233357	0.01555828	0.01439813	0.420173	0.00381564	0.488173	0.0878388
3921	-68.0072	-88.39446	20.38726	0	0	1	1	0.005575829	0.0005056278	0.002937841	0.0003876711	0.03233357	0.03233357	0.01325539	0.01325539	0.033108	0.033738	0.156481	0.776673
3922	-69.91988	-88.88258	18.96269	0	0	1	1	0.005575829	0.001903876	0.002937841	0.005446549	0.03402507	0.03402507	0.01325539	0.01325539	0.0341396	0.0235688	0.114779	0.827512
3923	-74.63359	-89.71869	15.0851	0	1	1	1	0.003325635	0.004510837	0.0006705454	0.0006705454	0.03402507	0.03402507	0.01325539	0.01325539	0.0341396	0.0235688	0.114779	0.827512
3924	-81.09991	-91.57516	10.47525	1	1	1	1	0.001582454	0.001582454	0.002631667	0.002631667	0.03514951	0.03514951	0.01325539	0.01325539	0.0341396	0.0235688	0.114779	0.827512
3925	-74.53592	-90.21227	15.67635	1	0	1	1	0.004612769	0.004612769	0.002631667	0.001806762	0.03514951	0.03514951	0.008204794	0.008204794	0.0225779	0.015587	0.414569	0.547266
3926	-71.50556	-87.49074	15.98518	0	1	0	1	0.01291288	0.0003324883	0.0003259922	0.0003259922	0.05260412	0.005795848	0.008204794	0.008204794	0.0225779	0.015587	0.414569	0.547266
3927	-72.78825	-88.21158	15.42333	0	0	1	1	0.00920433	0.002138521	0.0003259922	0.01348091	0.05260412	0.05260412	0.005636101	0.005636101	0.0285888	0.0197367	0.269162	0.682513
3928	-68.75813	-88.20969	19.45155	0	1	1	0	0.00920433	0.002138521	0.00150767	0.00150767	0.03439507	0.03439507	0.01162212	0.001480523	0.0984511	0.0183173	0.249804	0.633428
3929	-70.77445	-89.15386	18.37941	1	0	1	0	0.006571533	0.006571533	7.425897e-05	0.001381408	0.03439507	0.03439507	0.01471979	0.009338932	0.111927	0.0218927	0.220111	0.64607
3930	-69.90772	-88.7699	18.86217	0	1	1	0	0.003533526	0.0008359025	0.0004795784	0.0004795784	0.03439507	0.03439507	0.01859627	0.005879187	0.258416	0.0505459	0.508191	0.182847
3931	-65.79887	-85.61977	19.8209	0	0	1	0	0.007080841	0.0008359025	0.0004795784	0.009182707	0.05376935	0.05376935	0.01403831	0.002386014	0.415367	0.0396728	0.010522	0.534439
3932	-69.87239	-85.11158	15.23919	0	0	1	1	0.007080841	0.0009565834	0.0004072087	0.008190959	0.05376935	0.05376935	0.01403831	0.01403831	0.152669	0.31681	0.334087	0.196434
3933	-68.81469	-92.17771	23.36303	0	0	1	0	0.003478008	0.008749822	5.0055e-05	0.008190959	0.03194656	0.03194656	0.01403831	0.001057776	0.238596	0.360495	0.380154	0.0207553
3934	-69.9113	-88.64246	18.73116	0	1	1	0	0.01155837	0.002609256	0.0006392387	0.0006392387	0.03194656	0.03194656	0.01403831	0.003677184	0.230665	0.126523	0.609533	0.0332788
3935	-66.06129	-89.62579	23.5645	0	0	1	0	0.01228158	0.001300991	0.001237386	2.234049e-05	0.03194656	0.03194656	0.01403831	0.005531883	0.425376	0.340101	0.145068	0.089455
3936	-69.88809	-89.88657	19.99847	0	0	1	1	0.003610649	0.0003071682	0.003883385	0.003433744	0.03194656	0.03194656	0.01403831	0.01403831	0.156401	0.125048	0.717511	0.00103953
3937	-77.59339	-91.80417	14.21078	1	1	1	0	0.003610649	0.003610649	0.002582871	0.002582871	0.03194656	0.03194656	0.009909176	0.01273942	0.266127	0.506646	0.225458	0.00176882
3938	-77.25604	-92.55775	15.3017	1	0	1	1	0.003610649	0.003610649	0.002827091	0.006255037	0.03194656	0.03194656	0.009909176	0.009909176	0.294803	0.561237	0.142001	0.00195941
3939	-73.24979	-97.41278	24.16299	1	0	1	0	0.003610649	0.003610649	0.002827091	0.001659959	0.0199945	0.0199945	0.005226866	7.943709e-05	0.415861	0.381061	0.200313	0.00276403
3940	-65.88462	-89.8528	23.96818	0	0	1	0	0.003610649	0.002334379	0.002053859	0.005024751	0.04146251	0.04146251	0.008373787	0.001190046	0.45318	0.108302	0.433836	0.00468175
3941	-66.95649	-89.27024	22.31376	0	0	0	1	0.01253525	0.002334379	0.003339647	6.642573e-06	0.0429755	0.003948173	0.008373787	0.008373787	0.45318	0.108302	0.433836	0.00468175
3942	-74.84436	-95.07499	20.23063	0	1	1	0	0.01253525	0.002334379	0.004110803	0.004110803	0.03016984	0.03016984	0.004265125	0.002476439	0.182153	0.326302	0.142098	0.349446
3943	-75.04712	-94.83759	19.79047	0	1	0	1	0.004270782	0.002334379	0.004110803	0.004110803	0.03016984	0.01286975	0.004654033	0.004654033	0.172327	0.364979	0.133758	0.328936
3944	-70.24422	-94.10626	23.86204	0	1	0	0	0.004270782	0.0001461039	0.004110803	0.004110803	0.03016984	0.01286278	0.00455433	0.008542449	0.172327	0.364979	0.133758	0.328936
3945	-74.77701	-92.41385	17.63683	0	1	1	1	0.004553918	0.001538489	0.001742581	0.001742581	0.02603523	0.02603523	0.007321212	0.007321212	0.172327	0.364979	0.133758	0.328936
3946	-73.98173	-90.07491	16.09318	0	1	1	1	0.00776305	0.0003843893	0.0002027365	0.0002027365	0.02603523	0.02603523	0.01563581	0.01563581	0.0805648	0.170632	0.0625331	0.68627
3947	-74.92286	-83.97317	9.050307	0	1	1	1	0.00776305	0.001347209	0.0009153519	0.0009153519	0.06464551	0.06464551	0.01563581	0.01563581	0.0747717	0.158362	0.162894	0.603972
3948	-76.88141	-86.75407	9.872655	1	0	1	1	0.003312539	0.003312539	0.0001353982	0.001873787	0.06464551	0.06464551	0.01563581	0.01563581	0.350955	0.245868	0.252905	0.150273
3949	-82.34431	-86.73118	4.386871	1	1	1	1	0.00702824	0.00702824	0.0001353982	0.0001353982	0.06464551	0.06464551	0.01563581	0.01563581	0.403897	0.282958	0.140204	0.172941
3950	-79.21119	-90.59044	11.37924	1	1	1	0	0.01137215	0.01137215	0.0001353982	0.0001353982	0.0479074	0.0479074	0.01563581	0.001934487	0.46061	0.322689	0.0194758	0.197225
3951	-70.09141	-87.48928	17.39788	0	0	1	1	0.00440019	0.002463594	0.0001955973	0.006978015	0.04242219	0.04242219	0.01563581	0.01563581	0.352164	0.283435	0.0148904	0.34951
3952	-75.50157	-88.31733	12.81576	0	1	1	1	0.00440019	0.003992313	0.002317787	0.002317787	0.04242219	0.04242219	0.01563581	0.01563581	0.348012	0.189383	0.0617665	0.400838
3953	-67.42219	-87.58451	20.16232	0	0	1	0	0.01129047	0.003992313	0.002190843	0.003099204	0.04242219	0.04242219	0.01127799	0.01154672	0.0224281	0.0569304	0.679483	0.241158
3954	-73.05276	-88.14475	15.09199	0	0	1	1	0.01129047	0.004630356	0.0029422	0.002917799	0.04242219	0.04242219	0.02108224	0.02108224	0.0172482	0.104574	0.435199	0.442979
3955	-73.23364	-93.94081	20.70716	0	1	1	0	0.006461377	0.005386365	0.0029422	0.0029422	0.01848217	0.01848217	0.01808902	0.001804918	0.0585277	0.129613	0.539402	0.272456
3956	-77.45989	-92.66505	15.20516	1	1	0	1	0.006197538	0.006197538	0.0029422	0.0029422	0.02985936	0.008469469	0.007632175	0.007632175	0.0374212	0.190161	0.52451	0.247908
3957	-65.19176	-88.91366	23.72191	0	0	1	0	0.006197538	0.00157198	0.002602826	0.002368635	0.04369111	0.04369111	0.007632175	0.001394405	0.0750478	0.381365	0.0464106	0.497176
3958	-68.55361	-86.8377	18.28409	0	0	1	1	0.006197538	5.307688e-05	0.002602826	0.00278408	0.04369111	0.04369111	0.01169755	0.01169755	0.0750478	0.381365	0.0464106	0.497176
3959	-75.51274	-88.57183	13.05909	0	1	1	1	0.005425549	8.218646e-05	0.004440682	0.004440682	0.05020215	0.05020215	0.007225864	0.007225864	0.0760611	0.373012	0.0470373	0.503889
3960	-67.39741	-86.96379	19.56638	0	0	1	0	0.005425549	0.002946693	0.0005317612	0.009851813	0.05020215	0.05020215	0.0102252	0.01004542	0.0736929	0.392534	0.0455727	0.4882
3961	-80.66646	-91.19333	10.52687	1	1	1	1	0.005425549	0.005425549	0.0005565154	0.0005565154	0.04074197	0.04074197	0.005599702	0.005599702	0.0875567	0.466382	0.0541464	0.391915
3962	-81.88464	-93.43651	11.55188	1	1	1	1	0.005220969	0.005220969	0.003808417	0.003808417	0.03183156	0.03183156	0.005599702	0.005599702	0.0745373	0.397032	0.194792	0.333639
3963	-73.1367	-92.35032	19.21361	0	0	1	1	0.005220969	0.003779475	0.003808417	0.00654248	0.03675823	0.03675823	0.005599702	0.005599702	0.338489	0.283794	0.139235	0.238481
3964	-68.6205	-90.04505	21.42455	0	0	1	0	0.007324859	0.004074803	0.00117894	0.006631611	0.04876641	0.04876641	0.005599702	0.005023389	0.734494	0.0414863	0.15266	0.0713603
3965	-74.64066	-96.47006	21.8294	1	0	1	0	0.004131768	0.004131768	0.002535403	0.005204844	0.02197928	0.02197928	0.005599702	0.007295804	0.711031	0.0401611	0.147783	0.101024
3966	-75.38275	-92.7728	17.39004	0	1	1	1	0.004131768	0.002688142	0.002535403	0.002535403	0.02197928	0.02197928	0.0112685	0.0112685	0.0924034	0.151878	0.373672	0.382047
3967	-69.95686	-91.53217	21.57531	0	1	1	0	0.004131768	0.001078838	0.0008876083	0.0008876083	0.02197928	0.02197928	0.01922491	0.0008977827	0.0912589	0.149997	0.381429	0.377315
3968	-79.75237	-92.83047	13.0781	1	1	1	1	0.004269476	0.004269476	0.0008876083	0.0008876083	0.02197928	0.02197928	0.01059419	0.01059419	0.104926	0.0749542	0.352188	0.467932
3969	-75.05154	-87.301	12.24945	1	0	1	1	0.005784123	0.005784123	0.002620695	0.0003932859	0.05456278	0.05456278	0.008646719	0.008646719	0.058453	0.0442921	0.636575	0.26068
3970	-72.04937	-89.77586	17.72649	0	1	1	0	0.005784123	0.002348597	0.002620695	0.002620695	0.02830065	0.02830065	0.01047763	0.02068404	0.0229271	0.110695	0.690708	0.17567
3971	-67.6974	-87.00281	19.3054	0	0	1	1	0.008074363	0.0008075782	0.002011776	0.001538348	0.03996595	0.03996595	0.008786202	0.008786202	0.0265682	0.128274	0.800401	0.0447569
3972	-74.26198	-87.42698	13.16499	0	1	1	1	0.008074363	0.0007259575	0.002011776	0.002011776	0.04717234	0.04717234	0.008786202	0.008786202	0.123418	0.595876	0.0727964	0.20791
3973	-70.56382	-88.1184	17.55458	0	0	1	1	0.008074363	0.002251596	0.002011776	0.002902773	0.04717234	0.04717234	0.008786202	0.008786202	0.321148	0.461464	0.0563757	0.161012
3974	-65.78324	-89.1506	23.36736	0	0	1	0	0.004832001	0.001294205	0.002011776	0.001496518	0.03905117	0.03905117	0.007311374	0.01148964	0.367486	0.149802	0.0375448	0.445167
3975	-73.75591	-89.64421	15.8883	0	1	1	1	0.004832001	0.001397667	0.0005725385	0.0005725385	0.03707954	0.03707954	0.007311374	0.007311374	0.244704	0.25333	0.0349076	0.467059
3976	-73.4049	-86.96255	13.55765	0	1	1	1	0.004832001	0.001397667	0.001245601	0.001245601	0.0425426	0.0425426	0.01450675	0.01450675	0.246218	0.248708	0.0351237	0.46995
3977	-75.02372	-88.00383	12.9801	1	0	1	1	0.004832001	0.004832001	0.001245601	0.007511798	0.0425426	0.0425426	0.01169623	0.01169623	0.108866	0.109967	0.573376	0.20779
3978	-67.9912	-87.12465	19.13345	0	0	1	1	0.004411988	0.001878373	0.001245601	0.0003930096	0.0425426	0.0425426	0.01169623	0.01169623	0.124312	0.172289	0.654727	0.0486716
3979	-67.80254	-86.38578	18.58324	0	0	1	1	0.007176072	0.001878373	0.001588193	0.0004335753	0.0425426	0.0425426	0.01169623	0.01169623	0.0839722	0.109822	0.336189	0.470017
3980	-67.68764	-86.90212	19.21448	0	1	1	0	0.007176072	0.001878373	0.001332681	0.001332681	0.03883569	0.03883569	0.01169623	0.0007852776	0.154705	0.202329	0.619374	0.023591
3981	-77.25377	-91.9644	14.71063	1	1	1	0	0.007176072	0.007176072	0.00256786	0.00256786	0.02633879	0.02633879	0.01671751	0.005129263	0.269261	0.352149	0.346671	0.0319193
3982	-71.85682	-91.63426	19.77744	1	0	1	0	0.006270043	0.006270043	0.00256786	0.0008595547	0.02633879	0.02633879	0.01671751	0.005730391	0.291344	0.341507	0.336195	0.0309547
3983	-66.61662	-85.55125	18.93463	0	0	1	0	0.009730576	0.0005520052	0.0009026791	0.004790937	0.05437258	0.05437258	0.01676305	0.005730391	0.19451	0.546178	0.224454	0.0348582
3984	-69.88949	-84.71828	14.82879	0	1	0	1	0.00852601	0.0002798385	0.001588022	0.001588022	0.05437258	0.005369729	0.01665459	0.01665459	0.146202	0.159734	0.647998	0.0460654
3985	-73.86669	-85.00815	11.14146	0	1	1	1	0.00852601	0.001615865	0.001588022	0.001588022	0.05437258	0.05437258	0.01224294	0.01224294	0.146202	0.159734	0.647998	0.0460654
3986	-73.23599	-88.22866	14.99267	0	0	0	1	0.00852601	0.001439136	0.006680495	0.004513698	0.05437258	0.01993927	0.01991933	0.01991933	0.202474	0.221214	0.512516	0.0637955
3987	-68.89596	-87.73673	18.84077	0	1	1	0	0.00852601	5.405944e-05	0.002620502	0.002620502	0.03462079	0.03462079	0.01139189	0.00662873	0.202474	0.221214	0.512516	0.0637955
3988	-71.55944	-91.89947	20.34003	0	1	1	0	0.002331915	0.0001039749	0.0001128013	0.0001128013	0.03633364	0.03633364	0.01139189	0.004991857	0.259553	0.467732	0.190935	0.0817798
3989	-65.35945	-88.62321	23.26376	0	0	1	0	0.004869308	0.0006644976	0.0002723111	0.005726616	0.03633364	0.03633364	0.01139189	0.00882102	0.199729	0.590414	0.146927	0.0629304
3990	-75.30632	-90.62881	15.32249	0	1	1	1	0.004869308	0.005010087	0.0001764197	0.0001764197	0.03298192	0.03298192	0.01139189	0.01139189	0.16302	0.481901	0.303715	0.0513643
3991	-64.93632	-88.62685	23.69052	0	0	1	0	0.01078111	0.003467064	0.0001013789	0.005241385	0.03298192	0.03298192	0.01139189	0.001673428	0.119211	0.0825243	0.760704	0.0375608
3992	-71.39185	-87.29655	15.90471	0	0	1	1	0.01078111	0.006072766	0.0001013789	0.004903876	0.04738542	0.04738542	0.01139189	0.01139189	0.371007	0.0589326	0.543237	0.0268231
3993	-67.65359	-86.985	19.3314	0	0	1	0	0.01078111	0.00500222	0.0002849211	0.01010304	0.05108942	0.05108942	0.01139189	0.001920045	0.371007	0.0589326	0.543237	0.0268231
3994	-63.96851	-88.21478	24.24627	0	0	0	0	0.009542154	0.0007934712	0.002098293	0.01209271	0.05108942	0.0008433797	0.01139189	0.004145115	0.577847	0.0917881	0.288588	0.0417772
3995	-72.7833	-89.68488	16.90159	0	1	0	1	0.006819806	0.0007934712	0.00102582	0.00102582	0.02842865	0.01399674	0.02386973	0.02386973	0.523775	0.147287	0.29107	0.037868
3996	-76.72646	-97.1273	20.40084	0	0	1	0	0.006819806	0.0090102	0.0004072708	0.006148053	0.01675432	0.01675432	0.02587669	0.01943904	0.523775	0.147287	0.29107	0.037868
3997	-75.89411	-91.32221	15.42809	0	1	1	1	0.006819806	0.005463171	0.003258449	0.003258449	0.02928308	0.02928308	0.009001049	0.009001049	0.253633	0.0713224	0.656707	0.0183372
3998	-65.50419	-91.68808	26.18389	0	0	1	0	0.006819806	0.002414531	0.0008649185	0.006367985	0.02928308	0.02928308	0.005346952	0.0002786687	0.234695	0.0659972	0.642702	0.0566052
3999	-73.84565	-89.37211	15.52646	1	0	1	1	0.005829795	0.005829795	0.0008649185	5.955791e-05	0.03868923	0.03868923	0.00781939	0.00781939	0.234695	0.0659972	0.642702	0.0566052
4000	-70.74277	-91.32337	20.5806	0	0	1	1	0.005829795	0.007276607	0.0007472473	5.111866e-05	0.03216583	0.03216583	0.00781939	0.00781939	0.342066	0.09619	0.479243	0.0825014
4001	-79.5252	-94.96012	15.43491	1	1	1	0	0.009839962	0.009839962	0.003927248	0.003927248	0.03216583	0.03216583	0.006162406	0.001691102	0.0941422	0.751256	0.131896	0.0227058
4002	-78.69388	-96.42247	17.72859	1	0	1	1	0.004724852	0.004724852	0.002467658	0.005011068	0.02319217	0.02319217	0.005270802	0.005270802	0.193442	0.517807	0.0909097	0.197842
4003	-77.19406	-92.4604	15.26634	1	1	1	0	0.004724852	0.004724852	0.002467658	0.002467658	0.02700084	0.02700084	0.01948974	0.001067707	0.0964506	0.580075	0.101842	0.221633
4004	-67.91962	-93.65424	25.73462	0	0	1	0	0.004724852	0.002688055	0.002686866	0.002380428	0.02700084	0.02700084	0.00541764	0.00904712	0.154598	0.334072	0.160986	0.350344
4005	-65.34519	-90.13514	24.78995	0	0	1	0	0.004724852	0.001635409	0.001072681	0.001151092	0.02700084	0.02700084	0.01597796	0.007786523	0.198822	0.177197	0.154282	0.469699
4006	-79.75054	-93.17895	13.42841	1	0	1	1	0.004724852	0.004724852	0.001138854	0.008924531	0.02521871	0.02521871	0.02525693	0.02525693	0.330577	0.397326	0.234395	0.0377021
4007	-78.4522	-90.03606	11.58386	1	0	1	1	0.006600355	0.006600355	0.001138854	0.005848081	0.03697059	0.03697059	0.02525693	0.02525693	0.283476	0.387022	0.300399	0.0291029
4008	-82.39031	-86.51235	4.122048	1	1	1	0	0.00676104	0.00676104	0.001138854	0.001138854	0.08083365	0.08083365	0.02525693	0.004506433	0.238002	0.437851	0.291222	0.032925
4009	-79.70376	-86.10167	6.397912	1	0	1	1	0.004733848	0.004733848	0.001138854	0.003290287	0.08083365	0.08083365	0.01548218	0.01548218	0.293311	0.394101	0.272011	0.0405765
4010	-74.67448	-86.7938	12.11932	0	1	1	1	0.004499489	0.0007178652	0.001138854	0.001138854	0.05857976	0.05857976	0.007815999	0.007815999	0.209755	0.281833	0.194523	0.313889
4011	-65.92785	-86.23409	20.30624	0	0	1	0	0.007496488	0.001623737	0.001138854	2.634322e-05	0.05857976	0.05857976	0.007815999	0.008315329	0.210089	0.282281	0.193242	0.314388
4012	-73.64645	-88.21467	14.56823	0	1	1	0	0.007973873	0.001122551	0.005468393	0.005468393	0.05857976	0.05857976	0.007815999	0.007320618	0.210089	0.282281	0.193242	0.314388
4013	-73.99522	-87.55942	13.5642	0	1	1	1	0.007973873	0.001122551	0.000648186	0.000648186	0.04804726	0.04804726	0.006695276	0.006695276	0.232771	0.219698	0.214105	0.333426
4014	-60.08095	-87.04435	26.9634	0	0	0	0	0.007424779	0.00120624	0.000648186	0.0008404962	0.04804726	0.002059517	0.01008728	0.006140508	0.0879366	0.368806	0.30912	0.234137
4015	-60.88819	-87.58107	26.69287	0	0	0	0	0.007424779	0.0005144363	0.000648186	0.007042824	0.04804726	0.001755714	0.008990517	0.003577968	0.130995	0.0618257	0.460482	0.346697
4016	-71.70905	-94.38806	22.67901	0	1	1	0	0.004579113	0.003985926	0.000648186	0.000648186	0.019166	0.019166	0.008990517	0.004517202	0.085804	0.0404968	0.301623	0.572076
4017	-66.29194	-90.04896	23.75702	0	1	0	0	0.004345163	0.0004838192	0.001551672	0.001551672	0.03218573	0.002914324	0.009548803	0.01422829	0.249705	0.00932143	0.255803	0.485171
4018	-68.01836	-89.63302	21.61467	0	0	1	0	0.007083054	0.003982295	0.004816103	0.0002722294	0.0371285	0.0371285	0.009548803	0.01468125	0.309134	0.0115399	0.504252	0.175074
4019	-66.47918	-87.00513	20.52594	0	0	1	0	0.007083054	0.003982295	0.001089044	5.375141e-05	0.0473016	0.0473016	0.009548803	0.01468125	0.335062	0.092441	0.382739	0.189758
4020	-70.35348	-87.08348	16.73	0	1	1	0	0.007083054	0.003982295	0.001089044	0.001089044	0.0473016	0.0473016	0.009548803	0.006910897	0.335062	0.092441	0.382739	0.189758
4021	-68.32805	-86.26914	17.94109	0	1	1	0	0.007083054	0.0001403276	0.001799933	0.001799933	0.0473016	0.0473016	0.01119762	0.001465661	0.341322	0.159946	0.170404	0.328328
4022	-74.52102	-87.36134	12.84032	0	1	1	1	0.006155985	0.0004459549	0.003526631	0.003526631	0.0473016	0.0473016	0.01119762	0.01119762	0.502152	0.120892	0.128796	0.24816
4023	-77.78754	-87.39403	9.606487	1	1	1	0	0.006155985	0.006155985	0.003526631	0.003526631	0.05688181	0.05688181	0.01217081	0.008390314	0.305003	0.0734284	0.470839	0.15073
4024	-72.03569	-88.41129	16.3756	0	1	0	1	0.006155985	0.003134641	0.002732763	0.002732763	0.05688181	0.001158131	0.007879554	0.007879554	0.427923	0.0604415	0.387564	0.124071
4025	-74.22091	-89.91153	15.69061	1	0	1	1	0.004725161	0.004725161	0.001002456	0.003077936	0.03563882	0.03563882	0.007879554	0.007879554	0.150767	0.140006	0.53724	0.171987
4026	-74.3281	-86.51202	12.18392	0	0	1	1	0.003971644	0.0005464715	0.003279795	0.002687309	0.06911992	0.06911992	0.02231446	0.02231446	0.247529	0.143236	0.549633	0.0596026
4027	-70.98741	-89.5489	18.56149	1	0	1	0	0.00833607	0.00833607	0.003279795	0.000271793	0.04202668	0.04202668	0.009524271	0.002000857	0.230276	0.133252	0.511323	0.125149
4028	-68.58675	-92.9615	24.37474	0	0	1	0	0.004890045	0.001155719	0.0003325846	0.000271793	0.04202668	0.04202668	0.002930797	0.01011677	0.30432	0.176099	0.354192	0.165389
4029	-65.25506	-90.0487	24.79364	0	0	1	0	0.004890045	0.003308342	0.002384985	0.0008222286	0.03533321	0.03533321	0.008694573	0.003894906	0.257254	0.303522	0.299413	0.139811
4030	-69.78605	-90.11547	20.32942	0	1	0	1	0.004890045	0.001764099	0.0005692228	0.0005692228	0.03533321	0.004075652	0.008694573	0.008694573	0.405513	0.246614	0.243275	0.104598
4031	-69.55118	-88.76676	19.21558	0	1	0	1	0.004890045	0.001764099	0.0005692228	0.0005692228	0.03533321	0.004073611	0.01506781	0.01506781	0.225954	0.321101	0.316754	0.136191
4032	-67.45499	-92.11816	24.66317	1	0	0	0	0.003814272	0.003814272	0.002332231	0.003752765	0.0309806	0.004070468	0.01506781	5.644041e-05	0.47672	0.217074	0.214136	0.0920695
4033	-66.48498	-91.06161	24.57663	0	0	0	1	0.003676236	0.001400416	0.002142161	0.004977052	0.0309806	0.002325305	0.01506781	0.01506781	0.576249	0.0536164	0.258843	0.111292
4034	-79.82269	-89.56665	9.743964	1	1	1	1	0.003489673	0.003489673	0.001480071	0.001480071	0.04247017	0.04247017	0.009362107	0.009362107	0.404893	0.260557	0.181872	0.152678
4035	-76.4764	-89.58416	13.10775	1	0	1	1	0.003450732	0.003450732	0.001959464	0.007346852	0.04247017	0.04247017	0.01187083	0.01187083	0.404893	0.260557	0.181872	0.152678
4036	-69.72584	-87.72953	18.00369	0	0	1	1	0.003903831	0.002127373	0.001127027	0.003070292	0.04247017	0.04247017	0.01593142	0.01593142	0.132234	0.437697	0.380206	0.0498629
4037	-80.04334	-88.52055	8.477213	1	1	1	1	0.003903831	0.003903831	0.001742508	0.001742508	0.04247017	0.04247017	0.01593142	0.01593142	0.149382	0.494458	0.299831	0.0563291
4038	-75.73764	-89.24079	13.50315	1	0	1	0	0.007457629	0.007457629	0.003365382	0.008359522	0.04247017	0.04247017	0.01593142	0.0167894	0.0992024	0.328362	0.535029	0.0374073
4039	-71.88647	-87.68003	15.79356	0	0	1	1	0.01214469	0.0002340729	0.003365382	0.007126484	0.04247017	0.04247017	0.01593142	0.01593142	0.0992024	0.328362	0.535029	0.0374073
4040	-70.43103	-89.77875	19.34773	0	0	1	1	0.005622209	0.002018211	0.003365382	0.001725381	0.04247017	0.04247017	0.005740774	0.005740774	0.0907159	0.300271	0.489259	0.119754
4041	-64.47757	-87.12252	22.64495	0	0	1	0	0.005622209	0.0001450763	0.0007411006	0.001725381	0.03869607	0.03869607	0.02028143	0.00440766	0.398179	0.220452	0.359202	0.0221677
4042	-70.25992	-94.98272	24.7228	1	0	0	0	0.002507725	0.002507725	0.0075319	0.001514619	0.03505922	0.0005752846	0.006651025	0.0058937	0.315903	0.1749	0.28498	0.224218
4043	-78.24421	-95.17116	16.92695	1	1	0	0	0.002454119	0.002454119	0.0075319	0.0075319	0.04184415	0.009671555	0.006651025	0.006636381	0.222932	0.119978	0.20111	0.45598
4044	-76.7655	-89.75995	12.99445	1	1	0	1	0.004300798	0.004300798	0.00103514	0.00103514	0.04184415	0.009677293	0.01088876	0.01088876	0.243061	0.300868	0.219268	0.236802
4045	-67.48861	-90.28296	22.79434	0	1	0	0	0.004300798	0.005054032	0.001136622	0.001136622	0.04184415	0.005919895	0.01088876	0.001620142	0.270271	0.222601	0.243815	0.263312
4046	-69.60567	-88.56425	18.95858	0	1	1	0	0.004300798	0.002819123	0.001136622	0.001136622	0.04184415	0.04184415	0.009783865	0.00328351	0.27551	0.203489	0.222881	0.29812
4047	-65.0123	-87.17162	22.15932	0	0	1	0	0.008675511	0.00233768	0.001136622	0.003689747	0.04641571	0.04641571	0.008591991	0.003549536	0.079174	0.125728	0.10016	0.694938
4048	-71.4728	-86.13635	14.66355	0	1	0	1	0.01083855	0.000205766	0.001136622	0.001136622	0.04641571	0.01100826	0.01813103	0.01813103	0.187968	0.176179	0.337366	0.298487
4049	-70.72587	-90.66432	19.93845	1	0	1	0	0.003609928	0.003609928	0.001136622	0.001370694	0.03650495	0.03650495	0.008019531	0.006921436	0.421803	0.184785	0.353846	0.039565
4050	-70.8603	-89.5767	18.7164	0	0	1	1	0.002336629	0.0003581132	0.001136622	0.0007634119	0.05193904	0.05193904	0.008019531	0.008019531	0.421803	0.184785	0.353846	0.039565
4051	-64.90675	-89.10154	24.19479	0	1	0	0	0.003669447	0.0002173501	0.001136622	0.001136622	0.03374016	0.002815668	0.01565372	0.005520782	0.401857	0.223334	0.337114	0.0376941
4052	-72.95533	-88.82829	15.87296	0	1	1	1	0.003669447	0.0002173501	0.0003831211	0.0003831211	0.03374016	0.03374016	0.01327082	0.01327082	0.24588	0.136649	0.257765	0.359706
4053	-70.59398	-89.95495	19.36097	0	1	1	0	0.008292412	0.001549346	0.004118683	0.004118683	0.03374016	0.03374016	0.0116497	0.001516061	0.187524	0.39748	0.196589	0.218407
4054	-66.32799	-91.2416	24.91361	0	1	0	0	0.004534212	0.0006166666	0.004118683	0.004118683	0.03374016	0.001976326	0.0116497	0.002006279	0.379383	0.249584	0.123441	0.247592
4055	-68.39789	-93.22378	24.82589	0	1	0	0	0.004974896	0.003224903	0.004187281	0.004187281	0.0286935	0.004641936	0.0116497	0.001771579	0.324771	0.357607	0.105672	0.211951
4056	-70.60276	-90.97883	20.37607	0	1	1	0	0.005886562	0.004384735	0.0005473909	0.0005473909	0.02946743	0.02946743	0.0116497	0.003124101	0.38983	0.24935	0.120043	0.240777
4057	-71.47099	-89.53404	18.06305	0	0	1	1	0.01235365	0.0006893588	0.0006692743	0.0009766404	0.02946743	0.02946743	0.02413422	0.02413422	0.226253	0.14472	0.489282	0.139744
4058	-72.79083	-88.54623	15.7554	0	1	0	0	0.01474119	0.002329809	0.001075503	0.001075503	0.04771847	0.01445812	0.02413422	0.006570336	0.0123417	0.471994	0.325085	0.19058
4059	-72.63979	-87.34682	14.70703	0	1	1	0	0.01474119	0.001663391	0.001075503	0.001075503	0.04771847	0.04771847	0.01677881	0.005509893	0.0105782	0.659999	0.278633	0.0507896
4060	-75.19748	-85.69722	10.49974	0	1	1	1	0.007720912	0.0008954278	0.001075503	0.001075503	0.05193687	0.05193687	0.02038738	0.02038738	0.0105782	0.659999	0.278633	0.0507896
4061	-71.13234	-85.61517	14.48284	0	1	1	0	0.007720912	0.001825916	0.001075503	0.001075503	0.05193687	0.05193687	0.02038738	0.005823043	0.00918101	0.524137	0.354853	0.111828
4062	-76.80659	-87.44593	10.63933	1	0	1	1	0.00727801	0.00727801	0.001075503	0.008782696	0.05193687	0.05193687	0.01214452	0.01214452	0.00918101	0.524137	0.354853	0.111828
4063	-66.31826	-87.32172	21.00347	0	1	0	0	0.004410428	0.002453577	0.001075503	0.001075503	0.05193687	0.005524861	0.01324208	0.002365018	0.00829882	0.473774	0.416844	0.101083
4064	-73.14917	-90.26642	17.11725	0	1	1	1	0.003568995	0.0006575758	0.001075503	0.001075503	0.02561932	0.02561932	0.01324208	0.01324208	0.00488478	0.278869	0.656748	0.0594985
4065	-75.81912	-88.23407	12.41495	1	1	1	0	0.003568995	0.003568995	0.002429515	0.002429515	0.04510993	0.04510993	0.01324208	0.006710404	0.00488478	0.278869	0.656748	0.0594985
4066	-70.20083	-91.97315	21.77232	0	1	1	0	0.003282591	0.0006994243	0.002379743	0.002379743	0.02157232	0.02157232	0.01324208	0.005897146	0.00665497	0.0175387	0.894746	0.0810602
4067	-79.30946	-89.98269	10.67323	1	1	1	1	0.003282591	0.003282591	0.001637393	0.001637393	0.03766532	0.03766532	0.008901244	0.008901244	0.362563	0.0112547	0.574165	0.0520169
4068	-75.66073	-87.60876	11.94803	1	0	1	1	0.003282591	0.003282591	0.001739896	0.006165924	0.04916268	0.04916268	0.01338068	0.01338068	0.151823	0.0047129	0.319669	0.523795
4069	-73.95701	-87.48115	13.52414	1	0	1	1	0.003282591	0.003282591	0.0003347889	0.003688581	0.04402968	0.04402968	0.01338068	0.01338068	0.151823	0.0047129	0.319669	0.523795
4070	-68.07596	-87.21629	19.14033	0	0	1	1	0.006762707	0.0004356454	0.0003347889	0.003716116	0.04402968	0.04402968	0.006849498	0.006849498	0.152479	0.00473325	0.316732	0.526056
4071	-70.18287	-89.52674	19.34387	0	1	1	0	0.005308417	0.0005568111	0.004126992	0.004126992	0.04402968	0.04402968	0.006849498	9.277036e-05	0.152479	0.00473325	0.316732	0.526056
4072	-72.75666	-87.52677	14.77011	0	1	1	1	0.005308417	6.320795e-05	0.001338475	0.001338475	0.04402968	0.04402968	0.006849498	0.006849498	0.146933	0.00476422	0.318804	0.529498
4073	-80.18953	-90.04749	9.857959	1	1	1	1	0.005308417	0.005308417	0.001338475	0.001338475	0.04402968	0.04402968	0.005473398	0.005473398	0.198558	0.00643812	0.0794671	0.715536
4074	-80.62877	-91.83082	11.20205	1	1	0	1	0.00740089	0.00740089	0.001338475	0.001338475	0.04976748	0.01401858	0.005473398	0.005473398	0.198558	0.00643812	0.0794671	0.715536
4075	-77.34133	-90.53869	13.19735	1	0	1	1	0.006250762	0.006250762	0.003922887	0.001171013	0.04976748	0.04976748	0.005473398	0.005473398	0.677605	0.00478715	0.0834086	0.234199
4076	-70.47378	-92.07064	21.59685	0	1	0	0	0.006250762	0.004312945	0.003922887	0.003922887	0.04728411	0.007270294	0.005473398	0.003099724	0.0748028	0.0146214	0.195262	0.715314
4077	-65.51848	-88.2562	22.73772	0	1	0	0	0.005752555	0.001695598	0.001513989	0.001513989	0.04947577	0.001585772	0.008942939	0.002121685	0.0748028	0.0146214	0.195262	0.715314
4078	-67.82612	-86.13618	18.31006	0	1	1	0	0.005752555	0.000277266	0.001513989	0.001513989	0.04488973	0.04488973	0.01303393	0.001410171	0.0554444	0.128757	0.14473	0.671069
4079	-77.63851	-88.3005	10.66199	0	1	1	1	0.005752555	0.001736852	0.000154567	0.000154567	0.06767269	0.06767269	0.005771337	0.005771337	0.18877	0.258024	0.5246	0.028606
4080	-80.14297	-86.99637	6.853396	1	0	1	1	0.01033531	0.01033531	0.0001336425	0.005233108	0.07404056	0.07404056	0.01313079	0.01313079	0.335247	0.458241	0.155709	0.050803
4081	-81.32402	-88.57401	7.249986	1	1	1	0	0.01257569	0.01257569	0.00025721	0.00025721	0.07404056	0.07404056	0.01313079	0.0006006389	0.514038	0.300693	0.139692	0.0455771
4082	-78.64632	-91.43168	12.78535	0	1	1	1	0.01257569	0.003648604	0.003256732	0.003256732	0.03158116	0.03158116	0.01788003	0.01788003	0.577905	0.213807	0.157048	0.0512398
4083	-72.25732	-89.89699	17.63966	0	1	1	0	0.01257569	0.0004015891	0.001573562	0.001573562	0.03453223	0.03453223	0.008775507	0.01285378	0.587479	0.200423	0.159921	0.0521772
4084	-70.4026	-87.99352	17.59092	0	1	0	1	0.005909106	0.0002731816	0.001573562	0.001573562	0.03453223	0.008491436	0.02021166	0.02021166	0.101182	0.43669	0.348442	0.113686
4085	-60.49198	-89.50586	29.01388	0	0	0	0	0.006992847	0.002524544	0.0006880077	0.000845621	0.03453223	0.008491436	0.008205746	0.002444943	0.0833569	0.459698	0.444919	0.0120258
4086	-68.35559	-90.93277	22.57718	0	0	0	1	0.006992847	0.001813062	0.004217803	0.003822424	0.03453223	0.01391378	0.006714423	0.006714423	0.145564	0.2859	0.553573	0.0149626
4087	-73.34989	-89.93618	16.58628	0	0	1	1	0.01255294	0.004495458	0.002924536	0.005745626	0.03453223	0.03453223	0.01648699	0.01648699	0.160553	0.212367	0.610577	0.0165034
4088	-69.79093	-87.74326	17.95233	0	1	1	0	0.005715401	0.002057879	0.002924536	0.002924536	0.0383299	0.0383299	0.01648699	0.003409198	0.154718	0.204648	0.588383	0.0522515
4089	-65.66323	-86.62924	20.966	0	0	0	1	0.005715401	0.002045542	0.002924536	0.0006746436	0.04996974	0.003405781	0.01648699	0.01648699	0.120173	0.158955	0.560569	0.160303
4090	-72.63524	-86.62148	13.98624	1	0	1	0	0.007438669	0.007438669	0.002924536	0.0008361774	0.05559908	0.05559908	0.01648699	0.008324753	0.126525	0.114502	0.590197	0.168776
4091	-74.09822	-84.7227	10.62448	0	1	1	1	0.007165813	0.001562372	0.0004883103	0.0004883103	0.05559908	0.05559908	0.01648699	0.01648699	0.126335	0.117061	0.588355	0.168249
4092	-74.75854	-85.78125	11.02272	0	1	1	0	0.007165813	0.001779524	0.002482924	0.002482924	0.05559908	0.05559908	0.01648699	0.02504742	0.550899	0.0730428	0.367116	0.00894175
4093	-69.22308	-84.96985	15.74677	0	1	1	0	0.007165813	0.001779524	0.00147521	0.00147521	0.05559908	0.05559908	0.01304079	0.002479435	0.0972824	0.226342	0.648668	0.0277083
4094	-75.92852	-85.31237	9.383849	0	1	1	1	0.007712267	0.005762067	0.00147521	0.00147521	0.06035132	0.06035132	0.01309819	0.01309819	0.122808	0.0233424	0.818871	0.0349786
4095	-71.70285	-90.36327	18.66041	0	1	1	0	0.009094597	0.007927619	0.00147521	0.00147521	0.02918599	0.02918599	0.01309819	0.004092015	0.0624943	0.0118784	0.801186	0.124442
4096	-69.90041	-89.78506	19.88465	0	0	1	1	0.009094597	0.005340469	0.00147521	0.001051676	0.02781077	0.02781077	0.01309819	0.01309819	0.0624943	0.0118784	0.801186	0.124442
4097	-70.55128	-90.41363	19.86236	0	0	1	1	0.007242922	0.005201207	0.00147521	0.003170116	0.02781077	0.02781077	0.01309819	0.01309819	0.0937579	0.346044	0.373503	0.186696
4098	-80.81976	-91.67913	10.85937	1	1	1	1	0.007745879	0.007745879	0.001767005	0.001767005	0.02781077	0.02781077	0.01309819	0.01309819	0.410562	0.225074	0.242934	0.12143
4099	-77.11665	-93.03225	15.91561	1	0	1	1	0.007745879	0.007745879	0.002142461	0.00454604	0.02533429	0.02533429	0.01126828	0.01126828	0.410562	0.225074	0.242934	0.12143
4100	-70.4086	-89.76997	19.36137	0	0	1	1	0.007745879	0.0003014118	0.004096229	0.00454604	0.03290627	0.03290627	0.01126828	0.01126828	0.278258	0.357706	0.171048	0.192988
4101	-69.71389	-89.67223	19.95834	0	0	1	1	0.01050595	0.0002403762	0.0008012413	0.004357353	0.03290627	0.03290627	0.008638205	0.008638205	0.280609	0.360728	0.0590382	0.299625
4102	-69.97782	-86.61419	16.63637	0	0	1	0	0.01053751	0.001840562	0.0008012413	0.007037311	0.055495	0.055495	0.008638205	0.02163859	0.280609	0.360728	0.0590382	0.299625
4103	-79.20768	-89.04689	9.83921	1	1	1	0	0.009507317	0.009507317	0.0002392983	0.0002392983	0.05491473	0.05491473	0.008638205	0.01249481	0.293275	0.37701	0.0718856	0.25783
4104	-76.70586	-87.75438	11.04852	1	0	1	1	0.007620728	0.007620728	0.003022301	0.0006935577	0.05491473	0.05491473	0.01262571	0.01262571	0.291577	0.374828	0.0714696	0.262126
4105	-65.78069	-92.03933	26.25864	0	0	0	1	0.008685889	0.0005759935	0.003022301	0.001648459	0.02594152	0.0001308696	0.01094334	0.01094334	0.515445	0.35153	0.0636048	0.0694197
4106	-72.0328	-90.08147	18.04868	1	0	1	0	0.005120779	0.005120779	0.004353934	0.001648459	0.04190124	0.04190124	0.01094334	0.004405047	0.213815	0.442262	0.164444	0.179478
4107	-68.56733	-87.65428	19.08694	0	1	1	0	0.005972186	0.000640387	0.001749507	0.001749507	0.04190124	0.04190124	0.01094334	0.001227171	0.250084	0.517281	0.192338	0.0402963
4108	-61.70875	-94.45469	32.74593	0	0	0	0	0.004403303	0.0003071307	0.001749507	0.001178471	0.01699099	0.007579528	0.01094334	0.0002254834	0.195627	0.622396	0.150456	0.0315215
4109	-72.52901	-95.34647	22.81747	0	1	1	0	0.004403303	0.003222552	0.0003368242	0.0003368242	0.01699099	0.01699099	0.0149697	0.001171594	0.195627	0.622396	0.150456	0.0315215
4110	-75.57694	-89.57305	13.99611	0	1	1	1	0.006500224	0.002226763	3.162722e-05	3.162722e-05	0.03828827	0.03828827	0.0149697	0.0149697	0.395362	0.467848	0.113096	0.0236944
4111	-72.24198	-90.16286	17.92088	0	1	0	1	0.01139814	0.002226763	3.162722e-05	3.162722e-05	0.03828827	0.002189317	0.0149697	0.0149697	0.555971	0.25167	0.159039	0.0333198
4112	-73.93107	-88.2522	14.32114	0	1	1	1	0.003876522	0.0009665149	0.0005210376	0.0005210376	0.03828827	0.03828827	0.01650509	0.01650509	0.453697	0.152509	0.113474	0.28032
4113	-67.15396	-89.71384	22.55987	0	0	1	0	0.003876522	0.001058718	0.003826424	0.003529624	0.03828827	0.03828827	0.01650509	0.005020938	0.414416	0.225886	0.103649	0.256049
4114	-75.76789	-90.06862	14.30073	0	1	1	1	0.003876522	0.001442058	0.003826424	0.003826424	0.03828827	0.03828827	0.01284091	0.01284091	0.466708	0.299263	0.116728	0.117301
4115	-67.983	-89.17005	21.18705	0	0	1	0	0.01078849	0.001063341	0.003826424	0.002083577	0.03828827	0.03828827	0.01139201	0.01251609	0.542928	0.184823	0.135791	0.136458
4116	-75.70316	-89.1082	13.40504	0	1	1	1	0.01078849	0.001063341	0.00386544	0.00386544	0.03828827	0.03828827	0.01139201	0.01139201	0.301495	0.181925	0.0779778	0.438603
4117	-76.66497	-90.15497	13.49001	0	1	1	1	0.01078849	0.003070651	0.00386544	0.00386544	0.03828827	0.03828827	0.008898685	0.008898685	0.197346	0.151382	0.0510411	0.60023
4118	-72.60576	-87.28229	14.67653	0	1	1	1	0.004541805	0.0005312334	0.0009817044	0.0009817044	0.03828827	0.03828827	0.01378153	0.01378153	0.197346	0.151382	0.0510411	0.60023
4119	-69.64108	-91.05885	21.41777	0	0	1	0	0.01836127	0.002897178	0.0006479567	0.005173499	0.03975795	0.03975795	0.01024571	0.00155493	0.191818	0.147141	0.0776264	0.583415
4120	-71.00423	-89.21886	18.21463	1	0	1	0	0.00640898	0.00640898	0.002737348	0.002675464	0.03975795	0.03975795	0.01428885	0.00155493	0.191818	0.147141	0.0776264	0.583415
4121	-73.90245	-87.18049	13.27805	0	1	1	1	0.008204655	0.00161361	0.002258919	0.002258919	0.03975795	0.03975795	0.01428885	0.01428885	0.185463	0.175393	0.0750549	0.564089
4122	-74.87098	-89.99322	15.12224	1	0	1	1	0.003569999	0.003569999	0.00284537	0.000183968	0.03975794	0.03975794	0.009217802	0.009217802	0.296752	0.172833	0.0739594	0.456456
4123	-70.84619	-89.90593	19.05974	0	0	1	1	0.004786415	0.005778059	0.00284537	0.0002038352	0.03975794	0.03975794	0.009217802	0.009217802	0.278576	0.1773	0.0758709	0.468254
4124	-74.32479	-90.86305	16.53826	1	0	1	0	0.002069155	0.002069155	0.00284537	0.0002212452	0.03975794	0.03975794	0.009217802	0.02290098	0.289337	0.184149	0.0788018	0.447713
4125	-81.26463	-90.73331	9.46868	1	1	1	1	0.002103425	0.002103425	0.0006624468	0.0006624468	0.04882108	0.04882108	0.006789723	0.006789723	0.31218	0.198687	0.152027	0.337106
4126	-70.77163	-89.32706	18.55544	0	0	1	0	0.01234115	0.003137614	0.001770866	0.007040833	0.04882108	0.04882108	0.006327296	0.01557239	0.273026	0.29919	0.132959	0.294825
4127	-67.17884	-86.80819	19.62935	0	0	1	0	0.004792603	0.003137614	0.0006810288	0.004033985	0.0536528	0.0536528	0.00875857	0.01381176	0.164998	0.18081	0.47602	0.178172
4128	-71.07083	-92.67064	21.59981	0	1	0	0	0.01622949	0.003253835	0.0006810288	0.0006810288	0.03160075	0.001131875	0.00875857	0.01594167	0.261552	0.307484	0.341222	0.0897413
4129	-63.9883	-88.68278	24.69448	0	0	0	0	0.01622949	0.000522687	0.0009064812	0.000727143	0.03949059	0.001132754	0.01703288	0.0133906	0.305401	0.191385	0.398427	0.104786
4130	-74.00818	-87.31341	13.30523	0	1	1	1	0.007768168	0.003268688	0.0009064812	0.0009064812	0.03949059	0.03949059	0.01453455	0.01453455	0.0357297	0.337639	0.037884	0.588747
4131	-77.03869	-90.98378	13.94509	1	1	0	1	0.008075814	0.008075814	6.916819e-05	6.916819e-05	0.03949059	0.0001383001	0.01453455	0.01453455	0.0262341	0.105546	0.43594	0.43228
4132	-69.63574	-88.65071	19.01497	0	0	1	1	0.002410911	0.002375236	0.0001566487	0.003877577	0.03949059	0.03949059	0.01453455	0.01453455	0.10255	0.169817	0.0321246	0.695509
4133	-66.90849	-86.19707	19.28858	0	0	1	0	0.006595645	0.002375236	0.001918831	0.003877577	0.0496616	0.0496616	0.01453455	0.01185417	0.411761	0.0268578	0.0247846	0.536596
4134	-79.96754	-86.65753	6.689987	1	1	1	1	0.006595645	0.006595645	0.001918831	0.001918831	0.0496616	0.0496616	0.01609491	0.01609491	0.075784	0.0479216	0.00508937	0.871205
4135	-74.36999	-86.08642	11.71644	0	1	1	1	0.01006843	0.002023529	0.001918831	0.001918831	0.0496616	0.0496616	0.01138411	0.01138411	0.134883	0.0852926	0.00905823	0.770766
4136	-72.64877	-89.91596	17.26719	0	1	1	0	0.01006843	0.002183225	0.0004202506	0.0004202506	0.03957696	0.03957696	0.01138411	0.009210001	0.583154	0.368755	0.0391625	0.00892836
4137	-72.27051	-91.95434	19.68383	0	0	0	1	0.01006843	0.002183225	0.004123518	0.006305662	0.03957696	0.004012435	0.0222865	0.0222865	0.370029	0.414882	0.0248497	0.190239
4138	-73.36568	-93.35609	19.99041	1	0	0	1	0.003131206	0.003131206	0.006207084	0.001783165	0.03957696	0.00122048	0.005347033	0.005347033	0.770559	0.0973783	0.0517478	0.0803148
4139	-75.42887	-90.31796	14.88909	1	0	1	0	0.003131206	0.003131206	0.006207084	0.00201533	0.05623061	0.05623061	0.01387362	0.004987984	0.207792	0.656741	0.0530816	0.0823849
4140	-73.10668	-88.71585	15.60918	0	1	1	0	0.003482071	0.0009919731	0.003149004	0.003149004	0.05623061	0.05623061	0.01387362	0.004599618	0.201165	0.702104	0.0619662	0.0347648
4141	-82.49091	-88.79031	6.299398	1	0	1	1	0.005634797	0.005634797	0.007586875	0.0002101445	0.07965166	0.07965166	0.01295885	0.01295885	0.201165	0.702104	0.0619662	0.0347648
4142	-79.43336	-91.53299	12.09963	0	1	1	1	0.005634797	0.000719465	0.002441199	0.002441199	0.06137313	0.06137313	0.002696015	0.002696015	0.622995	0.311754	0.0418003	0.0234512
4143	-73.88854	-85.06751	11.17897	0	1	0	1	0.005634797	0.000719465	0.002874505	0.002874505	0.0792925	0.005567959	0.01357874	0.01357874	0.129377	0.0647419	0.776659	0.0292223
4144	-72.06029	-84.709	12.64871	0	1	1	0	0.009650858	0.00105802	0.0009162287	0.0009162287	0.0792925	0.0792925	0.007985808	0.0003575808	0.116622	0.058359	0.798678	0.0263413
4145	-77.14228	-84.68973	7.547445	0	1	1	1	0.009650858	0.00105802	0.0009162287	0.0009162287	0.0792925	0.0792925	0.007985808	0.007985808	0.104049	0.0603387	0.0269182	0.808694
4146	-75.13131	-87.6444	12.51308	0	1	1	1	0.009650858	0.003476204	0.0009162287	0.0009162287	0.03795151	0.03795151	0.01850481	0.01850481	0.104049	0.0603387	0.0269182	0.808694
4147	-70.02345	-90.79895	20.7755	0	0	0	1	0.00617968	0.004881818	0.0009162287	0.006385889	0.03795151	0.007492378	0.01850481	0.01850481	0.377904	0.250402	0.0985306	0.273163
4148	-69.00649	-86.42724	17.42076	0	1	0	1	0.00663108	0.0004625396	0.0009162287	0.0009162287	0.03795151	0.007498375	0.01850481	0.01850481	0.174588	0.0574561	0.726219	0.0417373
4149	-64.92131	-87.61231	22.69099	0	0	0	1	0.008488444	0.003043294	0.0007619295	0.0005014356	0.03795151	0.0005368863	0.02007206	0.02007206	0.174588	0.0574561	0.726219	0.0417373
4150	-71.46103	-87.2463	15.78527	0	1	1	0	0.008488444	0.003043294	0.0007619295	0.0007619295	0.03795151	0.03795151	0.02007206	0.01100239	0.0939977	0.255482	0.56632	0.0841995
4151	-67.84509	-86.89393	19.04885	0	1	0	0	0.005908117	0.0004097339	0.0007619295	0.0007619295	0.03795151	0.02103013	0.01609112	0.01003636	0.128648	0.168317	0.386579	0.316456
4152	-64.30398	-87.92113	23.61715	0	0	1	0	0.004272612	0.0004097339	6.405965e-05	0.001023723	0.03795151	0.03795151	0.01786389	0.004472356	0.145338	0.190153	0.188697	0.475812
4153	-65.03838	-87.26594	22.22756	0	1	0	0	0.01100271	0.001318016	0.000669644	0.000669644	0.03795151	0.0002114619	0.01786389	0.004989214	0.0717564	0.0938827	0.645883	0.188478
4154	-69.66523	-87.05214	17.38692	0	1	1	0	0.007188735	0.001481154	0.002683591	0.002683591	0.03795151	0.03795151	0.01786389	0.004989214	0.0751606	0.0983367	0.676525	0.149978
4155	-69.76089	-87.99084	18.22995	0	0	1	1	0.007188735	0.004019205	0.0004035227	0.004455049	0.03340551	0.03340551	0.01786389	0.01786389	0.0646132	0.084537	0.581587	0.269263
4156	-63.81315	-89.25477	25.44161	0	0	0	0	0.009228243	0.0006247729	0.002164148	0.004001278	0.02747591	0.006656189	0.01786389	0.01714454	0.0646132	0.084537	0.581587	0.269263
4157	-68.84205	-90.22182	21.37977	0	1	0	1	0.009228243	0.001476922	0.0002959507	0.0002959507	0.02747591	0.001740389	0.009101303	0.009101303	0.0481958	0.101368	0.697376	0.153061
4158	-64.08401	-89.19151	25.1075	0	0	0	1	0.009228243	0.00180806	0.0002959507	0.0002290531	0.03512997	0.001740416	0.009101303	0.009101303	0.119978	0.252343	0.471457	0.156221
4159	-69.18177	-88.90938	19.72761	0	0	1	1	0.006073964	0.00180806	0.0002959507	0.004688781	0.03512997	0.03512997	0.01077246	0.01077246	0.0384781	0.76022	0.151201	0.0501016
4160	-75.13205	-89.75501	14.62296	1	1	1	0	0.006073964	0.006073964	0.0001045035	0.0001045035	0.03512997	0.03512997	0.01525002	0.001872537	0.129318	0.203861	0.50816	0.15866
4161	-76.93584	-91.78513	14.8493	1	0	1	1	0.006024184	0.006024184	0.0001045035	0.01040862	0.03512997	0.03512997	0.005469035	0.005469035	0.129318	0.203861	0.50816	0.15866
4162	-76.88074	-90.52723	13.64649	1	0	1	0	0.01242328	0.01242328	0.001993119	0.005501921	0.06513697	0.06513697	0.005469035	0.003029266	0.081564	0.304733	0.513632	0.100071
4163	-82.70507	-90.61401	7.908933	1	1	1	1	0.01242328	0.01242328	0.0006613688	0.0006613688	0.0462325	0.0462325	0.007981376	0.007981376	0.0689654	0.257663	0.434295	0.239076
4164	-74.1584	-93.04909	18.89069	0	1	0	1	0.01242328	0.003924784	0.003865734	0.003865734	0.03171156	0.003649686	0.007981376	0.007981376	0.0568832	0.475452	0.35821	0.109455
4165	-66.39508	-89.5363	23.14122	0	1	0	0	0.005274668	0.0007211486	0.003865734	0.003865734	0.03171156	0.001398189	0.01963477	0.006174153	0.0314504	0.262875	0.645158	0.060517
4166	-74.89493	-87.81493	12.92	1	0	1	1	0.005274668	0.005274668	0.001132384	0.002177667	0.03995254	0.03995254	0.01963477	0.01963477	0.0314504	0.262875	0.645158	0.060517
4167	-74.56657	-86.84569	12.27912	0	1	1	1	0.006813704	0.0009288541	0.001132384	0.001132384	0.03995254	0.03995254	0.0230104	0.0230104	0.0248875	0.416693	0.510531	0.0478888
4168	-69.79232	-84.72102	14.92871	0	0	1	1	0.006813704	0.001704376	0.001215563	0.002460296	0.05979547	0.05979547	0.01422983	0.01422983	0.0268102	0.371629	0.549972	0.0515884
4169	-72.1645	-85.05385	12.88935	0	1	0	1	0.00702357	0.001704376	0.001215563	0.001215563	0.05979547	0.01391569	0.01422983	0.01422983	0.0554259	0.281452	0.556471	0.106651
4170	-72.25267	-84.85443	12.60176	0	1	0	1	0.009566094	0.0007926236	0.001215563	0.001215563	0.05979547	0.01392992	0.01422983	0.01422983	0.0698786	0.354842	0.440819	0.134461
4171	-69.7705	-84.30449	14.53399	0	0	1	1	0.008900021	0.001445005	0.001792172	0.002314532	0.05979547	0.05979547	0.01422983	0.01422983	0.0636668	0.0153405	0.527562	0.393431
4172	-66.43477	-84.57804	18.14327	0	1	0	0	0.008900021	0.001117054	0.001792172	0.001792172	0.05979547	0.007822562	0.01422983	0.003711771	0.103218	0.0248703	0.855291	0.0166207
4173	-69.70528	-89.86538	20.16011	0	0	1	0	0.007288763	0.008005523	0.00698615	0.001433494	0.04946763	0.04946763	0.01166282	0.0009880257	0.103218	0.0248703	0.855291	0.0166207
4174	-79.92617	-92.59304	12.66687	1	1	1	0	0.007288763	0.007288763	0.00698615	0.00698615	0.03686912	0.03686912	0.01166282	0.006813086	0.803113	0.00924571	0.178126	0.00951573
4175	-74.72924	-91.90073	17.17149	1	0	1	0	0.007288763	0.007288763	0.00698615	0.002359087	0.03686912	0.03686912	0.01166282	0.008224399	0.586081	0.0470551	0.318435	0.0484293
4176	-65.14252	-88.56296	23.42044	0	1	0	0	0.01203196	0.0009818254	0.001590709	0.001590709	0.03686912	0.003085263	0.01166282	0.0009613766	0.586081	0.0470551	0.318435	0.0484293
4177	-65.0369	-90.67071	25.63381	0	0	0	1	0.004705769	0.0002896835	0.004404218	0.001788277	0.03686912	7.500752e-05	0.006390378	0.006390378	0.33319	0.0758042	0.512988	0.0780181
4178	-69.18769	-89.33133	20.14365	0	1	1	0	0.004609227	0.0002896835	0.001715991	0.001715991	0.02973938	0.02973938	0.01059017	0.00944497	0.110657	0.0251757	0.170371	0.693796
4179	-63.94077	-88.74981	24.80904	0	0	0	1	0.004609227	8.355727e-05	0.001393138	0.001022716	0.02973938	0.007592995	0.01479915	0.01479915	0.303197	0.0689805	0.46681	0.161012
4180	-63.26832	-90.47138	27.20306	0	0	0	1	0.005048053	0.0002432957	0.002430613	0.0009817447	0.02410658	0.002178594	0.01055733	0.01055733	0.210245	0.047833	0.630272	0.11165
4181	-72.70947	-89.3207	16.61123	0	1	1	0	0.005048053	0.002600283	0.002138119	0.002138119	0.03084098	0.03084098	0.01055733	0.0254103	0.210245	0.047833	0.630272	0.11165
4182	-72.93594	-89.46501	16.52908	0	1	1	0	0.01058322	0.002600283	0.002138119	0.002138119	0.03084098	0.03084098	0.01055733	0.02034508	0.345039	0.0396689	0.522698	0.0925941
4183	-64.63773	-89.23749	24.59976	0	0	1	0	0.006717555	0.0006052861	0.002138119	0.004496249	0.03312584	0.03312584	0.007444999	0.005909242	0.304929	0.0331255	0.584625	0.0773206
4184	-65.1647	-88.83655	23.67185	0	0	1	0	0.009939746	0.004998726	0.001224446	0.003359156	0.03312584	0.03312584	0.01182294	0.00127413	0.0578878	0.0361839	0.800109	0.10582
4185	-70.65517	-88.93359	18.27842	0	0	1	1	0.009939746	0.004998726	0.001224446	0.003389066	0.03106776	0.03106776	0.01643892	0.01643892	0.0578878	0.0361839	0.800109	0.10582
4186	-78.19249	-86.44722	8.254721	0	1	0	1	0.01600896	0.003680014	0.001940973	0.001940973	0.06611947	0.02020655	0.01643892	0.01643892	0.0578878	0.0361839	0.800109	0.10582
4187	-69.94283	-86.4971	16.55427	0	1	0	0	0.01125002	0.001330361	0.001330698	0.001330698	0.05989283	0.02021473	0.007170062	0.005269331	0.209853	0.0303474	0.671049	0.0887507
4188	-74.28677	-85.18267	10.8959	0	1	1	1	0.006458794	0.0001812844	0.003102878	0.003102878	0.05713337	0.05713337	0.01287367	0.01287367	0.138676	0.0200543	0.443446	0.397824
4189	-73.03301	-89.40863	16.37563	0	1	0	1	0.006458794	0.0007561918	0.000382894	0.000382894	0.03388946	0.01041107	0.02604435	0.02604435	0.0684426	0.00989767	0.21886	0.7028
4190	-71.31368	-91.20186	19.88818	0	0	1	1	0.006839516	3.844658e-05	0.001471573	0.001564015	0.02189282	0.02189282	0.02604435	0.02604435	0.0595118	0.00860616	0.320788	0.611094
4191	-59.70543	-90.33383	30.6284	0	0	0	0	0.006839516	0.0002551639	0.0009954026	1.120416e-05	0.02189282	0.01133161	0.014008	0.0001564781	0.0671663	0.0097131	0.362048	0.561072
4192	-69.10204	-91.91096	22.80892	0	1	1	0	0.006839516	0.0002551639	0.0006565355	0.0006565355	0.01902989	0.01902989	0.014008	0.0003547647	0.263372	0.0380869	0.192869	0.505672
4193	-81.40711	-94.53013	13.12301	1	1	1	1	0.003779203	0.003779203	0.0006565355	0.0006565355	0.01902989	0.01902989	0.014008	0.014008	0.489657	0.0220478	0.134819	0.353476
4194	-76.5206	-87.64805	11.12745	0	1	1	1	0.009166829	0.007073566	0.0004394084	0.0004394084	0.04753519	0.04753519	0.01421053	0.01421053	0.525557	0.0236643	0.0713872	0.379392
4195	-71.6247	-89.37628	17.75158	0	1	1	0	0.01056242	0.003681357	0.0002115589	0.0002115589	0.04257685	0.04257685	0.008745484	0.004294533	0.519484	0.0233909	0.0821169	0.375008
4196	-74.52886	-88.83362	14.30477	0	1	1	0	0.01046332	0.00436947	5.454708e-05	5.454708e-05	0.06121149	0.06121149	0.007491835	0.006197554	0.531572	0.0239351	0.0840276	0.360466
4197	-84.2003	-93.71974	9.519439	1	1	1	1	0.01046332	0.01046332	7.346206e-05	7.346206e-05	0.04005771	0.04005771	0.007491835	0.007491835	0.377795	0.471349	0.0681324	0.0827229
4198	-68.44751	-93.60856	25.16104	0	1	0	0	0.01046332	0.003502434	0.001105931	0.001105931	0.02786578	0.005936877	0.007491835	0.0008605231	0.416292	0.41748	0.0750749	0.0911523
4199	-72.22864	-92.79848	20.56984	0	1	0	1	0.01046332	0.0007534072	0.00261579	0.00261579	0.02786578	0.005416823	0.006836447	0.006836447	0.15257	0.575804	0.122677	0.148949
4200	-70.7997	-88.15421	17.35451	0	1	0	0	0.01046332	0.001541737	0.003027977	0.003027977	0.05804781	0.0005889883	0.02750888	0.000701895	0.350024	0.073418	0.234841	0.341716
4201	-83.5833	-88.67597	5.09267	1	1	0	1	0.003626048	0.003626048	0.002974957	0.002974957	0.07405673	0.004778278	0.02750888	0.02750888	0.187319	0.00633017	0.647018	0.159333
4202	-83.16041	-90.69778	7.537371	1	1	1	1	0.002917088	0.002917088	0.002338535	0.002338535	0.03665938	0.03665938	0.02750888	0.02750888	0.187319	0.00633017	0.647018	0.159333
4203	-66.57214	-90.83994	24.2678	0	0	0	0	0.004355441	0.000697552	0.003693874	0.001364935	0.03106044	0.009360175	0.02750888	0.01383196	0.456905	0.0017404	0.497549	0.0438064
4204	-74.7238	-89.11056	14.38676	0	1	1	1	0.009550402	0.0007258205	0.0006086991	0.0006086991	0.02671559	0.02671559	0.02218156	0.02218156	0.328527	0.00125139	0.638724	0.0314979
4205	-64.57453	-89.46086	24.88633	0	1	0	0	0.004566235	0.0007258205	0.00260674	0.00260674	0.03831704	0.0009433503	0.01054824	0.001090683	0.553551	0.182092	0.211284	0.0530725
4206	-73.37447	-87.7186	14.34413	0	1	1	1	0.008622556	0.0008715255	0.001666553	0.001666553	0.03831704	0.03831704	0.01054824	0.01054824	0.466113	0.217756	0.252665	0.0634669
4207	-63.84576	-88.09403	24.24827	0	0	1	0	0.006941811	0.0008715255	0.0004926988	0.0009307729	0.03831704	0.03831704	0.009311696	0.005582271	0.466113	0.217756	0.252665	0.0634669
4208	-75.18474	-90.86008	15.67533	1	1	1	0	0.005427694	0.005427694	0.0005883702	0.0005883702	0.0315013	0.0315013	0.009311696	0.005582271	0.452171	0.15867	0.32759	0.0615686
4209	-80.42285	-88.70697	8.284125	1	1	1	1	0.005427694	0.005427694	0.0006986002	0.0006986002	0.05246955	0.05246955	0.006556561	0.006556561	0.372376	0.0980491	0.491529	0.0380458
4210	-73.96413	-88.21743	14.2533	0	1	1	1	0.005427694	0.001546729	0.0009465924	0.0009465924	0.04606789	0.04606789	0.006556561	0.006556561	0.275555	0.204046	0.441224	0.0791755
4211	-69.46182	-87.40177	17.93995	0	1	1	0	0.005427694	0.002795666	0.0009465924	0.0009465924	0.04606789	0.04606789	0.008604748	0.005152146	0.328677	0.0442064	0.609964	0.0171533
4212	-66.54004	-86.35141	19.81137	0	0	1	0	0.01416537	0.000244396	0.0004355816	0.0009814409	0.05020171	0.05020171	0.01991173	0.001886978	0.286667	0.235802	0.46447	0.0130618
4213	-67.73591	-90.7582	23.0223	0	0	0	0	0.01416537	0.002623247	0.0004355816	0.01005318	0.02992112	0.0246299	0.01520815	0.001961059	0.298294	0.231958	0.456899	0.0128489
4214	-73.12369	-89.86589	16.7422	0	0	1	1	0.01416537	0.002623247	0.002422808	0.003477155	0.03794917	0.03794917	0.01520815	0.01520815	0.0725348	0.707529	0.180744	0.0391921
4215	-63.18792	-87.5761	24.38817	0	0	0	0	0.009258195	0.003325886	0.002422808	8.913841e-05	0.03768675	0.01124208	0.01520815	0.01195173	0.0167695	0.163575	0.810594	0.00906092
4216	-68.9537	-93.20147	24.24777	0	1	0	0	0.01039846	0.003325886	0.002422808	0.002422808	0.02951244	0.0041145	0.005163722	0.007512894	0.0446373	0.435408	0.495837	0.0241185
4217	-71.29143	-90.25108	18.95965	0	1	0	0	0.01039846	0.001694664	0.004884249	0.004884249	0.04708998	0.01907108	0.006993235	0.002567446	0.0318762	0.664854	0.278464	0.0248052
4218	-73.05512	-90.36911	17.314	0	0	1	1	0.01039497	0.001694664	0.004884249	0.003016393	0.04708998	0.04708998	0.005494952	0.005494952	0.0318762	0.664854	0.278464	0.0248052
4219	-66.31631	-86.78961	20.4733	0	0	0	1	0.01089748	0.0005988808	0.001466463	0.003759581	0.04311374	0.006348413	0.01785639	0.01785639	0.0535533	0.162945	0.467832	0.31567
4220	-60.18297	-87.45892	27.27595	0	0	0	0	0.01179632	0.0001371027	0.001466463	0.002549579	0.037897	0.002821977	0.0146839	0.00331411	0.0558622	0.16997	0.444888	0.32928
4221	-70.7882	-88.93099	18.14279	0	1	0	1	0.005352114	0.0009358502	0.003211237	0.003211237	0.03388115	0.009770195	0.0146839	0.0146839	0.100497	0.152926	0.429032	0.317545
4222	-71.22228	-91.32445	20.10216	0	0	1	1	0.006304771	0.002737004	0.003211237	0.004693902	0.03388115	0.03388115	0.005798628	0.005798628	0.100497	0.152926	0.429032	0.317545
4223	-64.62669	-90.96751	26.34082	0	0	0	0	0.009107772	0.003788022	0.003211237	0.005706695	0.04830456	0.00297403	0.005798628	0.001124524	0.334426	0.1014	0.353622	0.210552
4224	-65.89357	-87.53967	21.6461	0	0	1	0	0.009107772	4.9779e-07	0.0007932698	0.002082242	0.04830456	0.04830456	0.005798628	0.01124544	0.334426	0.1014	0.353622	0.210552
4225	-67.37279	-88.55682	21.18403	0	0	1	0	0.01148099	1.197621e-06	0.003667822	0.002458804	0.04830456	0.04830456	0.006927344	0.00713475	0.548877	0.0916278	0.319542	0.039953
4226	-75.72955	-87.70585	11.9763	0	1	1	1	0.01095929	0.0001059403	0.002810847	0.002810847	0.040766	0.040766	0.01892797	0.01892797	0.623349	0.10406	0.227217	0.0453738
4227	-63.35422	-86.91674	23.56252	0	0	1	0	0.00652057	1.836172e-05	0.001424151	0.0004745435	0.040766	0.040766	0.01270822	0.004458506	0.62543	0.101068	0.227976	0.0455254
4228	-69.59288	-87.73745	18.14456	0	0	1	1	0.00652057	0.006046009	0.001424151	0.000359355	0.040766	0.040766	0.01270822	0.01270822	0.189728	0.0351646	0.376791	0.398316
4229	-73.78203	-87.3502	13.56817	0	1	1	1	0.00652057	0.002782187	0.002235375	0.002235375	0.040766	0.040766	0.01216029	0.01216029	0.164471	0.163603	0.326633	0.345293
4230	-68.71853	-86.90492	18.18639	0	0	1	1	0.00637581	0.0003542107	0.002235375	0.0005934236	0.040766	0.040766	0.01726025	0.01726025	0.484946	0.0593576	0.0663603	0.389336
4231	-65.74989	-89.57312	23.82323	0	1	0	0	0.00637581	0.000514451	0.002235375	0.002235375	0.040766	0.003792357	0.009177968	0.002017157	0.484946	0.0593576	0.0663603	0.389336
4232	-70.89099	-85.54043	14.64944	0	0	1	1	0.00637581	0.0003297052	0.002235375	0.004965427	0.06473236	0.06473236	0.009177968	0.009177968	0.274366	0.0442659	0.27859	0.402778
4233	-68.66015	-87.17912	18.51898	0	0	1	0	0.006275174	0.0003297052	0.003035463	0.007273198	0.06473236	0.06473236	0.009177968	0.004395919	0.735457	0.0257223	0.161885	0.0769356
4234	-79.95764	-87.26404	7.3064	1	0	1	1	0.006275174	0.006275174	0.001682405	0.007723168	0.06473236	0.06473236	0.0198691	0.0198691	0.741158	0.0259217	0.16314	0.0697801
4235	-76.84043	-86.3618	9.521369	0	1	1	1	0.01367918	0.0003972018	0.001439009	0.001439009	0.05506287	0.05506287	0.01703417	0.01703417	0.741158	0.0259217	0.16314	0.0697801
4236	-63.23604	-86.75986	23.52381	0	0	0	0	0.007482248	0.003831372	0.001439009	0.000859816	0.05506287	0.01252836	0.01057031	0.004354948	0.147792	0.0734137	0.477418	0.301377
4237	-72.05417	-86.90379	14.84962	0	0	1	1	0.01347742	0.003831372	0.001439009	0.002290657	0.05506287	0.05506287	0.01057031	0.01057031	0.389966	0.0525516	0.341749	0.215734
4238	-63.30038	-86.39094	23.09057	0	1	0	0	0.005438882	0.0005900583	0.001439009	0.001439009	0.04785507	0.002419558	0.01057031	0.000757073	0.232419	0.0953075	0.619795	0.0524779
4239	-74.21497	-95.39658	21.18161	0	0	1	1	0.00264223	0.005700473	0.001439009	0.005471087	0.02244114	0.02244114	0.01275825	0.01275825	0.460012	0.188636	0.153903	0.197449
4240	-72.53109	-92.31028	19.77919	0	1	1	0	0.005701437	0.004781563	0.001439009	0.001439009	0.02244114	0.02244114	0.01275825	0.01135274	0.388978	0.159507	0.284556	0.166959
4241	-67.68359	-91.55684	23.87325	0	1	0	0	0.006928472	0.001027935	0.004638859	0.004638859	0.0277603	0.01070615	0.01275825	0.0007730107	0.302146	0.347131	0.221034	0.129689
4242	-68.96392	-90.31379	21.34987	0	1	1	0	0.006882864	0.001380133	0.002442826	0.002442826	0.0277603	0.0277603	0.01036236	0.0006612585	0.143293	0.426149	0.271348	0.15921
4243	-77.55612	-92.36008	14.80396	0	1	1	1	0.01698081	0.0006502964	0.001783694	0.001783694	0.02530064	0.02530064	0.01268019	0.01268019	0.0615824	0.0595749	0.327131	0.551712
4244	-74.823	-93.43038	18.60738	0	1	1	0	0.01460033	0.006560719	0.001783694	0.001783694	0.02530064	0.02530064	0.01268019	0.004251393	0.0615824	0.0595749	0.327131	0.551712
4245	-71.27622	-87.37078	16.09456	0	0	1	1	0.0137845	0.002913755	0.001511981	0.0009287046	0.04248275	0.04248275	0.01792879	0.01792879	0.0482792	0.0467054	0.472486	0.43253
4246	-72.05308	-89.05043	16.99734	0	1	1	0	0.0137845	0.005046795	0.0007780999	0.0007780999	0.04248275	0.04248275	0.01001043	0.002283909	0.0758762	0.0734028	0.170952	0.679769
4247	-79.31036	-91.24081	11.93045	1	1	1	1	0.002680331	0.002680331	0.0007780999	0.0007780999	0.03082631	0.03082631	0.01001043	0.01001043	0.0758762	0.0734028	0.170952	0.679769
4248	-66.76366	-90.63738	23.87372	0	0	1	0	0.004148203	0.002211638	0.0005550644	0.01221359	0.03082631	0.03082631	0.01001043	0.004625072	0.0795566	0.0284573	0.179244	0.712742
4249	-70.06968	-90.91142	20.84173	1	0	1	0	0.003721894	0.003721894	0.0005550644	0.004547079	0.03082631	0.03082631	0.01001043	0.002735539	0.0795566	0.0284573	0.179244	0.712742
4250	-74.86888	-90.67347	15.80459	1	1	1	0	0.005642217	0.005642217	0.0005550644	0.0005550644	0.03082631	0.03082631	0.01001043	0.004637932	0.279334	0.0442858	0.278943	0.397437
4251	-70.55993	-92.42682	21.86689	1	0	1	0	0.007267407	0.007267407	0.0008263312	0.001997594	0.02475287	0.02475287	0.01001043	0.001677724	0.275653	0.0298908	0.391251	0.303205
4252	-73.31305	-89.06048	15.74743	0	1	1	1	0.007267407	0.001200436	0.0008263312	0.0008263312	0.02732904	0.02732904	0.0153757	0.0153757	0.101808	0.45446	0.33175	0.111983
4253	-69.41715	-86.76666	17.34951	0	1	1	0	0.006108724	0.00105281	0.001482539	0.001482539	0.05010276	0.05010276	0.01062228	0.003002956	0.45482	0.293154	0.213999	0.0380263
4254	-73.49013	-88.64672	15.15659	0	1	1	0	0.006108724	0.006856408	0.001747194	0.001747194	0.05298794	0.05298794	0.007265318	0.00995016	0.354588	0.224871	0.390895	0.0296462
4255	-71.87307	-86.53749	14.66442	0	1	1	1	0.005752559	0.0001337921	0.0009184712	0.0009184712	0.04150913	0.04150913	0.009879882	0.009879882	0.0440603	0.027942	0.0485717	0.879426
4256	-68.71157	-87.33682	18.62524	0	1	1	0	0.008156504	0.001930248	0.0009184712	0.0009184712	0.03839056	0.03839056	0.009879882	0.005799122	0.0326687	0.0207177	0.294558	0.652055
4257	-68.78727	-87.4212	18.63393	0	1	1	0	0.008156504	0.002376725	0.0009184712	0.0009184712	0.04067119	0.04067119	0.008383244	0.004518943	0.0217876	0.0138172	0.529524	0.434871
4258	-69.78703	-91.12733	21.3403	1	0	0	1	0.005467592	0.005467592	0.0009184712	0.001086256	0.02854456	0.001558651	0.01196892	0.01196892	0.0217876	0.0138172	0.529524	0.434871
4259	-75.01329	-91.75867	16.74538	1	1	0	1	0.005467592	0.005467592	0.0009184712	0.0009184712	0.02824356	0.003241336	0.008419641	0.008419641	0.0287603	0.0182391	0.698988	0.254013
4260	-72.53757	-88.50927	15.97169	0	1	1	1	0.005467592	0.0009153739	0.0009184712	0.0009184712	0.02824356	0.02824356	0.01517112	0.01517112	0.0495959	0.0314525	0.480917	0.438034
4261	-65.20332	-89.41713	24.21381	0	0	1	0	0.005467592	0.0009153739	0.0009184712	0.006649535	0.02824356	0.02824356	0.01075123	0.009699168	0.0263892	0.0177968	0.272118	0.683696
4262	-67.05985	-89.6009	22.54105	0	0	1	0	0.005467592	0.001338099	0.001690625	0.004657476	0.02824356	0.02824356	0.02305332	0.007762582	0.0190248	0.0128303	0.426463	0.541682
4263	-76.57413	-88.94085	12.36672	1	1	1	0	0.005962301	0.005962301	0.0008767898	0.0008767898	0.03531387	0.03531387	0.02305332	0.006130554	0.0224524	0.0151418	0.323131	0.639275
4264	-67.66888	-89.99873	22.32986	0	0	0	1	0.008906689	0.001305819	0.001166556	0.004036127	0.02842317	0.006529599	0.02305332	0.02305332	0.0214527	0.0137492	0.353987	0.610811
4265	-68.65751	-87.86041	19.2029	0	1	1	0	0.008906689	0.001305819	0.001166556	0.001166556	0.03109552	0.03109552	0.01615444	0.003141507	0.0339031	0.0254192	0.416116	0.524562
4266	-70.2252	-93.54048	23.31528	0	1	0	1	0.004786328	0.001942412	0.001166556	0.001166556	0.01601727	2.564665e-05	0.01430926	0.01430926	0.216093	0.0383872	0.628402	0.117118
4267	-67.55268	-92.73571	25.18303	0	0	0	1	0.009281987	0.003677646	0.001166556	0.004435053	0.01905353	0.005176916	0.01430926	0.01430926	0.0956051	0.0133584	0.745182	0.145854
4268	-75.49465	-90.40309	14.90844	0	1	1	0	0.006591212	0.003677646	0.0009929241	0.0009929241	0.03603044	0.03603044	0.03615356	0.00288936	0.0956051	0.0133584	0.745182	0.145854
4269	-73.41996	-89.01764	15.59768	1	0	1	0	0.006591212	0.006591212	0.004767568	0.005289429	0.04412931	0.04412931	0.01556216	0.006052966	0.0956051	0.0133584	0.745182	0.145854
4270	-64.29597	-87.6453	23.34934	0	0	1	0	0.006591212	0.002238918	0.001537199	0.002446322	0.03660803	0.03660803	0.0148809	0.003287211	0.049577	0.488366	0.386422	0.0756343
4271	-72.00311	-87.47638	15.47327	0	0	1	1	0.00319073	0.001223126	0.001537199	0.004340965	0.06433503	0.06433503	0.008477239	0.008477239	0.0124758	0.29558	0.672911	0.019033
4272	-74.38733	-89.87927	15.49194	0	1	1	1	0.004315094	0.001223126	0.00157348	0.00157348	0.03709647	0.03709647	0.009252177	0.009252177	0.0496215	0.789612	0.109921	0.0508447
4273	-78.73091	-87.45802	8.727116	1	1	1	0	0.009216499	0.009216499	0.00157348	0.00157348	0.0592971	0.0592971	0.01301251	0.009056024	0.465986	0.27191	0.2272	0.0349035
4274	-68.73349	-86.12452	17.39102	0	0	0	1	0.009216499	0.001571086	0.00157348	0.00151803	0.05726343	0.01751672	0.01301251	0.01301251	0.402263	0.244821	0.19613	0.156786
4275	-81.17331	-87.36859	6.195278	1	1	1	1	0.003248819	0.003248819	0.001268282	0.001268282	0.05957114	0.05957114	0.01301251	0.01301251	0.395909	0.256749	0.193032	0.154309
4276	-76.41299	-91.02644	14.61345	0	1	1	0	0.01306911	0.0002123642	0.008200417	0.008200417	0.05964451	0.05964451	0.005551505	0.001344612	0.356829	0.295461	0.170134	0.177575
4277	-71.73918	-88.7202	16.98102	0	1	0	1	0.01306911	0.001027398	0.0001596215	0.0001596215	0.04787498	0.000120496	0.01222826	0.01222826	0.661639	0.0517171	0.143275	0.143368
4278	-70.89667	-87.10972	16.21305	0	0	1	1	0.01306911	0.003544314	0.00103622	0.0005455074	0.04787498	0.04787498	0.01280257	0.01280257	0.449689	0.0476124	0.370709	0.13199
4279	-78.57189	-87.45531	8.883427	1	0	1	1	0.008325643	0.008325643	0.002013185	0.003477842	0.05506572	0.05506572	0.02237911	0.02237911	0.449689	0.0476124	0.370709	0.13199
4280	-77.03817	-87.81486	10.77669	1	0	1	0	0.008325643	0.008325643	0.002013185	0.008974703	0.05506572	0.05506572	0.02237911	0.01321067	0.375522	0.0331701	0.481087	0.110221
4281	-69.49388	-87.79958	18.3057	0	1	0	0	0.005003986	0.004794878	0.002013185	0.002013185	0.05506572	0.004125121	0.0187053	0.006731525	0.305604	0.0368839	0.534951	0.122561
4282	-72.4654	-89.52866	17.06326	0	1	1	0	0.005003986	0.004794878	0.001956597	0.001956597	0.05506572	0.05506572	0.006185411	0.001002831	0.544267	0.0656888	0.171767	0.218276
4283	-85.05859	-87.32907	2.270473	1	1	1	1	0.01155197	0.01155197	0.001956597	0.001956597	0.06779229	0.06779229	0.01825005	0.01825005	0.544267	0.0656888	0.171767	0.218276
4284	-66.70134	-95.22006	28.51873	0	0	0	0	0.01155197	0.003224069	0.001956597	0.006210619	0.01829666	0.007493055	0.01825005	0.0005746472	0.21891	0.138176	0.183771	0.459143
4285	-72.57898	-98.61326	26.03428	0	0	0	1	0.01434285	0.003224069	0.001213973	0.001396146	0.01829666	0.007495649	0.006262378	0.006262378	0.249953	0.15777	0.0680234	0.524253
4286	-76.94176	-91.60438	14.66262	0	1	1	1	0.0130475	0.003224069	0.0007077682	0.0007077682	0.02378813	0.02378813	0.01743664	0.01743664	0.215705	0.0519169	0.440404	0.291974
4287	-70.96057	-87.87164	16.91106	0	0	1	1	0.002941562	0.003739685	0.0007077682	0.002620306	0.04743405	0.04743405	0.01743664	0.01743664	0.32322	0.0777942	0.269476	0.32951
4288	-71.81633	-89.97054	18.15421	1	0	1	0	0.002941562	0.002941562	0.004363607	0.0006102236	0.04097883	0.04097883	0.01490225	0.003972657	0.0407894	0.110259	0.381932	0.467019
4289	-70.85958	-90.74212	19.88253	1	0	1	0	0.004175802	0.004175802	0.004363607	0.000583204	0.03259331	0.03259331	0.01231368	0.003853397	0.0674483	0.182321	0.631554	0.118677
4290	-81.17778	-89.98174	8.80396	1	1	1	1	0.004175802	0.004175802	0.004363607	0.004363607	0.03805119	0.03805119	0.01558831	0.01558831	0.111055	0.245681	0.44786	0.195403
4291	-69.63636	-87.82334	18.18699	0	1	1	0	0.004175802	0.002069818	0.000245671	0.000245671	0.04418647	0.04418647	0.01313134	0.003772539	0.204268	0.208514	0.41161	0.175608
4292	-70.37439	-89.28281	18.90842	1	0	1	0	0.004175802	0.004175802	0.0018469	0.00335267	0.03622811	0.03622811	0.01313134	0.004720196	0.174921	0.216204	0.426791	0.182084
4293	-75.67599	-91.53963	15.86364	0	1	1	1	0.0120294	0.00258022	0.0008702988	0.0008702988	0.02272294	0.02272294	0.01313134	0.01313134	0.281378	0.0987979	0.434465	0.185359
4294	-67.61545	-89.88256	22.26711	0	0	1	0	0.01213714	0.001334422	0.004105944	0.004233197	0.03310067	0.03310067	0.01289393	0.005974925	0.197177	0.110374	0.485372	0.207077
4295	-71.57881	-88.66667	17.08786	0	1	0	1	0.008121142	0.002262752	0.004105944	0.004105944	0.04153907	0.004945897	0.01289393	0.01289393	0.328984	0.184156	0.444224	0.0426348
4296	-64.0776	-85.66055	21.58295	0	0	1	0	0.008121142	0.001152034	0.0004553646	0.002423701	0.0519411	0.0519411	0.01289393	0.0007063803	0.458867	0.189359	0.294999	0.056775
4297	-73.38851	-85.2001	11.81159	0	1	1	1	0.00715686	0.001152034	0.001368313	0.001368313	0.0519411	0.0519411	0.01289393	0.01289393	0.156014	0.268175	0.495405	0.0804062
4298	-70.59324	-85.66835	15.07511	0	0	1	1	0.01132911	0.001152034	0.0009614581	0.007104132	0.0519411	0.0519411	0.01289393	0.01289393	0.156014	0.268175	0.495405	0.0804062
4299	-76.38813	-87.4589	11.07077	1	0	1	1	0.004013076	0.004013076	0.0009614581	0.008940179	0.0519411	0.0519411	0.01289393	0.01289393	0.0429641	0.44605	0.377248	0.133738
4300	-69.13879	-87.67594	18.53715	0	1	1	0	0.004013076	0.0008808144	0.0001546294	0.0001546294	0.04652231	0.04652231	0.01289393	0.001113927	0.222038	0.198224	0.520305	0.059433
4301	-68.42775	-89.62232	21.19456	0	0	0	1	0.004013076	0.004400407	0.000155258	0.004288148	0.04652231	0.003295301	0.01724075	0.01724075	0.164112	0.407396	0.384565	0.0439278
4302	-73.62179	-89.14991	15.52812	0	1	1	0	0.007123211	0.006951457	0.000155258	0.000155258	0.0393705	0.0393705	0.01217192	0.01701821	0.373179	0.235271	0.351409	0.0401405
4303	-78.14154	-88.4988	10.35726	1	1	1	0	0.007123211	0.007123211	0.001543625	0.001543625	0.0393705	0.0393705	0.01598113	0.01881262	0.329764	0.244677	0.365457	0.0601016
4304	-74.98963	-87.32772	12.33809	0	1	1	1	0.005800447	0.00201039	0.002199748	0.002199748	0.05348813	0.05348813	0.008001885	0.008001885	0.329764	0.244677	0.365457	0.0601016
4305	-64.933	-91.49495	26.56195	0	0	0	0	0.005800447	0.007719876	0.00331335	0.001710364	0.03857171	0.00839042	0.008001885	0.005242517	0.0548721	0.170679	0.665074	0.109375
4306	-67.35274	-95.40034	28.0476	0	0	0	0	0.0128768	0.003105552	0.005731465	0.002719014	0.02004384	0.0003679086	0.01352708	0.0118809	0.100712	0.0107834	0.625077	0.263428
4307	-69.90439	-91.5966	21.69221	0	0	1	1	0.008896769	0.002407274	0.001939121	0.0007174254	0.02004384	0.02004384	0.01352708	0.01352708	0.0536245	0.00922185	0.534561	0.402593
4308	-66.14029	-88.06445	21.92416	0	0	0	1	0.008896769	0.002407274	0.001939121	0.003326387	0.03742198	0.001300174	0.02045017	0.02045017	0.0646056	0.0111103	0.644027	0.280257
4309	-73.06793	-87.20748	14.13955	0	1	1	1	0.005408854	0.002407274	0.001748208	0.001748208	0.03742198	0.03742198	0.0142098	0.0142098	0.065127	0.0111999	0.649224	0.274449
4310	-69.55637	-88.45816	18.9018	0	1	1	0	0.005408854	0.005138401	0.001040139	0.001040139	0.03742198	0.03742198	0.01377407	0.0007094265	0.0605782	0.312958	0.440324	0.18614
4311	-62.9095	-90.63738	27.72789	0	0	0	0	0.005233723	0.0001305058	0.002618701	0.001311231	0.03764058	0.01047801	0.01377407	0.0008944992	0.106987	0.552716	0.0115544	0.328742
4312	-74.40906	-88.20612	13.79705	0	1	1	1	0.00845199	0.000669871	0.002618701	0.002618701	0.03764058	0.03764058	0.01377407	0.01377407	0.106987	0.552716	0.0115544	0.328742
4313	-77.17649	-90.76301	13.58653	1	0	1	1	0.003161092	0.003161092	0.002618701	0.008545522	0.03764058	0.03764058	0.01239354	0.01239354	0.0543085	0.585321	0.012236	0.348135
4314	-75.01802	-89.05671	14.03869	0	1	1	1	0.003161092	0.002357035	0.002618701	0.002618701	0.03793987	0.03793987	0.01569632	0.01569632	0.121144	0.0805559	0.0272943	0.771006
4315	-65.07095	-88.02041	22.94946	0	0	1	0	0.007825549	0.001517863	0.002618701	0.00378855	0.03685144	0.03685144	0.01569632	0.00157867	0.0195041	0.0898723	0.0304509	0.860173
4316	-69.86471	-88.46212	18.59741	0	0	1	1	0.008615423	0.0009918623	0.0002004711	0.01242258	0.03054942	0.03054942	0.01245425	0.01245425	0.0073381	0.0338129	0.429963	0.528886
4317	-78.433	-91.14396	12.71096	0	1	1	1	0.007749077	0.0007441048	0.008569917	0.008569917	0.0398504	0.0398504	0.01245425	0.01245425	0.322955	0.0230621	0.293256	0.360726
4318	-74.12368	-92.68669	18.56301	0	1	0	1	0.003812368	0.0005294306	0.008569917	0.008569917	0.0398504	0.0002144153	0.01245425	0.01245425	0.435131	0.0310725	0.395117	0.13868
4319	-81.63627	-102.1189	20.4826	0	1	1	0	0.003812368	0.01315146	0.008569917	0.008569917	0.01998516	0.01998516	0.003232471	0.005699216	0.34247	0.45666	0.13437	0.0665002
4320	-84.73783	-94.2174	9.479569	1	1	1	1	0.003594664	0.003594664	0.008569917	0.008569917	0.04291733	0.04291733	0.003232471	0.003232471	0.377337	0.503152	0.0462404	0.0732705
4321	-85.31956	-97.89359	12.57402	1	1	0	1	0.001370415	0.001370415	0.008569917	0.008569917	0.04154052	0.01543772	0.003232471	0.003232471	0.773292	0.0844493	0.0550418	0.0872169
4322	-73.56994	-99.74305	26.17311	0	0	1	0	0.001370415	0.0005236973	0.008569917	0.004794417	0.02620074	0.02620074	0.003847755	0.006130645	0.773292	0.0844493	0.0550418	0.0872169
4323	-75.13409	-93.105	17.9709	0	0	1	1	0.004581921	0.00514362	0.008569917	0.003492608	0.0380117	0.0380117	0.009017896	0.009017896	0.31037	0.588527	0.0220917	0.0790117
4324	-80.12416	-97.22006	17.09591	1	0	0	1	0.004624888	0.004624888	0.01477559	0.002145275	0.0380117	0.01141158	0.002853668	0.002853668	0.735749	0.230281	0.00742262	0.0265473
4325	-74.56588	-94.29276	19.72687	1	0	1	0	0.00572551	0.00572551	0.008431204	0.001784043	0.03738833	0.03738833	0.002454199	0.002990094	0.357295	0.375276	0.240421	0.0270077
4326	-86.56669	-92.05406	5.487376	1	1	1	1	0.005410545	0.005410545	0.002844775	0.002844775	0.07053361	0.07053361	0.002361072	0.002361072	0.119751	0.135274	0.0805799	0.664394
4327	-74.32178	-89.75314	15.43136	0	0	1	0	0.007511159	0.0005247189	0.00227652	0.005640409	0.07053361	0.07053361	0.002361072	0.02403366	0.250739	0.0667881	0.231981	0.450492
4328	-79.18761	-92.49936	13.31175	1	0	1	1	0.007511159	0.007511159	0.00314806	0.007547844	0.04316346	0.04316346	0.00456067	0.00456067	0.336071	0.0767373	0.0695921	0.5176
4329	-80.73989	-93.69946	12.95957	1	1	1	0	0.004809478	0.004809478	0.009075025	0.009075025	0.04316346	0.04316346	0.00456067	0.006337044	0.408757	0.391969	0.0846436	0.11463
4330	-67.27999	-92.07948	24.79949	0	1	0	0	0.002672341	0.001357792	0.00123287	0.00123287	0.03430138	0.003529714	0.01196139	0.004239323	0.556317	0.182403	0.105268	0.156012
4331	-69.22293	-88.63386	19.41093	0	1	1	0	0.007544769	0.001357792	0.002728719	0.002728719	0.03160486	0.03160486	0.01196139	0.005383056	0.0650735	0.357725	0.560841	0.0163609
4332	-72.15013	-87.18719	15.03706	0	0	1	1	0.007544769	0.001357792	0.002918523	0.006119843	0.05087134	0.05087134	0.01678717	0.01678717	0.122275	0.672178	0.04271	0.162837
4333	-74.64866	-85.7908	11.14214	1	0	1	0	0.006794126	0.006794126	0.001387702	0.006119843	0.06919776	0.06919776	0.01678717	0.007592038	0.0766124	0.317436	0.0201698	0.585781
4334	-77.38115	-86.64745	9.2663	1	1	1	0	0.003551692	0.003551692	0.001387702	0.001387702	0.06621117	0.06621117	0.009595604	0.008325277	0.0404046	0.167413	0.0187347	0.773448
4335	-74.00145	-86.78185	12.78041	0	1	1	1	0.0084501	0.003466474	0.001387702	0.001387702	0.0438651	0.0438651	0.01180112	0.01180112	0.0307783	0.169092	0.0189227	0.781207
4336	-74.08868	-86.45702	12.36834	0	0	1	1	0.0084501	0.003846059	0.001387702	0.01279732	0.06258242	0.06258242	0.01180112	0.01180112	0.411815	0.101809	0.0160153	0.47036
4337	-73.22865	-90.16556	16.93691	0	1	1	0	0.01139167	0.003846059	0.002949795	0.002949795	0.03276648	0.03276648	0.01713691	0.006641232	0.388217	0.0959756	0.203074	0.312733
4338	-75.57495	-92.52688	16.95193	0	1	1	1	0.003772688	0.001062328	0.002590449	0.002590449	0.03276648	0.03276648	0.00491719	0.00491719	0.118397	0.202757	0.181071	0.497775
4339	-71.36657	-87.06534	15.69878	0	1	1	0	0.01164046	0.003552381	0.002590449	0.002590449	0.05107852	0.05107852	0.01289584	5.673203e-05	0.117109	0.200552	0.189978	0.492361
4340	-66.40703	-88.38086	21.97383	0	0	0	0	0.01210656	0.003552381	0.0004221905	0.005904994	0.05107852	0.01430551	0.01289584	0.004728908	0.128199	0.198033	0.187592	0.486176
4341	-69.85232	-90.12772	20.27539	0	1	0	0	0.003878212	0.005835573	0.0004221905	0.0004221905	0.04331014	0.006412918	0.01371467	0.01159925	0.214208	0.330894	0.313448	0.141449
4342	-79.41493	-89.7028	10.28787	1	1	1	0	0.005256786	0.005256786	0.001921299	0.001921299	0.03776553	0.03776553	0.02756026	0.01072414	0.161273	0.249123	0.449629	0.139975
4343	-75.2475	-91.40871	16.16121	1	0	0	1	0.005256786	0.005256786	0.00457602	0.001267287	0.03863641	0.001872484	0.02756026	0.02756026	0.152306	0.235271	0.480231	0.132192
4344	-65.75323	-89.3073	23.55408	0	1	0	0	0.006157831	0.00129093	0.00457602	0.00457602	0.03863641	0.001871923	0.01234916	0.001536387	0.102419	0.0819917	0.460615	0.354973
4345	-67.82832	-86.44401	18.6157	0	1	1	0	0.007879247	0.001337539	0.0006357344	0.0006357344	0.04131282	0.04131282	0.01246827	0.001495785	0.252012	0.0601039	0.427671	0.260213
4346	-67.83902	-87.04438	19.20536	0	1	0	1	0.007879247	0.0008987379	0.0006357344	0.0006357344	0.04131282	0.001318629	0.009711304	0.009711304	0.166054	0.0396034	0.587779	0.206563
4347	-63.86144	-86.38868	22.52724	0	0	1	0	0.007879247	0.0002165726	0.001685775	0.001073422	0.04131282	0.04131282	0.01780206	0.002322339	0.347822	0.0829542	0.136551	0.432673
4348	-76.15675	-87.45104	11.29429	0	1	1	1	0.01103909	0.0002165726	0.001685775	0.001685775	0.04131282	0.04131282	0.02321691	0.02321691	0.359995	0.136473	0.0557158	0.447816
4349	-76.58817	-92.26178	15.67361	1	0	1	1	0.005253576	0.005253576	0.003836995	0.0008877055	0.03660572	0.03660572	0.005837205	0.005837205	0.282616	0.322085	0.0437399	0.35156
4350	-70.44856	-91.74829	21.29973	0	0	1	1	0.005253576	0.001531085	0.003836995	0.001141431	0.03217626	0.03217626	0.005837205	0.005837205	0.182869	0.208408	0.222056	0.386667
4351	-73.50466	-89.00159	15.49694	0	1	0	1	0.0112815	0.003114687	0.003836995	0.003836995	0.05036892	0.00133631	0.01303049	0.01303049	0.111346	0.269712	0.225784	0.393158
4352	-75.19462	-89.45016	14.25554	0	1	1	1	0.003813605	0.001675039	0.003836995	0.003836995	0.03817654	0.03817654	0.01303049	0.01303049	0.156915	0.255882	0.214206	0.372997
4353	-71.70633	-90.52497	18.81864	0	1	0	1	0.00401771	0.000281439	0.003836995	0.003836995	0.03817654	0.004625356	0.01303049	0.01303049	0.0850201	0.294027	0.116061	0.504892
4354	-78.76944	-88.19562	9.426175	1	1	1	1	0.004457464	0.004457464	0.001736338	0.001736338	0.0393955	0.0393955	0.01303049	0.01303049	0.0877155	0.0603447	0.119741	0.732199
4355	-78.51047	-89.90726	11.39679	0	1	1	1	0.01490101	0.007364489	0.001109011	0.001109011	0.0393955	0.0393955	0.0141149	0.0141149	0.158232	0.108857	0.216003	0.516907
4356	-71.88767	-91.28835	19.40068	0	0	1	1	0.004018618	0.007364489	0.001760154	0.0005803812	0.04013709	0.04013709	0.006778503	0.006778503	0.25501	0.175436	0.167171	0.402383
4357	-70.53093	-89.39004	18.85911	0	0	1	1	0.006038841	0.001956557	0.001760154	0.007065896	0.04013709	0.04013709	0.006778503	0.006778503	0.25501	0.175436	0.167171	0.402383
4358	-77.89908	-86.51026	8.611178	1	1	1	0	0.005054151	0.005054151	0.001760154	0.001760154	0.06263304	0.06263304	0.01717456	0.006196882	0.499401	0.117885	0.112331	0.270382
4359	-72.24533	-92.29853	20.0532	0	1	1	0	0.005054151	0.003980231	0.002536946	0.002536946	0.02938058	0.02938058	0.00787269	0.008082202	0.557554	0.167927	0.160016	0.114504
4360	-71.90565	-88.96159	17.05594	0	1	1	0	0.01398496	0.002228534	0.001152811	0.001152811	0.03897763	0.03897763	0.01401089	0.003696478	0.557554	0.167927	0.160016	0.114504
4361	-70.93312	-90.5087	19.57558	0	0	1	1	0.01398496	0.0005678187	0.001152811	0.001214277	0.02997495	0.02997495	0.01274399	0.01274399	0.606902	0.149197	0.142168	0.101733
4362	-65.98145	-90.89155	24.9101	0	0	1	0	0.005034731	0.00391881	0.0003442226	0.001839516	0.02997495	0.02997495	0.01274399	0.004805878	0.741706	0.00818163	0.119895	0.130218
4363	-73.23444	-92.36443	19.12999	1	0	1	0	0.005034731	0.005034731	0.0005439145	0.01370218	0.02997495	0.02997495	0.008125955	0.004805878	0.219358	0.0401683	0.10116	0.639313
4364	-76.78561	-95.38078	18.59517	0	0	1	1	0.005296607	0.005075989	0.008808893	0.007809534	0.03012983	0.03012983	0.008125955	0.008125955	0.276278	0.0505914	0.0863313	0.586799
4365	-71.6008	-89.54268	17.94188	0	0	1	1	0.008396429	0.005075989	0.001234067	0.007809534	0.03834172	0.03834172	0.008125955	0.008125955	0.3019	0.0137497	0.207448	0.476902
4366	-67.92617	-88.64604	20.71986	0	0	1	0	0.008774707	0.004448305	0.000834819	0.002430584	0.03834172	0.03834172	0.009109233	0.01869118	0.393698	0.116619	0.239667	0.250016
4367	-73.88515	-85.2094	11.32424	0	1	1	1	0.008774707	0.001997804	0.000834819	0.000834819	0.04983414	0.04983414	0.01585841	0.01585841	0.109317	0.149642	0.36269	0.378351
4368	-71.06624	-86.45525	15.38901	0	0	1	1	0.01289815	0.001997804	0.001854473	0.001143294	0.04983414	0.04983414	0.01585841	0.01585841	0.201179	0.203527	0.11816	0.477134
4369	-70.33193	-90.87229	20.54036	0	1	1	0	0.003445612	0.0009499285	0.001854473	0.001854473	0.0307408	0.0307408	0.01585841	0.001270951	0.419814	0.159039	0.0483088	0.372838
4370	-73.97695	-87.75611	13.77916	0	1	1	1	0.005303931	0.002041201	0.001854473	0.001854473	0.03819954	0.03819954	0.01585841	0.01585841	0.20735	0.24789	0.0752979	0.469463
4371	-68.81542	-87.27792	18.4625	0	0	1	1	0.006822836	0.002041201	0.0009620513	0.002852823	0.03746838	0.03746838	0.01585841	0.01585841	0.126	0.273331	0.0830257	0.517644
4372	-79.72686	-89.43758	9.710722	1	1	1	1	0.006822836	0.006822836	0.001158855	0.001158855	0.03315207	0.03315207	0.01585841	0.01585841	0.160508	0.0743144	0.105764	0.659413
4373	-66.11546	-91.29256	25.17711	0	0	0	1	0.006822836	0.005109176	0.0004554185	0.0004678948	0.02838106	4.002491e-05	0.01585841	0.01585841	0.386268	0.0345948	0.272167	0.30697
4374	-75.45962	-88.79274	13.33312	0	1	1	1	0.006822836	0.005109176	5.265144e-05	5.265144e-05	0.03796589	0.03796589	0.01585841	0.01585841	0.374244	0.0646469	0.263695	0.297415
4375	-70.79003	-84.28735	13.49731	0	0	1	1	0.006822836	0.002041568	7.731188e-05	0.006078683	0.06352809	0.06352809	0.01585841	0.01585841	0.183494	0.0843533	0.344077	0.388076
4376	-79.49382	-88.51273	9.018911	1	1	1	1	0.004201643	0.004201643	7.731188e-05	7.731188e-05	0.04081201	0.04081201	0.01585841	0.01585841	0.212098	0.097503	0.241826	0.448572
4377	-71.53332	-87.70855	16.17524	0	0	1	1	0.004021153	0.001538705	0.0002599799	0.0152559	0.04215484	0.04215484	0.01585841	0.01585841	0.178904	0.0822433	0.671282	0.067571
4378	-79.24206	-89.20237	9.960314	1	1	1	1	0.006212987	0.006212987	0.0003160975	0.0003160975	0.03317699	0.03317699	0.01585841	0.01585841	0.245934	0.113057	0.548121	0.0928878
4379	-68.09857	-87.82455	19.72598	0	1	1	0	0.005347082	0.0007389393	0.0008382461	0.0008382461	0.03317699	0.03317699	0.01585841	0.002818837	0.197596	0.287384	0.440389	0.0746308
4380	-67.4023	-89.1053	21.70299	0	0	1	1	0.005347082	0.0003708495	0.0008382461	0.00172342	0.02847271	0.02847271	0.01071754	0.01071754	0.197596	0.287384	0.440389	0.0746308
4381	-80.63971	-90.94633	10.30662	1	1	1	1	0.003635893	0.003635893	0.0008382461	0.0008382461	0.02847271	0.02847271	0.02063676	0.02063676	0.154797	0.225137	0.252004	0.368062
4382	-81.46773	-92.70703	11.23931	1	1	0	1	0.003635893	0.003635893	0.006948484	0.006948484	0.04223399	0.004330578	0.02063676	0.02063676	0.36375	0.261752	0.292989	0.0815084
4383	-70.59591	-90.36297	19.76705	0	0	1	0	0.01190965	0.002275985	0.006948484	0.00306562	0.04223399	0.04223399	0.01704566	0.004601308	0.491086	0.103558	0.17789	0.227467
4384	-76.99513	-87.14852	10.15339	0	1	1	1	0.01190965	0.002275985	0.002964016	0.002964016	0.05290872	0.05290872	0.01393886	0.01393886	0.555493	0.11714	0.0700675	0.257299
4385	-72.15885	-87.54981	15.39097	0	0	1	1	0.01190965	0.002275985	0.002964016	0.002614133	0.04987241	0.04987241	0.01393886	0.01393886	0.503119	0.200379	0.0634613	0.23304
4386	-71.51696	-92.0985	20.58154	0	0	1	1	0.003202426	0.002511105	0.003390192	0.00103479	0.02980724	0.02980724	0.01393886	0.01393886	0.503119	0.200379	0.0634613	0.23304
4387	-69.87578	-91.42419	21.54841	0	0	1	0	0.003202426	0.002511105	0.0004663668	0.009957649	0.05424275	0.05424275	0.004634234	0.002876659	0.387902	0.279781	0.152645	0.179673
4388	-76.88201	-87.74093	10.85892	1	1	1	0	0.003202426	0.003202426	0.0004663668	0.0004663668	0.05424275	0.05424275	0.01703479	0.005015205	0.321683	0.23202	0.126587	0.31971
4389	-72.37258	-86.98717	14.61459	0	1	1	0	0.008394369	0.004358205	0.0004663668	0.0004663668	0.05424275	0.05424275	0.007666413	0.01288788	0.209352	0.067998	0.645221	0.0774298
4390	-68.26276	-90.19732	21.93456	0	0	1	0	0.008394369	0.004358205	0.004514893	0.001449988	0.03378241	0.03378241	0.0113801	0.01180245	0.467768	0.0457735	0.434336	0.0521226
4391	-67.31197	-86.78153	19.46957	0	1	0	0	0.008394369	0.004205952	0.0004067742	0.0004067742	0.0551281	0.001748714	0.0113801	0.008518332	0.103726	0.0770821	0.731418	0.087774
4392	-70.07696	-85.61879	15.54183	0	0	1	1	0.008394369	0.004205952	1.152245e-05	0.001239833	0.0551281	0.0551281	0.01373234	0.01373234	0.103726	0.0770821	0.731418	0.087774
4393	-71.27617	-85.705	14.42883	0	0	1	1	0.008394369	0.006537076	0.0005679018	0.004718766	0.0551281	0.0551281	0.01373234	0.01373234	0.0387736	0.0716767	0.680127	0.209423
4394	-73.55089	-88.47953	14.92863	0	1	1	0	0.004984655	0.009427453	0.0005679018	0.0005679018	0.0529963	0.0529963	0.01373234	0.004511004	0.252482	0.387158	0.0861965	0.274164
4395	-77.26724	-87.01321	9.745977	1	0	1	1	0.008942703	0.008942703	0.0002118488	0.006714601	0.0529963	0.0529963	0.0174622	0.0174622	0.170307	0.287914	0.0581423	0.483637
4396	-75.54132	-87.62997	12.08865	1	1	1	0	0.005839385	0.005839385	0.0003364878	0.0003364878	0.0529963	0.0529963	0.01297275	0.0007824637	0.101696	0.39911	0.0142008	0.484993
4397	-65.37963	-89.27552	23.89588	0	0	1	0	0.005839385	0.003795395	0.0006120548	0.001408467	0.03742901	0.03742901	0.01537532	3.886393e-06	0.156298	0.613402	0.0602202	0.17008
4398	-73.87565	-92.15718	18.28153	0	1	1	0	0.005839385	0.004387724	0.004006253	0.004006253	0.02953464	0.02953464	0.009695843	0.01357702	0.0925565	0.337148	0.0356611	0.534634
4399	-70.87644	-88.42111	17.54467	0	1	1	0	0.004914113	0.0009783107	0.004006253	0.004006253	0.04780218	0.04780218	0.009695843	0.003859044	0.0908888	0.331073	0.0530366	0.525001
4400	-69.74815	-89.59824	19.85009	0	0	1	1	0.005474192	0.005009742	0.001378961	0.001230096	0.03581235	0.03581235	0.009163246	0.009163246	0.107851	0.206234	0.0629346	0.622981
4401	-68.24176	-89.12698	20.88521	0	0	1	1	0.004487173	0.001213113	0.001378961	0.0009850802	0.03581235	0.03581235	0.008270919	0.008270919	0.109391	0.194903	0.063833	0.631873
4402	-70.74982	-92.20062	21.4508	1	0	1	0	0.004487173	0.004487173	0.001378961	0.0009287832	0.02694158	0.02694158	0.01068674	0.004489157	0.223767	0.39869	0.130575	0.246968
4403	-73.60739	-90.23925	16.63187	1	1	0	0	0.002749013	0.002749013	0.00147321	0.00147321	0.0560314	2.881119e-05	0.01068674	0.005507868	0.270721	0.272514	0.157974	0.298791
4404	-79.43352	-90.69333	11.25981	1	1	1	1	0.004967862	0.004967862	0.00147321	0.00147321	0.03100345	0.03100345	0.01068674	0.01068674	0.270721	0.272514	0.157974	0.298791
4405	-73.5504	-92.15032	18.59992	1	0	0	1	0.005308175	0.005308175	0.00147321	0.002157368	0.02838631	0.01208775	0.01580682	0.01580682	0.171306	0.683814	0.118947	0.0259333
4406	-73.33615	-91.48414	18.14798	0	0	1	1	0.005308175	0.005072957	0.0005355605	0.002341234	0.02838631	0.02838631	0.02616052	0.02616052	0.138402	0.300557	0.159472	0.401569
4407	-71.95806	-88.79981	16.84175	0	1	1	0	0.005308175	0.0002142472	0.005456653	0.005456653	0.05132113	0.05132113	0.008776675	0.004199623	0.158778	0.344806	0.182951	0.313466
4408	-77.28864	-94.80544	17.5168	0	1	1	1	0.01318638	0.0002142472	0.002481617	0.002481617	0.01721908	0.01721908	0.008776675	0.008776675	0.116014	0.25194	0.403005	0.229041
4409	-68.66386	-91.89707	23.23321	0	0	1	1	0.004457918	0.0002142472	0.00237767	0.0004924789	0.02239791	0.02239791	0.008776675	0.008776675	0.287522	0.185857	0.462187	0.0644339
4410	-69.49993	-89.43486	19.93494	0	0	1	1	0.004308099	0.001674774	0.002653173	0.002662333	0.03437132	0.03437132	0.01191355	0.01191355	0.362818	0.234528	0.337653	0.0650004
4411	-71.33321	-89.80082	18.46761	0	0	1	1	0.01481915	0.001510581	0.002653173	0.0007086694	0.03437132	0.03437132	0.01191355	0.01191355	0.444402	0.0624043	0.413578	0.0796164
4412	-68.21798	-90.42427	22.20629	0	0	1	0	0.00676925	0.007754423	0.001207495	0.005556411	0.0306034	0.0306034	0.02077961	0.001457505	0.241532	0.0339166	0.68128	0.0432714
4413	-67.66276	-89.00275	21.33999	0	0	1	0	0.01034965	0.005269967	0.001207495	0.006714936	0.03368282	0.03368282	0.01814242	0.003716106	0.195094	0.0359932	0.722992	0.0459207
4414	-74.67748	-90.90003	16.22256	0	1	1	1	0.005993202	0.002020298	0.002422366	0.002422366	0.03368282	0.03368282	0.005162487	0.005162487	0.195094	0.0359932	0.722992	0.0459207
4415	-66.56922	-94.35172	27.7825	0	0	1	0	0.01012285	0.001983312	0.00219703	0.0007411327	0.02130335	0.02130335	0.005162487	0.0007216238	0.33699	0.0621718	0.521518	0.0793197
4416	-74.8616	-85.40717	10.54558	0	1	1	1	0.01012285	0.001983312	0.00219703	0.00219703	0.0541888	0.0541888	0.01326191	0.01326191	0.243055	0.0200999	0.396285	0.34056
4417	-76.12119	-87.30344	11.18225	0	1	1	1	0.01012285	0.0007865737	0.004112455	0.004112455	0.0541888	0.0541888	0.008901399	0.008901399	0.154311	0.24736	0.237959	0.36037
4418	-72.95242	-89.10301	16.15059	0	1	1	1	0.008388278	0.0006805929	0.001148655	0.001148655	0.02943279	0.02943279	0.01004253	0.01004253	0.169314	0.242972	0.233738	0.353977
4419	-66.631	-91.76335	25.13235	0	1	0	0	0.00500891	0.003514893	0.0004387278	0.0004387278	0.02943279	0.002352761	0.00883183	0.007810915	0.217773	0.312513	0.310708	0.159006
4420	-74.38997	-90.91684	16.52687	0	1	1	1	0.004465886	0.001891216	0.002918761	0.002918761	0.02943279	0.02943279	0.00883183	0.00883183	0.302597	0.0447325	0.431731	0.22094
4421	-71.15262	-91.68892	20.5363	0	1	1	0	0.004465886	0.001790001	0.002918761	0.002918761	0.02943279	0.02943279	0.00883183	0.006704151	0.355327	0.0713412	0.00352126	0.569811
4422	-70.1524	-89.75039	19.59799	0	0	1	1	0.004465886	0.001790001	0.001000513	0.008823102	0.03459927	0.03459927	0.00883183	0.00883183	0.0856048	0.296204	0.00379677	0.614394
4423	-82.21027	-94.03313	11.82286	1	1	1	1	0.004465886	0.004465886	0.0005007483	0.0005007483	0.03459927	0.03459927	0.005344684	0.005344684	0.308986	0.565031	0.000773758	0.12521
4424	-66.51542	-89.82935	23.31393	0	0	1	0	0.004465886	0.0003367977	0.0002514677	0.009545762	0.03459927	0.03459927	0.01231752	0.006275613	0.422372	0.45445	0.000756523	0.122421
4425	-76.10661	-88.66156	12.55495	1	0	1	1	0.004465886	0.004465886	0.0001087839	0.008220978	0.04514699	0.04514699	0.01231752	0.01231752	0.295489	0.554277	0.000922703	0.149312
4426	-74.27475	-90.31482	16.04007	0	0	1	1	0.004465886	0.01147801	0.0001087839	0.01127592	0.04021606	0.04021606	0.01231752	0.01231752	0.127864	0.239846	0.567681	0.06461
4427	-71.74577	-88.77937	17.0336	0	0	1	1	0.01082312	0.001187302	0.0001163972	0.01065172	0.03908305	0.03908305	0.01231752	0.01231752	0.293919	0.551331	0.00623143	0.148518
4428	-74.70949	-87.97131	13.26182	0	0	1	1	0.003915123	0.004049284	0.001080301	0.01011789	0.06427382	0.06427382	0.01231752	0.01231752	0.264366	0.596444	0.00560487	0.133585
4429	-79.25408	-87.57594	8.321862	0	1	1	1	0.005840802	0.011665	0.0003765451	0.0003765451	0.06427382	0.06427382	0.01231752	0.01231752	0.106729	0.460335	0.00198629	0.43095
4430	-79.26343	-89.17449	9.911061	0	1	1	1	0.005840802	0.011665	0.0003765451	0.0003765451	0.05640197	0.05640197	0.01109904	0.01109904	0.0869191	0.707031	0.00391748	0.202133
4431	-67.30809	-89.05071	21.74262	0	1	0	0	0.005840802	0.001792862	0.0002053198	0.0002053198	0.04753972	0.007286628	0.009201918	0.004913068	0.0552813	0.449678	0.163166	0.331875
4432	-70.65682	-89.90572	19.24889	0	1	1	0	0.005840802	0.002321838	0.002147169	0.002147169	0.03779267	0.03779267	0.006579754	0.006825224	0.0552813	0.449678	0.163166	0.331875
4433	-72.38728	-89.36798	16.9807	0	1	1	0	0.005840802	0.004094	0.002864227	0.002864227	0.03779267	0.03779267	0.0160209	0.00786911	0.0394311	0.679892	0.116383	0.164294
4434	-72.55435	-88.55051	15.99616	0	0	1	1	0.005840802	0.007432518	0.0003004514	0.001638714	0.04516849	0.04516849	0.01973236	0.01973236	0.134816	0.612378	0.104826	0.147979
4435	-69.10473	-91.8966	22.79187	0	0	0	0	0.01571499	0.002544998	0.0001016836	0.009518465	0.04516849	0.0001725951	0.0130698	0.01402468	0.207809	0.395184	0.16462	0.232387
4436	-73.47292	-90.59255	17.11964	0	0	1	1	0.01571499	0.0002198065	9.445907e-05	0.01191708	0.03267082	0.03267082	0.0130698	0.0130698	0.375916	0.079385	0.033069	0.51163
4437	-77.99474	-88.17919	10.18445	1	0	1	1	0.008085176	0.008085176	3.824967e-05	0.007906253	0.05753442	0.05753442	0.01025547	0.01025547	0.695294	0.146831	0.0611644	0.0967112
4438	-77.06329	-91.91489	14.8516	1	0	1	1	0.007777489	0.007777489	0.0001880629	0.007906253	0.03002667	0.03002667	0.01122468	0.01122468	0.535903	0.223637	0.0931592	0.1473
4439	-71.74661	-89.73501	17.98839	0	0	1	1	0.007777489	0.008275073	0.0001432362	0.00492901	0.03636812	0.03636812	0.01122468	0.01122468	0.186018	0.325537	0.135607	0.352838
4440	-73.58175	-87.85683	14.27508	0	1	1	1	0.005248397	0.00035322	0.0001432362	0.0001432362	0.03636812	0.03636812	0.01830789	0.01830789	0.161944	0.147971	0.0616393	0.628447
4441	-72.6151	-85.03603	12.42092	0	0	1	1	0.005248397	0.001933425	0.000501561	0.01048374	0.06531195	0.06531195	0.01708485	0.01708485	0.161944	0.147971	0.0616393	0.628447
4442	-72.17502	-85.3741	13.19907	0	0	1	1	0.005248397	0.0003656806	0.003231103	0.00487086	0.06531195	0.06531195	0.01708485	0.01708485	0.120543	0.143142	0.0458813	0.690434
4443	-75.48465	-86.35642	10.87177	1	0	1	0	0.006259559	0.006259559	0.001760231	0.004354742	0.06531195	0.06531195	0.008658593	0.02308009	0.120543	0.143142	0.0458813	0.690434
4444	-76.65628	-86.57672	9.920437	1	1	1	0	0.004133942	0.004133942	0.001347936	0.001347936	0.06531195	0.06531195	0.01154326	0.002992636	0.1617	0.192014	0.0615464	0.58474
4445	-80.93319	-90.11384	9.180647	1	1	1	1	0.00731145	0.00731145	0.0006019886	0.0006019886	0.03259391	0.03259391	0.01951688	0.01951688	0.165274	0.196258	0.0408021	0.597666
4446	-79.32736	-90.53405	11.20669	0	1	1	1	0.00731145	0.01535915	0.001490748	0.001490748	0.04328986	0.04328986	0.01052109	0.01052109	0.166424	0.190666	0.041086	0.601824
4447	-69.6634	-87.70751	18.04412	1	0	1	0	0.004728454	0.004728454	0.001490748	0.0003757711	0.04328986	0.04328986	0.0179346	0.0005794255	0.023282	0.402563	0.567855	0.00630015
4448	-74.20651	-89.04776	14.84124	1	1	0	0	0.004728454	0.004728454	0.002295904	0.002295904	0.04328986	0.02564472	0.009668929	0.001091669	0.021924	0.379083	0.593061	0.00593268
4449	-66.272	-88.47911	22.20711	0	0	1	0	0.005640031	0.005085408	0.00312117	0.001189947	0.04503002	0.04503002	0.009668929	0.00438793	0.0423186	0.371178	0.580694	0.00580897
4450	-74.84764	-89.83722	14.98958	1	0	1	1	0.005640031	0.005640031	0.00312117	0.0003843697	0.03800092	0.03800092	0.009187385	0.009187385	0.0510404	0.417338	0.371874	0.159747
4451	-72.64571	-93.23119	20.58547	0	0	1	1	0.005640031	0.001015801	0.00312117	0.01270997	0.02218778	0.02218778	0.009187385	0.009187385	0.0675578	0.228781	0.492218	0.211443
4452	-66.1433	-89.56497	23.42166	0	0	1	0	0.005541825	0.00423661	0.001236997	0.002844456	0.03298617	0.03298617	0.009187385	0.01114263	0.0350121	0.118567	0.234465	0.611956
4453	-79.43769	-86.83538	7.397683	1	1	1	1	0.005541825	0.005541825	0.00176323	0.00176323	0.04710363	0.04710363	0.01581423	0.01581423	0.040192	0.136108	0.269153	0.554547
4454	-67.88588	-92.40906	24.52318	0	0	1	0	0.00181137	0.0007476979	0.001921117	0.006753118	0.03358446	0.03358446	0.01581423	0.0002433124	0.116943	0.125224	0.24763	0.510203
4455	-70.17235	-90.80798	20.63563	1	0	0	0	0.004955874	0.004955874	0.001921117	0.002159428	0.03358446	0.01241662	0.01768089	0.01039398	0.071212	0.43463	0.183472	0.310685
4456	-74.43628	-90.04797	15.61169	1	0	1	1	0.004955874	0.004955874	0.0007840534	0.003221277	0.0348045	0.0348045	0.009009648	0.009009648	0.071212	0.43463	0.183472	0.310685
4457	-71.64026	-90.96891	19.32864	1	0	1	0	0.004955874	0.004955874	0.000125102	0.0006857637	0.03377125	0.03377125	0.01023734	0.01127597	0.0389934	0.690422	0.100463	0.170121
4458	-80.35438	-91.44663	11.09225	1	1	1	1	0.002426028	0.002426028	0.00015139	0.00015139	0.03377125	0.03377125	0.01274106	0.01274106	0.0670009	0.468064	0.172622	0.292313
4459	-70.93278	-92.92563	21.99284	0	0	1	1	0.008132836	0.002749285	2.055639e-05	0.003949815	0.01821832	0.01821832	0.01274106	0.01274106	0.0547727	0.278855	0.427408	0.238964
4460	-71.96153	-94.21982	22.25829	0	1	1	0	0.008132836	0.0005921646	8.161522e-05	8.161522e-05	0.01632149	0.01632149	0.01439506	0.004770349	0.0821949	0.418465	0.177281	0.322059
4461	-66.43732	-90.96462	24.5273	0	0	1	0	0.008132836	0.004658055	0.0003204878	0.002405998	0.02593425	0.02593425	0.01462976	0.004770349	0.0766513	0.390242	0.232768	0.300338
4462	-68.26905	-86.18043	17.91138	0	0	1	1	0.004364289	0.001100494	0.0002308321	0.002828552	0.0460042	0.0460042	0.01462976	0.01462976	0.0470511	0.239543	0.529048	0.184357
4463	-65.91793	-89.20761	23.28968	0	0	0	1	0.004098635	0.001100494	0.0007306096	0.003282702	0.0460042	0.004309779	0.008404584	0.008404584	0.0723256	0.368219	0.276066	0.283389
4464	-71.25785	-92.29043	21.03259	0	0	1	1	0.00780524	0.0011652	0.003205343	0.003851707	0.02073175	0.02073175	0.01454537	0.01454537	0.0666537	0.417764	0.254416	0.261165
4465	-72.45406	-88.37829	15.92422	1	0	0	1	0.00780524	0.00780524	0.001155292	0.0001387078	0.0526436	0.002104318	0.01667764	0.01667764	0.0560497	0.351302	0.373032	0.219616
4466	-68.5916	-87.07806	18.48646	0	0	1	1	0.005182532	0.002661867	0.001155292	0.0002011033	0.03999019	0.03999019	0.01667764	0.01667764	0.270447	0.0670426	0.51464	0.147871
4467	-64.46221	-86.51884	22.05662	0	0	1	0	0.007241775	0.001641511	0.001958532	0.0001960144	0.03999019	0.03999019	0.01667764	0.007278555	0.270447	0.0670426	0.51464	0.147871
4468	-80.24637	-86.2298	5.983431	1	1	1	0	0.003984268	0.003984268	0.002505403	0.002505403	0.07836709	0.07836709	0.01667764	0.006315279	0.270713	0.0661244	0.515146	0.148016
4469	-80.65351	-86.79505	6.141538	1	0	1	1	0.003984268	0.003984268	0.003516303	0.004399998	0.07836709	0.07836709	0.01667764	0.01667764	0.270713	0.0661244	0.515146	0.148016
4470	-74.81037	-89.83053	15.02016	1	0	1	1	0.003984268	0.003984268	0.001472043	0.00310389	0.03092113	0.03092113	0.01667764	0.01667764	0.202361	0.0932621	0.495615	0.208763
4471	-74.18636	-87.68973	13.50337	0	1	1	1	0.003984268	0.002603339	0.001472043	0.001472043	0.0400978	0.0400978	0.01667764	0.01667764	0.202361	0.0932621	0.495615	0.208763
4472	-79.23146	-91.52486	12.2934	0	1	1	1	0.003984268	0.01162576	0.0005717436	0.0005717436	0.03469513	0.03469513	0.02087932	0.02087932	0.325558	0.0879764	0.250607	0.335858
4473	-69.59898	-87.59909	18.00011	0	1	1	0	0.008921761	0.0005560336	0.000570761	0.000570761	0.03469513	0.03469513	0.02087932	0.003027578	0.299057	0.0808149	0.230207	0.389921
4474	-74.67833	-92.14273	17.4644	0	1	0	1	0.005142789	0.002359556	0.005218388	0.005218388	0.03469513	0.00341972	0.02087932	0.02087932	0.582061	0.264138	0.0869182	0.0668829
4475	-67.39452	-86.50345	19.10893	0	0	1	1	0.00818083	0.0001136739	0.0008972093	0.003237184	0.03742258	0.03742258	0.0124566	0.0124566	0.184192	0.22774	0.530402	0.0576665
4476	-72.34041	-86.72187	14.38146	0	1	1	1	0.00818083	0.0007006514	0.001051693	0.001051693	0.03742258	0.03742258	0.0124566	0.0124566	0.334648	0.0872443	0.473337	0.104771
4477	-67.32531	-87.54666	20.22135	0	0	0	1	0.00818083	0.001569996	0.001051693	0.0007612259	0.0386724	0.01622461	0.01902133	0.01902133	0.0352258	0.167515	0.203884	0.593375
4478	-69.09658	-86.45505	17.35847	0	1	1	0	0.00818083	0.001569996	0.001051693	0.001051693	0.0386724	0.0386724	0.01902133	0.00382459	0.0154138	0.0720752	0.468008	0.444503
4479	-72.33133	-87.77501	15.44368	0	1	1	1	0.00818083	0.0009866419	0.001051693	0.001051693	0.03250814	0.03250814	0.0110091	0.0110091	0.0174406	0.0815525	0.398056	0.502951
4480	-69.63565	-84.90467	15.26902	0	1	0	0	0.01130399	0.00133817	0.001051693	0.001051693	0.07314595	0.007634379	0.01343169	0.005903886	0.0174406	0.0815525	0.398056	0.502951
4481	-67.7351	-89.94595	22.21085	0	0	0	1	0.01130399	0.0006464902	0.0004204084	0.005082436	0.02495726	0.01606152	0.01562991	0.01562991	0.0142316	0.0388291	0.53653	0.410409
4482	-63.09837	-85.99988	22.90151	0	0	1	0	0.005121218	0.0001273021	0.0004204084	0.003476244	0.04117776	0.04117776	0.01381499	0.006013461	0.0142316	0.0388291	0.53653	0.410409
4483	-73.86547	-86.89956	13.03409	0	1	1	1	0.008484212	7.876039e-05	0.003963699	0.003963699	0.04117776	0.04117776	0.01381499	0.01381499	0.0177328	0.0483818	0.668527	0.265359
4484	-66.31112	-87.03386	20.72274	0	1	0	0	0.01467932	0.001013104	0.0007483572	0.0007483572	0.04596395	0.0001811906	0.01381499	0.006213173	0.0177328	0.0483818	0.668527	0.265359
4485	-76.33402	-88.7776	12.44358	0	1	1	1	0.00840933	0.004819341	0.001858959	0.001858959	0.05054505	0.05054505	0.005264482	0.005264482	0.0177328	0.0483818	0.668527	0.265359
4486	-74.18337	-85.44346	11.26009	0	1	1	1	0.007570561	0.004094456	0.001074076	0.001074076	0.05266305	0.05266305	0.01226469	0.01226469	0.0141381	0.0385742	0.533008	0.41428
4487	-70.7046	-87.86828	17.16368	0	0	1	1	0.007570561	0.002427078	0.002790061	0.003204149	0.05126492	0.05126492	0.006178267	0.006178267	0.019158	0.0522702	0.722255	0.206317
4488	-74.97867	-90.05086	15.07219	1	0	1	1	0.007570561	0.007570561	0.002790061	0.0002654153	0.03615187	0.03615187	0.009083419	0.009083419	0.00892246	0.0867571	0.336376	0.567944
4489	-76.20205	-90.47428	14.27223	1	0	1	1	0.007570561	0.007570561	0.002790061	0.004841233	0.03615187	0.03615187	0.009083419	0.009083419	0.0698455	0.0579536	0.324429	0.547772
4490	-75.43784	-91.27672	15.83888	1	1	1	0	0.005809482	0.005809482	0.001889178	0.001889178	0.03615187	0.03615187	0.006019395	0.001605908	0.0698455	0.0579536	0.324429	0.547772
4491	-71.19137	-88.76387	17.5725	0	1	1	0	0.005809482	0.004877066	0.001889178	0.001889178	0.03591773	0.03591773	0.02124028	0.001362803	0.0697437	0.0593254	0.323957	0.546974
4492	-74.59728	-89.98826	15.39099	0	1	1	1	0.004410342	0.004880024	0.0009117715	0.0009117715	0.03591773	0.03591773	0.00791794	0.00791794	0.0771971	0.0656653	0.358577	0.498561
4493	-60.99035	-89.70146	28.71111	0	0	0	0	0.01010887	1.502612e-05	0.002836586	0.001831386	0.02732367	9.998021e-05	0.01778421	0.006457468	0.0771971	0.0656653	0.358577	0.498561
4494	-61.53655	-91.00537	29.46883	0	0	0	0	0.01213239	1.502612e-05	0.00152766	0.002004468	0.02732367	0.007808682	0.01117094	0.0001401863	0.240705	0.204749	0.142668	0.411878
4495	-64.29009	-90.18398	25.89389	0	0	1	0	0.01213239	1.502612e-05	0.00110855	0.0008549107	0.02762312	0.02762312	0.01117094	0.0001298437	0.123004	0.236487	0.164783	0.475725
4496	-72.60112	-89.27032	16.6692	0	1	1	1	0.006634107	0.0001896013	0.00110855	0.00110855	0.02762312	0.02762312	0.01117094	0.01117094	0.123004	0.236487	0.164783	0.475725
4497	-62.44648	-93.99075	31.54426	0	0	0	0	0.006634107	0.0009279175	0.003471868	0.0042353	0.01974372	0.002507894	0.01117094	0.001559646	0.270179	0.19434	0.144542	0.39094
4498	-70.97198	-93.18378	22.2118	0	0	1	1	0.005816016	0.000267328	0.003471868	0.004089575	0.01974372	0.01974372	0.01117094	0.01117094	0.104798	0.204542	0.186429	0.504232
4499	-75.85205	-93.60238	17.75033	1	1	1	0	0.00485726	0.00485726	0.002132699	0.002132699	0.01974372	0.01974372	0.01117094	0.00263761	0.160436	0.131485	0.552	0.15608
4500	-75.22057	-88.77866	13.55809	1	0	1	1	0.00485726	0.00485726	0.002132699	0.006027779	0.04033343	0.04033343	0.01117094	0.01117094	0.173139	0.141895	0.595706	0.0892596
4501	-75.59681	-89.71119	14.11438	1	1	1	0	0.006751131	0.006751131	0.002476427	0.002476427	0.03725136	0.03725136	0.01117094	0.003690249	0.270055	0.314023	0.361723	0.0541999
4502	-63.03069	-88.08141	25.05072	0	0	0	0	0.006751131	0.0008803907	0.003259928	0.001302497	0.03725136	0.01162492	0.01117094	0.01515376	0.101664	0.359745	0.468406	0.0701851
4503	-63.51687	-90.1964	26.67953	0	0	0	0	0.006751131	0.0008803907	0.0008169277	0.0007918269	0.02326989	0.01161807	0.01826422	0.01568557	0.111727	0.395354	0.387688	0.105231
4504	-67.82102	-92.49914	24.67811	0	0	0	1	0.01309342	0.001831598	7.720765e-05	0.0005657556	0.02326989	0.002887008	0.01826422	0.01826422	0.111727	0.395354	0.387688	0.105231
4505	-72.19032	-93.14894	20.95862	0	1	0	1	0.003390859	0.0005681669	4.035881e-05	4.035881e-05	0.02326989	0.007266299	0.01719216	0.01719216	0.0796075	0.497816	0.276234	0.146343
4506	-71.48143	-93.54412	22.06269	1	0	1	0	0.002674659	0.002674659	0.0001795399	0.00189318	0.02326989	0.02326989	0.01340838	0.003986699	0.122809	0.425405	0.349372	0.102414
4507	-69.24281	-89.0305	19.78769	0	0	1	0	0.008502968	0.008201755	0.0001795399	0.00189318	0.05823861	0.05823861	0.008868566	0.002078057	0.0875238	0.764113	0.0753746	0.0729883
4508	-71.59082	-86.84723	15.25641	0	1	0	1	0.006433821	0.0007177195	0.001079037	0.001079037	0.05823861	0.009006992	0.008868566	0.008868566	0.0903582	0.517978	0.198982	0.192682
4509	-70.46512	-91.94701	21.48189	0	1	1	0	0.006433821	0.0007177195	0.002623359	0.002623359	0.02415814	0.02415814	0.009465945	0.005335568	0.0911309	0.577027	0.137513	0.19433
4510	-65.81976	-92.50013	26.68037	0	0	1	0	0.006433821	0.002047087	0.000462682	0.002964847	0.02415814	0.02415814	0.008686351	0.003783132	0.333927	0.439513	0.104741	0.121818
4511	-74.94998	-92.04583	17.09585	0	1	1	1	0.005329987	9.4333e-05	0.00243045	0.00243045	0.02553325	0.02553325	0.01089787	0.01089787	0.147986	0.690884	0.0300229	0.131106
4512	-68.47647	-90.0059	21.52943	0	0	1	1	0.005329987	9.636858e-05	0.00250679	0.0006204699	0.02901117	0.02901117	0.01089787	0.01089787	0.218748	0.445321	0.142134	0.193796
4513	-74.10947	-90.83943	16.72996	0	1	1	1	0.003896815	6.614827e-05	0.00250679	0.00250679	0.02901117	0.02901117	0.01089787	0.01089787	0.218748	0.445321	0.142134	0.193796
4514	-62.95536	-88.07246	25.1171	0	1	0	0	0.006925206	0.0003482534	0.001447493	0.001447493	0.03313635	0.0006212076	0.01429125	0.0007082826	0.234919	0.220913	0.305034	0.239134
4515	-74.01544	-88.4565	14.44106	0	1	1	1	0.006925206	0.003671155	0.001447493	0.001447493	0.03313635	0.03313635	0.01429125	0.01429125	0.214139	0.084426	0.278053	0.423382
4516	-68.04243	-88.24028	20.19785	0	0	1	0	0.006925206	0.0005130635	0.001447493	0.02024038	0.0409381	0.0409381	0.01429125	0.001261026	0.288225	0.113635	0.374251	0.223889
4517	-68.32958	-86.73953	18.40996	0	0	1	1	0.006925206	0.00137298	0.002315718	0.0004629799	0.0409381	0.0409381	0.01429125	0.01429125	0.245344	0.162472	0.272074	0.32011
4518	-68.56685	-93.67862	25.11177	0	0	1	0	0.006925206	0.002186209	0.001694968	0.002997782	0.0184561	0.0184561	0.01429125	0.01095702	0.377169	0.0583037	0.0724189	0.492108
4519	-65.53009	-87.55149	22.02139	0	0	1	0	0.006925206	0.00142564	0.001317911	0.003908286	0.03623439	0.03623439	0.01429125	0.01108303	0.31121	0.0644782	0.0800882	0.544224
4520	-69.75308	-88.4061	18.65303	0	0	1	0	0.006925206	0.0003765691	0.001317911	0.007694138	0.03623439	0.03623439	0.00974156	0.03216324	0.55928	0.117749	0.146256	0.176716
4521	-72.25947	-87.93486	15.67539	1	0	1	0	0.007016945	0.007016945	0.0008745372	0.00873162	0.04666153	0.04666153	0.01335318	0.00531035	0.316452	0.182626	0.226839	0.274083
4522	-76.16001	-89.25733	13.09732	1	1	1	0	0.007016945	0.007016945	0.0008745372	0.0008745372	0.04666153	0.04666153	0.006175246	0.006429462	0.176336	0.101764	0.569173	0.152726
4523	-64.83082	-87.00976	22.17894	0	0	0	1	0.007016945	0.001575221	0.0008745372	0.002182252	0.04666153	0.003088963	0.01288511	0.01288511	0.207597	0.238168	0.288608	0.265627
4524	-74.63013	-87.04414	12.41401	0	1	1	1	0.007016945	0.0043908	0.0008745372	0.0008745372	0.04886262	0.04886262	0.009921423	0.009921423	0.188227	0.309251	0.261679	0.240842
4525	-74.30333	-86.64326	12.33993	0	1	1	1	0.01039176	0.001439711	0.0008745372	0.0008745372	0.04886262	0.04886262	0.009921423	0.009921423	0.358436	0.166122	0.0168126	0.458629
4526	-71.00282	-86.41167	15.40885	0	1	1	0	0.01039176	0.001439711	0.001861779	0.001861779	0.04886262	0.04886262	0.01892842	0.001988493	0.24441	0.319495	0.0114642	0.42463
4527	-70.50583	-88.81694	18.31112	0	0	1	1	0.007707314	0.001439711	0.001861779	0.003490096	0.0334443	0.0334443	0.01892842	0.01892842	0.24441	0.319495	0.0114642	0.42463
4528	-70.1695	-88.75209	18.5826	0	1	1	0	0.00855829	0.0002352933	0.001861779	0.001861779	0.03156573	0.03156573	0.01865183	0.004445795	0.304339	0.152638	0.0142752	0.528749
4529	-69.78081	-90.13363	20.35282	0	0	1	1	0.00855829	0.0002352933	0.001861779	0.005464042	0.03156573	0.03156573	0.007507767	0.007507767	0.127935	0.187047	0.0370736	0.647945
4530	-72.67353	-87.74705	15.07352	0	1	1	1	0.00855829	0.0002352933	0.001861779	0.001861779	0.03412759	0.03412759	0.01107078	0.01107078	0.11635	0.170109	0.252188	0.461354
4531	-68.51741	-86.3964	17.87898	0	1	0	1	0.009280766	0.0002352933	0.000997396	0.000997396	0.0440243	0.00373491	0.01107078	0.01107078	0.181764	0.265748	0.422999	0.129489
4532	-73.13784	-86.08875	12.95091	0	1	1	1	0.009280766	0.00111956	0.000997396	0.000997396	0.0440243	0.0440243	0.01257319	0.01257319	0.217439	0.254161	0.404556	0.123843
4533	-67.75399	-86.30001	18.54602	0	0	1	1	0.00594797	0.00111956	0.001204635	0.0006582762	0.0440243	0.0440243	0.01257319	0.01257319	0.222334	0.259883	0.413664	0.104119
4534	-74.0238	-90.46526	16.44147	0	1	1	1	0.01132008	0.0003318687	0.001204635	0.001204635	0.02259922	0.02259922	0.01257319	0.01257319	0.246866	0.109408	0.528118	0.115607
4535	-68.48129	-89.84558	21.36429	0	1	0	1	0.006967962	0.0003318687	0.001204635	0.001204635	0.02363276	0.005599873	0.01167018	0.01167018	0.24773	0.109791	0.529966	0.112513
4536	-67.29318	-86.77355	19.48038	0	1	1	0	0.006967962	9.863045e-05	0.001204635	0.001204635	0.03630953	0.03630953	0.01167018	0.003932434	0.257671	0.0835166	0.551232	0.10758
4537	-68.19793	-87.33938	19.14145	0	0	1	0	0.01212655	0.001747068	0.001204635	0.0005705356	0.03630953	0.03630953	0.01408183	0.02561905	0.0224879	0.109976	0.725872	0.141664
4538	-72.14833	-88.32864	16.18031	0	1	0	1	0.01212655	0.001747068	0.002312682	0.002312682	0.03694325	0.01184859	0.01408183	0.01408183	0.102717	0.162093	0.526394	0.208797
4539	-68.54299	-86.00003	17.45704	0	1	1	0	0.006272559	0.0002839475	0.001023024	0.001023024	0.04660309	0.04660309	0.01740907	0.0001653222	0.144452	0.343065	0.0705712	0.441912
4540	-73.47352	-89.14932	15.6758	1	0	0	1	0.003774685	0.003774685	0.000902732	0.003929685	0.04660309	0.009326511	0.01740907	0.01740907	0.0065021	0.703452	0.272092	0.0179541
4541	-72.72914	-88.95215	16.22301	0	1	0	1	0.003774685	0.001395487	0.002333553	0.002333553	0.04660309	0.007299861	0.01740907	0.01740907	0.00714191	0.784467	0.157872	0.0505194
4542	-71.6388	-87.03126	15.39246	0	0	1	1	0.01266417	0.0004406755	0.0009463245	0.003124297	0.04660309	0.04660309	0.01978796	0.01978796	0.00823907	0.751356	0.182124	0.0582803
4543	-75.51706	-89.31823	13.80117	0	1	1	1	0.006330445	0.000405071	0.001574041	0.001574041	0.03437864	0.03437864	0.02044347	0.02044347	0.00302637	0.908668	0.0668978	0.0214075
4544	-82.49977	-90.94213	8.442357	1	1	1	1	0.006330445	0.006330445	0.001574041	0.001574041	0.03538599	0.03538599	0.02095683	0.02095683	0.00302637	0.908668	0.0668978	0.0214075
4545	-69.69056	-89.4098	19.71923	0	1	1	0	0.006330445	0.002332266	0.001574041	0.001574041	0.03538599	0.03538599	0.006918453	0.006275904	0.0315314	0.391889	0.52364	0.05294
4546	-66.2107	-88.53313	22.32243	0	0	0	1	0.006330445	0.002332266	0.001574041	0.005057604	0.03538599	0.006557403	0.01622603	0.01622603	0.0286476	0.447505	0.475749	0.0480983
4547	-71.98493	-88.72513	16.7402	0	0	1	1	0.01175019	0.002332266	0.001574041	0.009572193	0.03538599	0.03538599	0.01524269	0.01524269	0.0268932	0.420099	0.507855	0.0451526
4548	-70.09993	-85.20223	15.1023	0	1	1	0	0.005947983	0.001860475	0.0005068382	0.0005068382	0.05227464	0.05227464	0.01524269	0.009393638	0.00491706	0.0768095	0.0485559	0.869718
4549	-69.12294	-87.31654	18.1936	0	0	1	1	0.005947983	0.0001786809	0.0004020164	0.01209295	0.03367947	0.03367947	0.01524269	0.01524269	0.00447429	0.069893	0.710899	0.214733
4550	-73.99175	-89.58494	15.59319	1	1	0	0	0.005947983	0.005947983	0.0005328135	0.0005328135	0.02977763	0.0265769	0.01438242	0.005200589	0.00133381	0.0208354	0.913818	0.064013
4551	-79.60738	-93.04618	13.4388	1	1	0	0	0.007692564	0.007692564	0.006036417	0.006036417	0.02806604	0.02658634	0.01694861	0.009411651	0.00133381	0.0208354	0.913818	0.064013
4552	-71.62236	-90.45577	18.83341	0	1	0	0	0.01506729	0.002805745	0.001102918	0.001102918	0.02806604	0.02027833	0.01500168	0.01109921	0.00133381	0.0208354	0.913818	0.064013
4553	-80.48724	-86.5213	6.034061	1	1	1	1	0.005784321	0.005784321	0.002848401	0.002848401	0.05438853	0.05438853	0.01500168	0.01500168	0.00443853	0.0693343	0.71321	0.213017
4554	-75.55169	-87.06318	11.51149	1	1	1	0	0.003246678	0.003246678	0.001671226	0.001671226	0.05438853	0.05438853	0.01500168	0.001920699	0.00449387	0.0701988	0.722102	0.203205
4555	-72.27077	-87.61575	15.34499	1	0	1	0	0.003246678	0.003246678	0.0003585408	0.009336812	0.05438853	0.05438853	0.01500168	0.001505842	0.0186334	0.291073	0.0524615	0.637832
4556	-72.40765	-91.72966	19.32202	0	1	1	0	0.01022651	0.00564906	6.484636e-05	6.484636e-05	0.02867884	0.02867884	0.01500168	0.001468263	0.000441043	0.51098	0.308497	0.180082
4557	-77.27615	-91.40493	14.12878	0	1	1	1	0.01022651	0.00564906	6.484636e-05	6.484636e-05	0.03031561	0.03031561	0.01500168	0.01500168	0.000541664	0.627557	0.150735	0.221166
4558	-72.79147	-86.90686	14.1154	0	0	1	1	0.004181715	0.00564906	0.001695705	0.003225477	0.06081042	0.06081042	0.01530904	0.01530904	0.000456531	0.528924	0.284214	0.186406
4559	-74.71533	-89.53101	14.81569	1	0	1	1	0.004545621	0.004545621	0.003212634	0.001349726	0.0371483	0.0371483	0.01107229	0.01107229	0.00136836	0.216251	0.223669	0.558712
4560	-76.22198	-86.48838	10.2664	1	0	1	1	0.008895638	0.008895638	0.001162241	0.002460908	0.0597597	0.0597597	0.01107229	0.01107229	0.00136836	0.216251	0.223669	0.558712
4561	-70.49227	-87.09932	16.60705	0	0	1	1	0.002262536	0.0006375122	0.001162241	0.00172469	0.0597597	0.0597597	0.01107229	0.01107229	0.00163062	0.257699	0.0748727	0.665797
4562	-77.2384	-90.29995	13.06155	1	1	1	0	0.003321559	0.003321559	0.001994574	0.001994574	0.03572646	0.03572646	0.00930894	0.01701079	0.0029028	0.45875	0.133287	0.405061
4563	-78.83493	-91.51777	12.68284	1	1	0	1	0.003321559	0.003321559	0.003469408	0.003469408	0.03572646	0.008882939	0.01812821	0.01812821	0.00524915	0.209012	0.241023	0.544716
4564	-82.9319	-91.71353	8.781633	1	1	1	1	0.003321559	0.003321559	0.005130389	0.005130389	0.03572646	0.03572646	0.01812821	0.01812821	0.368905	0.194776	0.105693	0.330626
4565	-83.8396	-92.37296	8.533362	1	1	0	1	0.003321559	0.003321559	0.005130389	0.005130389	0.03254959	0.03413415	0.01812821	0.01812821	0.214273	0.361429	0.101924	0.322374
4566	-67.36501	-91.06998	23.70497	0	0	1	0	0.003697453	0.004392121	0.0004811219	0.006171307	0.03254959	0.03254959	0.01812821	0.0001357204	0.296153	0.378847	0.140872	0.184128
4567	-71.72786	-87.00775	15.27989	1	0	1	0	0.009127409	0.009127409	0.001045466	0.003441656	0.05234978	0.05234978	0.01812821	0.0001179079	0.107229	0.137171	0.416976	0.338624
4568	-70.14116	-89.95996	19.8188	0	0	1	1	0.01058929	0.001268952	0.002510336	0.003441656	0.03340308	0.03340308	0.007034213	0.007034213	0.148026	0.189359	0.57562	0.0869952
4569	-68.50639	-90.1883	21.6819	0	0	1	1	0.006388046	0.0009165163	0.0001926766	0.004667549	0.02839148	0.02839148	0.007034213	0.007034213	0.148026	0.189359	0.57562	0.0869952
4570	-80.23545	-92.55103	12.31558	1	1	1	1	0.006388046	0.006388046	0.0007151049	0.0007151049	0.02839148	0.02839148	0.006597546	0.006597546	0.366833	0.0469558	0.370623	0.215588
4571	-70.58019	-92.50474	21.92455	1	0	1	0	0.002460238	0.002460238	0.0002861239	0.003702013	0.03048254	0.03048254	0.008914662	0.0003569509	0.372969	0.0310144	0.376823	0.219194
4572	-75.85043	-87.9638	12.11337	1	1	1	0	0.008472786	0.008472786	0.0005436974	0.0005436974	0.04933073	0.04933073	0.0140908	0.0003479781	0.598214	0.0198733	0.241459	0.140454
4573	-75.95494	-86.71387	10.75893	0	1	1	1	0.008472786	0.004069372	0.002477433	0.002477433	0.05003526	0.05003526	0.01547866	0.01547866	0.543886	0.0251818	0.303233	0.127699
4574	-72.77713	-89.16671	16.38958	1	0	1	0	0.005065692	0.005065692	0.002477433	0.01042698	0.04476674	0.04476674	0.01178663	0.003339447	0.461617	0.0213728	0.408628	0.108383
4575	-72.05702	-88.52837	16.47136	0	0	1	1	0.005065692	0.00560186	0.001058048	0.009116208	0.04476674	0.04476674	0.01178663	0.01178663	0.509139	0.0871526	0.334447	0.0692615
4576	-72.47038	-85.81661	13.34622	0	1	1	1	0.007391774	0.0007308124	0.001058048	0.001058048	0.04476674	0.04476674	0.01178663	0.01178663	0.237027	0.0405735	0.190965	0.531434
4577	-67.62704	-86.42853	18.8015	0	0	1	1	0.004442535	9.506059e-05	0.001058048	0.0019176	0.04476674	0.04476674	0.01178663	0.01178663	0.291662	0.0662623	0.311873	0.330203
4578	-69.38859	-92.65931	23.27071	0	1	0	1	0.004442535	0.00020094	0.001058048	0.001058048	0.02209692	0.003724163	0.006979778	0.006979778	0.22272	0.0505994	0.474531	0.25215
4579	-68.50068	-89.4211	20.92041	0	1	1	0	0.007239422	0.0006027168	0.001058048	0.001058048	0.03158312	0.03158312	0.006979778	0.004483189	0.102414	0.0739104	0.353151	0.470524
4580	-68.87423	-87.27875	18.40452	0	0	1	1	0.007239422	0.0003695465	0.001058048	0.006513115	0.04360228	0.04360228	0.007554951	0.007554951	0.220989	0.0613192	0.327325	0.390367
4581	-68.18248	-87.29755	19.11507	0	1	1	0	0.007239422	0.0007750812	0.001058048	0.001058048	0.04360228	0.04360228	0.008916274	0.0006818577	0.492806	0.132782	0.2607	0.113712
4582	-65.88825	-87.23831	21.35006	0	1	0	0	0.007239422	0.001413277	0.001058048	0.001058048	0.04360228	0.003198429	0.008916274	0.01359808	0.213949	0.198015	0.538669	0.0493676
4583	-75.38637	-87.8749	12.48853	0	1	1	1	0.007239422	0.001413277	0.002758845	0.002758845	0.04360228	0.04360228	0.01562626	0.01562626	0.434293	0.401947	0.0635495	0.100211
4584	-76.07054	-89.23532	13.16478	0	1	1	1	0.007239422	0.001762433	0.004902035	0.004902035	0.04360228	0.04360228	0.009265678	0.009265678	0.351595	0.325409	0.241867	0.0811287
4585	-71.80852	-88.28991	16.48139	0	1	0	1	0.007239422	0.001542281	0.004902035	0.004902035	0.04799825	9.433442e-05	0.01556144	0.01556144	0.286905	0.265537	0.381356	0.0662018
4586	-75.06002	-89.20616	14.14614	0	1	1	1	0.01108664	0.001542281	0.002338662	0.002338662	0.03062942	0.03062942	0.01556144	0.01556144	0.286905	0.265537	0.381356	0.0662018
4587	-73.99976	-91.96559	17.96583	1	0	1	0	0.01108664	0.01108664	0.0007563722	0.002748665	0.04342588	0.04342588	0.006243135	0.00458598	0.515842	0.1206	0.173202	0.190356
4588	-71.7575	-89.19506	17.43756	0	1	0	1	0.01088723	0.003510961	0.0007563722	0.0007563722	0.03469205	0.007119829	0.01490199	0.01490199	0.0853495	0.227832	0.327205	0.359613
4589	-65.81016	-88.47132	22.66115	0	1	0	0	0.01088723	0.0005157545	0.0007563722	0.0007563722	0.03460801	0.007014852	0.01490199	0.002842065	0.101429	0.270756	0.20045	0.427365
4590	-67.92359	-87.00235	19.07876	0	1	1	0	0.01088723	0.0005157545	0.0007563722	0.0007563722	0.04061829	0.04061829	0.00863036	0.001072658	0.0411215	0.0423253	0.788908	0.127645
4591	-64.44162	-88.03	23.58838	0	1	0	0	0.01088723	0.0003193475	0.002259869	0.002259869	0.04295136	0.001773584	0.006958397	0.001072658	0.0411215	0.0423253	0.788908	0.127645
4592	-67.1906	-93.25326	26.06267	0	1	0	0	0.005578288	0.002206747	0.002259869	0.002259869	0.02143521	0.001773468	0.006958397	0.01185739	0.0355269	0.036567	0.681577	0.246329
4593	-68.39443	-93.52041	25.12599	0	1	0	0	0.005578288	0.003336667	0.002259869	0.002259869	0.02143521	0.00729511	0.006958397	0.0105637	0.0395474	0.0407052	0.75871	0.161037
4594	-74.7933	-91.99967	17.20637	0	1	1	1	0.005578288	0.002218111	0.003005025	0.003005025	0.02143521	0.02143521	0.01141706	0.01141706	0.20905	0.0335215	0.624812	0.132617
4595	-65.15803	-91.50812	26.35009	0	1	0	0	0.006747582	0.001021799	0.003005025	0.003005025	0.02143521	0.004568239	0.01141706	0.002230386	0.222332	0.00911278	0.664512	0.104043
4596	-69.21857	-88.13466	18.91609	0	1	1	0	0.007243174	0.001021799	3.655851e-05	3.655851e-05	0.0370756	0.0370756	0.01259621	0.005437794	0.222332	0.00911278	0.664512	0.104043
4597	-68.90052	-87.57316	18.67264	0	1	0	1	0.006935676	0.001021799	3.655851e-05	3.655851e-05	0.04029329	0.0001476244	0.01636871	0.01636871	0.222332	0.00911278	0.664512	0.104043
4598	-68.01147	-86.17563	18.16416	0	0	1	1	0.005672226	0.001380103	3.655851e-05	0.003961338	0.04029329	0.04029329	0.01636871	0.01636871	0.116253	0.00476487	0.391345	0.487637
4599	-64.10778	-86.06338	21.95561	0	0	1	0	0.005672226	0.0002770422	0.0004764554	0.004484899	0.04029329	0.04029329	0.01636871	0.007989397	0.16817	0.00689281	0.410183	0.414754
4600	-69.33682	-85.34066	16.00384	0	0	1	1	0.009653708	0.001051471	0.0002824895	0.006463668	0.04624933	0.04624933	0.01636871	0.01636871	0.233666	0.00957733	0.569935	0.186821
4601	-81.58681	-86.69627	5.109457	1	1	1	1	0.009653708	0.009653708	0.001251595	0.001251595	0.05603771	0.05603771	0.01636871	0.01636871	0.305413	0.012518	0.437884	0.244184
4602	-70.68203	-85.233	14.55097	0	1	0	1	0.006507347	9.068121e-05	0.001251595	0.001251595	0.05603771	0.00812384	0.01636871	0.01636871	0.241159	0.220269	0.34576	0.192812
4603	-73.06327	-88.39052	15.32726	0	1	1	1	0.006676805	0.000115416	0.001251595	0.001251595	0.02697791	0.02697791	0.01938063	0.01938063	0.131942	0.120512	0.642056	0.10549
4604	-69.67466	-92.29728	22.62262	0	1	0	1	0.003713966	0.0001191083	0.001251595	0.001251595	0.02209941	0.006872768	0.008152667	0.008152667	0.131942	0.120512	0.642056	0.10549
4605	-68.71602	-90.76299	22.04697	0	1	1	0	0.008437414	0.0001359627	0.002220977	0.002220977	0.02333005	0.02333005	0.008152667	0.003225186	0.0614607	0.135709	0.723019	0.0798117
4606	-63.65906	-91.25789	27.59883	0	0	0	0	0.008437414	0.001348039	0.002304855	0.00783879	0.02614688	0.01147164	0.008152667	0.007119251	0.0629792	0.114355	0.740882	0.0817836
4607	-73.54163	-93.40336	19.86173	1	0	1	0	0.01037447	0.01037447	0.0009724927	0.006762333	0.02614688	0.02614688	0.01122019	0.002525623	0.210575	0.193383	0.419807	0.176236
4608	-79.24325	-89.51934	10.27609	1	1	1	1	0.003585986	0.003585986	0.0009724927	0.0009724927	0.03539405	0.03539405	0.01380568	0.01380568	0.404756	0.124298	0.132195	0.338751
4609	-68.92139	-88.53369	19.6123	0	1	1	0	0.003585986	0.001092393	0.0009724927	0.0009724927	0.03583242	0.03583242	0.01510561	0.002839854	0.212697	0.205451	0.415608	0.166244
4610	-77.8488	-88.34397	10.49517	0	1	1	1	0.003585986	0.003425482	0.003767542	0.003767542	0.05913916	0.05913916	0.01212403	0.01212403	0.382853	0.250021	0.164819	0.202308
4611	-80.05053	-86.7273	6.676775	1	1	1	0	0.003585986	0.003585986	0.0009924134	0.0009924134	0.06360023	0.06360023	0.01461463	0.02109044	0.343483	0.327143	0.14787	0.181504
4612	-71.84514	-88.33936	16.49422	1	0	0	0	0.003585986	0.003585986	0.0009924134	0.003422943	0.05099276	0.0307594	0.01411167	0.002936335	0.159584	0.151992	0.0687011	0.619723
4613	-79.48014	-91.81358	12.33343	0	1	1	1	0.003585986	0.00664075	0.004111228	0.004111228	0.05099276	0.05099276	0.006196502	0.006196502	0.254374	0.590836	0.109509	0.0452808
4614	-79.44391	-92.42386	12.97995	0	1	1	1	0.01329867	0.00535398	0.004111228	0.004111228	0.03762769	0.03762769	0.007437519	0.007437519	0.536108	0.137665	0.230795	0.0954317
4615	-71.50744	-92.23552	20.72809	0	0	0	1	0.01500799	0.001727859	0.002339808	0.01269541	0.03328261	0.004057682	0.01347216	0.01347216	0.494419	0.12696	0.29061	0.0880108
4616	-73.97798	-88.58337	14.60539	0	1	1	1	0.00947104	0.000881036	0.002339808	0.002339808	0.03328261	0.03328261	0.01255699	0.01255699	0.445832	0.204375	0.268483	0.0813099
4617	-70.56049	-89.98997	19.42948	0	1	0	1	0.005291328	0.003635946	0.002339808	0.002339808	0.03654217	0.0008398929	0.01182535	0.01182535	0.455879	0.186445	0.274534	0.0831423
4618	-77.70211	-90.54425	12.84214	1	1	1	0	0.005291328	0.005291328	0.002339808	0.002339808	0.03654217	0.03654217	0.01182535	0.01261872	0.535762	0.295532	0.0369174	0.131788
4619	-69.46126	-88.0776	18.61635	0	0	0	1	0.005291328	0.00141148	0.001937749	0.001315198	0.07241326	0.0004684638	0.01182535	0.01182535	0.2589	0.563564	0.0388497	0.138686
4620	-75.71769	-91.24108	15.52339	1	0	1	1	0.005598843	0.005598843	0.001937749	0.0002978148	0.03362069	0.03362069	0.01182535	0.01182535	0.27563	0.59998	0.0413601	0.0830302
4621	-69.75063	-90.40507	20.65444	0	0	1	1	0.002678396	0.0005610944	0.002704317	0.002077804	0.03362069	0.03362069	0.01182535	0.01182535	0.140484	0.215479	0.216449	0.427588
4622	-77.64975	-87.99193	10.34218	1	1	0	1	0.004916132	0.004916132	0.002704317	0.002704317	0.05452342	0.004270428	0.01650306	0.01650306	0.0807015	0.123783	0.549886	0.24563
4623	-76.5416	-87.16431	10.62271	1	1	1	0	0.004916132	0.004916132	0.002165004	0.002165004	0.04964035	0.04964035	0.01564875	0.00894246	0.148573	0.227887	0.173448	0.450091
4624	-74.33886	-86.07429	11.73543	0	1	1	1	0.005203915	0.002289837	0.002165004	0.002165004	0.04964035	0.04964035	0.01564875	0.01564875	0.183078	0.0485719	0.21373	0.55462
4625	-74.74971	-86.60537	11.85567	1	0	1	1	0.005203915	0.005203915	0.0001854579	0.00630753	0.04691442	0.04691442	0.01564875	0.01564875	0.183078	0.0485719	0.21373	0.55462
4626	-81.76224	-88.44299	6.680749	1	1	1	1	0.007814509	0.007814509	0.0001854579	0.0001854579	0.04326442	0.04326442	0.02305944	0.02305944	0.249157	0.0661031	0.290872	0.393868
4627	-66.98363	-86.39346	19.40983	0	0	1	0	0.008941018	0.00210538	0.0001854579	0.004420587	0.04326442	0.04326442	0.02305944	0.008147737	0.0911851	0.0654261	0.358265	0.485124
4628	-68.97978	-88.63841	19.65863	0	0	1	0	0.003569205	0.00210538	0.003237348	0.004296806	0.04428499	0.04428499	0.02305944	0.008147737	0.0748959	0.0413833	0.375398	0.508323
4629	-75.41107	-91.80821	16.39714	0	1	1	1	0.003285923	0.002770317	0.003237348	0.003237348	0.02953155	0.02953155	0.009457403	0.009457403	0.111311	0.0236258	0.557922	0.307141
4630	-70.74949	-92.76848	22.01899	0	1	1	0	0.003285923	0.002770317	0.00194229	0.00194229	0.02953155	0.02953155	0.007985571	0.0001466388	0.477966	0.0337111	0.20621	0.282113
4631	-75.23754	-90.36898	15.13144	0	1	1	1	0.01243262	0.001368255	0.001697518	0.001697518	0.02953155	0.02953155	0.0104925	0.0104925	0.477966	0.0337111	0.20621	0.282113
4632	-67.90127	-88.21357	20.31229	0	0	1	0	0.01243262	0.001349552	0.001697518	0.006722501	0.04192548	0.04192548	0.008323762	0.01251046	0.0389222	0.0638152	0.390355	0.506908
4633	-74.72174	-90.42144	15.6997	0	1	0	1	0.01243262	0.003745498	0.004960736	0.004960736	0.04192548	0.002022759	0.01672203	0.01672203	0.0394122	0.247771	0.476761	0.236056
4634	-69.2636	-87.54755	18.28395	0	1	1	0	0.006495806	0.002551877	0.001653798	0.001653798	0.0373336	0.0373336	0.01173207	0.007259846	0.0394122	0.247771	0.476761	0.236056
4635	-73.2348	-89.84968	16.61488	1	1	0	0	0.006495806	0.006495806	0.001653798	0.001653798	0.04984632	0.002038388	0.009280069	0.007259846	0.058198	0.365871	0.227359	0.348572
4636	-79.52545	-87.71001	8.184565	1	1	1	1	0.00494171	0.00494171	0.001653798	0.001653798	0.04984632	0.04984632	0.009280069	0.009280069	0.0616505	0.328253	0.240846	0.36925
4637	-69.40887	-85.9276	16.51873	0	0	1	1	0.01028941	0.0003697006	0.001653798	0.003757606	0.04264853	0.04264853	0.01840516	0.01840516	0.0303502	0.161597	0.626272	0.18178
4638	-75.00836	-87.70959	12.70123	0	1	0	1	0.009401495	0.001481929	0.000215067	0.000215067	0.05370316	0.003117512	0.03104139	0.03104139	0.036178	0.160626	0.622508	0.180688
4639	-75.05697	-88.66522	13.60825	1	0	1	0	0.008738267	0.008738267	0.0007151742	0.003193757	0.04893055	0.04893055	0.03104139	0.001153199	0.036178	0.160626	0.622508	0.180688
4640	-68.32465	-85.57998	17.25533	0	0	0	1	0.006428772	0.002075443	0.0003934824	0.002434861	0.07609891	0.003747127	0.01126932	0.01126932	0.0418233	0.0342061	0.715088	0.208883
4641	-74.41939	-87.05413	12.63473	0	1	1	1	0.006428772	0.005208374	0.0007679825	0.0007679825	0.04612932	0.04612932	0.01126932	0.01126932	0.221426	0.0652354	0.238669	0.47467
4642	-78.96513	-85.35495	6.389818	1	0	1	1	0.008591725	0.008591725	0.0007679825	0.00207686	0.08281923	0.08281923	0.01126932	0.01126932	0.221426	0.0652354	0.238669	0.47467
4643	-74.6763	-84.53253	9.85623	0	1	1	1	0.005810556	0.000608138	0.0007679825	0.0007679825	0.06724101	0.06724101	0.01126932	0.01126932	0.212221	0.0625235	0.582141	0.143115
4644	-81.29295	-86.64837	5.355427	1	1	1	1	0.003715644	0.003715644	0.001705344	0.001705344	0.06724101	0.06724101	0.009242761	0.009242761	0.0513302	0.0906016	0.230301	0.627767
4645	-71.64532	-89.51085	17.86554	0	1	1	0	0.005828931	0.002832239	0.001705344	0.001705344	0.04602378	0.04602378	0.004516341	0.008513733	0.0580993	0.10255	0.128798	0.710553
4646	-76.8907	-90.7812	13.8905	1	1	1	0	0.005828931	0.005828931	0.001705344	0.001705344	0.04602378	0.04602378	0.004516341	0.004546278	0.103537	0.182751	0.229526	0.484186
4647	-78.30026	-91.41702	13.11676	1	0	1	1	0.005828931	0.005828931	0.001705344	0.008972168	0.04602378	0.04602378	0.004516341	0.004516341	0.0940666	0.257503	0.208532	0.439898
4648	-77.66564	-92.63281	14.96716	1	0	1	0	0.002631684	0.002631684	0.006749744	0.01041166	0.04660074	0.04660074	0.008747449	0.01085797	0.0676923	0.31474	0.301008	0.31656
4649	-74.63632	-91.83374	17.19742	0	0	1	1	0.002729448	0.001321509	0.006749744	0.007086714	0.04660074	0.04660074	0.008753879	0.008753879	0.0782452	0.207911	0.347934	0.36591
4650	-73.4122	-92.44537	19.03317	1	1	0	0	0.00159566	0.00159566	0.0009241542	0.0009241542	0.04660074	0.0001036805	0.008753879	0.004763317	0.0782452	0.207911	0.347934	0.36591
4651	-71.74987	-93.7099	21.96002	1	0	0	1	0.005022189	0.005022189	0.0009241542	0.004565362	0.02463523	0.002006763	0.008845918	0.008845918	0.0782452	0.207911	0.347934	0.36591
4652	-79.07606	-91.37392	12.29786	1	1	1	1	0.005022189	0.005022189	0.0009241542	0.0009241542	0.0274013	0.0274013	0.008845918	0.008845918	0.10286	0.24609	0.517567	0.133483
4653	-72.04486	-90.10832	18.06346	1	0	0	1	0.005022189	0.005022189	0.004550161	7.86732e-05	0.0402936	0.003949019	0.01439459	0.01439459	0.0375988	0.44797	0.408959	0.105472
4654	-63.43918	-86.33253	22.89335	0	0	1	0	0.008074841	0.001288529	0.00165355	0.0001362611	0.04195829	0.04195829	0.01439459	0.002691989	0.0375988	0.44797	0.408959	0.105472
4655	-65.68174	-87.45855	21.77681	0	0	1	0	0.00675986	0.001695645	0.001945048	0.007026978	0.04195829	0.04195829	0.01121765	0.005981271	0.0400125	0.476728	0.435213	0.0480456
4656	-75.76166	-87.4893	11.72764	0	1	1	1	0.00675986	0.001695645	0.001945048	0.001945048	0.04054416	0.04054416	0.02404769	0.02404769	0.0246817	0.484342	0.442164	0.0488129
4657	-74.63883	-86.888	12.24917	0	1	1	1	0.00675986	0.003733884	0.001688841	0.001688841	0.04054416	0.04054416	0.01928246	0.01928246	0.0422883	0.116496	0.757582	0.0836336
4658	-73.48107	-87.7249	14.24383	0	1	1	1	0.00675986	0.002706159	0.002051961	0.002051961	0.04054416	0.04054416	0.008537482	0.008537482	0.0422883	0.116496	0.757582	0.0836336
4659	-78.67829	-89.78624	11.10795	1	1	0	1	0.00675986	0.00675986	0.00169235	0.00169235	0.04054416	0.003292743	0.02624794	0.02624794	0.0422883	0.116496	0.757582	0.0836336
4660	-66.07551	-89.19978	23.12428	0	0	1	0	0.00675986	0.0008541784	0.001570684	0.0008039787	0.02853249	0.02853249	0.0236813	0.006674665	0.373506	0.120613	0.419293	0.0865888
4661	-72.69245	-89.65178	16.95933	0	1	0	1	0.009984892	0.001156225	0.001570684	0.001570684	0.02853249	0.009678308	0.0236813	0.0236813	0.230837	0.130371	0.453215	0.185577
4662	-77.65489	-90.64463	12.98975	0	1	1	1	0.01037526	0.003686639	0.001497395	0.001497395	0.02853249	0.02853249	0.0236813	0.0236813	0.324502	0.237305	0.316735	0.121458
4663	-69.2972	-94.3687	25.0715	0	0	1	0	0.00805908	0.0005316286	0.009552658	0.003116535	0.02542384	0.02542384	0.0106593	0.0003958318	0.323678	0.236702	0.318471	0.121149
4664	-72.62053	-93.49913	20.8786	1	1	0	0	0.00805908	0.00805908	0.00142474	0.00142474	0.02542384	0.006298115	0.0106593	0.0003203535	0.394739	0.288668	0.29832	0.0182737
4665	-69.38356	-93.2267	23.84314	0	0	1	0	0.003194071	0.006691398	0.001050205	0.01147307	0.03125718	0.03125718	0.0106593	0.0004399692	0.394739	0.288668	0.29832	0.0182737
4666	-72.02263	-88.8033	16.78067	0	1	1	0	0.005884479	0.007488008	0.0004446289	0.0004446289	0.05349344	0.05349344	0.007875327	0.0004399692	0.39742	0.0900014	0.391673	0.120906
4667	-70.41725	-86.61502	16.19777	1	0	1	0	0.005884479	0.005884479	0.0004446289	0.001747953	0.05349344	0.05349344	0.01696639	0.0004231884	0.345364	0.0782126	0.34037	0.236053
4668	-63.63775	-90.45009	26.81234	0	0	1	0	0.006462293	0.001075893	0.0004446289	0.002495548	0.02982063	0.02982063	0.006401896	0.001080286	0.139678	0.102787	0.447314	0.310221
4669	-65.2786	-89.14059	23.86199	0	0	1	0	0.01057495	0.002353278	0.0002736198	0.0025358	0.039622	0.039622	0.006401896	0.002895835	0.112816	0.105996	0.461281	0.319907
4670	-63.61166	-87.41631	23.80465	0	0	1	0	0.01057495	0.002353278	0.00060709	0.0006048266	0.039622	0.039622	0.01120097	2.224725e-05	0.112816	0.105996	0.461281	0.319907
4671	-73.60656	-87.64318	14.03662	0	1	1	1	0.005970952	0.004327318	0.0006636375	0.0006636375	0.039622	0.039622	0.01120097	0.01120097	0.102354	0.093394	0.52238	0.281872
4672	-65.93673	-92.23216	26.29543	1	0	0	0	0.00359615	0.00359615	0.0006636375	0.00148127	0.02554344	0.002020844	0.01662978	0.0008028037	0.144283	0.0890316	0.49798	0.268706
4673	-75.35015	-90.57521	15.22506	1	1	0	1	0.00454367	0.00454367	0.0006636375	0.0006636375	0.0306541	0.006894893	0.01223065	0.01223065	0.144283	0.0890316	0.49798	0.268706
4674	-69.34903	-89.13349	19.78446	0	1	0	1	0.008382875	0.001881084	0.002491493	0.002491493	0.0306541	0.001944489	0.01308994	0.01308994	0.158292	0.0976759	0.54633	0.197702
4675	-64.59264	-88.84525	24.2526	0	1	0	0	0.00691175	0.0004009962	0.002491493	0.002491493	0.0306541	0.00651221	0.01035732	0.005095175	0.16897	0.0368081	0.583184	0.211038
4676	-67.91213	-88.06068	20.14855	0	1	1	0	0.007037683	0.0004009962	0.0006435257	0.0006435257	0.0306541	0.0306541	0.01035732	0.007267757	0.185387	0.0403845	0.639848	0.13438
4677	-67.95974	-88.53308	20.57334	0	0	1	1	0.007037683	0.001442506	0.0004047232	0.002129758	0.0306541	0.0306541	0.01226276	0.01226276	0.359351	0.0782803	0.301889	0.26048
4678	-75.13918	-90.27838	15.1392	1	1	1	0	0.007164768	0.007164768	0.0005681246	0.0005681246	0.0306541	0.0306541	0.009958957	0.007132112	0.121944	0.0265641	0.763099	0.0883929
4679	-60.64631	-88.75616	28.10985	0	0	0	0	0.007164768	0.001857277	0.002459123	0.003759538	0.0336348	0.001575145	0.01077185	0.008673996	0.121944	0.0265641	0.763099	0.0883929
4680	-76.49498	-87.56872	11.07374	0	1	1	1	0.01582007	0.00306615	0.0007590156	0.0007590156	0.04831568	0.04831568	0.01077185	0.01077185	0.111847	0.0314335	0.752124	0.104596
4681	-67.59296	-86.81443	19.22147	0	0	1	0	0.008461155	0.00306615	0.0003437929	0.003021852	0.04831568	0.04831568	0.02692762	0.001065224	0.0844016	0.238544	0.594394	0.0826608
4682	-75.79321	-89.50793	13.71472	0	1	1	1	0.01000582	0.001162245	0.004671218	0.004671218	0.03982498	0.03982498	0.007961926	0.007961926	0.0844016	0.238544	0.594394	0.0826608
4683	-66.91789	-89.82965	22.91176	0	0	0	1	0.004507515	0.001162245	0.006299839	0.001279083	0.04743787	0.00144427	0.007961926	0.007961926	0.0499361	0.141134	0.760024	0.0489061
4684	-73.58069	-86.88057	13.29988	1	0	1	1	0.004507515	0.004507515	0.0006626836	0.0002815371	0.04743787	0.04743787	0.01310948	0.01310948	0.0550429	0.0540111	0.394139	0.496807
4685	-73.3779	-87.1355	13.75761	0	1	1	1	0.008791301	0.001527239	0.002046718	0.002046718	0.03790611	0.03790611	0.01310948	0.01310948	0.0461499	0.206849	0.33046	0.416541
4686	-70.54893	-90.65194	20.10301	0	0	1	0	0.005275788	0.000820533	0.007585562	0.009963537	0.04228181	0.04228181	0.01811802	0.00211374	0.0625339	0.280284	0.447779	0.209404
4687	-68.77345	-90.12585	21.3524	0	1	0	0	0.004168929	0.002639481	0.004636815	0.004636815	0.04159916	0.005360358	0.01811802	0.002489643	0.068096	0.305214	0.487607	0.139083
4688	-71.34382	-87.60607	16.26225	0	1	1	0	0.009162613	0.005660908	0.001620589	0.001620589	0.04142369	0.04142369	0.01811802	0.00260545	0.068096	0.305214	0.487607	0.139083
4689	-76.60895	-90.33663	13.72768	0	1	1	1	0.009162613	0.006491842	0.001620589	0.001620589	0.02815899	0.02815899	0.01811802	0.01811802	0.0824252	0.159013	0.590212	0.168349
4690	-74.6846	-85.9203	11.2357	0	1	1	0	0.009162613	0.006530572	0.001620589	0.001620589	0.05581406	0.05581406	0.01768785	0.0165278	0.0824252	0.159013	0.590212	0.168349
4691	-71.64577	-85.55661	13.91084	0	1	0	1	0.005792142	0.001220274	0.0006302677	0.0006302677	0.0618105	0.008531353	0.01405696	0.01405696	0.124012	0.239476	0.383224	0.253288
4692	-68.44262	-87.99289	19.55028	0	0	0	1	0.005792142	0.001220274	0.001624383	0.00316046	0.0618105	0.008526865	0.007186046	0.007186046	0.100303	0.107115	0.20475	0.587831
4693	-80.24404	-89.57871	9.334666	1	1	0	1	0.009081658	0.009081658	0.0007226184	0.0007226184	0.0618105	0.008527252	0.008538349	0.008538349	0.0933747	0.326769	0.297059	0.282798
4694	-71.70349	-87.65419	15.9507	0	1	0	1	0.009081658	0.000978748	0.002851574	0.002851574	0.04199489	0.008527252	0.01693924	0.01693924	0.0836161	0.397128	0.266014	0.253242
4695	-62.25544	-88.72476	26.46931	0	0	0	0	0.01074965	0.0007823638	0.002851574	3.377046e-05	0.0362084	0.008527252	0.01693924	0.003188202	0.481784	0.184584	0.170919	0.162713
4696	-76.62774	-89.40411	12.77638	0	1	1	1	0.01074965	0.0008584325	0.004237841	0.004237841	0.0362084	0.0362084	0.01693924	0.01693924	0.275593	0.369815	0.165643	0.188948
4697	-79.7372	-89.23363	9.496431	1	1	1	1	0.005157081	0.005157081	0.001771537	0.001771537	0.0362084	0.0362084	0.01508092	0.01508092	0.204527	0.406095	0.181893	0.207485
4698	-69.15525	-90.32337	21.16813	0	1	0	0	0.005157081	0.00656684	0.001771537	0.001771537	0.0362084	0.005213072	0.01508092	0.01006863	0.0950907	0.380489	0.427955	0.0964656
4699	-77.38517	-90.81392	13.42875	1	0	1	1	0.01135804	0.01135804	0.001771537	0.0008430715	0.0362084	0.0362084	0.01508092	0.01508092	0.218832	0.235343	0.323828	0.221996
4700	-73.99109	-89.14145	15.15035	1	0	1	1	0.003669838	0.003669838	0.0004505988	0.002850996	0.0362084	0.0362084	0.01223442	0.01223442	0.218832	0.235343	0.323828	0.221996
4701	-74.22836	-88.03902	13.81066	0	1	1	1	0.0100353	0.003206571	0.0004505988	0.0004505988	0.03715051	0.03715051	0.01223442	0.01223442	0.241183	0.157244	0.356902	0.24467
4702	-65.49799	-90.67591	25.17792	0	0	0	0	0.0100353	0.003206571	0.001771336	0.008720073	0.03277092	0.00794684	0.01086569	0.0113506	0.241183	0.157244	0.356902	0.24467
4703	-68.19931	-85.12752	16.92821	0	1	1	0	0.006256165	0.0004828306	0.0005906554	0.0005906554	0.05339835	0.05339835	0.01086569	0.003188229	0.117042	0.0607448	0.727695	0.0945181
4704	-71.73381	-87.72055	15.98674	0	0	1	1	0.004734353	7.971354e-05	0.005709583	0.004407367	0.05339835	0.05339835	0.01183781	0.01183781	0.0975113	0.0506084	0.606265	0.245615
4705	-71.93605	-91.87759	19.94154	1	0	0	0	0.00272679	0.00272679	0.006768862	0.005029919	0.05339835	0.001037245	0.01183781	0.006283642	0.0932717	0.0918865	0.579905	0.234936
4706	-71.77608	-86.85612	15.08004	1	0	1	0	0.006585119	0.006585119	0.002440811	0.002134322	0.05339835	0.05339835	0.01183781	0.008957185	0.0784522	0.119598	0.496161	0.305789
4707	-75.938	-89.53192	13.59392	1	0	0	1	0.01008056	0.01008056	0.001783756	0.003622402	0.05339835	0.01507173	0.009897485	0.009897485	0.0572905	0.0873375	0.582668	0.272704
4708	-71.00228	-86.40055	15.39827	0	1	1	0	0.01008056	0.004212393	0.001783756	0.001783756	0.05322486	0.05322486	0.009897485	0.004334234	0.0395778	0.0603351	0.402523	0.497564
4709	-68.85058	-86.85329	18.00272	0	1	1	0	0.01008056	0.001374065	0.001683101	0.001683101	0.04288755	0.04288755	0.009897485	0.002712913	0.13863	0.211336	0.55825	0.0917842
4710	-68.52069	-91.91623	23.39554	0	0	1	0	0.01008056	0.00226148	0.000509503	0.0001578208	0.02211102	0.02211102	0.009897485	0.02230764	0.379883	0.152145	0.401895	0.0660772
4711	-64.52056	-94.06363	29.54308	0	0	0	0	0.01008056	0.001607519	0.002432238	0.007400815	0.01879175	0.00892517	0.009897485	0.002562783	0.0398068	0.157335	0.415604	0.387255
4712	-71.00471	-91.66447	20.65977	0	0	1	1	0.003619803	0.002676888	0.002033184	0.005732501	0.02562905	0.02562905	0.01374575	0.01374575	0.0428599	0.169402	0.370782	0.416956
4713	-72.09798	-89.25337	17.15539	1	0	1	0	0.005516835	0.005516835	0.002033184	0.004976349	0.03464479	0.03464479	0.01480976	0.01150152	0.0265474	0.104928	0.229662	0.638863
4714	-73.62448	-89.76548	16.141	0	0	1	1	0.005516835	0.002581067	0.002033184	0.006301563	0.03464479	0.03464479	0.02820739	0.02820739	0.0306942	0.0778264	0.152825	0.738654
4715	-74.71977	-89.28966	14.56989	1	1	1	0	0.005516835	0.005516835	0.002033184	0.002033184	0.03464479	0.03464479	0.01354265	0.002997054	0.0295756	0.0587203	0.264574	0.64713
4716	-75.17447	-90.72289	15.54842	0	1	1	1	0.002978045	0.003402131	0.002471694	0.002471694	0.03464479	0.03464479	0.009640621	0.009640621	0.0356213	0.0486741	0.21931	0.696395
4717	-70.84901	-91.50464	20.65563	1	0	1	0	0.002978045	0.002978045	0.0002845361	0.001258256	0.0282119	0.0282119	0.02034055	0.0003875312	0.098827	0.135041	0.608449	0.157684
4718	-70.51507	-92.04599	21.53092	0	0	1	1	0.002978045	0.004849479	0.0002845361	0.0009798541	0.0282119	0.0282119	0.01115031	0.01115031	0.140055	0.191376	0.606207	0.0623621
4719	-74.27799	-87.47745	13.19945	1	0	1	1	0.006854298	0.006854298	0.001120528	0.001990884	0.04545752	0.04545752	0.01115031	0.01115031	0.140055	0.191376	0.606207	0.0623621
4720	-68.86608	-87.6652	18.79912	0	1	0	0	0.01211779	0.001529832	0.001655248	0.001655248	0.04545752	0.01118641	0.008993966	0.01267657	0.263061	0.164002	0.519496	0.0534419
4721	-68.91765	-87.03896	18.12131	0	1	1	0	0.004239171	0.0006475906	0.0005207923	0.0005207923	0.04545752	0.04545752	0.01059727	0.006494992	0.167298	0.185313	0.587002	0.0603864
4722	-69.00795	-87.99167	18.98372	0	1	1	0	0.005632843	0.001510658	0.0003631231	0.0003631231	0.04545752	0.04545752	0.008241805	0.001818317	0.273743	0.273648	0.3538	0.098808
4723	-67.99544	-92.97943	24.98399	0	0	1	0	0.005632843	0.001790363	0.001942008	0.01232194	0.0215679	0.0215679	0.01193122	0.003053191	0.369644	0.237514	0.307082	0.0857607
4724	-71.20055	-94.51673	23.31619	1	0	1	0	0.003910953	0.003910953	0.001942008	0.0002883689	0.0215679	0.0215679	0.008640825	0.001892208	0.402621	0.280583	0.215485	0.101312
4725	-76.37722	-93.00606	16.62884	0	1	1	1	0.003910953	0.003542346	0.001942008	0.001942008	0.02250068	0.02250068	0.01506123	0.01506123	0.318939	0.222265	0.170698	0.288098
4726	-67.90138	-92.08686	24.18548	1	0	0	0	0.003910953	0.003910953	0.001837831	0.00567075	0.03576255	0.0008451	0.01096297	0.003816853	0.318939	0.222265	0.170698	0.288098
4727	-79.40333	-89.90388	10.50055	1	1	1	1	0.003910953	0.003910953	0.001837831	0.001837831	0.03576255	0.03576255	0.01096297	0.01096297	0.318423	0.222434	0.170827	0.288316
4728	-67.69358	-92.30072	24.60715	0	0	0	1	0.003910953	0.002899802	0.0003500145	0.002809888	0.03576255	0.00361041	0.01105141	0.01105141	0.361264	0.25236	0.0592695	0.327107
4729	-69.6444	-88.95064	19.30623	0	1	1	0	0.007998504	0.000363669	0.0005853586	0.0005853586	0.03250642	0.03250642	0.01788242	0.001843096	0.485496	0.339142	0.0796512	0.0957102
4730	-66.41355	-91.44125	25.0277	0	1	0	0	0.004125359	0.0002440316	0.001478519	0.001478519	0.03250642	0.002778977	0.008776775	0.008079379	0.46367	0.368853	0.0760703	0.0914074
4731	-63.13592	-90.5913	27.45539	0	0	0	0	0.007786907	0.002151213	0.002143308	0.001538585	0.03565564	0.01485546	0.008776775	0.000732157	0.46367	0.368853	0.0760703	0.0914074
4732	-76.01832	-88.57447	12.55615	0	1	1	1	0.007786907	0.002133691	0.002428726	0.002428726	0.04002501	0.04002501	0.01787893	0.01787893	0.546662	0.311776	0.0642991	0.0772629
4733	-70.47535	-87.84418	17.36882	0	1	1	0	0.006733751	0.002133691	0.001364263	0.001364263	0.03864175	0.03864175	0.01147092	0.01191722	0.225132	0.404155	0.157662	0.213052
4734	-71.46817	-92.41408	20.94591	1	0	1	0	0.006733751	0.006733751	0.001364263	0.00162123	0.02483316	0.02483316	0.01598685	0.001261193	0.225132	0.404155	0.157662	0.213052
4735	-70.16321	-88.91573	18.75252	0	0	1	1	0.006733751	0.005214516	0.001364263	0.002412887	0.03263449	0.03263449	0.01598685	0.01598685	0.0836463	0.150161	0.322131	0.444061
4736	-67.2465	-91.38238	24.13588	0	0	0	1	0.01043386	0.0004520225	0.001189165	0.002412887	0.02421841	0.01156996	0.01281439	0.01281439	0.132277	0.311182	0.112643	0.443899
4737	-71.56898	-87.66415	16.09517	0	1	0	1	0.01043386	0.000769489	0.001189165	0.001189165	0.04051695	0.008880837	0.01775667	0.01775667	0.26096	0.498708	0.180525	0.059807
4738	-78.63984	-86.31939	7.679548	0	1	1	1	0.01043386	0.005081379	0.001189165	0.001189165	0.06011465	0.06011465	0.02132872	0.02132872	0.227125	0.434049	0.286773	0.0520528
4739	-75.74733	-90.83444	15.08711	0	1	1	1	0.003642514	0.001142389	0.001189165	0.001189165	0.02847323	0.02847323	0.02132872	0.02132872	0.177825	0.347488	0.0349991	0.439688
4740	-77.3581	-94.64513	17.28704	1	0	0	1	0.003642514	0.003642514	0.002889377	0.007702569	0.02706933	0.01094828	0.02047734	0.02047734	0.0971478	0.381586	0.0384335	0.482833
4741	-70.87315	-91.74743	20.87428	1	0	0	0	0.007485647	0.007485647	0.002889377	0.001806218	0.04493189	0.01095083	0.01025651	0.003426805	0.0971478	0.381586	0.0384335	0.482833
4742	-69.25436	-86.93126	17.6769	0	1	1	0	0.007485647	0.003236533	0.0007410794	0.0007410794	0.04493189	0.04493189	0.01025651	0.003847711	0.210874	0.00472766	0.240097	0.544302
4743	-75.6892	-86.9142	11.225	1	1	1	0	0.005821129	0.005821129	0.0007410794	0.0007410794	0.04493189	0.04493189	0.01773584	0.008637577	0.0576265	0.00521905	0.336279	0.600876
4744	-74.92743	-87.06164	12.13421	1	1	1	0	0.004182884	0.004182884	0.0007410794	0.0007410794	0.04759889	0.04759889	0.01607577	0.004068187	0.0706156	0.0275625	0.165507	0.736315
4745	-79.58578	-90.4235	10.83772	1	1	1	1	0.006500204	0.006500204	0.0007410794	0.0007410794	0.02722863	0.02722863	0.01607577	0.01607577	0.233828	0.0912672	0.54804	0.126865
4746	-74.65376	-90.87298	16.21922	0	1	1	1	0.006363549	0.000876676	0.001943459	0.001943459	0.03367439	0.03367439	0.006442194	0.006442194	0.507976	0.198272	0.0181455	0.275606
4747	-69.08574	-89.70826	20.62251	0	0	1	1	0.01022671	0.000791232	0.0008528495	0.001662876	0.03367439	0.03367439	0.006442194	0.006442194	0.311426	0.121555	0.398052	0.168967
4748	-68.99523	-87.4045	18.40927	0	0	1	1	0.01022671	0.0001743186	0.001003918	7.831824e-05	0.04838471	0.04838471	0.006442194	0.006442194	0.311426	0.121555	0.398052	0.168967
4749	-69.49545	-88.02669	18.53124	0	1	0	0	0.008112329	0.004060187	0.0001847614	0.0001847614	0.04838471	0.01014708	0.02093185	0.003328723	0.311426	0.121555	0.398052	0.168967
4750	-67.39111	-90.52127	23.13016	0	1	0	0	0.008112329	0.004060187	0.0003061867	0.0003061867	0.03791115	0.007142662	0.007287115	0.004023879	0.311426	0.121555	0.398052	0.168967
4751	-68.3277	-85.87587	17.54818	0	0	1	1	0.008112329	0.001047415	0.0005129062	0.004734585	0.04483896	0.04483896	0.01198949	0.01198949	0.324681	0.0841678	0.414993	0.176158
4752	-74.14096	-86.91812	12.77716	0	1	1	1	0.008112329	0.0002497491	0.001138516	0.001138516	0.05212682	0.05212682	0.007361656	0.007361656	0.510029	0.132216	0.0810344	0.27672
4753	-76.39909	-89.09082	12.69174	1	0	1	1	0.008112329	0.008112329	0.001138516	0.0007383898	0.05212682	0.05212682	0.007361656	0.007361656	0.572443	0.106634	0.0726919	0.248231
4754	-66.56803	-88.67898	22.11094	0	0	0	1	0.01028072	0.0003729671	0.001138516	0.0008798962	0.05212682	0.002512909	0.007361656	0.007361656	0.572443	0.106634	0.0726919	0.248231
4755	-64.61402	-87.46683	22.85281	0	0	0	1	0.005725882	0.0001508743	0.001149323	0.001078356	0.0320302	0.01442347	0.01587187	0.01587187	0.0219137	0.323414	0.645169	0.00950255
4756	-67.80345	-87.83489	20.03144	0	1	0	1	0.005725882	0.0001508743	0.001149323	0.001149323	0.03336643	0.001517747	0.01512098	0.01512098	0.0377904	0.557731	0.388091	0.0163872
4757	-69.61724	-88.99248	19.37523	0	1	1	0	0.01156989	0.0001508743	0.001882262	0.001882262	0.03336643	0.03336643	0.007692119	0.006123204	0.0277517	0.261394	0.69882	0.0120341
4758	-68.33462	-86.98536	18.65074	0	0	1	1	0.01156989	0.0001508743	0.0002640054	5.947588e-05	0.03817036	0.03817036	0.01471436	0.01471436	0.0277517	0.261394	0.69882	0.0120341
4759	-69.03545	-90.68377	21.64832	0	0	1	1	0.004547068	0.0005144008	0.0002640054	3.356383e-05	0.0230068	0.0230068	0.01941673	0.01941673	0.0277517	0.261394	0.69882	0.0120341
4760	-68.34646	-86.30798	17.96152	0	0	1	0	0.01285387	0.001458694	0.0002640054	0.01377533	0.05093881	0.05093881	0.01460015	0.004517628	0.207354	0.140705	0.645464	0.00647781
4761	-78.68608	-86.75727	8.071186	1	1	1	0	0.005050619	0.005050619	0.00183339	0.00183339	0.05093881	0.05093881	0.01460015	0.0234846	0.293155	0.125474	0.575594	0.00577661
4762	-76.01588	-87.61657	11.60069	1	1	1	0	0.005050619	0.005050619	0.002305884	0.002305884	0.04568815	0.04568815	0.01563174	0.007042177	0.293155	0.125474	0.575594	0.00577661
4763	-75.0617	-90.0791	15.01739	0	1	1	1	0.002681558	0.001280796	0.002305884	0.002305884	0.03427482	0.03427482	0.01563174	0.01563174	0.288469	0.120014	0.550546	0.0409716
4764	-59.57905	-86.01818	26.43913	0	0	0	0	0.006198266	0.0001440431	0.001957084	0.002733839	0.04777183	0.0003499233	0.01485506	0.005443051	0.3378	0.140537	0.495553	0.0261101
4765	-68.85099	-86.72199	17.871	0	1	0	1	0.006249132	2.170288e-05	0.001201025	0.001201025	0.03858858	0.008473595	0.01485506	0.01485506	0.389168	0.161908	0.418844	0.0300805
4766	-67.44665	-85.87261	18.42595	0	1	1	0	0.007080683	0.0002020634	0.0008855831	0.0008855831	0.03858858	0.03858858	0.01632631	0.003131523	0.102361	0.105165	0.772936	0.0195384
4767	-72.95952	-88.64562	15.68611	0	1	1	1	0.007080683	5.720782e-05	0.0008855831	0.0008855831	0.02799992	0.02799992	0.01632631	0.01632631	0.18247	0.18747	0.189716	0.440344
4768	-71.2336	-94.42382	23.19022	0	1	1	0	0.007080683	0.0001185456	0.0008855831	0.0008855831	0.01354605	0.01354605	0.01632631	0.001005655	0.18587	0.172329	0.193251	0.44855
4769	-70.20116	-98.69827	28.49711	0	1	0	0	0.005700687	0.0003239029	0.0008855831	0.0008855831	0.007564442	0.0110116	0.01164066	0.001017294	0.0963768	0.0893558	0.581687	0.232581
4770	-76.90381	-99.49563	22.59182	0	1	0	1	0.0103242	0.001603623	0.001219877	0.001219877	0.007564442	0.01003289	0.01164066	0.01164066	0.0640972	0.0969538	0.599318	0.239631
4771	-75.91088	-100.7842	24.8733	0	1	0	1	0.01019677	0.0002865094	0.001049784	0.001049784	0.007564442	0.001409492	0.00882849	0.00882849	0.491142	0.0908119	0.193595	0.22445
4772	-68.64037	-86.50453	17.86416	0	1	1	0	0.008877626	0.0002865094	0.001049784	0.001049784	0.04000512	0.04000512	0.01354319	0.005665983	0.2973	0.0549705	0.117188	0.530542
4773	-72.60642	-88.35308	15.74665	0	0	1	1	0.008877626	0.002123422	0.001377667	0.003873135	0.04000512	0.04000512	0.02528354	0.02528354	0.18516	0.420673	0.0637428	0.330424
4774	-68.23787	-89.47131	21.23344	0	1	0	0	0.008877626	0.004010201	0.001377667	0.001377667	0.04000512	0.005855691	0.01888854	0.0006780127	0.301601	0.48925	0.127926	0.0812227
4775	-77.7755	-91.19506	13.41957	1	1	0	1	0.004541869	0.004541869	0.002801256	0.002801256	0.0356611	0.005854135	0.01645611	0.01645611	0.113719	0.620867	0.162341	0.103073
4776	-70.88468	-91.52718	20.64249	1	0	0	1	0.004541869	0.004541869	0.0009397538	0.001528669	0.02764208	0.005856687	0.01302691	0.01302691	0.17752	0.310217	0.351362	0.160901
4777	-71.15064	-90.28811	19.13748	1	0	1	0	0.009403244	0.009403244	0.0002056686	0.0004723724	0.03621699	0.03621699	0.01302691	0.002819595	0.208828	0.188564	0.413329	0.189278
4778	-62.64485	-90.44363	27.79878	0	0	0	0	0.009403244	1.770148e-05	0.006636877	0.0006180502	0.03621699	0.00948747	0.008562768	0.000732727	0.208828	0.188564	0.413329	0.189278
4779	-62.91056	-88.78349	25.87293	0	0	0	0	0.006854555	1.770148e-05	0.004811615	0.0006134262	0.03621699	0.001339729	0.02136616	0.01147164	0.200841	0.225685	0.346935	0.226539
4780	-67.89375	-89.45423	21.56048	0	0	1	0	0.006854555	4.754303e-05	0.001234962	0.008182593	0.02805553	0.02805553	0.02136616	0.01208084	0.356565	0.190715	0.293178	0.159543
4781	-67.5035	-88.12921	20.62571	0	0	0	1	0.007595199	0.0001365067	0.001234962	0.00733657	0.04248143	0.005545536	0.01883894	0.01883894	0.156479	0.0836954	0.128661	0.631164
4782	-65.85309	-88.60014	22.74705	0	0	0	1	0.007595199	0.001039733	0.001234962	0.003708149	0.0347764	0.008465875	0.01421461	0.01421461	0.146597	0.0784096	0.183691	0.591303
4783	-68.24701	-86.21929	17.97227	0	0	0	1	0.009434041	0.0001495506	0.001234962	0.006559742	0.05828949	0.008464559	0.01421461	0.01421461	0.146597	0.0784096	0.183691	0.591303
4784	-74.1464	-84.18151	10.0351	0	1	1	1	0.009434041	0.0002527692	0.0005842766	0.0005842766	0.05828949	0.05828949	0.01611326	0.01611326	0.146597	0.0784096	0.183691	0.591303
4785	-75.18427	-87.10195	11.91768	0	1	1	1	0.009434041	0.001015695	0.003964397	0.003964397	0.04607173	0.04607173	0.01341949	0.01341949	0.231668	0.123912	0.290289	0.354131
4786	-73.85655	-86.16667	12.31012	0	1	1	1	0.009434041	0.0007639529	0.001971385	0.001971385	0.04607173	0.04607173	0.01341949	0.01341949	0.31287	0.233442	0.257092	0.196596
4787	-64.48957	-86.88151	22.39195	0	0	1	0	0.004623797	0.0001875648	0.0008368639	0.001170795	0.04205554	0.04205554	0.01341949	0.01077208	0.314706	0.234812	0.252731	0.19775
4788	-78.89975	-91.53	12.63026	1	0	1	1	0.004623797	0.004623797	0.008408929	0.001770804	0.04205554	0.04205554	0.01297031	0.01297031	0.314706	0.234812	0.252731	0.19775
4789	-74.62546	-88.21568	13.59022	1	1	1	0	0.004623797	0.004623797	0.0009089728	0.0009089728	0.04205554	0.04205554	0.01458782	0.002162192	0.27152	0.20259	0.21805	0.30784
4790	-76.77929	-91.09095	14.31165	1	0	1	1	0.009619235	0.009619235	0.0009089728	0.002369045	0.04205554	0.04205554	0.005258871	0.005258871	0.0451646	0.0336988	0.895236	0.0259008
4791	-73.3742	-90.63501	17.26081	1	1	0	0	0.009619235	0.009619235	0.0009089728	0.0009089728	0.0420128	0.009206711	0.0109551	0.000176618	0.24645	0.183884	0.428333	0.141333
4792	-70.14832	-86.02924	15.88092	0	1	1	0	0.008296012	0.003856285	0.0009089728	0.0009089728	0.05410818	0.05410818	0.0109551	0.002647941	0.202978	0.219959	0.433895	0.143168
4793	-68.32194	-93.57254	25.25061	0	0	1	0	0.008296012	0.004277716	0.00071077	0.01031569	0.02069474	0.02069474	0.0109551	0.001464378	0.210193	0.368608	0.272942	0.148257
4794	-74.42419	-92.57423	18.15003	0	1	1	1	0.004356326	0.001655988	0.0005937194	0.0005937194	0.02069474	0.02069474	0.0109551	0.0109551	0.0684596	0.434756	0.321922	0.174862
4795	-74.92562	-93.12078	18.19517	1	0	1	0	0.00619535	0.00619535	0.0008845314	0.01521252	0.02661716	0.02661716	0.01299865	0.005626626	0.0934854	0.593684	0.0740468	0.238784
4796	-75.04812	-87.6005	12.55238	0	1	1	1	0.006366383	0.002485294	0.0008845314	0.0008845314	0.0511897	0.0511897	0.009348919	0.009348919	0.331381	0.486989	0.0607394	0.12089
4797	-70.53782	-90.32362	19.7858	0	1	0	1	0.01019013	0.001219789	0.0008845314	0.0008845314	0.03470624	0.002086718	0.009348919	0.009348919	0.433102	0.311659	0.0853553	0.169884
4798	-69.13648	-89.44756	20.31108	0	1	1	0	0.01019013	4.849679e-05	0.0008845314	0.0008845314	0.03470624	0.03470624	0.009348919	0.0002533619	0.132277	0.650456	0.072657	0.14461
4799	-60.4553	-89.96777	29.51248	0	0	0	0	0.005852755	0.0002923697	0.00293976	0.002933389	0.03470624	0.0006189858	0.009348919	0.005180938	0.313913	0.170478	0.172426	0.343183
4800	-76.59633	-86.70683	10.1105	1	1	1	0	0.005852755	0.005852755	0.001624977	0.001624977	0.04907488	0.04907488	0.01497422	0.01271572	0.191624	0.104066	0.494818	0.209492
4801	-76.61698	-85.00493	8.387952	0	1	1	1	0.005852755	0.0009125279	0.002832285	0.002832285	0.06459321	0.06459321	0.01990487	0.01990487	0.12397	0.0605899	0.288096	0.527344
4802	-73.05442	-86.47857	13.42415	0	1	1	0	0.005852755	0.001119287	0.0002719926	0.0002719926	0.04267161	0.04267161	0.01990487	0.02500485	0.12397	0.0605899	0.288096	0.527344
4803	-72.82523	-86.22222	13.39698	0	1	1	1	0.005852755	0.001119287	0.0002719926	0.0002719926	0.04267161	0.04267161	0.015528	0.015528	0.092875	0.0453923	0.570385	0.291348
4804	-67.15327	-85.84348	18.69022	0	0	1	1	0.005852755	0.0003999026	0.0002719926	0.001247835	0.04267161	0.04267161	0.01425904	0.01425904	0.112724	0.0273287	0.343404	0.516544
4805	-73.13435	-88.24098	15.10663	0	1	1	1	0.005852755	0.0003999026	0.002699123	0.002699123	0.03445229	0.03445229	0.01226026	0.01226026	0.16573	0.0401796	0.0346503	0.75944
4806	-76.51454	-86.86696	10.35243	0	1	1	1	0.008593494	0.004721426	0.001681075	0.001681075	0.04676238	0.04676238	0.02110035	0.02110035	0.214203	0.0519315	0.0447849	0.68908
4807	-68.21446	-87.58685	19.37239	0	0	1	0	0.01156816	0.004721426	0.0004012564	0.0004246868	0.04523824	0.04523824	0.02110035	0.006884085	0.254179	0.109809	0.0946973	0.541315
4808	-72.33742	-89.6564	17.31898	0	0	1	1	0.0084777	0.0003389336	0.004029744	0.00895032	0.03449503	0.03449503	0.01625499	0.01625499	0.310994	0.301351	0.115864	0.271791
4809	-71.08924	-93.27727	22.18803	0	1	1	0	0.0084777	0.0003389336	0.001574278	0.001574278	0.02054651	0.02054651	0.007926404	0.005831553	0.407729	0.286644	0.11021	0.195417
4810	-76.21832	-89.31475	13.09643	1	1	1	0	0.003665638	0.003665638	0.001574278	0.001574278	0.05229656	0.05229656	0.007926404	0.001699947	0.170027	0.459458	0.126005	0.24451
4811	-69.4974	-87.36005	17.86264	0	1	1	0	0.01010391	0.0008367445	0.001574278	0.001574278	0.04758836	0.04758836	0.007926404	0.001407212	0.0707849	0.19128	0.052458	0.685478
4812	-72.24208	-87.01527	14.77319	0	0	1	1	0.01476662	0.0008367445	0.001574278	0.004591435	0.04758836	0.04758836	0.01775138	0.01775138	0.0716521	0.193623	0.0408497	0.693875
4813	-69.63555	-89.60727	19.97172	0	0	1	0	0.01476662	0.002374444	0.0001742402	0.00642447	0.03484154	0.03484154	0.01775138	0.01057731	0.0957636	0.386193	0.16885	0.349193
4814	-73.92581	-91.09452	17.16871	0	1	1	0	0.01476662	0.005533627	0.0001742402	0.0001742402	0.03484154	0.03484154	0.01775138	0.0003388431	0.384698	0.0497182	0.163989	0.401595
4815	-71.98701	-88.53805	16.55104	0	1	1	0	0.007126859	0.005533627	0.0001742402	0.0001742402	0.04298093	0.04298093	0.01775138	0.003372314	0.562529	0.0727011	0.11601	0.24876
4816	-73.29306	-86.48952	13.19646	0	1	1	1	0.007126859	0.0005289925	0.001703854	0.001703854	0.04747494	0.04747494	0.009755995	0.009755995	0.480019	0.0620375	0.098994	0.35895
4817	-69.71003	-90.96108	21.25105	0	1	1	0	0.007126859	0.0009216622	0.001703854	0.001703854	0.02587855	0.02587855	0.009755995	0.004668058	0.409942	0.0529808	0.084542	0.452535
4818	-70.69613	-87.78233	17.0862	1	0	1	0	0.005585709	0.005585709	0.001703854	0.001447953	0.05356919	0.05356919	0.009755995	0.001815519	0.409942	0.0529808	0.084542	0.452535
4819	-73.18354	-87.68143	14.49789	0	1	1	1	0.008904234	0.000570304	0.001703854	0.001703854	0.03821201	0.03821201	0.009755995	0.009755995	0.347442	0.0585926	0.0934968	0.500468
4820	-70.7476	-89.87729	19.12969	0	1	1	0	0.004972858	0.001095318	0.0002847101	0.0002847101	0.02854907	0.02854907	0.01346599	0.01382135	0.287442	0.0484742	0.0773508	0.586733
4821	-70.1979	-90.74809	20.55019	0	1	0	1	0.00912875	0.001184547	0.001154602	0.001154602	0.02854907	0.0005810216	0.01346599	0.01346599	0.553392	0.0483499	0.0771524	0.321106
4822	-69.61812	-90.04081	20.42268	0	1	0	1	0.00912875	0.001184547	0.001154602	0.001154602	0.0243641	0.005560485	0.01340082	0.01340082	0.333787	0.029163	0.44337	0.19368
4823	-72.16734	-91.93243	19.76509	0	0	1	1	0.0104497	0.001184547	0.002909605	0.003810519	0.02679962	0.02679962	0.01340082	0.01340082	0.834457	0.0164167	0.0400987	0.109028
4824	-71.68219	-90.31566	18.63346	0	0	1	1	0.01127356	0.002417527	0.0006641672	0.004889399	0.03329809	0.03329809	0.01248502	0.01248502	0.834457	0.0164167	0.0400987	0.109028
4825	-65.84105	-86.69008	20.84903	0	0	1	0	0.01127356	0.004298863	0.0004437876	0.002479758	0.04969291	0.04969291	0.009472188	0.004230648	0.0110602	0.0174245	0.776422	0.195093
4826	-68.38165	-88.21264	19.83099	0	1	0	0	0.01127356	0.001655684	0.00304064	0.00304064	0.04969291	0.006111895	0.007482778	0.008457512	0.0167513	0.0263902	0.661381	0.295477
4827	-72.84157	-89.30155	16.45999	0	1	1	1	0.00449812	0.002021441	0.001315317	0.001315317	0.03098057	0.03098057	0.009107612	0.009107612	0.0218734	0.0344596	0.863616	0.0800511
4828	-66.63394	-90.89711	24.26317	0	1	0	0	0.008867588	0.002021441	0.001342375	0.001342375	0.02320323	0.005435366	0.009107612	0.01238497	0.0218734	0.0344596	0.863616	0.0800511
4829	-74.51274	-90.26476	15.75202	0	1	1	1	0.008867588	0.001196021	0.002999719	0.002999719	0.03067914	0.03067914	0.008230218	0.008230218	0.0109585	0.0172642	0.129849	0.841928
4830	-66.09857	-90.27904	24.18047	0	0	1	0	0.008867588	0.005195774	0.002394348	0.001593523	0.03283722	0.03283722	0.008230218	0.003716992	0.044721	0.0704541	0.529907	0.354918
4831	-72.92105	-88.77169	15.85064	0	1	1	1	0.004955503	0.001079186	0.002394348	0.002394348	0.03283722	0.03283722	0.0101423	0.0101423	0.044721	0.0704541	0.529907	0.354918
4832	-68.90424	-88.92358	20.01934	0	1	1	0	0.004449544	0.001353057	0.002394348	0.002394348	0.03283722	0.03283722	0.01101663	0.005049647	0.0554427	0.0873452	0.65695	0.200262
4833	-75.87213	-90.82428	14.95215	1	1	1	0	0.009324976	0.009324976	0.0004873706	0.0004873706	0.03283722	0.03283722	0.01101663	0.002881803	0.0653856	0.103009	0.409708	0.421897
4834	-59.66144	-89.51159	29.85015	0	0	0	0	0.006224069	0.0008744716	0.0003345693	0.0004515822	0.03283722	0.007511335	0.01101663	0.0006919451	0.384844	0.0502	0.199665	0.365291
4835	-68.75014	-88.31198	19.56184	0	0	1	1	0.009535429	0.0008744716	0.0003345693	0.00511905	0.03283722	0.03283722	0.01101663	0.01101663	0.232484	0.0206048	0.0784874	0.668424
4836	-65.32701	-86.96914	21.64212	0	0	1	0	0.006599181	0.00488782	0.0003345693	0.004011594	0.04658213	0.04658213	0.01101663	0.003923258	0.185516	0.0164421	0.264656	0.533386
4837	-80.37961	-89.80134	9.421736	1	1	1	1	0.006599181	0.006599181	0.0003350362	0.0003350362	0.04557238	0.04557238	0.006138596	0.006138596	0.1979	0.0175397	0.282323	0.502238
4838	-80.37596	-87.45017	7.074208	1	1	1	1	0.006599181	0.006599181	0.002380672	0.002380672	0.04557238	0.04557238	0.01752098	0.01752098	0.1979	0.0175397	0.282323	0.502238
4839	-76.75322	-88.44892	11.6957	1	0	0	1	0.006599181	0.006599181	0.003613039	0.0009220322	0.04557238	0.03048466	0.01752098	0.01752098	0.285905	0.104364	0.407869	0.201862
4840	-80.26294	-87.60411	7.34117	1	1	1	1	0.006288484	0.006288484	0.002300835	0.002300835	0.04557238	0.04557238	0.01638447	0.01638447	0.414134	0.00119633	0.292272	0.292398
4841	-80.58916	-89.28967	8.700508	0	1	1	1	0.01479952	0.002749141	0.002300835	0.002300835	0.04557238	0.04557238	0.02688594	0.02688594	0.618014	0.00178529	0.36145	0.018751
4842	-74.91938	-87.25331	12.33393	0	1	1	0	0.01479952	0.002749141	0.001488717	0.001488717	0.05351792	0.05351792	0.02688594	0.001620309	0.179435	0.00383508	0.77645	0.04028
4843	-79.13878	-91.54393	12.40515	0	1	1	1	0.01845649	0.002749141	0.001285143	0.001285143	0.03321366	0.03321366	0.01541257	0.01541257	0.416509	0.219339	0.332988	0.0311645
4844	-64.85624	-89.30243	24.44619	0	1	0	0	0.005613226	0.003056351	0.001353804	0.001353804	0.03321366	0.002594818	0.01402422	0.001459616	0.451855	0.145091	0.382439	0.0206151
4845	-72.66206	-94.88347	22.22142	0	1	0	1	0.005340814	0.003056351	0.001353804	0.001353804	0.01682146	0.008158162	0.009773843	0.009773843	0.3059	0.421238	0.258906	0.0139562
4846	-69.50042	-88.49196	18.99155	0	1	1	0	0.007315212	0.0003752397	0.000588275	0.000588275	0.02833117	0.02833117	0.01441676	0.01195285	0.158848	0.395924	0.422455	0.0227722
4847	-70.07862	-87.40417	17.32554	0	0	1	1	0.007315212	0.0005407423	0.002651093	0.007462078	0.0378472	0.0378472	0.01669283	0.01669283	0.216958	0.174944	0.576996	0.0311026
4848	-69.78357	-90.59732	20.81375	0	0	0	1	0.007315212	0.009705663	0.002651093	0.0007222296	0.0378472	0.007159282	0.01669283	0.01669283	0.216958	0.174944	0.576996	0.0311026
4849	-66.74573	-86.98786	20.24213	0	0	1	0	0.009170498	0.0005681639	0.002651093	0.0006536404	0.04402954	0.04402954	0.02371848	0.004571799	0.275171	0.31753	0.367851	0.039448
4850	-71.39768	-88.03002	16.63234	0	1	0	1	0.006423829	0.0006835825	0.002651093	0.002651093	0.03873656	0.0103509	0.01762836	0.01762836	0.170417	0.196651	0.227816	0.405116
4851	-76.04835	-88.10394	12.05559	0	1	1	1	0.01155191	0.002548574	0.002651093	0.002651093	0.03873656	0.03873656	0.01762836	0.01762836	0.193614	0.0873041	0.258825	0.460257
4852	-77.99514	-90.52227	12.52713	0	1	1	1	0.007065032	0.01226151	0.001886006	0.001886006	0.03873656	0.03873656	0.01047015	0.01047015	0.232583	0.104876	0.31092	0.351621
4853	-71.92304	-92.54091	20.61787	1	1	0	0	0.004132559	0.004132559	0.000312746	0.000312746	0.02977878	0.007046793	0.01047015	0.001935809	0.337417	0.300847	0.209289	0.152447
4854	-75.22117	-90.82206	15.60089	1	1	1	0	0.004132559	0.004132559	0.001326681	0.001326681	0.02977878	0.02977878	0.009348568	0.008250578	0.205171	0.0380374	0.447435	0.309356
4855	-74.029	-90.85942	16.83042	1	0	1	1	0.004132559	0.004132559	0.001326681	0.001117154	0.03061442	0.03061442	0.008613342	0.008613342	0.182637	0.0338598	0.398294	0.385209
4856	-78.72848	-88.88319	10.15471	1	1	1	1	0.004132559	0.004132559	0.0002545957	0.0002545957	0.03872299	0.03872299	0.0113424	0.0113424	0.189369	0.0351079	0.412975	0.362549
4857	-76.80878	-89.56204	12.75326	1	1	1	0	0.003728316	0.003728316	0.0004338988	0.0004338988	0.03872299	0.03872299	0.02575079	0.0004897891	0.164746	0.030543	0.489302	0.315409
4858	-78.09243	-95.28303	17.1906	1	1	0	0	0.003728316	0.003728316	0.005581576	0.005581576	0.02370902	0.0006503649	0.02575079	0.01386095	0.232829	0.0431652	0.706568	0.0174374
4859	-76.23414	-95.56957	19.33543	1	1	0	0	0.004135091	0.004135091	0.005581576	0.005581576	0.02370902	0.001402283	0.02575079	0.0004337273	0.164233	0.0304478	0.498399	0.30692
4860	-77.01508	-94.24102	17.22594	0	1	1	1	0.00325218	9.641234e-05	0.005581576	0.005581576	0.02370902	0.02370902	0.01090256	0.01090256	0.394875	0.0299702	0.27305	0.302105
4861	-79.58746	-96.79052	17.20307	0	1	1	1	0.01451543	7.676373e-05	0.0006995344	0.0006995344	0.02370902	0.02370902	0.004671832	0.004671832	0.638955	0.0484954	0.0176649	0.294885
4862	-76.91599	-86.1317	9.215717	0	1	1	1	0.01451543	2.017829e-05	0.0006995344	0.0006995344	0.06419193	0.06419193	0.009933705	0.009933705	0.542615	0.10465	0.061817	0.290918
4863	-66.09836	-88.45272	22.35436	0	1	0	0	0.009577484	0.0002912741	0.0009183617	0.0009183617	0.04368343	0.002664169	0.009933705	0.006212689	0.670635	0.12934	0.0764016	0.123624
4864	-69.06733	-92.04437	22.97704	0	1	0	1	0.0071907	0.0003971862	0.0002553787	0.0002553787	0.01974061	0.002664635	0.009933705	0.009933705	0.362467	0.0584401	0.523236	0.0558575
4865	-64.32974	-88.85018	24.52044	0	0	0	0	0.0071907	0.000490936	0.004289058	0.007468396	0.04302071	0.01243062	0.0113011	0.004236628	0.220428	0.427407	0.318197	0.0339687
4866	-71.94053	-90.63459	18.69406	0	1	0	0	0.01242671	0.003802201	0.005375152	0.005375152	0.04302071	0.004071696	0.01207158	0.01345022	0.27658	0.111	0.553348	0.0590721
4867	-77.93156	-94.66671	16.73515	0	1	1	1	0.006942113	0.002090824	0.005375152	0.005375152	0.02735166	0.02735166	0.004589332	0.004589332	0.171801	0.229508	0.191865	0.406826
4868	-67.78913	-94.46799	26.67887	0	0	1	0	0.005749857	0.001701511	0.004066176	0.003896461	0.02724741	0.02724741	0.004589332	0.001293902	0.13587	0.181509	0.151738	0.530883
4869	-74.44015	-95.49455	21.0544	0	0	1	1	0.005749857	0.01004448	0.0003116203	0.002530758	0.02724741	0.02724741	0.005295715	0.005295715	0.306491	0.135813	0.160465	0.397231
4870	-77.84969	-91.62738	13.77769	1	1	1	0	0.005749857	0.005749857	0.0001605307	0.0001605307	0.02724741	0.02724741	0.0189115	0.01119668	0.306491	0.135813	0.160465	0.397231
4871	-77.56442	-91.58765	14.02324	1	0	1	1	0.006303027	0.006303027	0.003024008	0.003076201	0.04450031	0.04450031	0.00495789	0.00495789	0.362925	0.322305	0.145023	0.169746
4872	-64.15239	-87.25178	23.09939	0	0	1	0	0.006303027	0.00132183	0.0002101389	0.003076201	0.04450031	0.04450031	0.007989167	0.005618817	0.141754	0.125889	0.0566442	0.675713
4873	-72.46377	-90.18768	17.72392	1	0	1	0	0.005486314	0.005486314	0.001834836	0.004246324	0.04450031	0.04450031	0.006179725	0.007982928	0.309859	0.275179	0.123818	0.291143
4874	-70.73478	-95.18058	24.4458	0	1	0	0	0.005486314	0.002166292	0.006746744	0.006746744	0.03527796	0.002078896	0.002102171	0.007459577	0.222785	0.458095	0.109792	0.209328
4875	-75.03067	-94.88704	19.85638	0	0	1	1	0.01070851	0.001130018	0.006746744	0.002586619	0.03527796	0.03527796	0.001582761	0.001582761	0.222785	0.458095	0.109792	0.209328
4876	-73.30072	-94.41132	21.1106	0	0	1	1	0.007097536	0.001565784	0.006746744	0.002105799	0.0303318	0.0303318	0.003010694	0.003010694	0.222785	0.458095	0.109792	0.209328
4877	-73.25485	-94.22214	20.96729	0	0	1	1	0.005181645	0.00282967	0.006746744	0.002978306	0.0303318	0.0303318	0.003609953	0.003609953	0.57759	0.248971	0.0596711	0.113768
4878	-77.05749	-93.35947	16.30198	1	1	0	1	0.005131776	0.005131776	0.003985998	0.003985998	0.0303318	0.0002628047	0.009114496	0.009114496	0.490125	0.198676	0.220414	0.0907856
4879	-65.61772	-89.74027	24.12255	0	0	1	0	0.01181477	0.00274927	0.001996752	0.0005422013	0.03665367	0.03665367	0.009114496	0.0002958142	0.490125	0.198676	0.220414	0.0907856
4880	-74.24004	-91.99225	17.75221	0	1	0	1	0.01110832	0.00274927	0.001996752	0.001996752	0.02755259	0.006818406	0.01984327	0.01984327	0.222288	0.090106	0.0999648	0.587641
4881	-74.92176	-89.2153	14.29354	0	1	1	1	0.01110832	0.0007852243	0.001025878	0.001025878	0.02755259	0.02755259	0.01984327	0.01984327	0.15053	0.0610186	0.390509	0.397943
4882	-75.57567	-87.66942	12.09375	1	1	1	0	0.004985398	0.004985398	0.0009274042	0.0009274042	0.04266069	0.04266069	0.01984327	0.004481461	0.122356	0.0884577	0.175529	0.613657
4883	-70.14773	-87.07403	16.92631	0	1	1	0	0.005976927	0.0002572356	0.002238298	0.002238298	0.03976852	0.03976852	0.02207038	0.004481461	0.0531164	0.12322	0.0613112	0.762352
4884	-63.91142	-87.58758	23.67617	0	0	0	1	0.005976927	0.0001517453	0.004687237	0.000350443	0.03976852	0.00201939	0.01276604	0.01276604	0.0504643	0.117068	0.738341	0.0941267
4885	-57.74095	-86.51583	28.77488	0	0	0	0	0.005976927	0.0004989873	0.001606321	0.0003662166	0.03976852	0.002020726	0.01276604	0.003088687	0.0674389	0.156446	0.650327	0.125788
4886	-73.94591	-90.82327	16.87737	0	0	1	1	0.007854483	0.01550045	0.001376705	0.0003921107	0.03976852	0.03976852	0.01018049	0.01018049	0.0695497	0.161343	0.670682	0.0984259
4887	-73.66968	-88.79796	15.12828	0	1	1	1	0.007854483	0.001980506	0.001376705	0.001376705	0.02748031	0.02748031	0.01684848	0.01684848	0.0618672	0.253981	0.596598	0.0875537
4888	-75.16089	-89.03327	13.87238	1	0	1	1	0.003995066	0.003995066	0.001376705	0.006372689	0.03413141	0.03413141	0.01684848	0.01684848	0.0185611	0.0761981	0.878973	0.0262674
4889	-66.83059	-90.62017	23.78958	0	0	1	0	0.002582547	0.002143996	0.0003955316	0.001524602	0.03413141	0.03413141	0.01684848	0.007445017	0.118212	0.485292	0.229203	0.167293
4890	-73.67865	-88.64324	14.96458	0	1	1	1	0.004800358	0.0006200958	0.0003726699	0.0003726699	0.03383527	0.03383527	0.01684848	0.01684848	0.325443	0.344917	0.219417	0.110223
4891	-69.85738	-89.02215	19.16478	1	0	1	0	0.004800358	0.004800358	0.000479061	0.0002091125	0.03383527	0.03383527	0.0204881	0.002176713	0.0347907	0.0368725	0.916554	0.0117831
4892	-76.85691	-86.79007	9.933153	1	0	1	1	0.004409994	0.004409994	0.0002166165	0.009708544	0.05043374	0.05043374	0.0204881	0.0204881	0.0347907	0.0368725	0.916554	0.0117831
4893	-72.33791	-93.49441	21.1565	0	1	1	0	0.002595913	0.001617118	5.331841e-05	5.331841e-05	0.02311732	0.02311732	0.01986941	0.00334273	0.0347907	0.0368725	0.916554	0.0117831
4894	-74.0384	-92.04184	18.00344	1	0	0	1	0.002595913	0.002595913	0.001019188	0.009126077	0.03272645	0.003294507	0.01986941	0.01986941	0.0248027	0.0262869	0.653423	0.295488
4895	-71.30357	-90.37085	19.06728	0	1	0	1	0.002595913	0.001695633	0.001019188	0.001019188	0.03456034	0.003296727	0.01937851	0.01937851	0.0227386	0.0240992	0.599044	0.354118
4896	-79.52842	-89.47918	9.950759	1	1	1	1	0.00516146	0.00516146	0.0005393822	0.0005393822	0.03053979	0.03053979	0.01937851	0.01937851	0.0205672	0.0217979	0.509134	0.4485
4897	-65.41959	-86.25379	20.83419	0	0	0	1	0.005115175	0.000683145	0.0005393822	0.002583663	0.04685211	0.006824612	0.01937851	0.01937851	0.0312393	0.0331086	0.773318	0.162334
4898	-78.95739	-89.49946	10.54207	0	1	1	1	0.01634904	0.002228248	0.003686737	0.003686737	0.04685211	0.04685211	0.01265784	0.01265784	0.012438	0.61503	0.307898	0.0646337
4899	-68.65567	-88.29427	19.6386	0	0	0	1	0.006354276	0.004019418	0.003686737	0.003522185	0.04685211	0.01037075	0.01400996	0.01400996	0.010867	0.405494	0.527169	0.0564699
4900	-77.60682	-93.76674	16.15993	1	1	0	1	0.002634277	0.002634277	0.0003926133	0.0003926133	0.02628464	0.01037594	0.009951957	0.009951957	0.00907107	0.338481	0.264248	0.3882
4901	-72.27544	-91.41865	19.14321	0	1	0	1	0.002634277	0.001439972	0.0003926133	0.0003926133	0.03844042	0.01037632	0.00882836	0.00882836	0.0084631	0.315795	0.246538	0.429204
4902	-62.87375	-90.49094	27.61719	0	0	0	0	0.003681088	0.003785679	0.004037368	0.0004043931	0.0416287	0.0008288326	0.00882836	0.009520068	0.00317165	0.118348	0.744481	0.133999
4903	-73.82729	-89.60997	15.78269	1	0	1	1	0.00596779	0.00596779	0.001307122	0.0003356765	0.03594914	0.03594914	0.008237538	0.008237538	0.00400395	0.149405	0.460446	0.386145
4904	-69.18095	-87.65153	18.47059	0	1	1	0	0.00596779	0.0040577	0.000613994	0.000613994	0.04076965	0.04076965	0.01379606	0.0007542307	0.00844352	0.315065	0.292604	0.383888
4905	-78.67761	-87.66188	8.984275	1	1	1	1	0.00596779	0.00596779	0.000613994	0.000613994	0.04076965	0.04076965	0.01379606	0.01379606	0.0794607	0.114104	0.348808	0.457627
4906	-71.18176	-90.79826	19.6165	1	1	0	0	0.00596779	0.00596779	0.002273742	0.002273742	0.03618548	3.825361e-05	0.01140247	0.003536997	0.0618948	0.535333	0.346217	0.0565554
4907	-68.7639	-88.57304	19.80914	0	1	0	1	0.00596779	0.001285538	0.002273742	0.002273742	0.03618548	0.001187774	0.01140247	0.01140247	0.0667168	0.499132	0.37319	0.0609614
4908	-62.30397	-88.80816	26.50419	0	0	0	0	0.01380916	0.001285538	0.003138826	0.002222059	0.03697441	0.001187774	0.01784053	0.002622674	0.111054	0.0391566	0.748316	0.101474
4909	-61.38035	-90.63483	29.25448	0	0	0	0	0.003756443	0.001842589	0.003138826	0.00281974	0.03697441	0.002234676	0.008397971	0.004184433	0.0849316	0.0299462	0.572297	0.312825
4910	-68.14036	-88.46368	20.32332	0	1	0	1	0.005305362	0.001487327	0.0009625407	0.0009625407	0.03697441	0.002234068	0.008397971	0.008397971	0.10998	0.038778	0.74108	0.110163
4911	-77.31407	-92.40811	15.09405	1	1	0	1	0.005305362	0.005305362	0.004100075	0.004100075	0.03569958	0.002233336	0.008397971	0.008397971	0.289603	0.102112	0.318201	0.290084
4912	-60.58519	-88.47966	27.89448	0	0	0	0	0.005777702	0.002071551	0.004100075	9.727759e-06	0.04729569	0.002233336	0.008397971	0.001242374	0.173334	0.0611163	0.544662	0.220887
4913	-74.59357	-91.16458	16.57101	1	0	0	1	0.004016355	0.004016355	0.00549728	0.001212569	0.05054379	0.008183235	0.007371902	0.007371902	0.271988	0.0959009	0.285505	0.346605
4914	-69.28631	-92.91844	23.63213	0	1	0	0	0.01003753	0.001113465	0.005146753	0.005146753	0.0270952	0.006266482	0.007371902	0.008940846	0.16384	0.0577687	0.569604	0.208788
4915	-67.26419	-88.76859	21.50441	0	0	1	0	0.01003753	0.001113465	0.005146753	0.000201391	0.04263783	0.04263783	0.01104144	0.00796451	0.437978	0.154428	0.0733295	0.334265
4916	-64.72584	-87.19949	22.47365	0	0	1	0	0.01003753	0.002902409	0.0006457923	0.0001616251	0.04263783	0.04263783	0.01104144	0.005172135	0.209005	0.172171	0.415631	0.203193
4917	-70.59628	-89.23093	18.63465	0	0	0	1	0.01003753	0.005093773	0.0004690616	0.008972826	0.04263783	0.01630565	0.01104144	0.01104144	0.241669	0.22046	0.361259	0.176612
4918	-70.94665	-87.63357	16.68691	0	1	1	0	0.01003753	0.005655394	0.0006122873	0.0006122873	0.04263783	0.04263783	0.01586161	0.001357505	0.296224	0.203615	0.442812	0.0573491
4919	-74.39294	-87.11799	12.72506	0	1	1	1	0.01012619	0.0003867055	0.002112448	0.002112448	0.04886672	0.04886672	0.007795046	0.007795046	0.384524	0.168509	0.372523	0.074444
4920	-70.58554	-86.44664	15.86111	0	1	1	0	0.00989356	0.0003867055	0.002112448	0.002112448	0.04276981	0.04276981	0.02132081	0.004402485	0.249511	0.0529148	0.300434	0.397141
4921	-66.77845	-87.76145	20.983	0	0	0	1	0.00989356	0.0009834321	0.002112448	0.0007408293	0.04276981	0.003511256	0.02111407	0.02111407	0.1	0.424119	0.18885	0.28703
4922	-75.38654	-86.82854	11.442	0	1	1	1	0.009967667	0.0009834321	0.001791313	0.001791313	0.04276981	0.04276981	0.02111407	0.02111407	0.108732	0.386866	0.205341	0.299062
4923	-71.34105	-86.66696	15.32591	0	0	1	1	0.009967667	0.0004618745	0.001564896	0.006486847	0.04435186	0.04435186	0.02111407	0.02111407	0.115334	0.353243	0.187495	0.343928
4924	-66.23745	-86.94348	20.70603	0	0	1	0	0.009967667	0.0004618745	0.002961845	0.005590292	0.05298257	0.05298257	0.0104099	0.000335533	0.309044	0.218657	0.166635	0.305664
4925	-77.34492	-86.48599	9.141069	0	1	1	1	0.01283043	0.002596011	0.0007624786	0.0007624786	0.05298257	0.05298257	0.02061628	0.02061628	0.309044	0.218657	0.166635	0.305664
4926	-74.3171	-87.95514	13.63804	0	1	1	1	0.006216427	0.0008267618	0.0007624786	0.0007624786	0.03564285	0.03564285	0.02061628	0.02061628	0.525424	0.100084	0.145683	0.228809
4927	-74.83784	-96.45607	21.61822	1	0	0	0	0.006216427	0.006216427	0.0007624786	0.0112616	0.0168772	0.01797442	0.02061628	0.003783467	0.525424	0.100084	0.145683	0.228809
4928	-74.36235	-88.14371	13.78137	0	1	0	1	0.01059253	0.001541008	0.001340869	0.001340869	0.04071195	0.01797944	0.02061628	0.02061628	0.525424	0.100084	0.145683	0.228809
4929	-71.54969	-89.58444	18.03475	0	0	1	1	0.01259997	0.003448888	0.001340869	0.00222976	0.04071195	0.04071195	0.008120993	0.008120993	0.558489	0.0434528	0.154851	0.243208
4930	-68.94008	-89.83389	20.89381	0	0	0	1	0.008898309	0.001159139	0.004412279	0.002486078	0.04071195	0.01584684	0.008120993	0.008120993	0.558489	0.0434528	0.154851	0.243208
4931	-65.52722	-94.53151	29.00429	0	0	0	0	0.009368125	0.0001801208	0.004412279	0.002486078	0.0253395	0.01584191	0.004190333	0.002961876	0.633061	0.0361136	0.128696	0.20213
4932	-67.11221	-94.46726	27.35505	0	0	0	0	0.01254293	0.001174293	0.004412279	0.007058185	0.0253395	0.008370309	0.0115774	0.003739097	0.345656	0.432162	0.0776501	0.144532
4933	-80.45679	-90.82882	10.37203	1	0	1	1	0.01036159	0.01036159	0.002383855	0.01282992	0.04559384	0.04559384	0.0115774	0.0115774	0.167688	0.549701	0.0987694	0.183842
4934	-73.47913	-86.80875	13.32962	0	1	1	1	0.005024741	0.001855448	0.001777536	0.001777536	0.04559384	0.04559384	0.0115774	0.0115774	0.196387	0.15095	0.0534083	0.599255
4935	-74.66448	-90.76759	16.10311	0	1	1	1	0.009528856	0.002312795	0.001777536	0.001777536	0.02687739	0.02687739	0.009467862	0.009467862	0.0203554	0.235284	0.210364	0.533997
4936	-80.22901	-87.53276	7.303748	1	1	1	1	0.003687716	0.003687716	0.0004106913	0.0004106913	0.05719396	0.05719396	0.009467862	0.009467862	0.0166674	0.373835	0.17225	0.437248
4937	-75.07111	-86.00977	10.93866	0	1	1	1	0.003538927	0.0001209275	0.0004106913	0.0004106913	0.05719396	0.05719396	0.01824091	0.01824091	0.0168745	0.37848	0.161965	0.442681
4938	-72.14889	-84.81796	12.66907	0	1	1	0	0.006938552	0.0010811	0.0004106913	0.0004106913	0.05867327	0.05867327	0.01824091	0.01379999	0.0168745	0.37848	0.161965	0.442681
4939	-69.85197	-89.65354	19.80157	0	1	1	0	0.007040136	0.001965958	0.0004106913	0.0004106913	0.02724703	0.02724703	0.01824091	0.003441406	0.0220219	0.188893	0.21137	0.577716
4940	-72.9168	-86.53325	13.61644	0	1	1	0	0.0036044	0.001547746	0.00259734	0.00259734	0.05624202	0.05624202	0.01824091	0.01149304	0.0220219	0.188893	0.21137	0.577716
4941	-78.15696	-87.40161	9.24465	0	1	1	1	0.003394428	0.001547746	0.00259734	0.00259734	0.05624202	0.05624202	0.02541375	0.02541375	0.0222741	0.191056	0.213791	0.572879
4942	-77.0079	-85.88857	8.880673	0	1	1	1	0.01338749	0.001547746	0.00259734	0.00259734	0.05624202	0.05624202	0.01750266	0.01750266	0.0191314	0.1641	0.183627	0.633141
4943	-69.60582	-87.84854	18.24271	0	1	1	0	0.006462545	0.001547746	0.00259734	0.00259734	0.04526915	0.04526915	0.01026954	0.001116551	0.0175995	0.668497	0.168923	0.144981
4944	-82.50622	-91.23861	8.732386	1	1	1	1	0.002445311	0.002445311	0.00259734	0.00259734	0.05207607	0.05207607	0.005469601	0.005469601	0.0300415	0.278564	0.63098	0.0604141
4945	-77.93477	-90.58147	12.6467	1	1	1	0	0.006317647	0.006317647	0.00259734	0.00259734	0.05207607	0.05207607	0.004524243	0.004220042	0.0232353	0.439441	0.488026	0.0492982
4946	-63.62624	-92.4861	28.85986	0	0	0	0	0.00658201	0.004522535	0.002415175	0.0001881454	0.02619063	0.002925871	0.006351432	0.01643057	0.038746	0.0652408	0.813806	0.0822071
4947	-81.59746	-96.33951	14.74205	1	1	1	1	0.004906172	0.004906172	0.0006071362	0.0006071362	0.01634789	0.01634789	0.006351432	0.006351432	0.0361072	0.0607977	0.758383	0.144712
4948	-67.02309	-95.24355	28.22046	0	0	1	0	0.005691261	0.0009979449	0.001691193	0.008080407	0.01634789	0.01634789	0.006351432	0.0005664965	0.0361072	0.0607977	0.758383	0.144712
4949	-66.00672	-92.30523	26.29852	0	0	0	1	0.009390593	0.0004337508	0.001691193	0.0001050307	0.01574196	0.008235198	0.01512256	0.01512256	0.0361072	0.0607977	0.758383	0.144712
4950	-63.39917	-85.47942	22.08025	0	0	1	0	0.007774542	0.0004337508	0.001676826	0.0001878487	0.04207163	0.04207163	0.01512256	0.007581895	0.0706371	0.0586197	0.731215	0.139528
4951	-64.46367	-86.62547	22.1618	0	0	1	0	0.01028371	0.0004337021	0.001676826	0.004325137	0.04963435	0.04963435	0.0075386	0.0004902719	0.0706371	0.0586197	0.731215	0.139528
4952	-74.91191	-86.24713	11.33522	0	1	1	1	0.01028371	0.002029205	0.0009437834	0.0009437834	0.05644176	0.05644176	0.0075386	0.0075386	0.12513	0.103841	0.492689	0.27834
4953	-70.5036	-88.45934	17.95574	0	1	0	0	0.01519636	0.00388934	0.001332927	0.001332927	0.05644176	0.0003277529	0.01911669	0.002136705	0.217904	0.0579016	0.274722	0.449473
4954	-70.65693	-88.30428	17.64735	0	1	0	0	0.01519636	0.00388934	0.001320073	0.001320073	0.05644176	0.0003278083	0.02062687	0.002403306	0.190224	0.0505464	0.366854	0.392376
4955	-65.89966	-91.21575	25.31609	0	1	0	0	0.0103017	0.00388934	0.001320073	0.001320073	0.02836489	0.0003280271	0.01016944	0.001966343	0.201653	0.0535835	0.388897	0.355867
4956	-76.15525	-88.41894	12.26369	0	1	1	1	0.01012527	0.002841179	0.001320073	0.001320073	0.04822914	0.04822914	0.009410533	0.009410533	0.877434	0.00822642	0.0597055	0.0546345
4957	-73.28685	-93.80534	20.51849	0	1	1	0	0.006530371	0.002841179	0.006054565	0.006054565	0.02688632	0.02688632	0.007582782	0.004350094	0.879107	0.00633526	0.0598193	0.0547387
4958	-63.63185	-93.92754	30.2957	0	0	0	0	0.005936594	0.002841179	0.006054565	0.003231492	0.02688632	0.001234463	0.007192432	0.004016237	0.893054	0.00502941	0.0584604	0.0434557
4959	-68.15479	-90.32411	22.16932	0	0	1	0	0.005936594	0.002841179	0.006054565	0.003306628	0.04452218	0.04452218	0.007192432	0.004485983	0.672091	0.00378501	0.292115	0.032009
4960	-70.64927	-90.25259	19.60332	1	0	1	0	0.003336843	0.003336843	0.000334136	0.001462196	0.04452218	0.04452218	0.006836457	0.002988308	0.479368	0.00269965	0.495102	0.0228303
4961	-74.21288	-89.12805	14.91517	0	1	1	1	0.008196168	0.0009093927	0.003099542	0.003099542	0.03771795	0.03771795	0.006836457	0.006836457	0.398447	0.00311925	0.572055	0.0263788
4962	-79.05743	-91.07495	12.01751	1	1	0	1	0.007994419	0.007994419	0.004204571	0.004204571	0.03969743	0.01226529	0.009172597	0.009172597	0.068972	0.00053995	0.925922	0.00456623
4963	-70.03624	-88.38077	18.34452	0	0	1	1	0.007994419	0.002363728	0.003609241	0.003305523	0.03635281	0.03635281	0.01305482	0.01305482	0.408703	0.000342922	0.588054	0.00290002
4964	-78.69191	-91.14177	12.44986	1	0	1	1	0.005836179	0.005836179	0.003867868	0.005454685	0.03635281	0.03635281	0.01934973	0.01934973	0.840241	0.00342032	0.127413	0.0289248
4965	-80.45195	-94.50889	14.05694	1	1	1	0	0.004426084	0.004426084	0.003867868	0.003867868	0.03635281	0.03635281	0.0023432	0.0146787	0.846258	0.00344481	0.128326	0.0219711
4966	-75.73187	-91.95833	16.22646	1	1	1	0	0.004106137	0.004106137	0.0007719869	0.0007719869	0.03635281	0.03635281	0.007263427	0.0007644928	0.846258	0.00344481	0.128326	0.0219711
4967	-68.00146	-92.27543	24.27396	0	0	1	0	0.00841045	0.001411869	0.003962582	0.008618245	0.02645922	0.02645922	0.01254213	0.0008963754	0.846258	0.00344481	0.128326	0.0219711
4968	-72.40001	-89.29915	16.89914	0	0	1	1	0.00841045	0.003179531	0.003962582	0.006917896	0.0427189	0.0427189	0.009758831	0.009758831	0.640082	0.0080645	0.300418	0.0514358
4969	-67.76497	-87.10669	19.34172	0	0	1	0	0.00841045	0.0008385406	0.002459484	0.004199802	0.04174035	0.04174035	0.009758831	0.0231062	0.281452	0.0289886	0.504669	0.18489
4970	-64.71953	-87.9264	23.20686	0	0	0	1	0.00841045	0.0001247249	0.002459484	0.002673346	0.04174035	0.005727921	0.007268488	0.007268488	0.209849	0.0216137	0.630684	0.137853
4971	-69.26266	-87.97535	18.71269	0	0	1	1	0.00841045	0.0002766062	0.002459484	0.004419236	0.04174035	0.04174035	0.007268488	0.007268488	0.0972779	0.0606422	0.270385	0.571695
4972	-74.09078	-86.37193	12.28115	0	1	1	1	0.006978218	0.001391215	0.0001928469	0.0001928469	0.04350047	0.04350047	0.01976353	0.01976353	0.0963053	0.0700337	0.267681	0.56598
4973	-82.19249	-94.56176	12.36927	1	1	1	1	0.006978218	0.006978218	0.00221745	0.00221745	0.018532	0.018532	0.01405744	0.01405744	0.0963053	0.0700337	0.267681	0.56598
4974	-72.96358	-89.96186	16.99827	0	1	0	1	0.003880375	0.004848561	0.0003851188	0.0003851188	0.03915988	0.01118567	0.01492155	0.01492155	0.0963053	0.0700337	0.267681	0.56598
4975	-65.76884	-88.04485	22.27601	0	0	1	0	0.004753818	0.002557458	0.0003851188	0.0002453755	0.03915988	0.03915988	0.02043074	0.006196905	0.076784	0.25854	0.213422	0.451254
4976	-65.91609	-88.16943	22.25334	0	0	1	0	0.004753818	0.003407598	0.001089178	0.0003305912	0.03915988	0.03915988	0.02119244	0.003925453	0.076784	0.25854	0.213422	0.451254
4977	-82.44148	-89.74334	7.301859	1	1	1	1	0.008872956	0.008872956	0.001545754	0.001545754	0.03915988	0.03915988	0.02119244	0.02119244	0.565947	0.0483269	0.123853	0.261873
4978	-74.94151	-87.18659	12.24508	0	1	1	1	0.008872956	0.0008116428	0.001995688	0.001995688	0.03915988	0.03915988	0.02119244	0.02119244	0.431549	0.0368505	0.250711	0.28089
4979	-68.01445	-87.85175	19.83731	0	0	1	0	0.007372509	0.004687677	0.001995688	0.002072717	0.04276444	0.04276444	0.02365214	0.005133664	0.360076	0.0414839	0.282233	0.316207
4980	-71.29627	-88.17208	16.8758	0	0	1	1	0.007372509	0.004687677	0.001995688	0.006693864	0.03916536	0.03916536	0.01516661	0.01516661	0.305924	0.0428836	0.291756	0.359437
4981	-71.59641	-85.96073	14.36432	0	1	0	1	0.007168785	0.0006953049	0.001995688	0.001995688	0.04827124	0.01614994	0.01516661	0.01516661	0.418573	0.0774525	0.399188	0.104787
4982	-74.64857	-85.67062	11.02204	0	1	1	1	0.009641175	0.0003845013	0.001995688	0.001995688	0.04827124	0.04827124	0.01873585	0.01873585	0.418573	0.0774525	0.399188	0.104787
4983	-67.3248	-86.99348	19.66868	0	0	1	0	0.009641175	0.0003845013	0.003484092	0.008764776	0.04827124	0.04827124	0.01649318	0.001604444	0.254093	0.0470173	0.242326	0.456564
4984	-68.30456	-85.93584	17.63128	0	0	1	1	0.009641175	0.0008027376	0.0006275133	0.001399812	0.04212138	0.04212138	0.01616769	0.01616769	0.148546	0.0274868	0.16392	0.660047
4985	-79.80548	-87.97179	8.166306	1	1	1	1	0.007193506	0.007193506	0.0003437604	0.0003437604	0.04212138	0.04212138	0.01616769	0.01616769	0.267394	0.0268642	0.0606461	0.645096
4986	-76.87618	-88.12918	11.253	1	0	1	1	0.007117822	0.007117822	0.0003437604	0.008441558	0.04212138	0.04212138	0.01968283	0.01968283	0.385059	0.0225495	0.0509056	0.541486
4987	-72.71822	-88.35032	15.6321	0	1	1	1	0.007117822	0.0005771789	0.001077242	0.001077242	0.0341898	0.0341898	0.009696589	0.009696589	0.385059	0.0225495	0.0509056	0.541486
4988	-67.77909	-88.61206	20.83298	0	0	1	1	0.007117822	0.0005771789	0.0008171844	0.001839673	0.03239795	0.03239795	0.009696589	0.009696589	0.294556	0.0142423	0.032152	0.65905
4989	-72.77731	-93.7835	21.00619	1	0	0	0	0.008535123	0.008535123	0.0008171844	0.0003097202	0.02679464	0.02341032	0.01774372	0.003382057	0.36625	0.508571	0.0399778	0.0852004
4990	-76.08796	-90.3679	14.27995	0	1	0	1	0.008535123	0.004185997	0.0008743864	0.0008743864	0.03515571	0.02343523	0.01774372	0.01774372	0.36625	0.508571	0.0399778	0.0852004
4991	-74.80751	-93.21923	18.41172	1	0	0	1	0.008535123	0.008535123	0.0008743864	0.0005708858	0.03515571	0.003416324	0.01774372	0.01774372	0.469467	0.425742	0.0334668	0.0713241
4992	-66.97151	-91.67603	24.70452	0	1	0	0	0.008535123	0.002211037	0.0008743864	0.0008743864	0.03515571	0.003417668	0.008783789	0.00086034	0.51986	0.385303	0.0302879	0.0645494
4993	-65.02206	-92.31349	27.29143	0	0	0	0	0.01228517	0.002211037	0.002858435	0.005585001	0.03515571	0.004191842	0.01116979	0.001120895	0.148418	0.656367	0.0515957	0.143619
4994	-71.04899	-89.43647	18.38748	0	1	0	1	0.009225391	0.003301403	0.003389323	0.003389323	0.03515571	0.004193179	0.01116979	0.01116979	0.0678547	0.120013	0.746471	0.0656608
4995	-67.77963	-89.06863	21.289	0	1	0	0	0.01166527	0.003301403	0.002159635	0.002159635	0.03515571	0.01285279	0.01116979	0.003070453	0.0790274	0.102909	0.761761	0.0563027
4996	-63.47136	-92.55618	29.08481	0	0	0	0	0.01166527	0.003301403	0.002903107	0.0001019391	0.02282353	0.008603081	0.01116979	0.003751506	0.052695	0.401826	0.507937	0.0375423
4997	-69.65576	-91.21415	21.55839	0	1	1	0	0.008333038	0.001349668	0.002903107	0.002903107	0.02282353	0.02282353	0.01148913	0.001398487	0.0510189	0.389045	0.491781	0.0681549
4998	-63.38125	-89.8087	26.42746	0	0	1	0	0.008333038	0.001349668	0.0009201882	0.001411353	0.02436209	0.02436209	0.01262874	0.0009776595	0.0510189	0.389045	0.491781	0.0681549
4999	-73.43099	-89.85477	16.42378	0	1	1	1	0.008333038	0.0009235458	0.001882752	0.001882752	0.02436209	0.02436209	0.01262874	0.01262874	0.051163	0.390144	0.493171	0.0655224
5000	-75.30191	-93.10033	17.79842	0	1	1	1	0.003594294	0.0009235458	0.002996337	0.002996337	0.0243636	0.0243636	0.008389347	0.008389347	0.104704	0.265748	0.23639	0.393158
